0
1
3
2
4
5
194
195
193
192
190
191
189
188
186
187
185
184
182
183
181
180
178
179
177
176
174
175
173
172
170
171
169
168
166
167
165
164
162
163
161
160
158
159
157
156
154
155
153
152
1781
1782
1783
1784
1785
1786
1787
1788
1789
1790
1791
1792
1793
1794
1795
1796
1797
1798
1799
1800
1801
1802
1803
1804
1805
1806
1433
1807
1808
1809
1810
1811
1812
1813
1814
1815
1816
1817
1818
1819
1820
1821
1822
1823
1434
1348
1347
1346
1345
1344
1343
1342
1341
1340
1339
1338
1337
1336
1335
1334
1333
1332
1331
1330
1432
1329
1328
1327
1326
1325
1324
1323
1322
1321
1320
1319
1318
1317
1316
1431
1315
1314
1313
1312
1311
1310
1309
1308
1430
1307
1306
1305
1304
1303
1302
1301
1300
1299
1298
1297
1296
1295
1294
1293
1292
1291
1290
1289
1288
1287
1286
1428
1285
1284
1283
1282
1281
1280
1279
1278
1427
1429
1780
1779
1778
1777
1776
1775
1774
1773
1772
1771
1770
1769
1768
1767
1766
1765
1764
1763
1762
1761
1760
1759
1758
1757
1756
1755
1754
1753
1752
1751
1750
1749
1748
1747
1426
1746
1745
1744
1743
1742
1741
1740
1739
1738
1737
1736
1735
1734
1733
1732
1424
1731
1730
1729
1728
1727
1726
1725
1724
1723
1722
1721
1720
1719
1718
1717
1716
1715
1714
1713
1712
1711
1710
1709
1708
1707
1706
1705
1704
1703
1702
1421
1701
1700
1699
1698
1697
1696
1695
1694
1693
1692
1419
1418
1691
1690
1689
1688
1687
1417
1686
1685
1684
1683
1682
1681
1680
1679
1678
1677
1676
1675
1674
1673
1672
1671
1670
1413
1412
1411
1669
1668
1667
1666
1665
1664
1663
1662
1661
1660
1659
1658
1657
1656
1655
1654
1653
1652
1651
1650
1649
1648
1647
1646
1645
1644
1643
1642
1403
1641
1640
1639
1638
1637
1636
1635
1634
1633
1632
1631
1630
1629
1628
1627
1626
1625
1624
1623
1622
1621
1620
1619
1618
1617
1616
1615
1614
1613
1612
1611
1610
1609
1608
1607
1606
1605
1604
1603
1602
1601
1600
1599
1598
1597
1596
1595
1594
1593
1592
1591
1590
1589
1588
1587
1586
1585
1584
1583
1582
1581
1580
1579
1578
1577
1576
1575
1574
1573
1572
1571
1570
1569
1568
1567
1382
1384
1386
1381
1378
1377
1376
1375
1374
1370
1371
1566
1565
1564
1563
1562
1561
1560
1559
1558
1557
1556
1555
1554
1553
1552
1551
1550
1549
1548
1547
1546
1545
1544
1543
1542
1541
1540
1539
1538
1537
1536
1535
1534
1533
1532
1531
1530
1529
1528
1527
1361
1526
1525
1524
1523
1522
1521
1520
1519
1518
1517
1516
1515
1514
1513
1512
1511
1510
1509
1508
1507
1506
1505
1504
1503
1502
1501
1500
1499
1498
1497
1496
1495
1494
1493
1492
1491
1490
1489
1488
1487
1486
1485
1484
1483
1482
1481
1480
1479
1478
1477
1476
1475
1474
1473
1472
1471
1470
1469
1468
1467
1466
1465
1464
1463
1462
1461
1460
1459
1458
1457
1456
1455
1454
1453
1452
1451
1450
1449
1448
1447
1446
1349
1445
1444
1443
1442
1441
1440
1439
1438
1437
1436
1435
1006
1007
1008
1009
1010
1011
1012
1013
1014
1015
1016
1017
1018
1019
1020
1021
1022
1023
1024
1025
1026
1027
1028
1029
1030
1031
1032
1033
1034
1035
1036
1037
1038
1039
1040
1041
1042
1043
1044
1045
1046
1047
1048
1049
1050
1051
1052
1350
1053
1054
1055
1056
1057
1058
1059
1060
1061
1062
1063
1064
1065
1066
1067
1068
1069
1070
1071
1072
1073
1074
1351
1352
1353
1075
1076
1077
1078
1079
1080
1081
1082
1083
1084
1085
73790
73783
73776
73769
73762
73755
73748
73741
73742
73749
73756
73763
73770
73777
73784
73791
73792
73994
73993
73785
73778
73992
73991
73771
73764
73990
73989
73757
73750
73988
73987
73743
73736
73735
73734
73733
73732
73716
73717
73699
73698
73697
73715
73731
73730
73714
73713
73729
73728
73727
73726
73710
73692
73691
73674
73675
73676
73693
73711
73712
73694
73677
73678
73695
73696
73679
73680
73681
73682
73666
73683
73700
73718
73719
73701
73684
73667
73661
73655
73649
73644
73660
73654
73648
73643
73637
73631
73625
73626
73632
73638
73978
73979
73980
73981
73982
73983
73984
73985
73986
73702
73720
67877
67878
67896
67895
62743
67913
62744
67920
62745
67927
62746
67934
62747
67941
62748
67948
62749
67955
62750
67962
67963
67964
67965
67958
67951
67950
67957
67956
67949
67942
67943
67944
67937
67936
67935
67928
67929
67930
67923
67916
67922
67921
67914
67915
67897
67879
67861
67860
67859
67853
67847
62742
67840
67841
67833
62741
63032
67820
62740
67813
62739
67806
62738
67790
67791
67773
63029
67782
67792
67807
67814
67821
67827
67828
67829
67823
67816
67822
67815
67808
67793
67783
67775
67774
63028
67757
63027
67756
62737
67739
62736
67722
67723
63026
67740
67724
67716
63023
67700
67701
67684
67676
67685
67702
67718
67717
67725
67726
67742
67741
67758
67759
67760
67776
67784
67794
67809
67795
67796
67797
67798
67799
67800
67801
67802
67803
67810
67817
67824
67830
67831
67825
67818
67811
67804
67785
67786
67787
67779
67778
67777
67768
67767
67766
67765
67764
67763
67762
67761
67744
67743
67727
67728
67729
67745
67746
67730
67731
67747
67748
67732
67707
67708
67709
67710
67693
67692
67691
67690
67689
67706
67705
67688
67687
67704
67703
67686
63022
67661
67644
67643
67660
67659
67642
67641
67624
67625
67608
67607
67606
67623
67640
67657
67658
67675
67674
67683
67682
67699
67715
67698
67681
67673
67656
67639
67622
67605
67588
67579
67580
67589
67590
67581
67564
67565
67556
67555
67563
67562
67553
67554
67538
67539
67523
67516
67509
67495
67496
67479
67480
67481
67497
67498
67482
67483
67484
67485
67486
67502
67501
67500
67499
67527
67526
67525
67524
67540
67541
63015
67542
67543
67544
67528
67529
67545
67546
67530
67531
67532
67533
67517
67510
67504
67503
67487
67469
67468
67467
67466
67465
67464
67463
67462
67461
67478
67494
67508
63011
67515
67522
67521
67537
67536
67520
67514
67507
62735
67491
67475
67457
67458
67476
67492
67493
67477
67459
67460
67452
67451
67443
63005
67435
63003
67426
67425
67424
67409
67398
62733
67381
67365
67353
62732
67341
67330
67319
67308
67296
62731
67284
62730
67272
62729
67259
62728
67247
67235
67222
67204
67188
67205
67189
67190
67173
67174
67175
67159
67144
67143
67158
67157
67142
67125
67109
67110
67111
67126
67127
62981
67112
67113
67128
67146
67145
67160
62982
67176
67193
67192
67191
67206
62985
67223
67224
67207
67208
67209
67210
67194
67177
67178
67161
67180
67179
67195
67196
67212
67211
67227
62987
67239
67226
67225
67238
67250
67237
67236
62989
67248
67249
67261
67260
67273
67285
67297
62992
67309
62994
67320
62995
67331
62997
67342
67354
67367
67368
67355
67343
67332
67321
67322
67311
67299
67310
67298
67286
67287
67275
67274
67262
67251
67263
67276
67288
67300
67312
67323
67334
67345
67357
67371
67387
67402
63001
67413
67414
67415
67416
67389
67388
67372
67373
67374
67390
67391
67392
67375
67360
67359
62998
67358
67346
67335
67324
67313
67301
67289
67277
67264
67252
67240
67228
67214
67213
67197
67198
67181
67163
67162
67147
67164
67165
67182
67183
67200
62983
67199
67216
67215
67229
67230
67242
67243
67255
67256
67244
67232
67231
67217
67218
67201
67184
67168
67152
67151
67167
67166
67150
67149
67148
67133
67134
67135
67136
67137
67138
67139
68151
67154
67153
67169
67170
67187
62984
67203
67186
67185
67202
67219
67220
67221
62986
62988
62990
68152
67271
67283
67282
67270
67258
67246
67234
67233
67245
67257
67269
67281
67293
67292
67291
67279
67280
67268
67267
67266
67254
67241
67253
67265
62991
67278
67290
67302
67303
67315
67314
67325
67336
67347
67348
67349
67338
67337
67326
67327
67339
67350
67362
67361
67377
67376
62999
67393
67394
67405
67420
67421
67431
67430
67429
67419
67404
67403
67417
67418
67428
63004
63006
67445
67446
67437
67438
67439
67440
67432
67422
67407
67406
67395
67396
67379
67378
67363
67351
67340
67329
67328
67317
67316
67304
67305
67318
67306
67294
67295
68153
68154
67307
62993
68155
62996
68156
67352
67364
68157
68158
67380
67397
68159
68160
67408
67423
68161
67433
67441
67449
63007
67474
67473
67456
67448
67447
67455
67454
67453
67470
67488
67471
67472
63008
67489
63009
67490
63010
68162
67513
67512
67506
67505
67511
63012
67518
67519
67535
67552
68163
68164
67561
67560
67551
63014
67534
63013
67550
67559
67558
67557
67549
67548
67547
67573
67572
67571
67570
67569
67568
67567
67566
63016
67594
67593
67592
67582
67591
67609
67626
67627
67610
67611
67628
67645
67662
67663
67646
67630
67629
67612
67595
67596
67613
67614
67597
67598
67599
67600
67617
67616
67615
67632
67633
67649
67631
67648
67647
67664
67665
67666
67667
67650
67651
67668
67652
67635
67634
67618
67619
67636
67653
67670
67669
67677
67694
67711
67719
67735
67734
67733
67749
67750
67751
67752
67769
67770
67753
67754
67771
67780
67781
68176
68175
67772
67755
68174
67738
67737
67736
63025
67720
67712
67695
67696
67678
67671
63021
67654
63020
67637
63019
67620
63018
67603
67602
63017
67585
67584
67601
67583
67574
67575
67576
67586
67577
67578
68165
67587
67604
68166
68167
67621
67638
68168
68169
67655
67672
68170
68171
67680
67679
67697
67714
67713
67721
63024
68173
68172
62117
62135
62134
57115
62151
62156
57116
62160
57117
62165
62166
62170
57118
62190
57119
62194
57120
62198
57121
62202
62199
62195
62191
62187
57391
62171
62172
62173
62174
62175
62176
62177
62178
62179
62180
62203
57392
62206
62210
62214
62218
62221
62224
62243
62225
62226
62227
62245
62246
62228
62229
62230
62231
62232
62233
62234
62235
62253
62254
62236
62237
62255
62256
62238
62239
62240
62222
62219
62215
57393
62211
62207
62204
62205
62208
62212
62216
62533
62532
62531
62530
62529
62528
62527
62526
62525
62524
62169
62523
62522
62164
62163
62168
62186
62189
62193
62197
62201
62200
62196
62192
62188
62185
62184
62183
62182
62181
62167
62162
57390
62158
62159
62155
62154
62150
62133
62149
62148
62147
62146
62145
62144
62127
62126
62143
62142
62125
62108
62109
62110
62128
62111
62112
62129
62130
62113
62114
62131
62132
62115
62116
62099
62095
62091
62087
62083
62080
62077
57386
62061
62060
62059
62041
62040
62058
62076
62075
62074
62073
62072
62055
62056
62057
62039
62038
62037
62036
62054
62071
62070
62069
62052
62053
62035
62034
62033
62032
62050
62051
62068
62067
62066
57388
57387
62065
62064
62063
62079
62082
62085
62086
62090
62094
62089
62093
62097
62098
62102
62103
62120
62121
62104
62105
62122
62106
62107
62123
62124
62141
62140
62139
62138
62137
57389
62161
62157
62152
62153
62136
62119
62118
62101
62100
62096
57114
62092
57113
62088
57112
62084
57111
62081
62078
62062
62045
62029
62030
62046
62047
62048
62049
62031
57385
62025
62008
61992
61991
61990
62007
62024
62023
57110
62006
61989
61983
61984
61985
61970
61969
61968
61950
61942
57109
61943
61951
61952
61944
61936
61920
61912
61921
61913
57376
61886
61896
61923
61922
61937
61945
61954
61953
61971
61972
57383
61986
61993
62009
62010
62011
61994
61995
62012
62013
62014
62015
61998
61997
61996
61976
61977
61959
61958
61957
61975
61974
61973
61955
61956
61924
61925
61926
61927
61928
61929
61938
61946
61947
61939
61931
61930
61914
57378
61905
61888
61904
61903
61902
61901
61900
61899
57377
61898
61897
61887
57375
57374
61871
61872
61873
61874
61875
61876
61877
61862
61853
61843
61827
61842
61841
61840
61839
61838
61837
57372
61861
61852
57370
61836
61835
61834
61851
61860
61870
61869
61885
61895
61894
61911
61919
61935
61934
57108
61918
61910
61893
57107
61883
61884
61868
61867
61857
61848
61831
61822
57106
61806
61807
61808
61823
61832
61849
61858
61859
61850
61833
61824
61825
61809
61798
61797
61796
57105
61779
61763
61746
57104
61729
61721
57103
61713
57102
61705
57101
61687
61671
61653
61637
61627
57100
61628
61638
61654
61672
61688
61706
61714
61722
61730
61747
61748
61731
61723
61715
61707
61689
61690
61691
61675
61692
61676
61677
61678
61694
61693
61709
61708
61716
61724
61717
61725
61736
61737
61695
61696
61697
61681
61664
61665
61683
61682
61698
61699
61700
61710
61718
61726
61741
61742
61758
61757
61740
61739
61738
61754
61771
61772
61755
61756
61773
61774
61791
61790
61789
61788
61787
61786
61769
61770
61753
61752
61751
61735
61734
61733
61732
57364
61749
61750
61768
61784
61783
61767
61766
61765
61764
61780
61781
61782
61799
61810
61826
61811
61800
61785
61812
61813
61814
61815
61816
61817
61818
61801
61802
61819
61828
61844
61854
61863
61878
61889
61890
61906
61915
61907
61908
61916
61917
61909
61892
62507
61882
61891
61881
61880
61879
61864
57373
61845
57371
61855
61865
61866
61856
61847
62506
62505
61830
61846
57369
61829
61820
57368
61804
61805
61821
62504
61795
62503
62502
61778
61762
61761
61776
61777
61794
61793
57367
61803
61792
57366
61775
57365
61759
61760
61744
61743
61727
61719
57362
61745
57363
62501
61728
61720
57361
61712
61704
61686
61703
57360
61702
61711
61701
61684
57358
61667
61666
61650
61651
61634
61624
61623
61612
61603
61595
61594
61602
61611
61622
61632
61633
61649
61648
61647
61663
61662
61680
61679
61661
61646
61645
61644
61660
61659
61658
61642
61643
61631
61630
61641
61657
61656
61674
61673
61655
61639
61640
61629
61618
61617
61616
61607
57099
61608
61609
61619
61620
61621
57356
61610
61601
61593
61584
61575
61566
61557
61545
61544
61543
61542
61541
61556
61565
61574
61573
61582
61583
61592
61600
61599
57355
61591
61590
57098
61581
57097
61572
57096
61563
57095
61564
61555
57354
61540
61539
61531
57094
61523
57093
61506
61507
61508
61524
61532
61533
61525
61509
61510
61511
61512
61500
57351
61486
61472
57350
61457
61456
61455
57349
61445
61454
61471
61470
61484
61485
61499
61498
61497
57092
61483
57091
61469
57090
61452
57089
61442
57088
61432
57087
61422
57086
61412
57085
61396
61388
61380
61372
61364
61353
61354
61342
61343
61344
61356
61355
57343
61365
57344
61373
57345
61381
57346
61389
57347
61397
61413
61423
61433
61443
61453
61444
61434
61435
61425
61424
61414
61415
57348
61398
61399
61400
61416
61426
61436
61446
61458
61459
61460
61461
61475
61474
61473
61487
61488
61489
61490
61491
61492
61478
61477
61476
61462
61463
61447
61448
61464
61465
61466
61449
61439
61440
61430
61429
61438
61437
61427
61428
61418
61417
61405
61404
61403
61402
61401
61390
61382
61374
61366
57341
57340
61330
61329
61328
61346
61358
61357
61345
61327
61311
61310
61326
57339
61309
61308
61307
61325
61341
68130
66753
66765
66764
66778
68131
68132
66792
66806
68133
68134
66820
66819
66834
68135
68136
66848
68137
66862
66861
66847
66833
66832
66831
66830
66829
66843
66842
66828
66814
66815
66816
66802
66803
66817
66818
66804
66805
66791
66777
66776
66790
66789
66775
66762
66763
66751
66752
66741
66740
66739
66750
66738
66726
66727
66709
66708
66707
66706
66724
66725
66737
66736
62963
66748
66749
66761
66760
66759
66772
66773
66774
66788
66787
66801
66800
66786
62966
66799
66798
66785
66784
66783
66796
66797
66811
66810
66825
66826
66812
66813
62969
66827
62970
66841
62971
66855
62972
66869
66884
66883
66898
66899
66914
66915
66916
66917
66934
66933
66932
66931
62975
66947
62976
66959
62977
66975
66960
66961
66962
66963
66948
66935
62974
66936
66949
66964
66965
66950
66937
66920
66903
66888
66872
66871
66886
66887
66902
66919
66918
62973
66901
66900
66885
66870
66856
66857
66858
66844
66845
66846
66860
66859
66873
66874
66875
66876
68138
68139
66891
66890
66889
66904
66905
66906
68140
68141
66923
68142
68143
66953
66968
66980
66995
66979
66967
66952
66940
66939
66922
66921
66938
66951
66966
66978
66993
66994
67009
67010
68144
68145
67025
67042
68146
67058
67074
68147
68148
68149
68150
67122
67106
67090
67089
67105
67121
67120
67119
67118
67117
67101
67085
67086
67102
67103
67104
67088
67087
67071
67070
67054
67053
67052
67036
67037
67020
67021
67038
67022
67023
67040
67039
67055
67056
67072
67073
67057
67041
67024
67008
67007
67006
66991
66992
66977
66976
62978
62979
66990
67005
67004
67019
67018
67003
66989
66988
66987
67002
67017
62980
67032
67050
67066
67033
67034
67035
67051
67067
67068
67069
67084
67083
67099
67100
67116
67115
67132
67131
67130
67129
67114
67098
67082
67081
67097
67096
67095
67094
67093
67092
67108
67124
67141
67156
67172
67171
67155
62727
67140
62726
67123
62725
67107
62724
67091
62723
67075
62722
67076
67077
67061
67045
67046
67062
67078
67079
67080
67065
67049
67048
67064
67063
67047
67030
67031
67016
67001
67000
66984
66985
66986
66974
66973
66972
66971
66983
66982
66997
67012
67013
66998
66999
67015
67014
67029
67028
67027
67044
67060
67059
62721
67043
62720
67026
62719
67011
62718
66996
62717
66981
66969
66970
66955
66956
66943
66926
66927
66944
66957
66958
66945
66946
66929
66930
66913
66912
66928
66911
66910
66909
66894
66895
66896
66897
66882
66868
66881
66880
66879
66878
66893
66908
66925
66942
66954
66941
66924
66907
66892
62716
66877
62715
66863
66849
66850
66864
66865
66851
66852
66866
66867
66853
66854
66840
66839
66838
66837
66836
66835
66821
66822
66807
66793
66779
66780
66781
62967
66794
62968
66808
66823
66824
66809
66795
66782
66769
66758
62965
66770
66771
62964
66747
62962
66735
62961
66718
66719
66720
66702
66721
66722
66723
66705
66690
66674
66689
66688
66704
66703
66687
66686
66685
66701
66700
66684
66683
66682
66698
66699
66717
66716
66734
66746
66757
66768
66756
66745
66744
66755
66767
66766
66754
66743
66731
66713
66714
66732
66733
66715
66697
66681
66680
66696
66695
66679
66669
62714
66653
66670
66654
66655
66671
66672
66656
66657
66658
66673
66659
66660
66644
66661
66662
66663
66647
66630
66629
66646
66645
66628
66627
66626
66643
66642
66625
66624
66641
66640
66639
66638
66637
66636
66619
66609
62713
66599
62712
66582
66583
66600
66601
66584
66572
66555
66544
66543
66554
66571
66570
66553
66542
62711
73921
72615
72604
72603
72614
72624
72625
72641
72642
73922
72653
72652
72651
72640
72623
72613
72602
72586
72574
68631
68629
72563
72564
72575
72587
72588
73920
72576
72565
72549
72548
72547
68628
72536
72526
72525
72524
72535
72546
72545
72562
72561
72560
72559
72558
72557
72534
72523
72522
72505
72479
72480
72465
72464
72449
72448
72463
72478
72477
72462
72447
72446
72461
72460
72475
72476
72502
72503
72504
72521
72520
72519
72518
72517
72533
72532
72531
72515
72516
72499
72500
72501
72490
72474
72473
72459
72472
72489
72498
72488
72487
72471
72457
72458
72442
72431
72414
72396
72380
72367
72368
72357
72358
72347
72336
72325
72324
72323
72334
72335
72346
72345
72356
72355
72344
72333
72322
72311
72300
72301
72312
72313
72302
72291
72290
72279
72268
72289
72278
72267
72256
72245
72234
72223
72211
72194
72180
72181
68615
72195
72196
72197
72198
72199
72215
72216
72228
72239
72238
72227
72226
72214
72213
72212
72225
72224
72235
72236
72237
72248
72247
72246
72257
72258
72269
72259
72270
72281
72280
72292
72303
72314
72304
72315
72326
72337
72348
72359
72370
72369
72381
72382
72398
72397
72415
72432
72443
72444
72445
72416
72417
72399
72400
72418
72419
72420
72421
72433
72422
72403
72404
72405
72387
72374
72388
72406
72407
72389
72375
72364
72363
72362
72351
72352
72353
72342
72341
72330
72331
72320
72319
72318
72317
72328
72329
72340
72339
72350
72361
72373
72372
72386
72385
72384
72402
72401
72383
68620
72371
72360
72349
72338
72327
72316
72305
72294
72293
72282
72271
72260
72249
72250
72261
72272
72283
72262
72263
72274
72273
72284
72295
72306
72307
72296
72285
72286
72297
72308
72309
72298
72287
72276
72275
72264
72265
72254
72243
72242
72253
72252
72251
72240
72241
72230
72229
72217
72218
72205
72204
72203
72202
72201
72200
72186
72185
72171
72172
72158
72145
72129
72130
72131
72146
72147
72148
72133
72132
72116
72115
72100
72101
72102
72117
72118
72134
72149
72162
72161
72160
72159
68614
72173
72187
72188
72206
72219
72231
72232
72220
72207
72189
72174
72175
72176
72190
72191
72177
72178
73903
72192
72209
72208
68616
72221
68617
68618
68619
73904
73905
73906
73907
73908
73909
73910
73911
73912
73913
73914
72391
72390
72408
72409
72427
72426
72425
72435
72434
72424
72423
68621
68622
72450
72466
72481
72492
72491
72506
72507
72508
72482
72483
72467
68623
72451
72484
72493
72509
72510
72537
72538
73919
72527
68625
73918
73917
73916
73915
68624
72453
72452
72436
72437
66413
62707
66397
66398
66414
66422
62708
66439
66448
66460
66476
66492
66477
66461
66449
66440
66441
66450
66462
66478
66494
66493
66505
66504
62709
66520
62710
66531
66532
66533
66534
66545
66556
66573
66557
66575
66574
66586
66585
66602
66612
66611
66610
66620
66621
66622
66623
66613
66603
66587
66588
66589
66590
66591
66592
66593
66576
66566
66577
62955
66594
66605
66615
66604
66614
66631
66632
66649
66648
66664
66665
66675
62959
66691
62960
66692
66676
66666
62958
66650
62957
66633
62956
66634
66635
66651
66667
66677
66693
66711
66710
66728
66729
66742
68129
66730
66712
66694
66678
68128
68127
66668
66652
68126
68125
68124
66618
66608
68123
68122
66598
66597
66607
66617
66616
66606
66596
66595
66578
66579
66569
66580
66581
68121
68120
62953
62952
66552
66541
66530
66519
66518
62949
66501
66489
66488
66472
66471
66487
66470
66455
66456
66457
66473
66474
66490
66502
62950
66503
66491
66475
66459
66458
66447
66437
62940
66438
68119
66412
66396
66382
66364
66355
66346
66337
66328
66319
66310
66301
66292
66283
66282
66291
66300
66309
66318
66327
66336
66345
66354
66363
66380
66381
66395
66394
66410
66411
66421
66420
66436
66446
66435
66419
66409
66408
66407
66406
66405
66404
66374
62937
66373
66372
66371
66389
62939
66403
66428
66429
66430
66431
66432
66433
66434
66445
66454
62942
66469
66468
66467
66466
66482
66483
66484
66514
62951
66515
66498
66485
66486
62948
66499
66500
66517
66516
66526
66537
66527
66528
66529
66540
66551
66568
66567
66550
66539
66538
66549
66548
66565
66564
66563
66562
66561
62954
66560
66559
66558
66546
66535
66547
66536
66513
66512
66511
66510
66525
66524
66509
66508
66507
66523
66522
66521
66506
66495
66479
66463
66451
66442
66423
66415
66399
66400
66401
66416
66424
66425
66426
66443
62941
66452
62943
66464
62945
66480
62947
66496
66497
62946
66481
66465
62944
66453
66444
66427
66418
66417
66402
66388
66370
66360
66351
66342
66333
66324
66315
66306
66297
66288
66279
66270
66261
66252
66238
66239
66240
66241
66242
66253
66262
66271
66280
66289
66298
66307
66316
66325
66334
66343
66352
66361
66375
62938
66390
66376
66377
66391
66392
66393
66379
66378
66362
66353
66344
66335
66326
66317
66308
66299
66290
66281
66272
66263
66254
66246
62933
66230
66231
66247
66256
66255
66264
66273
66274
66265
62936
66266
68108
68107
66257
66248
66232
66222
62932
62931
62929
68106
66187
66171
62927
66157
66156
66155
66154
66170
66169
66153
66141
66142
66128
66127
66111
66110
66126
66140
66139
62925
66152
62926
66168
62928
66183
66184
66185
66186
66196
66205
66213
66204
66195
66194
66203
66211
66212
66221
66220
66229
66245
66244
66243
66228
66219
66210
66202
66193
66182
66181
66180
66165
66166
66167
66151
66138
66124
66125
66109
66097
66086
66098
66099
66087
66076
66075
66064
66065
66054
66042
66025
66009
66008
66007
62907
66024
62908
66041
66053
66052
66063
66062
66073
66074
66085
66084
66096
66108
66123
66122
66121
62921
66137
66150
66164
66179
66178
66177
66192
66201
66209
66218
66227
66237
66236
66251
66260
62935
66269
66234
66250
66259
66268
66276
66277
66278
66287
66286
66285
66294
66303
66312
66321
66322
66313
66304
66295
66296
66305
66314
66323
66332
66341
66340
66331
66330
66339
66348
66349
66350
66359
66368
66369
66387
66386
66385
66384
66383
66365
66366
66367
66358
66357
66356
62706
66347
62705
66338
62704
66329
62703
66320
62702
66311
62701
66302
62700
66293
62699
66284
62698
66275
62697
66267
66258
62696
66249
62695
66233
62694
66223
62693
66214
62692
66206
66197
62691
66188
62690
66172
66158
66145
66146
66133
66132
66116
66117
66103
66091
66092
66104
66105
66106
66119
66118
66134
66147
66148
66161
66175
66190
66174
66160
66159
66173
66189
66198
66199
62930
66207
66216
66215
66224
66225
62934
66235
66226
66217
66208
66200
66191
66176
66163
66162
66135
66149
62924
66136
62922
66120
62920
66107
62919
66095
62917
66083
62916
66072
62914
66061
66050
66034
66035
66019
66001
66002
66003
65989
65988
65987
65969
65959
65970
65971
65972
65990
66004
66005
66023
66022
66021
66020
66036
66037
66038
66039
66051
66040
66006
65992
65991
65973
65974
65975
65976
62904
65993
65994
65995
66010
66026
62909
66043
62911
66055
62913
62915
66077
66089
66088
62918
66112
66113
66100
66101
66114
66130
66129
62923
66143
66144
66131
66115
68105
66102
66090
68104
66078
66066
66067
66056
66045
66044
66028
66027
66011
66012
65997
66013
66029
60587
60588
60604
57057
60603
57058
60613
60614
60625
60615
60605
60589
60590
60591
60592
60593
60594
60576
60575
60574
60573
60572
60571
60555
60556
60557
60548
60541
60534
60527
60528
60535
60542
60549
60558
60559
60560
60577
60595
60596
60578
60561
60562
60563
60564
60580
60579
60597
60608
60609
60618
60619
60629
60628
60644
60643
60642
60641
60640
60656
60657
60658
57300
60655
60654
57298
60671
60682
60693
60704
60692
57302
60703
60721
60720
60735
60736
60750
60749
60764
60765
60782
57310
60798
60813
60824
60841
60823
60822
60812
60797
60781
60780
57308
60748
60734
57304
60719
60718
60717
60702
60716
60701
60689
60678
60690
60691
60680
60679
60668
60651
60669
60681
60670
60653
60639
60627
60617
60607
60606
60616
60626
60638
60637
60652
57297
60636
60635
60634
60624
57059
60623
60633
57060
60649
60650
60667
60666
60677
57061
60688
60700
60715
60731
60744
57062
60760
57063
60777
57064
60794
57065
60809
57066
60819
60835
57312
60810
60795
60778
60761
60745
60732
60733
60746
60747
60763
60762
57309
60779
60796
60811
60820
60821
60837
60836
60854
60869
60868
60853
60852
57067
60867
68109
68110
68111
68112
68113
68114
68115
68116
68117
68118
60977
60995
61011
61021
61029
57078
61043
57079
61059
57080
61069
61085
61086
61087
61105
61106
61089
61088
61071
61070
61060
61061
61062
57323
61072
61090
61091
61109
61127
61110
61092
61093
61111
61128
61129
61130
61131
61114
61113
61112
61094
61076
61075
61074
61073
61064
61063
61047
61046
61045
61044
61030
61022
61012
60996
60978
60997
61013
61014
57318
61023
61031
61032
61024
60999
60998
60979
60969
60968
60967
57077
60957
57076
60947
57075
60937
57074
60927
57073
60917
57072
60907
57071
60897
57070
60887
57069
60877
57068
60878
60879
60880
60890
60900
60910
60909
60899
60889
60888
60898
60908
60918
60928
60929
60919
60920
60930
60940
60950
60949
60939
60938
60948
60958
60959
60960
60970
60980
60981
60971
60961
60951
60941
60931
60921
60911
60901
60891
60881
60871
60857
60856
60870
60855
60838
60839
60840
60858
60859
60872
60882
60892
60902
60912
60922
60932
60942
60952
60962
60972
60985
60986
60987
61005
61004
61003
61002
60984
60983
60982
61000
61001
57316
61015
61025
57320
57321
61048
61033
61049
61050
61034
61035
61051
61052
61036
61053
61065
61066
61054
61037
61026
61016
61007
61006
60988
60989
60990
60974
60973
60963
60964
60954
60953
60943
60933
60934
60924
60923
60913
60903
60893
60883
60873
60874
60875
60865
60848
60849
60850
60866
60876
60886
60896
60906
60916
60926
60936
60905
60895
60885
60884
60894
60904
60914
60915
60925
60935
60944
60945
60955
60965
60975
60991
57315
57317
61017
61027
61038
61039
61055
61056
57322
61067
61083
61100
61082
61081
61080
61079
61078
61077
61095
61096
61097
61098
61099
61117
61118
61134
61146
61133
61116
61115
61132
61145
61156
61157
61167
61183
61168
57327
57326
61158
61169
61187
61186
61185
61184
61195
61194
61208
61217
61225
61238
61237
61236
61235
61234
61233
61224
61216
61202
61203
61204
61205
61206
61207
61182
61181
61180
61179
61178
61193
61177
61166
61165
61154
61143
61155
61144
61126
61125
61108
61107
61124
61142
61153
61152
61163
61162
61151
61150
61139
61140
61141
61123
61122
57324
61104
61103
57081
61121
57082
61138
57083
61149
57084
61160
61161
61171
61188
61189
61172
61173
61174
61164
61175
61176
61192
61191
57328
61190
61200
61201
61215
61223
57332
61231
61232
61246
61252
61251
57336
57337
57335
57333
61245
61230
57331
57330
61222
61214
57329
61199
61198
61197
61213
61221
61229
61244
61250
61264
61271
61272
61289
61290
61291
61273
61292
61274
61275
61293
61312
61313
61295
61294
61276
61277
61265
61253
61254
61278
61296
61314
61331
61332
61333
61317
61316
61315
61297
61298
61299
61282
61281
61280
61279
61255
61256
61257
61258
61259
61260
61247
61248
61261
57338
61268
61262
57334
61242
61227
61241
61240
61239
61226
61218
61209
61210
61211
61196
61212
61219
61220
62475
62476
61228
61243
61249
61263
61270
61269
61287
61288
61306
61324
61305
61323
61322
61321
61320
61302
61303
61304
61286
61285
61284
61267
61266
61283
61301
61300
61318
61319
61335
61334
61347
61359
61360
61348
61336
61337
61338
61339
61340
62477
61352
61363
61362
61351
61350
61349
57342
61361
61369
61370
61371
62478
62479
61379
61387
62480
62481
61395
61411
61410
61394
61393
61385
61386
61378
61377
61376
61368
61367
61375
61383
61384
61392
61391
61406
61407
61408
61409
61419
61420
61421
62482
62483
61431
61441
62484
62485
61451
61450
61467
61481
61468
61482
61496
62486
62487
61522
57352
61505
61504
61495
61494
61480
61479
61493
61503
61521
61520
61519
61502
61501
61518
61517
61516
61515
61514
61513
61526
61534
61546
61547
61548
61549
61550
61551
61535
61527
61528
61536
61552
61559
61560
61569
61570
61561
61553
57353
61537
61529
61530
62488
62489
61538
61554
62490
62491
61562
61571
62492
62493
61580
61589
62494
62495
61598
61606
61605
61597
61588
61579
61578
61577
61568
61558
61567
61576
61585
61586
61587
61596
61604
61613
61614
61625
61635
57357
61668
57359
61685
61669
61670
61652
62500
61636
62499
62498
61626
61615
62497
62496
55672
51531
55673
55674
55686
55685
55684
51532
55695
55696
55697
55707
55708
55725
55724
55723
55706
55705
55722
55735
55736
55750
55749
51533
55767
51534
55783
51535
55798
55811
51536
55827
55828
55843
55842
55856
51537
55871
55887
55902
55917
51538
55932
51539
55948
51540
55964
55981
51541
55998
51542
56013
51543
56028
51544
56043
56058
62508
61967
61949
61941
61933
61932
57379
57380
61940
61948
61965
61966
61981
61982
61988
61987
57384
61980
57382
61964
57381
61963
61962
61961
61960
61978
61979
61999
62016
62017
62000
62001
62018
62019
62026
62042
62043
62027
62021
62020
62002
62003
62004
62005
62022
62509
62028
62044
62510
62511
62512
62513
62514
62515
62516
62517
62518
62519
62520
62521
56379
51553
56362
51552
56345
51551
56328
51550
56312
51549
56298
51548
56281
51547
56264
51546
56248
51545
56232
56215
56199
56182
56167
56151
56135
56119
56105
56106
56107
56089
56090
56075
56074
56073
56088
56087
56072
56059
56044
56029
56014
55999
55982
55965
55949
55933
55918
55919
55920
55905
55890
55889
55904
55903
55888
55872
55873
55874
55859
55858
55857
55844
55845
55846
55847
55861
55860
55875
55876
51812
55891
51814
55906
51816
55921
55936
55952
55937
55953
55969
55987
55986
55968
51818
55935
55934
55950
55951
55967
55966
55983
56000
56015
56030
56031
56046
56045
56060
56061
56062
56076
56091
56077
56063
56048
56047
56032
56016
56001
55984
55985
56002
56003
56004
56005
56020
56035
56034
56019
56018
56017
56033
56049
56050
51824
56064
56080
56094
56079
56078
56093
56092
56110
56109
56108
56122
56121
56120
56136
56152
56153
56137
56138
56154
56170
56185
56184
56169
56168
56183
56200
56216
56233
56249
56265
56282
56266
56250
56234
56235
56218
56217
56201
56202
56186
56203
56219
56236
56252
51841
56251
56267
56284
56283
56300
56301
56315
56314
56299
56313
56329
56330
56331
56348
56365
56382
56381
56364
56347
56346
56363
56380
56394
56393
56410
56427
56411
56395
56396
56383
56397
56413
56412
56429
56428
51851
56444
56445
56430
56446
56447
56431
56414
56415
56398
56384
56366
51847
51846
56349
56332
51845
51844
56316
56302
56285
51843
51842
56268
56269
56286
56287
56303
56318
56317
56333
56350
56367
56368
56351
56334
56335
56352
56369
56370
56353
56336
56319
56320
56337
56338
56321
56322
56323
56340
56339
56356
56355
56354
56371
56372
56386
56385
56403
56420
56438
56421
51849
56404
51848
56405
56422
56406
56423
56424
56407
56425
56426
56916
56917
56443
56442
56441
56440
51850
56439
56450
56461
56472
56483
56494
56504
56505
56506
56517
56528
56538
56537
56527
56516
56515
56526
56536
51856
56546
56564
56580
56579
56563
56562
56561
56545
56535
56525
56514
56503
56493
56482
56471
56460
56449
56437
56436
56419
56402
56401
56400
56399
56416
56417
56418
56435
56434
56433
56432
56448
51852
56459
56470
56481
56492
56502
56513
56524
56534
51855
56544
56556
56557
56558
56574
56575
56559
56560
56577
56576
56594
56593
56592
56591
56573
56572
56590
56589
56571
56555
56554
56553
56542
56532
56543
56533
56523
56522
56531
56521
56511
56500
56512
56501
56491
56490
56479
56478
56467
56468
56480
56469
56458
56457
56456
56455
51554
56466
51555
56477
51556
56488
56489
51853
56499
56510
51557
56509
51558
56520
51559
56530
56540
56541
56552
56568
56569
56570
56588
56603
56614
56602
56587
56586
56601
56613
56625
56626
56638
56639
56627
56615
56616
56604
56605
56617
56629
56628
56640
56641
56653
56652
56651
56663
56662
56650
56649
56661
56673
56674
56675
56676
56664
56665
56677
56689
56688
56687
56686
56685
56684
51567
56672
51566
56660
51565
56648
51564
56637
56636
51563
56624
51562
56612
51561
56600
51560
56585
56567
56551
62534
62535
62536
62537
62538
62539
62540
62541
62300
62297
62294
62291
62288
62285
62282
62279
62275
62276
62258
62257
62274
62273
62272
62271
62270
62252
62251
62269
62268
62250
62249
62267
62266
62248
62247
62265
62264
62263
62244
62262
62261
62278
62281
62284
62287
62290
62293
62296
62299
62298
57133
62295
57132
62292
57131
62289
57130
62286
57129
62283
57128
62280
57127
62277
57126
62259
62260
62242
62241
62223
62220
57125
62217
57124
62213
57123
62209
57122
68181
68180
68179
68178
68177
63031
67789
67788
63030
67805
67812
67819
67826
67832
67839
67846
67852
68182
68183
67858
67876
67894
67893
67892
67873
67874
67875
67857
67851
67845
63034
67838
67837
67844
67850
67856
67872
67890
67891
67909
67910
67911
67912
68184
68185
67926
67919
67918
67925
67932
67933
68186
68187
67940
67947
68188
68189
67954
67961
68190
68191
67968
67967
67960
67953
67946
67939
67917
67908
67907
67889
67871
67870
67869
67886
67868
63033
67836
67835
67834
67843
67849
67842
67848
63035
67854
67855
67862
67880
67898
67899
67881
67863
67864
67865
67866
67867
67885
67884
67883
67882
67900
67901
67902
67903
67904
67905
67887
67888
67906
67924
67931
67938
67945
67952
67959
67966
1101
1100
1099
1098
1097
1096
1095
1094
1093
1092
1091
1359
1090
1089
1088
1087
1086
1358
1357
1354
1355
1356
1360
1362
1363
1364
1365
1366
1102
1103
1104
1105
1106
1367
1368
1369
1107
1108
1109
1110
1111
1112
1113
1114
1115
1116
1117
1118
1119
1120
1121
1122
1123
1124
1125
1126
1372
1373
1127
1128
1129
1130
1131
1132
56690
56691
56692
56680
56668
56669
56681
56693
56694
56695
56933
56932
56683
56682
56670
56671
56931
56930
56659
56647
56929
56928
56635
56623
56927
56926
56611
56599
56584
56583
56582
51859
56598
56610
56609
56608
56620
56632
56644
56645
56633
56621
56622
56634
56646
56658
56657
56656
56655
56667
56679
56678
56666
56654
56642
56630
56643
56631
56619
56607
56618
56606
51858
56578
56595
56596
56597
56581
56565
56547
56548
56549
51857
56566
56550
56539
56925
56529
51854
56518
56507
56496
56495
56484
56485
56474
56463
56473
56462
56451
56452
56453
56454
56918
56919
56465
56464
56475
56476
56920
56921
56487
56486
56497
56498
56922
56923
56508
56519
56924
46559
51006
46560
51012
46561
51028
46562
51033
51038
51044
51062
46563
51078
46564
51083
46565
51088
46566
51093
46567
51098
46568
51103
46569
51108
46570
51113
51114
51109
51104
51099
51094
51089
51084
51079
51065
51066
51048
51047
51064
51063
51045
51039
51046
51040
51034
51035
46862
51049
51050
51067
51068
51069
51051
51052
51070
51071
51053
51054
51072
51073
51055
51056
51074
51075
51057
51058
51059
46864
51076
51080
51081
51086
51085
51090
51095
51100
51101
51106
51111
51105
51110
51115
51116
51117
51375
51112
51374
51373
51107
51102
51097
51096
51091
51092
51087
51082
51368
51369
51370
51371
51372
46127
40995
46136
46137
46138
46139
46130
46121
46112
46103
46094
46085
46076
46060
46061
46062
46063
46064
46065
46066
46039
46022
46021
46020
46038
46037
46036
46019
46018
46035
46034
46017
46016
46033
41316
46050
46059
46058
46057
46049
46056
46074
46083
46075
46084
46093
46092
46101
46102
46111
46110
46119
46120
46129
46128
40994
46118
40993
46109
40992
46100
40991
46091
40990
46082
40989
46073
40988
46055
46047
46048
46030
46029
46012
46005
46006
46014
46013
46031
46032
46015
46007
46008
46000
45991
45982
45974
45965
45964
45956
45946
45945
45955
45954
45953
45943
40981
45942
40982
45952
40983
45961
40984
45970
45971
45962
45963
45972
45973
45981
45990
45999
45998
45997
45988
45989
45980
41313
45979
40985
45987
40986
45996
40987
46004
51367
51366
51032
51037
51043
51061
51077
46865
51060
51042
51041
46863
51036
51031
51025
51024
51023
51022
51021
51020
51019
51018
51017
51016
51015
46861
51009
51003
50998
50997
51002
51008
51014
51030
51029
51013
51007
51001
46860
50995
46558
50989
46557
50983
46556
50967
50968
50969
50970
50985
50984
50990
50996
50991
50992
50986
50971
50972
50973
50974
50975
50976
50977
50978
50979
50980
50963
50956
46856
50947
50938
50939
50930
50931
50940
50948
50949
50958
50957
50964
46858
50981
50987
50993
50999
51004
51010
51026
51027
51011
51365
51364
51005
51000
51363
51362
50994
50988
51361
50982
46859
50965
50966
51360
50959
51359
50951
50950
50941
50942
51358
51357
50933
50932
50922
50913
50912
50921
50929
50920
50911
50902
50903
50904
50895
50886
50878
50879
50887
50896
50897
50905
50914
50923
50924
51356
51355
50915
50906
51354
51353
50888
51352
46854
50870
51351
50853
46852
50845
51350
51349
50837
50836
50844
50843
50835
50834
50842
50852
50851
50859
50860
50861
50869
50868
50867
50877
50885
50894
50893
50884
50876
46853
50822
50821
50820
50819
50818
50796
50795
50779
50778
50794
50793
50810
46850
50817
50833
50841
50840
50839
46851
50831
50832
50816
50815
46849
50809
46847
50792
46846
46845
50776
50777
50771
50770
50769
50760
50761
50762
50763
46843
50780
50781
50797
50798
50782
50783
50784
50785
50786
50787
50803
50802
50801
50800
50799
50823
50824
50825
50826
50827
50828
50812
50811
50804
50805
50806
46848
50829
50813
50807
50790
50774
50767
50758
50742
50741
50757
46842
50766
50765
50773
50789
50788
50772
46844
50764
50754
50753
50752
50751
50735
50736
50737
50738
50739
50755
50756
50740
50723
46837
50713
50712
50711
50710
50709
50708
50707
50706
50705
50704
46836
50697
50682
50674
50666
46832
46831
50633
50634
50618
50619
50602
50603
50620
50637
50638
50639
50640
50624
50623
50622
50621
50604
50605
50606
50607
50608
50625
50641
50658
50657
50656
50655
50654
50653
50652
50636
50635
50651
50650
50683
50684
50685
50686
50687
50688
50689
50690
50691
50692
50693
50699
50698
50714
50715
50724
50725
50726
50717
50716
50700
46835
51348
46834
46833
50670
51347
50662
50661
50669
50668
50677
50676
50675
50667
50660
50659
50643
50642
50626
50609
50610
50611
46830
50627
50644
50645
50628
50612
50596
50590
50589
50595
50588
50587
50586
50585
50584
50583
50582
50581
50580
50579
50601
50600
50599
50594
50593
50576
50577
50578
46826
50559
50553
50558
50552
50546
50547
50530
50531
50532
50533
50534
50535
50536
50537
50538
50539
50540
50541
50525
50519
50520
50514
50497
50496
50513
50512
50511
50510
50509
50508
50507
50506
50505
50504
50503
50502
50495
46823
50478
50477
50472
50466
50449
46820
50443
50436
46819
50435
50442
46524
50441
46525
50448
46526
50465
50471
50476
50494
50499
50500
50501
50518
50524
46527
50517
46528
50523
50529
46529
50545
46530
50551
46531
50557
46532
50563
50564
50565
50571
46827
50570
50569
46533
50575
46534
50592
46535
50597
46829
50598
50615
50616
50617
50632
50649
50631
50630
50614
50613
50629
46536
50646
50663
46537
50671
50672
50664
50647
50648
50665
50673
50681
50680
50679
50678
46538
50694
46539
50701
50702
50695
50696
50703
50721
50730
50722
46838
50731
50732
50733
50734
50750
50749
50748
46841
50747
50746
46840
50745
50744
46839
50729
50728
50720
50719
46540
50718
50727
50743
50759
50768
46541
50775
46542
50791
50808
50814
46543
50830
50838
46544
50846
46545
50854
46546
50862
46547
50871
50880
46548
50889
46549
50898
46550
50907
46551
50917
50926
50927
50918
50909
50908
50899
50900
50891
50890
50881
46855
50873
50872
50863
50864
50856
50855
50847
50848
50849
50850
50858
50857
50865
50866
50875
50874
50882
50883
50892
50901
50910
50919
50928
50937
50946
50936
50935
50944
50945
50953
50954
50955
50962
50961
50960
46857
50952
46555
50943
46554
50934
46553
50925
46552
50916
56914
56378
56392
56915
56409
56408
56391
56377
56360
56361
56344
56343
56326
56327
56913
56311
56310
56309
56325
56342
56359
56376
56375
56390
56389
56388
56387
56373
56374
56357
56358
56341
56324
56308
56294
56295
56296
56297
56280
56263
56262
56279
56278
56277
56276
56293
56307
56306
56292
56275
56258
56259
56260
56261
56245
56229
56228
56244
56243
56227
51838
56226
56242
56241
56256
56257
56274
56291
56305
56304
56290
56273
56272
56289
56288
56271
56270
56253
56254
56255
56238
56239
56240
56225
56209
56192
56193
56194
51837
56210
56195
56178
51835
56162
51832
56146
51833
56163
56164
56165
56180
56179
56196
56211
56212
56197
56213
56230
56246
56247
56231
56912
56214
56198
51836
56181
56911
56910
56166
51834
56149
56148
56147
56131
56115
56116
56102
56103
56117
56132
56133
56150
56134
56118
56104
56086
56085
51825
56071
56057
51823
56041
56040
56039
56038
56053
56054
56068
56067
51827
56082
56083
56069
56055
56056
56070
56084
56101
56100
56114
56130
56129
56113
56099
56098
56112
51831
56111
51830
56128
56145
56144
56143
56159
56160
56161
56177
56176
56191
56208
56224
56223
51840
56222
56221
56237
51839
56220
56204
56205
56188
56189
56206
56207
56190
56175
56174
56158
56142
56157
56173
56187
56172
56171
56155
56139
56123
56124
56140
56156
56141
56125
56126
56127
51828
56095
56096
51829
56097
56081
51826
56066
56065
56051
56052
56037
56036
56021
56022
56007
56006
55990
55989
55988
55970
55971
55972
55991
55973
55955
55954
55938
55923
55922
55907
55892
55877
55878
55893
55908
55909
55894
55895
55910
55925
55924
55939
55940
55956
55957
55974
55958
55942
55941
55926
55927
55912
55911
55896
55897
55898
55913
55928
55914
55929
55944
55943
55960
55959
55975
51819
55992
56008
56023
56024
56009
55993
55976
55977
55994
56010
56025
51821
56026
51822
56042
56027
56012
56011
51820
55995
55996
55997
56909
55980
55963
56908
56907
55931
55947
55962
55979
55978
55961
55945
55946
55930
51817
51815
55915
55916
55901
55886
56906
55870
55855
55854
55869
55885
55900
51813
55899
55884
55868
55853
55852
55851
55850
55836
55835
55834
55848
55849
55864
55865
55866
55867
55883
55882
55881
55880
55879
55863
55862
51811
51809
55833
55832
55831
55830
55829
55812
55799
55784
55768
55769
55785
55800
55813
55814
55801
55786
55770
55752
55751
55737
55738
55753
51803
55771
55787
55802
51806
55815
51807
55816
55817
55818
55819
55820
55805
55804
55803
55790
55789
55788
51804
55772
55773
55756
55757
55774
55775
55791
55776
55777
55792
55793
55806
55807
55822
55821
55837
55838
55839
55823
55808
55809
55824
51808
51810
55840
55841
55826
55825
51805
55810
55797
55782
55781
55780
55796
55795
55779
55794
55778
55762
55761
55743
55729
55728
55716
55715
55727
51802
55742
55760
55759
55758
55741
51800
55714
55713
55712
55711
51799
51801
55755
55754
55739
55740
55726
55710
55709
55698
55687
55675
55676
55664
55665
55677
51797
55688
55699
55700
55689
55678
55666
55655
55643
55631
55630
55642
55654
55653
55641
55629
55613
55599
55587
55588
55576
55564
55552
55563
55575
55574
55562
55550
55537
55551
55538
55539
55540
55553
55565
55577
55589
55601
55600
55614
55615
55616
55617
55618
55619
55620
55632
55644
55656
55667
55679
55690
55701
55717
55718
55702
55719
55731
55730
55744
55745
55763
55764
55765
55766
55748
55747
55746
55732
55720
55721
55733
55734
56905
56904
55694
51798
55683
55682
55693
55704
55703
55692
55691
55680
55681
55670
55659
55658
55669
55668
55657
55645
55633
55634
55646
55647
55635
55623
55622
55621
51794
55604
55603
55602
55590
55578
55566
55554
51786
55541
55527
55542
55555
55567
55568
55580
55579
55591
55592
55593
55605
55606
55607
55624
55636
55648
55660
55671
56903
56902
56901
56900
56899
51795
55608
56898
51792
51790
51788
55559
55571
55583
55595
55594
55582
55581
55569
55570
55558
55546
55545
55557
55556
55544
55543
55529
55528
55514
55513
55500
55501
55515
55530
55531
55532
55518
55517
55516
55503
55502
55488
55487
51781
55473
55472
55471
55470
55469
55459
55449
55438
55425
55424
55408
55407
55406
55422
55423
55437
55436
55421
55405
51772
55373
55384
51774
55395
55404
55419
55420
55435
55446
55456
55466
55482
55495
55508
55509
55496
55483
55484
55467
51780
55457
55447
55448
55458
55468
55485
55497
55510
55511
55498
55486
55499
55512
55526
55525
55524
55523
55522
51783
55536
51785
55549
51787
55561
51789
55573
51791
55585
55586
55598
55597
51793
55596
55610
55626
55638
55639
55627
55611
55612
55628
55640
55652
55651
55663
55662
55661
51796
55650
55649
51530
55637
51529
55625
51528
55609
55584
55572
55560
55548
55535
55521
51527
55507
51526
55494
51525
55481
51524
55465
51523
55455
51522
55445
51521
55434
51520
55418
55403
55394
55383
55372
51519
55355
55340
51518
55322
55304
55288
55277
51517
55260
51516
55244
55234
51515
55224
51514
55214
51513
55204
51512
55205
55206
55217
55207
51765
55196
55195
55186
55176
55166
55156
55146
55136
55125
55113
55102
55091
55080
55063
55045
55046
51759
55064
55081
55092
55103
55093
55094
55106
55105
55104
55115
55114
55127
55126
55137
55157
55147
55138
51763
55128
51761
55116
55117
55129
55139
55148
55158
55168
55167
55177
55178
55188
55187
55197
55198
55208
55218
55228
55227
55237
55238
55251
55252
55267
55266
55280
55265
55250
55249
55264
55279
55293
55294
55295
55296
55297
55313
55331
55346
55365
55364
55363
55345
55330
55312
55311
55310
55309
55292
55291
55262
55263
55248
55247
55246
55236
55226
55216
55215
55225
55235
55245
51768
55261
55278
55290
55289
55305
55323
55306
55324
55341
55356
55357
55358
55359
55374
55385
55396
55397
55386
55375
55360
55342
51771
55326
55325
55307
55308
55327
55328
55343
55329
55344
55362
55361
55376
55387
55398
55409
55410
55426
55427
55411
55412
55428
55429
55413
55414
55400
55399
55388
55377
55366
55367
55368
55350
55349
55334
55333
55348
55347
55332
55314
55315
51770
55282
55281
55268
55253
55254
55269
55270
55271
55283
55298
55316
55317
55335
55336
55318
55300
55299
55284
55272
55273
55285
55286
55301
55319
55337
55338
55320
55302
55303
55287
51769
55275
55276
55259
55243
56892
55233
56891
56890
55223
55213
56889
56888
55203
55193
51766
55183
55182
55181
55171
55161
55162
55172
55173
55174
55184
56887
56886
49995
49987
49988
49996
49989
49997
50005
50012
50011
50004
50003
50010
46497
50017
46498
50023
46499
50029
46500
50046
46501
50053
50054
50061
50060
46502
50077
46503
50084
50085
50078
50079
50086
50093
50100
50118
50119
50134
50133
50141
50142
50143
50158
50175
46804
46803
50150
46800
50149
46802
50157
50174
50191
50173
50172
50189
50190
50199
50200
50192
50201
50210
50209
50208
50198
50207
50216
50233
50242
50252
50251
46512
50241
46511
50232
50215
46510
50206
46509
50197
46508
50188
46507
50171
46506
50155
50156
50148
50140
50147
50139
46505
50131
50132
50117
50099
50092
46504
50091
50098
50116
55321
55339
55354
56893
56894
55393
55382
55371
55353
55352
55351
55369
55370
55381
55380
55379
55378
51773
55389
55390
55401
55402
55391
55392
51775
51776
51777
55444
56895
51779
55443
55442
55441
55432
55433
55417
55416
55415
55431
55430
51778
55439
55450
55451
55452
55440
55453
55454
55464
55479
55480
55493
56896
55520
55506
51782
55492
55491
55478
55477
55463
55462
55461
55460
55474
55475
55476
55489
55490
55504
55505
55519
55533
55547
51784
55534
56897
50309
50294
50295
50310
50325
46515
50324
46516
50340
46517
50357
46518
50374
46519
50383
46520
50398
46521
50414
46522
50421
46523
50428
50429
50422
50430
50423
50416
50415
50399
50400
50392
50391
46817
50384
50375
50358
50341
50359
50376
50385
50377
50386
50393
46818
50401
50402
50403
50404
50405
50406
50407
50408
50409
50410
50417
50424
50431
50437
50444
50445
50462
50468
50474
50473
50467
50461
50460
50459
50458
50457
50456
50455
50454
50453
50452
50451
50450
46821
50479
50480
50481
50482
50483
50484
50485
50486
50487
50488
50489
50490
50491
50492
50498
46824
50493
50475
50469
46822
50470
51336
50464
50463
50446
50447
51335
51334
50440
50434
51333
51332
50427
50426
50433
50439
50438
50432
50425
50419
50418
50411
50394
50395
50388
50387
46816
50378
50369
50368
50367
50350
50333
50332
50349
50366
50365
50364
50363
50346
50345
50328
50327
50343
50344
50362
50361
50360
46815
50342
46814
50326
46813
50311
46812
46811
50296
50312
50313
50329
50347
50348
50331
50330
50314
50315
50300
50299
50298
50297
50282
50266
50265
50281
46809
46810
50280
50279
50278
46514
50261
46513
50262
50263
50253
50243
50234
50217
50218
50235
50244
50254
46808
50264
50255
50245
50236
50219
46805
50220
46806
50221
50222
50223
50224
50225
50226
50227
50211
50202
50193
50183
50184
50185
50194
50195
50196
50205
50204
50203
50212
50213
50228
50238
50237
50246
50247
50257
50256
50272
50273
50289
50274
50275
50258
50248
50239
50229
50230
50214
50231
46807
50240
50249
50250
51327
51328
50260
50259
50276
50277
50293
50292
50291
50290
50305
50306
50320
50336
50335
50319
50304
50303
50288
50287
50271
50270
50269
50268
50267
50283
50284
50285
50286
50301
50302
50316
50317
50318
50334
50351
50352
50353
50354
50355
50338
50337
50321
50322
50307
50308
50323
50339
50356
51329
50382
50373
50372
50371
50370
50379
50380
50381
50389
50390
51330
50397
50396
50412
50413
50420
51331
40953
45288
40954
45298
40955
45315
45324
45338
45356
45374
40956
45392
40957
45401
40958
45410
40959
45419
40960
45428
40961
45437
41288
45429
45420
45411
45412
45421
45430
45438
45439
45457
45466
45475
45483
45484
45501
45518
45519
45502
45485
45486
45503
45520
45521
45504
45487
45488
45505
45506
45507
45489
45490
45491
45492
45476
45467
45458
45448
45447
45446
45445
45444
45443
45442
45441
45440
45431
45422
45413
45404
45395
45379
45380
45381
45361
45362
45363
45345
45344
45343
45342
45341
45359
45360
45378
45377
45376
45394
45403
45402
45393
45375
45357
45358
45340
45339
45325
45316
45299
45289
45279
41284
45280
45271
45261
45251
45234
45250
45260
45270
45269
40952
45259
40951
45249
40950
45232
40949
45233
45222
41282
45206
45205
40948
45195
45185
45169
40947
45157
40946
45140
40945
45128
40944
45111
40943
45096
40942
45080
45097
45081
45082
45083
45072
45063
45047
45046
41268
45034
45035
45036
45037
45048
45049
45064
41269
45073
45084
45085
41272
45099
45116
45133
45115
45114
45098
45113
41273
45112
45129
45141
45142
45130
41274
45131
45132
45144
45145
45146
45147
45148
45149
45150
45164
45180
45179
45178
45177
45176
45175
45163
45162
41276
45174
45189
45199
45190
45200
45215
45214
45213
45212
45211
45210
45209
45208
41281
45198
41279
45188
41277
45173
45161
45143
45160
45172
45159
45158
45170
45171
45187
45186
45196
45197
45207
45223
45224
41283
45225
45235
45236
45252
45262
45272
45281
45291
45290
41285
45300
41286
45326
45317
45301
45302
45292
45282
45273
45263
45253
45237
45226
45238
45239
45240
45241
45242
45243
45227
45216
45217
45218
45219
45220
45230
45229
45228
45245
45244
45254
45264
45274
45283
45293
45309
45308
45307
45306
45305
45304
45303
45318
41287
45327
45328
45346
45347
45329
45330
45331
45349
45368
45367
45366
45348
45365
45364
45382
45383
45384
45385
45386
45387
45369
45351
45350
45332
45319
45310
45311
45294
45295
45296
45285
45284
45275
45276
45277
45286
45297
46340
46339
45287
45278
46338
46337
45268
45267
45266
45265
45255
45256
45246
45247
45257
45258
46336
45248
45231
46335
45221
45204
45194
45193
45203
45202
45192
45191
45201
41280
41278
45181
45182
45166
45167
45183
45184
45168
45156
45155
45154
45153
45165
41275
45152
45151
45134
45122
45121
45120
45119
45118
45117
45100
45101
45088
45087
45086
45074
45065
45050
45051
45052
45053
45054
45090
45089
45102
45103
45104
45105
45106
45091
41271
45075
45066
45055
45056
45057
45058
45067
41270
45076
45092
45107
45108
45109
45126
45125
45124
45123
45135
45136
45137
45138
45139
46334
45127
45110
45095
45094
45093
45077
45068
45059
45069
45078
45079
45070
46333
45061
45060
45043
45042
45041
45040
45028
45029
45014
45004
45003
45002
45001
45013
45027
45039
41267
45026
45025
45024
45023
45022
45021
41266
45038
45020
45011
45010
45019
41265
45009
41264
41263
44992
41262
44982
44965
44953
44939
44921
44922
44940
44941
44942
44923
44924
44925
44911
44894
44895
44912
44913
44897
44896
44883
44882
41255
44865
44866
44850
44838
44823
44809
44808
44792
41249
44776
44761
44760
44775
44774
44759
44758
44757
44745
44729
44728
44744
44756
41248
44772
44773
44789
44805
44819
44834
44820
44806
44790
44791
44807
44821
44835
44847
44848
44836
44822
44837
44849
44864
44863
44881
44893
44910
44909
41257
44892
44880
41254
44846
41253
44833
44832
40934
44831
44845
44861
44862
44879
41256
44908
44891
44878
44877
40935
44890
44907
44920
44938
40936
44952
40937
44964
40938
44981
40939
44991
45008
45018
45033
40940
45045
40941
45062
45071
51326
51325
51324
50187
50170
50186
50169
50168
50167
50166
50165
50182
50181
50164
50163
50180
50179
50162
50178
50177
50176
50159
50160
50161
50122
50121
46797
50120
50102
50101
50094
50087
50080
50081
50088
50095
50103
50104
50105
50106
50123
50124
50107
50108
50109
50110
50127
50126
50125
46801
50151
50152
50153
50154
46799
50138
50146
50145
50144
50135
46798
50111
50112
46796
50128
50136
50137
50129
50130
50115
50114
50113
50096
50097
50090
50089
50082
50083
46795
51323
51322
51321
46794
51320
50045
50052
50044
50028
50027
50038
50039
50040
50041
50042
50043
50051
50058
50059
50076
50075
50074
50073
50072
50071
50070
50069
50068
50067
50066
50065
50064
50063
50062
50055
50047
50048
50049
50056
50057
50050
50037
50036
50035
50034
50033
50032
46793
50031
50030
50024
50018
50019
50025
50026
50020
50013
46791
50006
46790
49998
46788
49990
46786
49981
49973
49957
49956
49972
49971
49980
49979
49978
46496
49970
46495
49953
49954
49955
49939
49938
49937
46494
49928
49919
49909
46493
49893
49910
49920
49929
46783
49930
49921
46782
49911
49896
49897
49912
49913
49922
49931
46784
49940
49958
49959
49941
49942
49960
49961
49943
49944
49962
49963
49964
49945
49946
49947
49965
49966
49948
49949
49967
49968
49969
49951
49950
49934
49933
49932
49923
49914
49915
49924
49925
49916
49917
49908
49891
49892
46781
51312
49918
49926
49927
51313
51314
49936
49935
49952
51315
46785
49977
49984
49993
49985
49986
51316
49994
50002
50009
51317
51318
50016
46792
50015
50008
50001
50000
49992
46787
49983
49976
49975
49974
49982
49991
46789
49999
50007
50014
50021
50022
51319
44817
44818
44804
44803
40933
44788
44771
40932
44755
44743
44727
44715
40931
44699
44683
40930
44667
44668
44684
44685
44669
44670
41242
44671
44686
44702
44701
44700
44716
44717
44718
44730
41246
44746
44747
44748
44732
44733
44734
44735
44749
44765
44764
44779
44778
44763
44762
44777
41250
44793
44794
44824
44825
44826
44810
44796
44795
44780
44781
44782
44798
44797
44812
44811
44827
41251
44813
44814
44800
44799
44784
44783
44766
41247
44750
44737
44738
44722
44736
44721
44709
44708
44707
44706
44705
44704
44720
44731
41245
44719
44703
44687
44688
44689
44690
44691
44692
44693
44676
44675
44674
44673
44672
41241
44655
44656
44657
44658
44659
44643
44632
44623
44614
44603
44585
44566
44584
44602
44601
44600
44582
44583
44565
44564
44563
44581
44599
41235
44613
44597
44598
44580
44579
44562
44561
44560
41233
44578
44596
44595
41234
44612
44621
44622
41237
44631
41239
44642
44654
44653
41240
44641
44640
44652
44651
44650
40929
44638
44639
44630
44629
44620
44628
44619
44611
44593
44594
44577
44576
44575
44559
40928
44552
40927
44536
44527
40926
44528
44519
41231
44511
44510
40925
44501
40924
44492
40923
44483
40922
44484
44475
41230
44476
44460
44459
44458
40921
44448
40920
44438
44422
44439
44440
44449
44450
44451
41229
44461
44452
44442
44441
44424
44423
41225
44415
41223
44400
44399
44382
44365
44357
44383
44384
44366
41220
44358
44350
41219
41218
44343
44336
41217
44329
44322
44315
44308
44301
44285
44286
44287
44288
44289
44290
44291
44292
44279
44267
44266
44265
44264
44263
44262
41214
44278
44284
41216
44277
44261
44254
44255
44239
44240
44241
41212
44242
44243
44227
44226
44225
44200
44199
41209
44214
44224
44223
44222
44213
44198
44190
44181
44180
44189
44197
44196
44212
44221
44237
44238
44253
40908
44260
40909
44276
40910
44283
40911
44300
40912
44307
40913
44314
40914
44321
40915
44328
44335
44342
44349
40916
44356
40917
44364
40918
44381
40919
44398
44414
51303
51302
49707
49706
49695
49694
49677
49668
46768
46769
49676
49693
49692
49703
49704
49705
49716
49717
49718
49735
49752
49751
49734
49733
49750
49749
49765
46771
49748
49731
49732
49715
49714
49713
49729
49730
49747
49746
49745
49764
49763
49762
49744
49728
49727
49726
49725
49724
49723
49740
49757
49739
49722
49721
49738
49756
49771
49770
49755
49737
49720
49709
49698
46770
49681
49682
49699
49700
49710
49711
49712
49701
49684
49683
49673
49672
49664
49665
49666
49674
49685
49686
49687
49688
49689
49690
49702
49691
49675
49667
49660
49652
49644
49636
49625
49626
49627
49628
49610
49601
49602
49611
49629
49638
49637
49645
49646
49654
49653
49661
49662
49669
49678
49696
49679
49670
46767
51301
51300
51299
51298
51297
49612
49603
51296
51295
49594
49585
51294
51293
49568
49560
51292
51291
49552
49551
49559
49567
46760
49584
49593
49592
49583
49582
49591
49600
49609
49624
49623
49622
49621
49620
49619
49618
49608
49607
49617
49634
49635
49643
49651
49659
49658
49657
46766
49649
49650
49642
49641
49633
49615
49616
49606
46763
49598
49599
49590
49589
49573
49564
49563
46759
49555
46758
49547
46757
49530
49513
49514
49498
49497
49487
46754
49479
49466
49480
49488
49489
49481
49468
49467
49460
49459
49458
49465
49464
49478
49486
49494
49495
49496
49512
49511
49510
49528
49529
49546
49554
49562
49569
49561
49553
49545
49527
49509
49493
49485
49477
46480
49463
49456
49457
49440
49441
49442
49425
49426
49443
49444
49427
49428
49429
49412
49395
49396
49397
49414
49413
49430
49431
49415
49398
49399
49416
49433
49434
49435
49419
49418
49417
49400
49401
49402
49384
49376
49385
49377
49378
49370
49362
49361
49369
49368
49360
49352
49344
49336
49337
49345
49353
49354
49346
49347
51278
51279
49355
49363
51280
51281
49371
49379
51282
51283
51284
51285
51286
51287
49438
46750
49421
46749
49404
46748
49387
49386
49403
49420
49437
49436
49453
46752
49454
49455
49462
49476
49475
49461
46753
49452
49451
49450
49432
49449
49448
49447
49446
49445
46751
49469
49470
49471
49472
49473
49474
49482
49490
49505
49504
49503
49519
49520
49521
49539
49538
49537
49536
49535
49517
49518
49502
49501
49500
49499
49515
49516
49534
49533
49532
49531
49548
49549
49557
49556
49565
49574
49575
49576
49577
49578
49579
49580
49581
49566
49558
49550
49540
49522
49506
49507
49523
49541
49542
49543
49544
49526
49525
49524
49491
49483
49484
49492
46755
49508
46756
51290
51289
51288
44188
44179
40907
44162
44163
44153
44152
44142
44132
44115
44116
44133
44143
44154
44164
44165
44166
44182
41207
44201
44202
44203
44204
44205
44206
44183
44191
41208
44207
44216
44232
44233
44234
44235
44219
44218
44217
44208
44192
44184
44175
41206
44158
44148
44149
44139
44129
44112
44111
41201
44094
41200
44077
41199
44060
44061
44062
44063
46292
46291
46290
46289
44003
43993
43978
43963
43947
43946
43962
43977
41194
41195
43992
44002
44001
44019
44020
44036
44053
44052
44035
44034
44017
44018
44000
41197
43991
43976
41193
43960
43961
43944
43945
43920
43919
43928
43943
43942
43941
43927
43915
43914
43913
43912
43911
43910
41189
43925
43926
43936
43937
43938
43939
43956
43957
43940
43958
43959
43975
43974
43973
43972
43971
43955
43954
43953
43985
43986
43987
43988
43989
43990
43999
43998
44016
44033
44051
44050
44049
44059
44076
44058
44048
44032
44015
44014
44013
44012
44011
44010
44027
44043
44044
44028
44029
44045
44046
44030
44031
44047
44074
44075
44092
44091
44109
44093
44110
41202
44126
44127
44128
44138
44137
44136
44146
44147
44157
44156
44174
44173
44172
44171
44170
44169
44168
44167
44155
41205
44145
44144
41204
44134
41203
44118
44117
44100
44099
44082
44098
44081
44064
44054
44037
44038
44055
44065
44066
44083
44101
44119
44135
44120
44121
44122
44123
44124
44125
44108
44107
44106
44105
44088
44089
44090
44073
44072
44071
44070
44069
44086
44087
44104
44103
44102
44085
44084
44067
44068
44057
44056
41198
44040
44039
44023
44022
44021
44004
51276
51275
49307
46746
49324
49331
51277
49339
49338
49330
46747
49323
49329
49322
49321
49320
49319
49318
49317
49316
49315
49314
49313
49305
49304
46745
49289
46744
49274
49256
49238
49231
49239
49257
46743
49275
49276
49290
49291
49277
49260
49261
49243
49242
49241
49259
49258
49240
46741
49223
49215
49207
49199
49191
49183
49175
49167
49159
49151
49135
49134
49150
49158
49166
49174
49182
49190
49198
49197
49189
49181
49173
49165
49157
49149
49133
49117
49108
49093
49082
49083
49084
49085
46736
49094
46738
49109
46739
49118
49136
49137
49119
49120
49138
49139
49140
49141
49142
49143
49144
49152
49160
49168
49176
49177
49169
49161
49153
49145
49146
49154
49162
49170
49178
49186
49194
49193
49185
49184
49192
49200
49208
49201
49202
49210
49209
49217
49225
49216
49224
46742
49232
49250
49268
49285
49267
49249
49248
49247
49246
49245
49244
49262
49279
49278
49292
49293
49294
49295
49296
49297
49282
49281
49280
49263
49264
49265
49266
49283
49284
49298
49299
49306
49300
49301
49302
49287
49271
49286
49269
49270
49252
49253
49235
49234
49251
49233
49226
49218
49227
51274
51273
49219
49211
51272
51271
49203
49195
51270
51269
49187
49179
51268
51267
49171
49163
51266
51265
49155
49147
46740
51264
49130
49114
51263
49105
49090
51262
51261
49080
49089
49079
49070
49071
51260
51259
49062
46733
49045
46732
49036
49035
49044
49061
49069
49078
49088
49103
49104
49113
49129
49128
49112
49111
49127
49126
49125
49124
49123
49122
49121
49098
49097
49096
49095
46737
49086
49075
49076
49067
49052
49053
49054
49055
49056
49057
49058
49099
49100
49101
49110
49102
49087
49077
49068
49059
49060
49043
49034
49025
49024
49023
49022
49021
49020
49019
49018
49017
49006
48996
48980
48979
48962
48963
48946
48945
48935
48934
48933
46727
48944
48961
48960
48977
48978
48995
49005
49016
49015
49014
49004
48994
48993
46729
48976
48959
46728
48942
48943
48932
48931
48921
48922
48905
46725
48890
48891
48881
48880
48879
48861
48845
48846
48840
46719
48835
48834
46452
48833
48839
48844
48860
48878
48889
48888
48904
48920
46453
48930
46454
48941
46455
48958
46456
48975
46457
48992
46458
49002
49003
49013
49012
46459
49029
49030
49031
49040
49049
49050
49041
46731
49032
49033
49042
49051
49066
49065
49074
49073
46735
49064
46734
49048
49047
49039
49038
49046
49063
49072
46460
49081
49091
49092
49107
49106
49115
49116
49132
49131
46461
49148
46462
49156
46463
49164
46464
49172
46465
49180
46466
49188
46467
49196
46468
49204
46469
49212
46470
49220
49221
49213
49205
49206
49214
49222
49230
49229
49228
49236
49237
49255
49273
49254
46471
49272
49288
49303
49308
46472
49325
46473
49332
46474
49340
46475
49348
46476
49356
46477
49364
46478
49372
49373
49365
49357
49349
49341
49333
49326
49309
49310
49311
49312
49328
49327
49334
49342
49335
49343
49350
49351
49359
49367
49358
49366
49374
49375
49383
49393
49394
49411
49410
49409
49392
49382
49391
49408
49424
49423
49439
49422
49405
49388
49389
49406
49407
49390
49381
46479
49380
56849
54493
51728
54476
51727
56848
56847
56846
56845
56844
56843
56842
56841
54384
54367
54350
54332
54333
54324
54306
54288
54272
56840
56839
54266
54260
56838
54254
56837
56836
54248
54242
56835
56834
54236
54230
54229
54223
54224
56833
56832
54218
56831
56830
54212
54211
54217
54216
54222
54228
54234
54240
54235
54241
54247
54246
54253
54252
54258
54259
54265
54264
54271
54270
54286
54287
54305
54323
54322
54304
54285
54303
54321
54330
51726
54320
54302
54284
54283
54301
54319
54345
54344
54361
54360
54359
54343
54342
54341
54358
54357
54374
54375
54376
54377
54378
54395
54396
54413
54412
54429
54430
54431
54414
54397
54380
54379
54362
54363
54346
54347
54348
54331
54349
54366
54383
54400
54401
54418
54417
54416
54399
54382
54365
54364
54381
54398
54415
54433
54432
54442
54457
54473
54474
54458
54459
54443
54434
54435
54444
54460
54475
54492
51729
54508
54509
54510
56850
56851
54527
56852
54544
54543
54526
51730
54525
51731
54542
51732
54559
54560
54561
56853
56854
54570
54579
56855
56856
54588
54605
56857
54615
54614
54625
54626
54642
54652
56858
56859
56860
54695
54705
56861
56862
54715
54704
54694
54693
54703
54713
54714
54724
54723
54733
54732
54731
54730
54748
54747
54746
54762
54763
54764
54765
54749
54750
54751
54734
54735
51740
54752
56865
56864
54725
56863
49604
49595
49586
49587
49570
49571
49572
46761
49588
46762
49597
49596
49605
49614
49613
46481
49630
49639
49631
49632
46764
49640
46765
49648
49656
49647
49655
46482
49663
46483
49671
46484
49680
46485
49697
46486
49708
49719
49736
49753
49754
46772
49769
49779
49778
46487
49794
49795
49803
46488
49802
46489
49810
49811
49812
49805
49804
49796
49780
49781
49797
49798
49782
49772
49773
49758
49759
49741
49742
49743
49761
49760
49784
49783
49799
49807
49806
49814
49813
49819
46775
49818
49826
46490
49825
46491
49833
46492
49841
49849
49850
49842
49834
49835
49827
49828
49820
49821
49829
49830
49822
49815
49785
49786
49787
49788
49789
49790
49791
49792
49774
49775
49766
49767
49768
51304
49777
46774
51305
51306
51307
51308
51309
51310
51311
49848
49840
49832
49824
49817
49809
49801
49793
46773
49776
49800
49808
49816
49823
49831
49839
49847
46776
49862
46777
49863
49864
49882
49881
49880
49890
49907
49906
49905
46780
49888
49889
49879
49878
46779
49877
49861
49860
49859
49858
49857
49856
49855
49846
49845
49838
49837
49836
49844
49843
49851
49852
49853
49854
49870
49871
49872
49873
49874
49875
49876
49904
49903
49902
49901
49900
49899
49898
49887
49886
46778
49869
49868
49867
49885
49895
49894
49884
49866
49865
49883
56880
56879
54995
54994
55010
51756
54993
54984
54985
54986
54978
56878
54969
56877
56876
54961
54952
56875
56874
54943
54942
54941
54933
54916
54915
54908
54907
54906
54905
54904
54903
54902
54901
54875
54876
54861
54843
54842
54860
54859
54874
54889
54888
54887
54886
54869
54870
54871
54872
54873
54858
54857
54856
54855
54854
54853
54868
51496
54885
54894
54895
51751
54911
54918
51497
54935
51498
54944
51499
54953
54962
51753
54954
54945
54936
54919
54920
54896
54897
54912
54913
54898
54899
54900
54914
54925
54926
54927
54928
54929
54930
54931
54932
54940
54949
54958
54966
54967
54959
54950
54951
54960
54968
54977
54976
54975
51755
55009
55026
55027
55028
55029
55011
55012
55030
55043
55061
55042
55041
55059
55060
55077
55078
55089
56881
56882
55100
55099
55098
55088
55087
55076
55075
55086
55097
51760
55108
55120
55121
55109
55110
55111
56883
55123
55134
55144
55154
56884
56885
55164
55163
55153
55152
55142
55143
55133
55122
55132
55131
55119
51762
51764
55141
55151
55150
55160
55170
55180
55190
55200
55201
55191
55192
55202
55212
55211
55210
55220
55221
55230
55240
55231
55222
55232
55242
55258
55274
55257
55241
55256
55255
51767
55239
55229
55219
55209
55199
55189
55179
55169
55159
55149
55140
55130
55118
55107
55096
55085
55072
55073
55074
55057
55058
55040
55039
55038
55056
55055
55054
55071
55070
55053
55052
55051
55069
55068
55084
55095
55083
55082
55065
55066
55049
55067
55050
55036
51757
55019
55020
55021
55022
55023
51758
55037
55024
55025
55008
55007
55006
55005
55004
55003
55002
54992
54983
54974
54965
54957
54948
54939
54924
54923
54938
54922
54921
54937
54946
54947
54956
54955
54963
54964
54973
54982
54972
51754
54981
54990
54991
55000
55001
55018
55017
55035
55048
55047
55034
55033
55032
55014
55015
55016
54999
54998
54989
54980
54971
51500
54970
54979
51501
54987
54988
54997
54996
55013
55031
55044
51502
55062
51503
55079
51504
55090
51505
55101
51506
55112
55124
55135
51507
55145
51508
55155
51509
55165
51510
55175
55185
51511
55194
62474
62473
62472
61170
61159
61148
61147
57325
61135
61136
61137
61120
61119
61101
61102
61084
61068
61058
61042
61057
61041
61040
61028
57319
61020
61019
61018
61008
60992
60993
61009
61010
60994
60976
60966
60956
60946
62471
62470
62469
62468
62467
62466
62465
62464
62463
62462
62461
57314
60851
60834
57311
60808
60807
60806
60818
60833
60832
60831
60817
60816
60830
60815
60829
60847
60864
60863
57313
60846
60845
60844
60862
60861
60860
60842
60825
60843
60826
60827
60828
60814
60802
60787
60788
60803
60804
60805
60789
60772
60771
60770
60754
60753
60752
60767
60785
60768
60769
60786
60801
60800
60799
60784
60783
60766
60751
60737
60722
60723
60705
60724
60706
60707
60725
57305
60726
60708
60694
57301
60683
60695
60696
60710
60709
60727
60738
57306
60755
60756
60757
60773
60790
60791
60774
60775
60792
60793
60776
60759
60743
60742
60758
57307
60741
60740
60739
60728
60729
60711
60697
60698
60712
60730
60713
57303
60714
60699
62460
60687
60665
57296
60632
60622
62459
62458
60612
60602
60586
60585
60601
60611
60621
60631
57294
57295
60647
60648
60664
60676
60686
60685
60684
60674
60675
60663
60662
60661
60673
60672
57299
60659
60660
60645
60646
60630
60620
60610
60598
57293
60581
60582
60583
60599
60600
60584
60567
60566
60565
60550
60543
60536
60529
60522
60515
60507
60506
60505
60504
60487
60488
60489
60490
60473
60464
60456
60491
60508
60516
60523
60530
60537
60544
57291
60551
57292
60568
62457
57290
57289
57288
62456
62455
62454
62453
62452
62451
60458
60467
60476
60475
60493
57287
60509
60492
60474
60465
60466
60457
60442
60434
57285
57284
60426
62450
51480
54436
54445
54461
54477
54494
54511
54512
54513
54514
54531
54532
54549
54548
54530
54529
54528
54545
54546
54547
54565
54574
54583
54582
54581
54572
54573
54564
54563
54562
51481
54571
51482
54580
51483
54589
51484
54606
51485
54616
54617
54618
54608
54607
54590
54591
54609
54592
51734
54593
54610
54620
54619
54630
54631
54632
51737
54647
54659
54658
54674
54673
54657
54656
54646
54645
54629
54628
54627
54643
54644
54654
54655
54672
54688
54698
54708
54718
51739
54739
54740
54756
54755
51741
54738
54728
54754
54737
54727
54717
54707
54697
54687
54671
54653
54670
51486
54686
51487
54696
51488
54706
51489
54716
54726
54736
51490
54753
51491
54770
51492
54779
51493
54788
51494
54797
54806
54821
51495
54836
54837
54822
54807
54798
54789
54780
54771
54772
54781
54790
54799
54809
54808
54823
51747
54838
54839
54824
54825
54840
54841
54826
54827
54828
54829
54844
54830
54831
54845
54863
54862
54877
54878
54879
54864
54846
54847
54832
54833
54848
51748
51749
54849
54850
54851
54866
54865
54883
54882
54881
54880
54890
54891
54909
54892
54884
54893
51750
54910
54917
51752
54934
56873
56872
56871
56870
56869
54867
54852
54835
54820
51744
51742
54805
54796
56868
56867
54787
54778
56866
54769
54768
54767
54777
54786
54785
54776
54766
54775
54774
54783
54792
54793
54784
54794
54795
54804
51746
54834
51745
54819
54818
51743
54803
54802
54801
54817
54816
54815
54814
54813
54812
54811
54810
54800
54791
54782
54773
54759
54760
54761
54745
54744
54743
54758
54757
54741
54742
54729
54719
54709
54699
54689
54675
54676
54660
54661
54677
54678
54679
54663
54662
54637
54636
54635
54634
54633
54621
54611
54594
54584
54575
54595
54596
54597
54598
54599
54600
54601
54612
54622
51735
54638
54639
54648
54665
54664
54680
54681
54690
54700
54710
54720
54721
54722
54712
54711
54701
54702
54692
54691
54682
54666
51738
54649
54667
54683
54684
54685
54669
54668
54651
54641
54650
54640
51736
54623
54624
54613
54602
54603
54604
54587
54578
54569
54568
54577
54586
54585
54576
54567
54558
54557
54556
54555
54538
54537
54554
54553
54536
54535
54518
54519
54502
54503
54520
54521
54504
54505
54506
54523
54522
54539
54540
54541
54524
54507
54491
54490
54489
54472
54456
54455
54471
54488
54487
54470
54454
54453
54469
54486
54485
54468
54467
54466
54450
54449
54465
54482
54481
54498
54499
54500
54483
54484
54501
54517
54534
54551
54552
54566
51733
54550
54533
54516
54515
54497
54480
54479
54496
54495
54478
54462
54446
54437
54438
54421
54422
54439
54447
54463
54464
54448
54440
54423
54424
54441
54451
54452
54428
54427
54426
54425
54408
54409
54410
54411
54394
54393
54392
54391
54390
54407
54406
54405
54404
54420
54419
54402
54403
54386
54387
54388
54389
54372
54373
54356
54355
54354
54371
54370
54369
54385
54368
54351
54352
54353
54336
54327
54309
54310
54328
54337
54338
54339
54340
54329
51725
54312
54294
54293
54311
54292
54291
54290
54308
54326
54335
54334
54325
54307
54289
54273
54267
51479
54261
51478
54255
51477
54249
51476
54243
51475
54237
51474
54231
51473
54225
51472
54219
51471
54213
51470
54207
51469
54201
54195
54189
54183
62430
62429
60085
60102
60113
62431
62432
60124
60123
60112
60111
60100
60101
60084
60083
60066
60082
60097
60080
60063
60064
60048
60047
60046
60045
60044
60060
60061
60062
60078
60079
60096
60095
60094
60077
60076
60093
60092
60091
60108
60119
60129
60128
60127
57274
60117
60106
60089
60088
60087
60104
57033
60103
57034
60114
60125
60126
60136
60146
60145
57035
60161
57036
60172
57037
60183
57038
60194
57039
60205
57040
60216
57041
60227
57042
60238
57043
60249
57044
60260
60271
60272
60261
60262
60273
60283
60282
60281
60299
57045
60317
60318
60300
60301
60319
60320
60302
60303
60285
60286
60304
60305
60306
60307
60289
60288
60287
60276
57277
60265
60264
60275
60284
60274
60263
60252
60241
60240
60251
60250
60239
60228
60217
60218
60219
60208
60207
60196
60197
60186
60185
60174
60173
60162
60163
60147
60137
60138
60139
57276
60149
60150
57275
60151
60152
60153
60154
60155
60156
60167
60168
60179
60178
60189
60200
60201
60212
60213
60214
60225
60226
60215
62439
62440
62441
60237
60236
60235
60224
60223
60234
60246
60257
60258
60247
60248
62442
62443
60259
62444
60270
60280
60298
60316
62445
60325
60342
60358
62446
62447
60375
60392
62448
62449
60409
60425
57283
60408
57282
60391
57281
60374
57280
60357
57279
60341
60324
60315
60314
60323
60313
60295
60296
60297
60279
60269
60268
60278
57278
60267
60266
60277
60294
60293
60292
60310
60309
60291
60290
60308
60334
60335
60351
60350
60349
60366
60383
60400
60417
60418
60419
60420
60421
60422
60405
60404
60403
60386
60385
60402
60401
60384
60367
60368
60369
60352
60336
60337
60338
60311
60312
60322
60339
60340
60356
60373
60372
60355
60354
60353
60370
60387
60371
60388
60389
60390
60407
60424
60406
60423
60433
60441
60455
60454
60453
60452
60451
60450
60449
60484
60485
60486
60503
60502
60501
60514
60521
60520
60513
60499
60500
60483
60472
60463
60448
60440
60432
60431
60439
60447
60446
57286
60438
60430
60412
60395
60394
60411
60428
60429
60437
60436
60444
60445
60461
60462
60471
60482
60481
60498
60497
60480
60479
60470
60469
60478
60495
60496
60512
60511
60518
60519
60526
60525
60532
60533
60540
60539
60546
60547
60554
60553
60570
60569
60552
60545
57056
60538
57055
60531
57054
60524
57053
60517
57052
60510
57051
60494
60477
60468
57050
60460
60459
57049
60443
57048
60435
57047
60427
57046
60410
60393
60376
60377
60378
60379
60396
60413
60414
60415
60416
60399
60382
60381
60398
60397
60380
60364
60365
60348
60333
60332
60321
60331
60330
60329
60346
60347
60363
60362
60361
60345
60328
60327
60344
60360
60359
60343
60326
62883
65703
65685
65684
65702
65719
65718
62882
65701
65683
65682
65700
65717
65716
65698
65699
65681
65680
65664
65663
65662
65661
65677
65676
65675
65693
65694
65712
65711
65710
65709
65708
65707
65723
65722
65739
65755
65754
65738
65721
65705
65686
65704
65720
65737
62683
65753
62684
65765
65766
65767
65768
65769
65757
65756
65740
65741
65724
65725
65742
65758
65759
65743
65726
65727
65744
65745
65728
65729
65747
65746
65784
65783
65782
65771
65770
65781
65780
65779
62887
65795
65796
65797
65798
65810
65809
65827
65808
65826
65841
65840
65854
65855
65856
65857
65842
65843
65828
65829
65811
65812
65830
65831
65844
65858
65875
62896
65887
65876
65859
62892
62891
65845
65846
65847
65860
62893
65877
65889
65888
65906
65905
65904
65903
65874
65873
62895
65872
65871
65870
65886
65899
65900
65901
65902
65917
65918
65919
65920
62900
65931
65949
65961
65950
62902
65962
65951
65935
65934
65933
65932
65921
62897
65907
65922
65908
65891
65890
65878
65861
65862
65879
65880
65863
65848
65835
65834
65833
65832
62889
65815
65814
65813
65785
65786
65787
65788
65799
65816
65817
65818
65819
65820
65803
65802
65801
65800
65789
65773
65772
65760
65748
65731
65730
65714
65713
65695
65696
65678
65679
65697
65715
65732
65733
65749
65761
65762
65763
65751
65750
62885
65734
62884
65735
65736
68097
68098
65752
65764
68099
68100
65776
65775
65774
62886
65790
65791
65792
68101
68102
65804
65821
65837
65836
65849
65850
65864
62894
68103
65893
65892
65909
62898
65923
65924
65936
65953
65952
65963
65964
65981
65980
65996
62905
65979
65978
65977
65960
65948
65947
65946
65945
65944
65943
62901
65930
65916
65915
65914
62899
65929
65942
65941
65940
65939
65938
65955
65966
65983
65984
62906
65999
65985
65967
62903
65956
65957
65958
65968
65986
66000
66018
66017
66016
66032
66033
62910
66048
66049
66060
66059
66071
66082
66094
66093
66081
66080
66079
66068
66069
66070
66058
62912
66031
66047
66057
66046
66030
66014
66015
65998
65982
65965
62689
65954
62688
65937
62687
65925
65926
65927
65928
65913
65912
65911
65895
65910
65894
65881
65865
65852
65866
65882
65883
65896
65897
65898
65885
65869
65868
65884
65867
65853
65839
62890
65824
65825
65807
65806
62888
65794
65778
65777
65793
62685
65805
65823
65822
65838
62686
65851
73889
71810
71796
68594
71782
71768
71783
73888
73887
71769
71754
68591
71753
71767
71781
71795
71794
71793
71779
71780
71766
71765
71764
71778
71777
71763
71762
71776
71790
71791
71792
71806
71805
71804
71819
71820
71821
71835
71836
71849
71863
71864
68598
71880
71896
71897
71881
71865
71851
71850
71837
71838
71824
71823
71822
71807
71808
71809
71825
71826
71839
73890
73891
71852
73892
71866
71882
68599
68601
71898
71913
68602
71912
71926
71927
71928
73893
71944
71959
71976
71977
71993
73894
72010
72027
73895
73896
72043
72042
72041
72025
68608
72026
72009
71992
72008
72007
68607
72006
72024
72023
72022
72005
71987
71988
71989
71990
71991
71975
71974
71956
71957
71958
71943
71942
71941
71940
71955
71973
71972
71954
71953
71971
71970
71969
71952
71951
71950
71968
71985
71986
72003
72002
72001
72000
71999
71998
72015
72016
72034
72017
72018
72019
72020
72004
72021
72037
72038
72039
72040
72055
72056
72074
72075
72057
72058
73897
73898
73899
73900
73901
72137
73902
68613
72151
72164
72163
72150
72135
72136
72120
72119
72103
72104
72105
72090
72089
72088
72073
72072
72054
72053
72052
72071
72087
72086
72085
72070
72069
72068
72067
72051
72036
72035
68609
72050
72066
72065
72082
72083
72084
72099
72098
72097
72096
72111
72124
72110
72109
72094
72095
72080
72081
72064
72049
72033
72032
72048
72047
72031
72030
72013
72014
71997
71980
71981
71982
71983
71984
71967
71966
68605
71936
71935
68603
71890
71891
71906
71920
68604
71937
71938
71922
71923
71939
71924
71925
71911
71895
71910
71909
71894
71879
71862
71848
71847
71834
71833
71846
71860
71861
71878
71893
71908
71921
71907
71892
68600
71877
71876
71875
71874
71873
71859
71858
71872
71888
71889
71905
71904
71903
71887
71886
71902
71917
71918
71919
71934
71933
71948
71949
71965
71964
71963
71979
68606
71961
71962
71946
71947
71932
71931
71916
71915
71930
71914
71929
71945
71960
68325
71978
71994
71995
71996
72012
72029
72011
68326
72028
72044
72059
68327
72076
72077
72060
72045
72046
72061
72062
72063
72079
72078
72093
72092
68328
72091
68329
72106
68330
72121
72138
72139
72122
72107
72108
68610
72123
72140
72141
68612
72154
72155
72142
72143
72125
72126
72112
72113
72114
72128
72127
68611
72144
72157
72156
72170
72184
72169
72183
72182
72168
72167
72166
72153
72152
68331
72165
68332
72179
68333
72193
68334
72210
68335
72222
68336
72233
68337
72244
68338
72255
68339
72266
68340
72277
68341
72288
68342
72299
68343
72310
68344
72321
68345
72332
68346
72343
68347
72354
68348
72365
72366
72377
72376
72392
72410
68349
72428
72429
72411
72393
72394
72378
72379
72395
72413
72412
72430
72441
72440
72456
72470
72486
72469
72455
72439
72438
72454
72468
68350
72485
72494
72495
72496
72497
72514
68626
72530
72541
72540
68627
72529
72513
72512
72511
72528
72539
72550
72551
72552
72553
68630
72568
68632
72579
68633
72591
68635
72607
68636
72618
72619
72629
72628
72646
72658
72647
72648
72659
72660
72661
72662
72663
72664
72665
72666
72649
72638
72637
72636
72635
72634
72633
72632
72631
72630
72620
72609
72608
72592
72593
72581
72580
72569
72570
72555
72554
72542
72543
72544
72556
72571
72582
68634
72594
72595
72596
72597
72598
72599
72583
72572
72573
72584
72585
72601
72600
72611
72610
68637
72621
72612
72622
72639
72650
68639
72667
72677
68642
72687
72678
72668
72669
72670
73923
73924
72680
72679
72688
72689
68643
72698
72697
72714
72713
72712
72696
72686
72676
72709
72710
72711
72731
72732
72749
72748
72747
72730
72729
72746
72763
72762
72745
72728
72727
72744
72761
72777
72760
72743
72742
72759
72776
72793
72794
72795
72778
72779
72796
72797
72780
72781
72764
72765
72766
72783
72784
72767
72750
72733
72715
72716
72734
73925
73926
73927
73928
72809
68645
72801
72808
72800
72782
72799
72798
72807
72815
72823
72838
72855
72854
72837
72836
72835
72852
72869
72870
72887
72888
72889
72872
72873
72890
72891
72874
72875
72876
72859
72858
72857
72856
72839
72840
72841
72824
72816
72817
73929
73930
72825
68648
72842
73931
73932
73933
73934
72909
72925
68652
73935
72942
72951
73936
73937
72960
72959
72950
72941
72940
72932
72933
72924
72908
72893
72892
72907
72923
72922
72906
72905
72921
72931
72939
72948
72957
72973
72972
72971
72970
72969
72968
72967
72966
72980
72981
72988
72995
73003
73002
72994
72987
68656
72979
72978
72962
72953
72956
72947
72938
72930
72913
72914
72898
72899
72900
72915
72916
72917
72918
72902
72901
72886
72885
72884
72867
72866
72883
72882
72897
72896
68649
72880
72881
72864
72865
72848
72847
72846
72829
72820
68647
72812
68646
72813
72814
72806
72790
72791
72792
72775
72774
72773
72756
72757
72758
72741
72724
72725
72726
72708
72707
72706
72705
72723
72740
72739
72722
72704
72703
72721
72738
72755
72754
72737
72720
72702
72701
72719
72718
72736
72752
72769
72753
72770
72771
72772
72789
72805
72804
68644
72788
72787
72786
72803
72811
72819
72818
72810
72802
72785
72768
72751
72735
72717
72699
72700
72691
72690
68353
72681
72682
72692
72693
72694
72695
72685
72675
72674
72684
72683
68641
72673
68640
72657
72656
72645
72644
72655
72672
72671
72654
72643
68352
72626
68351
72627
68638
72617
72616
72605
72606
72589
72590
72578
72567
72577
72566
79068
79067
79066
77915
77907
77899
77890
77891
74412
77862
79065
77852
77835
77834
77817
77818
74409
77790
77772
77755
79064
79063
77741
77727
79062
79061
77713
77699
79060
79059
77685
77684
77670
77669
77655
77656
77671
79058
79057
77657
77643
79056
79055
79054
77615
77614
77613
77612
77626
77627
77628
77629
77642
77641
77640
77654
77668
77667
77666
77680
77681
77695
77694
77708
77722
77736
77737
77723
77709
77696
77682
77683
77697
77698
77712
77726
77740
77754
77771
77789
77806
77805
74408
77788
77770
77753
77739
77725
77711
77710
77724
77738
77752
77769
77768
77786
77804
77803
77802
77801
77800
77799
77781
77763
74407
77749
77735
77734
77748
77747
77746
77732
77733
77720
77721
77707
77706
77692
77678
77693
77679
77665
77664
77651
77637
77623
77610
77624
77638
77652
77653
77639
77625
77611
77598
77599
77600
77581
77582
77569
77568
77554
77555
77556
77570
77583
77584
74406
77601
79053
79052
79051
77571
77557
79050
79049
77543
77529
79048
79047
77515
77514
77528
77542
77527
77541
77540
77526
77511
77497
77483
77482
77496
77510
77524
77525
77539
77538
77552
77553
77567
77566
77579
77580
77597
77596
77595
77594
77593
77592
77609
77608
77622
77621
77607
77606
77589
77590
77591
77577
77576
77563
77549
77550
77564
77578
77565
77551
77537
77523
77509
77495
77481
77467
77466
74403
77451
77450
77435
77421
77420
77407
77408
77422
77436
77452
77437
77438
77423
77409
77394
77379
77363
77347
77346
77362
77378
77393
77392
77391
77406
77405
77419
77433
77434
77449
77448
77464
77463
77462
77475
77476
77477
77478
77465
77479
77480
77494
77493
77492
77491
77490
77489
77504
77505
77519
77520
77506
77507
77508
77522
77521
77536
77535
77534
77548
77562
77561
74405
77574
77575
77588
77605
77619
77620
77634
77648
77649
77635
77636
77650
77663
77677
77691
77705
77719
77718
77704
77690
77676
77662
77661
77647
77646
77660
77675
77689
77703
77717
77731
77730
77729
77743
77757
77756
74187
77742
74186
77728
74185
77714
74184
77715
77716
77702
77688
77674
77673
77687
77701
77700
74183
77686
74182
77672
74181
77659
77658
74180
77644
74179
77630
74178
77616
74177
77602
74176
77585
77586
77603
77617
77631
77645
77632
77633
77618
77604
77587
77560
77559
77573
77572
77558
74175
77544
74174
77530
74173
77516
74172
77517
77531
77545
77546
77547
77533
77532
77518
77503
77502
74171
77488
74170
77474
74169
77461
77445
77430
77431
77446
77447
77432
77418
77417
77416
74168
77402
74167
77387
74166
77372
74165
77356
74164
77340
74163
77324
77306
77288
77289
77307
77308
77290
77291
77309
77310
77328
77327
77342
77326
77325
77341
77357
77373
77388
77403
77404
77389
77390
77375
77374
77358
77359
77343
77344
77360
77376
77377
77361
77345
77330
77329
77311
77293
77312
77313
77331
77314
77332
77348
77364
77380
77395
77410
77424
74399
77453
77454
77455
77468
77469
77456
74401
77457
74404
77470
77484
77498
77512
77513
77499
77485
77471
77458
77442
77443
77459
77472
77486
77500
77501
79046
79045
77487
77473
77460
77444
77429
77428
77427
77413
77399
77384
77369
77370
77385
77400
77414
77415
77401
79044
77386
77371
79043
79042
77355
77354
77353
77368
77367
77382
77383
77398
74397
77397
77412
74398
77426
77441
74402
77440
74400
77439
77425
77411
77396
77381
74396
77366
77365
77349
77350
77351
77335
77336
77352
77337
77338
77339
77323
77305
77304
77322
77321
77320
77319
77283
77284
77269
77252
77238
77199
77198
77197
77196
77209
74389
77195
77182
77181
77167
77168
77154
77140
77125
77124
77139
77153
74388
77138
77137
77152
77166
77180
77194
77208
74390
77222
77223
77237
74391
77251
77268
77267
77282
77266
77281
77280
74394
74393
77263
77264
77265
74392
77249
77250
77236
77235
77221
77179
77178
77164
77163
77177
77176
77175
77189
77203
77216
77215
77202
77188
77174
77160
77146
77147
77148
77161
77162
77149
77150
77165
77151
77136
77135
77134
77120
77119
77133
77132
77131
77117
77118
77105
74385
77093
77080
77081
77069
77053
77054
77055
74381
77070
77056
77043
77031
77020
77007
76991
76979
76962
76963
76964
76965
76966
76967
76994
76993
76992
77021
77032
77044
74380
77060
77072
77073
77061
77062
77074
77087
77086
77085
74384
74382
77071
77084
77097
77109
77122
77123
77110
77098
74386
77111
77099
77100
77101
77088
77089
77102
77114
77128
77127
77113
77112
77126
77142
77141
77155
77156
77170
77169
77183
77184
77185
77171
77172
79037
77158
77157
77143
77144
79036
79035
77129
77115
77103
79034
77090
77077
77065
77076
77075
77063
77064
77048
77049
79033
79032
77037
77036
77035
77047
77046
77045
77033
77034
77022
77023
77024
77025
77014
76984
76983
76982
77000
77001
77013
77012
77011
74379
77010
77009
77008
74378
76995
76996
76997
76998
76999
76981
76980
74377
76968
76969
76952
76951
76940
76929
76918
76907
76896
76885
76874
76875
76886
76897
76898
76899
76910
76909
76908
76919
76920
76931
76930
76941
76942
76953
76970
76971
76954
76943
76944
76955
76972
76973
79031
79030
79029
79028
76922
76933
76932
76921
76911
76900
76889
76888
76887
76876
76865
76864
76863
76852
76841
76840
76839
76838
76837
76836
76851
76862
76873
76884
76895
76906
76917
76928
76939
76950
76961
76960
76949
76938
76927
76916
76915
76926
76937
76948
76947
76936
76925
76914
76903
76902
76913
76924
76935
76946
76957
76958
76959
76977
76978
76990
76989
77006
77005
77004
76988
76987
76976
76975
76986
77003
77016
77017
77018
77019
77030
77029
77041
77040
77039
77038
74152
77026
74151
77015
74150
77002
74149
76985
76974
74148
76956
76945
74147
76934
74146
76923
74145
76912
74144
76901
74143
76890
74142
76879
74141
76868
74140
76857
74139
76846
74138
76830
76819
74137
76808
74136
76797
74135
76786
74134
76775
76776
76767
76766
76749
74133
76750
76741
76731
76732
76733
76743
74372
76742
76752
76751
76768
76769
76779
76790
76789
76778
76777
76788
76787
76798
76799
76810
76809
76820
76831
76847
76858
76869
76870
76880
76891
76892
76881
76882
76893
76904
76905
76894
76883
76872
76871
76859
76848
76849
76860
76861
76850
76834
76833
76832
76821
76822
76811
76800
76801
76812
76823
76835
76824
76813
76802
76791
74374
76780
74373
76753
76754
76755
76756
76757
76758
76759
76760
76761
76770
76781
76771
76762
76763
76764
76747
76726
76716
76737
76738
79014
79015
76748
76765
76774
79016
79017
76785
76784
76773
76772
76783
76782
76793
76792
76803
76814
76825
74375
76842
76843
76826
76827
76844
76855
76854
76853
76866
76877
76878
76867
76856
76845
76828
76817
76816
76815
76804
76805
76794
76806
76795
76796
79018
79019
76807
76818
79020
79021
76829
74376
79022
79023
79024
79025
79026
79027
71426
71427
71411
71412
71413
71428
71443
71472
71457
71442
71441
71456
71471
71486
71501
71516
71531
71546
71561
71577
71576
71593
71611
71626
71643
68584
71660
71677
71693
68588
71727
71741
71757
71742
71729
71728
71710
71694
71678
71661
71644
71627
71628
71629
71646
71645
71662
71663
71664
71682
68587
71698
71683
71665
71684
71666
71667
71668
71669
71652
71651
71650
71649
71648
71647
71630
71614
71596
71595
71613
71612
71594
71578
71562
71579
71580
71581
71597
71598
68582
71615
71631
71632
71633
71634
71635
71636
71653
71670
71687
71686
68585
71685
71701
71700
71699
71716
71717
71718
71734
68590
71748
71749
71735
71719
71702
71703
71704
71688
71689
71705
71722
71721
71720
71736
71750
71751
71752
71737
71738
71739
71723
71724
68589
71725
71708
71707
71706
71690
71672
71671
71654
71637
71620
71621
71605
71606
71622
71608
71590
71574
73883
73882
73881
71544
71559
71543
71558
71573
71572
71557
71542
71527
71528
71529
73880
73879
71514
71499
73878
73877
71484
71469
73876
73875
71454
71439
73874
73873
71424
71409
71393
71392
71391
71390
71389
71405
71404
71388
71387
71373
71374
71359
71358
71343
71342
68575
71326
71309
71308
71325
71324
71307
71306
71289
71304
71303
71302
71301
71318
71319
71336
71335
68576
71350
71351
71367
71366
68577
68579
71380
68580
71395
71396
71381
71382
71368
71369
71353
71354
71355
71341
71340
71323
71339
71338
71352
71337
71320
71321
71322
71305
71290
71291
71272
71273
71274
71275
71257
71256
71241
71242
71226
71225
71210
71196
68565
71211
68567
71227
71243
68568
71258
71259
71260
71244
71228
71212
68566
71198
71213
71199
71200
71185
71184
68562
71167
68561
71151
68559
71150
68558
71137
68556
71124
71107
71108
71090
71074
71073
71089
71088
71106
71123
71122
71136
71135
71134
71120
71121
71103
71102
71101
71119
71118
71144
71131
71117
68304
71099
71100
71082
71083
71084
71085
71086
71104
71105
71087
71071
71072
71056
71055
71038
71037
71019
71003
71002
71001
71018
71017
71016
71033
71034
71035
71036
71054
71070
71069
71053
71052
71068
71067
71051
71050
71066
71081
71065
71049
71032
71015
70999
71000
70982
70983
70984
70985
70986
70971
70970
70956
70955
70969
70968
70967
70953
70954
70940
70939
70925
70926
70927
70941
70942
70928
70929
70943
70944
70945
70959
70958
70957
70972
70987
71004
71020
71021
71005
70988
70973
70989
70990
68548
71006
68550
71022
68551
71039
71040
68552
71057
71041
71042
71043
71044
71027
71010
71009
71026
71025
71024
71023
71007
70991
70992
68549
71008
70993
70994
70995
70978
70977
70962
70963
70964
70950
70936
70937
70951
70965
70980
70997
70979
70996
71011
71028
71029
71012
71013
71030
71047
71046
71045
71060
71059
71076
71058
68553
71075
71092
71091
71109
71093
71077
71061
71078
71079
71062
71063
68554
71080
71064
71048
73867
73866
71031
71014
70998
68547
73865
70981
70966
68544
68542
70952
70938
73864
73863
70910
70924
70923
70922
70909
68539
70895
70879
70896
70897
70880
73862
70865
73861
73860
70850
70835
73859
73858
70820
70806
70805
70789
70804
70803
70802
70787
70788
70773
70756
70738
70720
70719
70704
70703
70702
70717
70735
70753
70754
70736
70718
70737
70755
70772
70771
70786
70801
70785
70770
70769
70752
70751
70768
70784
70767
70750
70732
70733
70734
70716
70715
68533
70687
70686
70685
70671
70672
70673
70659
70658
70644
70645
70632
70631
70630
70629
70616
70617
70618
70604
70587
70588
70589
70590
70558
70559
70560
70543
70542
70529
70528
70527
70526
70525
70524
68528
70556
70557
70572
70540
70522
70520
70492
70491
70490
70475
70458
68522
70442
70426
70410
70427
70443
70444
70428
70412
70411
70396
70395
70380
70365
70364
70349
70336
70350
70337
70324
70325
70339
70338
70351
70352
70368
70367
70366
70381
70382
70383
70384
70369
70354
70353
70340
70326
70341
70327
70313
70312
70311
70295
70280
70265
70266
70254
70237
70236
70253
70252
70264
70263
70251
70235
70234
70221
70222
70223
70207
70208
70193
68498
70194
70210
70209
70224
70255
70256
70238
70225
70226
70239
70240
70241
70228
70227
70211
70212
70195
70196
70213
70215
70173
70172
70171
70170
70169
70168
70167
70183
70182
70192
70191
70181
68496
70180
70190
70206
70205
70204
70220
70233
68279
70250
70262
70277
70278
70279
70294
70293
70309
70310
70323
70322
68281
70308
68280
70292
78970
75997
76009
78971
78972
76026
76025
76036
76035
76046
76057
76056
76055
76044
76045
76034
76033
76022
74346
76005
76006
76023
76024
76007
75995
75994
75993
75981
74343
74341
75958
75957
75940
75926
75925
75924
74336
74337
75951
75952
75953
75954
75955
75956
75969
75980
75991
76003
76032
76043
76054
76065
76080
76081
76082
76099
76116
76117
76118
76119
76130
76141
76152
76140
76129
76128
76139
76150
76151
76163
76164
76165
76153
76142
76143
78978
78977
76121
76132
76131
76120
76102
76101
76100
76083
76066
76067
76084
76085
76086
76103
76104
76087
78976
76070
76069
76068
76058
76047
76059
78975
78974
76048
76037
78973
70379
70394
70409
70425
68282
70441
68283
70457
68284
70474
70489
68285
70505
68286
70518
68287
70535
68288
70549
70550
68529
70566
70567
70582
70581
70598
68289
70597
68290
70611
68291
70625
70626
68531
70639
70640
70641
70642
70643
70657
70656
70655
70669
70670
70684
70699
70712
70729
70747
70764
70765
70748
70730
70713
70700
70701
70714
70731
70749
70766
68535
70783
68536
70813
70827
70842
70843
70858
70873
70874
70859
70844
70828
70829
70814
68537
70797
70798
70799
70800
70815
70830
70831
70816
70817
70818
70819
70834
70849
70864
70848
70833
70832
70847
70862
70863
70878
70894
70893
70908
70921
70935
70949
70948
70934
70920
70919
70933
70947
70961
70976
70975
68546
70974
68545
70960
68543
70946
68541
70932
70918
70905
70906
70907
70892
70877
70876
70861
70846
70845
70860
70875
70891
70890
70889
70888
70887
70904
70917
70931
70930
68540
70916
70903
70886
70872
70857
70841
70856
70855
70840
70839
70838
70853
70854
70869
70870
70871
68538
70885
70902
70915
70914
70901
70884
70883
70882
70899
70900
70913
70912
70911
68303
70898
68302
70881
68301
70866
68300
70867
70868
70852
70851
68299
70836
68298
70821
68297
70807
70837
70822
70808
70792
70791
70777
70760
68296
70742
70743
68534
70761
70779
70778
70793
70794
70795
70811
70810
70809
70823
70824
70825
70826
70812
70796
70782
70781
70780
70762
70763
70746
70728
70727
70745
70744
70726
70725
70724
70708
70694
68295
70680
68294
70666
68293
70667
70681
70695
70696
68532
70709
70710
70711
70698
70697
70683
70682
70668
70654
70653
68292
70652
78988
76261
76260
76272
76273
76284
76283
76282
76281
76270
76271
76259
76258
76246
76234
76222
76210
76211
76223
76235
76247
76248
76249
76237
76236
76224
76212
76200
76199
76198
76186
76187
76188
76189
76177
76176
76175
76174
76162
76161
76173
76185
76197
76209
76221
76233
76245
76257
76269
76280
76294
76293
76311
76327
76326
76310
76292
76291
76309
76325
76343
76344
76345
76346
76347
76348
76349
76331
76330
76329
76328
76312
76313
76295
76296
76297
74355
76298
76314
76315
76299
76300
76316
76334
76333
76332
76350
76351
76363
76379
76389
76399
76410
76427
76428
76445
76462
76461
76460
76443
76444
76426
76409
76408
76397
76398
76388
76378
74357
76362
76361
76360
76377
76386
76387
76396
76407
76425
76424
76441
76440
76423
76422
76406
76395
76385
76376
76359
76375
76374
76373
76372
76371
76370
76384
76394
76405
76404
76393
76383
76382
76392
76403
76415
76432
76414
76391
76381
76367
76366
76365
74111
76380
74112
76390
74113
76401
76402
76413
76412
76429
76430
76431
76448
76449
76450
76433
76416
76417
76418
76434
76435
76452
76451
76467
76477
76487
76486
76476
76466
76465
76475
76485
76495
76496
76497
76507
76517
76516
76506
76505
76515
76525
76535
76545
76536
76526
76527
76537
76546
74363
76566
76576
76587
76588
76589
76590
76591
76604
76620
76637
76619
76618
76636
76635
76617
76616
76615
76603
74365
76586
76585
76584
76574
76575
76565
76556
76555
76544
74362
76543
76534
76524
76514
76504
76494
76484
76474
76464
76447
76446
74114
76463
74115
76473
74116
76483
74117
76493
74118
76503
74119
76513
74120
76523
74121
76533
80967
79543
79542
80950
80941
80940
80949
80948
80957
80964
79545
80956
80947
80938
80939
80932
79541
79540
80916
80900
79538
79537
80892
80884
82759
82758
80876
80869
80868
80867
80875
80883
80882
80874
80866
80865
80864
80850
80849
80848
80847
80846
80845
80844
80858
80859
80860
80861
80862
80863
80873
80881
80890
80889
80897
80898
80891
80899
80915
80914
80931
80930
80913
80912
80929
80928
80911
80910
80927
80926
80925
80909
80908
80907
80924
80923
80906
80905
80922
80937
80921
80904
80896
80895
80887
80888
80880
80879
80871
80855
80872
80856
80857
80843
80842
80834
80818
80819
80820
80821
80822
80823
80824
80825
80826
80827
80835
79534
80851
80852
80836
80828
80829
79533
79535
80837
80830
80813
80812
80811
79531
80802
79530
80792
80793
80803
80794
80795
80804
80805
80796
80779
80762
80778
80761
80745
80744
80737
80730
80723
80724
80731
80738
82757
82756
82755
82754
82753
82752
82751
82750
82749
82748
79526
80659
80652
82747
80635
80634
80617
80618
79519
79518
79517
82746
80561
80544
80543
80560
80559
80542
80541
79514
80517
80509
80510
80518
80525
80526
80527
80519
82745
80511
82744
82743
80504
80503
79512
80486
79511
80487
82742
82741
80470
80463
79510
80456
80457
80439
82740
79508
79507
80426
80425
80408
80424
80423
80422
80421
80420
80419
80418
80417
80416
80415
80414
80413
79506
80407
80400
80406
80399
80398
80390
80382
80376
80370
80369
79237
80363
79236
80358
79235
80342
80337
79234
80332
79233
80327
79232
80322
79231
80305
80288
85724
84047
85725
84051
84055
83287
83288
84059
84063
83289
83290
84067
85726
83291
84086
84105
84104
84103
84123
84124
84143
84142
84141
84122
84121
84120
84139
84140
84145
84146
84165
84164
84183
84182
84163
84162
84181
84161
84160
84179
84178
84197
84198
84180
84199
84200
84201
84202
83298
84207
84211
84215
84219
84223
84227
84228
85732
85731
84224
84220
85730
84216
85729
85728
84212
84208
84204
84203
84184
84185
84166
84147
85727
80375
79238
80381
79239
80389
79240
80397
79241
80404
79242
80410
79243
80427
79244
80431
80435
80428
80411
80405
80412
80429
80433
80432
80436
80437
80442
80441
80459
80460
80466
80467
80461
80443
80444
79509
80445
80446
80447
80448
80449
80450
80451
80452
80453
80454
80430
80434
80438
80455
80462
80469
80468
80485
80484
80483
80502
80501
80500
80499
80482
80481
80498
80497
80480
80479
80478
80496
80495
80477
80494
79513
80493
80476
80475
80474
80473
80465
80440
79245
80458
79246
80464
80471
80488
80472
80489
80490
80491
80492
80516
80515
80508
80507
80514
80522
80529
79515
80521
80513
80506
80505
79247
80512
79248
80520
79249
80528
79250
80545
79516
80546
80564
80581
80589
80590
80598
80597
80596
80588
80580
80563
80562
79251
80579
79252
80587
79253
80595
80603
79254
80619
80620
80604
80605
80621
80638
80639
80663
80664
80665
80666
80667
80668
80669
80670
80671
80672
80673
80656
80649
80648
80630
80615
80614
80629
80647
80646
80628
80613
80627
80612
80611
80610
80626
80645
80644
80643
80625
80624
80609
80608
80623
80642
79523
80641
80640
80622
79521
80606
80607
80599
80591
80583
80582
80565
80566
80548
80547
80530
80523
80524
80531
80532
80549
80567
80568
80569
80551
80550
80533
80534
80535
80552
80570
80571
80572
80554
80553
80536
80537
80538
80555
80573
80574
80575
80556
80539
80540
80557
80558
80576
80584
80592
80593
80585
80577
80578
80586
80594
80602
80601
80600
79520
80616
80633
80632
80631
80650
79524
79522
80651
80658
80657
79525
80674
80675
80682
80689
80696
80703
80710
80717
80716
80709
80702
80695
80688
80681
80680
80687
80694
80701
80708
80715
80722
80729
80736
80743
80758
80759
80760
80777
80776
80775
80774
80791
80790
80773
80757
80756
80755
80754
80771
80772
80789
80788
80787
80786
80769
80770
80753
80752
80751
80750
80767
80768
80785
80784
79529
80766
80749
80748
79528
80765
80783
80782
80799
80798
80781
80764
80747
80740
80741
79527
80742
80734
80733
80726
80719
80712
80713
80720
80727
80735
80728
80721
80714
80707
80700
80693
80686
80679
80678
80677
80661
80662
80655
80654
80637
80636
80653
80660
79255
80676
79256
80683
79257
80690
79258
80697
80698
80691
80684
80685
80692
80699
80706
80705
79259
80704
79260
80711
79261
80718
79262
80725
79263
80732
79264
80739
79265
80746
79266
80763
79267
80780
79268
80797
79269
80806
79270
80814
80815
80807
80808
80809
80800
80801
80810
80817
80816
79532
80833
80841
80840
80854
79536
80878
80886
80894
80902
80901
79274
80893
79273
80885
79272
80877
79271
80870
80853
80838
80839
80832
80831
85753
85754
84453
84458
85755
85756
84463
84467
84466
83311
84461
84462
84457
84452
84451
84456
84481
84482
84483
84502
84503
84504
84484
84485
84486
84505
84524
85757
84527
84530
84529
83315
84526
84523
84522
84521
84520
84501
84500
84519
84518
84517
84498
84499
84480
84479
84478
84497
84496
84477
84476
84495
84516
84515
84514
84513
84494
84475
84474
84473
84472
84471
84450
84455
84460
84465
83312
84469
84470
84489
84490
84491
84492
84493
84512
84511
84510
84509
84508
84507
84488
83313
83314
83318
84542
84561
84566
84565
83058
84560
83057
84541
83056
84537
83055
84534
83054
84531
83053
84528
83052
84525
83051
84506
83050
84487
83049
84468
83048
84464
83047
84459
83046
84454
83045
84449
83044
84430
84426
83043
84427
84431
84432
84433
84434
84435
84436
84437
84438
84439
84440
84441
84442
84443
84444
84445
84446
84447
83309
83308
83307
84420
84424
84428
84448
83310
84429
84425
84421
84417
85752
84414
85751
85750
84411
84408
85749
85748
84405
84402
85747
85746
84399
84396
85745
85744
84393
84390
85743
85742
84387
84384
85741
85740
85739
85738
85737
84381
84380
84379
84378
84377
84376
84375
84374
84373
84372
84371
84370
84369
84368
84367
84366
84365
84364
84383
84386
84389
84392
84395
84398
84401
84404
84407
84410
84413
84416
84419
84423
84422
83042
84418
83041
84415
83040
84412
83039
84409
83038
84406
83037
84403
83036
84400
83035
84397
83034
84394
83033
84391
83032
84388
83031
84385
83030
84382
83029
84363
84361
83028
84362
84360
84358
84356
83027
84359
84357
83026
84355
83025
83024
84336
84334
83023
83022
84332
84330
83021
83020
84327
84308
83019
83018
84289
84309
84290
84271
84272
84291
84310
84311
84292
84273
84274
84275
84276
84277
84278
84279
84280
84299
84318
84317
84298
84297
84316
84315
84296
84295
84314
84313
84294
84293
84312
84337
84338
84339
84340
84341
84342
84343
84344
84345
84346
84347
84348
84349
84350
84351
84352
84353
83306
84354
84335
83305
83304
84333
84331
83303
84328
84324
84323
84322
84303
84302
84301
84321
84320
84319
84300
84281
84282
84283
84284
84285
84304
84286
84305
84325
84329
85736
84326
84307
84306
84287
84288
84269
84268
83302
84263
84264
84265
85735
85734
84260
84255
85733
84251
84232
84231
83299
84250
84254
84259
84258
84253
84249
84248
84247
84246
84245
84244
84243
84242
84241
84240
84239
84238
84237
84236
84235
84226
84230
83300
84234
83301
84257
84262
84267
84270
83017
84266
83016
84261
83015
84256
83014
84252
84233
83013
84229
83012
84225
83011
84221
83010
84217
83009
84222
84218
84214
84210
84206
83008
84213
84209
83007
84205
83006
84186
83005
84167
83004
84148
83003
84144
83002
84125
83001
84106
83000
84087
82999
84068
84064
82998
84060
82997
84056
82996
84052
82995
84048
82994
84044
82993
84040
82992
84037
82991
84034
82990
84031
82989
84028
82988
84024
82987
84020
82986
84016
82985
84012
82984
84013
84017
84021
84025
84029
84032
84035
84038
84041
84045
84049
84053
84057
84061
84065
84070
84069
83292
84088
84107
83293
83294
84126
83295
84149
84150
84169
84168
83296
83297
84187
84188
84189
84170
84171
84190
84191
84172
84151
84152
84153
84154
84155
84174
84173
84192
84193
84194
84175
84156
84176
84195
84196
84177
84157
84158
84159
84136
84135
84116
84134
84115
84096
84095
84094
84113
84114
84133
84132
84131
84112
84111
84091
84110
84130
84129
84128
84127
84108
84109
84090
84089
84071
84072
84073
84074
84092
84093
84075
84076
84077
84078
84079
84080
84097
84098
84117
84118
84137
84138
84119
84100
84099
84081
84082
84083
84101
84102
84084
84085
84066
84062
84058
84054
84050
84046
83286
84042
84043
84039
85723
84036
83285
83284
84033
84030
83283
84026
84022
84023
84027
85722
85721
84019
85720
85719
84015
84018
84014
84010
84011
85718
85717
84008
84007
84004
84005
85716
85715
85714
85713
85712
85711
83990
83993
83996
83999
84002
84001
83998
83995
83992
83989
83986
83983
83987
85710
85709
83984
83981
83978
83977
83980
83281
83280
83974
83975
83972
83971
83952
83947
83948
83953
85708
85707
85706
83943
83942
83938
83937
83941
83946
83951
83970
83279
83969
83968
83967
83966
83965
83964
83963
83962
83961
83960
83959
83924
83925
83926
83907
83906
83905
83886
83887
83888
83889
83890
83908
83927
83909
83928
83929
83930
83910
83891
83892
83911
83912
83931
83932
83933
83934
83939
85705
83935
83916
83915
83914
83913
83896
83897
83878
83877
83859
83860
85704
85703
85702
83852
83851
83847
83850
83856
83855
83854
83858
83875
83876
83895
83894
83893
83874
83873
83872
83871
83870
83869
83868
83867
83866
83885
83904
83923
83922
83921
83920
83919
83900
83881
83882
83901
83902
83903
83883
83884
83865
83864
83863
83862
83857
83277
83861
83880
83899
83918
83278
83945
83950
83954
83955
83956
83957
83958
83979
83982
83985
83988
83991
83994
83997
84000
84003
84006
83282
84009
82983
82982
82981
82980
82979
82978
82977
82976
82975
82974
82973
83976
83973
82972
82971
83949
82970
83944
82969
83940
83936
82968
83917
82967
82966
83898
83879
82965
82964
82963
82962
83853
83849
82961
82960
83846
83827
82959
82958
83808
83809
83828
83829
83810
83811
83830
83831
83832
83833
83834
83815
83816
83835
83836
83837
83818
83819
83838
83839
83840
83841
83822
83823
83842
83843
83844
83848
83276
83845
83826
83825
83824
83804
83803
83802
83821
83820
83801
83800
83799
83798
83817
83797
83796
83814
83795
83794
83813
83812
83793
83792
83791
83790
83789
83786
82957
83785
82956
83781
82955
83777
82954
83759
83740
82953
83737
82952
83734
82951
83731
82950
83728
82949
83725
82948
83722
82947
83719
82946
83274
83741
83761
83760
83778
83782
83762
83742
83743
83763
83764
83744
83745
83746
83765
83766
83767
83747
83768
83748
83749
83769
83750
83770
83771
83751
83752
83772
83773
83774
83753
83754
83755
83775
83776
83779
83780
83784
83783
83787
83805
83806
83788
83807
85701
85700
85699
83275
83758
83739
85698
85697
83736
83757
83756
83738
83735
83732
83729
83726
83723
83720
83717
83718
83721
83724
83727
83730
83273
83733
83272
83271
83270
85696
85695
85694
85693
85692
85691
83706
83269
83712
83715
83714
83711
83708
83709
83705
83704
83700
83697
83701
83702
83698
83268
83267
83695
85690
83266
83265
83264
83694
83693
83692
83691
83690
83689
83688
83687
83686
83685
83684
83683
83682
83681
83680
83679
82945
83716
83713
82944
83710
82943
83707
82942
83703
82941
83699
82940
83696
82939
83678
83677
82938
83676
82937
83675
82936
83674
82935
83673
82934
83671
82933
83669
82932
83667
82931
83665
82930
83663
82929
83661
82928
83659
82927
83657
82926
83655
82925
83653
82924
83262
82923
82922
82921
82920
82919
83628
82918
82917
83609
83610
83629
83630
83611
83631
83612
83594
83575
83556
83557
83576
83595
83614
83613
83632
83633
83634
83635
83636
83637
83638
83619
83600
83581
83580
83599
83618
83617
83598
83579
83560
83561
83562
83543
83542
83541
83559
83578
83597
83616
83615
83596
83577
83558
83540
83539
83538
83519
83518
83537
83517
83535
83536
83555
83574
83593
83592
83573
83554
83572
83591
83590
82916
83571
82915
82914
83552
83553
83534
83515
83516
83497
83498
83499
83500
83501
83502
83483
83484
83503
83504
83485
83486
83505
83506
83507
83508
83527
83526
83545
83546
83565
83584
83583
83564
83544
83563
83582
83601
83602
83621
83620
83639
83640
83641
83642
83622
83603
83604
83623
83624
83643
83644
83625
83606
83605
83585
83566
83547
83548
83567
83586
83587
83588
83589
83608
83627
83607
83626
83645
83646
83647
85673
85674
83648
83649
85675
85676
83650
83651
85677
85678
83652
83654
85679
85680
83656
83658
85681
85682
83660
83662
85683
85684
83664
83666
85685
85686
83668
83670
85687
85688
83672
83263
85689
79867
79184
79885
79185
79887
79186
79890
79187
79893
79896
79188
79913
79914
79897
79894
79891
79888
79886
79868
79869
79870
79871
79872
79873
79874
79875
79876
79877
79878
79879
79880
79881
79882
79883
79889
79892
79895
79912
79911
79910
79909
79908
79907
79906
79905
79904
79903
79902
79901
79900
79899
79898
79461
79463
79915
79916
79189
79917
79918
79921
79466
79190
79920
79191
79923
79192
79940
79193
79957
79194
79960
79195
79963
79196
79966
79197
79969
79972
79990
79198
80008
79199
80012
79200
80015
79201
80019
79202
80023
80024
80020
80016
80013
80009
79991
79992
79993
79994
79995
79996
79997
79979
79978
79977
79976
79975
79974
79973
79970
79967
79964
79961
79958
79467
79941
79942
79924
79925
79926
79943
79944
79927
79928
79945
79946
79947
79929
79930
79931
79948
79949
79932
79933
79950
79934
79951
79952
79935
79936
79937
79953
79954
79959
79962
79965
79968
79472
79988
79987
79986
79985
79984
79983
79982
79981
79980
79998
79999
80000
80001
80002
80003
80004
80014
80017
80021
80022
80026
80042
80041
80025
80040
80039
80038
80037
80036
80035
80034
80033
80032
80031
80030
80029
79476
80028
79203
80027
79204
80044
79205
80045
80046
80049
80050
80051
80052
79478
80053
80054
80055
80056
80057
80058
80059
80060
80061
80062
80063
79479
80068
80084
80085
80069
80065
80064
80047
80048
79477
80043
82713
82712
80018
79475
79474
80011
80010
79473
80005
80006
80007
79989
79971
79471
79470
79469
79468
79956
79955
79938
79939
79922
79465
79919
82711
79464
79462
79460
82710
82709
82708
82707
79459
79884
82706
82705
82704
82703
82702
82701
82700
82699
82698
79458
79846
82697
79457
79456
79455
79454
79453
79819
79452
79835
79834
79833
79832
79831
79830
79829
79828
79827
79826
79825
79824
79823
79822
79821
79837
79839
79841
79843
79845
79848
79850
79852
79854
79856
79858
79860
79862
79864
79866
79865
79183
79863
79182
79861
79181
79859
79180
79857
79179
79855
79178
79853
79177
79851
79176
79849
79175
79847
79174
79844
79173
79842
79172
79840
79171
79838
79170
79836
79169
79820
79817
79168
79815
79167
79818
79816
79813
79812
79166
79795
79165
79791
79164
79787
79163
79783
79162
79780
79161
79777
79160
79774
79757
79159
79753
79158
79737
79754
79758
79775
79778
79779
79782
79781
79784
79785
79789
79788
79792
79796
79793
79450
79797
79798
79799
79800
79801
79802
79803
79804
79805
79806
79807
79808
79809
79810
79814
79451
82696
79811
79794
82695
82694
79790
79786
82693
79449
82692
74592
74585
74017
74570
74571
74556
74557
74558
74573
74572
74593
74594
74586
74587
74588
74271
74595
74603
74604
74620
74621
74605
74606
74622
74623
74624
74608
74607
74577
74562
74561
74268
74560
74576
74575
74574
74559
74551
74544
74543
74550
74549
74555
74548
74537
74538
74267
74539
74519
74516
74513
74496
74497
74498
74264
74499
74500
74501
74502
74503
74504
74505
74506
74507
74508
74509
74514
74517
74520
74265
74535
74541
74546
74553
74568
74269
74270
74583
74590
74584
74569
78911
78912
78913
74591
74598
78914
78915
74614
74630
78916
78917
74638
74653
74652
74660
78918
78919
74667
78920
74692
74684
74683
74682
74691
74707
74715
74721
74714
74713
74720
74727
74736
74737
74728
74729
74722
74276
74708
74709
78921
74716
74723
74730
74731
78922
78923
74740
74739
74748
74749
78924
78925
74758
74767
78926
78927
74775
78928
74784
74793
74792
74802
74819
74281
74818
74835
74848
74866
74867
74849
74836
74820
78930
74803
78929
69120
68235
69108
68234
69096
68233
69097
69098
69110
69109
69121
69122
69123
69124
69111
69112
69100
69099
69087
69088
69077
69076
69086
69085
68418
69074
69075
69063
69062
69073
68232
69061
68231
69049
68230
69038
69039
69029
68415
69021
68229
69013
68997
68996
68228
68979
68962
68227
68946
68939
68940
68947
68963
68980
69014
68998
68412
68981
68982
68983
68965
68964
68410
68948
68949
68950
68951
68966
68984
68985
68967
68952
68408
68921
68920
68942
68941
68935
68918
68917
68934
68933
68226
68916
68225
68899
68224
68882
68223
68865
68222
68848
68221
68842
68220
68836
68219
68819
68218
78910
74554
74547
78909
78908
74542
74536
78907
78906
74521
74518
78905
78904
74515
74511
74510
74494
78903
78902
74493
74492
78901
78900
74491
74490
78899
78898
74489
74488
78897
78896
74487
74486
78895
78894
74485
74484
78893
78892
74483
74482
78891
78890
74481
74480
78889
78888
74479
74478
78887
78886
74477
74476
78885
74475
78884
68192
68706
68193
68707
68194
68708
68195
68709
68196
68710
68197
68711
68198
68712
68199
68713
68200
68714
68201
68715
68202
68716
68203
68717
68204
68718
68205
68719
68206
68720
68207
68721
68208
68722
68723
68724
68725
68726
68727
68728
68729
68730
68731
68732
68733
68734
68735
68736
68737
68738
73809
73810
68739
73811
68740
68758
68757
68756
68772
68773
68774
68791
68794
68396
68790
68789
68788
68771
68755
68754
68770
68787
68786
68769
68753
68752
68751
68750
68766
68767
68768
68785
68784
68783
68782
68765
68749
68748
68747
68746
68745
68744
68760
68761
68762
68763
68764
68781
68780
68779
68778
68777
68776
68759
68395
68742
68743
68209
68210
68211
68741
68212
68213
68775
68793
68214
68792
68215
68795
68216
68798
68217
68814
68815
68816
68799
68796
68398
68800
68801
68802
68803
68804
68805
68806
68807
68808
68809
68810
68811
68812
68399
68817
68397
68797
68813
68818
68835
68841
68401
68834
68833
68832
68831
68830
68829
68828
68827
68826
68825
68824
68823
68822
68400
68821
68820
68837
68838
68839
68845
68850
68403
68844
68843
68849
68866
68883
68900
68406
68901
68407
68919
68902
68884
68405
68404
68867
68868
68885
68886
68903
68904
68905
68922
68923
68906
68889
68888
68887
68870
68869
68851
68852
68853
68854
68871
68872
68855
68856
68857
68874
68873
68890
68891
68892
68909
68910
68893
68894
68877
68876
68875
68858
68859
68860
68840
68846
68862
68861
68878
68879
68880
68863
68402
68847
68864
68881
68898
68915
68932
73812
68938
68945
73813
73814
68961
68978
68977
68976
68411
68993
68975
68409
68959
68960
68944
68943
68936
68937
68931
68914
68897
68896
68895
68912
68913
68930
68929
68928
68911
68927
68926
68925
68908
68907
68924
68956
68971
68955
68954
68953
68968
68969
68970
68988
68987
69003
69004
69005
68989
68990
69006
69007
68991
68973
68972
68957
68958
68974
68992
69008
69009
69017
69016
69025
68414
69033
69044
69055
69056
69045
69034
68417
69046
69058
69057
69069
69068
69080
69081
69082
69070
69071
69083
69094
69095
73821
73820
69084
69072
73819
73818
69048
69060
69059
69047
69036
69037
73817
69028
69020
73816
69012
69019
69027
69035
69026
69018
69010
69011
68994
68995
73815
63406
62572
63416
63417
63418
63407
63390
63389
62571
63379
63380
63381
62769
63391
62770
63408
63419
63429
63428
62771
63427
62573
63437
62773
63447
63459
62574
63458
62575
63469
62576
63480
62577
63491
63492
62775
63502
63513
62578
63512
62579
63523
62580
63533
63543
63552
63563
63579
62581
63597
63598
63599
63600
63610
63627
63645
63654
63653
63644
63643
63626
62782
63609
63608
62582
63625
63642
62583
63652
62584
63662
62585
63672
62586
63682
62587
63692
62588
63708
62589
63718
62590
63728
62591
63738
63747
63764
62592
63781
62593
63792
62594
63809
62595
63820
62596
63831
63848
63849
63850
63833
63832
63821
63810
63811
63822
63823
63812
63795
63785
63769
63770
63771
63772
63773
63756
63755
63754
63753
63752
63742
63732
63722
63712
63698
63697
63696
63695
63694
63710
63711
63721
63731
63741
63749
63750
63751
63768
63767
63766
63783
63784
63794
63793
62789
63782
63765
63748
63739
63740
63730
63720
63729
63719
63709
62785
63693
63683
63673
63663
63664
63674
63684
63685
63675
63665
63655
63646
62783
63630
63629
63628
63611
63601
63583
63582
63581
63580
63564
63565
63553
62778
63544
62777
63545
63546
63537
63536
63526
63527
63516
63517
63506
63496
63495
63505
63504
63494
63493
63482
63481
63470
63471
63472
63461
63460
63448
63438
63439
63449
63450
63440
63430
63431
63421
63410
63409
63392
63382
63372
63373
63383
62768
62767
63364
63357
63349
63331
62764
63305
63313
63330
63347
63348
63356
63355
62765
63362
63363
63371
63370
63369
63354
62570
63346
62569
63329
62568
63312
62567
63304
62566
63295
62565
63296
63278
62564
63261
62563
63244
62562
63245
62760
63246
62761
63264
63265
63266
63249
63250
63251
63268
63267
63283
63284
63285
63286
63287
63270
63269
63252
63253
63271
63272
63289
63288
63339
63340
62766
63366
63359
63351
63342
63343
63326
63325
63308
63299
63290
63291
63300
62762
63309
63301
63302
63310
63327
63344
63352
63360
63367
63377
63376
63384
63412
63411
63422
63423
63424
63413
63403
63386
63387
63404
63414
63425
63435
63445
63444
63434
63433
63432
62772
63442
63443
63453
63452
62774
63464
63475
63476
63465
63454
63455
63456
63457
67996
63446
63436
67995
67994
63426
63415
67993
63405
63388
67992
67991
63378
63368
63361
67990
67989
63353
63345
63328
63311
63303
67988
63294
63293
63292
63275
63276
63277
63260
63243
63259
63258
63241
63242
63235
63229
63230
63236
67987
57578
57596
57579
57569
57553
57552
57551
63214
63196
63190
63189
63195
63213
63212
63194
62757
63187
63186
63185
63168
63167
63150
63149
63148
63147
63146
63145
63144
63161
63162
63179
63180
63163
63164
63181
63182
63165
63166
63183
63184
63208
63225
63226
63209
63210
63211
63227
63228
63234
62759
63233
63239
63240
63257
63274
63273
63256
63255
63254
63224
63207
63206
63205
63223
63222
63221
63204
63203
63202
63220
63219
63218
63201
63200
63217
62758
63199
63193
63175
63176
63177
62756
63178
63160
63159
63142
63143
63134
63118
63119
63120
63121
63122
63123
63124
63125
63126
63127
62753
63151
63152
63135
63128
63129
63113
63108
63103
63098
63093
63094
63099
63104
63109
63114
63130
63136
62754
63153
63170
62755
63169
63188
63171
63172
67986
67985
63155
63154
63137
63138
63131
63115
67984
67983
63110
63105
67982
63100
67981
67980
63095
63090
67979
67978
63085
63080
67977
67976
63075
63074
63079
63084
63089
63088
63083
63078
63073
63068
63069
63064
63063
63058
63059
63054
63053
63048
63043
63044
63049
63055
63060
63065
63070
67975
67974
67973
67972
67971
63050
63045
67970
67969
63040
63039
63038
598
720
721
722
723
724
725
726
600
727
728
729
730
731
732
733
734
735
736
737
738
602
603
739
740
741
742
743
744
745
746
747
748
749
750
751
752
753
754
755
756
757
758
759
604
760
761
762
763
764
606
765
766
767
768
769
770
771
772
773
774
775
776
777
778
779
780
781
782
783
784
785
786
787
788
789
790
791
792
793
794
795
796
797
798
799
800
801
802
803
804
805
806
807
808
809
810
811
812
813
814
815
816
817
818
819
820
821
822
823
824
825
826
827
828
829
830
831
832
833
834
835
836
837
838
839
840
841
842
843
844
845
846
847
610
848
849
850
851
852
853
854
855
856
857
858
859
860
861
862
863
864
865
866
867
868
612
869
870
871
872
873
874
875
613
876
877
878
879
880
881
882
883
884
885
886
887
888
889
890
891
892
893
894
895
896
897
614
898
899
900
901
902
903
904
905
906
907
908
909
910
911
912
913
914
915
916
917
616
918
919
920
921
922
923
924
925
926
927
928
929
930
931
932
933
934
935
936
937
938
939
940
941
942
943
944
945
946
947
948
949
950
951
952
953
954
955
956
957
958
959
960
961
962
963
964
965
966
967
968
969
970
971
972
973
974
975
976
977
978
979
980
981
982
983
984
985
986
987
988
989
990
991
992
993
994
995
996
997
998
999
1000
1001
1002
1003
1004
1005
4211
4212
2151
4213
2231
2232
4214
4215
2233
2234
4216
4217
2235
2236
4218
4219
2237
2238
4220
4221
2239
2240
4222
4223
2241
2242
4224
4225
2243
2244
4226
4227
2245
2264
4228
2266
2268
4229
4230
4231
4232
4233
4234
4235
4236
4237
4238
4239
4240
4241
4242
2152
4243
2302
2304
2306
2308
2310
2312
2314
2316
2318
2320
2322
2324
2326
2328
2330
2153
2334
2337
2340
2342
2344
2346
2347
2349
2348
2350
2351
2352
2354
2356
2357
4268
4267
2355
2353
4266
4265
4264
4263
2345
4262
4261
2343
2341
4260
4259
2338
2335
4258
2332
4257
4256
4255
4254
4253
4252
4251
4250
4249
4248
4247
4246
4245
4244
108
109
111
110
112
113
115
114
116
117
119
118
120
121
123
122
124
125
127
126
128
129
131
130
132
133
135
134
136
137
139
138
140
141
143
142
144
145
147
146
148
149
151
150
9
8
7
6
4588
4587
4586
4585
4584
4583
4582
4581
4580
4579
4578
4577
4576
4575
4574
4573
4572
4571
4570
4569
4568
4567
4566
4565
4564
4563
4562
4561
4560
4559
4558
4557
4556
4555
4554
4553
4552
4551
4550
4549
4548
4547
4546
4545
4544
4543
4542
4541
4540
4539
4538
4537
4536
4535
4534
4533
4532
4531
4530
4529
4528
2230
4148
4527
4526
4146
4144
4525
4524
4523
2229
4522
4521
4520
4519
4518
4517
4516
4515
4514
4513
2228
4083
4512
4511
4080
4077
4510
4509
4074
4071
4508
4507
4068
4065
4506
4505
4062
4059
4504
4503
4502
4053
4050
4501
4500
4047
4046
4049
4052
4055
4056
4058
4061
4064
4067
4070
4073
4076
4079
4082
4085
4087
4089
4091
4093
4095
4097
4099
4101
4103
4105
4142
4141
4140
4123
4122
4121
4120
4139
4138
4137
4119
4118
4136
4135
4117
4116
4115
4134
4133
4132
4114
4113
4131
4130
4129
4111
4112
7522
7523
7524
7525
7526
7527
7528
7529
7530
7531
7532
7533
7534
7535
7536
7537
7538
7539
7540
7541
4964
7542
6957
6960
7543
7544
6963
7545
6967
6971
7546
7547
6988
6993
7548
7549
7010
7014
7550
7551
7031
7048
7552
7553
7065
7082
7554
7555
7099
7098
4972
7081
4971
7064
4970
7047
4969
7030
4968
7013
7009
4967
6992
6991
7008
7007
7006
7005
7004
7003
7002
7001
7000
6999
6998
6997
6996
6995
6990
4778
6989
6994
4779
7011
7012
7016
7015
7032
7049
7050
7051
7068
7067
7066
7083
7084
7085
7086
7087
7070
7069
7052
7035
7034
7033
7017
7018
7019
7036
7053
7054
7071
7088
7089
7090
7073
7072
7055
7038
7037
7020
7021
7022
7023
7024
7041
7042
7025
7026
7027
7028
7029
7046
7045
7044
7043
7061
7060
7059
7076
7075
7058
7057
7040
7039
7056
7074
7091
7092
7093
7094
7077
7078
7095
7096
7079
7062
7063
7080
7097
7102
7103
7104
7556
7557
7109
7108
7107
7112
7117
7122
7123
7118
7113
7114
7558
7559
7119
7124
7560
7561
7129
7128
7127
7132
7133
7134
7562
7563
7139
7143
7564
7565
7160
7159
4974
7142
7138
7137
7141
7158
7157
7156
7155
7154
7153
7152
7151
7150
7149
7148
7147
7146
7145
7140
4973
7136
7131
7126
7121
7116
7111
7106
7101
4780
7100
4781
7105
4782
7110
4783
7115
4784
7120
4785
7125
4786
7130
4787
7135
7144
4788
7161
4789
7165
7162
7166
7170
4975
7173
4790
7169
10991
10990
10989
10974
10972
10970
10968
10967
10965
10963
10961
10960
10959
10958
10957
10956
10955
10954
10953
10943
10941
10938
10935
10932
10929
10926
10923
10920
10917
10914
10911
10908
10905
10899
10885
10880
10881
10865
10864
10863
10846
10847
10830
10829
10828
10827
10845
10862
10861
10844
10843
10826
10825
10824
10842
10859
10874
10875
10876
10860
10877
10878
10879
10898
10897
10896
10895
10894
10893
10892
10891
10890
10889
8061
10888
8060
10887
7801
10884
7800
10867
7799
10850
10851
8059
10868
10869
10870
10871
10855
10854
10853
10852
10834
10833
10816
10817
10818
10835
10836
10837
10856
10872
10873
10857
10858
10841
10840
10823
10822
10839
10838
10821
10820
10819
10784
10783
10799
10805
10811
10810
7798
10804
7797
10798
7796
10782
10775
10768
10760
7795
10744
10761
10762
10747
10746
10745
10736
10719
10720
10703
10704
10722
10721
8053
10737
10738
10748
10763
10770
10769
8055
8056
10776
10777
8057
10785
10786
10787
10788
10789
10790
10791
10792
10800
10806
10812
10794
10793
10778
10771
10764
10756
8054
10740
10732
10715
10697
10696
10714
10731
10739
10755
10754
10753
10752
10751
10750
10749
10723
10706
10705
10694
10695
10686
10685
10670
10671
10654
10653
10652
10669
10668
10651
10625
10615
10598
10599
10600
10616
10617
10628
10627
10626
8048
10642
10643
10629
10630
10631
10657
10658
10659
10660
10661
10678
10677
10676
10675
10674
10673
10656
10655
10672
10707
10724
10725
10708
10709
10726
10727
10710
10711
10712
10728
10729
10730
10713
10687
10679
10688
10698
10717
10718
11323
11324
10735
11325
10743
10773
10772
10779
10780
10802
10808
10809
11331
11332
10815
10832
10831
10848
10849
8058
10866
10883
11334
6972
6973
6974
6975
6976
6977
6978
6979
6980
6981
6982
6983
6984
6985
6986
6987
4966
6970
6966
6962
6959
6956
6954
6953
6952
6951
6950
6949
6948
6947
6946
6945
6944
6943
6942
6941
6940
4965
6965
6969
6968
4777
6964
4776
6961
6958
4775
6955
4774
6939
6938
4773
6937
4772
6936
4771
6935
4770
6934
4769
6933
4768
6932
4767
6931
4766
6930
4765
6929
4764
6928
4763
6927
4762
6926
4761
6925
4760
6924
4759
6923
4758
6922
4757
6921
4756
6920
4755
6919
4754
6901
6902
6903
6904
6905
6906
6907
6908
6909
6910
6911
6912
6913
6914
6915
6916
6917
6918
6900
6899
6898
6897
6896
6895
6894
6893
6892
6891
6890
6889
6888
6887
6886
6885
6884
6883
6882
4753
6865
6866
6867
6868
6869
6870
6871
6872
6873
6874
6875
6876
6877
6878
6879
6880
6881
4963
7521
7520
7519
7518
7517
7516
7515
7514
7513
7512
7511
7510
7509
7508
7507
7506
7505
7504
7503
7502
7501
7500
7499
7498
7497
7496
7495
7494
7493
7492
7491
6836
7490
7489
7488
7487
7486
7485
7484
7483
7482
4960
7481
7480
7479
7478
7477
4959
4958
6657
7476
7475
6653
6652
6656
6659
6661
6678
6695
6694
6677
6676
6675
6674
6691
6708
6709
6692
6693
6710
6727
6726
6725
6742
6743
6744
6745
6728
6711
6712
6729
6765
6782
6799
6798
6797
6780
6781
6764
6763
6762
6761
6778
6779
6796
6795
6812
6813
6814
6815
6816
6835
6834
6833
6832
6831
6830
6829
6828
6827
6826
6825
6824
6823
6822
6821
6820
6803
6804
6787
6770
6771
6772
6789
6788
6805
6806
6807
6808
6809
6810
6811
6794
6777
6760
6759
6758
6775
6776
6793
6792
6791
6790
6773
6774
6757
6756
6755
6754
6753
6734
6735
6736
6737
6738
6721
6704
6703
6720
6719
6718
6717
6699
6682
6681
6664
6663
6662
6679
6680
6697
6696
6713
6714
6698
6715
6716
6733
6732
6731
6730
4720
6746
4721
6747
4722
6748
6749
6750
6767
6766
6783
6784
6768
6751
6752
6769
6786
6785
6802
6801
6800
4723
6817
4724
6818
6819
4725
6837
4726
6838
4727
6839
4728
6840
4729
6841
4730
6842
4731
6843
4732
6844
4733
6845
4734
6846
4735
6847
4736
6848
4737
6849
4738
6850
4739
6851
4740
6852
4741
6853
4742
6854
4743
6855
4744
6856
4745
6857
4961
4746
6858
4747
6859
4748
6860
4749
6861
4962
4750
6862
4751
6863
4752
6864
11309
10492
10508
10524
10541
11310
11311
10558
10573
10572
10538
10522
10506
10505
10518
10502
10501
10500
10517
10516
10515
10499
10498
8040
10486
8038
8039
10475
10474
10463
10453
10444
10443
10452
10451
8036
10442
7789
10441
10450
7790
10459
10470
10482
10483
10494
10495
10484
10472
10471
10460
10461
10462
10473
10485
10496
10497
8041
10513
10514
10567
10566
10565
10548
10531
10530
10529
10528
10512
10511
10510
10493
10509
10525
10542
10543
10526
10527
10544
10561
10562
10545
10546
10547
10564
10563
10580
10590
10589
8045
10579
10578
10588
10577
10560
10559
7791
10576
10587
10597
7792
10614
10624
10641
10650
10667
7793
10684
7794
10693
10702
14620
14619
14635
14636
14640
15433
15434
14643
15435
14646
11832
15436
15437
14684
14688
15438
15439
14692
14708
11834
14711
14712
15440
15441
15442
14745
11836
14729
14728
14744
14727
14726
14743
14742
14725
14724
14723
14722
14721
14720
14738
14753
14739
14754
14771
14770
14769
14768
14752
14737
14736
14719
14718
14735
14750
14751
14767
14766
14765
11840
14764
14749
14748
11837
14732
14733
14734
14717
14716
14715
14714
14713
14730
11578
14746
14731
14747
14763
14762
14778
14777
14780
11579
14797
11580
14801
11581
14805
11582
14809
11583
14813
14814
14810
14806
14802
14798
14781
14782
14783
14784
14785
14786
14787
14788
14789
14790
14791
14792
14793
14794
14795
14796
14779
14775
14774
14773
14772
14756
14755
14740
14741
14757
14758
14759
14760
14761
11838
14776
11839
11841
15443
15444
14800
14799
14803
14804
15445
10904
7802
10907
7803
10910
7804
10913
7805
10916
7806
10919
7807
10922
7808
10925
7809
10928
7810
10931
7811
10934
7812
10937
7813
10940
8062
10952
10951
10950
10949
10948
10947
10946
10945
7814
10962
7815
10964
7816
10966
8063
7817
10969
7818
10971
7819
10973
15462
15461
15460
15459
15458
15457
14938
15456
15455
15454
15453
15452
15451
15450
15449
15448
14816
14812
15447
15446
14808
14807
14811
14815
14833
14832
14831
14830
14829
14828
14827
14826
14825
14824
14823
14840
14839
14822
14821
14820
14819
14818
14817
14834
14835
14852
14851
14868
14869
14870
14887
14888
14905
14922
14921
14904
14903
14886
14885
14902
14919
14920
11842
14936
14940
14939
11584
14956
11585
14959
11586
14962
14965
11843
14963
14960
14957
14941
14942
14943
14944
14945
14946
14947
14948
14949
14950
14951
14952
14953
14954
14934
14917
14900
14899
14916
14933
14932
14915
14914
14931
14930
14929
14928
14927
14909
14926
14925
14908
14907
14924
14923
14906
14889
14890
14891
14874
14873
14872
14871
14854
14853
14836
14837
14838
14855
14856
14857
14875
14858
14841
14842
14859
14860
14843
14844
14845
14862
14861
14878
14879
14880
14896
14895
14894
14877
14876
14892
14893
14910
14911
14912
14913
14897
14898
14881
14882
14883
14866
14865
14864
14863
14846
14847
14848
14849
14850
14867
14884
14901
14918
14935
14937
14955
14958
14961
14964
14966
14969
11844
14972
15463
15464
15465
15466
15467
15468
15469
15470
15471
15472
15473
15474
15475
15036
15038
15476
15477
15040
15042
15478
15479
15480
15481
15482
15483
15059
15058
15057
15056
15055
15054
15053
15052
15051
15050
15049
15048
15047
15046
15045
15044
15023
15006
15024
15007
15008
15009
15025
15026
15027
15028
15029
15030
15031
15015
15032
15033
15034
15016
15017
15000
14999
14998
14997
15014
15013
14996
14995
15012
15011
14994
15010
14993
14992
14991
14990
14989
14988
11845
14976
14974
14971
14968
11587
14967
11588
14970
11589
14973
11590
14975
14977
11591
14978
11592
14979
11593
14980
11594
14981
11595
14982
11596
14983
14984
14985
14986
14987
15004
15005
15022
15021
15020
15003
15002
15019
15001
15018
11597
15035
11598
15037
11599
15039
11600
15041
15043
11601
15060
11602
15061
11603
15062
11604
15063
11605
15064
11606
15065
11607
15066
11608
15067
11609
15068
11610
15069
11611
15070
20469
20468
15998
19936
15999
19953
19964
19979
19986
19987
20470
20003
20002
20001
19985
19984
19976
19977
19978
19963
19962
19961
19951
19950
19949
19932
19914
19903
19904
19905
19893
19892
19891
19890
19902
19913
19931
19930
19929
19928
19927
19926
19925
19901
19889
19877
19876
19859
19860
19849
19838
19837
19848
19836
19820
19819
15723
19834
19835
19847
19858
19875
19857
19846
19845
19856
19873
19874
19886
19885
15724
19897
19898
19899
19887
19888
19900
15997
19911
19912
19924
19923
19922
19910
19909
24862
20974
24845
24839
24834
24861
24877
24876
24860
24859
24875
24893
24894
24895
24911
24912
24913
24914
24897
24896
24878
24879
24880
24898
24915
25356
24919
24918
24935
24936
25357
24941
24946
25358
25359
24962
24967
25360
25361
24973
24979
25362
25363
24996
24995
20979
24978
24972
24966
24961
20977
24945
24940
24934
24933
24932
24931
24930
24910
24909
24892
24891
24873
24874
24858
24857
24856
24872
24855
24871
24870
24854
24853
24869
24887
24886
24903
24904
24905
24888
24889
24890
24906
24907
24908
24929
24928
24927
24926
24925
24924
24923
24922
20976
24921
24938
24939
24944
24943
24948
24947
24942
20691
24937
20690
24920
20689
24916
20688
24917
24900
24899
20687
24881
24863
24847
24848
24843
24842
20686
24837
24838
24844
24849
24865
24864
24882
24883
20975
24884
24901
24902
24885
24868
24852
24851
24867
24866
24850
20972
20971
24821
24820
24803
24802
24819
24826
24827
24833
24832
24831
20685
24825
24818
20684
24801
20683
24785
20682
24769
20681
24763
24762
24754
20680
24746
20679
24738
20678
24730
24722
24723
24731
24732
24724
20960
24715
20959
24706
20958
24697
24689
24681
20956
24673
24672
24671
24654
24636
24619
24620
24621
24614
24606
24598
20951
24590
24589
24588
24597
24596
20675
24603
24604
24605
24613
24612
24611
24618
24635
24653
20676
24670
24679
24680
24688
24696
24705
24714
24713
24704
24695
20677
24687
30248
29448
25827
29465
30249
29472
29478
25829
29471
29464
29470
29477
29482
29487
29492
29497
29493
29488
29483
30250
30251
30252
30253
29498
25831
25832
25833
29524
29519
29518
29514
29513
29512
29511
29510
29509
29508
29507
29506
29523
29528
29534
29540
29541
29535
29529
29530
30254
30255
29536
29542
30256
30257
29548
29547
29546
29552
29553
29554
30258
30259
29560
29576
29559
29558
29574
29575
29591
29590
29608
29607
29620
29636
29637
29621
29622
29623
29592
25840
29624
29640
29639
29638
29655
29656
30260
30261
30262
30263
25847
25848
29690
29706
29707
30264
30265
29715
29731
29748
29764
29773
29763
29747
29746
29745
29761
29760
25853
29770
29771
29762
29772
29789
29790
29799
30266
30267
29808
29807
29806
29797
29798
29788
29787
29796
29795
29786
29785
29784
29783
29782
29781
29780
29779
29778
29777
29769
29752
29753
29737
29736
29735
25852
29734
25851
29733
29717
29709
29692
25578
29708
29691
29685
29669
25577
29686
29687
29693
29710
29711
25850
29718
29719
29720
29721
29738
29754
29755
29739
29722
29723
29724
29725
29742
29741
29740
29756
29757
29758
29759
29744
29743
29726
29727
29728
29712
29713
29729
29730
29714
29705
25849
29689
29704
29703
29702
29701
29700
29699
29698
29697
29696
29695
29694
29688
29671
29670
29666
29665
29661
29662
29658
29657
29641
29625
29626
29627
25843
29642
25844
29659
25845
29663
25846
29667
29672
29673
29674
29675
29676
29677
29678
29679
29680
29681
29682
29683
29684
29668
29664
29660
29654
29653
29652
29651
29635
29634
29650
29649
29648
29647
29631
29615
29614
29613
25842
29630
29646
29645
29644
29643
29629
29628
29612
29611
29610
29609
29593
29594
29595
29578
29579
29596
29597
29598
25841
29599
29581
29580
25839
25838
29564
29565
29566
29582
29600
29601
29602
29616
29632
29633
29617
29618
29619
29605
29587
29606
29588
29589
29573
29572
29571
29570
29586
29604
29603
29585
29569
29568
29584
29583
29567
29557
29551
29545
29539
29533
29527
29522
29517
29505
29504
29503
29502
29501
29516
29521
25834
29526
25835
29532
25836
29538
25837
29544
29550
29556
29563
29562
29577
25576
29561
29555
25575
29549
25574
29543
29537
29531
29525
29520
25573
29515
25572
29499
29500
29494
25571
29489
25570
29484
25569
29479
29473
25568
29466
29449
29450
29467
29474
29475
25830
29480
29485
29490
29495
29496
29491
29486
29481
29476
29469
29455
29454
29453
25828
29452
29468
29451
29433
29434
29435
29419
29403
29402
29418
29417
29401
29389
29373
29374
29390
29391
29404
29405
29421
29420
29436
29437
29438
29422
29406
29394
29393
29392
29375
25819
29365
29354
25818
29353
29364
29363
29362
25567
29352
29342
25566
29343
29344
29345
29355
29366
25820
29376
29377
29378
25821
29379
29380
29381
29382
25822
29395
29396
29384
29385
29397
29398
25823
29415
29430
25825
29414
29413
29429
29428
29412
29411
29410
29426
29425
29424
29409
29408
29407
29423
29439
29440
29456
29457
29441
29442
29458
29459
29443
29427
29444
29460
29461
29462
29463
25826
29445
29446
29447
29431
29432
29416
25824
29399
29400
29388
29372
30247
30246
29361
29350
29349
29359
29360
29371
29387
29386
29370
29369
29358
29357
29368
29383
29367
29356
29346
29347
29348
29338
29337
29336
29327
29317
29318
29328
29329
29319
29309
29308
29307
29297
29286
29276
29265
29266
29255
29254
29243
29242
29241
29240
29239
29238
29237
25814
29236
29253
29235
29226
29225
29208
29207
29224
25813
29234
29251
29252
29262
29263
29264
29275
29285
29296
29295
29305
29304
29314
29315
29306
29316
29326
29335
29334
29325
29324
29333
25817
29323
25565
29313
25564
29303
25563
29293
25562
29294
29284
29274
29273
29283
25815
29272
25561
29261
25560
29250
29233
25559
29223
25558
29206
29189
35368
34308
34324
35369
30712
35370
34343
34350
35371
35372
34357
34363
35373
35374
34370
34369
34362
34356
34349
34342
34336
34330
34323
34322
34306
34307
34291
34282
34283
34274
34273
34266
30704
34259
34251
35367
35366
34242
34233
35365
35364
34224
34214
35363
35362
34206
34197
35361
35360
34188
34177
34178
35359
34162
34161
34160
34176
34186
34187
34196
34195
34204
34205
34213
34223
34232
34241
34250
34258
30702
34272
34281
30707
30706
34265
34257
34248
34249
34240
34231
34222
34212
34203
34211
34221
34230
34239
34238
34247
34256
34264
34271
34280
34289
34303
34302
34301
34317
34316
34300
34299
34315
34314
34298
34297
34313
30709
34296
34295
30708
34287
34288
34279
34278
34269
34270
34263
34262
34254
34255
34246
34245
34236
34237
34228
34227
34218
34219
30698
34209
34201
34229
34220
34210
34202
34193
34184
34174
34194
34185
34175
34159
34149
34150
34140
34139
34138
34122
34123
34105
34104
34103
34102
34121
34120
34119
34135
34136
34137
34148
34158
34173
34172
34171
34170
34169
34168
30694
34157
30693
34147
34130
34114
34115
34131
34132
34133
34134
34118
34101
34100
34099
34117
34116
34098
34097
34085
34096
34095
34094
34083
34084
34067
34066
34065
34080
30437
34064
34048
34049
30688
34040
34039
34038
34028
34019
30436
34010
30435
33994
40784
35833
39337
39321
39320
35831
39302
39294
39303
39304
39295
39285
39284
39283
39293
35829
39282
39272
35828
39271
39270
39281
39280
39291
39292
39301
39300
39314
39331
39332
39315
39316
39317
39318
39319
35832
39335
39336
39346
39358
39359
39347
39348
40785
39360
39375
39374
35837
39384
39373
35836
39357
39345
35835
39334
39333
39343
39344
39356
39355
39372
39371
39370
39369
39368
39367
39366
39354
39353
39352
39340
35834
39341
39326
39327
39342
39328
39329
39330
39313
39312
39311
39310
39299
35830
39290
39309
39308
39325
39324
39307
39298
39289
39288
39277
39276
39260
39278
39263
39250
39262
39261
39249
35825
39237
39238
39227
39239
39251
39264
39279
39265
39252
39266
39267
39268
39269
39253
39241
39229
39219
39218
39204
39193
39183
39173
39164
39152
39151
39150
39149
39148
39163
39172
39182
39192
39203
39216
39217
39240
39228
39215
39214
39213
39202
39201
39190
39191
39181
39180
39179
39178
39168
39160
39169
39170
39161
39144
35819
39137
39145
39162
35821
39171
39147
39146
39138
39123
39122
39106
39105
39095
39087
39079
39070
39061
39053
39044
39035
35814
39052
35541
39043
35540
39034
35539
39018
39019
39008
35811
38998
38999
38986
38987
38971
38972
38989
39002
39012
39024
39025
39026
39038
39047
39056
39064
39073
39082
39090
39098
39113
39112
39111
39097
39089
39081
39072
39063
39055
39046
39037
39023
39022
39011
39001
38988
39000
39010
39009
35812
39020
35813
39021
39036
39045
39054
39062
39071
39080
39088
39096
39107
39108
39124
39139
39125
39109
39110
39126
39127
39128
39129
39140
39153
39154
39155
39165
39174
39184
35823
35824
39220
39205
39194
35822
39185
39195
39196
39207
39206
39221
39233
39232
39244
39243
39231
39230
39242
39254
39255
39256
39245
35826
39257
35827
39273
39274
40783
39258
39247
40782
40781
39235
39246
39234
39222
39223
39208
39197
40780
39186
40779
39176
39175
39166
35820
39158
40778
39135
39134
39142
39157
39156
39141
39132
39133
39117
35817
35818
39101
35816
39093
40777
39085
35815
39076
39077
40776
40775
39068
39060
40774
40773
39051
39050
39041
39032
39033
39042
40772
40771
39017
39007
39006
39016
39015
39005
38994
38995
38996
33677
30419
33667
30418
33657
30417
33641
30416
33632
30415
33623
30414
33607
33608
33609
33591
33592
33576
33560
33543
33544
33527
33528
33545
33546
33529
33512
33495
33478
33479
33480
33481
33498
33499
33516
33517
33518
33501
33500
33483
33482
33456
33457
33458
33442
33432
33418
33431
33430
33429
33455
33454
33453
33452
33441
33451
33450
33466
33477
33494
33511
33510
33493
33476
33475
33474
33464
33465
33448
33449
33440
30659
33424
33415
33397
33380
33362
33363
33352
30655
33351
33335
33334
33333
33349
33350
33361
33379
33396
33414
33423
33422
33438
33439
33447
33446
33463
33472
33473
33490
33507
33508
33491
33492
33509
33526
33525
33524
33541
33542
33559
33575
30667
33558
33557
33574
30668
33590
30413
33573
30412
33556
33539
33540
33523
33522
33505
33506
33489
33488
33471
33462
30411
33445
33437
33421
33413
33395
33378
33360
33359
33377
33394
33412
40762
38763
40763
38773
38781
38780
38797
38796
38814
38831
38848
38866
35798
38849
35797
38832
35796
38815
35795
38798
40764
40765
40766
40767
40768
40769
35799
38883
38894
38893
38905
38906
40770
38918
38934
38951
38933
38932
38931
38948
38930
38915
38916
38917
38904
38903
38891
38892
38882
38865
38864
38881
38890
38902
38914
38929
38946
38947
35805
38964
38965
38966
38949
38950
35806
38967
38982
38981
38980
38979
38993
38978
38977
38991
38992
35810
39004
39014
39030
39031
39040
39049
39058
39059
39067
39066
39075
39084
39092
39100
39099
39116
39131
39130
39114
39115
39091
39083
39074
39065
39057
39048
39039
39029
39028
39027
39013
39003
38990
35809
38976
38963
38962
38961
38975
35808
38974
38973
35807
38958
38940
38941
38959
38960
38942
35803
38925
38926
38943
38944
38945
38927
38928
38913
38901
35802
38889
35801
38878
38879
38880
38863
38862
38845
38846
38847
38830
38813
38795
35794
38778
38779
38772
38771
38770
38769
35793
38794
38793
38810
38811
38812
38829
38828
38827
38826
38809
38792
38808
38791
38790
38807
38789
38788
38805
38806
38823
38840
38841
38824
38825
38858
38859
38842
38843
38844
38861
38860
38877
38876
38875
38874
38857
38856
38873
38888
35800
38872
38855
38838
38839
38822
38821
38820
38837
38836
38819
38818
38835
38852
38853
38854
38871
38870
38869
38851
38834
38817
38801
38784
38785
38802
38803
38804
38787
38786
38777
38768
35791
38758
38748
38738
38737
38747
38757
38776
38775
35792
38766
38767
38756
38746
38736
38735
38721
38711
35788
38694
38712
38722
38723
38713
38697
38698
38699
38700
38701
38702
38703
38724
38725
38726
38727
38728
38729
38739
38749
38759
38760
38750
38740
38741
38751
38761
38762
38752
38753
40761
40760
38743
38742
38732
38733
38718
38709
38691
40759
38681
38680
38690
38708
38717
35789
38707
38706
38689
38688
38705
38716
38731
38730
35790
38715
38714
38704
38687
38676
38675
38674
38673
38672
38671
38670
35787
38659
38658
38669
38686
38696
38695
38685
38668
38667
38684
38666
38655
38644
38634
38633
35527
38643
35528
38654
35529
38665
35530
38682
38683
38693
38692
38710
38719
35531
38734
38720
38745
38755
38765
35532
38744
35533
38754
38764
38774
38782
38783
38800
38799
38816
38833
38850
38867
38868
38885
38884
35534
38895
35535
38907
38908
38920
35804
38936
38937
38938
38923
38911
38910
38922
38921
38909
38897
38896
38886
38887
38898
38899
38900
38912
38924
38939
38957
38956
38955
38970
38969
38954
38953
38985
38984
38997
35538
38983
38968
35537
38952
38935
35536
38919
44421
44420
44412
44413
44397
44380
44396
44379
44378
44377
44360
44361
44353
44346
44345
44352
44376
44393
44409
44408
44392
44375
44374
44391
44407
44390
44406
44418
44431
44432
44433
41228
44444
44454
44471
44455
44472
44473
44456
44446
44445
44434
41224
44410
44394
44395
44411
44419
44435
44436
44437
44447
46314
44457
44474
46315
44482
44481
44480
44489
44498
44507
44516
44517
44518
44509
44508
44499
44490
44491
46316
46317
44500
46318
46319
46320
44526
46321
44535
44551
44550
44534
44525
44524
44533
44549
44548
44555
44570
44569
44587
44588
44589
44607
44608
44617
44616
41236
44625
44635
44626
44636
44648
44647
44664
44665
44681
44682
44666
44649
46324
44637
44627
44618
46323
44610
44609
44590
44571
44572
44556
44557
44573
44591
44592
44574
44558
46322
35542
39069
35543
39078
35544
39086
35545
39094
39102
39103
39104
39121
39120
39119
39118
35546
39136
35547
39143
35548
39159
39167
35549
39177
35550
39187
35551
39198
39199
39188
39189
39200
39212
39226
39225
39211
39210
39209
35552
39224
35553
39236
39248
39259
35554
39275
35555
39286
39296
39287
39297
39306
39305
39322
39323
39339
39338
35556
39349
39361
35557
39376
35558
39387
39388
39377
39362
39350
39351
39363
39364
39365
39380
39379
39378
35838
39389
39407
39406
39405
39404
39420
39421
39422
39423
35840
39440
39450
39449
35843
39464
39480
39491
39508
39507
39524
39525
39526
39509
39492
39493
39494
39481
39466
39465
39451
39442
39441
39424
39408
39390
39381
39392
39391
39409
39425
39426
39410
39411
39393
39394
39395
39396
39382
39383
39399
39417
39434
39400
39401
35839
39418
39402
39385
39386
40786
39403
40787
39419
39437
39436
39435
35841
39445
39446
39461
39477
39476
39460
39459
39458
35842
39444
39433
39432
39416
39398
39397
39415
39414
39413
39412
39428
39427
39452
39467
39468
39453
39454
39469
39470
39471
39456
39455
39429
39430
39431
39443
39457
39472
39473
39474
39485
39484
39483
39482
39500
39499
39498
39515
39514
39497
39496
39495
39511
39510
39527
39541
39553
39542
39528
39529
39512
39513
39530
39531
39532
39533
39516
39517
39534
39543
39561
39562
39545
39544
39535
39518
39501
39502
39519
39503
39504
39486
39475
39487
39488
40788
40789
35844
39505
40790
39522
35845
39521
39537
39538
40791
39548
40792
40793
39575
39585
39584
35849
39574
39565
39564
35848
39547
35847
39520
35846
39536
39546
39563
39573
39572
39571
39570
39560
39559
39558
39557
39556
39555
39554
39569
39579
39589
39600
39612
39613
39614
39615
39632
39631
39630
39629
39644
39655
35850
39643
39654
39671
39672
39673
39684
39683
39694
39695
39705
39716
39727
39738
39726
39725
39736
39737
39748
39749
39759
39770
39758
39769
35855
39780
39781
39797
35856
39807
35857
39808
39809
35858
39810
39811
39812
39813
39840
39858
35862
39859
39841
39826
39814
39799
39788
39789
39801
39800
39815
39816
39817
39829
39828
39827
39842
39843
39844
39845
39863
39864
39875
39876
39865
39847
39846
39831
39830
39818
39803
39802
39791
39790
39774
39763
39764
39765
39755
39756
39766
39777
39776
39775
39792
39793
39804
39819
35859
39820
40807
39794
40806
40805
40804
40803
40802
40801
39723
39722
39733
39734
39745
39744
39743
39732
39721
39720
39719
39708
39698
39697
39707
39718
39729
39740
39741
39730
39731
39742
39754
39753
39752
39751
39761
39762
39773
39772
39787
39786
39785
39784
39783
39798
39782
39771
39760
39750
39739
39728
39717
39706
39696
39685
39674
39656
39645
39657
39658
39659
39660
39661
39662
39663
39664
39676
39675
39686
39687
39677
39688
39699
39709
39710
39700
39689
39690
39701
39711
39712
39702
39691
39680
39668
39651
39641
39624
39623
39640
39650
39667
39679
39678
39666
39665
39648
39649
39639
39638
39621
39622
39604
39592
39603
39602
39601
39620
39637
39647
39646
39636
39619
39618
39635
39634
39633
39616
39617
39590
39580
39581
39591
39582
39583
39593
39594
39605
39606
39595
39596
40794
40795
39607
40796
40797
40798
39652
39669
35851
35852
40799
40800
34309
34331
30444
34337
30445
34344
30446
34351
34338
34332
30711
34326
34325
30710
34310
34293
34292
30443
34284
30442
34275
30441
34267
34260
34252
34243
34234
34225
30440
34215
34216
34207
34198
30439
34189
34179
34180
34163
34164
34154
34153
34143
34142
30438
34125
34109
34091
34126
34110
34092
34081
34082
34093
34111
34112
34113
34129
34128
34127
34144
34155
34165
34181
34182
34166
34156
34145
34146
34167
30695
34183
34192
30696
34191
34190
34199
34200
30697
34208
34217
34226
30699
34235
30700
34244
30701
34253
30703
34261
30705
34268
34277
34276
34285
34286
34294
34311
34312
34327
34333
34339
34346
34345
34352
34353
34359
34366
34365
34358
30713
30447
34364
30448
34371
30449
34378
34385
34392
34393
34394
34386
30714
34379
34372
34373
34380
34387
30715
34404
34403
34402
34417
34401
34400
34416
30450
34432
34433
34441
34458
34459
34460
34477
34476
34492
34491
34490
30451
34474
34475
34457
34440
40808
40809
39913
39929
39928
39944
39945
39952
39953
39962
40810
34545
30453
34529
34521
34505
30452
34522
34506
34496
34497
34498
34507
34508
34499
30722
34481
34464
34448
34447
34446
34463
34480
34479
34478
34461
34462
34445
34444
34443
34442
34434
34418
34419
34420
34421
34405
34406
34422
34423
34424
34407
34408
34409
34425
34426
34410
34411
34427
34428
34412
34413
34395
30716
34388
34381
34374
34367
34360
34354
34347
34340
34334
34328
34318
34319
34320
34304
34290
34305
34321
34329
34335
34341
34348
34355
34361
34368
34375
34382
34389
34396
34397
30717
34414
34398
34390
34384
34383
34376
34377
35375
35376
35377
34391
34399
34415
34431
35378
34439
34438
34430
34429
30718
34436
34437
30719
34454
34435
34452
34453
34471
34487
34486
30721
34470
34469
34468
34451
34450
34449
34466
34465
34482
34483
34484
34467
34485
34493
30723
34500
34501
34517
34516
30724
34526
34525
34540
34549
34562
34561
34560
34559
34558
34557
30729
34534
34535
34536
34537
34538
34539
34515
34514
34513
34512
34511
34510
34509
34524
34523
34530
34546
34547
34531
34532
34533
34548
30728
34556
34573
34572
34582
34583
34593
34603
34602
34592
34601
34600
34590
34591
34581
34580
34570
34571
34555
34554
30454
34569
30455
34579
30456
34589
30457
34599
34609
34610
34623
34634
30458
34651
30459
34668
34679
34680
34698
34699
34700
34682
34681
34670
34669
34652
34635
34624
34625
34611
34612
34613
30732
34626
34638
34639
34627
34614
34615
34616
34617
34618
34619
34620
34628
34645
34644
34643
34659
34660
34661
34674
34675
34691
34676
34663
34647
34662
34646
34629
30733
34630
34631
34649
34648
34664
34665
34694
34706
34695
34677
34666
34650
34632
34622
34607
34597
30730
34606
34605
34621
34604
34594
34595
34585
34584
34574
34575
34596
34586
34576
34564
34563
34550
34541
34551
34565
34566
34567
34552
30727
34542
30726
30725
34518
34502
34503
34494
34488
34472
30720
34455
34456
35379
35380
34473
34489
35381
34495
34504
34520
34519
34527
34543
34528
35382
34544
34553
34568
35383
34578
34577
34587
34588
35384
35385
34598
35386
34608
30731
34633
35387
34667
35388
34678
34696
34707
34723
34722
30737
34705
30736
34693
34692
34704
34721
34720
34703
34702
34690
34689
34688
34716
34717
34718
34719
34729
34730
34731
34742
34753
34764
34763
34752
34741
34740
34751
34762
34776
34775
34774
30738
34715
34714
34713
34684
34685
30735
34686
34687
34658
34642
34641
34640
34657
34656
34655
34673
34672
34654
34637
34636
30734
34653
34671
34683
34701
34712
34711
34727
34728
34739
34750
34761
30741
34773
34789
34772
34788
34787
34799
30743
34811
34825
34824
34823
34836
34837
34853
34870
34886
34887
34888
34898
34916
34915
34914
34897
34896
34885
34869
34852
34851
30465
34868
30466
34884
34894
34895
34911
34928
34937
34954
34955
34938
34939
34930
34929
34912
34913
34931
34932
34941
34942
34943
34944
34945
34946
34947
34964
34981
34982
34965
34948
34949
34933
34922
34905
34906
34907
34891
34890
34889
34904
34903
34902
34921
34920
34919
34901
34900
34918
30747
34917
34899
34872
34855
34871
34854
34838
34839
34826
34812
34800
34801
34813
34827
34840
34856
30746
34873
34874
34875
34859
34858
34857
34841
34842
34843
34844
34860
34876
34877
34878
34879
34863
34862
34861
34845
34828
34829
34846
34847
34830
30744
34816
34815
34814
34802
34803
34804
34792
34791
34790
34777
34778
34779
34780
34781
34765
34754
34755
34744
34743
34732
34733
34734
35389
35390
34745
34756
35391
35392
34767
34766
34782
34783
35393
34795
34807
35394
34820
34833
35395
34850
34849
30745
34832
34819
34806
34794
34793
34805
30742
34817
34818
34831
34848
34864
34880
34881
34865
34866
34867
34883
34882
34892
34909
34908
34925
34924
34923
34934
34951
34950
34966
34983
35001
35000
34999
34998
34997
34996
34995
34994
34993
34976
34977
34978
34979
34980
34963
34962
34961
34960
34959
34958
34940
34957
34956
34973
34974
34975
34992
34991
34990
35006
30750
35012
35013
35014
35015
35016
35017
35018
35019
35020
35021
35022
35007
35002
35003
35008
35023
35028
35033
35034
35029
35030
35035
35040
35039
35038
35042
35043
35044
35049
35048
30752
35053
35058
35075
35074
35091
35090
35073
35057
35052
35047
35071
35072
35089
35107
35108
35109
35092
35110
35111
35093
35407
35406
35054
35405
35404
35403
35402
35401
35025
35024
35009
35004
34986
34985
34984
34967
34968
34969
34952
30748
34935
34926
34927
34936
35397
35398
34953
34970
34987
35399
35400
29897
25587
29891
25586
29885
25585
29879
25584
29880
29881
29874
29873
25861
29857
29856
29848
25583
29840
25582
29833
29826
29827
29828
29835
29834
29841
29849
29850
29858
29851
29842
29843
25859
25858
29813
29812
29803
29802
29811
29810
29809
29800
34910
34893
35396
29716
25579
29732
29749
25580
29765
25581
29774
29791
29801
29792
25855
29775
25854
29766
29750
29751
29767
29768
29776
29793
29794
25856
29814
29815
29816
29817
29818
29819
29820
29821
29804
29805
25857
29822
29823
29824
29825
30268
30269
29832
30270
29839
29847
30271
30272
29855
29872
30273
30274
29878
29871
29870
25860
29853
29854
29846
29838
29831
29830
29829
29836
29837
29845
29844
29852
29869
29868
29867
29866
29865
29864
29863
29862
29861
29860
29859
29875
29882
29888
29887
29886
29892
29893
29894
29900
29899
29898
25863
29903
29904
29905
29911
25864
29917
29918
29919
29920
29921
29922
29923
29924
29925
29926
29927
29928
29912
29906
29901
29895
29889
29883
29876
29877
25862
29884
29890
30275
30276
29896
29902
30277
30278
29907
29913
30279
30280
29935
29930
29929
29934
29948
29947
29946
29945
29944
29943
29942
29960
29961
29962
29980
29979
29978
29977
29976
29959
29941
29940
29958
29957
29956
29974
29955
29939
29938
29937
25865
29933
29932
29915
29916
29910
29909
25588
29908
25589
29914
25590
29931
29936
29952
29970
29988
25591
30006
25592
30010
25593
30014
25594
30018
25595
30022
25596
30026
25597
30030
25598
30034
30035
30031
30027
30023
30019
30015
30011
30007
29989
29990
29971
29953
29954
29972
29973
29991
29992
29993
29975
29994
29995
29996
29997
29998
29999
29981
29963
29964
29965
29982
30000
30001
29983
29984
29966
29967
29949
29950
29951
29969
29968
29987
30005
30004
29986
29985
30002
30003
30008
30012
30016
30020
30024
30028
30032
30036
30037
30288
30033
30287
30286
30029
30025
30285
30284
30021
30017
30283
30282
30013
30009
30281
25105
25088
25071
25068
20709
25065
20708
25073
25074
25075
25076
25077
25078
25079
25080
25081
25082
25083
25084
25085
25102
25101
25100
25099
25098
25097
25096
25095
25094
25093
25092
25091
20986
25090
25089
25072
25069
25066
25063
25062
20707
25060
20984
25058
25057
20706
25055
25052
25054
20705
25051
20704
25048
20703
25049
25045
20982
25042
25041
20702
25037
20701
25033
20700
25029
20699
25026
20698
25023
20697
25020
20696
25017
20695
25014
20694
24997
24980
24998
25015
25018
25021
25024
25027
25030
25034
25038
25001
25002
25003
24987
24986
24985
24984
25000
24999
24983
24982
24981
24975
24974
20693
24968
20692
24963
24964
24969
24976
24970
20978
24949
24950
24951
24952
24953
24954
24955
24956
24957
24958
24959
24960
24965
24971
24977
24994
24993
24992
24991
24990
24989
24988
25004
25005
25006
25007
25008
25009
25010
25011
25012
25013
20980
25016
25019
25022
25025
25028
25031
25035
25039
25040
25044
25043
25046
25047
20983
25050
25053
25056
25059
25061
25064
25067
25070
25087
25086
25103
25106
25381
25104
20985
25380
25379
25378
25377
25376
25375
25374
25373
25372
25371
25370
25369
25036
25368
25367
25032
20981
25366
25365
25364
20034
20051
20059
15729
20067
20074
20080
20085
20086
20102
15730
20101
15731
20107
20108
15732
20113
15733
20119
15734
20125
20126
16017
20142
20147
15735
20146
15736
20151
15737
20156
15738
20161
20152
20157
20162
16018
20166
20185
20184
20183
20182
20181
20180
20179
20178
20177
20176
20171
15739
20170
20175
15740
20192
20196
15741
20212
15742
20215
20218
15743
20220
15744
20222
15745
20224
15746
20226
15747
20228
15748
20230
15749
20232
15750
20234
16020
20216
20213
20197
20193
20198
20199
20200
20201
20202
20203
20204
20205
20206
20207
20208
20209
20210
20194
20186
20187
20188
20189
20190
20172
20191
20195
16019
20211
20214
20217
20219
20221
20223
20225
20227
20229
20231
20233
20235
20501
20500
20499
20498
20497
20496
20495
20494
20493
20492
20491
20490
20489
20488
20487
20174
20173
20168
20167
20163
20164
20159
20160
20165
20169
20486
20485
20484
20155
20483
20482
20150
20145
20481
20141
20124
20480
20479
20118
20123
20122
20139
20140
20144
20149
20154
20158
20153
20148
20143
20138
20137
20136
20135
20134
20133
20132
20131
20130
20129
20128
20127
16016
20121
20120
20114
20115
20109
20103
20087
20082
20081
20075
20068
20060
20052
20035
20027
20026
15728
20018
15727
20011
15726
20004
15725
19988
19980
19965
19954
19937
19920
19921
19938
19939
19940
19941
19958
16003
19967
19957
19956
19955
19966
19982
19981
19989
20005
20006
20013
20012
20019
20020
20028
20036
20029
20021
20014
20007
19990
19991
19992
19993
19994
19995
19996
19997
19998
19999
19983
19974
19973
19972
19971
19970
19969
19968
16002
19942
19943
16000
19944
19945
19946
19947
19948
16001
19959
19960
19975
16004
16005
20000
16006
20008
20016
20015
20022
20030
16008
20047
20055
20054
20046
20045
20044
20043
20042
20041
20040
20039
20038
20037
16009
20053
16010
20061
20069
16012
20076
16014
20088
20089
20090
20091
20092
20093
20094
20095
20096
20097
20098
20099
20104
20110
20116
20117
20111
20105
20106
20112
20478
20477
20476
16015
20084
20100
20083
20077
16013
20070
16011
20062
20063
20071
20072
20078
20079
20073
20475
20066
20065
20064
20056
20048
20031
20032
20049
20057
20058
20474
20473
20050
20033
20472
20471
20025
20024
20023
20017
20009
20010
16007
15096
15112
15114
15116
15118
11616
15120
11617
15122
11618
15124
11853
11852
11851
11850
15097
15098
15099
15100
15083
15082
15081
15080
15079
15077
15076
11615
15074
15073
11614
15072
11613
15071
11612
11849
15084
15085
15101
15102
15086
15087
15088
15089
15103
15104
15105
15106
15090
15091
15107
15092
15108
15109
15093
15094
15095
15110
15111
15113
15115
15117
15119
15121
15499
15498
15497
15496
15495
15494
15493
15492
15078
15075
15491
11848
11847
11846
15490
15489
15488
15487
15486
15485
15484
11048
7848
11046
7847
11044
7846
11042
7845
11040
7844
11038
7843
11036
7842
11034
7841
11032
7840
11030
7839
11028
7838
11026
7837
11024
7836
11022
7835
11020
7834
11018
7833
11016
7832
11014
7831
11012
7830
11010
7829
11008
7828
11006
7827
11004
7826
11002
7825
11000
7824
10998
7823
10996
7822
10994
7821
10992
7820
10975
10976
10977
10978
10979
10980
10981
10982
10983
10984
10985
10986
10987
10988
10993
10995
10997
10999
11001
11003
11005
11007
11009
11011
11013
11015
11017
11019
11021
11023
11025
11027
11029
11031
11033
11035
11037
11039
11041
11043
11045
11047
11049
8065
11062
11061
11060
11059
11058
11057
11056
11055
11054
11053
11052
11051
11050
7849
11063
7850
11064
7851
11065
7852
11066
7853
11067
7854
11068
7855
11069
7856
11070
7857
11071
7858
11072
7859
11073
7860
11074
7861
11075
7862
11076
7863
11077
7864
11078
7865
11079
7866
11080
7867
11081
7868
11082
7869
11083
7870
11084
7871
11085
7872
11086
7873
11087
7874
11088
7875
11089
7876
11090
7877
11091
7878
11092
7879
11093
7880
11094
7881
11095
7882
11096
7883
11097
7884
11098
7885
11099
15528
15527
15526
15525
15524
15523
15522
15521
15520
15519
15518
15517
15516
15515
15514
15513
15512
15511
15510
15509
15508
15507
15506
15505
15504
15503
15502
15125
15501
15500
15123
15142
15141
15140
15139
15156
15172
15190
15173
15174
15157
15158
15159
15176
15193
15210
15209
15192
15175
15191
15208
15207
15206
15189
15188
15205
15204
15203
15202
15201
15200
15199
15198
15181
15164
15165
15182
15183
15184
15185
15186
15187
15171
15154
15155
15138
15137
15136
15135
15152
15153
15170
15169
15168
15151
15134
15133
15150
15167
15166
15149
15132
15131
15148
15147
15130
15129
15146
15145
15128
15127
15126
15143
15144
15161
15160
15177
15178
15179
15162
15163
15180
15197
15196
15195
15194
11619
15211
11620
15212
11621
15213
11622
15214
11623
15215
11624
15216
11625
15217
11626
15218
11627
15219
11628
15220
11629
15221
11630
15222
11631
15223
11632
15224
11633
15225
11634
15226
11635
15227
11636
15228
11637
15229
11638
15230
11639
15231
11640
15232
1277
1276
1275
1274
1273
1272
1271
1270
1269
1268
1267
1266
1265
1264
1425
1263
1262
1261
1260
1259
1258
1257
1256
1255
1254
1253
1252
1251
1250
1249
1248
1247
1246
1245
1244
1243
1423
1242
1241
1240
1422
1239
1238
1237
1236
1235
1234
1233
1232
1231
1230
1229
1228
1227
1226
1225
25140
25389
25138
25388
25387
25136
25134
25386
25385
25132
25130
25384
25383
25128
25126
25382
25124
25123
25122
25121
25120
25119
25118
25117
25116
25115
25114
25113
25112
25111
25110
25109
25108
25107
20710
25125
20711
25127
20712
25129
20713
25131
20714
25133
20715
25135
20716
25137
20717
25139
1224
1223
1222
1420
1221
1220
1219
1218
1217
1216
1215
1214
1213
1212
1211
1210
1209
1208
1207
1206
1205
1204
1203
1415
1202
1201
1200
1199
1198
1414
1416
1410
1409
1407
1404
1400
1395
1392
1389
1397
1396
1394
1393
1390
1388
1387
1383
1379
1380
1133
1134
1135
1136
1137
1385
1138
1139
1140
1141
1142
1143
1144
1145
1146
1147
1148
1149
1150
1151
1152
1153
1154
1155
1391
1156
1157
1158
1159
1160
1161
1162
1163
1164
1398
1399
1165
1166
1167
1168
1169
1401
1402
1170
1171
1172
1173
1174
1175
1176
1177
1178
1179
1405
1406
1180
1181
1182
1183
1184
1408
1185
1186
1187
1188
1189
1190
1191
1192
1193
1194
1195
1196
1197
35167
35162
35157
35152
35147
35142
35137
35148
35153
35158
35163
35168
35169
35415
35414
35164
35159
35413
35412
35154
35149
35411
35410
35144
35143
35138
35139
35409
35408
35134
35129
35128
35133
35127
35126
35132
35125
35124
35106
35088
35087
35070
35086
35069
35068
35085
35103
35104
35105
35123
35122
35121
35120
35119
35118
35100
35082
35083
35101
35102
35084
35067
35066
35065
35064
35063
35062
35061
35077
35078
35096
35097
35098
35079
35080
35081
35099
35117
35116
35115
35114
35131
35136
35141
35146
35151
35156
35161
35166
35165
30481
35160
30480
35155
30479
35150
30478
35145
30477
35140
30476
35135
30475
35130
30474
35112
35113
35095
35094
35076
35059
35060
35056
35051
35055
30473
35050
30472
35045
30471
35046
35041
30751
35037
35036
30470
35031
30469
35026
30468
35032
35027
35011
35010
30467
35005
30749
34989
34972
34971
34988
40825
40425
40417
40409
40824
40823
40400
40399
40408
40398
40407
40415
40416
40424
40432
40433
40826
40827
40441
40449
40828
40829
40456
40830
40464
40481
40488
40831
40832
40495
40513
40520
40519
40512
40494
40487
40480
40463
40455
40454
40447
40448
40440
40439
40431
40423
35911
40414
40406
40397
40388
40387
40396
40405
40413
40422
40430
40438
40446
40453
40461
40476
40477
40478
40462
40479
40486
40493
40511
40510
35916
40518
40536
40535
40543
40551
40552
40544
40545
40537
40538
40546
40833
40834
40554
40553
40561
40562
40835
40836
40570
40578
40837
40838
40586
40585
40577
40576
40568
40569
40560
40559
40567
40575
40583
40584
40592
40593
40594
40839
40840
40602
40601
40600
40591
40599
40598
40590
40582
40574
40566
40558
40550
40542
40534
40533
40532
40531
40530
40529
40528
40527
40526
40525
40524
40523
40541
40549
40557
40556
40548
40540
40522
40521
35601
40539
35602
40547
35603
40555
35604
40563
35605
40571
40572
40564
40565
40573
40581
40580
40588
40589
40597
40596
40595
35608
40587
35607
40579
35606
46390
46144
46135
46389
46388
46126
46117
46387
46386
46385
46099
46108
46107
46106
46097
46098
46089
46090
46384
46383
46081
46072
46054
46046
46028
41315
46382
46011
46381
46003
41314
45994
45995
46380
46379
45978
45986
45985
45977
45968
45959
45950
45949
45940
45931
45921
41310
45922
46373
46374
45932
46375
45941
45951
45960
46376
46377
45969
46378
35594
40418
35595
40426
35596
40434
35597
40442
40443
35912
40450
40458
35913
35598
40457
35599
40465
35600
40482
40489
40497
40496
40514
40515
40516
40498
40499
40500
35915
40501
40502
40503
40504
40505
40506
40507
40517
40509
40508
40492
40485
40475
40474
40473
40472
40471
40470
40469
40468
40484
40491
40490
35914
40483
40466
40467
40460
40459
40451
40452
40445
40444
40436
40435
40427
40428
40437
40429
40421
40412
40404
40395
40378
40368
40369
35909
40379
40380
40381
40382
40383
40384
40385
40386
40370
40360
40359
40358
40357
40356
40355
40354
40353
40352
35907
35906
40306
40307
40308
40309
40310
40311
40312
40313
40314
40298
40315
40299
40300
40291
40282
40281
40290
40289
40280
40271
40272
40255
40246
40245
40254
40270
40269
40268
40267
40266
40265
40264
35899
35897
35895
35894
40200
40187
40188
40201
40202
40203
40204
40205
35891
40177
35889
40160
40161
40162
40163
40148
40132
40131
40147
40146
40130
40129
40128
40127
40143
35888
40158
40144
40145
40159
40176
40186
40199
40198
40185
40175
40157
35887
40142
40141
40126
40125
40109
40108
40124
40140
40156
40172
40173
40174
40184
40183
40182
40195
35585
40212
40222
40232
40241
40250
40251
40242
40233
40223
40213
40196
40197
40214
40224
40215
40225
40235
40234
40243
40244
40253
40252
40261
40262
40263
40279
40288
40278
40287
40296
40297
40305
40322
40321
35904
40304
35903
40295
40286
40277
40260
40259
35586
40276
35587
40285
35588
40294
35589
40303
40320
40328
40338
40339
40329
40330
40331
40341
40351
40350
40340
40349
40367
40366
40376
40393
40377
40394
40403
40411
40420
40419
40410
35910
40402
40401
35593
40392
35592
40375
35591
40365
35590
40348
46370
45871
41308
45888
46371
46372
45905
41309
45904
45887
45870
45855
45840
46369
46368
45808
46367
46366
45792
45791
45807
45823
45824
45839
41306
41305
45838
41304
45822
41303
45806
41302
45790
45781
45772
45771
45770
45780
45789
45805
45804
45820
45821
45837
45854
41307
45869
45886
45903
45920
45919
45929
45930
45939
45938
41312
45948
45958
45967
45976
45984
45993
46002
46010
46027
46045
46053
41317
46044
46043
46026
46025
46042
46052
46069
46070
46071
46080
46088
46079
46078
46087
46096
46105
46114
46123
46124
46115
46116
46125
46134
46143
46142
46133
46132
46141
46140
46131
46122
46113
46104
46095
46086
46077
46067
46068
46051
46041
46040
46023
46024
46009
46001
45992
45983
45975
45966
45957
45947
45937
45928
45918
45917
45900
45901
45902
45885
45884
45868
45853
45852
45836
45835
45851
45866
45867
45883
45882
45899
45916
45915
45898
45897
45914
45913
45912
45911
45936
45927
45910
45893
45876
45875
45859
45860
45845
45829
45830
45814
45815
45831
45846
45847
45862
45861
45877
45894
45895
45896
45878
45879
45880
45881
45864
45865
45850
45849
45863
45848
45832
45816
45817
45833
45834
45818
45819
45803
45802
45801
45800
45799
45798
45788
45797
45813
45812
45828
45844
45843
45858
45874
45873
45890
45907
45891
45892
45909
45908
45925
45926
45935
45944
45934
45933
41311
45924
45923
40980
45906
45889
45872
45856
45857
45842
45841
45825
45826
45827
45811
45794
45810
45809
45793
45784
40979
45785
45786
45795
45796
45787
45777
45776
45775
40978
45758
45759
45760
45761
45778
45779
45762
45752
45763
45764
45765
45766
45767
45768
45769
45753
45743
45742
45741
45740
45739
45738
45737
45720
45721
45722
45723
45724
45725
45726
45710
45701
45690
45691
45692
45702
45711
45703
45712
45729
45746
45745
45728
45727
45744
45754
45755
45782
45783
46365
46364
45774
45773
41301
45756
45757
46363
46362
41300
45747
45730
41299
45713
46361
46360
45704
46359
45695
45678
46358
46357
45670
45662
45644
45643
45661
45694
45693
45677
45676
45668
45669
45660
45642
45659
45658
45667
45675
45689
45688
45687
45686
45685
45684
45683
45682
45700
45709
45708
45707
45716
45717
45718
45719
45736
45735
45734
45751
45750
45733
45732
45749
45748
40977
45731
45714
45715
45706
45705
40976
45696
40975
45679
40974
45671
40973
45663
40972
45645
45637
45621
45646
45647
45648
45665
45664
45672
41298
45680
45697
45698
45699
45681
45673
45674
45666
45649
45640
45650
45651
45652
45653
45654
45655
45656
45657
45641
45633
45632
45631
45630
45629
45628
45627
45626
45625
45617
45616
45624
45639
45638
41296
45623
45622
45614
45613
40971
45605
40970
45597
40969
45580
45572
40968
45556
45557
45573
45581
45598
45606
45607
45615
45608
45609
45601
45584
45583
45600
45599
45582
45575
45574
45558
45549
45532
45531
45548
45547
40967
45530
51346
51345
46828
50591
50574
50573
50572
50566
50560
50555
50554
50548
50549
50543
50542
46825
50526
50527
50521
50515
50516
50522
51337
51338
50528
50544
51339
51340
50550
50556
51341
51342
50562
50561
50567
50568
51343
51344
40962
45454
40963
45463
40964
45472
40965
45480
40966
45497
45513
45514
45498
45515
45499
45481
41290
45473
45464
45455
45456
45465
45474
45482
41291
45500
45517
45516
45533
45550
45559
45560
45576
45585
45586
45587
45588
45589
45590
45591
45592
45602
45610
45618
45634
45635
41297
45636
45619
45611
45603
45604
45612
45620
41295
46356
46355
46354
46353
41294
45579
45596
45595
45594
45593
45577
45568
45567
45566
45565
45564
45563
45562
45561
45551
45534
45535
45536
45537
45538
45539
45522
45523
45540
45541
45524
45525
45508
45509
45526
45543
45542
45552
45569
45570
45578
45571
41293
45555
45546
45545
45554
45553
45544
45527
45510
45493
45477
45468
45469
45478
45494
45495
41289
45470
45461
45452
45451
45460
45459
45450
45449
45432
45423
45414
45405
45396
45406
45397
45398
45399
45390
45372
45354
45336
45322
45321
45335
45353
45371
45389
45388
45370
45352
45333
45334
45320
45312
45313
45314
46341
45323
45337
45355
45373
45391
45400
46342
46343
45409
45408
45407
45416
45415
45424
45433
45434
45425
45417
45418
46344
46345
45427
45426
45435
45436
46346
45453
45462
46347
46348
45471
45479
45496
45512
45511
41292
45528
45529
46349
46350
46351
46352
40051
35584
40067
40079
40091
40092
40080
40081
40093
40094
40110
40111
40112
40113
40096
40095
40082
35881
40070
40097
40114
40115
40116
40117
40133
40149
40150
40151
40152
40167
40166
40165
40164
40178
35892
40189
40206
40207
40190
40179
40191
40208
40218
40217
40216
40226
40236
40237
40227
40228
35896
40238
40247
35898
35900
40256
35901
40273
35902
40283
40292
40301
40293
40817
40818
40302
40319
40318
40326
35905
40317
40316
40325
40334
40333
40324
40323
40332
40342
40343
40344
35908
40361
40371
40372
40373
40389
40390
40391
40374
40822
40821
40364
40347
40820
40819
40337
40336
40346
40363
40362
40345
40335
40327
34834
34835
34822
34821
30464
34808
34809
34810
34798
34797
34796
30463
34784
30462
34768
30461
34757
34758
34759
34770
34769
34785
34786
34771
34760
30740
34749
34748
30739
34738
34737
34726
34710
34709
34725
34736
34747
34746
34735
34724
30460
34708
34697
35890
40171
40170
40181
40193
40194
40813
40211
40210
40220
40221
40814
40815
40231
40240
40249
40258
40816
40275
40284
40274
40257
40248
40239
40230
40229
40219
40209
35893
40192
40180
40168
40169
40155
35885
40138
35886
40139
40123
40107
40812
40811
40090
40078
40077
40066
35877
40034
40033
40050
40065
40064
40049
40032
40020
40019
40031
35876
40048
40063
40062
40061
40073
40074
40075
40076
40089
40106
40122
40121
40105
35882
40088
40087
40086
40104
40085
40084
40102
40103
35883
40119
40120
35884
40137
40154
40153
40136
40135
40134
40118
40101
40100
40099
40098
40083
40071
40055
40041
40040
40054
35879
40039
40038
40053
40069
40068
40052
35878
40037
40036
40035
40023
40007
39990
35583
39980
39981
35872
39991
40010
40009
40008
40024
40025
40026
40027
40028
40012
40011
39993
39992
39983
39982
39965
39964
39963
39954
39946
39947
39948
35868
39955
39956
39966
39967
39957
39968
35870
39984
39994
39995
39969
39970
39971
39972
39973
39974
39975
39985
40001
40000
40016
35875
40015
39999
39998
40014
40013
39997
39996
35873
35874
40029
40043
40042
40056
40057
40058
40044
40045
40059
35880
40072
40060
40046
40047
40030
40018
40017
40002
40003
40004
39986
35871
39976
39977
39978
39987
40005
40021
40022
40006
39989
39988
39979
39961
39960
39959
35869
39958
39950
39941
39940
39923
39924
39908
39898
39899
39900
39909
39925
39942
35867
39951
39943
39926
39910
39911
39927
39912
39902
39903
39893
39892
39901
39891
39890
39873
39874
39862
39861
39860
39871
39872
39889
39888
39887
39886
39885
39884
39883
39882
39881
39870
39852
39853
39854
39855
39856
39857
39839
39838
39837
39836
35861
39835
35860
39825
39824
39823
39834
39850
39851
39869
35863
39880
39897
39907
35864
39918
39919
39920
39921
39922
39939
39938
39937
39936
39935
39934
39949
35866
39933
35865
39917
39916
39932
39931
39930
35582
39914
39915
39905
39906
39896
39879
39868
39867
39878
39895
39904
35581
39894
35580
39877
35579
39866
35578
39848
39849
39833
39822
39832
39821
39805
39806
39796
39795
35577
39778
35576
39767
35575
39779
39768
39757
35854
39747
39746
35574
39735
35573
39724
35572
39713
35571
39714
39715
39704
39703
35853
39693
39682
39692
35570
39681
35569
39670
35568
39653
35567
39642
35566
39625
39626
39627
39628
39611
39599
39588
39578
39568
39552
39551
39540
39550
39567
39577
39587
39598
39610
39609
39608
39597
35565
39586
35564
39576
35563
39566
35562
39549
39539
35561
39523
39506
39489
39490
39479
39463
39448
39439
39438
39447
35559
39462
35560
39478
46332
45017
45016
45032
45044
45031
45030
45015
45005
45006
45007
44990
41261
44979
44980
44963
46331
44951
44937
46330
44919
44918
44936
44950
44949
44962
44961
44960
44977
44978
44989
44988
44976
44975
44959
44974
44973
44972
44987
45000
44999
44998
44997
44996
45012
44995
44994
44993
44983
44966
41260
44954
44955
44956
44967
44968
44984
44985
44986
44971
44970
44969
44958
44957
44943
44944
44926
44927
44928
41258
44929
44930
41259
44945
44946
44947
44948
44934
44935
44917
44916
44933
44932
44931
44915
44914
44899
44898
44884
44869
44868
44867
44851
44852
44853
44839
44840
44854
44870
44885
44900
44901
44902
44903
44886
44873
44874
44888
44887
44904
44905
44906
44889
46329
44876
44875
44859
44858
44857
44872
44871
44855
44856
44841
44828
44829
44842
44843
44860
44844
46328
44830
41252
44815
44816
46327
44802
44801
44787
44770
44754
46326
44742
44726
44713
44714
46325
44698
44697
44680
44696
44695
44711
44712
44724
44725
44741
44740
44752
44753
44769
44786
44785
44768
44767
44751
44739
44723
41244
44710
41243
44694
44677
44660
44661
44662
44678
44679
44663
44646
44645
44644
41238
44633
44634
44624
44615
44606
44605
44604
44586
44568
44567
44554
44544
44543
44542
44541
44540
44539
44553
44538
44530
44537
41232
44529
44520
44512
44502
44493
44485
44494
44503
44521
44513
44504
44495
44486
44477
44462
44463
44464
44465
44466
44478
44487
44496
44505
44514
44522
44531
44545
44546
44547
44532
44523
44515
44506
44497
44488
44479
44470
44469
44468
44467
44453
44443
44430
44429
44428
44427
41227
44426
44403
44402
44417
44425
41226
44416
44401
41222
44385
41221
44367
44368
44369
44386
44387
44370
44371
44388
44404
44405
44389
44372
44373
44359
44351
44344
44337
44330
44323
44316
44309
44302
44293
44294
44295
44296
44271
44270
44269
44268
44256
44247
44246
44245
44244
44228
44229
44230
44215
41210
44231
41211
44248
44249
41213
44257
44273
44272
41215
44280
44297
44298
44305
44312
44311
44304
44303
44310
44317
44324
44331
44338
44339
44332
44325
44318
44319
44326
44333
44340
44347
44354
44362
44363
46313
46312
44355
44348
46311
44341
46310
46309
44334
44327
46308
46307
44320
44313
46306
46305
44306
44299
44282
44281
44274
44275
44259
44258
44250
44251
44252
44236
44220
46304
44211
46303
46302
44195
44187
46301
46300
44178
44177
44186
44194
44210
44209
44193
44185
44176
44159
44160
44150
44140
44130
44113
44096
44095
44078
44079
44080
46293
46294
44097
44114
46295
46296
44131
44141
46297
46298
44151
44161
46299
38623
38613
38614
38624
38625
35785
38635
38645
38656
38657
38646
38647
38648
38636
38637
38626
35784
38616
38615
35783
38600
35781
38591
38583
38575
38567
38559
38560
38550
38549
38533
38534
38535
38551
38561
38569
38568
38576
38577
38585
38584
38592
35782
38593
38601
38602
38603
38604
38605
38606
38607
38608
38594
38586
38578
38570
38562
38552
35776
38542
38541
38540
38539
38538
38537
38536
38527
38526
38525
38510
38511
38503
38502
38509
38508
35775
38532
38548
38558
38566
38574
38582
38590
38599
38598
38589
35526
38581
35525
38573
35524
38565
35523
38557
35522
38547
35521
38531
35520
38524
35519
38507
38501
35518
38495
35517
38479
38461
38445
38446
38436
38435
38426
35516
38417
35515
38408
35514
38399
35513
38390
35512
38381
35511
38372
35510
38363
35509
38354
35508
38345
35507
38329
35506
38319
35505
38309
35504
38299
35503
38289
35502
38277
35501
38266
35500
38250
38251
38252
38267
38278
38290
38291
38279
38280
38281
38270
38271
38256
38240
38241
38257
38258
38242
38243
38259
38260
38261
38245
38246
38229
38228
38244
38198
38199
38200
38186
38174
38173
38172
38171
38159
38158
38157
38146
38147
38148
38132
38131
38115
38114
38130
38129
38128
38144
38145
35754
38156
38167
35756
38182
35757
38194
38195
38196
38184
38183
38168
38169
38170
38185
38197
35758
38214
38227
38239
38255
38269
38268
38253
38254
38238
38225
38226
38213
38212
38211
35759
38210
35761
38223
38224
38237
38236
38235
38234
38222
38209
38193
38181
38166
38155
38143
38127
38112
38113
38102
38101
35499
38090
35498
38091
38075
38057
38041
38025
38026
38042
38043
38027
38028
38044
38060
38061
38062
38080
38079
38078
38093
38094
38105
38116
38117
38133
38134
35753
38135
38118
38119
38120
38136
38137
38121
38122
38123
35752
38138
38150
38161
38160
35755
38175
38187
38202
38201
35760
38215
38216
38203
38204
38217
38230
38247
38248
38264
38275
38285
38297
38296
38284
38274
38263
38262
38273
38272
35764
38283
38295
38305
38315
38325
38326
38316
38306
38307
38317
38327
38341
38342
38343
38344
40739
40740
40741
40742
40743
40744
40745
40746
40747
40748
38444
38443
38434
38425
38416
38407
38398
38389
38380
38371
38362
38353
38352
38361
38360
38369
38370
38379
38378
38387
38396
38388
38397
38406
38405
38414
38415
38424
38433
38440
35771
38431
38432
38423
38422
38413
38404
38395
38386
38377
38368
38359
38350
38351
38340
38339
38338
38337
38336
38335
38334
35769
38324
38333
38323
38322
38321
38311
38312
38313
38314
38303
38304
38294
38282
38293
38292
38302
38301
38300
38310
38320
38330
38331
38332
38348
38349
38358
38357
38356
38347
38346
38355
38364
38365
38374
38375
38366
38367
38376
38385
38384
38393
38394
38403
38412
38421
38430
38439
38450
38451
38452
38468
38469
38453
38454
38470
38488
38487
38486
38485
38467
38466
38484
38483
38465
38464
38448
38449
38438
38437
35770
38428
38429
38420
38411
38402
38410
38401
38392
38383
38373
38382
38391
38400
38409
38419
38418
38427
38447
38463
38462
38480
38481
38482
38496
38497
38498
38504
38512
38513
38514
38515
38516
38517
38518
38519
38520
38521
38528
38544
38543
38553
38554
38555
38545
38529
38523
38522
38505
38506
38500
38494
38477
38476
35774
38493
38499
38492
38491
38490
38489
38471
38472
38455
38456
38457
38473
38474
38475
38458
35772
38441
38442
35773
38459
38460
38478
40749
40750
40751
40752
40753
38530
38546
38556
40754
38564
38563
35777
35778
38579
38571
38572
38580
38588
38597
38587
35779
35780
38595
38596
38611
38612
38622
40755
40756
38632
38631
38621
38620
38610
38609
38619
38618
38628
38617
38627
38639
38638
38649
38660
38661
38677
38678
38679
38662
38650
38651
38640
38629
38630
35786
38641
38652
38663
38664
40758
40757
38653
38642
33295
30410
33287
33288
33296
33297
30650
30648
33237
33236
33235
33219
33220
33221
33222
33238
33251
33257
33263
33269
33275
33281
33289
33298
30652
33309
33320
33308
33307
33306
33305
33304
33316
33317
33318
33319
30654
33336
33353
33354
33337
33321
33322
33338
33339
33323
33324
33340
33341
33342
33370
33388
33387
33369
33368
33367
33366
33365
33364
33382
33399
33381
33398
33416
30658
33425
33417
30657
33400
33383
33384
33385
33386
33402
33401
33426
33427
33428
33403
33404
33405
33406
33407
33408
33391
33390
33389
33371
33372
33373
33374
33356
33355
33344
33343
33327
33326
33325
33299
30653
33310
33311
33300
33312
33301
33302
33293
33292
33291
33284
33285
33277
30647
33283
30649
30651
33290
33282
33276
33270
33264
33258
33252
33243
33227
33212
33204
33196
33188
33180
33172
33161
33162
33163
33164
33173
33181
33189
33197
33205
33213
33229
33228
33244
33245
33246
33247
30646
33230
30645
30644
33206
33207
33214
33215
33231
33248
35309
35310
33254
33253
33259
33260
35311
35312
33266
33265
33271
33272
35313
33278
33286
33294
35314
33303
33315
33332
33331
33314
33313
33330
33329
33328
33345
33346
33347
33348
35315
33358
33357
33375
33392
33409
33419
33434
33433
33443
33435
33410
33411
33393
30656
33376
35316
35317
33420
33436
35318
33444
30660
33461
35319
35320
35321
35322
35323
35324
35325
35326
33572
30666
33555
30665
33538
30664
33521
30663
33504
30662
33487
30661
33470
33469
33468
33460
33459
33467
33484
33485
33486
33503
33502
33519
33520
33537
33536
33552
33535
33534
33551
33568
33584
33583
33567
33566
33582
33581
33598
33599
33600
33618
33617
33616
33615
33597
33580
33565
33548
33549
33550
33533
33532
33531
33514
33515
33497
33496
33513
33530
33547
33564
33563
33579
33578
33562
33561
33577
33594
33595
33596
33614
33613
33627
33636
33646
33647
33648
33649
33650
33651
33652
33653
33663
33662
33672
33673
33683
33682
33691
33692
33693
33684
33674
33664
33654
33639
33630
33629
33638
33637
33628
33620
33619
33601
33602
33585
33569
33570
33553
33554
33571
33587
33586
33603
33604
30669
33621
33605
33588
33589
33606
33622
35327
35328
33631
30670
33640
33656
33655
33665
33666
35329
35330
33676
33675
33685
33694
33695
33686
35331
35332
35333
33705
33704
33714
33715
35334
35335
33725
33724
33723
33733
33742
33734
33735
35336
35337
33744
33743
33753
33752
33751
33741
33732
33722
33712
33713
33703
33702
33701
33711
33721
33731
33740
33750
33766
33765
33764
33763
33762
33761
33760
33749
33739
33730
33720
33710
33700
33690
33681
33671
33661
33645
33644
33643
30671
33634
33625
33635
33626
33612
33593
33611
33610
33624
33633
33642
33658
33668
33678
33679
33669
33659
33660
33670
33680
33689
33688
33698
33699
33709
33719
33729
33728
33718
33708
33707
33697
33687
30672
30420
33696
30421
33706
30422
33716
30423
33726
33717
33727
33736
30673
30424
33745
30425
33755
30426
33771
30427
33780
33789
33790
33807
30676
33806
30428
33824
33841
33842
33857
33874
30429
33883
33892
30430
33909
30431
33917
33918
33926
33925
33942
30432
33949
33927
30680
33943
33950
33957
33956
33955
30433
33963
30434
33970
33977
33978
33995
33996
33979
33971
33964
33958
33965
33972
33981
33980
33997
33998
34012
34021
34011
34020
34029
34030
34031
30687
34041
30689
34050
34068
34069
34070
34071
34072
34073
34074
34075
34086
34076
34058
34057
34056
34055
34054
34053
34052
34051
34042
34032
30686
34022
34013
34000
33999
33982
33973
33983
33984
34001
34002
33985
33986
33987
34003
34004
34005
33988
33989
33990
30685
34006
34007
34008
34017
34016
34015
34014
34023
34024
34025
34026
34036
34046
34045
34035
34034
34033
34043
34044
34059
34077
30691
34087
34106
34107
30692
34124
34141
34151
34152
35358
35357
35356
34108
34090
34089
34088
34079
34078
34060
34061
34062
30690
34063
34047
35355
35354
34037
34027
35353
35352
34018
34009
35351
35350
35349
35348
30684
33976
33993
33992
33991
33975
33974
33967
33968
33969
33962
33954
33947
33946
33953
33961
33960
33952
33945
33939
33922
33914
33906
33888
33887
33904
33905
33913
33921
33938
33937
33936
33935
33934
33933
33903
33902
33901
33900
33899
33912
33920
33931
33932
33944
33951
33959
33966
30683
33930
33929
33928
33919
33911
33910
33893
33894
33895
33896
33897
33898
33886
33878
33863
33864
33865
33866
33867
33849
33833
33850
33868
33869
33879
33870
33871
33853
33837
33836
33852
33851
33835
33834
33817
33816
33815
33832
33848
33847
33831
33830
33846
33845
33829
33828
33810
33811
33794
33793
33792
33809
33826
33827
30677
33844
33862
30678
33861
33860
33877
33876
33885
33884
33875
33858
33859
33843
33825
33808
33791
33781
33782
33773
33772
33756
33757
33747
33746
33737
33738
33748
30674
33758
33759
33774
33783
33795
33796
33812
33813
33814
33797
33798
33799
33800
33775
33784
33801
33818
33819
33820
33802
30675
33785
33776
33767
33768
33769
33770
33754
35338
35339
33779
33788
35340
35341
33805
33804
33787
33778
33777
33786
33803
33821
33822
33823
33840
33856
35342
30679
33882
33873
33855
33839
33838
33854
33872
33880
33881
33889
33907
33915
33908
33890
33891
35343
35344
35345
33916
33924
33923
33940
33941
30681
30682
33948
35347
35346
28796
28797
28784
28772
28773
28785
28786
28798
28799
28812
28826
28825
28824
28811
28810
28809
25553
28822
28823
25554
28835
25555
28849
28863
28864
28850
28836
28837
28838
28839
28853
28852
28851
28865
28866
28880
28879
28878
28877
28891
28892
28893
28894
28908
28909
28895
28881
28867
28868
25783
28854
28855
28869
25784
28882
25785
28896
25786
28910
28883
28897
28911
28927
28928
28929
28942
28943
28931
28930
25787
28913
28912
28898
28899
28884
28870
28856
28857
28858
28859
28860
28874
28888
28902
28903
28917
28916
28915
28901
28887
28873
28872
28871
28885
28886
28900
28914
28932
28944
28956
28969
28981
28997
28998
28999
28982
28983
30228
30227
28971
28959
30226
30225
28947
28946
28958
28970
28957
28945
28933
28934
28935
30224
30223
28918
28904
30222
30221
24078
24095
24107
24108
24096
24080
24079
24067
24055
24066
24054
24042
20663
24030
24018
24019
24020
24008
24007
20662
23991
23982
20661
23974
20660
23958
20659
23949
20658
23933
23925
23934
23926
23909
23892
23900
23908
23907
23899
20657
23891
20656
23874
20655
23875
23866
20654
23865
30209
30208
28615
28604
30207
30206
28580
30205
30204
28568
28567
28579
28592
28591
28603
28614
28626
28627
28639
28638
25766
28637
28625
28613
28602
28590
28578
28566
28550
28549
28539
28540
28522
28521
28520
28537
28536
28535
28518
28519
28502
28503
28504
28486
28485
25758
28472
28458
28457
28440
28439
28456
25757
28471
28455
28454
28470
28469
28468
28482
28496
28497
28483
28484
28498
28499
28500
28501
28517
28534
28533
28516
28515
28514
28513
28530
28512
28495
28494
28493
28510
28511
28528
28529
28544
28556
28571
28555
28570
28582
28583
28595
28596
28597
28598
28586
28574
28585
28584
28572
28573
28558
28557
28545
28546
28531
28532
28547
28559
28560
28561
28562
28563
28538
28548
25763
28564
28565
28577
28589
28601
28612
28624
28636
28635
28623
28611
28600
28588
28576
28575
28587
28599
28610
28622
28634
28648
28647
25767
28664
28665
28666
28683
28682
28681
28680
25770
28695
28696
28697
28698
28714
28731
28713
28712
28730
28741
28742
28743
28744
28756
28755
28768
28769
28781
28782
28770
28757
28745
28733
28732
25772
28715
28699
28685
28684
28667
28649
28650
28651
28668
28669
28652
28653
30210
30211
28670
28687
28686
28700
28701
28717
28716
28734
30212
30213
28746
28758
30214
30215
28771
28783
28795
28808
30216
30217
28821
28834
30218
28848
28862
30219
30220
28876
28890
28889
28875
28861
28847
28833
25782
28832
28846
28845
28844
28831
28830
28843
28842
28829
28815
28816
28803
28802
28790
28778
28779
25779
28791
28804
28817
28818
28805
28806
28819
28820
28807
28794
28793
28792
28780
25777
28767
28754
28753
28766
28765
28752
28740
28729
28711
28710
28728
28727
28726
28725
28739
28751
28764
28777
28789
28801
28814
28828
28841
28840
28827
28813
25781
28800
25780
25778
28788
28776
28763
25775
28750
28738
28723
28724
28706
25771
28693
28692
28691
28674
28657
28658
25768
28675
28676
28694
28707
28708
28709
25769
28678
28679
28663
28662
28661
28677
28660
28659
28645
28644
28631
28619
28620
28632
28646
28633
28621
28609
28608
28607
28606
28618
25765
28630
28643
28642
28656
28673
28690
28704
28705
28722
28721
25773
28737
25774
28749
28775
28787
28774
25776
28762
28761
28760
28759
28748
28747
28735
28718
28736
28720
28719
28703
28702
28688
28689
28672
28671
25552
28654
28655
28641
28640
25551
28628
28629
28617
28616
25550
28605
25764
28594
28593
25549
28581
25548
28569
25547
28553
28554
28543
25762
28527
28526
28509
28492
28478
28465
25546
28466
28479
28480
28481
28467
28451
28452
28453
28436
28435
28434
28433
28420
28421
28409
28394
28377
28395
28396
28411
28410
25753
28422
28423
28437
28438
28424
28412
28397
28398
28399
28381
28380
28379
28378
28361
28344
28343
28360
28359
28376
28393
28392
28375
28374
28391
28408
28419
28432
28450
28449
28448
28431
28418
28407
25545
28390
28373
28356
28339
28328
28313
28314
28329
28340
28357
28358
28341
28342
28330
25747
28315
25745
28300
28299
28298
28297
28285
28286
28275
28274
28263
28264
28248
28232
28247
28231
28220
25544
28202
28221
28222
28233
28249
28265
28276
28287
28288
28301
25743
28289
25742
28277
28278
28279
28268
28267
28266
25741
28250
28234
28235
28251
25740
28252
28236
28223
28224
28237
28253
28254
28255
28239
28238
28225
28209
28210
28211
28212
28198
28189
28180
28170
28169
28168
28167
28179
28178
28177
28163
28162
28145
28146
28135
28148
28147
28164
28165
28166
28149
28136
28126
28125
28115
28105
28096
28087
28078
25729
25730
25731
25732
25733
28114
28124
28134
28144
28161
28176
28185
25735
28195
28186
28187
28188
28197
28196
28208
28207
28206
28205
28204
28203
28194
28193
28184
25543
28175
25542
28160
28143
28133
25541
28123
25540
28113
25539
28104
28095
28086
28077
28068
28059
25538
28050
25537
28033
28034
28035
28036
28037
28038
28039
28052
28053
28062
28061
28051
28060
28069
28070
28071
28080
28079
28088
28097
28089
28098
28107
28106
28116
28117
28127
28137
28150
28151
28152
28153
28138
28128
28118
28108
28099
28090
28081
28072
28063
28054
28042
28041
28040
28028
28027
28026
28019
28008
28009
28020
25728
25727
27983
25726
27982
27981
27980
27962
27963
27945
25725
27931
25724
27930
27929
27921
27913
27912
27911
25535
27920
27927
27928
27944
27959
27960
27961
27978
27979
27997
27998
28007
28018
28017
28006
27996
27995
27977
27943
27958
27976
27994
28003
28004
28005
28016
28015
28014
25536
28025
35308
33208
33199
33198
30642
33190
33182
33191
35307
35306
33183
33175
33174
30641
33165
33166
33167
33149
33148
33147
30640
33130
33131
33132
33114
33133
33115
35305
33105
35304
35303
33095
33085
35302
35301
33075
33065
35300
35299
33055
33045
35298
35297
33035
33025
35296
35295
35294
33005
32995
35293
35292
32985
32984
32975
32974
32983
32993
32994
33004
33003
33002
32992
32982
32981
32991
33001
33011
33021
33022
33012
33013
33014
33015
33024
33023
33033
33034
33044
33043
33032
33031
33041
33042
33051
33061
33062
33052
33053
33054
33064
33063
33074
33084
33094
33104
33103
33093
33092
33082
33083
33073
33072
33071
33081
33091
33101
33102
33113
33112
33111
33129
33146
33128
33110
33100
33090
33080
33070
33060
33050
33040
33030
33020
33010
33000
32990
32980
32968
32967
32966
32965
32964
32979
32989
32999
33009
33019
33029
33039
33049
33059
33069
33079
33089
33099
33109
33121
33122
33123
33124
33142
33143
33125
33126
33127
33145
33144
33160
33159
33158
33157
33141
33140
33156
33171
33179
33187
33195
33224
33225
33226
33242
33241
33240
33239
33223
33211
33203
30643
33194
33186
33178
33170
33152
33169
33177
33185
33193
33201
33202
33218
33234
33233
33250
33256
33262
33268
33274
33280
33279
33273
30409
33267
30408
33261
30407
33255
30406
33249
30405
33232
33216
33217
33210
33209
30404
33200
33192
30403
33184
30402
33176
30401
33168
30400
33150
33151
33135
33134
33116
33117
33118
33136
33137
33153
33154
33155
33139
33138
33120
33119
33108
33098
33088
33078
33068
33058
33048
33038
33028
33018
33008
32998
32988
32978
32961
30639
32951
32950
32960
32977
32987
32997
33007
33017
33027
33037
33047
33057
33067
33077
33087
33097
33107
33106
30399
33096
30398
33086
30397
33076
30396
33066
30395
33056
30394
33046
30393
33036
30392
33026
30391
33016
30390
33006
30389
32996
30388
32986
30387
32976
30386
32959
30385
32949
30384
32934
32935
32918
32917
32906
30383
32890
32874
32907
32908
32919
32936
32952
32962
32963
32953
32940
32941
32942
32943
32944
32954
32969
32970
32971
32955
32945
30637
32929
32930
32912
32913
32914
32932
32931
32946
32956
32972
32973
32957
32947
30638
32958
32948
35291
35290
32933
30636
32916
35289
32905
32915
32904
32888
32889
32872
32873
32857
32856
32847
32838
32837
32836
32827
32826
32835
32844
32845
32846
32855
32871
32870
32854
32853
32869
32868
32884
32885
32886
32887
32903
32902
32901
32900
32899
32883
32882
32898
32911
32928
32927
32926
32925
32924
32923
32910
32922
32939
32921
32938
32937
32920
32909
30635
32891
32892
32861
32860
32876
32875
30634
30633
32859
32850
32841
32832
32823
32814
32813
32812
32858
30382
32849
30381
32840
30380
32831
30379
32822
30378
32811
32801
30377
32791
30376
32781
30375
32765
38100
38111
38110
38099
38086
35748
38069
38070
38087
38088
38055
38039
38023
38022
38021
38010
38011
37999
38000
38001
38012
35744
35743
35742
35741
37979
37978
37990
37989
37988
37987
37998
38009
38020
38019
38008
37997
37986
37974
37962
37948
37947
37946
37945
37931
37919
37907
37895
37885
37853
37852
37835
37836
37854
37837
37838
37821
37808
37795
37822
37839
37855
37866
37876
35730
37877
37886
37897
37896
37908
35734
37920
37909
37898
37887
37878
37888
37899
37911
37910
37921
37922
37934
37933
37932
37949
37950
37951
37965
37964
37963
35740
37975
37976
37977
37966
37967
35738
37954
37953
37952
37935
37936
37937
40730
37924
37923
37912
37900
37901
35732
40729
32491
30361
32508
30362
32518
30363
32527
30364
32536
30365
32545
32554
30366
32570
30367
32587
32604
32605
32588
32606
32607
32623
30623
32647
32639
32624
32625
32608
32590
32573
32558
32557
32572
32589
30620
32571
30619
32555
32556
32546
32537
32528
32519
32509
32493
32492
32475
32474
32457
32440
32458
32459
32476
32460
32477
32478
32461
32444
32443
32442
32441
32426
32425
32408
32398
30360
32388
30359
32378
30358
32368
30357
32369
32379
32389
32399
32409
32410
30611
32427
32411
32400
32390
32380
32370
32360
32351
32341
32331
32321
32311
32302
32291
32292
32281
32282
32266
32267
32255
32245
32235
32234
32218
32217
30600
32233
30601
32243
32244
30602
32254
32265
32264
32280
32279
32263
32253
32252
32262
32278
32290
32301
30609
32310
32320
32330
32340
32350
30610
32359
32349
30356
32339
30355
32329
30354
32319
30353
32300
30352
32289
37562
37548
37534
37520
37521
40713
40712
37507
37506
37505
37519
37518
37504
37490
37491
37477
37464
37439
37440
40709
40710
37453
37452
37465
37466
37479
37478
37492
37493
40711
32206
32215
32232
32242
32216
32207
30597
32198
32197
32196
30351
32185
30350
32175
32159
32160
32176
32186
32187
32188
32177
30595
32161
30593
32151
30591
32150
32149
32139
32123
32112
30349
32096
32086
30348
32087
32088
30585
32097
32113
30587
32124
30589
32140
32141
32142
32152
30594
32162
32178
32189
32200
32209
32199
32208
32219
32220
32221
32222
32223
32224
32225
32226
32210
32201
32202
32211
32228
32227
32236
32237
32238
32229
32212
32203
32192
32181
32171
32170
32180
32191
32190
32179
32169
32154
32144
32133
32134
30590
32145
30592
32156
32172
32173
32157
32158
32174
32184
35259
35260
32195
30596
30598
32194
32183
32182
32193
32204
32205
32214
32213
32230
32239
32249
32250
32240
32231
30599
35261
35262
32241
32251
35263
35264
32261
30604
30606
30608
35265
35266
35267
35268
35269
35270
35271
35272
35273
35274
35275
32424
32423
32422
32421
32405
32406
32407
32397
32396
32386
32376
32387
32377
32367
32358
32366
32375
32365
32364
32374
32384
32385
32395
32394
32404
32403
32393
32392
32382
32372
32383
32373
32363
32362
32353
32354
32344
32343
32333
32323
32313
32314
32324
32334
32335
32325
32315
32307
32306
32305
32304
32294
32283
32284
32295
32296
32297
32298
32308
32317
32316
32326
32327
32337
32336
32346
32345
32355
32356
32357
32347
32348
32338
32328
32318
32309
32299
32288
32277
32260
32259
32275
32276
32287
32286
32285
32274
32273
30603
32256
32257
32258
32248
32247
32246
32272
32271
32270
32269
32268
30605
30607
32293
32303
32312
32322
32332
32342
32352
32361
32371
32381
32391
32401
32412
30612
32428
32413
32414
32415
32416
32431
32430
32429
32447
32464
32446
32445
32462
32463
32480
32481
32482
32465
32448
32449
32466
32450
32451
32433
32432
32417
32402
32418
32419
32420
32435
32434
32452
32469
32468
32467
32484
32485
32486
32503
32512
32513
32523
32532
32541
32540
30616
32549
32550
32542
32533
32524
30613
32515
32506
32507
32490
32473
32472
32489
32505
32514
32504
32487
32488
32471
32470
32453
32454
32436
32437
32438
32455
32439
32456
35276
35277
35278
35279
32517
32516
32525
32526
32535
32534
30614
30615
32543
32544
32553
32569
32586
35280
32603
32585
30618
32552
32551
32568
32567
32566
32565
30617
32548
32539
32530
32531
32522
32521
32511
32502
32501
32483
32500
32499
32498
32497
32479
32496
32495
32494
32510
32520
32529
32538
32547
32559
32560
32561
32574
32575
32576
32593
32592
32591
32609
32626
32627
32610
32611
32612
32613
32630
32629
32628
32649
32648
32681
32680
30625
32665
32664
32679
32678
32663
32646
32638
32622
32621
30368
32637
30369
32645
30370
32662
30371
32677
30372
32694
30373
32704
30374
32714
32715
32732
32731
32747
32748
32749
30631
32766
32782
32792
32802
32803
32793
32783
32767
32768
32769
32770
32754
32755
32737
32721
32720
32736
32735
32753
32752
32751
32750
32733
30629
32716
30628
32706
32705
32695
32696
32697
32707
32717
30630
32734
32718
32719
32708
32698
32682
32683
32666
30624
32650
32651
32652
32667
32684
32685
32668
32653
32654
32669
32670
32687
32686
32699
32709
32724
32725
32741
32740
32758
32759
32775
32774
32773
32757
32739
32723
32722
32738
32756
32772
32771
32784
32794
32804
30632
32815
32824
32833
32842
32851
32862
32863
32879
32878
32877
32893
32894
32895
32896
32897
32881
32880
32864
32865
32866
32867
32852
32843
32834
32825
32816
32805
32795
32785
32776
32777
32787
32786
32796
32797
32798
32808
32807
32806
32817
32818
32819
32828
32829
32820
32809
32799
32789
32779
32788
32778
32762
32761
32760
32742
32726
32710
32688
32671
32672
32673
32690
32689
30626
32700
30627
32727
32743
32744
32728
32729
32712
32711
32701
32702
32692
32691
32674
32659
32660
32643
32642
32641
32658
32657
32656
32655
32640
32631
32614
32596
32578
32595
32594
32577
32562
32563
32564
32579
32580
32581
32598
32597
32615
32616
30621
32632
32633
32634
32619
32618
32600
32617
32599
32582
32583
32584
32601
32602
32620
32635
32636
30622
32644
32661
32676
32675
32693
32703
32713
32730
32746
32745
32763
32764
32780
32790
35281
35282
32800
32810
35283
35284
32821
32830
32839
32848
35288
35287
35286
35285
25519
27642
25520
27649
25521
27656
25522
27663
25523
27670
25524
27677
25525
27684
25526
27691
25527
27699
25528
27708
27716
27726
27725
27742
25529
27759
27760
27743
27744
25713
27745
27728
27727
25710
27729
27746
27747
27763
27764
27765
27766
27750
27733
27732
27749
27748
27731
27730
27717
27709
27700
27692
27685
27678
27671
27664
27657
27650
27643
27634
27618
27600
27582
27583
27573
27566
27552
27551
27550
27581
27599
27617
27616
27633
25518
27615
27597
27598
27580
27579
27572
25517
27565
25516
27549
27543
25515
27535
25514
27528
25513
27521
25512
27514
25511
27497
27489
25510
27473
27465
25509
27456
25508
27447
25507
27438
25506
27423
25505
27413
25504
27403
25503
27393
25502
27383
25501
27372
27354
27355
27373
27374
27356
27357
27340
25696
27323
25695
27314
27315
27324
27341
27358
27376
27375
27384
27394
27404
27414
25700
27424
27415
27405
27395
27385
27359
27360
25698
27361
27343
27342
25697
27325
27326
27327
27328
27329
27330
27346
27345
27344
27362
27363
27364
27347
27348
27349
27333
27332
27331
27316
27305
27306
27291
27290
27279
27269
27270
27280
27281
27271
27260
27259
27248
27237
27238
27220
27219
27218
27208
27209
27192
27191
27180
27169
27158
27148
27149
27159
25689
27170
27182
27181
27193
27210
27211
27221
27239
27240
27251
27250
27249
27261
27262
27263
27252
27241
27223
27222
27213
27196
27195
27212
27194
27183
27184
27185
27173
27172
27171
27160
27161
27150
25686
27134
25685
27117
25684
27106
27105
27116
27133
27132
27115
27104
27093
27094
27095
27096
27097
27108
27118
27135
27136
27119
27109
27098
27087
27076
25678
27060
27051
27042
27032
27033
25675
25676
25677
25679
25681
25682
30120
27120
30121
30122
25688
27152
27151
27162
27163
27174
25690
25691
30123
30124
27224
30125
30126
30127
30128
30129
30130
27274
27284
27295
27294
27283
27273
27272
27282
27293
27292
27307
27317
27318
27319
27308
27309
27310
27311
27321
27336
27335
27320
27334
27350
27368
27367
27380
27381
27382
27370
27371
25699
30132
27392
27391
27390
27389
27399
27400
27410
27409
27418
27419
27434
27435
27420
27421
27411
27401
27402
30133
30134
27412
30135
27422
27437
27436
27445
27446
30136
30137
27455
27454
27453
27444
27443
27442
27433
27432
27417
27407
27408
27398
27388
27379
27378
27366
27365
27377
27386
27387
27397
27396
27406
27416
27431
27430
27429
27428
27427
27426
27425
27439
27448
27457
27466
27477
27476
27475
27474
27498
27499
27500
27490
27478
27479
27480
27481
27482
27483
27467
27458
27468
25702
27484
27469
27460
27459
27450
27449
27440
27441
27451
27452
27461
27462
27463
25701
27472
27464
30138
22567
20618
22583
20619
22600
22601
22612
22611
22621
22622
22633
22634
22623
22624
22613
20825
22603
22602
22585
22586
22569
20822
22570
20824
22587
22604
22614
20826
22625
22636
22647
22635
22646
20830
22655
22656
22677
22665
22645
22632
22643
22644
22654
22653
20620
22663
22664
22676
22675
22692
22709
22726
22727
22710
22693
22694
22711
22728
22738
22737
22736
22754
30144
27564
27563
27562
27571
30145
27578
27596
27614
27632
27613
27595
27594
27593
27577
27570
27569
27576
27575
27568
27559
25705
27545
27537
27530
27523
27516
27509
27517
27524
27532
27531
27538
27546
27539
27547
27560
27561
27548
27540
27533
27526
27525
27518
27510
27511
27494
27495
27513
27512
27520
27519
27527
27534
25703
27541
25704
27542
30143
30142
30141
30140
30139
27496
27488
27487
27486
27471
27470
27485
27493
27492
27491
27508
27507
27506
27505
27504
27503
27502
27501
27515
27522
27529
27536
27544
27553
27554
27555
27556
27557
27558
27567
27574
27589
27590
27608
27609
27591
27592
27610
27628
27627
27626
27607
27588
27606
27605
27587
27586
27604
27603
27585
27584
27602
27601
27619
27620
27621
27622
27623
27624
27625
25706
27635
27644
27651
27658
27659
27666
27673
27674
27680
27665
27672
27679
27686
27693
27701
27710
27718
27734
27751
27767
27768
27780
27791
27769
27781
27792
27810
27793
27782
27783
27794
27795
27784
27773
27772
27756
27739
27721
27720
27738
27755
27771
27770
27754
27753
27752
27735
27736
27737
27719
27711
27702
27694
27687
27688
27681
27682
27675
27668
27667
27660
27661
27654
27653
27652
27645
27636
27637
27646
27647
27639
27638
27629
27611
27612
27630
27631
27640
27641
27648
30146
30147
27655
27662
30148
30149
27669
27676
30150
30151
27683
27690
25707
25708
27689
27696
27704
27695
27703
25709
27712
27713
27705
27706
27697
27698
30152
27707
27714
27715
30153
30154
30155
27758
25712
27741
25711
27724
27723
27722
27740
27757
27774
27785
27796
27786
27775
30156
30157
27797
27814
30158
30159
30160
27813
27812
25715
27811
25716
27828
27829
27830
27831
25717
27848
27857
30161
30162
27866
27875
30163
30164
27884
27893
30165
30166
27901
30167
27910
30168
25723
27926
27919
27918
25722
27909
27925
27917
27908
27899
27900
27892
27883
27891
27882
27873
27874
27865
27864
27855
27856
27847
27846
27845
27827
27826
27809
27808
27825
27824
27807
27806
27823
27822
27839
27838
27837
27836
27819
27820
27821
27805
27804
27803
27802
27801
27790
25714
27779
27762
27761
27778
27777
25530
27776
27787
27798
27815
27832
27858
25531
27867
25532
27876
25533
27885
25534
27902
27903
27904
27894
25720
27886
27877
27868
27869
27860
27859
25719
27850
27849
25718
27833
27816
27799
27788
27789
27800
27818
27817
27834
27835
27851
27852
27861
27870
27879
27888
27878
27887
27895
27896
27905
25721
27914
27922
27932
27946
27964
27965
27947
27933
27934
27935
27948
27949
27936
27937
27923
27915
27906
27897
27889
27880
27871
27862
27853
27840
27841
27842
27843
27844
27854
27863
27872
27881
27890
27898
27907
27916
27924
27938
27939
27952
27970
27953
27940
27941
27942
27956
27957
27975
27974
27973
27955
27954
27972
27971
27989
27990
28001
28012
28023
28031
28048
28049
28032
28024
28013
28002
27991
27992
27993
30169
30170
30171
30172
30173
30174
28058
28067
28057
28066
28075
28084
28093
28102
28111
28112
30180
30179
28103
28094
30178
30177
28085
28076
30176
30175
23256
23247
23248
23257
23258
23266
23265
23264
23274
23275
23292
23309
23291
23308
23325
23342
23359
23376
23377
23360
23343
23326
23327
23344
23361
23378
23395
23412
23411
23394
23393
23410
20636
23427
23428
20637
23444
20638
23461
20639
23477
23478
23462
23445
23446
23447
23429
20883
23413
23396
23397
23414
23430
20884
23448
23465
20885
23464
23463
23479
23490
23489
23488
23505
23506
23507
23491
23480
23492
23493
23481
23466
23449
23450
23451
23434
23435
23436
23420
23419
23402
23401
23400
23399
23416
23417
23418
23433
23432
23431
23415
23398
23380
23379
23362
23345
23328
23311
23310
23293
23276
23277
23294
23278
23295
23312
23313
23330
23329
23346
23363
23381
23364
23347
23348
23331
23332
23314
23297
23296
23279
23280
23281
23298
23315
23316
23317
23300
23299
23282
23283
23284
23285
20873
23268
23260
23251
20870
23242
23233
23224
23225
23216
23217
23218
23227
23236
23235
23226
23234
23243
23252
23244
23245
23254
23253
23262
23271
23272
23273
20874
23290
25277
25278
25279
25280
25281
25282
25283
25284
25285
23426
20882
23409
20881
23392
20880
23375
20879
23358
20878
23341
20877
23324
20876
23307
23306
23305
20875
23289
23288
23270
23261
23269
23287
23286
23303
23304
23321
23322
23323
23340
23339
23338
23320
23337
23354
23353
23336
23319
23302
23301
23318
23335
23352
23351
23334
23333
23350
23349
23366
23365
23382
23383
23384
23367
23368
23385
23403
23404
23387
23386
23369
23370
23371
23372
23355
23356
23357
23374
23391
23408
23425
23424
23440
23457
23456
23439
23423
23406
23407
23390
23373
23389
23388
23405
23422
23421
23437
23454
23438
23455
23471
23483
23470
23469
23453
23452
23468
23467
23497
23496
23495
23482
23494
23510
23511
23512
20888
23527
23513
23514
23515
20889
23542
23556
23570
23571
23572
23558
23557
23543
23544
23529
23528
23516
23498
23499
23500
23501
23484
23472
23473
23474
23475
23459
23458
23441
23442
23443
23460
23476
23487
25286
25287
23504
23520
23534
23533
23547
23548
25288
25289
23562
23576
23575
23589
23590
25291
25290
18636
18637
18647
18646
15682
18656
18666
18675
18676
18667
18657
18658
18648
18638
18659
15904
18668
15906
18677
18678
18687
18686
18685
18684
18701
18711
18702
18703
18713
18712
18722
18721
15683
18731
18732
18723
18733
15913
18734
18724
15912
18714
15911
18704
15909
18688
18689
18690
18691
18692
18669
18660
18649
15902
18639
15901
18629
15900
18613
18612
18611
18628
18610
18627
18626
18609
18591
18573
18592
18593
18594
18595
18577
18576
18575
18574
18564
18563
15681
18554
18545
15680
18546
18555
18556
18565
18566
18567
18578
18596
18614
18615
18616
18617
18599
18598
18597
18579
18580
18581
18582
18600
18618
18619
18601
18583
18584
18568
18558
18549
18540
18531
18522
18513
18504
15897
18494
18495
18505
18506
18507
18516
18525
18524
18515
18514
18523
18533
18532
18541
18542
18551
18550
18559
18560
18561
18552
18543
18534
18535
20389
20390
18544
18553
20391
20392
18562
20393
18572
18590
18589
18588
18606
18607
18608
15899
18625
20394
20395
18635
18645
20396
20397
18655
15903
15905
15907
20398
18700
18699
18698
18682
18683
18674
18673
18681
18697
18696
15908
18680
18671
18672
18663
18664
18665
18654
18644
18634
18624
18633
18632
18642
18643
18653
18652
18662
18651
18641
18631
18622
18623
18605
18587
18571
18570
18569
18585
18586
18604
18621
18603
18602
18620
18630
18640
18650
18661
18670
18679
18695
18694
18693
18705
18715
18725
18735
18752
18753
18736
18726
18716
15910
18706
18707
18708
18718
18717
18727
18728
18729
18719
18709
18710
18720
20399
20400
18730
20401
18740
18757
18766
18775
18783
18782
15919
15917
18774
18765
15915
18755
18756
18739
18738
18737
18754
18764
18763
18772
18773
18780
18781
18789
18788
18797
18798
18790
18791
18792
20402
20403
18801
18810
20404
20405
18827
18836
20406
20407
18846
18845
18855
18856
20408
20409
18866
18865
18864
18854
18844
18835
18826
18809
18800
18799
18808
18807
18806
18805
18796
18787
18779
18771
18762
18751
18750
18749
18748
18747
18746
18745
18744
15914
18761
15916
18770
18778
15918
18769
18768
18767
18758
18759
18760
18743
18742
15684
18741
25297
23741
23725
23709
23692
25296
23677
25295
25294
23662
23647
25293
25292
23630
23629
23646
23645
23628
23615
23616
23603
23602
23601
20891
23587
23588
23574
23560
23561
23546
23532
23518
23519
23503
23486
23485
20886
23502
23517
20887
23530
23531
23545
23559
23573
23586
23585
23584
23598
23599
23600
20893
23613
23614
23627
23626
20894
23643
23644
23659
23658
23657
23672
23673
23674
23675
23660
23661
23676
23691
23690
23689
23706
23705
23688
23687
23704
23686
23671
23656
23655
23670
23685
23700
23701
23702
23703
23719
23720
23721
23722
23723
23707
23708
23724
23740
23739
23738
20898
23737
23748
20900
23749
23750
23751
25298
23762
23761
23760
23769
23759
23758
20901
23768
23784
23785
20905
23810
23809
23808
23793
23783
23782
23767
23756
23746
23757
23747
23736
23735
23718
23717
23734
23733
23732
23716
23715
23699
20895
23684
23669
23668
23683
23682
23667
23666
23665
23664
23679
23680
23681
23696
23713
20896
23697
23698
20897
23714
23731
23730
23729
20899
23745
23755
23766
23777
23776
20904
23791
23800
23799
23790
23775
23789
23774
23764
23765
23754
23744
23743
23753
20649
23742
23726
23710
23711
23727
23728
23712
23695
23694
23693
20648
23678
20647
23663
20646
23648
20645
23649
23650
23651
23652
23653
23654
23636
23622
23609
23610
23623
23637
23638
23639
23640
23641
23642
23625
23612
23624
23611
20892
23597
23596
23595
20890
23581
23582
23583
23569
23568
23567
23553
23554
23555
23541
23540
23539
23526
23525
23509
23508
23524
23523
23537
23538
23552
23566
23580
23594
23593
23578
23579
23565
23551
23564
23550
23536
23522
23521
20640
23535
20641
23549
20642
23563
20643
23577
23591
23592
23606
23605
23618
23619
23620
23607
23608
23621
23635
23634
23633
23632
23631
23617
20644
23604
30195
28389
28372
30194
30193
28355
28338
28327
28326
28337
25749
28354
25750
28371
25751
28388
25752
28405
28406
30196
30197
28417
28416
28429
28430
30198
28447
25755
28446
28464
28463
28428
28445
28444
28426
25754
28427
28415
28404
28387
28370
28369
28368
28367
28350
28321
28322
28335
28351
28352
28353
28336
25748
28324
28325
28310
28309
28323
28308
28294
28282
28271
28283
28295
28311
28312
28296
30192
30191
28284
28272
28273
30190
28262
30189
25738
28230
28219
30188
30187
30186
30185
30184
30183
28142
28132
30182
30181
28122
28121
28131
28141
28159
28158
25734
28174
28183
28192
28201
28218
28229
25737
28246
28261
25739
25736
28217
28228
28245
28244
28260
28259
28243
28227
28215
28216
28200
28191
28182
28173
28156
28157
28140
28130
28120
28110
28101
28092
28083
28074
28065
28056
28047
28046
28030
28022
28011
28000
27988
27987
27969
27951
27950
27968
27967
27966
27984
27985
27986
27999
28010
28021
28029
28043
28044
28045
28055
28064
28073
28082
28091
28100
28109
28119
28129
28139
28155
28154
28171
28172
28181
28190
28199
28214
28213
28226
28241
28240
28256
28257
28242
28258
28270
28281
28293
28307
28306
28305
28292
28280
28269
28304
28303
25744
28291
28290
28302
25746
28316
28331
28332
28345
28362
28363
28346
28333
28317
28318
28319
28320
28334
28349
28366
28348
28347
28364
28365
28382
28383
28384
28385
28386
28403
28402
28414
28401
28400
28413
28425
28441
28459
28442
28443
28460
28473
28474
28461
28462
28475
28487
28505
28488
28489
28476
28477
28490
28507
25759
28506
25760
28523
28524
25761
28541
28551
28552
30203
30202
28542
28525
30201
30200
28508
28491
25756
30199
23752
20650
23763
23773
23788
23797
23798
20907
23814
23815
23824
23823
23822
20651
23830
23831
23832
23833
23842
23843
23834
23825
20908
23816
23801
23802
23803
23804
23805
23806
23778
23779
23780
23781
23792
23807
23818
23817
23826
23827
23836
23845
23835
23844
23853
23854
23862
23871
23870
23861
23852
23851
23850
23841
23840
20652
23839
20653
23848
23849
20910
23857
23858
23859
23860
23869
23868
23867
20911
23876
23893
23894
23877
23878
23879
23880
23881
23882
23883
23884
23885
23886
23887
23872
23863
23855
23846
23837
23828
23819
23811
20906
23794
23786
20902
23770
23771
23772
20903
23787
23795
23796
23813
25299
25300
23821
23812
23820
20909
23829
25301
23838
23847
25302
25303
23856
23864
25304
25305
23873
23890
23889
23888
23897
23905
23922
23931
23948
23956
23947
23946
23945
23921
23920
23919
23904
23896
23895
23903
23918
23930
23944
23955
23954
23943
23929
23917
23916
23915
23914
23913
23912
23911
23902
23901
23910
20912
23927
23928
23937
23938
23939
23940
23941
23942
23967
23978
23966
23965
23964
23963
23962
23961
23977
23985
23984
23976
23960
23953
23952
23936
23935
23951
20915
23950
23959
23975
23983
23992
23993
23994
24009
24021
20919
24032
24033
24046
24045
24044
24043
24031
20921
24056
20922
24068
24081
20924
24097
20926
24109
20928
24124
24125
20930
24141
20931
24156
24157
24173
24174
24191
24205
24190
24189
24172
24171
24140
24139
24123
24122
24138
24153
24154
24155
24170
24169
24168
24185
24202
24203
24186
24187
24188
20934
24204
24222
24221
24220
24219
24218
24234
24252
24253
24235
24236
24237
24255
24256
24271
24283
24282
20939
24270
24254
24269
24281
24268
20664
24280
24297
24298
24315
24314
24326
20665
24342
24351
24352
24343
24327
24316
24299
24300
24317
24318
24301
24302
24284
24272
24257
24238
24223
24239
24240
24258
24273
24285
24286
24287
24288
24305
24306
24289
24290
24274
24275
24276
24277
24264
24248
24247
24263
24262
24246
20936
24245
24244
24228
24243
24261
20937
24260
24242
24259
24241
24225
24224
24206
24207
24192
24175
24176
24193
24208
24226
24227
24209
24210
24211
20935
24212
24196
24195
24194
24177
24178
24179
24161
24160
24145
24128
24127
24144
24159
24158
24143
24142
24126
20929
20927
24112
24113
24129
24130
24131
24146
24147
24162
24163
24148
24149
24164
24165
24166
24167
25317
25316
24152
24137
24136
24120
24121
24106
20925
24093
24092
24105
24119
24135
24151
24150
24134
24133
24132
24116
24115
24114
24100
24101
24102
24103
24117
24118
24104
24091
24090
20923
24073
24061
24062
24074
24075
24076
24064
24063
24051
24050
20920
24037
24025
24013
24014
24015
24016
24005
23989
23988
24004
20917
24003
24002
24012
24024
24023
24035
24036
24049
24048
24059
24060
24072
24089
24088
24071
24087
24086
24085
24084
24099
24111
24110
24098
24083
24082
24069
24070
24057
24058
24047
24034
20918
24022
24010
23995
23996
23997
23998
23999
24000
24011
24001
23986
23987
23979
23968
23969
23970
23971
23972
23980
20916
23981
23973
23957
25308
20914
23932
20913
23923
23924
23906
25307
23898
25306
18867
15691
18857
15690
18847
15689
18837
15688
18838
18848
18858
18868
15922
18877
18887
15692
18886
18896
15693
18907
15694
18917
18927
18928
18918
18908
18897
18898
18899
18900
18909
18910
15923
18888
18878
18869
18859
18849
18839
18829
18815
18814
18813
18812
15921
18828
18811
18803
18802
15687
18793
15686
18784
15685
18776
18777
18785
18794
18786
18795
18804
18816
18817
18818
18819
18820
18821
18822
18830
18831
18841
18840
18851
18850
18860
18861
18862
18852
18842
18832
18823
15920
18824
18825
18834
18833
18843
18853
18863
18874
18883
18884
18875
18876
20410
20411
18885
20412
18895
18906
18894
18893
18892
18903
18902
18890
18891
18882
18873
18872
18881
18880
18871
18870
18879
18889
15924
18901
18911
18921
15926
18931
18932
18933
18934
18925
18924
18923
18922
18912
18913
18914
18904
18905
18915
18916
20413
20414
18926
18935
18952
18953
18968
18967
18976
18977
18994
19003
18993
19002
15933
19019
19020
20415
20416
19031
19048
20417
20418
20419
19082
15937
19065
19064
15936
19047
15935
19030
19029
19028
19018
19017
19027
19045
19046
19063
19062
19079
19080
19081
19091
19100
19109
19125
19108
19124
19123
19122
15940
19106
19107
19098
19099
19090
19089
19097
19088
19078
19077
19076
19075
19058
19041
19042
19059
19060
19061
19044
19043
19026
19016
18999
19000
19001
15932
18992
18975
18966
18951
18950
18965
18964
18949
18948
18947
18962
18963
15930
18973
18974
18991
18990
18989
18988
18961
18960
18946
18945
18944
18959
18958
18943
18942
18957
15928
18941
18930
15925
18920
18919
18929
18939
18940
15927
15929
18982
18983
18984
18985
18986
18987
19015
19014
19013
19012
19011
15934
19010
19009
19008
19025
19024
19023
19006
19007
18998
18981
15931
18972
18971
18956
18938
18937
18936
18954
18955
18970
18969
15695
18978
18995
15696
18979
18980
18997
18996
19005
19022
19033
19034
19035
19051
19052
19069
19070
19054
19053
19036
19037
19038
19055
19056
19039
19040
19057
19074
19073
19072
19071
19087
19086
19095
19096
19105
19104
15939
15938
19094
19093
19083
15697
19084
19085
19068
19067
19066
19050
19049
19032
19021
19004
25309
23990
24006
25310
24017
24029
25311
25312
24041
24040
24028
24027
24026
24038
24039
24052
24053
24065
25313
25314
24077
24094
25315
19137
15699
19148
19149
19160
19159
19171
19187
19203
19204
19205
19189
19188
19172
19173
19161
19150
19174
19162
15945
19151
19152
19142
19131
19130
19141
19140
19139
19138
19127
15698
19111
19102
19103
19112
19128
19129
19113
19114
19115
19116
19117
19118
19119
19120
19121
19132
19133
19144
19143
19154
19155
19166
19165
19181
19195
19196
19212
19211
19210
19209
19208
19207
15951
19191
19177
15949
19192
19193
19194
19180
19179
19178
15942
19153
19164
19163
19176
19175
15948
19190
15950
19206
15952
19223
19222
19221
19233
19243
19244
19261
19260
19278
19287
19296
19307
19308
19309
19310
19311
19312
19313
19330
19329
19328
19327
19326
19325
19324
19323
15957
19306
19305
19295
19294
19285
19286
19277
19276
19259
19242
19232
19231
19220
15700
19219
19230
19240
19257
19241
19258
19275
15701
19274
15702
19283
15703
19292
19302
15704
19319
19320
19303
19293
19284
19304
19321
19337
19336
19347
19346
19356
19357
19367
19366
19376
19393
19410
15705
19419
19420
19411
19394
19377
19378
19379
19368
15961
19358
15960
19348
15959
19338
15958
19322
19339
19349
19359
19369
19380
19381
19382
19383
19384
19401
19400
19399
19398
19397
19396
19395
15965
19437
19436
19445
19446
19447
19448
19439
19438
15966
19421
19412
15964
19413
19422
19423
19424
19425
19426
19427
19454
19453
19452
19451
19468
19469
19485
19486
19470
19471
19472
19455
19456
19473
19474
19475
19491
15970
19506
15971
19523
19524
19534
19533
19532
19541
19542
19552
19551
19561
19562
19572
19563
19564
19553
19543
19544
19554
19555
19565
19575
19574
19573
19583
19591
19582
19571
19581
19590
19600
19601
19617
19618
19628
19636
19635
15977
19626
19627
19616
19615
19614
19613
19612
19611
19610
19609
15975
19599
19589
19580
19570
19560
19550
19540
19531
15972
19515
19514
19497
19498
19499
19516
19517
19518
19519
19520
19521
19522
19504
19505
19490
19489
19488
19487
19503
19502
19501
19500
19484
19483
19467
19450
19449
19466
19482
19481
19465
19464
19463
19462
19479
19480
19496
19495
19511
19512
19513
19530
19539
19538
15973
19529
19528
15706
19547
15707
19557
15708
19568
19558
19548
19549
19559
19569
19579
19588
19598
19608
19607
19623
19624
19625
15976
19634
19643
19661
19660
19677
19676
19675
19683
19691
19692
19684
19685
19693
19701
19700
19699
19707
19706
15717
19698
15716
19690
15715
19682
15714
19674
15713
19657
19658
19659
19642
15978
19633
19641
19640
15712
19632
19622
15711
19606
19596
15710
19597
19587
15974
19578
19577
15709
19567
25336
24560
20949
24543
24536
25335
25334
25333
24519
24518
24511
25332
25331
24503
24510
24502
24493
24486
24487
24494
24495
25330
25329
25328
24453
25327
25326
24421
24420
24419
24403
24386
24376
24375
24365
24364
24363
24374
24373
24383
24400
24382
24372
24362
24346
24347
24348
24349
24350
24366
24367
24377
24387
20942
24404
25325
25324
25323
25322
25321
20941
24325
25320
24313
24296
24279
20938
24266
24267
24251
24233
24217
24201
25319
25318
24184
24183
24200
24199
24182
24181
20932
24180
20933
24197
24198
24214
24213
24229
24230
24231
24215
24216
24232
24250
24249
24265
24278
24294
24295
24312
24324
24323
24341
24340
24339
24321
24309
24322
24311
24310
24293
24292
24291
24308
24307
24319
24320
24338
24337
24336
24361
24360
24359
24358
24395
24396
24397
24413
24412
24429
24445
24460
24477
24478
24461
24446
24430
24447
24462
24479
24480
24463
24481
24482
24483
24484
24467
24466
24465
24464
24449
24448
24431
24414
24415
24398
24399
24416
24432
24433
24434
20944
20945
24435
24417
20943
24401
24384
24385
24402
24418
24436
24437
24438
24452
24470
24469
24451
24450
24468
24485
24492
24500
24501
24509
24517
24535
24542
24550
24551
24559
24558
24567
24568
24569
25337
25338
24578
24586
25339
25340
24595
24602
20952
24594
24593
24601
24610
25341
25342
24617
20954
25343
24634
24652
24651
24633
24650
24667
24676
24677
24668
24669
25344
25345
24678
24686
25346
25347
25348
24703
24694
24685
24684
24683
24682
24674
24675
24666
20955
24649
24648
24631
24632
24615
24616
24609
24608
24600
24592
24583
24584
24585
24577
24576
24575
24566
24557
24549
24541
24534
24516
24508
24533
24532
24531
24530
24529
24528
24527
24526
24525
24524
24540
24548
24547
24546
24539
24523
24522
24538
24537
20948
24521
24520
24512
24504
24496
20669
24488
20668
24471
24472
24456
24455
24454
24439
24440
24441
24424
24423
24422
24405
24388
24406
24407
24390
24389
24379
24380
24391
24408
24425
24442
24443
24458
24457
24474
24473
24489
24490
24498
24506
24497
24505
24513
24514
24515
20947
24507
20946
24499
24491
24475
24476
24459
24444
24426
24427
24428
24411
24394
24393
24410
24409
24392
24381
24371
24355
24356
24357
24333
24334
24335
24304
24303
20940
24332
24331
24330
24345
24329
24328
24344
24353
24354
24370
24369
20666
24368
20667
24378
30232
29122
29113
29098
30231
30230
29089
29080
29066
29065
29064
29050
25792
29033
29034
29051
29052
30229
29035
29017
29016
29015
29032
29014
28996
28995
28979
28980
28968
28967
28955
28954
28966
28978
28994
29012
29013
29031
29030
29048
29049
29062
29061
29060
29047
29046
29059
29058
29045
29044
29057
29071
29072
29073
29074
29075
29076
29086
29085
29094
29095
29077
29063
29078
29079
29088
29087
29096
29097
29112
29121
29137
29138
29146
30233
29155
29171
30234
29180
29170
29179
29178
29169
29168
29177
29185
29186
29202
29201
29200
25810
29184
25809
29175
29166
29176
29167
29151
29143
29142
29150
29165
29164
29163
29162
29161
29160
29159
25807
29158
25806
29149
25805
29141
25803
29125
25801
29117
25798
25800
25802
29126
29127
29128
29129
29130
29131
29132
29133
29118
29119
29134
29135
25804
29152
29153
29154
29145
29144
29136
29120
29111
29110
29109
29108
29107
29106
29105
29104
29103
25799
29093
29084
29070
25796
29056
29043
29025
29026
29027
29028
29029
29010
29011
28993
28992
28991
28990
29009
29008
29007
29006
29005
28989
28976
25791
28977
28965
28964
25790
25789
28952
28953
28941
28926
28925
28940
25788
28924
28923
28922
28921
28907
28906
28905
28919
28920
28937
28936
28948
28960
25556
28972
28973
28974
28962
28961
28949
28950
28938
28939
28951
28963
28975
28986
28985
28984
29000
29001
29019
29018
29036
29037
29038
29039
29021
29020
29002
29003
28987
28988
29004
29022
29023
29024
29042
25794
29041
29040
25793
25795
25797
29083
29092
29102
29101
29100
29091
29082
29068
29069
29055
29054
29053
29067
29081
25557
29090
29099
29114
29115
29116
29124
29123
29139
29140
29148
29147
29156
29157
29173
29172
29181
29182
29190
29191
29174
25808
29183
29192
29209
29210
29193
29194
29211
29212
29195
29213
29196
29197
29214
29215
29198
29199
29216
29227
29217
29218
29219
29229
29228
29244
29245
29246
29256
29267
29278
29279
29288
29277
29287
29298
29299
25816
29289
29290
29280
29269
29268
29257
29258
29259
29248
29247
29230
25812
29220
25811
29203
29204
29187
29188
29205
30235
30236
29222
29221
29231
29232
29249
29260
30237
30238
30239
30240
29292
29282
29271
29270
29281
29291
29300
29310
29311
29301
29302
29312
30241
30242
29322
29321
29320
29330
29339
29340
29331
29332
30243
30244
29341
29351
30245
24587
20674
24579
20950
24571
24570
20673
24561
20672
24552
20671
24544
20670
24545
24553
24554
24563
24562
24572
24580
24581
24573
24564
24555
24556
24565
24574
24582
24591
24599
24607
20953
24624
24625
24626
24627
24628
24629
24630
24647
24665
24664
24646
24645
24663
24662
24644
24643
24661
24660
24642
24641
24659
24658
24640
24623
24622
24639
24638
24637
24655
24656
24657
20957
24698
24707
24716
24725
20962
24733
24741
24749
24757
24748
24740
24739
24747
24755
24756
20966
24764
24772
20969
24771
20968
24770
24786
24787
20970
24804
24805
24788
24773
24774
24775
24776
24789
24806
24807
24790
24791
24808
24809
24792
24777
24778
24793
24810
24811
24812
24794
24779
24780
24795
24781
24796
24813
24814
24797
24766
24767
24782
24798
24815
24816
24823
24822
24828
24829
24835
24840
20973
24846
24841
25355
25354
24836
24830
25353
25352
24824
24817
24800
24799
24783
24784
24768
24761
20965
20964
24753
24745
25351
24737
20963
24736
24744
24752
24760
24759
24765
20967
24758
24750
24751
24743
24742
24734
24726
24735
24727
24728
24719
24718
24717
24708
24709
24700
24699
24690
24691
24692
24693
24702
24701
24710
24711
24720
20961
24729
24721
25350
24712
25349
19729
19745
15718
19761
15719
19771
15720
19781
15721
19791
15722
19802
19803
19804
19821
19822
19823
19806
19805
19794
19795
19785
19775
19765
19749
19733
19732
19748
19764
19763
19773
19774
19784
19783
19793
19792
19782
19772
19762
19747
19746
19730
19731
19723
19722
19721
19714
19715
19716
19708
19709
15980
15981
19724
19734
19735
19750
19751
19752
19736
19753
19754
19737
19738
19739
19755
19740
19741
19756
15985
15986
15987
19786
19787
19788
19778
19777
19776
19766
19757
15983
19758
19767
19768
19769
19779
19789
19800
19799
19816
19831
19832
19843
19842
19830
19815
19798
19797
19814
15990
15991
19841
19852
19869
19868
15994
19851
15993
19840
19829
15989
19813
19796
19812
19839
19850
19828
19827
19811
19810
19809
19826
19825
19808
19807
15988
19824
15992
19861
19862
15995
15996
19863
19864
19865
19866
19867
19878
19879
19880
19881
19894
19906
19917
19916
19915
19933
19934
19952
19935
19918
19919
20467
20466
19908
19907
19895
19883
19882
19870
19853
19854
19871
19884
19896
20465
20464
20463
19872
19855
19844
19833
19818
19817
19801
20462
19790
19780
19770
19760
15984
19744
15982
19728
20461
20460
19720
20459
20458
19713
19705
20457
20456
19697
19689
20455
20454
19681
19680
19688
19679
19687
19695
19696
19704
19703
19711
19712
19719
19727
19726
19743
19759
19742
19725
19717
19718
19710
19702
19694
19686
19678
19669
19668
19667
19666
19665
19664
19663
19662
19644
19645
19646
19647
19648
19649
19650
19651
19652
19653
15979
19670
19671
19654
19655
19672
19673
20453
19656
19639
19638
19637
19629
19630
19620
19619
19603
19602
19592
19593
19584
19585
19594
19604
19621
19631
20452
19605
20451
19595
20450
20449
19586
19576
20448
20447
19566
19556
20446
20445
19546
19545
19537
20444
19527
20443
20442
19510
19494
20441
20440
19478
15968
19477
15969
19493
19509
19526
19536
19535
19525
19508
19507
19492
19476
19458
19457
15967
19440
19441
19442
19459
19460
19461
20439
20438
19444
19443
19434
19417
19435
19418
20437
20436
19409
19408
15963
19391
19392
20435
20434
19375
19374
19390
19373
19363
19353
19352
19362
19372
19371
15962
19388
19389
19407
19406
19414
19415
19416
19433
19432
19431
19430
19429
19428
19403
19402
19385
19386
19387
19404
19405
19370
19360
19361
19351
19350
19340
19341
19331
19332
19342
19343
19333
19316
19315
19314
15956
19297
19298
19299
19290
19289
19288
19279
19270
19269
19268
19267
19266
19265
19264
19263
19262
19245
19246
19247
19248
19249
19250
19251
19234
19235
15953
19252
19253
19254
19236
19237
19238
19255
19273
19272
19271
15954
19280
19281
19291
19300
19317
19334
19344
19345
19355
19354
19364
19365
20433
20432
20431
19335
19318
20430
19301
20429
15955
19282
20428
20427
19256
19239
20426
20425
19229
19218
19202
19201
19200
19185
19184
19199
19215
19216
19217
19228
19227
19226
19225
19224
19213
19214
19198
19197
19182
15946
19183
19167
19156
19145
19134
19135
19136
19147
19146
19157
19168
19158
19169
15947
19186
19170
20424
15944
15943
15941
19126
20423
20422
19110
19101
20421
19092
20420
14569
14575
14576
14577
11826
14593
14594
11827
14601
14607
11830
14623
11831
14638
14622
14606
14600
14592
14599
11569
14605
11570
14621
11571
14637
14641
11572
14644
11573
14647
11574
14649
14651
11575
14668
11576
14685
11577
14689
14686
14690
14694
14693
14709
14710
14695
14696
11835
14697
14698
14699
14700
14701
14702
14703
14704
14705
14706
14707
14691
14687
14683
14682
14681
14680
14679
14678
14677
14676
14675
14674
14673
14672
14671
14670
14669
11833
14652
14653
14654
14655
14656
14657
14658
14659
14660
14661
14662
14663
14664
14665
14666
14667
14650
14648
14645
14642
14639
14634
14633
14632
14631
14615
14616
14617
14618
14603
14596
14597
11828
14604
14598
15432
15431
14591
11825
14574
15430
15429
14568
11823
11822
14545
15428
15427
14538
14551
14573
14590
14589
14588
14587
14586
14585
14584
14583
14582
14581
14580
14609
14610
14611
14612
14613
14614
14630
14629
14628
14627
14626
14625
14624
14608
11829
14602
14595
14579
14578
14570
11824
14554
14571
14572
14556
14557
14558
14559
14560
14561
14562
14563
14564
14565
14566
14567
14550
14543
14544
14537
14530
14531
14515
15426
15425
14514
14513
14529
14536
14528
14527
14526
14525
14524
14523
14522
14521
14520
14519
14512
14518
14535
14542
14549
14555
14548
11821
14541
11820
14534
11819
14517
14511
14495
14488
14489
14496
14497
14498
14499
14500
14501
14502
14503
14504
14505
14506
14507
14508
14491
14490
14483
14484
14485
15424
14467
14466
14465
14458
11817
14482
14481
14480
14479
14478
14477
14476
14475
14474
14473
14472
14471
14470
14487
14494
14510
11818
14533
14540
14547
14553
14552
14546
14539
14532
14516
14509
11568
14492
14493
14469
14486
11567
14468
14461
14462
14463
14464
14457
11816
11814
14449
14441
14417
14416
14415
14408
11812
14402
14395
14396
14403
14409
14410
14404
14397
14390
14384
14378
14377
14383
14389
14388
14382
11810
14376
14375
11809
14359
14360
14361
14362
14345
14344
14343
14342
14325
14324
14307
14300
11560
14293
11559
14286
11558
14270
14253
14237
14230
14213
14214
14215
11805
14216
14217
14218
14219
14220
14221
14222
14223
14206
14205
14204
14203
14202
14201
14200
14199
14198
14197
14188
11802
11801
11800
11799
14172
14171
14136
14135
11554
14129
14123
14117
14100
14101
14096
14090
14085
14080
14075
14074
11785
14058
14059
14060
14061
14062
14063
14064
14065
14066
14067
14068
14069
14070
14071
14072
14076
14081
11786
14086
14087
14092
14093
15394
11788
14082
15393
15392
15391
15390
14038
14037
14055
14054
14053
14052
14051
14050
14049
14048
14047
14046
14045
14044
14043
14042
14036
11784
14020
14021
14022
14023
14024
14025
14026
14027
14028
14029
14030
14031
14032
14033
14016
14013
11783
13997
13979
13980
15385
15384
13975
13970
15383
15382
13965
13959
13941
13923
13922
13940
13958
13964
13969
13968
13963
13957
13956
13955
13954
13953
13952
13934
13935
13917
13916
13915
13933
13951
13950
13932
13914
13913
13931
13949
13948
13930
13912
13911
13895
13896
13897
13898
13899
13900
13901
13902
13918
13936
13937
13919
13903
13904
13920
13938
13939
13921
13905
13888
13883
13878
13874
13871
13867
13863
13859
13864
13868
13872
13875
13879
13884
13889
11779
13906
15381
15380
15379
15378
15377
15376
15375
15374
13860
13843
15373
13839
13822
11773
13838
13842
13858
13857
13856
13855
13854
13853
13852
13851
13850
13849
13848
13847
13846
13862
13866
13870
13873
13877
11778
13882
13887
13894
13893
13886
13885
11550
13880
13881
13876
11549
11777
13869
11548
13865
11547
13861
11546
13844
11545
11775
13840
11776
13845
13841
13825
13824
11774
13823
11544
13819
11543
13815
11542
13811
11541
13806
11540
13800
13794
13787
11539
13782
13777
11538
13772
11537
13766
11536
13761
13756
11535
13751
11534
13745
11533
13746
13747
13741
13740
11532
13739
20362
17982
17997
18012
15872
17996
17981
17980
17979
17978
18007
17991
17976
17977
17964
17965
17966
17951
15866
17936
17937
17921
17938
17953
17952
15868
17967
17968
17954
17940
17939
17923
17922
17906
17890
17889
17888
17904
17905
17920
17919
17935
17950
17949
17963
17962
17948
17947
17932
17933
17934
17918
17902
17903
17887
17886
17871
17855
17854
17870
17869
17885
17900
17901
17917
17916
17931
17915
17899
17883
17884
17868
15861
17851
17852
17834
17835
17853
17836
17818
17806
17793
17780
17767
15855
17742
17728
17729
17743
17755
17756
17757
17758
17747
17759
17760
17748
17749
17761
20355
17774
17773
17772
17771
17770
17783
17782
17769
17768
17781
17794
17807
17819
17837
17838
17820
17808
17795
17796
17809
17810
17797
17784
17785
17786
17787
20356
20357
17800
17813
17824
17812
17799
17798
17811
17823
17822
17821
17839
17857
17856
17872
17873
17874
17875
17876
17891
17907
17924
20361
20360
17908
17892
17877
17861
17860
17859
17858
17840
17841
17842
17843
17825
20359
20358
13623
11528
13629
11529
13635
11530
13641
11753
13642
13643
13636
13630
13624
13609
13608
11751
11752
13607
13606
11527
13590
11526
13573
13591
13574
13557
13556
13539
13531
13523
11525
13515
13506
11524
13496
13497
13479
13468
11523
13469
13480
13481
13498
13499
13508
13507
11745
13516
13524
11746
13532
13542
13541
13540
13558
13559
13576
13575
11750
13592
13593
13577
13578
13561
13560
13543
13544
13533
13525
13517
13509
13500
11744
13484
13483
13482
13472
13455
13456
13457
13458
13459
13460
13461
13462
13473
13491
13490
13489
13488
13487
13486
13485
13547
13546
13545
13562
13563
13564
13580
13579
13594
13610
13611
13612
13595
13596
13581
13582
13597
13613
13614
13615
13598
13583
13566
13565
13548
13549
13550
13567
13584
13599
13616
13625
13631
13637
13653
13638
13654
13655
13656
13663
13678
13677
13662
13676
13692
13693
11755
13694
13695
13696
11756
13727
13737
13736
11761
13731
13726
13710
13725
13724
13723
13722
13708
13709
13691
13690
13673
13674
13675
13661
13652
13651
13650
13649
13648
13647
13646
13669
13670
13671
13688
13672
13689
13707
13721
13720
13706
13719
13705
13687
13686
13685
13668
13645
13644
13660
13659
11531
13658
13665
13680
13698
13712
13728
13733
13734
13729
11758
13714
13713
13699
13700
13701
13683
13682
13681
11754
13666
13667
13684
13702
13703
13704
13718
13717
13716
13715
13730
11760
13735
13742
13748
13754
13759
13758
13753
13752
13757
11764
13762
13763
13768
13767
13773
13774
13779
13784
13790
13789
13783
11767
13778
13788
13801
13795
11769
13796
11770
13802
13807
13812
13816
13820
13826
13827
13828
13829
13830
13831
13832
13833
13834
13835
13836
13837
13821
13817
13813
13808
13803
13804
13809
11771
11772
13818
13814
13810
15372
15371
13805
13799
15370
15369
13793
13792
13798
13797
13791
13785
13780
13775
11768
13786
13781
15368
15367
13771
13776
11766
13770
13769
13764
11765
13765
13760
13755
11763
11762
13749
13743
13750
15366
15365
13744
13738
13732
11759
11757
13711
13697
13679
13664
15364
13657
15363
13640
13639
13633
13634
15362
15361
9466
9483
9494
9495
9512
7736
9511
9520
9529
9530
9547
9546
9564
7737
9580
7738
9588
7739
9596
9605
9614
7740
9622
7741
9631
7742
9640
9649
7743
9658
9667
7744
9684
7745
9692
7746
9700
7747
9708
7748
9724
7749
9733
7750
9742
7751
9756
7752
9770
8009
9779
9788
9789
9780
9772
9771
9757
9743
9734
9725
9726
9735
9744
9758
8008
9759
9773
9781
9790
9799
9808
9817
9825
9834
9843
9852
9905
9915
8017
9925
9926
9927
9942
9943
9944
9929
9916
9930
9945
9946
9947
9948
9949
9959
11268
9950
9935
9934
9933
9932
9931
9917
9918
9919
9909
9900
9883
9882
9899
9908
9880
9854
9853
9844
9835
9826
9818
9819
9827
9836
9837
9845
9846
9855
9872
8012
9856
9847
9838
9829
9828
9820
9821
9812
9811
9793
9784
9776
9766
9752
9751
9750
9749
9764
9763
9762
9748
9747
9761
9760
9746
9745
8007
9736
9727
9712
9713
9714
9715
9716
9717
9718
9719
9729
9728
9737
9738
9739
9730
9720
9721
9722
9723
9707
11251
11250
9699
9691
11249
11248
9683
8005
9666
11247
11246
9657
9665
9656
9648
9647
8003
9646
9655
9664
9682
9690
9681
9689
9697
9698
9706
9705
9704
9696
9703
9695
9678
9677
9676
9675
9674
9686
9694
9702
9711
9710
8006
9709
9701
9693
9685
9669
9670
9671
9672
9673
9660
9651
9643
9634
9625
9616
9607
9598
9590
9582
9570
9569
9551
9552
9571
9572
9573
9554
9553
9536
9537
9538
9555
9557
9558
9559
9523
9524
9518
9509
9508
9480
9451
7992
9440
9439
9438
9437
9436
7991
9435
9434
9421
9410
9399
9373
9374
9375
9376
9377
9378
9362
9351
9363
9379
9380
9364
9353
9352
9331
9332
9316
9317
9318
9334
9335
9319
9303
9287
11228
11227
9278
9269
9251
9241
11226
11225
9224
9223
7974
9240
9250
7976
9266
9267
9268
9277
9286
9302
9301
9300
9285
9276
9275
9274
9264
9265
9248
9249
9239
9222
9211
9210
9194
9193
9209
9208
9207
9206
9205
9204
9203
9192
9182
9173
9163
9153
9136
9137
9138
9139
9140
9141
9142
9128
9129
9143
9154
9164
9174
9183
9184
9175
9176
9185
9195
9212
9213
9196
9186
11224
11223
11222
11221
11220
11219
9147
9146
9157
9167
9177
9166
9165
9155
9156
9144
9130
9145
9131
9124
11218
11217
9116
9100
9099
9115
7970
9098
9088
9121
9112
9111
9110
9109
9108
9107
9120
9127
9135
7972
9152
9162
9172
9171
9180
9181
9191
9190
9200
9201
9202
9219
9230
9231
7975
9232
9233
9234
9235
9236
9220
9221
9238
9237
9247
9263
9262
9261
9260
9259
9258
9257
9256
9255
9272
9271
7977
9254
9244
9245
9228
9229
9218
9217
9216
9199
9189
9179
7973
9178
7731
9187
15347
13342
13358
15348
15349
13368
13384
13402
13420
13419
13401
13400
13418
13428
13438
13439
13429
13430
13440
15350
13451
13450
13449
13448
13464
13465
13466
13467
15351
13478
11743
13495
15352
15353
13505
13514
15354
15355
13522
13530
15356
15357
13538
11747
13555
15358
15359
13572
15360
13589
13588
11749
13571
13570
11748
13569
13587
13602
13603
13620
13621
13604
13605
13622
13628
13627
13632
13626
13619
13618
13617
13600
13601
13586
13585
13568
13551
13534
13526
13518
13519
13527
13535
13536
13552
13553
13554
13537
13529
13528
13520
13521
13513
13512
13511
13510
13501
13502
13492
13503
13504
13494
13477
13476
13493
13475
13474
13463
13447
13446
13436
13426
13416
11738
11740
13437
13427
13417
13399
13398
13397
13415
13414
13396
13395
13413
13412
13411
13410
13409
13391
13392
13393
13394
13378
13377
13376
13375
13374
13364
13349
13350
13351
13352
13353
13354
13379
13380
13381
13365
13355
13338
13339
13340
11734
13356
13366
11735
13382
11736
13383
13367
13357
13341
13330
13320
13321
13331
15346
15345
15344
15343
13299
13310
13309
13298
13287
13288
15342
15341
13277
13276
13267
13257
13246
13245
13256
13266
11731
13265
13275
13286
13297
13296
13307
13308
13319
13329
13328
13318
13327
13317
13306
13295
13284
13285
13274
13273
13263
13264
13253
13254
13255
13244
13233
13234
13217
13216
11725
13232
13243
13242
13241
13252
11729
13240
13230
13231
13215
13214
13198
13187
13213
13212
13229
13211
13228
13227
13226
13225
13210
13209
13208
13207
13196
13178
13192
13203
13202
13219
13235
13220
13236
13248
13247
13258
13259
11732
13268
13269
13260
13249
13250
13261
13271
13270
13281
13280
13313
13314
13315
13325
13324
13323
13344
13360
13369
13359
11522
13343
13332
11521
13333
13322
11733
13312
13311
11520
13300
11519
13301
13302
13291
13290
13279
11517
13278
11518
13289
20337
17398
20338
17411
17410
17397
17384
17385
17369
20336
20335
17358
17346
20334
17334
17345
17357
17368
17367
17366
17365
17381
17394
17406
17419
17431
17432
17433
17421
17420
17407
17408
17395
17382
17383
17396
17409
17422
17423
17424
20339
20340
17436
17435
17434
17446
17459
17460
17447
17448
17449
20341
20342
20343
20344
17492
17475
17462
17461
17473
17474
15838
17491
17507
17523
17522
15844
17536
17537
17554
20345
20346
17567
17596
20348
20349
17622
17609
17595
17608
17621
17638
17639
20350
17653
17652
17669
17670
17684
20351
20352
17701
17718
20353
20354
17735
17734
15853
17717
15852
17700
15851
17683
17682
17699
17681
17666
17649
17648
17634
17635
17618
17617
17604
17605
17592
17591
17575
17562
17561
17560
17573
17574
17590
17603
17602
17615
17616
17633
17647
17664
17678
17677
17695
17696
17697
17679
17665
17680
17698
17715
17716
17733
17732
17746
17745
17744
17730
17731
17714
17713
17712
17711
17694
17693
17710
17727
17741
15854
17726
17709
17692
17691
17676
17661
17662
17663
17646
17632
17631
17630
17629
17614
17601
17586
17585
15846
17571
17558
17543
17544
17545
17546
17547
17518
17502
17501
17517
17516
17515
17531
15843
17514
15842
17497
17498
17499
17500
17485
17486
17487
17469
17456
17457
17458
17445
17444
17443
17430
17418
17405
17392
17393
17380
17364
17363
17379
17378
17377
17376
17391
17404
17417
17429
17442
17455
17468
17484
17483
17482
17481
17467
17454
17441
17428
17416
17403
17390
15836
17374
17375
17362
17351
17339
17323
17297
17310
17324
17325
17326
17327
17340
17352
17353
17341
17328
17329
17330
17342
17354
17355
17356
17344
17343
17331
17314
17315
17332
17333
17316
17317
20333
20332
17304
17303
17302
17289
17276
17277
17290
17291
20331
20330
17278
17265
20329
20328
17252
17239
17225
17209
17208
15827
17193
17194
17177
17178
20327
20326
17164
17150
20325
20324
17136
17121
17120
17105
17106
17090
17073
17058
15817
17057
17042
17043
17029
20323
17018
20322
20321
17006
16994
20320
20319
16982
15811
16965
16954
16938
20318
16926
16914
16898
16897
16913
15805
16925
16937
16936
16924
16923
16935
16934
16933
16921
16922
16909
16910
16911
16912
16896
16880
16881
16882
16869
16852
20317
16837
15799
15798
16808
20316
20315
16795
16779
16767
16750
16737
16721
16707
20314
20313
16697
16706
16720
16736
16749
16766
16778
15796
16794
16807
16823
16822
16806
16805
16821
15797
16820
16833
16832
16846
16847
16848
16834
16835
16836
16851
16868
16867
16850
16849
16866
16879
16895
16894
16878
16865
16864
16863
15801
16877
16893
16892
16908
16907
16906
16905
16904
15804
15802
16889
16890
16891
16876
16862
16845
16831
16819
16803
16790
16791
16774
16761
16762
16775
16792
16804
16793
16776
16777
16765
16748
16747
16764
16763
16746
16745
16744
15792
16731
16716
16717
15790
16732
16733
16734
16735
16719
16694
16685
16670
16669
16668
16684
16683
16682
16681
16680
16679
16678
16677
16676
16692
16691
16711
16712
16701
16702
16713
16714
16715
16730
15791
16729
16728
16727
16743
16755
16754
16753
16752
15793
16739
16740
16741
16742
16726
16725
16724
16710
16699
16700
16690
16689
15615
16663
15616
16672
15617
16688
15618
16698
16708
16709
16723
16722
16738
15619
16751
16768
16769
16781
16780
15620
16796
16797
16798
16811
16812
16827
16828
16829
16814
16813
16800
16799
16783
16782
16770
16771
16772
16784
16785
16801
16802
16786
16773
15794
16756
16757
16758
16759
16760
15795
16789
16788
16787
16818
16817
16816
16815
16830
16844
16861
16860
16859
15800
16858
16875
16874
16873
16886
16901
16900
15803
16885
16884
16871
16872
16854
16839
16840
16855
16856
16857
16843
16842
16841
16826
16825
16810
16809
15621
16824
15622
16838
15623
16853
15624
16870
15625
16883
16899
15626
16915
16927
16939
16955
16966
16967
16968
16985
16997
16996
16984
15627
16983
15628
16995
15629
17007
17008
17009
17020
15812
17021
17010
16998
16999
16987
16986
16969
16970
16971
16958
16957
16956
15809
16940
15807
16928
15806
16916
16917
16929
16941
16942
16930
16918
16902
16887
16888
16903
16919
16920
16932
16931
15808
16943
16944
16945
16946
16947
16948
16949
16950
16951
16952
16953
15810
16964
16981
16993
16992
16991
16979
16980
16963
16962
16961
16960
16977
16976
16975
16974
16973
16959
16972
16988
17000
17012
17023
17036
17035
17049
17064
17078
17079
15819
17096
17080
17081
17066
17067
17082
17098
15821
17114
17099
17100
17101
17085
17086
17087
17071
17070
17069
15816
17068
17084
17083
17051
17052
17037
15814
17024
17025
17038
17053
17054
17055
17040
17039
17026
17027
17016
17015
17014
17013
17001
16989
16978
16990
17002
17003
17004
17005
17017
17028
17041
17056
17072
17089
17088
17104
17119
17118
17103
17102
17117
17132
17133
17147
17161
17160
17146
17145
17159
17173
17174
17191
17192
17207
17206
17205
17204
17218
17217
15829
17232
17233
17219
17220
17221
17222
17223
17224
17238
17237
17250
17251
17264
17263
17262
17275
17288
17301
17313
17300
17287
17274
17261
17248
17249
17236
17235
17234
17247
17246
17259
17260
17273
17286
17299
17312
17311
17298
17285
17272
17284
15833
15832
17271
17258
15831
15830
17245
17231
17215
15828
17201
15826
17184
15825
15824
17169
17155
15823
15822
17141
17142
17128
17127
17113
17112
17111
17095
17094
17110
17125
17124
17123
15632
17122
17137
17151
17152
17153
17167
17168
17182
17199
17198
17197
17180
15633
17179
17196
15634
17210
15635
17226
17240
17253
17254
17267
17268
17269
17282
17281
17280
17266
17279
17318
17335
15638
17347
17348
15835
17359
17360
17361
17373
17372
17388
17387
15640
17386
15641
17399
15642
17412
17413
15837
17425
17426
17414
17400
17401
17389
17402
17415
17427
17440
17439
17438
15643
17437
15644
17450
15645
17463
17476
17493
17477
17465
17464
17451
17452
17453
17466
17479
17478
15839
17494
17511
17510
17509
17525
17526
17527
17528
17512
17495
17480
15840
17496
15841
17513
17530
17529
17542
17541
17540
17539
17538
15646
17555
15647
17568
17581
15648
17597
17582
17569
17556
17557
17570
17584
17583
17598
17599
17612
17613
17626
17644
17658
17657
17674
17688
17687
17704
17721
17738
17752
17751
17750
15653
17736
15652
17719
17737
17720
17703
17702
17685
17671
17672
17686
17673
17656
17655
17654
15651
17640
17623
15650
17610
15649
22599
22610
25245
25246
22620
22619
22609
22598
22581
22582
22566
22550
22535
20818
22523
22522
22521
22509
22510
22494
22493
22492
22508
22520
22519
22544
22545
22546
22561
22577
22578
22562
22547
22531
22532
22533
22548
22534
22549
22565
22564
22563
22579
22580
22597
22608
22618
22617
22616
22615
22605
22606
22607
22596
22595
22594
22593
22576
22560
22559
22558
22543
22542
22541
22556
22572
22571
20823
22554
22553
20821
22538
20819
22528
22527
22515
22498
22497
22557
22573
22574
22575
22592
22591
22590
22589
22588
20827
20828
22657
22668
22667
22666
22678
22679
22680
22697
22714
22713
22696
22695
22712
22729
22730
22740
22739
22757
22756
22755
22773
22772
20621
22787
22788
22800
22817
22799
22816
22832
22843
22854
22882
22866
22865
20622
22881
22893
20623
22894
22926
22910
22909
22925
22936
22937
22950
22949
22948
22989
22990
23002
23018
23046
23030
23029
23045
23017
23001
22977
20624
22961
22962
22978
22979
20854
22991
20855
23003
20857
23019
20859
23031
23032
23021
23022
23033
20861
23049
23034
23035
23050
23037
23038
23064
23075
23076
23087
23086
23097
23108
23118
23129
20865
23140
20866
20868
23182
23200
23201
23202
23203
23185
23186
23187
23188
23173
23172
23160
23150
23151
23161
23152
23153
23143
23144
23154
23164
20867
23176
23165
25271
25270
23155
23145
25269
23135
23134
23133
23122
23112
23101
23090
23091
23102
23113
23123
23124
25268
25267
23114
23103
25266
25265
23092
23081
25264
23070
25263
23058
23059
23016
23015
20858
23028
23044
23043
23042
23057
23068
23069
23080
23079
23078
23077
23088
23098
23109
23099
23110
23120
23119
23130
23131
23141
23142
23132
23121
23111
23100
23089
23067
23056
23055
23066
23065
23054
23053
23052
23051
23036
23009
23008
23007
23006
23005
22993
22981
22954
20850
22942
22930
22914
22915
22899
22900
22901
22917
22918
22919
20847
22931
22932
22921
22920
22904
22903
22902
22916
20851
20849
22943
22945
22944
22956
22955
22971
22972
22984
22997
22985
22973
22957
22958
22959
22946
22934
22933
22922
22923
22924
22935
22947
22960
22976
22975
22974
22986
22987
22988
25261
25262
23000
22999
22998
23014
23027
23026
23013
23012
22996
22995
22994
23010
23023
23024
23039
23040
23041
23025
23011
22983
22982
22970
22969
22968
22967
22966
22965
20853
22953
22952
22940
22941
22929
20846
22913
20845
22897
22885
22869
22870
22871
22872
22873
22874
22875
22887
22888
22889
22905
22906
22907
22891
22879
22880
25259
25260
22892
22908
22890
22878
22862
22851
22850
22839
22840
22841
22830
22829
22814
22813
22795
22783
22796
22784
22786
25254
25255
22815
20836
22798
22797
22785
22752
25253
22735
22753
22771
22770
22769
22768
22750
22751
22733
22734
22724
22725
25252
25251
25250
25249
22674
22662
22652
22651
22641
22642
25248
25247
22631
22630
22629
22628
22639
22640
20829
20831
22661
22673
22691
22708
22707
22723
22722
22706
22689
22690
22672
22671
22660
22650
22649
22638
22627
22626
22637
22648
22658
22659
22670
22669
22687
22688
22705
20832
22721
22731
22749
22767
22766
22781
22782
22794
22812
22827
22826
22811
22810
22809
22808
22823
22824
22825
22838
22849
22860
20842
22876
22877
22861
22863
22864
25258
22831
22842
25256
25257
22853
22852
22828
22780
22765
22779
22778
22763
22764
22746
22747
22732
22748
22720
22704
22703
22686
22685
22684
22683
22682
22681
22698
22715
20833
22717
22716
22699
22700
22701
22702
22719
22718
22745
22762
22744
22743
22761
20835
22777
22793
20834
22760
22742
22741
22759
22758
22776
22775
22790
22789
22774
22801
22818
22834
22835
22836
22819
20837
22803
22802
22791
22792
20838
22804
22805
22806
22807
22822
22821
22837
20839
22820
20840
22848
22859
20841
22886
22898
20843
22896
22884
22868
22858
22847
22846
22845
22833
22844
22855
22856
22857
22867
22883
22895
20844
22911
22912
22928
22939
20848
22938
22927
22951
20852
22963
22964
22980
22992
20856
23004
23020
23062
20863
23073
23084
23085
23074
23063
23048
23047
20860
23060
20862
23061
23094
23083
23072
23071
20625
23082
20626
23093
20627
23104
23105
20864
23115
23126
20628
23125
20629
23136
20630
23146
20631
23156
23166
23167
23157
23147
23137
23138
23127
23116
23106
23095
23096
23107
23117
23128
23139
23149
23159
23171
23170
23158
23148
23169
23168
23178
23177
23193
23194
23212
20632
23211
20633
23220
20634
23229
20635
23238
23239
23230
23221
20869
23249
20872
23267
23259
20871
23250
23232
23241
23240
23231
23222
23223
23214
23213
23197
23196
23195
23179
23180
23181
23198
23199
23183
23184
23204
23215
23205
23206
23207
23208
23209
23189
23174
23162
23163
23175
23190
23191
23192
23210
23219
25272
25273
23228
23237
25274
25275
23246
23255
23263
25276
18427
18442
18443
18460
18459
18467
18475
18483
18510
18528
18529
18519
18520
18511
18502
18501
18491
18492
18484
18476
18468
18444
18428
18417
18400
18418
15895
18419
18420
18402
18403
15893
18404
18405
18406
18407
18408
15894
18421
18422
18436
18454
18455
18456
18438
18439
18424
18425
18440
15896
18457
20381
20382
18465
18473
20383
20384
18481
18489
20385
18464
18472
18480
18479
18471
18463
18462
18470
18478
18486
18487
18488
18496
18497
18498
18499
18508
20386
20387
18517
18526
20388
14094
14088
14083
14077
11553
14073
14078
14079
11787
14084
11789
14089
11790
14095
14102
11793
14118
11794
14124
11795
14130
11796
14137
14138
14131
14125
14119
14103
14104
14105
14106
14107
14108
14109
14110
14111
14112
14113
14120
14114
11792
14097
11791
14091
14098
14099
14115
14116
15395
15396
14122
14121
14133
14150
14168
11798
14174
14169
14151
14134
15398
15397
14128
14127
14126
14132
14147
14148
14149
14167
14166
14165
14164
14146
14145
14163
14162
14144
14143
14161
14160
14142
14141
14159
14158
14140
14139
14157
11797
14156
14155
14154
14153
14152
14170
14175
14178
14181
14184
11555
14187
11556
14191
14192
14196
14195
14212
11557
14229
14233
14234
14238
14254
14271
14272
14255
14239
14240
14241
14242
14243
14259
14258
14261
14276
14277
14262
14248
14280
14281
14266
14250
14249
14265
14264
14279
14278
14263
14247
14246
14245
14244
14260
14275
14274
14273
11808
14257
14256
14287
14288
14290
14289
14296
14297
14304
14311
14328
14327
14326
14309
14310
14303
14302
14295
14294
14301
14308
14341
14358
14381
11561
14387
11562
14394
11563
14401
11564
14414
14422
14421
11565
14438
11566
14446
14454
14455
14456
14447
14448
14440
14439
14423
14424
14425
14426
14427
14428
14429
14430
14431
14432
14433
14434
14411
14412
14419
14418
14435
11813
14436
14437
15423
11815
14453
14452
14460
14459
14451
14450
14442
14443
14444
14445
15422
15421
15420
14420
14413
15419
15418
14407
14406
14405
14398
14399
14392
14391
14385
14379
14372
14339
14338
14321
14320
14337
14335
14333
14316
14315
14332
14331
14330
14313
14314
14312
14329
14346
14363
14364
14347
14348
14365
14366
14349
14350
14367
14352
14353
14336
14319
14318
14317
14334
14351
14368
14369
14370
14371
14354
14355
14356
14373
14374
14357
14340
14323
14322
14305
14298
14291
14283
14268
14252
14251
14267
14282
14284
14269
14236
14235
14231
14232
14211
14209
14208
14207
14224
14225
14226
14227
14210
14193
14189
14185
14182
14179
14176
14173
14177
15399
15400
14180
14183
15401
15402
14186
14190
15403
15404
14194
15405
15406
11803
14228
11804
11806
11807
15407
14285
14292
15408
15409
14299
14306
15410
15411
15412
15413
15414
15415
14380
14386
11811
14393
14400
15417
15416
7785
10390
7786
10406
7787
10415
7788
10424
8035
10433
10425
10426
10434
10435
10427
10418
10409
10408
10417
10416
10407
10391
10392
8034
10393
10394
10395
10396
10397
10398
10399
10410
10400
10401
10402
10403
10404
10388
10382
10381
10387
10380
10362
10379
10386
10385
10378
10377
10360
10361
10344
10345
10347
10330
10329
10346
10363
10364
10365
10348
10331
10314
10313
10297
10256
10255
10262
10254
10238
10239
10233
10227
10221
10215
10214
10213
10220
10219
10225
10226
10232
10231
10237
10252
10253
10261
10277
10278
10279
10296
10295
10312
10310
10327
10328
10311
10294
10293
10275
10276
10260
10251
10250
10249
10248
10247
10246
10245
10244
10243
10236
10230
10229
10235
10242
10258
10259
10267
10284
10283
10282
10281
10298
10299
10316
10333
10334
10317
10318
10301
10302
10285
10268
10269
10286
10287
10270
10271
10288
10305
10304
10303
10320
10272
10307
10308
10325
10343
10326
10309
10292
10291
10274
10273
10290
10289
10306
10323
10340
10339
10356
10355
10372
10373
10374
10357
10358
10375
10376
10359
10342
10341
10324
10322
10321
10338
10337
10336
10319
10335
10352
10353
10354
10371
10370
10369
10384
10383
8033
10367
10368
10351
10350
10366
10349
10332
10315
10300
10266
10265
10264
10257
7784
10240
10241
10234
7783
10228
7782
10222
7781
10216
7780
10210
7779
10204
7778
10198
7777
10192
7776
10186
7775
10180
7774
10174
7773
10157
10158
10159
10175
10176
10182
10181
10187
10188
10194
10193
10199
10200
10206
10212
10218
10224
10223
10217
10211
10205
10160
10142
10134
10143
10161
10162
10144
10145
10146
10164
10163
10165
10147
10148
10149
10150
10168
10167
10166
10183
10189
10195
10196
10202
10203
10209
10208
10207
10201
10197
10191
10190
10184
10185
10179
10178
10177
10169
10170
10171
10153
10152
10151
10135
10126
10125
10124
10123
10122
10121
10120
10119
10118
10117
8030
10116
8031
10133
10141
10140
10139
10132
10115
7772
10108
7771
10101
7770
10094
7769
10087
7768
10071
10054
7767
10055
10056
10057
10089
10096
10103
10110
10109
10102
10095
10088
10072
8028
10073
10074
8029
8027
10058
10059
10075
10076
10060
10061
10077
10078
10062
10063
10079
10080
10064
10065
10049
10041
10042
10050
10067
10066
10082
10081
10113
10128
10129
10130
10131
11279
10138
10156
11280
11281
11282
11283
11284
11285
11286
11287
11288
11289
11290
11291
11292
11293
10263
10280
8032
11294
11295
11296
11297
11298
11299
11300
11301
10389
10405
10414
11302
10413
10412
10411
10429
10437
10436
10428
10419
10420
10421
10430
10438
8037
10457
10448
10439
10431
10422
10423
11303
11304
10432
10440
11305
11306
10449
10458
10469
11307
11308
10481
10480
10468
10467
10479
10477
10488
10504
10520
10521
10539
10556
10555
10554
10571
10570
10569
10568
10551
10550
10549
10532
10533
10534
10535
10552
10553
10536
10537
10519
10503
10487
10476
10464
10465
10455
10454
10445
10446
10447
10456
10466
10478
10489
10490
10491
10507
10523
8042
10540
8043
10557
10574
8044
10575
11312
11313
10586
10596
11314
11315
10613
10623
11316
11317
10640
11318
10649
10647
10648
10639
8047
10622
10594
10584
10585
10595
10612
10611
10621
10620
10610
10593
10583
10582
10592
8046
10609
10581
10591
10608
10607
10606
10605
10604
10603
10602
10601
10632
10633
10634
10635
10644
10662
10645
10619
10618
10636
10637
10638
10646
10664
10663
10680
10681
10689
10690
10691
10682
8050
10665
8049
10666
11319
11320
10683
10692
11321
11322
10701
10700
10699
8051
10716
10733
8052
10734
10742
10741
10757
10765
10766
10758
10759
11326
11327
10767
10774
11328
11329
10781
11330
10803
10797
10796
10795
10801
10807
10813
10814
11333
10882
10902
10901
10900
10886
10903
11335
10906
10909
11336
11337
10912
10915
11338
11339
10918
10921
11340
11341
10924
10927
11342
11343
10930
10933
11344
11345
10936
10939
11346
11347
10942
10944
11348
11349
11350
11351
11352
11353
11354
11355
11356
11357
8064
11358
11359
11360
11361
11362
11363
11364
11365
11366
11367
11368
11369
11370
11371
11372
11373
11374
11375
11376
11377
11378
11379
11380
11381
11382
11383
11384
11385
11386
11387
11388
11389
11390
11391
11392
11393
11394
11395
11396
11397
11398
11399
11400
11401
11402
11403
11404
11405
11406
11407
11408
11409
11410
11411
11412
11413
11414
11415
11416
11417
11418
11419
11420
11421
11422
11423
7287
4858
7286
4857
7285
4856
7284
4855
7283
4854
7282
4853
7281
4852
7280
4851
7279
4850
7278
4849
7277
4848
7276
4847
7275
4846
7274
4845
7273
4844
7272
4843
7271
4842
7270
4841
7269
4840
7268
4839
7267
4838
7266
4837
7265
4836
7264
4835
7263
4834
7262
4833
7261
4832
7260
4831
7259
4830
7258
4829
7257
4828
7256
4827
7255
4826
7254
4825
7253
4824
7252
4823
7251
4822
7250
4821
7249
4820
7248
4819
7247
4818
7246
4817
7245
4816
7244
4815
7243
4814
7242
4813
7241
4812
7240
4811
7239
4810
7238
4809
7237
4808
7236
4807
7235
4806
7234
4805
7233
4804
7232
4803
7231
4802
7230
4801
7229
4800
7228
4799
7227
4798
7226
4797
7225
4796
7224
4795
7223
4794
7221
4793
7203
7204
7189
7190
4976
7177
4791
7176
7180
4792
7183
7186
7187
7188
7205
7206
7207
7208
7191
7192
7209
7210
7211
7212
7213
7214
7197
7196
7195
7194
7193
7167
7163
7164
7566
7567
7168
7570
7179
7175
7569
7568
7172
7171
7174
7178
7181
7182
7571
7572
7185
7573
7220
7202
7184
7201
7218
7217
7200
7199
7198
7215
7216
7219
4977
7222
7574
7575
7576
7577
7578
7579
7580
7581
7582
7583
7584
7585
7586
7587
7588
7589
7590
7591
7592
7593
7594
7595
7596
7597
7598
7599
7600
7601
7602
7603
7604
7605
7606
7607
7608
7609
7610
7611
7612
7613
7614
7615
7616
7617
7618
7619
7620
7621
7622
7623
7624
7625
7626
7627
7628
7629
7630
7631
7632
7633
7634
7635
7636
7637
7638
4210
2150
4209
2149
4208
2148
4207
2147
4206
2146
4205
2145
4204
2144
4203
2143
4202
2142
4201
2141
4200
2140
4199
2139
4198
2138
4197
2137
4196
2136
4195
2135
4194
2134
4193
2133
4192
2132
4191
2131
4190
2130
4189
2129
4188
2128
4187
2127
4186
2126
4185
2125
4184
2124
4183
2123
4182
2122
4181
2121
4180
2120
4179
2119
4178
2118
4177
2117
4176
2116
4175
2115
4174
2114
4173
2113
4172
2112
4171
2111
4170
2110
4169
2109
4168
2108
4167
2107
4166
2106
4165
2105
4164
2104
4163
2103
4162
2102
4161
2101
4160
2100
4159
2099
4158
2098
4157
2097
4156
2096
4155
2095
4154
2094
4153
2093
4152
2092
4151
2091
4150
2090
4149
2089
4147
2088
4145
2087
4143
2086
4124
4127
4128
4110
4109
4108
4126
4125
4107
4106
4104
2085
4102
2084
4100
2083
4098
2082
4096
2081
4094
2080
4092
2079
4090
2078
4088
2077
4086
2076
4084
2075
4081
2074
4078
2073
4075
2072
4072
2071
4069
2070
4066
2069
4063
2068
4060
2067
4057
2066
4054
2065
4051
2064
4048
2063
4045
2062
4042
2061
4039
2060
4037
2059
4035
2058
4033
2057
4031
2056
4029
2055
4027
2054
4008
4005
2053
4002
2052
3999
2051
3996
2050
3993
2049
3990
2048
3987
2047
3984
2046
3981
2045
3962
2044
3958
2043
3959
2225
3963
3964
3965
3966
3967
3968
3969
3970
3971
3972
3973
3974
3975
3976
3977
3978
3979
3980
4483
3983
3986
4484
4485
3989
3992
4486
4487
3995
3998
4488
4489
4001
4006
4025
4024
4023
4022
4021
4020
4019
4018
4017
4016
4015
4014
4013
4012
4011
4010
4009
4040
4043
4044
4499
4498
4041
4038
2227
4036
4497
4496
4034
4032
4495
4494
4030
4028
4493
4492
2226
4026
4007
4491
4490
4004
4003
4000
3997
3994
3991
3988
3985
3982
3960
3961
4482
4481
3957
3956
3952
3953
4480
3945
4478
4479
3949
3948
3944
3940
3936
3941
4477
4476
3937
3928
3924
3932
3933
4475
4474
3929
3925
4473
4472
4471
4468
3877
3880
4469
4470
3883
3901
3900
3919
3920
3921
3902
3882
3879
3876
2222
3873
3855
4467
4466
3851
3848
4465
4464
3844
3840
4463
4462
3836
3832
4461
4460
3828
3823
4459
4458
3818
3813
4457
4456
3808
3803
4455
4454
3798
3793
4453
2218
4452
4451
4450
4449
4448
4447
4446
4445
4444
4443
4442
4441
4440
4439
3717
3736
3734
3733
3732
3731
3730
3729
3728
3727
3726
3725
3724
3723
3722
3721
3720
3719
3738
3742
3743
3739
3715
3714
3709
3710
3706
3702
3701
3697
3693
3694
3698
3705
3712
4438
2217
4437
4436
4435
4434
4433
4432
4431
4430
4429
4428
4427
4424
4423
3616
2216
3634
3639
4425
4426
3644
3663
3643
3638
3633
3632
3631
3630
3629
3628
3627
3626
3625
3624
3623
3622
3621
3620
3619
3618
3636
3637
3642
3647
3648
3649
3650
3651
3652
3653
3654
3655
3656
3657
3658
3659
3660
3661
3662
3667
3671
3675
3679
3683
3687
3691
3695
3699
3703
3707
3711
3716
3735
3740
3744
3748
3752
3756
3760
3764
3768
3772
3776
3780
3784
3788
3792
3797
3802
3807
3812
3817
3822
3827
3831
3835
3839
3843
3847
3850
3854
3872
3871
3870
3869
3868
3867
3866
3865
3864
3863
3862
3861
3860
3859
3858
3857
3884
3903
2034
3922
2035
3926
2036
3930
2037
3934
2038
3938
2039
3942
2040
3946
2041
3950
2042
3954
3955
3951
3947
3943
3939
3935
3931
3927
3923
3904
3905
3886
3887
3888
3907
3908
3909
3890
3891
3892
3893
3912
3913
3914
3915
3916
3917
3918
3899
3898
3897
3896
3895
3894
3911
3910
3889
3906
3885
3881
3878
2223
2224
3875
3874
2033
3856
3852
2032
3853
3849
2221
3846
3845
2031
3841
2030
3837
2029
3833
3834
3838
3842
2220
3820
3801
3790
3786
3782
3759
3750
3746
3747
3751
3755
3754
3758
3762
3763
3767
3766
3770
3771
3775
3774
3778
3779
3783
3787
3791
3796
3795
3800
3805
3806
3811
3810
3815
3816
3821
3826
3830
3829
2219
3825
3824
2028
3819
2027
3814
2026
3809
2025
3804
2024
3799
2023
3794
2022
3789
2021
3785
2020
3781
2019
3777
2018
3773
2017
3769
2016
3765
2015
3761
2014
3757
2013
3753
2012
3749
2011
3745
2010
3741
2009
3737
2008
3718
3713
2007
3708
2006
3704
2005
3700
2004
3696
2003
3692
2002
3688
2001
3684
2000
3680
1999
3676
1998
3672
1997
3668
1996
3664
1995
3665
3669
3674
3673
3677
3681
3682
3686
3690
3689
3685
3678
3670
3666
3646
3645
3641
3640
1994
3635
1993
3617
3613
1992
3614
3615
3596
3597
3598
3599
3600
3601
3602
3603
3604
3605
3606
3607
3608
3609
3610
3611
3612
3593
4422
4421
3590
3587
4420
4419
3584
3581
4418
4417
2214
3578
3559
4416
4415
3555
3554
3550
3546
3543
3539
3535
3531
3532
4409
4410
3536
3540
4411
4412
3544
3547
4413
4414
3551
3558
3577
3576
3575
3574
3573
3572
3571
3570
3569
3568
3567
3566
3565
3564
3563
2215
3595
3592
3589
3586
3583
3580
3561
3562
3557
3553
3549
3545
3542
3538
3534
3530
3526
2210
2209
2208
2207
2206
3486
3485
3484
3483
3464
3465
3466
3445
3446
3447
3448
3467
3469
3488
3487
3468
3449
3450
3451
3470
3489
3490
3491
3472
3471
3452
3453
3454
3473
3474
3475
3476
3477
3496
3495
3494
3493
3492
3455
3456
3457
3458
3442
3460
3459
3478
3497
3519
3515
3511
3504
4403
4402
4401
3481
3499
3500
3503
3507
3508
4404
4405
3512
3516
4406
4407
3520
3525
4408
3528
3527
3524
3523
2211
3518
3514
3510
3506
3502
3498
3479
3480
3461
3462
3443
3440
3439
3438
3437
3436
3435
3434
3433
3432
3431
3430
3429
3428
3427
3426
3425
3424
3423
3441
1977
3422
3418
1976
3399
3400
3401
3402
3403
3404
3405
3406
3407
3408
3409
3410
3411
3412
3413
3414
3397
3394
3391
3392
3395
3398
3417
3416
3415
3419
3420
3421
4400
4399
4398
4397
4396
4395
4394
4393
2205
3374
4392
4391
4390
4389
4388
3324
3319
4387
4386
3314
3309
4385
4384
3304
3299
4383
4382
3294
3293
3288
3289
4381
4380
3284
3279
4379
4378
3274
3273
3268
2203
3262
3263
3257
3251
3252
4375
4374
3245
3244
3243
3236
2201
3235
3216
3215
3207
3208
3209
3210
3211
4371
4372
3219
3238
4373
3237
3218
3217
3250
3256
3258
4376
4377
3264
3269
3278
3283
3298
3303
3308
3313
3318
3323
3343
3347
3351
3355
3373
3372
3371
3354
3390
3370
3369
3389
3388
3368
3367
3366
3386
3387
3385
3365
3364
3363
3362
3382
3381
3361
3360
3380
3383
3384
3334
3335
3336
3337
3338
3339
3340
3342
3350
3346
3341
3322
3317
3312
3307
3302
3297
3292
3287
3282
3277
3272
3267
3261
3255
3249
3242
3234
3233
3232
3231
3230
3229
3228
3227
3226
3225
3224
2202
3241
3248
3247
3254
3260
3266
3271
3276
3281
3286
3291
3296
3301
7445
4932
7446
7447
3327
3328
3329
3330
3331
3332
3333
3306
3311
3316
3321
3326
3345
3349
3353
2204
3357
3358
3359
3379
3378
3377
3376
3396
1975
3393
1974
3375
3356
1973
3352
1972
3348
1971
3344
1970
3325
3320
1969
3315
1968
3310
1967
3305
1966
3300
1965
3295
1964
3290
1963
3285
1962
3280
1961
3275
1960
3270
1959
3265
1958
3259
1957
3253
1956
3246
3239
1955
3240
3221
3222
3223
3214
2200
3206
2199
3197
2198
3188
2197
3179
2196
3161
3162
3163
3164
3145
3126
3125
3144
3143
3124
3088
3087
3105
3104
1953
3103
3085
3077
1952
3078
3079
3086
7424
7423
4919
6051
6034
7422
7421
6028
6023
7420
7419
6017
6011
7418
7417
6005
5999
7416
7415
5994
7414
5940
5932
5933
5918
5917
5916
5915
5914
5929
5928
5937
4912
5953
5938
5930
5931
5939
4913
5954
5955
5971
5977
4916
5970
5969
5976
5975
5968
5967
5966
5965
5952
5951
5950
5949
5962
5963
5964
5927
5924
5923
5908
5909
5910
5925
5926
5911
5912
5913
5900
5892
5883
5874
5875
4909
5884
5893
5901
5902
5903
5895
5894
5885
5886
5887
7412
7413
2938
2939
2958
2957
2964
2965
2991
2999
3007
3016
3015
3033
2188
3032
3014
3006
1948
3005
2997
1947
2989
1946
2970
2963
1945
2956
1944
2937
2933
2934
2930
1943
2929
2925
2926
2921
1942
2920
2916
2911
2912
2907
2906
2901
2902
2884
2878
2877
2853
2854
2859
2858
2883
2917
2922
2182
2183
2940
2941
2942
2943
2944
2945
2946
2947
2948
2949
2950
2951
2952
2959
2960
2953
2185
2184
2935
2931
4347
2932
2936
2961
2954
2955
4348
4349
2962
2969
4350
4351
2988
2996
4352
4353
4354
3012
2187
3031
4355
4356
3037
3045
4357
4358
3053
3061
4359
4360
3069
3076
4361
4362
3084
3102
2192
2191
3101
3083
3075
3068
3060
3052
3051
3044
3043
3035
3036
3011
3004
3003
2995
2994
3002
3001
3000
2992
2993
2985
2186
2986
2987
2968
2967
2966
2984
2983
2982
2981
2980
2979
2978
2977
2976
2975
2974
2973
2972
2971
2990
2998
3013
3047
3055
3056
3048
3040
3039
3038
1949
3046
1950
3054
3062
1951
3063
3070
2190
3071
3064
3065
3072
3080
3057
3049
3041
2189
3017
3018
3019
3020
3021
3022
3023
3024
3025
3026
3027
3008
3009
3010
3030
3029
3028
3034
3042
3050
3058
3059
3067
3074
3073
3066
3081
3082
3100
3107
3115
3134
3135
3154
3173
2195
3174
3175
3156
2194
3155
3136
2193
3117
3116
3108
3109
3110
4363
4364
3118
3137
4365
4366
4367
4368
3184
3202
4370
4369
3193
3192
3201
3200
3199
3198
3189
3190
3191
3183
3182
3181
3180
3172
3153
3152
3151
3150
3131
3130
3129
3148
3167
3166
3165
3146
3127
3128
3147
3149
3168
3169
3171
3170
3132
3133
3099
3098
3097
3096
3095
3094
3093
3092
3091
3090
3089
3106
3114
3123
3142
3141
3122
3121
3113
3112
1954
3111
3119
3120
3139
3140
3159
3160
3178
3187
3196
3205
3204
3195
3186
3177
3158
3138
3157
3176
3185
3194
3203
3212
3220
3213
7429
6154
6149
7428
7427
6144
6139
7426
7425
4923
6134
6117
6100
6099
6081
6063
4921
6056
6050
6033
6027
6026
6021
6022
6016
6010
6004
6003
6009
6015
5997
5998
5993
5992
5991
5990
5989
5988
5987
5986
5985
5984
5983
5982
5981
5996
6002
6008
6014
5980
5974
5973
5979
4917
5995
6001
6007
6013
6019
6020
6025
6024
6030
6031
6038
6054
6061
6068
6069
6070
6071
6072
6090
6091
6092
6109
6108
6126
6125
6107
6106
6089
6124
6127
6128
6129
6130
6131
6113
6096
6112
6095
6077
6076
6094
6111
6110
6093
6075
6074
6073
6039
6040
6041
6042
6043
6044
6045
6046
6047
6048
6032
6049
6055
6062
6078
6079
6097
6098
6080
6057
6058
6064
6082
6116
6114
6115
6133
6132
6138
6143
6148
6153
6175
6179
6184
6189
6194
6199
4926
6247
6241
6224
6219
6214
6213
6212
6211
6210
6209
6208
6207
6206
6205
4927
6230
6231
6232
6233
6234
6235
6236
6237
6238
6239
6240
6246
6263
6264
6269
6262
6261
6260
6259
6258
6257
6256
6255
6254
6253
6245
6229
6223
6222
6227
6228
6244
6251
6252
4930
6268
6274
6275
6276
6277
6278
6279
6280
6281
6282
6283
6284
6286
6285
6291
6308
6309
6314
6307
6306
6305
6304
6303
6302
6301
6300
6299
6298
6313
6297
6290
6289
6273
6317
6318
6312
6296
6295
6272
6267
6250
6221
6226
4703
6243
6249
6266
6271
4704
6288
6294
4705
6311
6316
6333
6350
6351
6334
6335
6336
6337
4933
6338
6339
6340
6341
6342
6325
6324
6323
6322
6321
6320
6319
6358
6357
4934
6352
6363
6362
6379
6356
11244
11245
9639
9638
9629
9630
9621
9613
11243
11242
9604
9595
9594
9587
9579
7997
9562
9561
9560
9578
9585
9586
9593
9592
9601
9602
9603
9612
9620
8002
9611
9610
9619
9628
9637
9636
9645
9653
9654
9663
9662
9680
9688
9687
9679
9661
9652
9644
9635
9626
9627
9618
9617
9599
9608
9609
9600
9591
7999
9583
9584
9577
9576
9575
9574
9556
9539
9540
9541
9542
9543
9525
9517
9516
9515
9506
9505
9504
9503
9502
9501
9500
9514
9522
9535
9534
9533
9550
9568
9567
9566
9581
9589
9597
8000
9606
8001
9624
9633
9642
8004
9650
9659
9668
9641
9632
9623
9615
9565
9548
9549
9532
9531
9521
7996
9513
9497
9496
9485
9484
9467
9457
9456
7735
9445
9446
9428
9429
9430
9431
9448
9447
9458
9468
9469
9486
9499
9498
9487
9470
9471
9459
9460
9472
7993
9488
9473
9474
9475
9476
9477
9489
9507
9491
9490
9479
9478
9461
9462
9463
9452
9442
9443
9453
9464
9465
9482
9481
7994
9492
9510
9519
7995
11240
7998
11241
9563
9545
9544
9526
9527
9528
11239
11238
9493
11237
11236
9455
9454
9444
9426
9415
9416
11233
11234
9427
11235
9405
11232
11231
9394
9393
9392
9403
9404
9414
9425
9424
9423
9422
9411
9400
9401
9412
9441
9413
9402
9389
9390
9391
9381
9382
9383
9367
11230
11229
9356
9355
9354
9365
9366
9345
9344
7983
9333
9343
9342
9341
9330
9298
9297
9283
9284
9299
9315
9314
9313
9329
9328
9312
9296
9295
9294
9310
9311
9327
9326
9325
7979
9309
9293
7978
9273
9246
9227
9243
9253
9280
9281
9282
9292
9291
9290
9289
9305
7980
9321
7982
9337
7984
9347
7985
9358
9359
9360
9349
9348
9338
9339
9323
9322
9306
9307
9308
7981
9324
9340
9350
9361
7986
9372
9388
9387
9398
9409
7990
9420
9433
9450
9449
9432
9408
9397
9386
9371
9370
7987
9385
7988
9396
7989
9407
9419
9418
9417
9406
9395
9384
9369
9368
9357
9346
9336
9320
9304
7734
9288
9279
7733
9270
9252
9242
9225
9226
9215
9214
7732
9197
9198
9188
9170
9161
9151
9160
9150
9149
9159
9169
7730
9168
9158
7729
9148
7728
9132
15340
11726
13218
11724
13201
15338
15339
9051
9043
9035
9028
9021
7725
9004
9005
8996
8989
8981
8982
8973
7724
8965
7723
8956
8957
8958
8959
8942
8941
8940
8925
8924
8915
7722
8897
8898
8880
8879
8863
8864
8854
8829
8812
7948
8804
7947
8788
8789
8790
8805
8813
7949
8830
8847
8848
8849
8858
8868
8869
8870
8886
8885
8903
8904
8905
8906
8907
8908
8890
8874
8875
8876
8892
8910
8920
8921
8911
8912
8922
7953
8938
7954
8954
8963
8971
8979
8978
8977
8969
8970
8962
8961
8953
8952
8951
8950
8949
8933
8934
8935
8936
8937
8909
8891
8889
8873
8872
8871
8887
8888
8932
8931
8930
8946
8947
8948
8976
8968
8960
7955
8945
8929
8919
8918
8928
8944
8943
8927
8926
8917
8916
8899
8881
8865
8866
8882
8900
8901
8902
8884
8883
8867
8857
8856
8855
7951
8846
8845
8844
7721
8828
8811
7720
8803
8786
8787
8764
8772
8771
8763
8753
7717
8762
7718
8770
8778
7719
8779
8780
8781
8773
8765
8756
8755
8754
8745
8744
8735
7716
8718
8710
8702
7715
8686
8669
7714
8652
8635
8610
8618
8619
8636
8637
8638
8655
8656
8657
8659
8642
8644
8645
8662
8663
8664
8679
8695
8694
8676
8675
8693
8692
8674
8658
8641
8640
8623
8613
8597
8598
8582
8583
8599
8600
8584
8585
8586
8588
8587
8603
8604
8605
8614
8615
8632
8649
8648
8631
8630
8647
8646
8629
8628
8627
8626
8643
8660
8661
8677
8678
8696
8697
8698
8680
8681
8665
8666
8667
8650
8633
8616
8574
8566
8565
8564
8556
8557
8539
8540
8531
8523
8524
11182
11183
8532
11185
11184
8541
7929
8558
8567
11186
11187
8575
8591
8590
7932
8573
8572
7931
8589
8606
8607
8608
8609
11189
11190
11191
8668
7936
8651
7935
8634
7934
8617
11188
5482
5502
5491
4664
5492
5503
5504
5505
5515
5531
5532
4884
5548
5558
5568
5578
5588
5598
5608
5618
5617
5616
5607
5606
5633
5643
5642
5632
4886
5615
4885
5605
5595
5596
5597
5587
5586
5585
5575
5565
5555
5576
5577
5567
5566
5556
5557
5547
5546
5545
5529
5530
5514
5513
5512
5528
4665
5544
4666
5554
4667
5564
4668
5574
4669
5584
4670
5594
4671
5604
4672
5614
5631
4673
5640
4674
5650
4675
5660
4676
5670
4677
5680
5689
4678
5690
5691
4889
5707
4891
5714
5723
5722
5739
5749
5750
5759
4897
5760
5787
5788
5798
5797
5796
4902
5786
4900
5775
4899
5776
5777
5778
5789
5799
5813
5814
5815
5816
5817
5828
5818
5819
5829
5830
5840
5839
5838
5849
5850
5851
5852
5841
5831
5821
5820
5802
5803
5804
5822
5832
5842
5853
5868
5869
7411
5878
5877
5867
5866
5876
5865
5864
5863
5862
5861
5860
5859
5858
5848
4904
4903
5812
5811
5810
5809
5826
5827
5837
5836
5846
5847
4906
5857
5873
5882
5891
5899
4910
4911
5922
5907
5856
5872
5881
5890
5898
5957
5943
5944
4914
5958
4915
5959
5960
5961
5948
5947
5946
5945
5936
5935
5920
5921
5906
5905
5897
5889
5880
4908
5871
4907
5855
4905
5845
5844
5823
11210
9003
9020
7960
11211
11212
9027
7962
9034
9042
11213
11214
9050
9049
9041
9040
9033
9026
9025
9018
9016
9015
9014
9013
9012
9011
9010
9008
9007
9053
9045
9037
9030
9023
9009
8998
8991
8984
7956
8975
8967
8966
8974
8983
7957
8990
7959
8997
9006
9022
7961
9029
7963
9036
7964
9044
7965
9052
9061
9077
7966
9060
9059
7726
9076
9093
9094
9102
9101
7727
9117
9118
7971
9125
9133
9134
9126
9119
9103
9104
9105
9106
9095
9080
9079
7967
9078
9062
9063
9064
9065
9066
9082
9081
9067
9083
9084
9068
9069
9085
9086
9087
7968
9096
7969
9113
9122
9123
9114
9097
9089
9073
9072
9071
9070
9054
9055
9056
9057
9075
9074
9090
9091
9092
11216
11215
9058
9048
9047
9046
9038
9039
9032
9031
9024
9017
8999
9000
9001
9019
9002
8987
8986
8985
8992
8993
8994
7958
8995
8988
11209
11208
8980
8972
11207
11206
8964
8955
11205
11204
8939
8923
11203
8862
11202
11201
8853
8852
8861
7952
8878
8896
8914
8913
8895
8894
8893
8877
8859
8860
8851
8850
8822
8821
8835
8834
8818
8819
8820
8836
8837
8838
8839
8840
8824
8823
8807
8808
8800
8801
8825
8841
8842
8826
8809
8843
8827
8810
11200
11199
7946
8802
8785
11198
8775
8767
8749
7943
7945
8758
8768
8776
8784
8783
8799
8798
8797
8796
8795
8794
8793
8792
8833
8817
8816
8832
8831
7950
8814
8815
8806
8791
8782
8774
8766
8757
7944
8748
8747
8746
7942
8737
8721
8720
8736
8719
8687
7939
8711
8703
8704
8690
8672
8671
8689
8688
8670
7937
8653
8654
8620
8621
8622
8612
8596
8595
8611
7933
8594
8593
8592
8568
8576
8577
8578
8579
8580
8581
8571
8563
8547
8548
8549
8550
8551
8528
8537
8536
8546
8562
8570
8569
7930
8561
8545
8535
8544
8543
8560
7713
8559
8542
8533
7712
8534
8525
7928
8517
7711
8516
8507
7710
8498
7709
8490
8491
8499
8508
15313
12467
12483
15314
15315
12499
12515
15316
15317
12531
12546
15318
12530
12514
12498
12482
12466
12451
12452
15312
15311
12436
12435
12434
12450
12465
12464
12480
12479
12495
12494
12510
12511
12512
12528
12543
12496
12497
12481
12513
12529
12544
12545
12561
12562
15319
15320
12578
12577
12576
12560
12559
12558
12542
12527
12526
12525
12509
12541
12557
12555
12571
12587
12605
12604
12620
12621
12637
12638
12622
12606
12588
12589
12590
11685
12607
12624
11688
12623
12608
12593
15321
12594
12628
12610
12609
11686
12592
12591
12575
12574
12573
12572
12556
12540
12539
12524
12508
12492
12493
12476
12478
12477
12461
12460
12445
12429
12430
12431
12432
12448
12447
12446
12462
12463
12449
12433
12418
12419
12420
12421
15310
15309
12405
11681
12404
12389
11680
12372
12373
12357
12342
12328
11674
12311
12296
15308
12341
12356
12355
12354
12371
12370
12403
12388
12387
12402
12417
12416
12401
12386
12385
12400
12415
12414
12399
12384
12383
12365
12366
12367
12368
12369
12353
12352
12306
12325
12307
12292
12277
12278
12305
12304
12289
12290
12291
12276
12275
12259
12246
12245
12244
12243
12242
12229
12218
12207
12196
12185
12171
12170
12169
12168
12183
12182
12193
12194
12195
12206
12217
12216
12205
12204
12215
12254
12239
12238
11669
12226
11667
12227
12228
11670
12240
12241
12257
12270
12285
11672
12269
12268
11671
12256
12255
12267
12266
12283
12298
12297
12282
11487
12265
11486
12253
11485
12237
12225
12214
11484
12203
11483
12192
11482
12181
11481
12165
12156
12138
12131
12130
12123
12106
12107
12108
11662
12124
12132
12140
12139
12157
12158
12159
12166
12167
12184
12172
12173
12174
12175
12186
12197
12208
12219
11668
12230
12231
12247
12248
12260
12261
12249
12233
12232
12220
12209
12210
12221
12222
12211
12177
12176
11666
12147
12148
12149
12150
12151
11665
12161
12162
12178
12179
12180
15302
8325
8329
8333
8337
8341
7701
8355
8358
7702
15307
12252
12251
12236
12224
15306
15305
12213
12202
15304
15303
12191
12190
12189
12188
12187
12198
12199
12200
12201
12212
12223
12235
12234
12250
12262
12279
12263
12264
12281
12280
12295
12310
12309
12294
12293
12308
12326
12327
12340
12339
12338
11676
12324
12323
12337
12351
12350
12349
12336
12322
12321
12303
12288
12287
12272
12273
12274
12258
12271
12286
12302
12301
11673
12317
12316
12332
12345
12360
11679
11678
12359
12376
12392
12391
12375
12344
12330
12331
12315
12314
12299
12284
12300
12313
12312
12329
11488
12343
12358
12374
12390
11489
12406
12407
12408
12409
12393
12394
12378
12377
12361
12362
12346
11677
12333
12334
12318
12319
12320
11675
12335
12348
12347
12363
12364
12382
12381
12380
12379
12395
12411
12410
12425
12441
12440
12424
11682
12423
12439
12454
12470
12471
12472
12488
12504
12503
12502
12486
12487
12485
12501
12533
12518
12519
12520
12535
12534
12550
12566
12567
12568
12569
12585
12601
12602
12603
12619
11687
12636
12652
12653
12654
12655
12671
12687
12720
12721
12722
12723
12708
12691
12692
12675
12658
11690
12641
12657
12674
12673
12690
12707
12706
12705
11692
12688
12689
12672
11691
12656
11689
12639
12640
12625
12626
12627
12642
12643
12659
15322
12676
12693
15323
15324
12710
12709
12725
12724
12739
12738
12737
12754
12755
12773
12772
12771
12753
12736
12735
12734
12752
12770
12768
12767
12766
12747
12765
12764
12763
12795
12780
12781
12796
12797
12812
12811
12810
12809
12794
12793
12792
12808
12822
12821
12807
12791
11502
12806
11503
12820
12837
11504
12838
12839
12840
12823
12824
11701
12841
12825
12826
12842
11702
12843
12844
12827
11700
12813
12782
12783
12798
12799
12800
12846
12845
12828
12829
12830
12831
12814
11699
12801
12802
12803
12804
12816
12815
12832
12833
12850
12851
12834
12835
12852
12863
12862
12877
12876
12861
12860
12849
12848
12847
11703
12873
12872
12889
12890
12902
12914
12915
12927
12939
12950
12966
12982
12983
12984
11712
13001
11714
13011
13012
13028
13027
13037
13047
13048
13038
13039
13029
13030
13013
13003
12987
12971
12954
15329
15328
11710
12931
12919
12896
12907
12906
12905
11709
12918
12930
12942
12904
12917
12929
12941
12952
12953
12970
12986
13002
11713
12985
12969
12968
12967
12951
12940
12928
12916
12903
11708
12891
12874
12875
12892
12893
12894
12895
12878
12879
12864
12853
12836
12819
12818
12805
11697
12789
12774
11696
12757
12756
12740
12741
15325
12726
12758
12775
15326
15327
12790
11698
12817
12788
12787
12786
12785
12784
12769
12751
12750
12749
12748
12733
12732
12731
12746
11695
12745
12762
12779
12778
12761
12744
12743
11500
12742
12759
11501
12776
12777
12760
12695
12694
12728
12727
11499
12711
12712
12713
12729
12730
12714
12697
12696
12679
12680
12663
12662
12661
12678
11498
12677
12660
12644
12629
12611
12595
12564
12565
12549
12551
12553
12552
12536
12537
12522
12521
12505
12506
12474
12490
12489
12473
12455
12456
12457
12458
12443
12442
12426
12427
12412
12396
12398
12397
12413
12428
12444
12459
12475
12491
12507
12523
12538
12554
12570
12586
12618
12617
12635
12651
12650
12665
12682
12700
12683
12666
12667
12668
12669
12670
12686
12704
12719
12718
11694
12702
12703
12685
12684
12701
12717
12716
12715
11693
12699
12698
12681
12664
12648
12649
12634
12616
12615
12633
12631
12630
12645
12646
12647
12632
12614
12598
12599
12600
12584
12583
12582
12581
12597
12613
12612
12596
12580
12579
11497
12563
11496
12547
11495
12548
12532
11684
12517
12516
11494
12500
11493
12484
11492
12468
11491
12469
12453
11683
12438
12437
11490
12422
20307
16611
16604
16587
20306
16578
15782
16569
16568
16559
16560
16551
16552
20303
20304
16561
16570
20305
16543
15780
16535
20302
20301
16527
16519
20300
15779
16504
16503
16502
16488
16480
15775
16464
15774
16448
16449
16440
16441
15773
20298
20299
16489
15776
16481
16465
16487
16486
16479
16463
16462
16478
16497
16498
16499
16509
16500
16501
16510
16511
16518
16517
16516
16524
16525
16533
16541
16542
16534
16526
16532
16540
16548
16549
16550
16558
16557
16566
16567
16576
16577
16585
16602
16609
16610
16603
16586
16584
16583
16575
16601
16608
16607
16600
16599
16598
16597
16596
16595
16594
16593
16632
16634
16625
16626
16627
16636
20308
20309
16645
16644
16635
16643
16652
16660
16661
16653
16654
20310
20311
16662
16671
20312
16687
16686
16696
16695
16705
16704
16703
16718
15789
16693
16667
16658
16659
16651
16650
16641
16642
16633
16624
16623
16622
16621
16620
16619
16618
16617
16616
15786
16614
16630
16639
16638
16629
16613
16605
15785
15611
16612
15612
16628
15613
16637
15614
16646
15787
16655
16647
16648
16656
16665
16664
16673
16674
15788
16675
16666
16657
16649
16640
16631
16615
16606
16592
16591
16590
16589
16581
16580
15784
16564
16555
16554
16563
16572
15781
16573
16582
15783
16574
16565
16556
16547
16539
16531
16523
16515
16508
16493
15778
16471
16472
16473
16474
16458
16459
16460
16461
16477
16476
16475
16496
16495
16494
16457
16456
16455
16454
16453
16445
16444
16443
16451
16452
16434
16433
15600
16442
16450
16466
15601
16482
16483
16467
16468
16490
15602
16505
15603
16512
16507
16492
16485
16469
16470
16484
15777
16491
16506
16513
16514
16522
16530
16538
16546
16545
16537
16529
16521
15604
16520
15605
16528
15606
16536
15607
16544
15608
16553
15609
16562
16571
16579
15610
16588
25214
21617
21634
21644
25215
25216
21654
25217
21664
25220
21701
21691
21690
20762
21681
21682
21683
25219
25218
21673
21672
21663
21653
21643
21642
21652
21662
21671
21670
21669
21688
21679
21680
21689
20766
21714
21706
21697
21698
21699
21700
20764
21709
21718
21717
21716
21708
21707
21715
21733
21732
21750
21749
21731
21730
21728
21729
21747
21746
21772
21748
21759
21776
21777
21751
21753
21754
20767
21736
21735
21734
21752
21762
21761
21760
21775
21774
21773
21790
21789
21788
21771
21770
21769
21768
21785
20770
21786
21787
21812
21813
21814
21815
21816
21833
21832
21831
21830
21846
21863
21864
21847
21848
21865
21866
21849
21850
21867
21876
21877
21868
20777
21869
21852
21851
21834
21835
21818
21817
21801
21791
21792
21793
21803
21802
21819
21836
21820
21795
21779
21778
21794
20771
21804
21821
21837
21854
21853
21870
21871
21878
21893
21908
21917
21927
25221
25222
21937
21945
21924
21923
21933
21934
21935
21936
21926
21925
21916
20780
21906
21907
21892
21891
21890
21889
21914
21915
21905
21904
21903
21913
21922
21932
21942
21943
21944
21954
21953
21952
21962
21963
21964
20782
21979
21988
21997
22014
20785
22015
21998
21989
20784
20783
21980
21965
20781
21955
21956
21946
21947
25223
25224
21957
21966
21981
21990
25225
22000
21999
20786
22016
22032
22031
22030
22029
22028
22039
20790
22027
22026
22012
22013
21996
21987
21978
21977
21976
21975
21974
21973
21972
21961
21951
21941
21931
21921
21912
21898
21899
21887
21888
21902
21901
21900
21886
21885
21884
21883
21897
20779
21882
20778
21875
20776
21858
21859
21860
21861
21862
21845
21829
21828
21827
21843
21842
21841
21840
21824
21806
21782
21781
21764
21756
20768
21765
20769
21783
21784
21767
21766
21757
21758
21800
21809
21810
21811
21844
21826
21825
21808
21807
21799
21798
21797
20772
20773
21823
21839
20774
20775
21856
21857
21874
21873
21880
21895
21881
21896
21930
21920
21911
21910
21919
25662
26870
26869
26877
26880
26892
26891
26890
26889
26888
26887
26886
25664
26879
26901
26908
26916
26925
26924
26923
25667
26922
26956
26940
26939
26955
26965
26999
26981
26982
26983
27000
27001
26984
26966
25672
26957
26941
26942
25670
26943
26944
26926
26927
26928
26946
26947
26948
26930
26929
26945
26969
26987
26986
26968
26967
26985
27013
27014
27015
27016
27017
27018
27019
27020
27003
27002
26991
26973
26972
26971
26970
26988
26989
26990
26992
26974
26975
26993
26994
26995
26978
26979
26963
26962
26961
26977
26976
26960
26959
26958
25671
26949
26950
26932
26931
26917
26910
26919
26918
26933
26951
25668
26934
26935
25669
26952
26953
26937
26936
26920
25666
26914
26913
26912
26911
26904
26882
26875
26867
26866
25661
26859
26851
26850
26836
26848
26847
26846
26845
26844
26843
26842
26841
26857
26864
26872
26832
25659
26833
26834
26824
26815
26806
26797
26796
26805
26814
26823
26822
26813
26804
26795
26786
26777
26768
26769
26770
26779
26788
26787
26778
26751
26734
26717
26699
26700
25649
26718
26735
25650
25651
26752
26753
26736
26737
26738
26739
26756
26755
26754
26720
26703
26702
26684
26683
26701
26719
26721
26704
26705
26722
26740
26757
26789
26790
26799
26798
26807
26808
26810
26801
25654
26802
25655
26811
26819
26820
26830
25658
26855
26862
26861
26854
26853
26852
25660
26860
26868
26876
25663
26883
26884
26899
30117
26906
26905
26898
26897
26896
26895
26903
26909
25665
26902
26893
26894
26881
26874
26873
26865
26858
26849
26835
26825
26816
26817
25657
26826
26827
26837
26838
26839
26829
26828
26818
25656
26809
26800
26791
26782
26773
26762
26763
26746
26747
26764
26765
26774
26783
25652
25653
26792
26793
26784
30116
26775
26766
26749
26732
26731
26730
26748
26729
26712
26694
26678
26670
26655
26649
26597
25644
26604
30107
26598
26592
26585
26584
26591
25642
26583
26567
26568
26569
30106
26553
26552
26581
26582
26590
26596
26603
26609
26615
26621
26626
26632
26648
26647
26646
26654
25647
26669
26677
26676
26691
26709
26726
26743
26742
26741
26758
26759
26760
26771
26780
26781
26772
26761
26744
26745
26728
26711
26710
26727
26725
26708
26707
26724
26723
26706
26688
26687
26686
26685
26675
26682
26681
26674
25464
26673
26680
26698
25465
26716
25466
26733
25467
26750
25468
26767
25469
26776
25470
26785
25471
26794
25472
26803
25473
26812
25474
26821
25475
26831
26840
25476
26856
25477
26863
25478
26871
25479
26878
25480
26885
25481
26900
25482
26907
25483
26915
25484
26921
26938
26954
25485
26964
26980
25486
26998
27008
25487
27024
25488
27034
25489
27043
25490
27052
27053
27044
27035
27025
27009
27010
27011
27026
27036
27012
27027
27037
27046
27066
25680
27067
27068
27069
27070
27071
27107
27086
27075
27085
27084
27083
27082
27072
27038
27028
27029
27039
27048
27047
27056
27057
27073
27074
27058
27059
27050
27049
27040
27030
27021
27004
27005
27006
27022
27031
27041
30119
25674
27023
25673
27007
26996
26997
30118
22061
22062
22045
22044
22033
22017
22001
22002
22018
22034
22035
22019
22020
22004
22003
22005
22046
22063
22079
22096
22097
22106
22115
22114
22113
22122
22123
22124
22105
22104
20796
22095
22094
22078
22077
20595
22093
22103
20596
22112
20597
22121
20598
22130
20599
22139
20600
22149
22163
20601
20799
22164
22165
22183
22182
22181
22180
20602
22192
22205
22206
22218
22217
20603
22229
20604
22241
20605
22258
22272
20606
22273
22287
22288
22289
22275
22274
22260
22230
22219
22207
22193
22194
22195
22208
22220
22197
22150
22151
22141
22140
22131
22132
22133
22142
22152
20798
22153
22154
22155
22169
22170
22171
22172
22173
22156
22157
22174
22186
22187
22188
22189
22177
22178
22190
22191
25230
22179
22160
22146
22145
22159
22176
22175
22158
22144
22143
22134
22125
22126
22117
22118
22127
22109
22100
22099
22098
22107
22108
22116
22135
22136
20797
22137
22147
22161
22162
25229
22148
22138
25228
22129
22128
22119
22120
25227
25226
22111
22110
22101
20795
22090
22091
22102
22092
22043
22060
22076
22075
22074
22058
22059
22042
22041
22040
22057
22056
22055
22054
22070
22071
22072
22073
22089
22088
22087
22086
22085
22069
22068
22067
22051
22050
22066
22082
22083
22084
22052
22053
22011
22025
22024
22010
22009
22023
22022
22008
22007
20788
20789
22038
22049
20792
22065
22081
20794
22080
20793
22064
20791
22048
22047
22036
22037
22021
20787
22006
21995
21986
21971
21970
21985
21994
21993
21992
20594
21991
21982
20593
21967
21968
21983
21984
21969
21960
21950
21940
21939
20590
21938
20591
21948
20592
21958
21959
21949
21929
20589
21928
21918
20588
21909
20587
21894
20586
21879
20585
21872
21855
20584
21838
20583
21822
20582
21805
20581
21796
21780
20580
21763
20579
21755
20578
21737
21738
21720
21719
21710
21702
21692
20577
21684
21674
20576
21675
21665
20760
21656
20575
21655
21645
20574
21635
20573
21618
20572
30108
26610
26616
30109
30110
26622
26627
30111
30112
26633
25646
26650
30113
30114
26657
26656
26671
25648
26679
26672
30115
26697
26715
26714
26696
26695
26713
26693
26692
26689
26690
26668
26667
26666
26665
26664
26663
26662
26661
26660
26659
26658
26651
25463
26634
26635
26652
26636
26637
26653
26638
26639
26640
26641
26642
26643
26644
26645
26631
26625
26620
26614
26608
26602
26595
26589
26580
26579
26563
26562
26578
26577
26561
26560
26576
26575
26574
26558
26559
26573
26557
26556
25640
25641
26572
26588
26594
26601
26607
26613
26619
26624
26630
26629
25462
26628
26623
25645
26618
25461
26617
26611
25460
26605
25459
26599
25458
26600
26606
26612
26593
25643
26587
25457
26586
26570
25456
26571
26555
26548
26542
26536
26530
26525
31535
31525
30543
31524
31517
30541
31518
35225
35224
31501
30540
30539
31468
31467
31466
30538
31458
31441
31424
31407
31391
31373
31357
31349
31348
31347
31346
31345
31344
31343
31342
31341
31340
31339
31330
31323
31316
31308
30526
31292
31291
31290
31274
31273
31265
31240
31209
31193
31192
31208
31225
31232
31233
31241
31249
31248
30328
31264
31272
31288
31289
31306
31305
30329
31313
30330
31320
31327
30331
31328
31336
31335
30332
31352
31360
30333
31361
31378
31377
31393
31394
31395
31412
31411
31410
31427
31428
31445
31462
31463
31471
31487
31486
31485
31502
40668
40667
36631
36630
36643
36644
36657
40669
40670
36670
36686
36687
40671
40672
36700
36699
36711
36712
36728
36727
36726
36742
36741
36754
36770
36769
36768
36767
36783
36784
36785
36798
36816
36817
36799
36800
36801
36788
36789
40675
40674
36802
35668
36819
36830
40676
40677
36842
36854
40678
40679
36866
36878
40680
40681
36889
36901
40682
40683
36913
40685
40684
36926
35672
36943
36959
36977
40686
40687
37028
35675
37011
35674
36995
36994
36976
36975
36993
36958
36925
36942
36957
36956
35673
36940
36939
36938
36937
36922
36909
36897
36885
36874
36862
36850
36838
36826
36815
36827
36839
36851
36863
36875
36877
36865
36840
36828
36818
36829
36841
36853
36852
36864
36876
36899
36898
36886
36887
36888
36900
36912
36911
36910
36923
36924
36941
36972
36973
36991
36974
36992
37009
37010
37027
37054
37067
37084
35678
37066
37053
37039
37038
37037
37051
37052
37065
37064
37083
37100
37117
37129
37140
37154
37165
37166
37178
37190
37189
37177
37164
37176
37188
37203
35686
37204
37205
37218
37231
37217
37216
37242
37241
37256
37255
37269
37287
37286
37285
35692
37284
37268
37254
37240
37227
37214
37200
37201
37202
37215
37228
37229
37230
37243
37244
37245
37259
37260
37261
37262
37248
40701
37234
37233
37247
37246
37232
35689
37219
37206
37191
37179
37180
37168
37156
37157
40695
40696
37169
37181
40697
40698
37193
37208
40699
40700
37221
37220
37207
37192
37167
37155
35684
37141
37130
37119
35680
37103
37102
37101
37118
37128
37139
37153
37152
37151
37150
37149
37163
37175
37187
37199
37198
37186
37185
35685
37184
37196
35687
37211
35688
37224
35690
37237
35691
37251
37265
37280
37279
37297
37311
37310
37309
37295
37296
37278
37277
37263
35473
37249
37250
37264
37236
37235
37222
37209
37194
37182
37170
35472
37158
35471
37143
37133
37134
37144
37159
37171
37183
37195
37210
37223
37225
37238
37252
37266
37267
37282
37281
37299
37298
37312
35694
37329
35695
37341
35697
37353
37354
37355
35698
37369
37370
37388
37389
37390
37372
37371
37387
35700
37386
37385
37384
37383
37366
37365
35474
37364
37351
37339
37340
37352
37328
37327
46230
42758
42759
42742
42741
42738
42707
42689
42690
42692
42691
42659
42660
42677
42676
41103
42675
42658
41102
42641
41101
42624
41100
42607
42591
42574
42575
42559
42543
42526
42527
42528
46223
46224
42545
42544
42560
42561
42577
42594
42610
46225
46226
42627
42644
46227
46228
42661
42678
46229
42693
42710
42726
42725
42709
42708
42724
42723
41107
42706
42705
42704
41106
42721
42722
42737
42736
42735
42734
41109
42719
42720
42702
42701
42700
42699
42717
42732
41110
42748
42749
42733
42718
41108
42731
42716
42715
42714
42730
42746
42747
41111
42764
41112
42780
41114
42797
42813
41116
41115
42812
41117
42828
41119
42844
42861
42877
42892
42891
42890
42907
42924
41127
42937
42954
42966
41130
42965
42978
42977
42976
42964
42951
40885
42935
42936
42922
42923
42906
42889
42888
42873
42874
42875
42859
42860
42876
42908
42909
41126
42925
42939
42956
42968
42981
42998
42997
42980
42979
42996
42995
42994
43011
43028
43029
43012
43013
43030
43031
43032
43033
43016
43015
43014
42982
42999
43000
43017
43036
43051
43064
43078
43092
43106
43120
43133
43147
43163
43164
43165
43166
43167
43181
43196
43197
43212
43211
43210
43195
43180
43179
43194
43209
43227
43228
43229
43230
43246
43245
43263
43264
43281
43280
43279
43278
43295
41145
43311
43327
43343
43344
43345
43329
43313
43314
43315
43330
43346
43361
43376
43375
43374
43359
43328
43312
43296
43297
43298
43299
43282
43265
43247
43248
43232
43213
43231
43233
43249
41142
43266
41143
43283
43300
41144
46254
46255
43317
43333
46256
46257
43349
43348
43347
43331
43332
43316
46253
46252
37775
37776
37777
37793
37806
37819
37833
37834
37820
37807
37794
37779
37778
37763
37764
37780
37781
37782
37766
37765
37749
37732
37731
37717
35719
37704
37691
37677
37664
37650
37636
37622
35716
37609
37608
37607
37595
37594
37606
37605
37619
37620
37621
37635
37634
37633
37647
37648
37649
37663
37676
37690
37689
37675
37662
37661
37674
37673
37660
37646
37645
37631
37632
37618
37604
37603
35715
37591
37578
37580
37593
37592
37579
37566
37552
37553
37567
37568
37581
35712
37569
37582
35713
37596
35717
37623
37610
37611
37597
37583
37584
37598
35714
37585
37586
37599
37600
37601
37588
37575
37574
37587
37573
37572
37571
37570
35709
35708
37527
37513
37499
37498
37512
37526
37525
35707
37524
37510
37496
37482
35706
37470
37471
37483
37497
37511
37540
37541
37555
37556
35711
37554
37539
37538
37565
37551
37537
37536
37550
37564
37577
37590
37617
37616
35479
37630
35480
37644
37658
35481
37659
35718
37672
37685
35482
37686
37700
37699
35483
37712
37724
37725
37742
37741
37757
37773
35484
37789
35485
37802
35486
37815
35487
37828
35488
37845
35489
37862
35490
37872
35491
37881
35492
37891
37902
37913
37925
37938
35493
37939
37956
37969
37981
37992
38014
38003
38006
38017
38029
38045
38046
38047
38048
38049
38065
38064
38063
38081
38095
38106
38104
38103
38092
38058
38059
38077
38076
38082
38083
38084
38066
38050
38051
38067
38068
35747
38085
38096
38097
38098
38109
38108
38107
38124
38139
38140
38125
38126
38141
38153
38164
38179
38149
38176
38188
38189
38177
38162
38151
38152
38163
38178
38190
38191
38206
38207
38220
38221
40736
38233
35762
40737
40738
38288
35765
35766
35767
35768
38328
38318
38308
38298
38286
38287
38276
38265
35763
38249
38232
38231
38218
38205
38219
38208
38192
40735
40734
38180
38165
40733
40732
38154
38142
40731
35751
35750
35749
38089
38073
38072
38071
38053
38054
38038
38037
38036
38052
35746
38035
38034
38033
38032
38031
38030
35745
38018
38007
37996
37985
37973
37961
35737
37944
35736
37930
37918
35733
37906
37894
37884
37875
37865
37851
37850
37849
37832
37831
35726
37818
37817
37830
35727
37847
37848
37864
37874
37883
37893
35731
37905
37917
37928
37929
37943
37942
37959
37960
37972
37984
37995
37994
38005
38016
38015
38004
37993
37982
37983
37971
37970
35739
37958
37957
37940
37941
37927
35735
37916
37915
37904
37903
37914
37926
37955
37968
35494
37980
35495
37991
35496
38002
35497
38013
38024
38040
38056
38074
46266
46267
46268
43706
43705
41175
43704
43721
43722
43723
43732
46269
46270
43740
43739
43738
43746
43754
43755
43764
43763
41180
43780
43781
43782
46274
46273
43765
43756
46272
46271
43748
43747
43731
43730
43720
43719
43718
43729
43737
43745
43753
43762
43789
43790
43791
43800
43809
43826
46275
46276
46277
46278
46279
46280
46281
46282
46283
46284
46285
46286
46287
46288
43922
41191
43929
43921
43906
43901
43896
43891
43886
43881
43876
43871
43866
43861
43856
43849
43843
43842
43841
43824
43823
43822
43839
43838
43821
43805
43796
43787
43776
43775
43774
43773
43772
43771
41181
43770
43769
43786
43794
43795
41185
43804
43814
43831
43830
43813
43812
43829
43828
43811
43802
43803
43793
41183
43785
43768
43767
43766
43783
43792
43801
43810
43827
40895
43844
43850
40896
43857
40897
43862
40898
43867
40899
43872
40900
43877
40901
43882
40902
43887
40903
43892
40904
43897
40905
43902
43907
43923
43930
40906
43948
43949
43950
43932
43933
41192
43951
43934
43935
43952
43969
43970
43984
43983
43982
41196
43997
44008
44009
44026
44042
44041
44025
44024
44007
44006
44005
43995
43994
43979
43964
43965
43980
43996
43981
43967
43968
43966
43931
43924
41190
43909
43908
43903
43898
43893
43888
43883
43878
43873
43868
43863
43858
43852
43851
43845
43853
43846
41188
43832
43815
43816
43833
43834
43817
43818
43835
43836
43819
43820
43837
43847
43854
43859
43864
43869
43874
43879
43884
43889
43894
43899
43904
43916
43917
43918
43905
43900
43895
43890
43885
43880
43875
43870
43865
43860
43855
43848
43840
43806
41184
43798
43799
43825
41187
43808
43807
41186
43797
43788
41182
43779
43778
43777
43761
43752
43744
43736
43728
43717
43716
43700
43701
43685
43702
43703
43689
43672
43671
43661
43662
43652
43651
43635
43636
43620
43619
41169
43605
43606
43607
43589
46265
43573
43554
43539
43538
43553
43552
43537
43522
43521
43536
43535
41162
41164
43550
43551
43569
43584
43585
43570
43571
43586
43587
43588
43572
41165
43555
43556
43541
43540
43525
43526
43510
43494
46264
46263
43477
41156
43476
41157
43493
43509
43508
43524
43523
43507
43506
43491
43492
43475
43474
43458
43441
43442
43424
43408
43392
43393
43377
43378
43379
46259
46258
43364
43363
43362
43394
43395
37892
37882
37873
37863
37846
37829
37816
37803
37804
37805
37792
37791
37790
37774
37758
37759
37743
37715
37727
37726
37713
37714
37701
37687
37688
37702
37703
37716
37728
37745
37744
37760
37761
37762
37746
37729
37730
37747
37748
37750
37733
37734
37735
37752
37751
37767
37768
35725
37783
37796
37809
37810
37823
37840
37857
37856
35728
37867
37868
37858
37841
37826
40728
37827
37861
37844
37843
37860
37870
37871
37880
37890
37889
37879
35729
37869
37859
37842
37825
37824
37811
37812
37813
37814
40727
40726
37801
37800
37799
37798
37797
37784
37785
37786
37787
37788
37772
37771
37770
35724
37755
35722
37739
37738
37737
37754
37753
37769
37736
37719
37706
35720
37693
37694
37680
37679
37667
37666
37652
37653
37681
37682
37696
37709
37710
37697
37683
37670
37656
37657
40720
40721
37671
37684
40722
40723
37698
37711
37723
35721
37740
35723
37756
40725
40724
37722
37721
37720
37708
37695
37707
37718
37705
37692
37678
37665
37651
37637
37638
37639
37624
37625
37640
37654
37668
37669
37655
37641
37627
37626
37612
37613
37614
37628
37642
40719
37643
37629
40718
37615
37602
37589
40717
40716
37576
37563
37549
40715
40714
37535
37533
37546
37545
37544
37543
37542
35710
37557
37558
37559
37560
37561
37547
37532
37531
37530
37529
37528
37514
37515
37501
37500
37486
37473
37474
37461
37448
37447
37434
37421
37420
37419
37418
37417
37416
37433
37446
37445
37444
37443
37442
37441
35476
37428
35475
37429
37412
37399
37382
37381
37398
37411
37413
37400
37401
37402
37415
37414
37431
37430
37432
37368
37367
37342
37343
37331
37330
37313
37314
37300
37301
37283
37253
37239
37226
37213
37212
37197
37173
37172
37160
37145
37146
37135
35682
37136
37125
35681
37126
37137
37147
37162
37161
37174
37148
37138
37127
37112
37113
37096
37097
37098
37115
37114
37116
37099
37082
37081
37080
37079
37078
37095
37094
37111
37110
37109
37092
37091
37090
37107
37124
37123
37122
37105
37106
37108
37093
37076
37075
37074
37073
37072
37071
37089
37088
37060
37044
37058
37059
37045
37046
37031
37032
37047
37048
35677
37061
37062
37077
37063
37050
35676
37036
37035
37018
37017
37034
37049
37033
37015
37016
37000
36999
36998
36996
36978
36960
36944
36945
36961
36979
36997
37013
37012
37029
35470
37030
37014
36980
36962
36963
36947
36946
36929
36930
36917
36918
36919
36932
36931
36948
36964
36982
36981
36983
36966
36965
36949
36950
36933
36934
36935
36936
36953
36970
36954
36955
36971
37007
37008
36990
36989
36988
37006
37005
36987
36969
36968
36952
36951
36967
37003
37019
37001
37002
36984
36985
36986
37004
37020
37021
37022
37023
37024
37025
37026
37040
37041
37055
37068
37085
37120
37131
37142
35683
37132
40694
37121
40693
40691
40692
37104
35679
37087
37086
37069
37070
40690
40689
37057
37056
37042
37043
40688
31815
31806
31797
31789
31788
31770
31753
31746
30342
31739
30341
31724
31716
30340
31717
30557
31740
31747
31757
31758
31759
31776
31775
31748
31741
31726
31727
31728
31729
31730
31731
31732
31733
31721
31713
31706
31707
31699
31698
31697
31689
31690
31691
31679
30555
31671
31664
31665
31672
31680
31681
31682
31673
31666
31658
31657
31623
31641
31640
31639
31656
31655
31638
31622
31621
31637
31654
31653
31636
31635
31652
31651
31634
31633
31650
31649
31632
31631
31620
31619
31618
31629
31628
31627
31626
31643
31644
31660
30553
31667
31675
31674
30337
31685
30338
31693
30339
31701
31702
30556
31709
31694
31686
31676
31668
31677
31687
31695
31703
31710
31718
30558
31725
31719
31711
31704
31696
31688
31678
30554
31670
31669
31662
31663
31648
31647
31630
31593
31591
31581
31566
31567
31540
31550
31549
31539
31529
31530
31522
30542
31506
31491
31474
31475
31476
31492
31509
31508
31507
31490
31489
31473
31464
30537
31448
31431
31432
31449
31450
31451
31452
31453
31454
31459
31465
31457
31440
31439
31456
31455
31438
31437
31420
31402
31418
31419
31436
31435
31434
31433
31416
31417
31400
31401
31385
31367
31355
30531
31363
31364
31365
31366
31384
31383
31382
31381
31397
31396
31380
31379
31362
31354
31337
31338
31307
31315
31314
31321
31322
31329
31353
40660
36537
36550
40661
40662
36563
36576
40663
40664
36589
36602
40665
40666
36615
36614
36601
36588
36575
36562
36561
36548
36549
36536
36518
35654
36517
36501
36489
36490
36478
36466
36465
36464
36448
36447
36463
35650
36446
35649
35647
36414
36396
36413
36412
36421
36422
36423
36434
36445
36458
36459
36460
36461
36462
35651
36475
36476
36477
36488
36487
36486
36500
36534
36535
36502
36519
36503
40659
40658
36491
36479
36467
36438
36426
36418
36408
36391
36381
36380
36390
36370
40651
40652
40653
36371
36382
40654
40655
36392
36409
35645
36427
36428
40656
40657
36439
36451
36450
36449
36437
36436
36435
36415
36424
36425
36416
36417
36407
36406
36389
36367
36358
36357
36340
36339
36356
36355
36338
36337
36354
36353
36336
36275
36274
36273
36272
36271
36270
36269
36268
35640
36284
36293
36292
36291
36300
36301
36302
36303
36322
36312
36311
36310
36309
36328
36329
36330
36347
36364
36363
36346
36345
36362
35452
36372
36383
36393
36410
36419
36394
36373
36365
36348
36349
36366
36376
36386
36385
36375
36374
35643
36384
36395
35644
36411
35646
36420
36442
36454
36455
36456
36457
36444
36443
35648
36433
36432
36431
36430
36429
36440
36441
36453
36452
36492
36504
36506
36505
36493
36481
36480
36468
35453
36469
36470
36471
36483
36482
36494
36495
36507
36508
36524
36523
36522
36566
36552
36565
36578
36605
36593
36594
36595
36608
36620
36619
36607
36606
36618
36634
36660
36647
36646
36633
36617
36604
36591
36592
36579
36580
36567
36568
36581
36582
36569
36570
36557
36544
36543
36556
36555
36542
36541
36554
36553
36540
36539
36521
36520
35454
36538
35455
36551
35456
36564
35457
36577
35458
36590
35459
36603
36616
35460
36632
35461
36645
36658
35462
36659
36672
36673
36674
35657
36690
36691
36692
36678
36679
36680
36681
36682
36664
36651
36638
36639
36640
36628
36627
36611
36612
36599
36598
36597
36610
36626
36625
36624
36623
36622
36621
36637
36650
36663
36662
36649
36636
36635
36648
36661
36675
36676
36677
36693
36706
35658
36705
36716
36715
35661
36704
36714
35660
36703
36702
36671
36689
36688
36701
36713
36729
36745
35463
36746
36748
36794
36807
36822
36821
36833
36834
36846
36845
36857
36869
36880
36881
36870
36858
36859
36861
36873
36849
36837
36836
36835
36847
36848
36860
36872
36871
36882
36883
36884
36896
36908
36921
36920
36907
36895
36894
36906
36905
36893
36892
35671
36904
36916
36927
36928
36915
36903
36902
35469
36914
42329
46214
46215
42346
42379
42392
42405
42404
42391
42378
42377
42359
42360
42344
41083
42345
42361
42362
42380
42393
42406
46216
46217
42418
42430
46218
42443
42456
46219
42473
42486
46220
46221
42499
42512
46222
42576
42593
42609
42626
42643
42642
42625
42608
42592
42590
42573
42572
42571
42570
42556
41096
42540
42523
42522
42539
42538
42537
42536
42520
42521
42555
42567
42585
42603
42604
42620
42621
42589
42557
42507
42506
42504
42503
42491
41093
42490
42477
42478
42479
42492
42505
42519
42518
42535
42534
42517
42516
42533
42532
42530
42514
42515
42531
42548
42547
42563
42564
42579
42581
42599
42615
42616
42617
42601
42600
42582
42583
42584
42602
42618
42619
42636
42637
42635
42652
42651
42668
41104
42684
42698
42683
42682
42697
42696
42681
42664
42665
42666
42649
42648
42647
42630
42613
42614
42631
42632
42633
42634
42650
42667
42669
42685
42670
42653
42654
42655
42638
42640
42657
42674
42688
42687
42686
42703
41105
42671
42672
42673
42656
42639
42622
42623
42606
42605
41099
42588
42587
42586
42569
42568
42554
42553
42552
42566
41098
42551
42550
42549
42565
42580
42598
42597
42596
42595
42578
42562
42546
42529
42513
42500
40884
42501
42502
42489
42476
41092
42460
42461
42462
42448
42435
42422
41088
41087
42409
42397
42398
42410
42423
42424
42411
42399
42387
41085
42370
42369
42353
42352
42368
42386
42385
42384
42396
42395
42408
42421
42420
42432
42445
42458
42459
42446
42433
42434
42447
42449
42450
42437
42436
42463
42464
42465
42466
42467
42468
42451
42438
42439
42426
42413
42414
42402
42403
42415
41089
42428
42416
42417
42429
42442
42441
42454
41091
42471
42484
42483
42482
42481
42480
42493
42494
42495
42508
41094
42524
41095
42541
41097
42558
42542
42525
42509
42496
42497
42510
42511
42498
42485
42472
42455
41090
42452
42469
42470
42453
42440
42427
42425
42412
42401
42400
42388
42374
42376
42358
42390
42389
41086
42375
42357
41084
42341
42342
42343
42326
42315
42302
42292
42283
42273
42263
42253
41079
42254
42244
42235
42236
42237
46207
46208
42246
42245
42255
42256
42266
46209
46210
42276
42275
42274
42264
42265
42285
42284
42293
42303
42317
42318
42319
42305
46213
46212
46211
42286
42295
42294
42304
42328
42327
42316
42314
42313
41082
42325
42340
42339
42356
42372
42373
42371
42338
42355
42354
42323
42335
42336
42337
42324
42312
41081
42301
42300
42299
42311
42310
42309
42322
42333
42334
42351
42367
42366
42350
42349
42365
42383
42382
42364
42348
42331
42332
42321
42296
40879
42287
41080
42277
40878
42267
40877
42257
40876
42247
42238
41077
42229
42220
42211
42202
42193
42183
42173
42162
42163
42150
42135
42120
51178
47845
47819
47820
51173
51172
47803
47802
47801
47800
46647
47817
47818
47790
47789
47778
47779
47769
47768
47752
51168
51171
47792
47791
47780
47781
51170
51169
47770
46643
47753
46642
47727
46641
47736
47726
47701
47717
47718
47702
47684
47669
47668
47683
47681
47678
47679
47680
47698
47714
47712
47711
47694
47710
47709
47708
47690
47689
47705
46637
47688
47655
47671
47670
46416
47652
47653
47654
47644
46634
47628
47629
47614
47616
47617
47633
47632
47646
47657
47672
46635
47656
47645
47630
47631
47615
47605
47604
47602
47586
47575
47563
47564
47547
47548
47536
47535
47534
47546
47545
47562
47561
46415
47544
47520
47532
47533
47521
47509
47508
47496
47484
47485
47468
47467
47451
47452
47436
47437
47438
47429
47428
47420
46617
47413
47398
47389
47390
47400
47391
47373
47374
47375
46613
47376
47377
47378
47362
47361
47360
47359
47358
47347
47346
47357
47356
47372
47371
47370
47369
47387
47396
47397
47388
47399
47414
47421
47427
46414
47426
47419
47412
47435
47497
47510
47511
47499
47498
47486
47487
47488
47471
47470
47469
47453
47454
47455
47456
47472
47473
47457
47439
46619
46615
47401
47402
47403
47404
47405
47406
47407
47408
46616
47415
47416
47424
47432
47448
46621
47465
47482
47481
47493
47492
47504
47505
47506
47507
51156
51157
47519
47531
51158
51159
51160
47560
46628
47543
47542
47572
51161
51162
47583
47599
51163
51164
47609
47625
46633
47642
51166
51165
46632
47650
47651
51167
41953
41962
41978
41996
42012
42028
42043
42055
42056
42057
42069
41057
42081
41058
42093
42094
42082
42070
42071
42072
42083
41059
42095
42096
42084
42085
42073
42059
41055
42060
42048
42047
42032
42017
42018
42019
42004
42003
41985
41986
41987
42020
42033
42034
42035
42036
42021
42006
42005
42007
42008
42009
42010
41992
41975
41046
41959
41949
41047
41976
41991
41973
41974
41990
41989
41988
41972
41971
41970
41969
41958
41948
41927
41917
41893
41894
41880
41881
41897
41896
41895
41879
41862
41863
41846
41847
41864
41865
41848
41849
41850
41867
41039
41883
41884
41885
41835
41852
46194
46195
41869
41868
41038
41851
41037
41834
41036
41823
41824
46193
41813
41798
46192
41030
41782
41797
41812
41811
41810
41796
41031
41781
41029
41765
41764
41763
41762
41746
41747
41748
41749
41734
41025
41718
41750
41766
41767
41751
41752
41736
41735
41026
41719
41720
41710
41701
41702
46190
46191
46189
41678
46188
41660
41677
41685
41684
41683
41699
41700
41709
41708
41698
41682
41674
41675
41676
41659
41658
41651
41625
41619
41604
41588
41596
41597
41605
41612
41611
41618
41624
41631
41632
41639
41638
41645
41646
41652
41022
41653
46187
46186
46185
46184
46183
46182
46181
41598
41019
41590
41589
41581
41582
41583
46179
46178
46177
41533
41532
41525
41524
41531
41549
41565
41564
41580
41579
41578
41587
41595
41603
41610
41617
41623
41630
41637
41644
41650
41657
41673
41672
41671
41670
41669
41668
41667
41666
41665
41664
41690
41689
41688
41681
41680
41687
41023
40870
41686
40871
41703
41711
41712
41722
41723
41739
41740
41741
41725
41726
41716
41024
41691
41692
41693
41694
41695
41696
41697
41707
41717
41733
41732
41731
41730
41744
41745
41761
41760
41759
41743
41729
41728
41727
41027
41742
41758
41757
41028
41756
41755
41754
41738
41737
41721
41753
41768
41769
41784
41785
41801
41800
41783
41799
41825
41814
41815
41816
41770
41724
41715
41714
41713
41705
41706
41704
41679
40869
41661
41662
41663
41655
41656
41649
41021
41648
41642
41635
41628
41629
41622
41621
41020
41620
41614
40864
41613
41606
40863
41599
40862
41591
40861
41592
41600
41601
41602
41594
41586
41569
41568
41567
41018
41584
41585
41593
41608
41615
41616
41609
41607
40865
41626
40866
41633
40867
41640
41641
41634
41627
41636
41643
41654
40868
41647
51147
47304
47315
51148
47331
47330
47329
46610
47312
47301
47291
47292
47293
47303
47302
47313
47314
47282
47281
47280
47269
47270
47249
47260
47271
47272
51144
51145
47283
47294
51146
47261
51143
47250
47241
47240
47231
47232
51142
47212
51140
51141
47222
47221
47211
47230
47229
47228
46606
47238
47239
47248
47259
47258
47247
47257
46608
47268
47279
47290
47300
47311
47328
47327
47326
47325
47324
47323
47322
47321
47337
47336
47335
47319
47308
47297
47296
46609
47295
47285
46411
47284
47273
46410
47262
46409
47251
46408
47252
47253
47264
47263
47274
47275
47276
47287
47286
47318
47307
47306
46412
47305
47316
46413
47332
47343
47353
47354
47355
47344
46611
47334
47333
47317
47345
47320
47310
47309
47298
47299
47289
47288
47277
47278
47267
47256
47255
47266
47265
47254
47244
47245
47246
47237
47236
47235
47225
47215
47214
47224
47223
46406
46407
47233
46607
47242
47243
47234
47213
46405
46404
47203
47187
46403
47179
47180
47188
47204
47205
47189
47181
47174
47159
47160
47161
47162
47163
47164
47165
47166
47167
47168
46603
47175
47183
47182
47227
47226
47216
47217
47207
47206
47190
46604
46605
47191
47192
47193
47194
47195
47196
47197
47198
47199
47209
47208
47218
47219
47220
47210
47200
47184
47176
47177
47178
47186
51139
47202
47201
47185
47170
47171
51138
51137
47154
47148
47147
47153
47169
46601
47152
47146
47128
47142
47141
47123
47122
47121
47120
47136
47137
47138
47139
47140
47124
47125
47126
47127
47143
47144
47145
47129
47130
47131
47132
47133
51136
47117
47113
47109
51135
51134
47104
47099
51133
51132
47093
47088
47071
51131
46589
51130
51129
47031
47048
47051
47050
47067
47066
47065
47064
47063
47107
46594
47112
47116
47108
47103
47102
47097
47098
47092
47091
47069
47070
47087
47086
47085
47084
47083
47082
47081
47080
47079
47078
47077
47076
47075
47090
47096
47101
47106
47111
47115
47119
46597
46599
47135
46600
47151
47158
47157
47173
47172
46602
47156
47155
47149
47150
47134
46598
47118
46596
47114
46595
47110
46593
47105
46592
47100
46591
47095
47089
46590
47073
47068
46401
47052
47053
47049
46588
47033
47032
47014
47009
46400
47005
46399
47001
46398
46997
46981
46976
46397
46971
46396
46955
46950
46945
46395
46940
46394
46935
46393
46930
46392
46927
46924
46925
46922
46921
46901
46884
46867
46868
46885
46902
46918
46917
46391
46900
46883
46866
56696
51861
51863
56697
56698
51865
51568
51867
56699
51870
51869
601
597
595
719
718
717
716
715
714
713
712
711
710
596
709
708
707
706
705
704
703
702
701
700
699
698
697
696
593
695
694
693
692
691
690
689
688
687
686
685
684
683
682
681
680
591
592
73793
73794
73795
73796
73797
73798
73799
73800
73801
73802
73803
73804
73805
73806
73807
73808
62557
63111
63106
62556
62555
63101
63096
62554
62553
63091
63086
62552
62551
63081
63076
62550
62549
63071
63066
62548
62547
63061
63056
62546
62545
63051
63046
62544
62543
63041
63036
62542
63037
63042
63047
63052
63057
63062
63067
63072
63077
63082
63087
63092
63097
63102
63107
63112
63117
62751
63116
62752
63132
63140
63157
63156
63139
62558
63133
63141
63158
63174
63192
63173
63191
63197
62559
63215
62560
63231
62561
63237
63238
63232
63216
63198
63263
63262
63247
63248
63282
63281
63280
63279
63297
63306
62763
63314
63307
63298
63315
63332
63333
63316
63317
63334
63335
63336
63319
63318
63320
63337
63338
63321
63322
63323
63324
63341
63350
63358
63365
63374
63375
63385
63402
63401
63400
63399
63398
63397
63396
63395
63394
63393
63420
63441
63451
63463
63462
63473
63474
63485
63484
63483
63503
63525
63524
63534
63535
63514
63515
63528
63538
63547
63556
63555
63554
63566
63567
63568
63584
63602
63612
63613
63614
63631
63632
63615
63616
63617
63633
63634
63635
63618
63619
63620
63604
63603
63591
63590
63589
63588
63587
63586
63570
63569
63585
63571
63572
63573
62779
63557
62780
63574
63592
63593
62781
63605
63606
63607
63624
63641
63640
63650
63660
63659
63649
63639
63638
63621
63622
63623
63595
63596
63578
63577
63576
63594
63575
63559
63558
63548
63539
63529
63518
63507
63508
63509
63510
63500
63501
67999
67998
63490
63479
67997
63468
63467
63466
63477
63478
63489
63488
63487
63486
63497
63498
63499
63520
63530
62776
63519
63521
63531
63541
63550
63561
63560
63549
63540
63542
68002
68003
63551
63562
63532
63522
68001
68000
63511
57963
57964
57976
57975
57992
58010
56967
58026
58027
58011
57993
57994
57995
57996
58013
58012
57977
57978
57979
57981
58017
58031
57164
58057
58032
58033
58034
58035
58020
58019
58018
58000
57983
57982
57999
57985
57984
58001
58002
58003
58004
57970
57957
57928
57914
57915
57916
57930
57946
57947
57931
57917
57918
57932
57948
57949
57933
62334
62333
57919
57906
62332
62331
57892
57878
62330
62329
57864
57863
57862
57848
57849
57836
57837
57850
62328
57825
62327
57813
57812
57811
57795
57779
57780
57767
57755
57754
57766
57765
57764
57763
57148
57752
57753
57742
57741
57730
57720
57719
57718
57717
57716
57715
57695
57704
57703
57702
57727
57738
57737
57747
57771
57772
57773
57761
57750
57760
57762
57749
57748
57759
57758
57770
57769
56958
57757
57746
57735
56957
57736
57725
57145
57726
57711
57712
57713
57714
57729
57728
57739
57740
57751
57146
57147
57776
57778
57777
57808
57806
57790
57789
57805
57804
57788
57150
57775
57774
57786
57787
57152
57803
57819
57831
57843
57857
57871
57885
57899
57912
57926
57157
57940
57941
57942
57927
57913
57900
57901
57902
57903
57889
57890
57904
57905
57891
57877
57876
57875
57861
57847
57154
57835
57824
57823
57810
57809
57822
57834
57846
57860
57874
57873
57859
57858
57844
57832
57833
57821
57820
57807
57791
57792
57793
57794
57796
57797
62326
57781
57768
57756
62325
62324
57745
57734
62323
57724
62322
62321
57708
57707
57723
57733
57744
57743
57732
57722
57731
57721
57144
57705
57696
57687
57678
57669
57668
57667
57651
57650
57666
57665
57649
57648
57647
57663
57664
57652
57623
57622
57621
57620
57619
57618
57617
57609
57599
57571
57136
57570
57554
57555
57556
57538
57135
57521
57520
57503
57504
57489
57488
57487
57469
57470
57471
57454
57453
57452
57451
57134
57450
57446
57442
57438
57434
57430
57426
57422
57418
57414
57410
57406
57402
57398
57394
56934
56935
56936
56937
56938
56939
56940
56941
56942
56943
56944
56945
56946
56947
56948
56949
57466
57467
57468
57486
57485
57484
57483
56950
57500
57517
57518
57501
57502
57519
57537
57536
57535
57534
57550
57568
57577
56951
57595
56952
57605
56953
57630
57641
57657
57709
57710
57692
57701
57700
56956
56955
57691
57682
56954
57673
57674
57660
57644
57632
57634
57633
57645
57646
57662
57661
57143
57676
57677
57686
57685
57694
57693
57684
57683
57675
57659
57658
57642
57643
57631
57615
57139
57606
57607
57140
57616
57608
57598
57597
57580
57581
57582
57583
57584
57585
57586
57587
57588
57589
57600
57601
57590
57591
57573
57574
57592
57602
57612
57138
57611
57610
57624
57635
57636
57141
57653
57637
57626
57625
57627
57629
57640
62316
57656
57672
62317
62318
57681
57655
57671
57680
57689
62319
57690
62320
57699
57698
57697
57706
57688
57679
57670
57142
57654
57638
57639
57628
57613
57614
57604
62315
57594
57603
57593
57567
57576
57575
57566
57548
57549
57533
57532
57531
57530
57546
57564
57565
57547
57529
57528
57544
57545
57563
57572
57137
57562
57561
57560
57559
57558
57557
57539
57523
57524
57540
57541
57525
57508
57509
57526
57542
57543
57527
57510
57511
57495
57477
57478
57479
57462
57461
57460
57459
57458
57457
57491
57507
57522
57505
57506
57490
57472
57455
57456
57473
57474
57492
57493
57475
57476
57494
57512
57513
57496
57497
57514
57515
57516
57499
57498
57481
57480
57463
57447
57443
57444
57448
57464
57465
57482
57449
62314
62313
57445
57441
62312
62311
57437
57436
57440
57439
57435
57431
57432
57428
57424
57423
57427
57429
62309
62310
57433
57425
62308
62307
57421
57417
62306
62305
62304
57409
57405
62303
62302
57401
57400
57404
57408
57412
57413
57416
57420
57419
57415
57411
57407
57403
57399
57395
57396
57397
62301
51376
51860
51377
51862
51378
51864
51379
51866
51380
51868
51381
51871
51382
51874
51383
51877
51384
51893
51385
51896
51386
51899
51387
51902
51906
51922
51388
51938
51389
51943
51390
51949
51391
51955
51960
51392
51965
51966
51967
51968
51962
51577
51961
51956
51957
51951
51950
51944
51945
51940
51939
51924
51923
51907
51908
51903
51900
51897
51894
51878
51569
51879
51880
51881
51882
51883
51884
51885
51886
51887
51888
51889
51890
51891
51570
51895
51892
51876
56701
56700
51873
51872
51875
51571
51898
51901
51572
51904
51921
51573
51937
51942
51941
51946
51936
51935
51932
51913
51912
51911
51925
51926
51909
51910
51927
51928
51929
51930
51931
51914
51915
51916
51933
51934
51917
51918
51919
51920
51905
56702
56703
51574
51575
46972
46956
46951
46946
46947
46942
46941
46936
46937
46932
46931
46928
46577
46575
46573
46903
46904
46905
46906
46889
46888
46887
46886
46869
46870
46871
46872
46873
46890
46907
46908
46891
46892
46909
46910
46893
46876
46875
46874
46877
46894
46895
46912
46911
46913
46914
46915
46898
46897
46896
46879
46878
46880
46881
46882
46571
46899
46572
46916
46919
46578
46929
46926
46576
46923
46574
46920
51121
51120
51119
51118
40844
40843
40842
40841
607
609
40603
40604
40605
40606
40607
40608
40609
40610
40611
40612
40613
40614
40615
40616
40617
40618
40619
40620
40621
35935
35952
35610
40622
40623
35955
35954
40624
35975
35978
35614
35613
35612
35976
35973
35972
35971
35970
35969
35968
35967
35966
35965
35964
35963
35962
35961
35960
35959
35958
35957
35611
35938
35939
35940
35941
35942
35943
35944
35945
35946
35947
35948
35949
35950
35951
35933
35932
35931
35930
35929
35928
35927
35926
35925
35924
35923
35922
35921
35920
35919
35937
46161
41346
41363
41345
46160
46159
41344
41343
46158
46157
41342
41341
46156
46155
41340
41339
46154
46153
41338
41337
46152
46151
41336
41357
41356
41373
41372
41355
41354
41371
41370
41353
41352
41351
41350
41349
41348
41366
41367
41368
41369
41390
41391
41392
41374
41393
41404
41403
41402
41401
41007
41424
41428
41432
40853
41381
41364
40852
51128
47013
47011
47028
47027
47026
47025
47024
47023
47041
47042
47043
47044
47045
47046
47047
47029
47030
47012
47003
46586
46587
47007
47008
47004
47000
46583
51127
51126
46975
46974
46979
46980
46582
46996
46999
46585
46995
46994
46993
46992
46991
46990
46989
46988
46987
46986
46985
46984
46584
46983
46581
46952
51125
51124
46954
46949
46938
46933
46934
51122
51123
46939
46944
46943
46579
46580
46948
46953
46970
46969
46968
46967
46966
46965
46964
46963
46962
46961
46960
46959
46958
46957
46973
46978
46977
46982
46998
47002
47006
47010
47015
47016
47017
47018
47036
47034
47035
47019
47020
47037
47038
47039
47021
47022
47040
47062
47061
47060
47059
47058
47057
47056
47055
47054
47074
47072
46402
47094
56709
52068
52075
56710
56711
52081
52088
56712
56713
52095
52102
56714
56715
52110
52109
52117
52116
51596
52133
52150
52158
52167
52166
52159
52149
51598
52148
52157
52165
52172
52179
52186
52193
52201
52210
52211
52212
52213
52203
52202
51603
52194
52195
52196
56722
56721
52189
52188
52187
52180
52173
52174
52181
52182
56720
56719
52175
52168
56718
52160
52152
52151
52134
52135
56717
56716
52118
52108
52100
52101
52094
52093
52130
52129
52128
52144
52145
52146
52147
52131
52132
52115
52107
52099
52092
52085
52078
52072
52065
51587
52058
52059
52066
52073
52079
52080
52087
52086
52074
52067
52060
52061
52053
56708
56707
52047
52046
52052
52051
52045
52041
51584
52024
56706
51585
52025
52009
52008
52002
52003
51987
51970
51579
51964
51578
51576
51954
56705
56704
51948
51947
51953
51959
51952
51958
51963
51969
51986
52001
51985
51984
51983
51982
52040
51583
52023
52007
51582
52000
51999
51998
51997
51996
51981
51980
51995
51994
51979
52017
52018
52037
52038
52039
52022
52021
52020
52019
52036
52035
52034
52033
52016
52015
52032
52031
52014
52013
52030
52044
52050
52049
52043
52028
52029
52012
52006
51581
51989
51990
51991
51992
51993
51978
51977
51976
51975
51974
51973
51971
51972
51580
51988
52005
52004
52010
52011
52027
52026
51393
52042
51586
52048
52054
51394
52055
52056
52057
52064
52071
52077
52084
51593
52098
52091
51592
52090
52083
51591
52076
51590
52070
51589
52063
51588
52062
52069
52082
52089
52096
52103
52097
52104
51594
52105
52106
52114
52113
52112
51595
52111
52120
52119
51395
52136
52154
52153
52161
51396
52162
51599
52169
51600
52176
51397
52183
52190
51601
52191
52184
52177
52170
52163
52155
52121
52137
52139
52140
51597
52141
52142
52143
52127
52126
52125
52124
52123
52122
52138
52156
52164
52171
52178
52185
52192
52200
52208
52218
52219
52209
51602
52199
52198
52197
51398
52205
51399
52215
51400
52225
52226
51604
52235
52216
52206
52207
52217
52237
52238
52229
52228
52227
52236
52246
52247
52248
52258
52268
52277
52276
51605
52267
52257
52256
52266
52265
52264
51403
52254
51402
52244
51401
52245
52255
52275
51606
52284
52302
52319
52301
52274
51404
52283
52300
52318
51405
52327
52338
52337
51406
52348
52359
52375
52389
52399
52409
51407
52426
51408
52435
51409
52444
51410
52453
51411
52462
51412
52471
52497
52498
51620
52506
52507
52499
52481
52464
52465
52456
52455
52463
52454
52445
52446
52447
52436
52410
52411
52427
52428
52437
52438
52429
52414
52403
52393
52364
52365
51609
52351
52341
52330
52321
52320
51607
52303
52285
52305
52307
52308
52290
52289
52306
52288
52287
52286
52304
52329
52328
52339
52340
52350
52349
51610
52360
51612
52376
51614
52390
51615
52400
52401
52412
52413
52402
52392
52378
52377
52391
52361
52362
52352
51611
52363
51613
52379
52380
52382
52381
52366
52367
52368
52383
52420
52419
52418
52417
52416
52415
52430
52439
52448
52457
52466
52475
52484
52485
52486
52487
52488
52489
52490
52476
52467
52458
52449
52440
52431
52422
52421
52404
52394
52384
52369
52370
52371
52355
52344
52356
52353
52354
52343
52342
52331
52313
52333
52332
52322
51608
52312
52311
52310
52309
52291
52292
52293
52294
52295
52278
52269
52259
52260
52250
52240
52233
52232
52241
52242
52252
52251
52261
52262
52263
56728
56727
52253
52243
56726
56725
52234
52224
56724
56723
52214
52204
52223
52222
52220
52221
52231
52230
52239
52249
52279
52270
52271
52272
52273
56729
56730
52282
52299
52317
52316
52298
52281
52280
52296
52297
52315
52314
52323
52324
52334
52345
52346
52335
52325
52326
56731
52336
52347
56732
56733
52358
52357
52387
52397
52407
52405
52406
52396
52395
52385
52386
52372
52373
52374
52388
56734
52398
52408
56735
56736
52425
52442
52451
52450
52441
52432
52423
51616
52424
52433
52434
56737
56738
52443
52452
56739
56740
52461
52460
52459
52468
52492
52491
52501
52509
52517
52548
52546
52530
52529
52545
52563
52562
52561
52593
52592
52610
52611
51626
52627
52637
51627
52648
52659
52670
52681
52693
52694
52695
52696
52711
52712
52713
52714
52697
52698
52715
52716
52727
52741
52718
52717
52699
51628
52682
52683
52700
52672
52671
52660
52661
52650
52649
52638
52639
52662
52663
52641
52652
52651
52640
52630
52629
52628
52617
52599
52582
52566
52581
52583
52600
52601
52618
51625
52619
52602
52584
52567
52549
52550
52551
51623
52568
51624
52585
52586
52587
56746
52570
52569
52553
52536
51621
52535
52552
52554
52537
56745
56744
52520
52512
56743
56742
52504
52495
56741
51617
52470
52469
52478
52477
52493
52494
52503
52502
52510
52511
52519
52518
52534
52533
52532
52531
52547
52565
52564
52580
52579
52578
52595
52596
52597
52598
52616
52615
52614
52613
52612
52594
52577
52576
52560
52542
52543
52544
52528
52527
52516
52508
52500
51619
52483
52482
52474
52473
52472
52480
51618
51413
52479
52496
52505
51414
52513
52521
51415
52538
52555
52571
52588
52589
52607
52608
52609
52591
52574
52575
52559
52541
52525
52526
52524
52515
52514
52523
52522
51622
52539
52540
52558
52557
52556
52572
52573
52590
52626
52625
52635
52634
52624
52623
52606
52633
51416
52643
51417
52654
51418
52665
51419
52676
52677
52688
52705
52722
52721
52704
52687
52666
52655
52656
52657
52636
52644
52645
52646
52647
52658
52669
52668
52667
52678
52679
52680
52691
52690
52707
52724
52736
52733
52756
52755
51420
52744
52745
52734
52735
52723
52706
52689
52708
52725
52737
52692
52709
52710
51629
52726
51630
52738
52749
51632
52748
52760
52759
52770
52771
52783
51634
52799
52810
51635
52798
52797
52796
52795
52778
52767
51421
52766
52777
52794
52806
52807
52808
51636
52818
51637
52829
52841
52855
51640
52840
52839
52828
52817
62358
58642
58641
58628
58611
57199
58610
58593
58576
58577
58578
62355
62354
58564
58563
58562
58548
58534
57198
58519
58505
58506
58507
58508
62352
62351
58494
58493
58492
58478
57196
58477
58491
58490
58504
58518
57197
58517
58531
58545
58559
58560
58546
58532
58533
58547
58561
58575
58574
58591
58592
58609
58608
58625
58624
58607
58590
58573
58589
58606
58623
58622
58621
58604
58603
58602
58619
58635
58636
58620
58605
58588
58587
58586
58585
58571
58570
58569
58583
58600
58601
58618
58634
58648
58646
58645
58658
58672
58644
56984
58643
56985
58657
56986
58671
56987
58685
58686
57202
58699
58700
58701
58715
58716
58730
58729
58728
58727
56989
58726
56990
58740
56991
58754
58755
58772
58771
58789
58790
58802
58818
58832
58819
58803
58804
58820
58835
58821
58822
58823
58837
58836
58850
58849
58848
58834
58833
58847
58846
58860
58859
58845
56994
58831
56993
58817
56992
58801
58791
58773
58757
58756
58742
58741
58713
56988
58712
58714
58743
58744
58758
58759
58760
58777
58794
58806
57206
57207
58807
58808
58809
58810
58824
58838
58852
58853
58871
58884
58898
58897
58896
57210
58854
58840
58839
58825
58826
58812
58811
58796
58795
58764
58748
58749
58735
58734
58720
58721
58707
58666
58652
58638
58637
58651
58665
58679
58680
58694
58693
58706
58763
57204
58779
58778
58776
58775
58774
58792
58793
58805
58851
58864
58863
58862
58861
58878
58893
58894
58881
58880
58879
58892
58891
58906
58905
58890
58877
56995
58876
58889
58904
56996
58917
56997
58934
56998
58951
56999
58961
57000
58977
58993
59004
57001
59015
57002
59026
57003
59037
59048
59059
57004
59075
59076
59089
59090
59091
59092
59093
59094
59112
59130
59131
59113
59095
59082
59081
59080
59079
59063
59051
57218
59050
59062
59061
59060
59049
59038
59027
59016
59005
58994
57216
58978
58962
57214
58952
58935
58918
58919
58936
58953
58963
57215
58979
58980
58965
58964
58954
58955
58956
58967
58982
58998
59009
59020
59031
59042
59041
59030
59019
59008
58997
58981
58966
58968
58983
58984
58985
58986
58987
58972
58971
58970
58969
58942
58925
58924
58941
58923
58940
58939
58938
58937
57213
58920
58907
58908
58921
58922
57212
58909
58910
58895
58882
58865
58866
58867
58868
58869
58870
58883
58899
57211
58911
58928
58927
58926
58943
58944
58945
58946
58947
58957
58973
58974
58958
58959
58975
58976
58960
62373
53136
53123
53125
53126
53113
53100
53099
53112
53111
53124
53137
53138
53139
53156
53170
53169
53155
53154
53153
53167
53168
53182
53183
53212
53246
53230
53231
53247
53248
53264
53263
53262
53261
53244
53245
53229
53228
53227
53211
53197
53198
53199
53213
53214
53215
53216
53232
53233
53217
53186
51657
53185
51656
53200
53184
51655
53171
53157
53140
53141
53127
53114
53101
53067
53051
53052
53068
53038
51649
53022
53023
53024
53008
53007
53006
53021
53020
53019
53036
53035
53018
53003
53002
52992
52974
52975
52958
52957
52948
51427
52939
51426
52930
52931
52940
52949
52950
52951
52960
52961
52978
52979
51646
52996
52980
52963
52964
52981
52982
52965
52966
52983
52984
52967
52968
52953
52944
52935
52925
52914
52904
52893
52882
52870
52859
52860
51642
52871
52872
52861
52851
51639
52834
52833
51638
52850
52849
52848
52847
52846
52845
52844
52843
52857
52868
52867
51641
52866
52878
52879
52890
52891
52880
52902
52901
52911
52922
52933
52932
52941
52942
52959
52976
52993
53017
53034
53046
53062
53079
51428
53096
51429
53109
51430
53122
53135
51431
53152
51432
53166
53180
53181
53196
53195
53208
53224
53240
53241
53225
53209
53210
53226
53242
53243
53260
53276
53275
53288
53287
53274
53259
53258
53257
51433
53273
53286
53299
53300
53301
53302
53289
53303
53322
53336
53354
53365
53366
53401
53418
53435
53434
53433
53432
53431
51434
53447
53455
53472
53473
53456
53448
53449
53457
53474
53475
53458
53459
53460
53477
53476
53492
53493
53494
53478
53461
53462
53479
53480
53463
53464
53481
53482
53465
53466
53467
53468
53469
53485
53453
53443
53442
51667
53426
53425
53408
53407
53406
53388
53371
53372
53373
53374
53391
53409
53410
53392
53375
53376
53359
53347
53348
53331
51664
53330
53313
53295
53282
53283
53296
53314
53315
53316
51665
53332
53297
53298
56789
56788
53285
53272
56787
56786
56785
51660
53207
53206
53205
53222
53221
53204
53191
53176
53162
53148
51654
53147
53130
53117
53104
53091
51653
53075
53074
53073
53090
53089
53102
53115
53128
53145
53158
53172
53187
51658
53201
51659
53218
53235
53251
53267
53279
53280
53281
53268
51662
53253
53236
51661
53220
53219
53202
53203
53190
53175
53161
53160
53174
53173
53188
53189
53192
53178
53177
53163
53149
53150
53133
53120
53119
53132
53131
53118
53105
53092
53093
53106
53107
53094
53077
51652
53076
53059
51651
53042
53043
53044
53033
53032
53058
51650
53041
53031
53030
53012
53013
53014
52999
52972
52971
52954
52945
52946
52955
52956
52973
56773
56772
56771
51645
52929
52928
52917
52916
52927
52937
52938
52947
52936
52926
52915
52905
52894
52883
52884
52873
52862
52835
52812
52813
52802
52803
52814
52826
52837
56764
52838
52827
56763
56762
52816
52815
52804
52792
51633
52775
52764
52753
52742
51631
52730
52729
52728
52740
52739
52750
52751
52752
52763
52774
52773
52790
52801
52800
52811
52822
52823
52824
52825
52836
52852
52853
52854
56765
52864
52863
52874
52875
52886
52885
52896
52895
52906
52907
56770
52918
56769
56768
52908
52897
56767
56766
47988
46419
47979
46418
47980
47989
47998
46420
47997
48006
46421
48007
46659
48015
48024
46422
48023
48032
46423
48033
48042
46424
48041
48050
46425
48061
48078
48096
48106
48105
48120
48112
48113
48121
48129
46426
48128
48145
48146
48147
48130
46668
48122
46667
46666
48114
48107
46664
48099
48098
48097
48079
48080
48081
48065
48052
48051
46661
48062
48063
48053
48054
48064
48082
46662
48083
48084
48066
46660
48043
48034
48025
48016
48008
47999
47990
47981
47972
47964
47933
47923
47916
46654
47900
47899
47898
46655
47915
47914
47897
47881
47866
47867
47850
47841
47825
47809
47797
47796
47808
47795
47785
47786
46645
47775
46644
47759
47740
47730
47721
47729
46640
47720
46638
47704
46636
47687
47686
47685
47703
47719
47728
47737
47738
47755
47772
47783
47784
46646
47794
47806
47807
47823
47824
46649
47840
47851
47868
47882
47883
47869
47852
47853
47870
47884
47901
47854
47855
47872
47871
47885
47902
47903
47886
47857
47856
47873
47887
47904
47924
47917
47908
47907
47890
47889
47906
47905
47888
47874
47875
47858
47859
47842
47832
47831
47830
47829
47828
47827
47826
47810
47811
47812
47813
47814
47815
47816
47833
47843
47860
46651
47876
47891
47892
47909
47910
47893
47877
47861
47862
47844
47834
46648
47835
47836
51174
51175
47846
47863
46650
51176
51177
47878
46652
47894
47911
46653
51179
51180
47920
47943
47960
47969
47977
47986
47985
47994
47995
48004
48003
48012
48011
48019
48018
48010
48001
48002
47993
47984
47975
47974
47973
47965
47966
47967
47968
47976
47992
47983
47982
47991
48000
48009
48017
48026
48035
48044
48089
48088
48087
48086
48085
48067
48068
48069
48070
48071
48072
48055
48056
48073
48091
48090
46663
48100
48101
48102
48110
48109
48108
48115
48116
48117
48118
48126
48143
48144
48160
48159
48175
48174
48182
48199
48198
48197
48181
48173
48165
48156
48155
48154
48139
48138
48137
48153
48152
48136
48135
48151
48150
48149
48133
48134
48132
48131
46669
48148
46670
48164
46672
48172
46673
48180
46674
48189
48206
46675
48223
48232
48257
48256
48264
48265
48266
48267
48268
48269
48270
48271
48272
48273
48258
48274
48275
48259
48304
48321
48328
48319
48320
48303
48302
48301
48318
48317
48316
48299
48300
48298
48315
48327
46683
48311
48312
48313
48314
48297
48296
48295
48287
46680
48280
48279
48294
48293
48310
48308
48309
48292
48291
48284
48285
48286
48278
46679
48263
48262
48261
48277
48255
46677
48239
48238
48229
48254
48237
48228
46430
48219
46429
48202
46428
48185
46427
48177
48178
48179
48171
48163
48162
48170
48161
48169
48186
48203
48220
48222
48187
48188
48205
48204
48221
48230
48231
48240
48241
48242
48243
48244
48245
48246
48247
48248
48249
48250
48251
48233
48224
48211
48210
48191
48190
48207
48208
48209
48192
48193
48194
48196
48195
48212
48213
48214
48215
48225
48216
48200
48183
48184
48201
48218
48217
48226
48227
51199
51200
51201
48253
46676
48236
48235
48234
48252
51202
48260
46678
48276
51203
51204
48283
48282
48281
48288
46681
48305
46682
48322
48323
48330
48331
51208
51207
48324
48307
51206
51205
48290
48289
48306
48329
48347
48346
48345
48344
48343
48342
48341
48340
48339
48338
48337
48336
48335
46684
48352
46686
48369
48370
48371
48372
48373
48374
48375
48376
48377
48361
51209
48379
46688
48362
48355
48349
48348
46685
48354
48353
46687
48360
48378
48382
48387
48392
48393
48388
48383
48384
51210
51211
48389
48394
51212
51213
48400
48417
51214
51215
51216
46693
48451
46695
51217
51218
51219
48484
48500
48499
48498
46697
48482
48483
48477
48461
48456
48450
48433
48432
48431
48414
48415
46692
48398
48399
48416
48434
48478
42904
42905
42921
42887
42872
42856
42857
42858
42842
42843
42827
42826
42825
42841
42840
42824
42808
42792
42793
42794
42810
42809
42776
42778
42777
42761
42760
42743
42727
42711
42694
42679
42662
42645
42628
42611
42612
42629
42646
42663
42680
42695
42712
42713
42729
42728
42744
42745
42762
42763
42779
42795
42811
42796
41113
42781
42782
42766
42765
42750
42751
42767
42783
42799
42798
42814
42831
42830
42829
42845
42862
42863
41122
42878
42846
42847
41121
41123
42880
42881
42882
42900
42901
42883
42884
42885
42886
41124
42903
41125
42920
46235
46234
42871
42870
42869
42868
42852
42836
42837
42821
42822
42838
42854
42853
42855
46233
42839
42823
42807
42791
46232
46231
42775
42774
42790
42789
42788
42772
42771
42787
42803
42819
42820
42804
42805
42806
42773
42757
42740
42739
42756
42755
42754
42770
42786
42802
42801
42785
42784
42768
42752
42753
42769
42800
42817
42818
42834
42835
42851
42867
42866
42850
42865
42849
42833
41118
42816
42815
42832
42848
41120
42864
42879
42896
42895
42912
42910
42893
42894
42911
42927
42926
41128
42938
42967
42955
42953
42952
42993
43010
43027
43044
40886
43045
43058
41136
43059
43060
43074
43088
43103
43076
43062
43049
43048
43061
43075
43089
43090
43104
43118
43117
43116
43102
43101
43100
40889
43099
40890
43113
43114
41137
43127
43128
43115
43087
43073
43072
40887
43071
40888
43085
43086
43046
43047
51225
48561
48554
46703
48548
51224
51223
48542
48536
51222
51221
48530
48523
51220
48516
48515
48514
48497
48496
48511
48512
48513
48522
48529
48535
48541
48547
48553
48559
48566
48573
48581
48589
48596
48604
48620
48619
48618
48617
48616
48615
48614
48613
48612
48627
48635
48626
48625
48611
48610
48601
48602
48603
48595
48594
48586
48593
46707
48585
46438
48577
46437
48569
46436
48562
48578
48570
48557
48551
48550
46702
48544
46701
48545
48546
48552
48558
48565
48572
48580
48588
48587
48579
48571
48564
48563
46705
48556
48555
46704
48549
48543
48537
48531
48524
46435
48517
46434
48518
48519
48520
48504
48503
48487
48488
48481
48480
46696
48464
48458
48465
48459
48454
46694
48453
48437
48420
48403
48397
48396
48402
48419
48436
48435
48418
48401
48395
48390
48385
46431
48380
48363
48356
48350
48334
48326
48325
48332
48333
48351
48357
48364
48391
46690
48386
48381
46689
48365
48358
48359
48366
48367
48368
46691
48404
48421
48438
48423
48424
48407
48406
48405
48422
48439
48440
48441
48442
48425
48408
48409
48426
48443
48444
48445
48446
48447
48430
48413
48412
48411
48410
48427
48428
48429
48448
48449
48455
48460
48476
48475
48474
48473
48472
48471
48495
48494
48509
48510
48508
48507
48506
48491
48492
48493
48470
48469
48468
48467
48466
48490
48489
46698
48505
48521
48528
48527
48534
48540
48539
48533
48538
46700
48532
46699
48526
48525
48502
48501
46433
48485
48486
48479
48462
48463
48457
46432
48452
56794
53487
51670
53486
53502
51672
51671
53501
51673
53517
53518
53519
53520
56795
56796
53529
53546
56797
53563
53562
53545
53561
53560
53577
53578
51677
53588
53579
53580
53589
53598
56798
56799
53607
53606
53597
53596
53595
53604
53613
53614
53623
53622
53630
53639
53640
53650
53649
53659
53669
53670
53679
53678
53688
53689
51681
53705
53714
53728
53729
53730
51684
53747
53748
56811
53731
53716
56810
56809
53707
53691
56808
56807
53681
53680
53690
53706
53715
53746
53745
53762
53763
53764
51685
53772
53765
53766
53773
53780
51686
53786
53779
56812
46439
48600
48609
48608
46440
48624
46441
48632
46442
48640
48656
48674
48692
46443
48709
46444
48715
48721
48727
48744
48749
46445
48754
46446
48759
48764
48769
48771
48766
48761
48756
48751
48746
48731
48732
48733
48734
48735
48736
48737
48738
48739
48740
48741
48725
48713
48707
48708
51233
51234
48714
48712
48706
46710
48689
48671
48672
48690
48691
48673
48655
48654
48638
48639
51232
51231
48631
48623
48622
48606
48607
51230
51229
48599
48592
51228
51227
48584
48576
51226
48568
48567
46706
48560
48575
48583
48591
48590
48582
48574
48597
48598
48605
48621
46708
48628
48629
48630
48637
48653
48652
48651
48636
48649
48650
48668
48686
48669
48670
48688
48687
48705
48704
48703
48702
48684
48685
48667
48666
48665
48647
48648
48683
48701
48700
48682
48681
48699
48698
48680
48679
48697
48696
48711
48717
48723
48730
48728
48693
48695
48677
48659
48660
48661
48662
48663
48664
48646
48645
48644
48643
48678
48642
46709
48634
48633
48641
48658
48657
48675
48676
48694
48710
48716
46711
48722
48729
46713
48745
46714
48750
48755
48760
46715
48765
46716
48770
48792
48791
48796
48797
48802
48801
48807
48793
48798
48803
48808
48815
48816
48817
48818
48819
48820
48821
48822
48823
48824
48825
48831
48832
51250
51249
48826
46718
48809
51248
51247
48804
48799
51246
51245
48794
46717
48789
51244
51243
48773
48768
51242
51241
48763
48758
51240
51239
48753
48748
51238
51237
48743
46712
48726
51236
51235
48720
48719
48718
48724
48742
48747
48752
48757
48762
48767
48772
48788
48787
48786
48785
48784
48783
48782
48781
48780
48779
48778
48777
48776
48775
48774
46447
48790
46448
48795
46449
48800
48805
46450
48806
48811
48810
48827
46451
48828
48829
48812
48813
48814
48830
48836
48841
48862
48863
48847
48848
48864
48882
48892
48893
48907
48906
48923
46726
48924
48947
48948
48965
48966
48949
48950
48951
48964
48981
48982
48983
48984
48967
48968
48985
48986
48987
48969
48952
48953
48970
48971
48954
48955
48972
48973
48990
49000
49010
48999
48989
48988
49007
48997
48998
49008
49009
46730
49026
49027
49037
51258
51257
49028
49011
51256
51255
49001
48991
48974
48957
48956
48938
48927
48926
48937
48936
48925
48915
48914
48913
48912
48898
48897
48896
48895
48894
48908
48909
48910
48911
48899
48900
46723
48901
48916
48917
48918
48928
48939
48940
51254
51253
48929
48919
48903
48887
48886
48876
48877
48859
48858
48842
48837
48838
51251
51252
48843
46720
48857
48884
48883
46722
48872
48871
48870
48854
48853
48869
48868
48867
46721
48866
48865
48849
48850
48851
48852
48855
48856
48873
48874
48875
48885
46724
48902
43654
41174
43664
43674
43691
43708
43707
43724
43725
43734
43735
43726
43709
43692
43675
43676
43693
43710
43727
41177
41178
41179
43760
43759
43751
43743
43742
43750
43749
40894
43757
43758
43784
43741
43733
43690
43673
43663
43653
43637
40893
43621
43608
43592
43593
43594
43595
43578
43577
43561
43562
43563
43579
43580
43596
43597
41168
43598
43599
43581
41167
43565
43566
43567
43568
43583
43582
43600
43601
43615
43628
41170
43627
43643
43642
43641
43640
43639
41171
43624
43623
43610
43611
43612
43613
43614
43626
43625
43677
43665
43644
43645
43629
43630
43631
43632
43633
43618
43604
43603
43602
43616
43617
43634
43670
43688
43687
43686
43668
43669
43659
43660
43650
43649
43648
43658
41173
43647
43646
43657
43667
43684
43683
43682
43699
43715
43714
43713
43697
43698
43681
43680
43679
43696
43712
41176
43711
43694
43695
43678
43666
43656
43655
41172
43638
43622
43609
43591
43590
43574
43557
43542
43527
43528
43512
43513
43514
43530
43545
43560
43576
41166
43575
43559
43558
43543
43544
43529
43497
43480
43479
43496
43511
43495
43478
43461
43462
43463
43464
43465
43466
43467
43468
43469
43486
43502
43519
43534
43549
43564
43548
43547
43546
41163
43531
41161
43516
43499
41158
43483
43482
43481
43498
43515
43532
43533
43518
43517
43500
43501
43485
43484
43503
41160
43520
43505
43490
43489
43504
41159
43488
43487
43470
43453
43436
43435
43452
43451
43450
43449
43448
43431
43415
43414
43430
43447
43446
43445
43429
43428
43412
43413
43397
43398
43382
43367
43396
43380
43381
43366
43365
43350
43334
43335
43351
43352
43336
43337
43353
43368
43383
43399
43432
43433
43434
43417
41153
43416
43400
41152
43384
41150
43369
41149
43354
41148
43339
43322
43323
43340
43355
43370
43385
43401
43402
43418
43419
43403
43404
43420
43437
43454
43455
43471
43472
43456
43457
43473
43459
43443
41155
43460
46262
43444
41154
43427
46261
46260
43411
43410
43426
43425
43409
43407
43423
43422
43440
43439
43438
43421
43405
43406
43390
43391
43360
43358
43373
43389
43388
43387
43386
41151
43356
43371
43372
43357
43342
43341
41147
43325
43326
43310
43309
43292
43275
43274
43273
43271
43254
43253
43252
43268
43285
43286
43269
43270
43287
43288
43305
43304
43338
43321
43320
41146
43319
43303
43302
43318
43301
43284
43267
43250
43251
43235
43234
43216
43200
43184
43185
43201
43217
43218
43236
43237
43238
43239
43240
43222
43221
43204
43203
43202
41138
43186
43174
43158
43175
43176
43159
43160
43146
43162
43161
43177
43190
43207
43208
43193
43178
43192
43191
43206
43224
43242
41140
43225
43226
41141
43243
43244
43262
43261
43260
43277
43294
43293
43276
43259
43258
43257
43256
43255
43272
43289
43306
43307
43308
43324
43290
43291
43241
43223
43205
41139
43189
43188
43187
43220
43219
43173
43142
43141
40891
43140
43154
40892
43171
43172
43155
43156
43157
43143
43129
43130
43144
43145
43131
43132
43119
43105
43091
43077
43063
43050
43034
43035
43018
43001
43002
43003
42986
42987
43004
43021
43038
43037
43052
43065
43066
43067
43081
43082
43096
43110
43109
43095
43094
43093
43079
43080
43053
43054
43055
43056
43042
43025
43057
46241
46242
43070
43084
46243
46244
43098
43112
46245
46246
43126
43139
46247
46248
43153
46249
46250
46251
43215
43214
43199
43198
43183
43169
43152
43151
43168
43182
43170
43138
43150
43149
43148
43134
43123
43108
43107
43121
43122
43135
43136
43137
43124
43125
43111
43097
43083
43069
43068
43041
43040
43039
43022
43020
43019
42985
42984
42983
42969
42957
42940
42941
42942
42958
42970
42971
42959
42944
42929
42915
42914
42897
42898
42913
42928
42943
42946
42961
42973
42974
42975
42963
42962
42947
42948
42933
42919
42902
42932
42931
42917
42918
42899
42916
42930
42945
42960
42972
42988
43005
43006
43023
43024
42989
42990
42991
43007
41133
43008
46239
46240
43043
41135
43026
41134
43009
46238
46237
42992
41132
41131
41129
42950
42949
42934
46236
37508
35478
37509
37523
37522
37494
35477
37480
37467
37454
37455
37456
37469
37468
37481
37495
37457
37458
37459
37472
37484
37485
35704
35702
37460
37462
37475
37488
37502
37516
37517
37503
37487
37489
37476
35705
35703
37463
37450
37451
37438
37437
37436
37449
37435
37422
37423
37405
37406
37393
35699
37394
37407
37424
35701
37425
37408
37395
37378
37379
37396
37409
37410
37426
37427
40708
40707
40706
37397
37380
37361
37335
37323
37305
37304
37290
37291
37292
37293
37294
37308
37307
37306
37324
37325
37326
40704
37338
37350
40705
37363
37362
37349
37337
37336
37348
37347
37360
37377
37376
37375
37374
37373
37391
37403
37404
37392
37357
37358
37359
37346
35696
37334
37322
37321
37320
37319
37332
37333
37345
37344
37356
37318
37317
37316
37315
37302
37303
35693
37289
37288
37270
37271
37257
37258
37272
37273
37274
37275
37276
40703
40702
32033
32016
32008
31996
31997
31998
31982
31983
31999
32011
32038
32021
32022
32039
32075
32057
32058
32076
32077
32078
32060
32059
32041
32040
32023
32024
32025
32042
32044
32043
32026
32027
32028
32045
32046
32047
32030
32031
32014
32006
30581
31990
30580
31989
31973
31972
31964
31965
31958
31951
31950
31957
31943
31944
31937
31938
31945
31952
31959
31966
31974
32013
32029
32012
32005
32004
31988
31987
32003
32002
32001
32000
31984
31985
31986
31971
31981
31980
31979
31995
32010
32009
30582
31994
31978
31970
31969
31977
31993
31992
31976
31968
31961
30347
31954
30346
31947
30345
31940
30344
31923
31915
31908
30343
31899
31891
31875
31874
31857
31840
31824
31825
31841
31858
31859
31842
31826
31827
31816
30565
30563
31807
31798
30561
31790
31772
31771
31754
31755
31756
31773
31774
30559
31791
31799
31808
31817
31829
31828
31844
31861
31843
31860
31877
31878
31879
31862
31845
31846
31830
31831
31847
31863
31864
31865
31848
31832
31834
31833
31849
31850
31868
31851
31852
31835
30567
31818
31809
31800
31801
30564
30566
31819
30568
31836
31837
31838
31822
31823
31839
30569
31856
30570
31873
31890
30571
35246
35245
35244
31855
31872
31889
31896
31897
31898
35247
31914
31907
31906
31905
31895
31910
31903
30575
30577
31918
31936
31935
31934
31933
31932
31931
31930
31929
31927
31926
30576
31909
31917
31928
31942
31949
31956
31963
30579
31962
31955
31948
31941
31925
31924
31916
31900
31901
31876
30572
31892
30573
31902
31893
31880
31881
31882
31883
31866
31867
31884
31885
31886
31869
31870
31853
31854
31871
31888
31887
31894
30574
31904
31911
31919
31920
31912
31913
31921
31922
30578
31939
35248
35249
31946
31953
35250
35251
31960
31967
35252
35253
31975
31991
35254
35255
32007
32015
30583
32032
35257
35256
32050
32049
32048
32066
32083
32084
30584
32095
32085
32068
32067
32065
32082
32081
32064
32063
32062
32061
32079
32080
32091
32092
32093
32094
32109
32110
32111
35258
32122
32121
32120
32119
32108
32107
32106
32105
32104
32103
32102
32101
32100
32099
30586
32090
32074
32056
32055
32073
32072
32054
32036
32037
32020
32019
32018
32017
32034
32052
32051
32069
32070
32071
32053
32035
32089
32098
32116
32115
32114
30588
32125
32126
32127
32128
32143
32153
32163
32164
32165
32166
32167
32168
32155
32129
32130
32131
32132
32117
32118
32135
32136
32146
32147
32137
32138
32148
27077
27061
27062
27063
27045
27054
27055
27065
27064
27080
27081
27091
27090
27079
27078
27089
25491
27088
25492
27099
27100
27111
27110
27121
27137
27122
27138
27139
27123
27124
27125
27126
27114
27113
27112
25683
27101
27102
27092
27103
27127
27128
27129
27130
27131
27147
27146
27145
27144
25687
27143
27142
27141
27140
27155
27156
27157
27168
27167
27166
27177
27176
27165
27154
27153
25493
27164
25494
27175
25495
27186
27197
27198
25692
27214
27215
27227
27244
27255
27266
27265
25693
27275
27276
27277
25694
27288
27287
27286
27297
27313
27339
27338
27322
27312
25500
27296
27285
25499
27264
25498
27253
25497
27242
25496
27225
27226
27243
27254
27267
27256
27245
27228
27216
27217
27201
27190
27179
27178
27189
27188
27187
27199
27200
27202
27203
27204
27205
27206
27207
27235
27236
27247
27258
27234
27233
27232
27231
27230
27229
27246
27257
27268
27278
27289
27298
27299
27300
27301
27302
27303
27304
27351
27369
27352
27353
27337
30131
22431
22449
22465
22475
22486
22477
22478
22479
22468
20813
22451
20812
22434
22418
22417
22406
22407
22390
20810
22379
22391
22392
22393
22394
22395
22396
22397
22398
22381
22380
22368
22357
22358
22369
22370
22359
22347
22335
22334
22322
22323
22324
22325
22337
22336
22348
22349
22361
22372
22384
22385
22402
22413
25242
25243
22447
22463
20814
22484
22511
25244
22524
22512
22495
20816
22483
22473
22462
22446
22429
22412
22401
22400
22411
22410
22427
22444
22443
22426
22409
22408
22425
22424
22422
22423
22440
22441
22442
22458
22459
22491
22507
22506
22505
22504
22503
22502
22501
20817
22490
22489
22500
22517
22516
22499
22488
22487
22476
22466
22467
22450
20811
22433
22432
22416
22405
22376
22364
22363
20809
22352
22351
20609
22339
20608
22327
20607
22315
22286
22259
22242
22243
22231
22232
22244
22261
22262
22263
22246
20804
22245
22233
22221
22209
22196
22184
22166
22167
22168
20800
22185
22198
22210
20801
20802
22222
22234
22247
22264
22248
22249
22250
20803
22235
22252
22251
22265
22294
22293
22292
20805
22278
22307
20807
22319
22318
22304
22305
22290
22276
22277
22291
22306
22320
22332
22331
22343
22344
22356
22367
22355
22342
22330
22329
22317
22303
20806
22302
22316
22328
22340
22341
22353
22354
22365
22366
22378
22377
22389
22388
22387
22375
20610
22374
20611
22386
22403
20612
22404
22415
22414
22430
22448
22464
20613
22474
20614
22485
20615
22496
20616
22513
20617
22525
22536
22551
22552
22568
22584
22514
22526
22537
22555
22540
20820
22530
22529
22539
22518
22453
22452
22435
22436
22419
22437
22420
22421
22438
22454
22455
22439
22456
22457
22469
20815
22480
22470
22471
22481
22482
22472
22461
22460
22445
22428
22399
22382
22383
22371
22360
22346
22345
22333
22321
22310
22309
20808
22308
22295
22279
22280
22296
22297
22281
22266
22267
22253
22254
22255
22256
22238
22237
22236
22224
22223
22211
22199
22200
22201
22202
22203
22204
25231
25232
22216
25233
22228
22227
22215
22214
22213
22212
22225
22226
22239
22240
22257
25234
25235
22285
22271
22270
22284
22300
22299
22283
22269
22268
22282
22298
22311
22312
22313
22301
25236
22314
22326
25237
22338
22350
22362
22373
25241
25240
25239
25238
17370
15639
17371
17349
17336
17337
17338
17350
15834
17322
17309
17308
17307
17321
17320
17319
17306
17305
15637
17292
15636
17293
17294
17295
17296
17283
17270
17257
17256
17244
17243
17242
17255
17241
17227
17228
17211
17212
17213
17229
17230
17214
17200
17183
17181
17166
17165
17138
17139
17154
17140
17126
17109
17108
17107
17091
15631
17092
17093
17075
15818
17060
17061
17046
17047
17062
17076
17077
17063
17048
17034
17033
17032
17031
17045
15630
17074
17059
17044
17030
17019
17011
17022
15815
15813
17050
17065
17097
15820
17129
17143
17157
17171
17186
17156
17170
17185
17202
17216
17203
17187
17188
17189
17190
17172
17158
17144
17130
17115
17116
17131
17148
17134
17135
17149
17163
17162
17175
17176
17195
13094
11514
13104
11515
13114
11516
13124
13141
13158
13175
13176
13159
13142
13125
13116
13115
13105
13106
13096
13095
11513
13077
13068
13051
13052
13053
11717
13069
13078
13079
13080
13097
13098
13081
13071
13070
13055
13056
13057
13058
13059
13060
13061
13062
13045
13035
13024
13023
13022
13021
13020
13019
13018
13034
13044
13033
13043
13054
13042
11716
13032
13015
13016
13017
13008
13007
13006
12990
12989
13005
11715
13041
13031
11512
13014
11511
13004
11510
12988
12972
12955
12956
12973
12974
12957
12945
12935
12946
12947
12936
12924
12923
12911
12910
12922
12934
12933
12944
12943
11509
12932
11508
12920
11507
12908
11506
12897
12898
12909
12921
12899
12900
12901
12883
11706
12882
12881
12880
11505
12865
12854
12855
12856
11704
12866
12867
12857
12858
11705
12859
12868
12869
12870
12871
12888
12887
12886
11707
12885
12884
12912
12913
12925
12937
12948
12959
12975
11711
12958
12991
12992
12993
12994
12976
12960
12961
12962
12926
12938
12949
12965
12964
12963
12979
12978
12977
12995
12996
12997
12998
12980
12981
12999
13009
13000
13010
13026
13025
13036
13046
13063
13073
13072
13087
13086
13085
13084
13083
13082
13108
13107
13117
13118
13128
13146
13129
13147
13148
13130
13131
13132
13133
13152
13134
13119
13120
13110
13109
13099
13100
13088
13089
13090
13101
13111
13121
13137
13155
13156
13138
13122
13112
13102
13091
13075
13074
13064
13065
11718
13066
13049
13040
15330
15331
13050
13067
13076
13092
13093
15332
13103
13113
15333
15334
13123
13140
13139
13157
11720
15335
15336
15337
13191
11722
13174
11721
13173
13190
13200
13199
13189
13188
13171
13172
13154
13136
13135
13153
13170
13169
13186
13197
13185
13184
13167
13168
13151
13150
13149
13166
13165
13183
13182
13181
13164
13163
13180
13179
13162
13145
13127
11719
13126
13143
13144
13161
13160
13177
11723
13193
13194
13195
13206
13205
13204
13221
13237
13238
13222
13223
13224
11727
13239
11728
13251
11730
13262
13272
13283
13282
13293
13292
13303
13304
13294
13305
13316
13326
13337
13348
13347
13336
13335
13334
13345
13361
13362
13346
13363
13373
13372
13388
13389
13390
13408
13425
13424
13407
13406
13423
13433
13434
13435
13445
13444
13443
13454
13471
13470
13453
11742
13442
11741
13432
11739
13422
11737
13405
13387
13371
13370
13386
13385
13403
13404
13421
13431
13441
13452
20347
17580
17579
17566
17565
17552
17553
17524
17508
17506
17505
17490
17472
17471
17470
17488
17489
17504
17503
17519
17520
17521
17535
17534
17533
17532
15845
17548
17549
17550
17551
17564
17563
17577
17578
17594
17607
17620
17637
17651
17668
17667
17650
17636
17619
17606
17593
17576
17589
17588
17587
17572
17559
17600
17611
17624
15847
17641
17642
17643
17625
17627
17628
15848
17645
17660
17659
15849
15850
17675
17690
17689
17706
17705
17722
17723
17739
17753
17765
17764
17763
17762
17775
17776
17777
17778
17791
17804
15860
17817
17805
15859
17792
15858
17779
15857
17766
15856
17754
17740
17724
17707
17708
17725
17833
17832
17850
17849
17831
17830
17829
17828
17816
17803
17790
17789
17788
17801
17802
17815
17814
17826
17827
17846
17864
17865
17881
17880
17879
17863
17845
17844
17862
17878
17894
17893
15654
17909
17910
17911
17895
17896
17897
17866
17847
17848
17867
15862
17882
15863
17898
17914
17913
17912
15864
17928
17929
17930
17946
17945
17944
15865
15867
17958
17959
17973
17972
15869
15871
18001
18000
17985
17971
17970
17956
17957
17943
17927
17926
17925
17941
17942
17955
17969
17983
15655
17998
18013
18014
17999
17984
18015
18030
18016
18017
18018
18019
18003
18002
17986
17987
17988
17974
17960
17961
15870
17975
17990
18006
18021
18022
18023
18037
18036
18051
18052
18053
18038
18024
18025
18010
18009
18008
17992
17993
17994
17995
18011
15874
18026
18027
18042
20363
18056
18070
20364
18083
18099
18098
18082
18069
18055
18041
18040
18039
18054
18067
18068
18097
18113
18124
18112
18111
18123
18134
18135
18146
18145
18133
18122
18110
18094
18079
18080
18095
18096
18081
18066
18065
18078
18064
15877
18050
18035
15876
18020
18005
17989
18004
15873
15875
18049
18063
18062
18061
18047
18048
18034
18033
18032
18031
18046
18060
18074
18087
18086
18073
18059
18045
18044
18029
18028
15656
18043
15657
18057
18058
18072
18071
18084
18085
18102
18103
18120
18104
18088
15879
18075
15878
18076
18077
15880
18089
15881
18105
18106
18090
18091
18107
18108
18092
18093
18109
18121
18132
18143
18144
18155
18154
18164
18165
18166
18156
18157
18167
18182
18183
18184
18168
18158
18147
18136
18125
18114
18115
18126
20365
20366
18137
18148
20367
20368
18159
20369
18169
18185
20370
18196
18195
18206
18207
20371
20372
18218
18217
18227
18238
18228
20373
20374
18239
20375
20376
20377
18278
15886
18261
18250
18249
18260
18277
18276
18259
18248
18247
18246
18245
18234
18235
18224
18223
18213
18214
18203
18204
18215
18225
18236
18237
18226
18216
18205
18194
18193
18181
18180
18192
18202
18191
18179
18178
18177
18176
18175
18174
15884
18173
15883
18163
18162
18152
18151
18139
18128
18129
18140
18141
18153
18142
18131
18130
18119
18118
18117
18101
18100
15658
18116
15659
18127
15660
18138
15661
18149
18150
15882
18160
18161
18171
18172
18188
18199
18198
18187
18170
15662
18186
15663
18197
15664
18208
18209
15885
18219
18220
18210
18211
18200
18189
18190
18201
18212
18222
18221
18232
18233
18244
18255
18254
18243
18242
18241
18231
18230
15665
18229
15666
18240
15667
18251
18252
18253
18264
18263
18262
18279
18280
18297
18281
18265
18266
15887
18282
18283
18267
18268
18269
18284
18302
18320
18338
18355
18354
18371
15891
18370
18353
18337
18319
18301
18300
18318
18336
18335
18334
18317
18299
18298
18316
18315
18333
18350
18349
18332
18314
18296
18295
18313
18331
18348
18365
18366
18367
18368
18351
18352
18369
18386
18401
15892
18385
18384
18383
18382
15668
18398
18399
18416
18415
15669
18426
18441
15670
18458
15671
18466
15672
18474
15673
18482
15674
18490
15675
18500
15676
18509
15677
18518
15678
18527
15679
18536
18537
18538
18547
18557
15898
18548
18539
18530
18521
18512
18503
18493
18485
18477
18469
18461
18445
18446
18429
18430
18447
18448
18449
18450
18451
18452
18435
18453
18437
18423
18411
18394
18412
18413
18414
18397
18396
18395
18380
18379
18362
18361
18378
18377
18360
18359
18376
18391
18392
18393
18410
18409
18434
18433
18432
18431
18388
18387
18372
18373
18356
18357
18374
18389
18390
18375
18358
18341
18340
18339
18321
18322
18323
18305
18306
18288
18287
18286
18304
18303
18285
18270
18271
18272
18273
18256
18257
18258
18275
18274
18289
18307
18308
18290
18291
18292
18293
18294
18312
18311
18310
18309
18327
18326
18325
18324
18342
18343
18344
18345
18363
18346
18328
18329
18330
15888
18347
15889
18364
15890
18381
20380
20379
20378
13942
13925
13924
13907
13890
13891
13892
13908
13909
13910
13928
13929
13947
13946
11780
13962
13967
13972
13977
13985
13984
14000
13999
13982
13983
11782
11781
13945
13927
13926
13944
13943
13961
13960
13966
13971
11551
13976
13981
13998
11552
14014
14017
14034
14039
14056
14057
14040
14041
14035
14018
14019
14015
14001
14002
14003
13986
13987
13988
14004
14005
14006
14007
13989
13990
13991
14008
13992
14009
14010
14011
14012
13993
13994
13995
13996
13978
13973
13974
15386
15387
15388
15389
9994
7766
9977
7765
9969
7764
9960
7763
9951
7762
9936
7761
9921
7760
9911
7759
9902
9885
9874
9875
9859
9858
9849
7758
9840
9831
7757
9841
9832
9823
8010
9814
7756
9805
7755
9796
7754
9787
7753
9797
9798
9807
9806
9815
9816
9824
9833
8011
9842
9851
9850
9860
9861
9862
9863
9864
9865
8013
9866
9867
9868
9869
9870
9871
9881
9898
9907
9906
9897
9896
9895
9894
9893
9892
9891
9890
9879
9878
9877
9876
9886
9887
8016
9903
9904
9888
9889
9914
9913
9912
9922
9937
9952
9961
9970
8020
9978
9979
9980
9972
9971
9962
9963
9953
9938
9923
9924
9939
9954
8018
9940
9941
9928
9983
9982
9981
10013
10027
10012
10003
8021
9996
9995
10002
10001
10008
10023
10038
10045
10046
10047
10039
8024
10025
10024
10009
10010
10011
10026
10040
10048
8025
10028
10029
10014
10015
10030
10031
10032
10033
10034
10019
10018
10017
10016
9984
9985
9986
9987
9988
9989
9990
9975
9966
9965
9974
9973
9964
9955
9956
9957
9958
8019
9967
9968
11269
9976
9993
9992
9991
9999
9998
9997
10004
10005
8022
10006
10021
10020
8023
10035
10036
10043
8026
10051
10068
10084
10083
10092
10091
10090
10097
10098
10099
10106
10105
10104
10111
10112
10127
10136
10137
10154
10172
10173
10155
10114
11278
11277
10107
10100
11276
11275
10093
10086
10085
10069
10052
10070
10053
10044
11274
11273
10037
10022
11272
11271
10007
10000
11270
6658
4719
6660
6665
6666
6683
6700
6701
6684
6702
6687
6688
6689
6706
6705
6722
6723
6739
6740
6741
6724
6707
6690
6673
6672
6671
6670
6669
6686
6685
6668
6667
4957
6655
6654
4718
6651
6634
6635
6636
4956
6637
6638
6639
6640
6641
6642
6643
6644
6645
6646
6647
6648
6649
6650
6633
6631
6629
6626
6623
4954
6607
4953
6606
6622
6621
6605
6604
6620
6619
6603
6602
6601
6618
6617
6616
6600
6599
6615
6614
6598
6597
6572
4952
6567
6562
4951
6558
6573
6574
6575
6576
6577
6578
6579
6580
6581
6582
6568
6563
6559
6560
6555
6556
6551
6546
6550
6554
6549
6545
6544
6543
6542
6541
6540
6539
6538
6537
6536
6535
6534
6553
6548
6533
6532
6531
4710
6547
4711
6552
4712
6557
4713
6566
6571
4714
6587
6592
6608
4715
6624
4716
6627
6628
6625
6609
6593
6588
6594
6610
6611
6595
6596
6613
6612
4955
6632
4717
6630
11265
11266
11267
9920
9910
9901
8015
9884
8014
9873
11264
11263
9857
9848
11262
11261
9839
9830
11260
11259
9822
9813
11258
11257
9804
9795
11256
11255
9786
9778
9777
9785
9794
9803
9802
9801
9810
9809
9800
9791
9792
9783
9782
9774
9775
9765
9767
9768
9754
9753
9740
9731
9732
11252
11253
9741
9755
9769
11254
6510
6504
4709
6498
4708
6492
6493
6487
6483
6466
6482
4707
6465
6448
6431
6415
6411
6406
6401
4706
6385
6386
6402
4939
6407
4941
6412
4942
6416
6417
6418
6419
6420
6421
6439
6440
6457
6456
6473
6472
6471
6454
6455
6438
6437
6436
6435
6452
6453
6470
6469
6468
6451
6434
6433
6432
6449
6450
6467
4946
4947
6499
6505
6511
4949
6527
6512
6513
6514
6515
6516
6517
6518
6519
6520
6521
6522
6523
6524
6528
6529
6525
6507
6506
6500
6494
6488
6484
6478
6477
6460
6442
6459
6476
6475
6474
6458
6441
6422
6423
6424
6425
6426
6427
6445
6444
6443
6461
6462
6479
6489
6490
6491
7456
7457
6497
6496
6495
6501
6502
6508
6509
6503
7458
7459
7460
4948
6526
7461
6530
4950
7462
7463
7464
7465
7466
6570
6565
6561
6564
6569
6584
6583
6589
6590
6591
6585
6586
7467
7468
7469
7470
7471
7472
7473
7474
3594
1991
3591
1990
3588
1989
3585
1988
3582
1987
3579
1986
3560
3556
1985
3552
1984
3548
1983
2213
3541
1982
3537
1981
3533
1980
3529
1979
2212
3522
3521
3517
3513
3509
3505
3501
1978
3482
3463
3444
7454
4943
6464
7455
4944
6481
6486
6485
4945
6480
6463
6446
6428
6413
6408
6403
6397
6396
6395
6394
6393
6392
6391
6390
6389
6388
6387
4938
6381
6380
4936
6364
6365
6366
6367
6368
6369
6370
6371
6372
6373
6374
6375
6359
6376
6382
6383
6398
6404
4940
6409
6414
6429
6447
6430
7453
7452
6410
6405
6399
6400
7451
7450
6378
4937
6384
6377
4935
6360
6361
7449
7448
6355
6354
6349
6348
6347
6353
6346
6345
6344
6343
6326
6327
6328
6329
6330
6331
6332
6315
6310
6292
6293
7444
7443
6287
4931
6270
7442
7441
6265
4929
6248
7440
7439
6242
4928
6225
7438
7437
6220
6215
7436
7435
6200
6195
7434
7433
6190
6185
7432
6180
7431
4925
7430
6171
6170
6169
6168
6167
6166
6165
6164
6163
6162
6161
6160
6159
6174
4924
6158
6152
6151
6157
6156
6173
6177
6178
6182
6183
6188
6187
6192
6193
6198
6204
6218
6217
6203
6197
6202
6216
4702
6201
6196
4701
6191
4700
6186
4699
6181
4698
6176
4697
6172
6155
6150
4696
6145
4695
6140
4694
6135
4693
6118
6101
4692
6083
6065
6066
6084
4922
6102
6120
6119
6136
6141
6146
6147
6142
6137
6121
6122
6123
6105
6088
6087
6104
6103
6086
6085
6067
6060
4920
6053
6037
6036
6059
6052
4691
6035
6029
4690
4918
6018
4689
6012
4688
6006
4687
6000
4686
5978
5972
5956
4685
5941
5942
5934
4684
5919
4683
5904
4682
5896
4681
5888
4680
5879
5870
5854
5843
4679
5833
5834
5835
5825
5808
5807
5824
5806
5795
5785
5774
5758
5748
5738
5721
5713
5706
5681
5682
5708
5715
5724
5740
5751
5741
5725
5742
4895
5752
4898
5761
5762
5763
5764
5765
5766
5767
5768
5779
5790
5800
5801
5791
4901
5780
5769
5753
5754
5744
5755
5770
5781
5792
5782
5771
4896
5745
5736
5735
5718
5717
5734
5743
4894
5733
5732
5731
5730
5729
5728
4893
5727
5726
5716
5709
5693
5692
4888
5683
5673
5663
5653
5652
5662
5672
5671
5661
5651
5641
11197
8777
8769
11196
8761
8752
8743
11195
11194
11193
8709
8717
7940
8734
8742
8751
8760
8759
8750
8741
8733
8716
8708
8700
8701
11192
8685
8684
8683
8682
7938
8699
8707
8706
8714
8715
8732
8740
7941
8731
8730
8729
8728
8727
8726
8725
8724
8739
8738
8722
8723
8713
8712
8705
8691
8673
8639
8624
8625
8601
8602
8552
8553
8554
8555
8538
8529
8521
8530
8522
8515
11181
11180
8506
8505
8514
8513
8512
8503
8504
8496
8495
8487
8479
8471
8463
8472
8473
8481
8480
8488
8489
8497
7927
11179
11178
11177
11176
8457
11175
11174
8427
8426
8419
8420
8404
8403
8402
8418
8401
8400
8399
8398
8414
8415
8416
8417
7919
8425
8432
8439
8440
8433
8434
8441
8456
8465
8464
8455
8454
8453
8452
8451
8450
8449
8448
8447
8446
7921
8445
7920
8444
7922
8460
7923
8468
7924
8476
8477
8469
8461
8462
8470
8478
8485
8486
8494
8502
8511
8520
8519
8527
8526
8518
8509
8510
8501
8493
8500
8492
7926
8484
8483
8482
7925
8475
8467
8459
8474
8466
8458
8442
8443
8435
7708
7707
8428
8421
7706
7918
8390
8389
8385
7705
8381
7704
8377
7703
8361
8362
8363
8364
8365
8378
8382
8386
8391
7917
8406
8423
8405
8422
8429
8436
8437
8438
8430
8431
8424
8407
8408
8409
8410
8411
8412
8413
8397
8396
8395
8394
8393
8392
8369
8368
8367
8366
8359
8356
7912
7911
7910
7909
7908
8309
8310
8292
8291
8285
8290
8308
8307
8289
8284
7700
8280
8277
8274
8259
7699
8255
8251
7698
8234
8230
7697
8226
8221
7696
8204
8187
8182
8178
8174
8159
7695
8155
7694
8152
8153
8156
8160
7893
8175
7895
8179
8183
8188
8189
7897
8176
8180
8184
8191
8192
8193
8194
8195
8196
8197
8198
8199
8200
8201
8218
8217
8216
8215
8214
8213
8212
8211
8210
8209
8223
8208
8190
8207
8206
8205
8222
7899
8227
8231
8237
8236
8235
7901
8260
7903
7905
7907
8275
8278
8281
8286
8293
8294
8295
8296
8297
8315
8314
8313
8312
8311
8326
8330
8334
8338
7913
8342
8343
8344
8345
8346
8347
8348
8349
8350
8351
8370
8371
8372
8373
8374
8375
8379
8383
8387
8388
8384
8380
8376
7916
8360
8357
8353
8352
8339
8340
8354
7914
7915
11170
11171
11172
11173
5271
5266
5250
5229
5225
4654
5226
5227
5223
5222
5221
4653
5218
11169
11168
8336
8335
8331
8332
11167
11166
8324
8328
8327
8323
8322
8321
8320
8319
8318
8317
8316
8298
8299
8300
8301
8302
8303
8304
8305
8306
8287
8282
8283
8288
11165
11164
8279
7906
7904
8272
8276
8273
8258
11163
11162
11161
11160
11159
8229
8233
7900
8250
8254
8253
8257
8271
8270
8269
8268
8267
8266
8265
8264
8263
8262
8261
7902
8256
8252
8238
8239
8240
8241
8242
8243
8244
8245
8246
8247
8248
8249
8232
8228
8224
8225
11158
11157
7898
8220
8219
8202
8203
8185
8186
11156
11155
8181
7896
8177
8173
11154
8158
8172
7894
8171
8170
8169
8168
8167
8166
8165
8164
8163
8162
8161
7892
8157
8154
7890
8151
7888
7886
7887
8136
8137
8138
8139
8140
8141
8142
8143
8144
8145
8146
8147
7891
7889
8148
11153
4643
4644
4645
5014
4646
4647
4648
4859
5035
5036
4860
4861
5037
5038
5039
5040
5041
5042
5043
5044
5045
5046
5047
5048
5049
5050
5051
5034
7349
7350
7351
7352
7353
7354
7355
1889
2385
1890
2388
1891
2391
1892
2394
1893
2397
1894
2400
1895
2403
1896
2406
1897
2155
2409
7361
7360
7359
7358
7357
7356
5119
5118
5117
5100
5099
5116
5115
5098
5081
5082
5083
5084
5101
5102
5085
5068
5067
5066
5065
5064
5063
5062
5061
5078
5079
5080
5097
5114
5113
5096
5095
5112
5111
5094
5093
5110
5135
5134
5133
5132
5131
5130
5129
5128
5148
5149
5150
5151
5169
5168
5167
5166
5165
5181
4864
5164
5146
5147
5142
5127
5124
5123
5122
4862
5106
5089
5090
5107
5108
5109
5091
5092
5075
5076
5077
5060
5059
5058
5057
5056
5074
5073
5072
5055
5054
5071
5088
5105
5104
5087
5070
5053
5052
5069
5086
5103
5121
5120
4649
4650
4651
5126
5125
4652
5145
5163
5184
5201
5202
5185
5186
5203
4865
5219
5204
5187
5188
5205
5206
5189
5190
5207
5208
5191
5171
5170
5152
5153
5154
5172
5173
5174
5175
5176
5158
5157
5156
5155
5136
5137
5138
5139
5140
4863
5141
5143
5144
5162
5161
5160
5159
5177
5198
5197
5196
5195
5194
5193
5192
5209
5210
5211
5212
5213
5214
5215
5216
5220
5224
5217
5200
5199
5182
5178
5179
5180
5183
7362
7363
7364
7365
7366
7367
7368
7369
5249
5265
5264
4870
5270
4872
4874
7370
5296
5295
5290
5275
5269
5274
4873
5289
5294
5300
5301
5302
7371
7372
7373
7374
5342
5341
5336
5319
5318
5317
5316
5299
5293
5288
5287
5286
5285
5284
5283
5282
5281
5280
5279
5273
5268
4868
5252
5253
5254
5255
5256
5257
5258
5259
5260
5261
5262
5263
5248
5245
5228
5244
5243
5242
5241
5240
5239
5238
5237
5236
5235
5234
5233
5232
5231
5230
4866
5246
5247
4867
5251
4869
5267
4871
5272
5278
5277
5276
4655
4656
5303
5304
5305
5297
5291
5292
5298
5308
5325
5326
5327
5309
5310
5311
5328
5329
5312
5313
5330
5331
5314
5315
5332
5339
5333
5334
5335
5340
5358
5375
5382
5374
5357
5356
5355
5354
5353
5352
5351
5368
5369
5370
5371
5372
5373
5381
5387
5394
5401
5408
5415
5421
5428
5445
5452
5444
5443
5442
5441
5440
5439
5438
5437
5436
5435
5451
5450
5449
5433
5434
5427
5426
5425
5418
4877
5412
5405
5398
5391
5384
4876
5378
5379
5380
5385
5392
5399
5406
5413
5419
5420
5414
5407
5400
5393
5386
4875
5365
5366
5367
5350
5349
5348
5347
5364
5363
5362
5345
5346
5324
5307
5306
5323
5338
5337
5322
5321
5320
4657
5343
5344
5361
5360
5377
4658
5390
4659
5397
4660
5404
4661
5411
4662
5424
5432
5431
4663
5448
5456
5473
5474
5457
5458
5475
4880
5483
5493
5494
5484
5495
5496
4882
5506
4883
5516
5517
5533
5534
5535
5536
5537
5538
5539
5549
5559
5569
5579
5580
5590
5591
5601
5612
5629
5611
5610
5600
5589
5599
5609
5626
5635
5625
5624
5623
5622
5621
5620
5619
5634
5644
5654
5664
5674
5684
5694
5695
5696
5697
5698
5699
5700
5701
5710
5711
5719
5712
5705
4890
5704
5703
5702
5685
5686
5676
5675
5665
5655
5645
5656
5666
5667
5657
5647
5646
5636
5627
5628
5637
5638
5648
5658
5668
5678
5677
4887
5687
5688
5679
7402
5669
7401
7400
5659
5649
7399
7398
5639
5630
5613
7397
7396
5603
5602
5592
5593
7395
7394
7393
7392
7391
5553
5552
5561
5571
5572
5562
5563
5573
5583
5582
5581
5570
5560
5550
5551
5541
5542
5543
5527
5511
7390
7389
5501
5500
5489
5480
5479
5488
4881
5487
5497
5498
5499
5509
5510
5526
5525
5540
5524
5508
5507
5523
5522
5521
5520
5519
5518
5486
5485
5477
5476
5459
5460
5461
5462
4879
5463
5464
5465
5466
5467
5468
5478
5469
5470
5453
5446
5447
5429
5430
5423
5417
5410
5422
5416
5409
5403
5402
5395
5388
5396
5389
5383
5376
5359
7375
7376
7377
7378
7379
7380
7381
7382
7383
7384
7385
7386
5455
5454
4878
5471
5472
5481
5490
7388
7387
2568
1921
2557
1920
2551
1919
2545
1918
2526
2527
2528
2546
2552
2558
2162
2563
2569
2163
2583
2590
2598
2165
2605
2612
2166
2619
2625
2618
2611
2604
2596
2597
2589
2164
2582
2576
2575
2574
1922
2581
2588
1923
2595
2603
1924
2610
2617
1925
2624
1926
2630
2631
2636
2635
2640
2641
2642
2643
2168
2644
2645
2646
2664
2665
2684
2683
2702
2721
2720
2701
2682
2663
2662
2661
2660
2659
2678
2679
2680
2681
2700
2719
2174
2718
2699
2698
2697
2716
2717
2736
2735
1927
2741
2742
2748
2747
1928
2766
1929
2771
1930
2776
1931
2781
1932
2786
1933
2791
1934
2796
2801
1935
2807
2815
2814
7404
7403
5720
4892
5737
5747
5746
5756
5757
5773
5772
5783
5793
5794
5784
7405
7406
5805
7407
7408
7409
7410
2915
1941
2910
1940
2905
1939
2900
1938
2882
2876
1937
2857
2852
1936
2833
2834
2835
2816
2817
2836
2837
2818
2819
2838
2839
2840
2841
2842
2843
2844
2869
2868
2867
2866
2865
2864
2863
2862
2861
2860
2885
2886
2887
2888
2889
2890
2891
2892
2893
2894
2895
2896
2897
2908
2913
2918
2923
2927
2928
4346
4345
2924
2919
4344
4343
2914
2909
4342
4341
2904
2903
2898
2181
2879
2873
2872
2871
2870
2845
2846
2847
2848
2829
2828
2827
2826
2825
2824
2823
2822
2821
2820
2177
2809
2808
2802
2797
2792
2787
2782
2777
2772
2767
2749
2750
2751
2752
2753
2754
2755
2756
2757
2758
2759
2760
2761
2727
2708
2709
2728
2729
2730
2731
2712
2693
2674
2673
2692
2711
2710
2691
2671
2690
2689
2670
2669
2688
2707
2726
2725
2724
2723
2722
2703
2704
2705
2706
2687
2668
2667
2686
2685
2666
2647
2648
2649
2650
2651
2652
2653
2672
2654
2655
2656
2637
2638
2657
2676
2675
2694
2695
2172
2713
2173
2732
2733
2739
2745
2764
2744
2738
2737
2743
2763
2762
2768
2769
2774
2773
2778
2779
2784
2783
2788
2789
2794
2793
2798
2803
2804
2805
2812
2178
2831
2850
2811
2810
2830
2849
2855
2874
2880
2881
2899
4340
4339
4338
2875
2180
2856
4337
4336
2851
2179
2832
4335
2813
4334
4333
2806
2800
2799
2176
2795
4332
4331
2790
2785
4330
4329
2780
2775
4328
4327
2770
2765
2175
2746
4326
4325
4324
2740
2734
4323
4322
2715
2714
2696
2171
2677
2170
2658
2169
4321
4320
4319
4318
2639
2634
2167
2628
2627
2633
2632
2626
2620
2621
2622
2623
2629
4317
4316
4315
2616
2615
2608
2607
2614
2613
2606
2599
2591
2592
2600
2601
2609
4314
4313
2602
2594
4312
4311
2587
2580
4310
4309
2573
2567
4308
4307
2562
2561
2566
2572
2579
2586
2593
2585
2584
2578
2577
2570
2571
2565
2564
2559
2553
2547
2541
2540
2539
2538
2537
2536
2535
2534
2533
2532
2531
2530
2529
2560
2554
2548
2542
2161
2523
2543
2549
2555
2556
4306
4305
2550
2544
4304
4303
2525
2524
2520
2521
2503
2500
2504
4302
4301
2501
2498
4300
4299
2495
2492
4298
4297
2489
2486
4296
4295
2483
2479
2476
2477
2480
4294
4293
4292
2474
2473
2470
2471
4291
4290
2468
2465
4289
4288
2462
2461
2460
2463
2464
2467
2466
2469
2472
2475
2478
2481
2482
2485
2484
2487
2488
2491
2490
2493
2494
2497
2496
2499
2502
2519
2518
2517
2516
2515
2514
2513
2512
2511
2510
2509
2508
2507
2506
2505
2159
2522
2160
1917
1916
1915
1914
1913
1912
1911
1910
1909
1908
1907
1906
1905
1904
1903
1902
1901
1900
1899
1898
2433
2414
2415
2434
2435
2436
2416
2417
2418
2419
2437
2438
2439
2420
2421
2422
2423
2440
2441
2442
2443
2424
2425
2444
2445
2426
2427
2446
2447
2428
2429
2430
2448
2449
2431
2450
2452
2454
2455
2456
2158
2458
2459
2457
4287
4286
2453
4285
4284
2451
2157
2432
2156
4283
4282
2413
2412
2410
2411
4281
4280
2408
2407
2404
2405
4279
4278
2402
2401
2398
2399
4277
4276
2396
2395
2392
2393
4275
4274
2390
2389
2386
2387
4273
2384
2365
4272
4271
2363
2361
4270
4269
2359
2358
2360
2362
2364
2383
2382
2381
2380
2379
2378
2377
2376
2375
2374
2373
2372
2371
2370
2369
2368
2367
2366
1888
1887
1886
1885
1884
1883
1882
1881
1880
1879
1878
1877
2154
2339
1876
2336
1875
2333
1874
2331
1873
2329
1872
2327
1871
2325
1870
2323
1869
2321
1868
2319
1867
2317
1866
2315
1865
2313
1864
2311
1863
2309
1862
2307
1861
2305
1860
2303
1859
2301
1858
2300
1857
2299
1856
2298
1855
2297
1854
2296
1853
2295
1852
2294
1851
2293
1850
2292
1849
2291
1848
2290
1847
2289
1846
2288
1845
2269
2267
1844
2265
1843
2270
2271
2272
2273
2274
2275
2276
2277
2278
2279
2280
2281
2282
2283
2284
2285
2286
2287
2263
2262
2261
2260
2259
2258
2257
2256
2255
2254
2253
2252
2251
2250
2249
2248
2247
2246
1842
1841
1840
1839
1838
1837
1836
1835
1834
1833
1832
1831
1830
1829
1828
1827
1826
1825
1824
7288
7289
7290
7291
7292
7293
7294
7295
7296
7297
7298
7299
7300
7301
7302
7303
7304
7305
7306
7307
7308
4979
4980
4981
4982
4983
4984
4985
4986
4987
4988
4989
4990
4991
4992
4993
4994
4995
7309
7310
7311
7312
7313
7314
7315
7316
7317
7318
7319
7320
7321
7322
7323
7324
7325
7326
7327
7328
7329
7330
7331
7332
7333
7334
7335
7336
7337
7338
7339
7340
5010
5011
5012
5013
7341
7342
7343
7344
7345
7346
7347
7348
5033
5032
5031
5030
5029
5028
5027
5026
5025
5024
5023
5022
5021
5020
5019
5018
5017
5016
5015
5009
5008
5007
5006
5005
5004
5003
5002
5001
5000
4999
4998
4997
4642
4996
4641
4640
4639
4638
4637
4636
4635
4634
4633
4632
4631
4630
4629
4628
4627
4626
4625
4624
4623
4622
4621
4620
4619
4618
4617
4616
4615
4614
4613
4612
4611
4610
4978
4609
4608
4607
4606
4605
4604
4603
4602
4601
4600
4599
4598
4597
4596
4595
4594
4593
4592
4591
4590
4589
11100
11101
11102
11103
11104
11105
11106
11107
11108
11109
11110
11111
11112
11113
11114
11115
11116
11117
11118
11119
11120
8067
8068
8069
8070
8071
8072
8073
8074
8075
8076
8077
8078
8079
8080
8081
8082
11121
11122
11123
11124
11125
11126
11127
11128
11129
11130
11131
11132
11133
11134
11135
11136
11137
11138
11139
11140
11141
11142
11143
11144
11145
11146
11147
11148
11149
11150
11151
11152
8132
8131
8130
8129
8128
8127
8126
8125
8124
8123
8122
8121
8120
8119
8118
8117
8116
8135
8150
8149
8134
8133
7693
8115
8114
7692
8113
7691
8112
7690
8111
7689
8110
7688
8109
7687
8108
7686
8107
7685
8106
7684
8105
7683
8104
7682
8103
7681
8102
7680
8101
7679
8100
7678
8099
7677
8098
7676
8097
7675
8096
7674
8095
7673
8094
7672
8093
7671
8092
7670
8091
7669
8090
7668
8089
7667
8088
7666
8087
7665
8086
7664
8085
7663
8084
7662
8083
7661
8066
7660
7659
7658
7657
7656
7655
7654
7653
7652
7651
7650
7649
7648
7647
7646
7645
7644
7643
7642
7641
7640
7639
15233
15234
15235
15236
15237
15238
15239
15240
15241
15242
15243
15244
15245
15246
15247
15248
15249
15250
15251
15252
15253
15254
15255
15256
15257
15258
15259
15260
15261
15262
15263
15264
15265
15266
15267
15268
15269
15270
15271
15272
15273
15274
15275
15276
15277
15278
11894
11892
11891
11890
11889
11888
11887
11886
11885
11884
11896
15279
15280
11898
11899
15281
15282
11901
11903
15283
15284
11905
11907
15285
15286
11909
11927
11926
11925
11924
11923
11922
11921
11920
11919
11918
11917
11916
11915
11914
11644
11913
11912
11911
11929
11645
11932
11936
11935
11939
11940
11944
11943
11648
11958
11974
11980
11987
12004
11651
12011
11652
12018
12025
12034
12042
12043
12035
12026
12019
12012
11988
11989
11649
12005
11990
11981
11975
11960
11959
11945
11961
11646
11647
11946
11947
11964
11965
11948
11949
11966
11967
11950
11951
11952
11953
11954
11955
11937
11933
11930
15287
15288
15289
15290
11941
11956
11972
15291
11978
11984
15292
15293
12009
15294
11653
15295
12032
12031
12023
12016
12008
12007
12015
12022
11997
11998
11999
11650
12000
12001
11983
11977
11971
11970
11969
11968
11996
11995
11994
11993
11992
11963
11962
11976
11982
11991
12006
12014
12021
12029
12037
11654
12028
12020
12013
12027
12036
12044
12060
12061
11658
12045
12046
12062
12047
12048
12049
12050
12051
12052
12053
12054
12063
12055
11655
12030
12038
12056
11656
12039
12040
15296
12057
11657
15297
12073
12072
12065
12064
12071
12087
11659
12070
12086
12101
12102
12103
12104
12121
12127
12135
12136
12128
12129
12122
11661
12105
11660
12088
15298
15299
15300
15301
12137
12155
12164
12163
12154
12153
12152
12134
12126
12120
12119
12118
12117
12116
12115
12114
12097
12098
12099
12100
12085
12084
12083
12082
12081
12080
12069
12079
12094
12095
12096
12113
12112
12111
12125
12133
12146
12145
12144
12160
11664
12143
12142
12141
11663
12110
12109
12092
12093
12078
12077
12076
12068
12067
12075
12091
12090
12089
12074
12066
12059
12058
11480
12041
12033
12024
11479
12017
12010
12002
12003
11986
11985
11979
11478
11973
11477
11957
11476
11942
11938
11475
11934
11474
11931
11928
11910
11908
11473
11906
11472
11904
11471
11902
11470
11900
11469
11643
11897
11468
11895
11467
11893
11466
11876
11877
11878
11879
11880
11881
11882
11883
11642
11465
11464
11463
11462
11461
11460
11459
11458
11457
11456
11455
11454
11453
11452
11451
11450
11449
11448
11447
11446
11641
11875
11445
11874
11444
11873
11443
11872
11442
11871
11441
11870
11440
11869
11439
11868
11438
11867
11437
11866
11436
11865
11435
11864
11434
11863
11433
11862
11432
11861
11431
11860
11430
11859
11429
11858
11428
11857
11427
11856
11426
11855
11425
11854
11424
20236
20237
20238
20239
20240
20241
20242
20243
20244
20245
20246
20247
20248
20249
20250
20251
20252
20253
20254
20255
20256
20257
16082
20258
20259
20260
20261
20262
20263
20264
20265
20266
20267
20268
20269
20270
16081
16080
16079
16078
16077
16076
16075
16074
16073
16072
16071
16070
16069
16068
16067
16064
16063
15550
15549
16061
16062
16060
16058
16056
16055
16057
16059
15548
15547
15546
15545
15544
15543
15542
16047
16049
16051
16053
16054
16052
16050
16048
16046
16045
15541
15540
16043
16044
16042
16040
16038
16036
16034
16032
16030
16029
16031
16033
16035
16037
16039
16041
15539
15538
15537
15536
15535
15534
15533
15532
16027
16028
16026
16024
16022
16021
16023
16025
15531
15530
15529
25141
25142
25143
25144
25145
25146
25147
25148
25149
25150
25151
25152
25153
25154
25155
25156
25157
25158
25159
25160
25161
25162
16065
15551
16066
16083
15552
16085
16084
16086
16088
16090
16089
16087
15553
15554
15555
15556
15557
16095
16093
16091
16092
16094
16096
16098
16100
16102
16101
16099
16097
15558
15559
15560
15561
16103
16104
16106
16105
15562
15563
15564
15565
15566
16113
16111
16109
16107
16108
16110
16112
16114
16116
16115
15567
15568
16117
16118
16120
16122
16119
15569
15570
16121
15751
16123
16124
16127
16130
16129
16126
15571
16125
15572
16128
15573
16131
16132
16133
16136
16138
16141
16144
16143
16146
16147
15754
16151
16152
16153
16154
16155
16156
16157
16158
16159
16160
16161
16162
16163
16164
16148
20285
15753
20284
20283
20282
20281
20280
20279
20278
20277
20276
20275
20274
20273
20272
20271
20286
16168
16172
16190
16189
16171
15756
16188
16187
16186
16185
16184
16183
16182
16181
16180
16179
16178
16177
16170
16167
15755
16174
16208
16209
16192
15757
16175
16176
16193
16194
16195
16196
16197
16198
16199
16200
16201
16202
16203
15759
16220
16226
16232
16233
16227
16221
16215
16210
16204
16205
15758
16206
16211
16216
20287
16222
15760
16228
16234
15761
15762
16240
16247
20288
20289
16254
16261
20290
20291
16268
16274
15763
16267
16260
16259
16252
16253
16246
16245
16239
16238
16244
16251
16258
16265
16266
16273
16272
16278
16279
16284
16285
16300
16301
16302
16286
16280
20292
20293
20294
16309
15766
20295
16322
16329
20296
20297
16336
16353
16354
16370
16388
16405
16404
15769
16415
16432
16431
16430
16439
16438
16447
16446
16437
15772
16427
16426
16425
16424
16423
16422
16421
15771
16420
15770
16410
16419
16436
16435
16418
16417
16416
15599
16406
15598
16407
16408
16409
16391
16374
16375
16392
16393
16376
16360
16359
16341
16342
16343
16344
16362
16361
16377
16394
16395
16378
16379
16363
16345
16346
16347
16364
16365
16381
16380
16396
16397
16398
16399
16382
16366
16348
16349
16350
15767
16367
16385
16402
16401
16384
16383
16400
16411
16412
16428
16429
16413
16414
16403
16386
16387
16369
16368
16352
16351
16334
16335
16328
16327
16320
16321
16315
16308
16314
16307
16299
16298
16297
16296
16295
16294
16293
16292
16291
16290
15764
15765
16306
16313
16312
16283
16277
16271
16264
16257
16250
16243
16237
16231
16225
16219
16214
16213
16218
16224
16230
16236
16242
16249
16256
16263
16270
16276
16282
16289
16288
16304
16305
16311
16317
16324
16325
16318
16319
16326
16333
16332
16331
16339
16340
16358
16357
16373
16390
15768
16389
15597
16371
16372
16356
16338
16355
16337
16330
15596
16323
15595
16316
15594
16310
15593
16303
16287
16281
15592
16275
15591
16269
15590
16262
15589
16255
15588
16248
15587
16241
15586
16235
15585
16229
15584
16223
15583
16217
15582
16212
15581
16207
15580
16191
15579
16173
16169
16165
15578
16149
16166
16150
16145
15577
16142
15576
16139
15575
16140
16137
15752
16135
15574
16134
25188
21130
21123
25187
25186
25185
25184
21096
21103
21110
21117
21116
21122
21121
21115
21108
21109
21102
21101
20722
21095
21090
21091
25183
25182
25181
25180
25179
25178
25177
25176
25175
20718
25174
25173
25172
25171
25170
25169
25168
25167
25166
25165
25164
25163
21026
21025
21024
21023
21022
21021
21020
21019
21018
21017
21016
21015
21014
21013
21012
21011
21010
21027
20524
21009
21008
20523
20522
21007
21006
20521
20520
21005
21004
20519
20518
21003
21002
20517
20516
21001
21000
20515
20514
20999
20998
20513
20512
20997
20996
20511
20510
20995
20994
20509
20508
20993
20992
20507
20506
20991
20990
20505
20504
20989
20988
20503
20987
20502
30038
30039
30040
30041
30042
30043
30044
30045
30046
30047
30048
30049
30050
30051
30052
30053
30054
30055
30056
30057
30058
30059
25905
25904
25906
25907
25908
25910
25912
25914
25916
25600
25931
25934
25937
25940
25601
25956
25973
25989
30072
30071
30070
30069
30068
30067
30066
30065
30064
30063
30062
30061
30060
20525
21028
21029
20526
20527
21030
21031
20528
20529
21032
21033
20530
20531
21034
21035
20532
20533
21036
21037
20534
20535
21038
21039
20536
21055
21040
21041
21042
21043
21044
21045
21046
21047
21048
21049
21050
21051
21052
21053
21054
21056
21058
21060
21064
21067
21070
21087
21086
21085
21084
21083
21082
21081
21080
21079
21078
21077
21076
21075
20721
21094
21089
21074
21073
21088
20720
21072
21071
20540
21068
21065
20539
21061
21062
21063
21069
21066
20719
21059
21057
20537
20538
30075
26069
26064
30074
26059
26044
26058
26063
26062
26067
26068
26074
26075
30076
30077
26081
26087
30078
30079
26093
26098
30080
30081
26104
26110
30082
30083
30084
26116
25609
26133
26138
26137
25610
26132
26131
26113
26114
26115
26109
26108
26107
26101
26102
26103
26097
26092
26086
26085
26091
26096
26095
26090
26084
26078
26079
26080
26073
26072
26066
26061
26057
26043
26026
26025
26042
26041
26056
26055
26054
26039
26040
26024
26019
26002
26003
26020
26021
26027
30073
26022
26005
26004
25988
25987
25986
25985
26000
26001
26018
26017
26016
25999
25983
25984
25969
25968
25967
25966
25981
25982
25998
25997
26014
26015
26037
26038
26053
26052
26051
26036
26035
26050
26049
26048
26047
26032
26033
26034
26013
25996
25980
25965
25964
25978
25979
25995
26012
26011
26010
26009
25992
25993
25994
25977
25976
25975
25991
26008
26023
26030
26031
26046
26045
25605
26029
25423
26028
25422
25421
25990
26006
26007
25604
25603
25959
25974
25602
25958
25942
25943
25944
25960
25961
25945
25946
25962
25963
25947
25948
25949
25950
25951
25952
25953
25954
25970
25971
25972
25955
25939
25936
25933
25930
25929
25928
25927
25926
25925
25924
25923
25922
25921
25920
25919
25918
25915
25913
25911
25599
25890
25891
25892
25893
25894
25895
25896
25897
25898
25899
25900
25901
25902
25903
25887
25886
25885
25884
25883
25882
25881
25880
25879
25878
25877
25876
25875
25874
25873
25872
25871
25870
25869
25868
25867
25866
25403
25402
25401
25400
25399
25398
25397
25396
25395
25394
25393
25392
25391
25390
35170
30754
35171
30756
30758
35172
35173
30760
30762
35174
35175
30764
30766
35176
35177
30768
30770
35178
35179
30772
30774
35180
35181
30776
30778
35182
35183
30780
30782
35184
35185
30784
30786
30788
30790
30792
30794
35191
35190
35189
35188
35187
35186
25404
25405
25406
25407
25408
25409
25410
25411
25889
25888
25412
25413
25414
25909
25415
25416
25417
25917
25418
25932
25935
25419
25420
25938
25941
25957
35195
35196
35197
30499
30500
30969
30964
30959
30498
30942
30497
30925
30920
35194
30496
30494
30492
35193
30899
30883
30898
30882
30865
30866
35192
30484
30483
30827
30811
30810
30793
30791
30789
30787
30785
30783
30781
30779
30777
30775
30773
30771
30769
30767
30765
30763
30761
30759
30757
30755
30753
30289
30290
30291
30292
30293
30294
30295
30296
30297
30298
30299
30300
30301
30302
30303
30304
30305
30306
30307
30308
30309
30795
30310
30482
30796
30797
30798
30813
30812
30830
30831
30832
30833
30834
30835
30815
30814
30799
30800
30801
30816
30817
30802
30803
30818
30836
30819
30804
30820
30805
30806
30807
30822
30821
30837
30838
30839
30840
30841
30823
30808
30809
30824
30842
30843
30825
30826
30844
30846
30848
30850
30864
30863
30862
30861
30879
30895
30896
30880
30881
30897
30903
30907
30911
30915
30919
30924
30941
30940
30939
30938
30893
30894
30878
30877
30860
30859
30858
30857
30874
30875
30876
30892
30891
30890
30889
30888
30872
30873
30856
30855
30854
30871
30887
30886
30489
30487
30870
30853
30486
30869
30885
30901
30902
30906
30910
30905
30909
30908
30493
30904
30491
30900
30490
30884
30488
30868
30867
30313
30851
30852
30849
30485
30847
30845
30829
30828
30311
30312
40625
35615
35616
40626
35617
35618
36075
40627
40628
40629
40630
40631
36090
36086
36083
36080
36078
36074
36073
36072
36071
36070
36069
36068
36067
36051
36035
36019
36004
36020
36021
36037
36036
36052
36053
36054
36038
36039
36055
36056
36040
36024
36025
36041
36057
36058
36042
36026
36010
35994
35993
36009
35992
36008
36023
36022
36007
35991
35990
36006
36005
35989
35988
35987
36003
36002
35986
35985
35984
36000
36001
36018
36034
36050
36066
36065
36064
36047
36063
35619
36061
36062
36046
36045
36029
36030
36031
36032
36048
36049
36033
36017
36016
36015
35999
35983
35982
35998
36014
36013
36012
36028
36044
36060
36077
36076
35435
36059
36043
36027
36011
35995
35996
35997
35981
35980
35979
35977
35974
35434
35956
35953
35433
35936
35934
35432
35917
35918
35609
35431
35430
35429
35428
35427
35426
35425
35424
35423
35422
35421
35420
35419
35418
35417
35416
46145
46146
46147
46148
46149
46150
41335
41334
41333
41332
41331
41330
41329
41328
41327
41326
41325
41324
41323
41322
41321
41320
41319
41318
40845
40846
40996
40997
40847
40848
40998
40999
41000
41001
40849
40850
40851
41347
41002
41365
41003
41385
41386
41387
41388
41389
41400
41399
41398
41397
41396
41384
41383
41005
41395
41411
40854
40855
41414
41006
41417
41420
41008
41423
41009
41427
41010
41431
41011
41435
41436
41441
41447
41446
41463
41462
41445
41440
40856
41439
41444
41461
40857
41478
41479
41480
41464
41465
41448
41449
41450
41451
41452
41453
41454
41455
41472
41471
41470
41469
41468
41467
41466
41485
41014
41484
41490
41489
40858
41505
41016
41512
41513
41506
41491
41492
41493
41494
41495
41496
41497
41498
41499
41500
41501
41507
41514
41522
41529
41546
41545
41560
41544
41543
41542
41541
41540
41556
41555
41539
41017
41521
41520
40859
41519
41527
41528
41535
41534
41551
40860
41552
41553
41536
41537
41538
41554
41570
41571
41572
41557
41573
41574
41558
41559
41575
41576
41577
41561
41562
41563
41547
41548
41550
41566
46180
46176
41526
41530
41523
41515
41516
41517
41518
46175
46174
41511
41504
41488
46173
41483
41477
41476
41460
41459
41458
41475
41013
41482
41487
41015
41503
41510
41509
41508
41502
41486
41481
41473
41474
41457
41456
41442
41437
41433
41429
41425
41421
41418
41415
41412
41405
41406
41407
41408
41409
41004
41376
41375
41358
41359
41360
41377
41378
41361
41362
41379
41380
41382
46162
46163
41394
41410
41413
46164
46165
41416
41419
46166
46167
41422
41426
46168
46169
41430
41434
46170
46171
41438
41012
41443
46172
36079
36082
36081
35436
35437
36084
35620
36087
36085
36088
36093
36098
36103
35623
36092
35438
36091
36097
35624
36102
35625
36107
35627
36111
35629
36115
35631
36120
35439
36135
35633
36142
36143
36151
36158
36165
36164
36157
36150
35440
36149
35441
36156
35442
36163
35443
36170
36171
35635
36177
36172
36178
36185
36184
35444
36183
36190
35445
36196
36202
35446
36218
36224
35447
36240
36248
36265
36282
35448
36290
35449
36299
35450
36308
35451
36318
36319
36320
36321
36331
36332
36333
36350
36334
36335
36352
36351
35642
36377
36387
36397
36398
36399
36400
36401
36402
36403
36404
36405
36388
36378
36379
36368
36369
36360
36361
36344
36326
36327
40650
40649
36317
36316
36315
36314
36324
36325
36343
36359
36342
36341
36323
36313
36304
36305
36306
36297
36288
35641
36307
36298
40648
36289
40647
40646
40645
40644
36247
36239
36238
36237
35639
36222
36216
36215
36214
36213
36212
36211
36210
36209
36208
36207
36229
36230
36231
36232
36233
36234
36235
36236
36244
36245
36262
36246
36263
36264
36281
36280
36279
36287
36296
36295
36286
36278
36261
36260
36277
36276
36259
36258
36257
36256
36255
36254
36253
36252
36243
36228
36221
36206
36199
36198
36205
36204
36220
36226
36227
36242
36251
36285
36294
36267
36283
36266
36249
36250
36241
36225
36219
36203
36197
36191
36192
35636
36186
36179
36173
36166
36159
36152
36144
36137
36136
36121
36116
36112
36108
35632
36122
36123
36124
36125
36126
36127
36128
36129
36130
36131
36138
36139
36132
36133
36118
36117
36113
36114
36110
36109
36104
36105
36100
36099
36094
35622
35621
36089
36095
36096
36101
40632
40633
36106
35626
35628
35630
36119
36134
36141
40634
40635
36148
36140
36147
36155
40636
40637
40638
36176
36175
36168
36169
36162
36161
36154
35634
36146
36145
36153
36160
36167
36174
36180
36187
35637
36193
36200
36194
36188
36181
36182
40639
40640
36189
36195
40641
36201
35638
36217
36223
40643
40642
31060
30324
31054
30323
31047
30322
31048
31055
31061
31067
31066
30325
31082
31087
31083
31084
31089
31088
31106
30326
31105
31111
31112
31107
31090
31091
31092
31093
31094
31095
31096
31097
31098
31099
31100
31085
31080
31079
31078
31077
31076
31075
31074
31073
31072
31071
31070
31069
31068
31062
31056
31049
31042
31041
30508
31035
31034
30321
31027
30320
31020
30319
31014
30318
31015
31021
31028
31036
31029
31022
31016
31010
31009
30506
30993
30992
30986
30987
30970
30971
30972
30988
30994
30995
30996
30997
30998
30999
31000
31001
31002
31003
31004
31005
31006
30989
30983
30982
30981
30980
30979
30978
30977
30976
30975
30503
30974
30973
30967
30966
30961
30962
30946
30929
30928
30945
30944
30960
30965
30317
30316
30943
30926
30927
30921
30315
30314
30916
30912
30495
30913
30914
30918
30917
30922
30923
30930
30947
30948
30949
30931
30932
30933
30950
30934
30951
30952
30935
30953
30936
30937
30954
30955
30956
30957
30958
30963
30968
30501
30984
30990
31007
30504
30502
30985
30991
30505
31008
35198
35199
31013
31019
30507
31018
31012
31011
31017
31023
31030
31037
31043
31050
31057
31063
31064
31065
30510
31081
31086
31103
31109
30511
31102
31101
31108
31125
31143
31126
31127
31144
31161
30513
31174
31190
31206
31223
31222
31205
30515
31189
30514
31173
31166
31167
31160
31159
31142
31124
31123
31122
31121
31138
31139
31140
31141
31158
31157
31156
31155
31154
31184
31185
31186
31202
31201
31200
31199
31183
31182
31198
31197
31181
31180
31179
31172
31165
31148
31149
31150
30512
31151
31134
31135
31152
31153
31136
31137
31120
31119
31118
31117
31116
31133
31132
31115
31114
31113
31130
31131
31147
31164
31171
31170
31163
31146
31129
31128
31145
31162
30327
31169
31176
31177
31178
31194
31210
30516
31226
31234
31242
31250
31266
31267
31275
31276
31268
31252
31251
31243
30520
31235
30518
31227
31212
31211
31195
31196
31213
31214
31215
31216
31217
31218
31219
31203
31187
31188
31204
31220
31221
31228
31229
31237
31236
31244
31245
31238
31230
31224
30517
30519
31239
31231
35214
35213
31207
31191
35212
35211
31175
31168
35210
35209
35208
31110
31104
35207
35206
35205
30509
31053
35204
35203
31046
31045
31052
31059
31058
31051
31044
31039
31038
31031
31024
31032
31025
31026
35200
35201
31033
31040
35202
26088
25427
26082
25426
26076
25425
26070
25424
26060
25606
25607
26065
26071
26077
26083
26089
25608
26094
26100
25428
26099
25429
26105
25430
26111
26117
25431
26134
26139
26157
26158
26159
26160
26161
26179
26196
26213
26214
26197
26180
26162
26163
26181
26198
26215
26216
26217
26201
26218
26219
26220
26221
26203
26186
26168
26169
26151
26150
26149
26148
26147
26165
26166
26167
26185
26202
26184
26183
26200
26199
26182
26164
26146
26145
26144
26143
26142
26141
26140
26135
26118
26112
26106
26119
26120
26121
26122
26123
26124
26125
26126
26127
26128
26129
26130
26136
26153
26152
26170
26188
26187
26204
26205
26222
26223
26206
26189
26171
26172
26154
26155
26173
26190
26207
26224
26228
26245
26249
26254
26255
26250
26251
26252
30090
30089
26247
26246
25614
26229
26230
30088
30087
26225
25613
26208
25612
26191
25611
26174
26156
30085
30086
20547
21200
20548
21203
20549
21206
21209
21212
21215
21218
20550
21221
21224
21222
21219
20731
21216
20730
21213
20729
21210
20728
21207
21204
21201
21198
21182
21181
21180
21197
20546
21179
21161
21145
21141
21136
20545
21131
21124
20544
21125
21132
21137
21146
21162
21163
21164
21148
21147
21142
20726
21138
21133
21126
21119
21118
20723
21112
21111
20543
21104
20542
21097
20541
21092
21093
21098
21105
21106
21099
21100
21107
21114
21113
21120
21127
20724
21151
21150
21149
21165
21183
21184
21166
21167
21185
21186
21168
21152
21153
21154
21170
21169
21187
21188
21189
21171
21155
21156
21172
21173
21190
21191
21192
21193
21194
21195
21177
21176
21175
21174
21157
21158
21159
20727
21143
21139
21134
21128
21129
20725
21135
25189
21140
21144
25190
25191
21160
21178
21196
21199
25192
25193
21202
21205
25194
25195
21208
21211
25196
25197
21214
21217
25198
25199
21220
21223
25200
25201
25202
25203
21259
21276
21275
20734
21279
21282
21283
25204
25205
25206
25207
21321
21325
25208
25209
21329
21345
21344
21328
21324
21320
21317
21300
21299
21316
21315
21298
21297
21314
21296
21313
21312
21311
21310
21309
21308
21291
21292
21293
21294
21295
21270
21271
21272
21273
21274
21256
21257
21240
21239
21238
21255
21254
21237
21236
21235
21234
21233
21250
21251
21252
21253
21269
21268
21267
21266
21265
21264
21263
21262
21261
20733
20732
21243
21244
21245
21246
21247
21248
21249
21232
21231
21230
21229
21228
21227
21226
21225
21242
21241
21258
20551
21260
20552
21277
20553
21278
21281
21280
21284
21285
21286
21287
21288
21289
21290
21307
21306
21305
21304
21303
21302
21319
21323
21327
20554
21301
21318
20555
21322
20556
21326
20557
21330
21331
21347
21346
20558
21364
21365
20736
21348
21349
21350
20735
21332
21333
21351
21352
21334
21335
21353
21354
21336
21337
21338
21339
21357
21374
21375
21393
21408
21407
21392
21391
21406
21405
21390
21404
21389
21372
21373
21356
21355
21371
21370
21369
21387
21388
21403
21402
21401
21400
21399
21385
21386
21368
21367
21366
21384
21383
21398
20738
21382
21381
20559
21397
20560
21414
21421
21415
21422
21423
21416
21417
20740
20741
21431
21432
21433
21434
21435
21436
21437
21438
21439
21440
21424
21418
21419
21411
21410
21409
21394
21376
21377
21360
21359
21358
21340
21341
21342
21343
21361
21362
21363
21380
21396
21413
21379
21378
20737
21395
21412
20739
21420
25210
21427
21443
21442
21426
21425
21441
20742
21448
21449
21450
25211
21456
21462
21461
21455
21460
20744
20746
21467
21468
20747
21477
21469
21470
21478
21495
21494
21493
21492
21476
21475
21491
21508
21509
21525
21534
21542
21559
21560
21543
20754
20752
21526
21510
21511
21512
21528
21527
21535
21536
21544
21561
21577
21576
21585
21575
20756
21558
21557
21541
21533
21524
21523
21522
21506
21507
21490
21489
21505
21488
21487
21504
21486
21503
21519
21520
21521
21554
21553
21552
21551
21550
21549
20755
21540
21532
20750
21500
21517
21518
21502
21485
21501
21484
21483
20749
21499
21482
21474
20745
21447
21446
21430
21429
20561
21428
20562
21444
20563
21451
21457
21458
21452
21445
21453
21454
20743
21459
21466
21465
21464
21463
20564
21471
21472
21473
21481
20748
21480
21497
21498
21515
21516
20751
21531
20753
21539
21548
21547
21564
21565
21566
21567
21568
21569
21570
21571
21572
21573
21555
21556
21574
21584
21594
21604
21613
21614
21615
21605
20757
21595
21596
21586
21587
25212
25213
21597
21607
21606
21616
21633
21632
21631
21641
21651
21661
21660
21650
21640
21630
21629
21628
21627
21626
21625
21624
21623
21612
21603
21593
21583
21582
21581
21580
21579
21589
21590
21591
21592
21602
21611
20759
21622
21639
21649
21659
21668
21678
20761
21687
21696
21695
21704
21705
21725
21726
21727
21745
21744
21743
21742
21724
21713
20765
21712
21722
21723
21741
21740
21739
21721
21711
21703
20763
21693
21685
21694
21686
21676
21677
21667
21666
21657
21658
21648
21638
21637
21647
21646
21636
21619
21620
21621
21610
21601
21600
21609
21608
20758
21599
21598
20571
21588
20570
21578
20569
21562
21563
21546
21545
20568
21537
21538
21530
21514
21529
21513
20567
21496
20566
21479
20565
25638
25637
26507
26501
26495
30103
30102
26489
25634
26488
26494
26500
25635
25636
26506
26523
26527
26528
26534
30104
30105
26540
26546
25639
26539
26533
26532
26538
26544
26545
26551
26550
26566
26565
26564
26549
26543
26537
26531
26526
26520
26521
26522
26505
26499
26493
26487
26471
26455
26450
26445
26446
26451
26456
26472
25633
25632
25631
30101
25630
26436
25629
26429
26430
30100
30099
26406
26405
26423
26422
26428
26435
26441
26440
26434
26427
26421
26420
26402
26401
26419
26426
26433
26418
26417
26416
26415
26414
26413
26412
26411
26410
26409
26408
26390
26389
26383
25440
26377
26370
25439
26363
25438
26357
25437
26340
26341
26358
26364
26371
26359
26365
26372
25627
26378
26384
26391
26392
26393
26394
26395
26396
26397
26398
26399
26400
26385
26379
26373
26366
26360
26352
26351
26350
26349
26348
26347
26346
26345
26344
26343
26342
26334
25623
26327
26320
26314
25620
26300
26301
26302
26303
26304
26305
26306
26307
26308
26309
26315
25621
26321
26322
26329
26336
26328
25622
25624
26335
26353
26354
26355
26362
26361
25625
26367
26374
25626
26380
26386
26403
26404
26387
26388
26381
26375
25628
26382
30098
26376
26368
26369
30097
30096
26339
26338
26356
26337
26330
26331
26332
26325
26318
30095
30094
30093
26297
26312
26324
26323
26317
26316
26311
26310
25619
26295
26296
26288
26289
26290
26291
26274
25617
30092
30091
26257
26256
26273
26272
26271
26287
26286
26285
26284
26283
26282
26281
26280
26279
26263
26264
26265
26266
26267
26268
26269
26270
26244
26243
26242
26241
26240
26239
26238
26237
26236
26235
26234
26227
26210
26211
26212
26195
26178
26194
26177
26176
26175
26193
26192
26209
25432
26226
26231
26232
26233
25615
25616
26260
25618
26261
26262
26278
26277
26294
26276
26259
26248
26253
26258
25433
26275
25434
26292
26293
26299
26298
26313
25435
26319
25436
26326
26333
30528
31319
31318
31317
30527
31309
31310
31311
31312
35217
35216
31304
30525
30524
31271
31270
31263
35215
31247
30521
31246
31262
30522
31261
30523
31269
31287
31303
31302
31286
31285
31301
31300
31284
31260
31259
31258
31257
31256
31255
31254
31253
31277
31293
31294
31278
31279
31295
31296
31280
31281
31297
31298
31282
31283
31299
31369
31368
31386
31387
31403
31404
31405
31421
31422
31423
31406
31390
31389
31388
31370
31371
31372
31356
31374
31358
31350
31332
31331
30529
31324
31325
31326
31333
31334
30530
31351
35218
35219
31359
31376
31375
30532
31392
35220
35221
35222
31426
31409
30533
31408
30534
31425
30535
31442
31443
30536
31460
35223
26447
25445
26442
25444
26437
25443
26431
25442
26424
25441
26407
26425
26432
26438
26443
26448
26453
25446
26452
26457
26473
25447
26490
25448
26496
25449
26502
26503
26497
26491
26475
26474
26458
26459
26460
26476
26461
26477
26478
26479
26480
26462
26463
26464
26465
26466
26481
26482
26483
26484
26468
26467
26439
26444
26449
26454
26469
26470
26486
26485
26492
26498
26504
26519
26518
26517
26516
26515
26514
26513
26512
26511
26510
26509
26508
25450
26524
25451
26529
25452
26535
25453
26541
25454
26547
25455
26554
35236
35237
35238
35239
35240
35241
31738
31737
31745
31752
31768
31785
31769
35242
35243
31787
31786
30560
31796
31805
31814
31813
31821
31820
31811
31812
31803
31804
31795
30562
31810
31802
31794
31784
31767
31766
31783
31782
31793
31792
31781
31780
31779
31778
31777
31760
31761
31762
31763
31749
31764
31765
31750
31751
31744
31743
31742
31720
31712
31705
31714
31722
31734
31735
31736
31723
31715
31708
31700
31692
31683
31684
35235
35234
35233
35232
30551
31642
31624
31625
35231
35230
31614
30550
31597
35229
35228
31587
31577
35227
35226
31562
30548
31545
31544
31534
31533
31532
31542
31543
31561
31576
31586
31596
31613
31612
31611
31595
31594
31610
31609
31608
31607
31606
31605
31604
31603
31602
31592
31582
31583
31568
31551
31552
31569
31570
31553
31554
31571
31572
31555
31573
31556
31557
31558
31574
31584
31585
31575
30549
31559
31560
31541
30547
30545
31531
31523
31516
31515
31514
31513
31512
31511
30546
30544
31510
31493
31494
31495
31496
31497
31498
31499
31500
31484
31483
31482
31481
31480
31479
31478
31477
31399
31398
31415
31414
31413
31430
31447
31446
31429
31444
31461
31469
31470
31472
31488
31505
31504
31503
31520
31519
31526
31527
31521
31528
31538
31537
31536
31546
31547
31548
31565
31580
31579
31564
31563
30334
31578
30335
31588
31598
30336
31615
31616
31599
31589
31590
31600
31601
31617
31645
31646
30552
31661
31659
36773
36772
36757
40673
36744
36743
36756
36755
36771
36787
36786
36753
36740
36724
36725
36709
36710
36698
36685
36668
36669
36656
36655
36642
36629
35655
36613
36600
36587
36574
36573
36572
36571
36558
36559
36560
36547
36546
36545
36531
36532
36533
36516
36499
36498
36515
36530
36514
36513
36529
36528
36512
36511
36527
36526
36510
36497
35653
36485
35652
36474
36473
36472
36484
36496
36509
36525
36583
36596
36609
36584
36585
36586
36641
36654
36667
36666
36653
36652
36665
35656
36683
36684
36697
36696
36708
35659
36695
36694
36707
36722
36723
36739
36738
36737
36721
36720
36719
36735
36736
36752
36766
36765
36764
35664
36778
36796
35667
36779
36780
36781
36782
36797
36814
36813
36812
36811
36825
36810
36809
36824
36823
36808
36795
36777
35666
36762
36763
36750
36751
36734
36718
36717
36733
36732
36749
36731
35663
35662
36730
36747
36760
36761
35665
36776
36793
36806
36805
36804
35669
36820
36832
36844
36856
36868
35670
36879
36891
36890
35468
36867
35467
36855
35466
36843
35465
36831
35464
36803
36790
36791
36792
36775
36759
36758
36774
46206
42228
42227
42226
42217
42218
42209
42208
42199
41072
42189
42190
42191
42200
42201
42210
42219
46205
46204
42192
46203
46202
42182
42181
42180
42179
42169
42170
42171
42160
42172
42161
46201
42149
42148
42134
42133
42132
42146
42147
42159
42158
41068
42157
42145
42144
42129
42128
42143
42142
42127
42126
42141
42140
42156
42168
42155
42139
41065
42123
42112
42113
41063
42124
42125
42114
41060
42097
42098
42099
42100
42101
42102
42103
42115
42130
42131
42116
42117
42104
42105
42118
42119
41061
42107
42106
42090
42091
46200
42079
42066
42078
42065
42053
42054
42042
42027
42026
42041
42052
42064
42077
42089
42088
42087
42086
42074
41056
42061
42062
42049
41052
42037
42022
42023
42024
42038
42050
42063
42075
42076
41054
42051
42039
42040
42025
42011
41993
41994
41048
41995
41977
41961
41952
46199
41941
41940
41951
41960
41045
41950
41939
41043
41042
41929
41919
41909
41910
41920
41930
41931
41921
46198
41911
46197
46196
41901
41900
41899
41040
41898
41882
41866
41832
41833
41822
41821
41809
41795
41780
41779
41778
41793
41794
41808
41807
41806
41792
41777
41776
41791
41805
41033
41790
41775
41774
41773
41772
41771
41786
41802
41817
41828
41827
41826
41837
41836
41853
41870
41886
41887
41903
41902
40872
41912
40873
41922
40874
41932
40875
41942
41943
41944
41945
41956
41044
41946
41936
41935
41934
41933
41923
41913
41904
41888
41889
41905
41915
41914
41924
41925
41926
41916
41906
41890
41873
41872
41871
41854
41855
41838
41829
41818
41803
41787
41788
41789
41032
41804
41034
41819
41820
41831
41035
41830
41842
41843
41860
41844
41845
41861
41878
41877
41876
41859
41858
41841
41840
41839
41856
41857
41874
41875
41891
41892
41041
41907
41908
41918
41928
41938
41937
41947
41957
41968
41984
41983
42002
42001
42000
42016
41050
42031
42046
42058
41053
42045
42030
42015
41999
41998
41980
41981
41982
41967
41966
41965
41964
41955
41954
41963
41979
41997
42013
42014
41049
42029
41051
42044
42068
42067
42080
42092
42108
42109
42110
42111
42122
41062
42121
41064
42136
41066
42151
42164
42165
42152
42137
42138
42153
42154
41067
42166
42167
42177
42178
42188
42198
42197
42187
42176
42186
42196
42206
42207
42216
42225
42234
42243
42242
42252
42262
42272
42282
42291
42281
42290
42289
42280
42269
42259
42249
42260
42270
42271
42261
42251
42250
42241
42232
42233
42224
42215
42205
42214
42223
42222
42213
42204
42195
42185
42175
41069
42174
41070
42184
41071
42194
41073
42203
41074
42212
41075
42221
41076
42230
42231
42240
42239
41078
42248
42258
42268
42278
42279
42288
42298
42297
42308
42307
42306
40880
42320
42330
42347
42363
42381
40881
42394
42407
42419
40882
42431
40883
42444
42457
42474
42475
42488
42487
51198
51197
48176
48168
48167
48166
46671
48157
48158
48142
48141
48140
48123
48124
48125
48127
51196
51195
48119
48111
48103
46665
48104
48095
48094
48093
48092
48074
48057
48058
48059
48075
48076
48077
48060
51194
51193
51192
51191
48031
48030
48039
48040
48049
48048
48047
48038
48037
48046
48045
48036
48027
48028
48029
48020
48013
48021
48022
51190
51189
48014
48005
51188
51187
47996
47987
51186
51185
47978
47970
51184
51183
47961
47944
51182
51181
47927
47926
47919
47918
47925
46656
47942
47959
47958
47957
46657
47941
47940
47939
47956
47955
47938
47937
47954
47953
47952
47936
47935
47934
47951
47950
47949
47932
47931
47948
47947
47963
46658
47971
47962
46417
47945
47946
47929
47930
47922
47928
47921
47912
47913
47896
47895
47879
47880
47865
47864
47847
47848
47849
47839
47822
47805
47838
47837
47821
47804
47793
47782
47771
47754
47739
47756
47773
47774
47757
47758
47741
47742
47731
47722
47706
47707
47691
47673
47658
47659
47674
47692
47693
47675
47676
47677
47695
47696
47697
47713
46639
47723
47733
47732
47748
47747
47746
47745
47744
47743
47760
47761
47762
47763
47764
47765
47776
47787
47798
47799
47788
47777
47767
47766
47749
47750
47751
47734
47724
47735
47725
47716
47715
47699
47700
47682
47667
47666
47665
47664
47663
47662
47661
47660
47636
47635
47634
47618
47619
47620
47621
47637
47638
47622
47623
47606
47596
46630
47580
47581
47597
47607
47624
47640
47639
47647
47648
47649
47641
47608
47598
47582
47571
47559
47541
47529
47530
47518
47517
47516
47528
47540
47527
47539
47538
47526
47514
47515
47503
47502
47490
47491
47479
46622
47480
47494
47495
51155
51154
47483
47466
47450
47434
51153
47425
47418
47411
47395
51152
47386
47368
51151
47352
51150
51149
47342
47341
47351
47340
47350
47366
47367
47385
47384
47383
47382
47365
46612
47349
47339
47338
47348
47364
47363
47379
47380
47381
47392
46614
47409
47393
47394
47410
47417
46618
47433
47449
47447
47464
47463
46620
47446
47430
47431
47423
47422
47445
47444
47462
47478
47477
47476
47460
47461
47443
47442
47441
47440
47458
47459
47475
47474
46623
46624
46625
46626
46627
47513
47501
47489
47500
47512
47522
47523
47524
47525
47537
47549
47566
47565
46629
47576
47577
47578
47567
47550
47551
47552
47553
47554
47555
47556
47557
47558
47570
47569
47568
47579
47595
47594
47593
47592
46631
47591
47590
47589
47588
47587
47603
47613
47612
47611
47601
47585
47574
47573
47584
47600
47610
47626
47627
47643
56747
52622
52605
52604
52603
52620
52621
52631
52632
56748
56749
52642
52653
56750
56751
52664
52675
56752
56753
52686
56754
56755
52703
52702
52685
52674
52673
52684
52701
52719
52720
52731
52732
56756
52743
52754
56757
56758
52765
52776
56759
56760
56761
52805
52793
52791
52762
52761
52772
52789
52788
52787
52786
52785
52784
52782
52781
52780
52769
52758
52747
52746
52757
52768
52779
52809
52819
52830
52842
52856
52831
52820
52821
52832
52858
52869
52881
52892
52903
52913
52924
52912
52900
52899
52889
52888
52877
52865
51422
52876
51423
52887
51424
52898
51425
52919
52920
52909
51643
52910
52921
52923
51644
52934
52943
52952
52962
52977
52995
52994
53004
53005
53037
53049
53048
53047
53063
53064
53081
53080
53097
53110
53098
53082
53065
53050
53066
53083
53084
53085
53086
53069
53053
53054
53070
53071
53088
53087
53142
53143
53144
53159
53146
53129
53116
53103
53072
53056
53055
53025
53009
53010
53026
53027
53039
53057
53040
53028
53029
53011
51648
52997
52985
52986
52969
52970
52987
51647
52998
52988
52989
52990
52991
53001
53000
53015
53016
56774
56775
56776
53045
53061
53060
53078
56777
56778
53095
53108
56779
56780
53121
53134
56781
56782
53151
53164
53165
56783
56784
53179
53194
53193
53223
53239
53238
53237
53254
53255
53256
53271
53284
53270
53269
53252
53234
53250
53249
53265
53266
53292
53293
53294
53312
53346
53360
53361
53349
53350
56790
53378
53377
53395
53412
53394
53393
53411
53427
53428
53429
53444
53445
53430
53413
53396
56791
56792
53446
51668
53454
51669
53470
53471
56793
53503
53528
53527
53544
53543
51675
53526
53516
53500
53484
53483
53499
53515
53498
53497
53513
53514
53556
53575
53574
53573
53572
53555
53554
53571
53585
53584
53593
53594
53603
53602
53611
53612
53621
53620
53628
53629
53638
53648
53658
53657
53647
53637
53627
53619
53610
53609
53618
51678
53626
51679
53635
53636
53646
53645
53644
53654
53674
53665
53655
53656
53666
53675
53676
53667
53668
53677
53687
53686
53697
53696
53695
53685
53684
53694
53693
53709
53710
53711
51682
53737
53738
53755
53754
53753
53736
53735
53752
53769
53751
53750
53768
53775
53776
53783
53782
53788
53789
53796
53795
53812
53829
53846
53845
53828
53811
53794
53787
53781
51448
53774
51447
53767
51446
53749
53732
53733
53734
53719
53718
53717
53708
51445
53692
53682
51444
53683
53673
51680
53664
53663
51443
53653
51442
53643
51441
53634
53617
51440
53608
51439
53599
51438
53590
51437
53581
51436
53564
51435
51676
53547
59377
59376
59363
59362
57232
59375
59388
59387
59386
59374
59373
57234
59385
57236
59399
59400
59401
59402
59389
59390
59403
59417
59434
59446
62392
62393
59459
59458
59470
59471
59472
62394
62395
62396
59498
59485
59484
59483
59482
59481
59469
59468
59455
59442
59456
59457
59445
59433
59416
59415
59414
59432
59444
59443
59431
59430
59413
57237
59398
59412
59425
59426
59427
59428
59429
59441
59454
59467
59480
59493
59505
59518
59531
59544
59561
59560
59577
59576
59592
59591
59609
59624
59623
59639
59638
59622
59606
59588
59587
59571
59572
59573
59589
59607
59608
59590
59574
59557
59556
59555
59554
59540
59541
59542
59529
59528
59527
59514
59515
59502
59501
59489
59490
59491
59478
59477
59464
59451
59438
59439
59452
59453
59440
59424
59411
59410
59423
59422
59409
59408
59421
57238
59407
59406
59393
59392
59405
59420
59436
59435
57239
59419
59418
57014
59404
57013
59391
59378
59379
59380
59367
59355
59343
59344
59345
59332
59315
59316
59333
59346
59357
59356
59368
59369
57233
59381
57235
59394
59395
59396
59397
59384
59372
59371
59383
59382
59370
59358
59359
59360
59347
59348
59335
59334
59317
59301
59318
59319
59320
59321
59322
57231
59361
59349
59336
59337
57230
59350
59351
59364
59352
59340
62391
62390
59327
59310
62389
62388
59293
59292
57227
59291
57228
59308
59309
59326
59339
59338
59325
59324
59323
57229
59307
59290
59306
59305
59304
59303
59302
59285
59286
59287
59288
59289
59271
59257
59258
59272
59273
59274
59275
59276
62387
62386
59262
59248
59247
59261
59260
59259
59229
59213
59214
59198
59199
59183
59184
59171
62382
62381
59154
59141
59123
59122
59121
59103
59104
59105
59087
62380
59074
59057
59046
59047
59058
62379
62378
62377
59036
59035
59034
59024
59025
62376
59014
62375
62374
59003
58992
58991
59002
59001
58990
58989
58988
58999
59000
59010
59021
59011
59012
59013
59023
59022
59033
59032
59043
59054
59055
59044
59045
59056
59071
59072
59073
59086
59085
59084
59102
59118
59117
59135
59134
59133
59132
59114
59096
59097
59115
59116
59098
59099
59100
59101
59083
59070
59069
59068
59067
59066
59065
59064
59053
57219
59052
59040
59039
59028
59029
59018
59007
58996
58995
57217
59006
59017
64386
64377
68031
68030
64367
64357
64340
68029
64331
64330
62822
64314
64315
64299
64298
64288
64289
64271
64270
64254
64255
64239
64238
64221
64222
68028
64213
64196
68027
68026
64186
64177
68025
68024
64167
64157
68023
64147
64156
64166
64176
64185
64195
64212
64211
64220
64237
64253
64269
64287
62819
62821
64313
62820
64297
64296
64295
64284
64285
64286
64268
62817
62816
64236
64235
64219
64206
64207
64208
64209
64210
64194
64184
64193
64183
64174
64175
64165
64155
64154
64144
64133
64134
64124
64113
64114
64115
64126
64125
64135
62812
64146
64136
64137
68022
68021
64127
64116
68020
68019
64105
64104
64093
64094
64077
64076
62809
62808
64067
64068
64060
64059
62806
62805
64042
64050
64058
64057
64049
64041
64033
62803
64025
64024
64023
64006
64007
64008
64009
63995
63987
63979
63980
63988
63996
64010
62801
64026
64011
62799
63989
68017
63997
64013
64012
64027
64035
64034
62804
64043
64051
64052
64044
64036
64028
68018
58523
56980
58509
56979
58495
56978
58481
56977
58464
58465
58482
58483
58466
58453
58454
58467
58484
58498
58497
58496
58510
58524
58525
58511
58512
58513
58499
58485
58500
58514
58528
58542
58541
58527
58526
58540
58539
58538
56981
58537
56982
58551
58552
58553
58554
58555
58556
58557
58558
58572
58584
58568
58582
58599
58598
58581
58567
58566
56983
58565
58579
58580
58597
58596
58613
58630
57201
58614
58615
58631
58632
58616
58617
58633
58647
58661
58660
58659
58673
58687
58688
58702
58689
58674
58675
58676
58662
58649
58650
58664
58663
58677
58678
58692
58705
58704
58691
58690
58703
58717
58718
58719
58733
58732
58731
58745
58746
58747
57203
58761
58762
58780
58781
58782
58783
58784
57205
58797
58813
58827
58841
58842
58856
58855
57208
58872
58885
57209
58900
58913
58912
58929
58930
58931
58948
58949
58950
58933
58932
58916
58903
62372
62371
58888
58887
58902
58915
58914
58901
58886
58873
58874
58875
62370
62369
58858
58857
58843
58829
58828
58814
58815
58830
58844
62368
62367
58816
58800
58788
58787
58769
58770
58753
62366
62365
58739
58738
58752
58751
58750
58767
58768
58786
58799
58798
58785
58766
58765
58736
58722
58708
58709
58723
58737
58724
58725
62364
62363
58711
58698
62362
62361
58684
58683
58697
58710
58696
58695
58681
58682
58668
58669
58670
62360
62359
58656
58655
58667
58653
58654
58640
58639
58626
57200
58627
58629
62357
62356
58612
58595
58594
58549
58535
58536
58550
62353
58522
58521
58520
58479
58462
58449
58463
58480
62350
62349
62348
58450
58437
58436
58424
58423
58410
58411
58425
58412
58400
62347
58388
58387
58399
58398
58386
58385
58397
57190
57192
58409
58422
57193
57195
58434
58435
58448
58461
58447
58460
58476
58503
58489
58474
58475
58459
58446
58433
58421
58408
58396
58384
58373
58372
58371
58370
58369
58368
58383
57189
58382
58395
58394
58393
58392
57191
58404
58405
58418
58417
58416
58415
57194
58427
58428
58429
58430
58443
58456
58469
58470
58457
58444
58431
58419
58406
58407
58420
58432
58445
58458
58473
58472
58471
58488
58502
58516
58530
58544
58543
58529
58515
58501
58487
58486
58468
58455
58442
58441
58440
58439
58452
58451
56976
58438
56975
58426
58413
56974
58401
58414
58402
58403
58391
58390
58389
56973
58378
58379
58380
58363
58364
58381
58365
58366
58367
58354
58336
58320
58302
58290
58273
58274
58275
58276
58260
58259
58258
57183
58241
58242
58243
58244
58245
58261
58262
58246
58247
58248
58264
58263
58279
58280
58292
58291
58278
58277
58307
58306
58324
58323
58305
58304
58303
58322
58321
58337
58338
57187
58339
58340
58355
58341
58342
58356
58343
58344
58326
58325
57186
58308
58309
58310
58311
58327
58345
58358
58357
57188
58374
58375
58376
58377
62346
62345
58347
58360
58359
58346
58328
58329
58313
58295
58294
58312
58293
57185
58281
58265
58282
58266
58267
58283
58284
58268
58252
58251
58250
58249
58232
58231
58220
58221
58233
58234
58235
62344
58224
58223
58222
57180
57178
58212
58196
57177
57176
58185
58186
58197
58213
58214
58198
58187
58176
58175
57174
58164
58165
58166
58150
58133
62343
62342
58117
58107
62341
62340
58091
57166
58074
62339
58063
58051
62338
58041
58025
58009
58008
57989
57990
57991
62337
57974
62336
62335
57962
57961
57973
57972
57971
57988
58006
58007
57161
58024
58040
58050
58061
58062
58073
58090
58106
58116
58132
58149
58148
58147
57172
58163
58146
58129
57169
58130
58131
58115
58105
57167
58089
58088
58071
58072
58060
58059
58058
57165
58046
58047
58048
58049
58038
58039
58023
58037
58036
58021
57160
58022
58005
57987
57986
57159
57969
57968
57956
57943
57944
57945
57958
57959
57960
57929
57888
57887
57886
57872
57845
57856
57855
57870
57884
57883
57869
57868
57882
57896
57895
57881
57880
57866
57867
57853
57854
57840
57839
57827
57815
57799
57800
57816
57828
57841
57842
57830
57829
57817
57818
57802
57801
57785
57784
57783
57149
57782
57151
57798
57153
57814
56959
57826
57155
57838
57852
56960
57851
56961
57865
56962
57879
56963
57893
57894
57156
57907
57921
56964
57920
56965
57934
56966
57950
57951
57935
57936
57952
57953
57158
57965
57966
57954
57938
57937
57922
57908
57923
57909
57910
57897
57898
57911
57924
57925
57939
57955
57967
57980
57997
57998
58016
58030
57162
58015
58014
58029
58028
57163
58044
58045
58056
58068
58079
58080
58069
58081
58082
58083
58099
58100
58101
58084
58085
58086
58070
58087
58104
58114
58113
58103
58102
58128
58127
58126
58125
58124
58112
58098
58097
58078
58077
58066
58067
58055
58054
58053
58065
58076
58093
58094
58095
58096
57168
58111
58122
58123
57170
58139
58156
58157
58158
58159
58140
58141
58142
58160
58161
58143
58144
58145
57171
58162
58173
58174
58184
58195
58183
58194
58211
58210
58209
58208
58207
58206
58193
58182
57175
58172
58171
58170
58155
58154
58138
58137
58121
58110
58120
58136
58153
58152
58178
58189
58190
58179
58168
57173
58169
58180
58181
58192
58191
58202
58228
58229
58218
57179
58203
58204
58205
58219
57181
58230
58240
58239
58257
58271
58272
58289
58288
58299
58317
58316
58332
58333
58334
58318
58300
58301
58319
58335
58353
58352
58351
58350
58349
58362
58361
58348
58330
58331
58315
58314
58296
58285
56972
58269
58253
58254
58286
58297
58298
58287
58270
57184
58255
58256
58238
57182
58227
58226
58237
58236
56971
58225
58215
58216
58217
58201
58200
58199
58188
56970
58177
58167
58151
58134
56969
58118
58135
58119
58109
58108
58092
58075
58064
56968
58052
58043
58042
68004
63651
63661
68005
63671
63681
68006
68007
63691
63690
63680
63670
63669
63679
63689
63705
63715
63716
63706
63707
68008
63717
63727
68009
68010
63737
62786
68011
63763
63780
68012
68013
63791
63790
63789
63806
63805
63816
63804
63787
63788
63777
62788
63760
62787
63744
63734
63735
63745
63761
63778
63779
63762
63746
63736
63726
63725
63724
63714
63704
63688
63687
63677
63678
63668
63658
63648
62784
63637
63636
63647
63656
63657
63667
63666
63676
63686
63699
63700
63701
63702
63703
63713
63723
63733
63743
63759
63758
63757
63774
63775
63776
63786
63803
63802
63801
63800
63799
63798
63797
63796
63813
63824
62790
63834
63851
63852
63868
63869
63853
63835
63836
63854
63870
63888
63889
63871
63855
63837
63838
63856
63872
63873
63891
63890
63908
63909
63925
63942
63943
63926
63911
63910
63892
63874
63858
63857
63839
63840
63841
63842
63825
63814
63815
63826
63827
63828
63817
63818
63807
63808
63819
68014
68015
63830
63847
63846
63829
63845
63844
63843
62791
63860
63878
63896
63914
63913
63895
63877
63876
63859
63875
63893
63894
63912
63928
63927
63944
63945
63946
63929
63930
62794
63931
62792
63898
63897
63879
63880
63861
63862
63863
63881
63899
63915
68016
62793
63932
63947
62795
62796
63956
63973
63981
62798
63972
63971
63970
63955
63954
63969
63968
63967
63966
63965
63964
63963
63962
63953
63961
63960
63976
63959
63951
63952
63937
63938
63939
63922
63923
63940
63941
63924
63907
63906
63887
63886
63885
63867
63866
63865
63883
63884
63902
63901
63917
63918
63919
63903
63904
63905
63921
63920
63936
63950
63935
63934
63933
63916
63900
63882
63864
69527
69511
69510
69526
69543
69544
69556
69555
69573
69572
69571
69554
69553
69552
68443
69539
69540
69541
69542
69525
69509
69508
69507
69524
69523
69506
69475
69476
69477
69460
69461
69445
69462
69478
69490
69479
68440
69491
69480
69463
69464
69481
69492
69493
69482
69465
69448
69432
69419
73827
69403
69388
69387
69373
69374
69357
69343
69342
69341
68432
69356
69372
69386
69401
69402
68437
69418
69431
69447
69446
69430
69417
69429
69428
69427
69416
69398
69397
69415
69414
68438
69426
69444
69459
69458
69443
69442
69441
69457
69456
69455
69440
69439
68439
69454
69470
69488
69489
69471
69472
69473
69474
69503
69502
69501
69500
69517
69518
69534
69535
69519
69520
69521
69504
69505
69522
69538
69537
69536
69564
69565
69566
69567
69568
69569
69570
69588
69603
69604
69605
69589
69590
69606
69615
69616
69633
69641
69650
69660
73828
69671
69688
69705
69717
69733
73829
69744
69743
69760
69761
69778
69777
69776
69759
69742
69731
69715
69732
69716
69704
69703
69702
69685
69668
69657
69647
69648
69658
69669
69686
69687
69670
69659
69649
69640
69632
69631
69639
68449
69630
69614
68446
69602
69587
69586
69585
69584
69583
69598
69599
69600
69601
69613
69628
69629
68450
69656
69667
69684
69683
69700
69701
68455
69714
69730
69729
69728
69713
69712
69699
69682
69665
69666
69655
68451
69646
69638
69627
69626
69625
69624
69623
69622
69637
69621
69612
69595
68444
69579
69561
69562
69580
68445
69596
69597
69582
69581
69563
69551
69533
69532
69550
69549
69531
68442
69515
69516
69499
69498
68441
69497
69486
69485
69496
69513
69514
69530
69529
69546
69558
69575
69576
69559
69547
69548
69560
69578
69577
69594
69593
69609
69610
69611
68447
69620
69636
69644
69653
69663
69662
68452
69673
69691
69708
68456
69719
68458
69735
69747
69746
69763
69764
68461
69780
68463
69796
69797
69814
69813
69829
69842
69859
69858
69870
69871
69872
69860
69843
69830
68465
69815
69798
68464
69781
69765
69748
68459
69749
69737
69736
69720
69709
69692
69674
69675
68453
69693
69694
69711
69710
68457
69721
69722
69738
69750
69767
69766
68460
68462
69782
69783
69784
69800
69799
69816
69833
69832
69831
68467
69844
69861
69845
69862
69874
69873
69885
69886
69897
69896
69884
69883
69894
69895
69907
69906
69918
69919
69920
69931
69941
69951
69950
69940
69930
69917
69929
69939
69949
69966
69967
69983
69992
69982
69991
70001
70002
70012
70011
70021
70038
70039
70040
68479
70073
68480
70056
70041
70024
70025
70026
70044
70059
70058
70043
70042
70057
70074
70083
70082
70081
70089
70096
70097
70090
70091
70098
70106
70105
70114
70129
70136
70143
70157
70166
70165
70156
70142
70141
70155
70164
70163
70189
70188
68278
70179
70162
70154
68277
70140
70133
70126
78965
78964
75757
75745
78963
75733
78962
74329
74328
75699
78961
75687
75675
78960
75662
75661
75674
74327
75673
75660
75645
75659
75672
75671
75684
75685
75686
75698
75710
75709
75720
75731
75730
75742
75754
75766
75767
75782
75783
75794
75793
75805
75806
75821
75838
75851
75852
75866
75867
75885
75903
75932
75901
75853
75840
75841
75854
78968
75868
75886
75904
78969
75918
75917
75933
75934
75946
75945
75944
75943
75931
75930
75929
75913
75912
75898
75899
75900
75914
75915
75916
75902
75884
75883
75865
75864
75882
75881
75863
75850
74333
75836
75837
75839
75822
75823
75824
75807
74332
75795
78967
78966
75784
75769
75768
75756
75755
75743
75744
75732
75721
75697
75696
75708
75719
75718
75707
75706
75717
75728
75729
75740
75741
75753
75765
75764
75752
75776
75777
75778
75779
75780
75790
75802
75803
75791
74330
75781
75792
75804
75820
75819
75818
75835
75849
75862
75880
75879
75878
75896
75897
75911
75927
75928
74338
75941
75942
75959
75970
75971
75960
75961
75972
75973
75962
75963
75974
75985
75984
75996
76008
75983
75982
75992
76004
76021
76020
76019
76018
76017
76016
76015
76014
76013
76000
76001
76002
75990
75979
75968
75967
75978
75989
75988
75977
75966
75950
75939
75923
74335
75910
75892
75891
75909
75908
75890
75889
75907
75906
75920
75936
74339
75937
75921
75922
75938
75949
75948
74340
75965
74342
75976
74344
75987
74345
75999
76012
76028
76039
76040
76051
76050
74347
76061
76072
76073
76062
76063
76052
76041
76029
76030
76031
76042
76053
76064
76075
76074
76090
76107
76124
76123
74351
76134
76146
76147
76135
76136
76125
76108
76091
76092
76109
76110
76093
76076
76077
76078
76079
76095
76094
76111
76112
76113
76096
76097
76098
76115
76114
76127
76138
76149
74352
76126
76137
76148
76159
76158
76157
76156
76168
76169
76170
76171
76160
76172
76184
76196
76208
76220
76232
76231
76219
76207
76195
76183
76182
76181
76180
76192
76193
76194
76206
76205
76204
76216
76217
76218
76230
76229
76228
76240
76241
76253
76252
76264
76265
76266
76254
76242
76243
76255
76244
76256
76268
76267
76277
76278
76279
76289
76290
76308
76307
76306
76288
76287
76305
76304
76303
76319
76320
76321
76322
76323
76324
76342
76341
76358
76357
76369
76368
76356
76340
76339
76338
76337
76355
76354
74110
76336
76318
76302
76285
76286
74354
76276
76275
74109
76274
74108
76263
74107
76251
74106
76239
74105
76227
74104
76215
74103
76203
74102
76191
74101
76179
74100
76167
74099
76155
74098
76144
76145
76133
76122
74097
76105
74096
74350
76106
76089
74349
74348
76088
74095
76071
74094
76060
76049
74093
76038
74092
76027
74091
76010
76011
75998
75986
75975
75964
75947
74090
75935
75919
75905
75887
75888
75870
75856
75869
75855
74089
75842
74088
75825
75808
75809
75797
75796
74087
75785
82736
80368
80362
80357
80341
79499
79498
80336
80331
79497
79496
80320
80303
80286
80287
80304
80321
80326
75647
74078
75663
74079
75676
74080
75688
74081
75700
74082
75711
74083
75722
74084
75734
74085
75746
74086
75758
75770
75771
75772
74331
75786
75798
75810
75811
75812
75829
75846
75858
75845
75828
75827
75826
75843
75844
75857
75871
75872
75873
75859
75860
75874
75875
75893
75894
74334
75895
75877
75876
75847
75830
75831
75832
75833
75861
75848
75834
75817
75816
75815
75814
75813
75801
75789
75788
75800
75799
75787
75773
75774
75775
75763
75751
75739
75738
75725
75713
75724
75736
75737
75749
75750
75762
75761
75760
75759
75748
75747
75735
75723
75712
75701
75702
75703
75714
75715
75726
75727
75716
75705
75704
75692
75693
75681
75668
75652
75651
75667
75666
75665
75678
75679
75680
75691
75690
75689
75677
75664
75648
75634
75633
74077
75619
74076
75605
74075
75591
74074
75574
74073
75561
74072
75548
75549
75550
75534
75533
74071
75516
75500
74070
75501
75485
74318
75470
75469
74069
75453
74068
75437
74067
75422
75423
75438
75454
75455
75472
75471
75486
75487
75503
75502
75518
75517
75535
75536
75551
75564
75577
75576
75563
75562
75575
75592
75606
75620
75621
75607
75593
75594
75608
75622
75636
75635
75649
75650
75637
75638
75624
75623
75609
75595
75596
75597
75598
75612
75611
75610
75625
75639
75626
75640
74326
75653
75654
75641
75627
75613
75614
75628
75642
75655
75669
75682
75694
75695
75683
75670
75656
75657
75658
75643
75644
75630
75631
75617
75616
75629
75615
75601
75602
75603
75604
75618
75632
75646
74325
74324
74323
78959
75590
78958
78957
75547
74321
75560
75573
75589
75588
75587
75571
75572
75559
75558
75544
75543
75557
75570
75586
75585
75584
75600
75599
75583
75582
75581
75580
74322
75567
75554
74320
75540
75539
75521
75538
75553
75566
75579
75578
75565
75552
75537
75519
75520
75504
75488
75473
75474
75489
75505
75506
75490
75475
75459
75458
75457
75456
75440
75439
75424
75425
75409
75395
75396
75397
75382
75381
75366
75351
75350
75336
75335
75334
75348
75349
75363
75378
75364
75365
75380
75379
75394
75408
75407
74315
75393
75392
74066
75377
74065
75362
74064
75347
74063
75333
74062
75318
74061
75304
75319
75320
75305
75306
75321
75337
75338
75323
75322
75307
75308
75293
75292
75291
75276
75262
75275
75290
75289
75274
75260
75261
75248
75247
75231
75232
75218
75205
74056
75217
75230
75246
74057
75259
74058
75273
74059
75288
74060
75303
79489
79487
79485
79484
79483
80119
82717
82716
80114
80113
80118
80123
80139
80138
80137
80136
80135
80151
80152
80153
80154
80155
80158
80161
79490
80165
82718
82719
82720
82721
82722
80195
80191
80190
80189
80188
80187
80186
80185
80184
80183
80182
80181
80180
80179
80178
80177
80174
80171
80170
80173
80176
80194
80193
80197
80201
80205
80209
80213
80217
80221
80225
80229
80233
80237
80241
80245
80249
80253
80257
80258
79495
80274
80275
80276
80261
80260
80259
80254
80250
80246
80242
80238
80234
80230
80226
80222
80218
80214
80210
80206
80202
80198
80203
80199
82723
82724
82725
80207
80211
82726
82727
80215
80219
82728
82729
80223
80227
82730
82731
80231
82732
80235
80239
82733
82734
80243
80247
79491
79492
80251
79493
80255
82735
80271
79494
80270
80285
80269
80268
80267
80266
80265
80280
80296
80279
80264
80278
80263
80262
80277
80294
80293
80310
80311
80295
80312
80313
80314
80297
80281
80282
80299
80298
80315
80316
80317
80318
80300
80283
80284
80301
80302
80319
80325
80330
80335
80340
80356
80361
80367
80373
80374
82737
80380
80379
80387
80388
82738
82739
80396
80403
80409
79505
80402
80395
80394
80401
79504
80393
80385
80386
80378
79503
80372
80366
79501
80355
80354
80353
80352
80351
80350
80349
80348
80347
80346
80345
80308
80309
80292
80291
80290
80307
80324
80329
80334
80339
79500
80344
79502
80384
80392
80391
80383
80377
80371
80365
80360
80364
80359
80343
80338
80333
80328
80323
80306
80289
80273
80272
79230
80256
80252
79229
80248
79228
80244
79227
80240
79226
80236
79225
80232
79224
80228
79223
80224
79222
80220
79221
80216
79220
80212
79219
80208
79218
80204
79217
80200
79216
80196
79215
80192
79214
80175
80172
79213
80169
79212
80166
79211
80162
79210
80159
80156
80140
80124
80125
80141
80163
80167
80168
80164
80160
79488
80157
79486
80142
80143
80144
80145
80146
80147
80148
80149
80150
80134
80133
80132
80131
80130
80129
80128
80127
80126
80122
80117
80112
80111
80116
80121
80120
79209
80115
79208
80110
79207
80106
79206
80107
80108
80104
80089
80088
80103
79481
80087
80086
80070
80066
80067
80071
79480
80072
80073
80090
80091
80092
80074
80075
80093
80094
80076
80077
80095
80096
80097
80098
80078
80079
80080
80081
80099
80100
80082
80083
80101
80102
80105
80109
79482
82715
82714
75158
74054
75169
74055
75180
75190
75191
75192
74304
75206
75219
75220
75221
75234
75233
75249
75250
75235
75222
75236
74308
75251
75265
75264
75263
75277
75278
75279
75294
75309
75324
75339
75353
75352
75367
75368
75383
75398
75412
75428
75427
75411
75410
75426
75441
75442
75443
75444
75460
75476
75491
75507
75522
75523
75524
75525
75526
75541
75555
75568
75569
75556
75542
75527
75509
75508
75492
75493
75477
75461
75462
75478
75479
75463
75464
75480
75495
75494
75510
75511
74319
75528
75529
75512
75496
75497
75498
75514
75513
75530
75545
75546
75531
75532
78956
78955
75515
75499
78954
78953
75484
75468
78952
78951
75452
75436
75435
75451
75467
75483
75466
75482
75481
75465
75449
75450
75434
75433
75418
75417
75416
75431
75432
75448
75447
75446
75445
75429
75430
75415
75414
74317
74316
75413
75399
75384
75369
75354
75340
75341
75326
75325
75310
75295
75296
75311
75312
75327
75342
75355
75370
75371
75356
74313
75343
75357
75373
75372
75387
75386
75385
75400
75401
75402
75403
75388
75389
75404
75405
75419
75420
75421
78950
75406
74314
75391
78949
78948
75376
75361
75360
75375
75390
75374
75358
75359
75345
75344
75329
75328
75313
75314
75315
75330
74312
75346
75331
75316
75317
75332
78947
78946
78945
75302
75287
75272
75271
75270
75269
75268
74310
74309
75254
75241
74307
74305
75225
75212
75213
75226
75227
75228
75244
75243
75242
75255
75256
75257
75258
75245
75229
75216
78944
75204
74303
75215
75214
75203
75188
75187
75202
75201
74302
75186
75175
75164
75165
75176
75177
75178
74301
75189
75179
78943
75168
75167
75166
75155
75154
74300
75138
75139
75128
75127
75116
75115
75126
75137
75153
75152
75151
75150
75149
75148
75147
75163
75146
75162
75161
75145
75134
75123
75133
75122
75121
75132
75144
75160
75171
75172
75183
75184
75173
75174
75185
75196
75197
75198
75199
75200
75211
75224
74306
75240
75253
75252
75266
75267
75281
75282
75283
75284
75285
75286
75301
75300
75299
75298
75297
75280
74311
75239
75238
75237
75223
75210
75209
75195
75194
75208
75207
75193
75182
75181
75170
75159
75143
75142
74053
75141
75131
74052
75120
74051
75109
74050
75091
75081
74049
75071
74048
75061
75051
75042
74047
75033
74046
75024
74045
75009
74044
75000
74043
74990
74042
74980
74041
74970
74040
74954
74955
74956
74942
74943
74957
74972
74973
74983
74993
74992
74982
74971
74981
74991
75002
75001
75010
75011
75003
75012
75026
75025
75034
75035
75036
75027
75028
75037
75046
75055
74296
75066
74295
75045
75044
75043
75052
75062
75053
75054
75064
75063
75072
75082
75092
75093
75110
75111
75094
75095
75112
75113
75124
75135
75136
75125
75114
75096
75085
75084
75083
75073
75065
75074
75075
75076
75086
75097
75098
75099
75100
75101
75102
75103
75104
75087
75088
75105
75117
75129
75118
75107
75106
75089
75079
75078
75077
75067
75056
75047
75038
75039
75030
75029
75019
75018
75017
75016
75015
75014
75013
74293
75004
74994
74984
74974
74961
74962
74963
74946
74934
74922
74923
74935
74936
74924
74910
74909
74897
74885
74873
74286
74287
74898
74911
74912
74913
74926
74925
74937
74938
74950
74951
74967
74966
74965
74949
74948
74947
74290
74964
74291
74975
74985
74995
75005
75006
75020
75021
75007
75022
75031
75040
75049
75048
75057
75068
75069
75058
75059
74297
75070
78938
75080
74298
75090
75108
75119
78939
78940
75130
74299
75140
75156
75157
78941
78942
69574
69557
69545
68250
69528
68249
69512
68248
69494
69495
69484
69483
68247
69466
69467
69468
69487
69469
69453
69452
69436
69423
69424
69437
69438
69425
69409
69410
69411
69380
68435
69393
69408
69407
69392
69391
69390
69376
69359
69345
69360
69377
69378
69379
69362
69363
69349
69350
68433
69364
69381
68436
69394
69412
69413
69395
69396
69382
69367
69366
69365
68431
68429
68430
69337
69351
69352
69368
68434
69383
69369
69370
69384
69399
69400
69385
69371
69355
69340
69339
69354
69353
69338
69325
69324
69311
69312
69313
69326
68428
69327
69328
69329
69316
69315
69314
68427
69300
69301
69285
69269
69268
69252
69251
69250
69266
69267
69283
69284
69299
69298
69282
69281
69297
69296
69295
69279
69294
69278
69262
69263
69264
69280
69265
69249
69237
69238
69239
69240
69241
69253
69254
69270
69286
69302
69303
69287
69271
69255
73826
68421
69242
69230
69229
69228
69215
69216
69217
69218
73825
69202
69184
69166
73824
73823
69132
69119
73822
69107
69106
69105
69093
69092
69091
69103
69104
69116
69115
69128
69127
69126
68419
69114
69102
69090
69079
69067
68416
69002
68986
69001
69000
68999
68413
69015
69024
69023
69022
69030
69040
69050
69051
69052
69064
69065
69053
69041
69031
69032
69042
69043
69054
69066
69078
69089
69101
69113
69125
69139
69155
69173
69172
69171
69189
69190
68420
69207
69191
69192
69174
69156
69140
69141
69157
69158
69142
69143
69144
69145
69161
69160
69159
69177
69195
69196
69197
69178
69179
69180
69162
69146
69129
69130
69117
69118
69131
69149
69148
69147
69163
69181
69182
69164
69165
69183
69201
69200
69199
69198
69214
69227
69226
69213
69212
69225
69211
69210
69194
69176
69175
69193
69209
69208
69224
69223
69236
68422
69261
68423
68424
69277
69293
68426
69276
69260
69248
69235
69234
69222
69206
69205
69188
69187
69186
69168
69169
69170
69152
69153
69154
69138
69137
69136
69135
69151
69134
69133
69150
69167
69185
68236
69203
69204
68237
69219
68238
69231
69232
69220
69221
69233
69246
69245
69257
69244
69243
68239
69256
68240
69272
69288
69289
69273
69258
69247
69259
69275
69274
68425
69290
69291
69292
69310
69309
69322
69323
69336
69335
69321
69308
69307
69306
69305
68241
69304
68242
69317
69318
69319
69320
69333
69334
69348
69361
69347
69346
69332
69331
69330
69344
68243
69358
68244
69375
69389
69404
68245
69420
69421
69405
69406
69422
69435
69434
69451
69450
69449
68246
69433
78937
75060
75050
74294
75041
78936
78935
75032
75023
75008
74999
78934
78933
74989
74988
74998
74292
74997
74996
74986
74976
74977
74987
74978
74979
74969
74968
74952
74939
74927
74914
74901
74915
74288
74289
74953
78932
74940
74928
74916
78931
74903
74902
74891
74879
74878
74890
74889
74876
74877
74865
74847
74834
74833
74846
74864
74863
74875
74887
74888
74900
74899
74886
74874
74285
74861
74843
74830
74831
74844
74862
74845
74832
74817
74799
74800
74801
74791
74782
74783
74774
74773
74765
74766
74757
74756
74747
74738
74746
74745
74754
74755
74764
74772
74763
74771
74780
74781
74790
74789
74280
74798
74816
74815
74814
74813
74828
74829
74284
74860
74859
74858
74857
74856
74872
74884
74896
74908
74921
74933
74945
74960
74959
74958
74944
74932
74920
74907
74906
74894
74895
74883
74882
74881
74893
74905
74918
74919
74931
74930
74941
74039
74929
74038
74917
74037
74904
74036
74892
74035
74880
74034
74868
74033
74850
74851
74869
74852
74853
74870
74871
74855
74854
74841
74842
74825
74826
74283
74827
74812
74811
74810
74809
74824
74282
74808
74807
74796
74795
74805
74806
74822
74823
74840
74839
74838
74837
74821
74032
74804
74794
74031
74785
74786
74787
74788
74797
74279
74779
74770
74778
74769
74761
74762
74752
74753
74744
74735
74726
74725
74718
74719
74712
74696
74695
74711
74710
74717
74277
74724
74733
74734
74743
74742
74751
74760
74278
74768
74777
74776
74030
74759
74029
74750
74028
74741
74027
74732
74026
74025
74024
74023
74685
74022
74693
74694
74686
74687
74688
74697
74698
74699
74700
74701
74702
74703
74704
74705
74706
74690
74681
74665
74666
74659
74658
74657
74664
74680
74689
74679
74678
74677
74676
74675
74674
74673
74672
74671
74670
74669
74668
74021
74020
74019
74654
74661
74662
74663
74656
74655
74639
74633
74632
74275
74274
74631
74018
74615
74599
74600
74616
74617
74601
74602
74618
74619
74634
74640
74641
74642
74643
74644
74645
74646
74647
74648
74649
74635
74636
74650
74651
74637
74629
74273
74613
74272
74597
74628
74627
74626
74625
74609
74610
74611
74612
74596
74589
74582
74581
74580
74579
74578
74563
74564
74565
74566
74567
74552
74545
74540
74534
74533
74532
74531
74530
74529
74528
74527
74266
74526
74525
74524
74523
74522
74016
74015
74512
74495
74014
74013
74012
74011
74010
74009
74008
74007
74006
74005
74004
74003
74002
74001
74000
73999
73998
73997
73996
73995
82668
82669
82670
82671
82672
82673
82674
82675
82676
82677
82678
82679
82680
82681
82682
82683
82684
82685
82686
82687
79698
79697
79696
79695
79694
79711
79712
79713
79714
79715
82688
79444
82689
79736
82690
82691
79773
79776
79448
79772
79756
79752
79771
79770
79769
79768
79767
79766
79765
79764
79763
79762
79761
79760
79447
79759
79446
79755
79738
79739
79740
79741
79742
79743
79744
79745
79726
79727
79746
79747
79748
79749
79750
79751
79735
79732
79731
79730
79729
79728
79709
79710
79693
79692
79691
79708
79707
79690
79689
79688
79687
79686
79685
79702
79703
79704
79705
79706
79725
79724
79723
79722
79721
79445
79720
79719
79734
79733
79717
79718
79716
79157
79156
79681
79699
79682
79683
79700
79701
79684
79443
79442
79441
79680
79679
79155
79678
79677
79676
79675
79154
79674
79153
79673
79152
79672
79151
79671
79150
79670
79149
79669
79148
79668
79147
79667
79146
79666
79145
79665
79144
79664
79143
79663
79142
79662
79141
79661
79140
79660
79139
85648
83397
83398
85649
85650
83399
83400
85651
85652
83401
83402
85653
85654
83403
83404
85655
85656
83405
83406
85657
85658
83407
83408
85659
85660
83409
83410
85661
85662
83411
83412
85663
85664
83413
83414
85665
85666
83415
83434
83433
83432
83431
83430
83429
83428
83447
83448
83449
83450
83451
83452
83453
85667
83456
83459
85668
85669
83462
83465
85670
85671
83468
83471
83259
83261
83473
85672
83475
83494
83513
83532
83512
83493
83492
83511
83530
83531
83550
83551
83570
83569
83568
83549
83529
83528
83509
83510
83491
83490
83489
83488
83487
83525
83524
83523
83522
83521
83520
83482
83481
83480
83479
83478
83477
83496
83514
83533
82913
82912
82911
83495
83476
82910
83474
82909
83472
83260
83470
83467
83469
82908
83466
82907
83463
82906
83464
83461
83458
83455
82905
83460
83457
82904
83454
82903
83435
82902
83258
83436
83437
83438
83439
83440
83441
83442
83443
83444
83445
83446
83427
83426
83425
83424
83423
83422
83421
83420
83419
83418
83417
83416
82901
82900
82899
82898
82897
82896
82895
82894
82893
82892
82891
82890
82889
82888
82887
82886
82885
82884
82883
82882
617
618
619
620
621
622
623
624
625
626
627
628
629
630
631
632
633
634
635
588
636
637
638
639
640
641
642
643
644
645
646
647
648
649
650
651
652
653
654
655
656
657
658
659
660
661
662
663
664
665
666
667
668
669
670
671
672
673
674
675
676
677
678
679
590
229
230
231
232
233
234
235
236
237
238
239
240
241
242
243
589
244
245
246
247
248
249
250
251
252
253
254
255
256
257
258
259
260
261
262
263
264
265
266
267
268
269
270
271
272
273
274
275
276
277
278
279
280
281
282
283
284
285
594
286
287
288
289
290
291
292
293
294
295
296
297
298
299
300
301
302
303
599
304
305
306
307
308
309
310
311
312
313
314
315
316
317
318
319
320
321
322
323
324
325
326
327
328
329
330
331
332
333
334
335
336
337
338
339
340
341
342
343
344
345
346
347
348
605
349
350
351
352
353
354
355
356
357
358
359
360
361
362
363
364
365
366
367
368
369
370
371
372
373
374
375
376
377
378
379
380
381
382
383
384
385
386
387
388
389
390
391
392
393
608
394
395
396
397
398
399
400
401
402
403
404
405
406
407
408
409
410
411
412
413
414
415
416
417
418
419
420
421
422
423
424
425
426
427
428
429
430
431
432
433
434
435
436
437
438
611
439
440
441
442
443
444
445
446
447
448
449
450
451
452
453
454
455
456
457
458
459
460
461
462
463
464
465
466
467
468
469
470
471
472
473
474
475
476
477
478
479
480
481
482
483
615
484
485
486
487
488
489
490
491
492
493
494
495
496
497
498
499
500
501
502
503
504
505
506
507
508
509
510
511
512
513
514
515
516
517
518
519
520
521
522
523
524
525
526
527
528
529
530
531
532
533
534
535
536
537
538
539
540
541
542
543
544
545
546
547
548
549
550
551
552
553
554
555
556
557
558
559
560
561
562
563
564
565
566
567
568
569
570
571
572
573
574
575
576
577
578
579
580
581
582
583
584
585
586
10
11
13
12
14
15
106
107
105
104
102
103
101
100
98
99
97
96
94
95
93
92
90
91
89
88
86
87
85
84
82
83
81
80
78
79
77
76
74
75
73
72
70
71
69
68
66
67
65
64
228
227
226
225
224
223
222
221
220
219
218
217
216
215
214
587
213
212
211
210
209
208
207
206
205
204
203
202
201
200
199
198
197
196
63
62
60
61
58
59
56
57
54
55
52
53
50
51
48
49
46
47
44
45
42
43
40
41
38
39
37
36
35
34
33
32
31
30
29
28
27
26
25
24
23
22
21
20
19
18
83208
83207
83206
83205
83204
83203
83202
83201
83200
83199
83198
83197
85456
85457
85458
85459
85460
85461
85462
85463
85464
85465
85466
85467
85468
85469
85470
85471
85472
85454
85451
85432
85450
85449
85448
85447
85446
85445
85444
85443
85442
85441
85440
85439
85438
85437
85436
85435
83387
85431
83388
85453
83196
85434
83195
85430
83194
85427
85424
83193
85421
83192
85418
83191
85415
83190
85412
83189
85409
83188
85406
83187
85403
83186
85401
83185
85399
83184
85397
83183
85395
83182
85392
83181
85389
83180
85386
83179
83382
83178
83177
83176
83175
83174
83173
83172
83171
83170
83169
83168
83167
83166
83165
83164
85305
85306
85307
85308
85279
85280
85261
85260
85241
85242
85223
85222
85221
85215
85218
83367
83368
85240
85259
83369
83370
85278
85297
85300
85303
85302
83163
85299
83162
85296
83161
85277
83160
85258
83159
85239
83158
85220
83157
85217
83156
85214
83155
85211
83154
85208
83153
85212
85209
85206
85203
85200
83152
85205
85202
83151
85199
83150
85196
83149
85197
85194
83365
85175
85176
85177
85178
85179
85180
85181
85182
85183
85184
85185
85186
85187
85188
85189
85190
85191
85192
85193
85195
85812
85813
85198
85201
85814
85815
85204
85207
85816
85817
85210
85213
85818
85819
85216
83366
85219
85238
85237
85256
85257
85276
85295
85298
85301
85820
85323
83374
85304
83373
83372
83371
85294
85275
85255
85236
85235
85234
85233
85232
85251
85252
85253
85254
85273
85274
85293
85292
85291
85272
85271
85270
85269
85268
85249
85250
85231
85230
85229
85228
85227
85226
85225
85224
85243
85244
85245
85246
85265
85264
85263
85262
85281
85282
85283
85284
85285
85266
85247
85248
85267
85286
85287
85288
85289
85290
85319
85320
85338
85337
85336
85335
85318
85317
85316
85315
85334
85333
85332
85331
85314
85313
85312
85330
85329
85328
85311
85310
85309
85327
85326
85325
85324
85343
85346
85349
85351
85353
85355
83378
85357
85358
85359
85360
85361
85362
85363
85364
85365
85366
85367
85368
85369
85370
85371
85372
85375
85376
85377
85378
85380
85382
85383
83381
83380
85381
85827
85379
85826
83379
85825
85824
85374
85373
85356
85354
85352
85350
85347
85344
85340
85339
85321
85322
85341
85342
85345
85821
85822
85348
83375
83376
83377
85823
82137
79364
82120
79363
82103
79362
82098
79361
82099
79624
82104
82121
79625
82138
82139
82144
82143
82142
79365
82147
82148
82149
79629
82154
82159
82160
82161
82162
82163
82164
82165
82166
82167
82168
82169
82170
82171
82172
82175
82178
82183
82188
82193
82198
82203
82219
79637
82225
82241
82242
82258
82262
79640
82257
82256
82240
82239
82255
82254
82253
82252
82251
82250
82249
82233
82234
82235
82236
82237
82238
82218
82217
82216
82215
82214
82213
82212
82211
82210
82209
82208
82207
79636
82206
82201
82196
82191
82186
82181
82182
82202
82197
82192
82187
79633
79632
82174
82158
82153
82157
79366
82173
82177
82180
79367
82185
79368
82190
79369
82195
79370
82200
79371
82205
79372
82221
79373
82227
82222
79638
82228
82223
82224
82229
82230
82231
82232
82248
82247
82246
79639
82245
82261
79641
82265
82266
82267
82268
82269
82270
82271
82272
82273
82274
82275
82276
82277
82278
82281
82284
82287
82290
82291
82828
82827
82288
82285
82826
82825
82282
82279
82263
82259
82243
82226
82220
82204
79635
79634
82199
82194
82824
82823
82189
82184
82822
82821
82179
82176
82820
79631
79630
82152
82151
82156
82155
82150
82145
79628
82133
82134
82117
82116
82115
82132
82131
82130
82114
82113
82112
82129
82128
82127
82126
82125
82124
82107
82106
82123
79627
82140
82122
82105
82101
82100
82082
82065
82064
82081
79360
82063
82046
82047
82048
82043
82049
82066
82083
82084
82067
82068
82085
82108
82109
82110
82111
82089
82088
82087
82086
82069
82070
82071
82072
82090
82091
82074
82075
82092
82093
82076
82059
82058
82057
82056
82073
82055
82054
82053
82052
82051
82050
82044
82040
82036
82035
82039
82038
82042
79359
79358
79357
82034
82030
82031
82032
82029
82025
82020
82019
82018
82023
82024
82028
79621
82027
82026
79356
82022
79355
82017
79354
82013
82012
79353
81995
81978
81962
81961
81944
81929
81913
81896
81880
81874
79352
81858
85811
85174
85171
85810
85809
85168
85165
85808
85807
85162
85159
85806
85805
85156
85153
85804
85803
85150
85147
85802
85801
85144
85141
85800
85799
85138
85135
85798
85797
85113
85110
85106
85102
85101
85098
85094
85090
85086
85085
85089
85093
85097
83361
83362
85105
83363
85109
83364
85132
85131
85130
85129
85128
85127
85126
85125
85124
85123
85122
85121
85120
85119
85118
85117
85116
85108
85112
85115
85134
85137
85140
85143
85146
85149
85152
85155
85158
85161
85164
85167
85170
85173
83148
85172
83147
85169
83146
85166
83145
85163
83144
85160
83143
85157
83142
85154
83141
85151
83140
85148
83139
85145
83138
85142
83137
85139
83136
85136
83135
85133
83134
85114
85111
83133
85107
83132
85103
83131
85099
83130
85104
85100
85096
85092
85088
83129
85095
85091
83128
85087
83127
85083
83126
85084
85064
83125
83124
83123
83122
85018
83121
85012
83120
85006
83119
85002
84998
83118
84980
83117
84976
83116
84972
83115
84968
83114
84964
83113
84960
83112
84941
83111
84937
83110
84933
83109
84929
83108
84925
83107
84920
83106
84915
83105
84896
83104
84877
84858
83103
84839
83102
84820
83101
84816
83100
84813
83099
84810
83098
84807
83097
84804
83096
84785
83095
84766
83094
84747
83093
84743
83092
84739
83091
84735
83090
84731
83089
84712
84709
83088
84706
83087
84703
83086
84700
83085
84697
83084
84694
83083
84691
83082
84688
83081
84685
83080
84681
83079
84677
83078
84673
83077
84668
83076
84662
83075
84656
83074
84652
84648
83073
84644
83072
84640
83071
84636
83070
84617
83069
84613
83068
84609
83067
84605
83066
84601
83065
84597
83064
84593
83063
84589
83062
84584
83061
84579
83060
84574
83059
84570
84571
84575
84580
84585
84586
84581
84576
83319
84543
84544
84545
84546
84547
84548
84549
84550
84551
84552
84553
84554
84555
84556
84557
84558
84539
84538
84535
83317
83316
84532
84533
84536
85758
84540
84559
85759
85760
84569
84564
84563
84562
84568
84567
83320
84572
84573
85761
85762
85763
83321
84588
84583
84578
84577
84582
84587
84592
84596
84600
83322
83323
85764
83324
83325
84604
84608
84612
84616
83326
84635
84639
85765
85766
84643
84642
84638
84634
84633
84632
84631
84630
84629
84628
84627
84626
84625
84624
84623
84622
84621
84620
84619
84615
84611
84607
84603
84599
84595
84591
84590
84594
84598
84602
84606
84610
84614
83327
84618
84637
84641
84645
84649
83330
84653
84658
84657
84663
84669
84674
84664
84670
84675
84679
84678
84682
84686
84683
84687
84690
84689
84693
84696
84692
84695
84698
84699
84702
84701
84704
84705
84708
84707
84711
84710
84713
84732
84736
84737
84733
84714
84715
84716
84717
84718
84719
84720
84721
84722
84723
84724
84725
84726
84727
84728
84729
84730
83335
83334
83333
84671
83332
84665
84659
84660
84655
84654
84650
83328
84646
84651
84647
83329
83331
85767
84661
85768
84667
84666
84672
84676
84680
84684
83336
85769
85770
85771
85772
85773
85774
85775
85776
85777
85778
84734
84738
85779
85780
84742
85781
84746
84765
84784
84783
84764
84763
84782
84781
84762
84761
84780
84799
84800
84801
84802
84803
85782
84806
84809
83340
83341
84812
84815
83342
84818
84819
85783
84838
84837
84836
84855
84856
84857
84876
84875
83346
84894
84895
85784
84914
84913
84918
84919
85785
85786
84924
84923
83348
84928
84932
83349
83350
84936
84940
83351
84939
84935
84931
84927
84922
84917
84912
84893
84911
84910
84892
84872
84873
84874
84854
84835
84834
84853
84852
84833
84798
84779
84760
84759
84758
84777
84778
84797
84796
84795
84794
84775
84776
84757
84756
84774
84755
84754
84773
84793
84792
84791
84790
84771
84772
84753
84752
84751
84750
84769
84770
84789
84788
84787
83339
83338
84768
84749
83337
84745
84741
84740
84744
84748
84767
84786
84805
84808
84811
84814
84817
83343
84821
83344
83345
84859
84840
84841
84860
84861
84842
84822
84823
84843
84824
84825
84826
84845
84846
84827
84828
84829
84830
84831
84832
84851
84850
84869
84889
84890
84870
84871
84891
84909
84908
84907
84906
84905
84904
84886
84887
84888
84867
84868
84849
84848
84847
84866
84865
84864
84844
84863
84862
84882
84883
84884
84885
84903
84902
84901
84900
84899
84898
84881
84880
84879
84878
83347
84897
84916
84921
84926
84930
84934
84938
83352
84942
84943
84944
84945
84946
84947
84948
84949
84950
84951
84952
84953
84954
84955
84956
84957
84961
84965
84969
84973
84977
84978
84974
84970
84966
84962
84958
84959
85787
84963
84967
85788
85789
84971
84975
85790
85791
84979
84997
84996
83354
85001
85005
83356
85004
85000
84995
84994
84993
84992
84991
84990
84989
84988
84987
84986
84985
84984
84983
84982
84981
83353
84999
83355
85003
85008
85007
85013
85019
85014
83357
85020
85021
85022
85023
85024
85025
85026
85027
85046
85045
85044
85043
85042
85041
85040
85039
85038
85037
85056
85060
85065
85066
85067
85068
85069
85070
85071
85072
85073
85074
85075
85076
85077
85078
85079
85080
85061
85057
85053
85052
85051
85050
85049
85048
85047
85028
85029
85030
85031
85032
85033
85034
85015
85009
85010
85016
85011
85792
85793
85017
85036
85035
85054
85055
85794
85795
85063
85059
85058
85062
85081
85082
83358
83359
83360
85796
81738
81732
81715
81709
79331
81703
81687
81680
79330
81673
79329
81666
79328
81650
81643
81651
81644
79588
81645
81646
81629
81630
81613
81614
81631
81632
81633
81616
81600
81615
81599
81598
81597
79587
81589
81582
81588
81596
81612
81628
81627
81611
81595
81587
81586
81594
81610
81626
79327
79326
81593
79325
81585
79324
81578
79323
81579
81580
81581
81574
81575
81568
81561
81544
81543
81527
81520
81519
81526
81542
81559
81560
81567
81573
81566
81565
81572
81571
79322
81564
79321
81557
79320
81540
81558
81541
81525
81524
81517
79319
81501
81518
81502
81493
81492
79318
81482
79317
81472
79316
81464
81447
79315
81431
79314
81414
79313
81399
81400
81415
81432
81448
81465
81466
81467
81449
79579
79578
81416
79577
79575
79576
81395
81389
81383
81377
81372
81366
81367
81373
81378
81384
81390
81396
81401
81417
81433
81450
81476
81475
81474
81473
81483
81484
81485
81486
81495
81494
81503
81504
81505
81496
81497
81487
81477
81468
79580
81451
81434
81418
81419
81402
81403
81404
81405
81406
81407
81408
81409
81426
81442
81441
81425
81424
81440
81439
81423
81422
81421
81420
81436
81435
81452
81453
81454
81437
81438
81455
81456
81457
81458
81459
81460
81443
81427
81411
81410
81397
81391
81385
81379
81374
81368
81362
81356
81350
81344
81338
81332
81326
81320
81314
81308
81302
81296
81290
81283
81282
81281
81280
81279
81278
81277
81276
81275
81274
81289
81295
81301
81307
81313
81319
81325
81331
81337
81343
81349
81355
81361
81360
81354
81348
81342
81336
81330
81324
81318
81312
81306
81300
81294
81288
81273
81265
81264
81272
79567
81271
81287
81293
81299
81305
81311
81317
81323
81329
81335
81341
81347
81353
81359
81365
81371
81376
81382
81388
81394
81393
79312
81387
79311
81381
79310
81375
79309
81370
79308
81364
79307
81358
79306
81352
79305
81346
79304
81340
79303
81334
79302
81328
79301
81322
79300
81316
79299
81310
79298
81304
79297
81298
79296
81292
79295
81286
79294
81270
79293
81261
79292
81262
81263
81246
81232
79565
81247
81233
81216
81215
81214
81231
81230
79564
81245
81229
81212
81213
81196
81195
79291
81179
79290
81163
81147
81130
79289
81131
81132
79557
81148
81149
81133
81122
81121
81110
81111
81101
81085
81068
81067
81084
81100
81099
81109
81120
81119
79288
81108
79287
81098
79286
81082
81083
81066
81065
79285
81048
79284
81040
79283
81032
79282
81015
79281
81007
79280
80991
79279
80983
80976
80968
79278
80960
80961
80969
80970
79546
80977
80984
79549
80992
81008
81017
81016
79550
81033
81041
81049
79552
81050
81042
81034
81018
81035
81043
81052
81051
79553
81069
81070
81053
81054
81055
81056
81073
81091
81090
81072
81071
81089
81088
81087
81086
81102
81112
81103
81113
81124
81134
81123
79556
79558
81150
79560
81166
79559
81165
81164
81180
79562
81197
81181
81182
81198
81199
81217
81234
81248
81235
81249
81250
81251
81252
81253
81254
81255
81240
81241
81224
81223
81206
81225
81242
81257
81256
79566
81266
81267
81284
81285
81291
81297
81303
81309
81315
81321
81327
81333
81339
81345
81351
81357
81363
79570
81369
82777
82776
82775
82774
82773
82772
82771
82770
82769
82768
82767
82766
79569
79568
81269
81268
81258
81259
81260
81244
81243
79563
81227
81226
81208
81207
81190
81191
81209
81192
81193
81210
81228
81211
81194
81178
81177
81161
81162
81146
81129
81128
81145
81144
81160
81176
81175
81174
81173
81189
81188
81205
81204
81222
81239
81238
81237
81236
81219
81218
81200
81201
81184
81183
79561
81167
81151
81135
81136
81137
81138
81139
81140
81155
81154
81170
81169
81153
81152
81168
81185
81202
81220
81221
81203
81186
81187
81171
81172
81156
81157
81141
81142
81158
81159
81143
81127
81126
81125
81114
81104
81105
81115
81116
81106
81097
81096
81095
81077
81094
81076
81075
81093
81092
81074
81057
81058
81059
81060
81061
81078
81079
81080
81063
81062
81046
81045
81044
81036
81027
81026
81025
81024
81023
81022
81021
81020
81019
81009
80994
80993
80986
80985
80978
80971
80963
80962
80953
80954
80944
80943
80952
80951
79277
80942
79276
80934
80933
79275
80917
80918
80935
80919
79539
80903
80920
80936
80945
80946
80955
79544
79547
80995
80996
80997
80998
80999
81000
81001
81002
81010
81011
81028
81037
81038
81029
81012
81004
81003
80987
79548
80979
80980
80988
80989
80981
80973
80972
80965
80958
80959
80966
80974
80975
82760
82761
80982
80990
81006
81005
81013
81030
79551
81014
82762
81031
81039
82763
81047
81064
81081
79554
79555
81107
81117
81118
82764
82765
76674
76666
74127
76667
76675
76683
76682
74128
76699
74129
76709
74130
76719
74131
76729
74132
76739
76740
76730
76720
76721
76711
76710
76700
76701
76684
76676
74370
76668
76660
76652
76644
76643
76630
76631
76612
76601
76600
76611
76629
76642
76651
76659
76658
74126
76650
74125
76641
76628
76610
76599
76582
74124
76572
74123
76562
74122
76552
76553
76554
76564
76563
76573
74364
76583
76602
76613
76614
76632
76633
76634
74369
76645
76653
76661
76669
76677
76685
76702
76712
76722
76723
76713
76703
76686
76687
76688
76689
76690
76691
76692
76693
76694
76695
76704
76714
76724
76734
76744
76745
76746
76736
76735
76725
76715
76705
76696
76697
76706
76707
76717
76727
76728
79013
79012
76718
76708
79011
79010
76698
74371
76681
79009
79008
76673
76665
79007
79006
76657
76649
79005
74368
76627
76626
76640
76639
76647
76648
76656
76655
76663
76664
76672
76680
76671
76679
76678
76670
76662
76654
76646
76638
74367
76621
76622
76623
76605
76594
76579
76580
76569
76568
76578
76593
74366
76592
76577
76567
76557
76547
76538
76528
76518
76508
76498
76488
76478
76468
76456
76455
76454
76437
76453
76436
76419
76420
76421
76438
76439
76457
76458
76442
76459
76470
76469
76479
76489
76499
76500
76490
76480
76481
76471
76472
76482
76492
76491
76501
76502
76512
76522
76521
76511
76510
76509
76519
76520
76530
76529
76539
76540
76549
76548
76558
76559
76560
76550
76541
76531
76532
76542
76551
76561
76570
76571
76581
76596
76595
76606
76624
76625
76607
76608
76597
76609
76598
79004
79003
79002
79001
79000
78999
78998
78997
78996
74361
74360
74359
78995
78994
78993
78992
76411
76400
78991
74358
78990
76364
74356
76352
76353
76335
76317
76301
78989
74353
76262
76250
78987
78986
76238
76225
76226
78985
78984
76214
76213
76201
76202
78983
78982
76190
76178
78981
78980
76166
76154
78979
68527
70536
70537
70551
70580
70599
70600
70614
70613
70612
70627
70628
70615
70601
70584
70569
70583
70568
70552
70538
70519
70506
70507
70508
70521
70539
70553
70554
70570
70585
70602
70603
70586
70571
70555
70541
70523
70510
70509
70493
68524
70494
70478
70477
70476
70459
70460
70461
70462
70445
70446
70431
70430
70429
68520
70413
70397
70398
70399
70414
70415
70416
70401
70400
70385
70386
70370
70371
70355
68513
68511
70328
70314
70298
70297
70296
70281
70282
70267
70268
70283
70299
70300
70285
70284
70269
70270
70271
70257
68504
70272
70288
70287
70286
70301
70302
70315
70329
70342
70343
70330
70331
70317
70316
70303
70304
70305
70289
70273
70258
70274
70306
68508
70290
68506
70275
70259
68503
70246
70245
70244
70243
70242
70229
70214
70197
70198
70199
70216
68501
68502
70217
68499
70201
70200
70184
70185
70186
70202
70203
70187
68497
70177
70176
68495
68494
70160
70178
73841
70161
70153
70152
68493
68492
70159
70175
70174
70151
70150
70149
70148
70147
70146
70145
70158
70144
70137
70130
70115
70116
70117
70118
70119
70120
70121
70122
70123
70107
68485
70099
70100
70108
68487
70124
70131
68489
68491
70138
70139
70132
70125
70109
73840
70101
70093
70092
68483
70084
70085
70077
70076
68482
70075
68481
70066
70065
70064
70049
70048
70063
70062
70047
70046
70061
70060
70045
70027
70028
70029
70030
70031
70032
70050
68477
70033
70034
68478
70051
70067
70068
70069
70052
70035
70036
73839
70019
70018
70017
70016
70015
70005
69995
69996
70006
70007
69997
69987
69988
69979
69963
69946
69936
69926
69925
69935
69945
69962
69978
69977
69986
68475
69976
69961
69944
69934
69923
69924
69912
69888
69887
69898
69899
69911
69910
68470
69922
69933
68471
69943
69960
69959
69975
69974
69973
69958
69957
69956
69972
69971
69955
69954
69970
69969
68474
69952
69953
68469
69909
69908
69921
69932
69942
68472
68473
69968
69984
69985
69994
69993
70003
70004
70014
70013
70023
68476
70022
70055
70054
70071
70072
70080
70079
70087
70088
68484
70095
68486
70103
70104
70113
70128
70135
70134
68490
70127
68488
70112
70111
70110
70102
70094
70086
68276
70078
68275
70070
70053
68274
70037
70020
68273
70010
68272
70000
68271
69990
68270
69981
68269
69965
69948
68268
69938
68267
69928
68266
69916
69904
68265
69905
69893
68468
69882
69881
68264
69869
68263
69857
68262
69840
68261
69841
69828
68466
69812
69811
68260
69795
69779
69762
68259
69745
68258
69734
69718
69706
69707
69690
69689
68257
69672
68256
69661
68255
69651
68254
69642
68253
69634
69617
68252
69607
68251
69591
69592
69608
69618
69619
68448
69635
69643
69652
69645
69654
69664
69676
69677
69678
69679
69680
69681
69698
69697
69696
69695
68454
69723
69724
69725
69726
69727
69739
69740
69756
69755
69754
69753
69752
69751
69768
69769
69785
69786
69802
69801
69819
69818
69817
69846
69847
69848
69849
69834
69821
69820
69803
69787
69770
69771
69772
69788
69804
69805
69789
69773
69757
69741
69758
69775
69774
69790
69806
69823
69822
69835
69851
69850
69863
69875
69876
69864
69852
69853
69836
69824
69825
69837
69838
69826
69809
69808
69807
69791
69792
69793
69794
69810
69827
73830
69839
73831
69868
69856
69855
69854
69866
69867
69879
69880
73832
73833
69892
69891
69890
69878
69865
69877
69889
69900
69901
69913
69914
69902
69903
73834
73835
69915
69927
73836
69937
69947
69964
69980
69989
69999
69998
70008
70009
73838
73837
64272
64273
64274
64292
64291
64290
64300
64316
62619
64332
62620
64341
62621
64358
62622
64368
62623
64378
62624
64387
62625
64396
64397
64407
64423
64440
64422
64406
64405
62626
64421
62627
64438
64439
64450
64449
62628
64448
62629
64464
62630
64481
64490
64491
64482
64465
64466
62830
64467
64451
64441
64424
62828
64408
64409
64410
64425
64442
62829
64452
64453
64428
64429
64430
64416
64415
64414
64413
64412
64427
64426
64411
64401
64400
64391
64392
64383
64382
64381
64390
64399
64398
64389
64388
64379
64380
64370
64371
64372
64373
64363
64362
64361
64360
64369
64359
64342
64333
64334
64343
62823
64344
64335
64320
64304
64319
64318
64317
64301
64302
64303
64293
64275
64276
64260
64261
64262
64246
64247
64248
64264
64265
64266
64250
64249
64231
64230
64229
64228
64245
64244
64259
64243
64242
64258
64257
64256
64240
64241
64224
64223
62618
64214
62617
64197
62616
64187
62615
64188
64189
64190
64200
64199
64198
64215
64225
64216
64217
62815
64226
64227
64218
64201
62814
64191
64181
64180
64179
64178
62813
64169
64168
62614
64158
62613
64148
62612
64138
62611
64139
64140
64141
64151
64152
64142
64143
64132
64122
64111
64100
64082
62810
64072
64063
64055
64047
64039
64038
64046
64054
62807
64062
64071
64080
64070
64079
64096
64107
64097
64081
64099
64098
64109
64110
64121
64131
64130
64120
64108
64119
64129
64128
62811
64118
64117
62610
64106
62609
64095
62608
64078
62607
64069
62606
64061
64053
62605
64045
62604
64037
62603
64029
64014
63998
62602
63990
62601
63982
62600
63974
62599
63957
62598
63948
62597
63949
62797
63958
63975
63983
63991
63992
63984
63985
63977
63978
63986
63994
64002
64003
64004
64005
64022
64021
64020
64019
64018
64001
62800
63993
64000
63999
64015
62802
64030
64031
64016
64017
64032
64040
64048
64056
64064
64073
64083
64084
64085
64086
64087
64088
64089
64090
64074
64065
64066
64075
64091
64092
64103
64102
64101
64112
64123
64145
64164
64153
64163
64162
64161
64160
64150
64149
64159
64170
64171
64172
64173
64182
64192
64202
64203
64204
64205
64232
64233
64234
64252
64251
64267
64283
64282
64281
64280
64263
64279
64278
64277
62818
64294
64305
64306
64307
64323
64322
64321
64336
64345
64346
64347
64348
64349
64350
64351
64327
64326
64325
64324
64308
64309
64310
64311
64312
64329
64328
64337
64352
64353
64354
64365
64355
64338
64339
64356
64366
64376
64385
64395
64404
64420
64437
68032
64447
64463
64480
64489
64499
64498
64488
62831
64478
64479
64462
64446
64445
64461
64460
64444
64433
64434
64435
64436
64419
62827
62826
64403
64394
62825
62824
64375
64364
64374
64384
64393
64402
64418
64417
64432
64431
64443
64458
64459
64476
64477
64487
64496
64497
64506
64515
64516
64507
64508
68033
68034
64517
64534
64552
64551
64533
64532
64550
64568
64567
64549
64531
64530
64529
64547
64546
64545
64544
64562
64563
64581
64580
64561
64579
64578
64577
64559
64560
64542
64541
64523
64524
64543
64525
64526
64527
64528
64495
62833
64486
64475
64474
64457
64456
64473
64472
64455
64454
64471
64470
64469
64468
62832
64505
64514
64513
64504
64503
64493
64494
64485
64484
64483
64492
64502
64511
64512
62834
64521
64522
64540
64558
64557
64539
64538
64556
64574
64573
64591
64590
64597
64598
64605
64604
64621
64638
64639
64622
64623
64624
64606
62836
64599
64592
64575
64576
64593
64600
64607
64608
64609
64610
64611
64612
64613
64583
64582
64564
64565
64548
64566
64584
64585
64594
64601
64586
64569
64570
64588
64587
62835
64595
64602
68035
59124
57005
59142
59143
59125
59107
59106
59088
59077
59078
59111
59129
59147
59146
59145
59127
59128
59110
59109
59108
59126
59144
59157
59158
59175
59174
59156
59155
57006
59172
59173
59186
59187
59188
59204
59203
59202
59185
59201
59217
59218
59234
59233
57007
59249
57008
59263
59264
59265
59279
59295
59278
59277
59294
59312
59311
57009
59328
57010
59341
57011
59353
57012
59365
59366
59354
59342
59329
59330
59331
59314
59313
59296
59297
59298
59281
59280
59266
59252
59251
59250
59235
59219
59220
59236
59237
59221
59205
59189
59190
59177
59176
59159
59160
59161
59148
59149
59162
59179
59178
59191
59192
59208
59224
59223
59207
59206
59222
59238
59254
59253
59267
59268
59269
59282
59299
59300
59283
59284
59270
59256
59255
59239
59240
59241
59225
59226
59242
59243
59227
59211
59195
59194
59210
59209
59193
59163
59164
59165
59166
59136
59137
59119
59120
59138
59151
59152
59139
59140
59153
59170
59182
59169
59168
59150
57220
59167
57221
59181
59197
59180
57222
59196
57223
59212
57224
59228
57225
59244
57226
59245
59246
59230
59231
59215
59216
59232
62385
62384
59200
62383
53397
53414
53415
53398
53380
53381
53364
53353
53352
53363
53379
53362
53351
53333
53317
53318
53334
53335
53319
53320
53321
53337
53338
51666
53355
53356
53339
53323
53305
53304
53290
51663
53277
53278
53291
53306
53324
53340
53341
53325
53307
53308
53326
53342
53343
53344
53328
53327
53309
53310
53311
53329
53345
53358
53357
53390
53389
53423
53424
53441
53440
53439
53438
53422
53421
53420
53419
53402
53403
53404
53405
53387
53370
53369
53386
53385
53368
53367
53384
53383
53382
53400
53399
53416
53417
53450
53451
53436
53437
53452
53495
53496
53512
53511
53510
53525
53524
53509
53508
53523
53507
53491
53490
53506
51674
53522
53505
53489
53488
53504
53521
53530
53531
53532
53548
53565
53582
53591
53600
53601
53592
53583
53566
53567
53550
53549
53533
53534
53535
53536
53552
53551
53568
53569
53570
53553
53537
53538
53539
53540
53541
53542
53557
53558
53559
53576
53586
53587
53605
53631
53624
53615
53616
56800
56801
53625
56802
56803
56804
53652
53642
53633
53632
53641
53651
53661
53662
56805
56806
53672
53671
53660
53704
53703
53702
53701
53700
53699
53698
53713
53712
51683
53720
53721
53722
53723
53741
53740
53739
53756
53757
53758
53759
53760
53743
53742
53724
53725
53726
53727
53744
53761
53771
53778
53785
51688
53791
53808
53825
53826
53827
53810
53809
53792
53793
56813
56814
56815
56816
51690
53868
53861
53844
53843
53860
53859
53842
53841
53840
53857
53856
53855
53838
53839
53823
53824
53807
53806
53805
53822
53821
53837
53854
53853
53836
53819
53820
53804
53803
53802
53801
53818
53835
53834
53851
53852
53865
53874
53886
53875
53876
53877
53878
53879
53880
53866
53858
53867
51691
53881
53887
53888
51692
53882
56817
53889
51694
53906
56818
56819
53923
51696
51697
51698
51699
56820
53959
51700
51701
56821
53996
54012
54021
54038
54046
56822
51710
54053
54052
54044
54045
54037
54020
51705
51703
53980
53979
51702
53995
54011
51704
54010
51707
54018
54019
54036
51709
54035
54034
54033
54032
54031
54030
54007
54008
54009
53994
53993
53992
53991
53990
54006
54005
53989
53988
54004
54029
54028
54043
54051
54061
54062
54063
54064
54065
54066
54067
54068
54069
54075
54082
51713
54089
51712
51711
54076
54083
54090
54107
54124
54130
51717
56823
56824
56825
56826
54188
54194
56827
56828
54200
56829
54206
54205
54210
54204
54198
54199
54193
54187
54182
54165
54164
54147
54141
54148
54142
54136
54135
54129
51716
54123
54106
54105
54122
54121
54104
54103
54102
54101
54100
54099
54098
54097
54114
54115
54116
54117
54118
54119
54120
54128
54134
54140
54146
54163
54181
54186
54192
51719
54180
54179
54162
54161
54160
54178
54177
54176
54159
54175
54158
54157
54174
54173
54156
54155
54172
54185
54191
54197
54203
54209
54215
54221
54227
54233
54239
54245
54251
54257
54263
54269
54278
54279
54280
54281
54282
54300
54318
54317
54299
54298
54316
54315
54297
54296
54314
54313
54295
54277
54276
54275
51724
54274
51723
54268
54262
54256
54250
54244
54238
54232
54226
54220
54214
54208
54202
51722
54196
51721
54190
51720
54184
51718
54168
54167
54166
54149
54150
54143
51468
54137
51467
54131
51466
54125
51465
54108
51464
54091
51463
54092
51715
54109
54126
54132
54138
54144
54151
54152
54169
54170
54171
54153
54154
54145
54139
54133
54127
54113
54112
54095
54096
54088
54081
54074
54060
54059
54058
54057
54073
54072
54071
54078
54079
54080
54087
51714
54094
54111
54110
54093
54086
54085
54084
51462
54077
51461
54070
51460
54054
54055
54056
54050
54042
51708
54026
54027
54017
54003
53987
53978
53971
53964
53956
53949
53942
53935
53928
53913
53914
53915
53916
53917
53918
53919
53920
53929
53936
53943
53950
53957
53965
53972
53973
53966
53958
53951
53944
53937
53930
53922
53921
51695
53905
53904
53903
53902
53901
53900
53899
53898
53897
53896
53895
53894
53912
53911
53910
53909
53908
53925
53926
53927
53934
53941
53948
53955
53954
53947
53940
53933
53932
53939
53946
53953
53961
53962
53963
53970
53977
53984
53985
53986
54002
51706
54001
54000
54015
54016
54025
54024
54023
54040
54041
54049
54048
54047
51459
54039
51458
54022
51457
54013
54014
53998
53997
53981
53982
53999
53983
53976
53969
53968
53975
53974
51456
53967
51455
53960
51454
53952
51453
53945
51452
53938
51451
53931
51450
53924
51449
53907
53890
53891
53892
53893
53885
51693
53871
53872
53873
53850
53833
53832
53849
53848
53847
51689
53863
53864
53870
53884
53883
53869
53862
53830
53831
53814
53815
53816
53817
53800
53790
53784
53777
53770
51687
53799
53798
53797
53813
62405
59683
59682
57249
59698
57250
59715
59716
59699
62406
62407
62408
59726
59741
59740
59725
59724
59714
59697
59696
59681
59670
59653
59654
57248
59671
59672
62404
62403
59655
59644
59643
59632
59633
59617
57243
62402
59600
59599
59581
59582
59566
57241
62401
62400
59549
59548
59547
59534
59535
59522
59523
59536
62399
62398
62397
59510
59509
59497
59496
59495
59494
59506
59507
59508
59521
59520
59519
59532
59533
59546
59545
59563
59562
57242
59578
59579
59564
59565
59580
59598
59616
59631
59642
57246
59630
59615
59597
59596
59614
59629
59628
59627
59626
59625
59610
59611
59612
59613
59595
59594
59593
59575
59559
59558
59543
59530
59517
59516
59503
59504
59492
59479
59466
59465
59437
59450
59463
59476
59488
59475
59474
59461
59462
59449
59448
57015
59447
57016
59460
57017
59473
57018
59486
59487
57240
59499
59500
59513
59512
57019
59511
57020
59524
59525
59526
59539
59552
59553
59570
59586
59604
59605
57244
59621
59637
57245
57247
59648
59660
59661
59662
59649
59650
59663
59664
59665
59666
59667
59651
59640
59641
59652
59669
59668
59680
59695
59694
59693
59711
59710
59709
59692
59691
59708
59707
59706
59690
59679
59678
59677
59689
59688
59687
59703
59704
57251
59705
59720
57252
57254
59745
59730
59721
57253
59731
59732
59733
59734
59735
59736
59722
59712
59713
59723
59737
59738
59739
59749
59748
59757
57256
59774
59758
59759
59750
62409
62410
62411
62412
59787
59776
59775
59786
57257
59803
57258
59820
59821
59804
62413
62414
62415
59831
59830
59829
59828
59827
59826
59816
59815
59814
59813
59812
59811
59794
59795
59796
59797
59798
59799
59817
59818
59819
59802
59785
59784
59801
59800
59782
59783
59773
59756
59747
59746
59755
59772
59771
59770
59769
59768
59767
59766
59765
59781
59764
59754
57255
59753
59752
59761
59778
59779
59762
59763
59780
59791
59808
59792
59793
59810
59809
57259
59825
59835
59845
59855
59865
59877
59878
59879
59880
59896
59914
59913
59895
59894
59912
59911
59927
59937
59938
59954
59970
59971
59972
59956
59955
59939
59940
59941
59957
59973
59974
59975
59958
59942
59917
59918
59900
59899
59898
59916
59915
59897
59881
59882
59883
59866
59867
57260
59884
59901
59919
59920
59902
59885
59886
59869
59868
59858
59857
59856
59846
59836
59837
59847
59848
59838
59839
59849
59859
59860
59850
59840
59841
62416
62417
59851
59861
62418
62419
59871
59870
57261
59887
59905
59923
59922
59904
59903
59921
59929
59928
59945
59944
59943
59959
59960
59976
59985
59993
60001
60009
60016
60024
60033
60025
60017
60026
60018
60011
60010
60002
60003
59995
59994
59986
59987
59979
59978
59977
59961
59962
59946
59930
57262
59931
59947
57263
57264
59963
57265
59980
62420
62421
59988
59996
62422
62423
60004
60012
62424
62425
60019
60027
62426
62427
60036
62428
60052
60068
57271
60067
60051
60035
60034
60050
57269
60049
57270
60065
57272
60081
57273
60098
60099
60110
60109
60120
60121
60122
60133
60134
62433
62434
60144
60160
60159
60143
60142
60132
60131
60130
60140
60141
60157
60158
60169
60180
60181
60170
60171
62435
62436
60182
60193
62437
62438
60204
60203
60192
60191
60190
60202
60211
60222
60233
60244
60245
60256
60255
60177
60166
60165
60176
60187
60188
60199
60198
60209
60210
60221
60232
60243
60254
60253
60242
60231
60220
60230
60229
60206
60195
60184
60175
60164
60148
60118
60107
60090
60072
60105
60116
60115
60135
68083
68082
68081
60086
60069
60053
60037
60038
60054
60070
60071
60055
60056
60057
60073
60074
60075
60059
60058
60043
60042
60041
60040
60039
60030
60031
60022
60021
60029
60028
60020
60013
60005
57032
59997
57031
59989
57030
59981
57029
59964
59948
59932
59924
57028
59906
59888
59872
59873
59889
59907
59925
59933
59949
59950
59966
59983
59965
59982
59990
59991
59999
59998
60006
60007
57266
60014
57267
60032
57268
60023
60015
60008
60000
59992
59984
59969
59953
59952
59968
59967
59951
59936
59935
59934
59926
59908
59909
59910
59892
59893
59876
59875
59891
59890
59874
59864
59854
59844
59834
59824
59823
59833
59843
59853
59863
59862
57027
59852
57026
59842
57025
59832
57024
59822
59805
59806
59807
59790
59789
59788
59777
57023
59760
59751
59742
59727
59717
59700
59684
59685
59701
59718
59728
59743
59744
59729
59719
59702
59686
59675
59676
59659
59658
59647
59646
59657
59674
59673
57022
59656
59645
59635
59636
59620
59603
59602
59584
59585
59569
59568
59551
59538
57021
59537
59550
59567
59583
59601
59619
59618
59634
68056
65069
65078
65077
62864
65068
65059
65060
68055
68054
68053
65026
65013
65025
65024
65035
65051
65050
65049
65058
65067
65076
65085
65086
65087
65088
68057
68058
65098
65115
68059
68060
65124
65123
65114
62867
65097
65096
65095
65113
65122
65131
65147
65146
65145
65144
65143
65142
65141
65140
65139
65130
65121
65112
65111
65094
65084
65110
65109
65108
65107
65106
65105
65104
65120
65129
65128
65119
65102
65103
65092
62866
65093
65083
65074
65065
65056
65055
62862
65064
62863
65073
62865
65082
65081
65080
65071
65072
65063
65054
65038
65029
65016
65015
65028
65037
65036
65027
62652
65014
64996
64997
64998
64982
64981
64980
64963
64964
64965
64966
64983
64999
65000
64984
64967
64952
64951
64950
64949
62651
64933
64919
62650
64920
64906
62855
64893
64907
64894
64879
64865
62649
64892
64878
62648
64864
62647
64850
64851
64835
62852
64820
64819
62646
64804
64805
64788
64787
64772
62645
64755
62644
64742
62643
64730
64719
64708
62642
64691
64692
64693
64710
64711
64712
64723
64722
64733
64745
64758
64775
64774
64757
64744
64732
64721
64709
64720
64731
64743
64756
64773
64789
64790
62849
64806
64823
64807
64791
64776
64759
64746
64734
64735
62844
62842
64695
64696
64697
64698
64699
64700
64701
64702
64713
64724
62843
62845
64736
62846
64749
64766
64781
64780
64765
64764
64763
64762
62847
64761
64748
64747
64760
64777
64792
64793
64794
64778
64779
64795
64796
62850
64811
64828
64843
64858
64857
62853
64842
64827
64841
64840
64825
64826
64810
64809
64808
64824
64839
64838
64837
64822
64821
64836
64852
64866
64880
64881
64882
64868
64867
64853
64854
64855
64856
64870
64869
64883
64884
64898
64897
64896
64895
64908
64909
64910
64911
64925
64924
64938
64923
64922
64921
64934
64935
64936
64937
64953
64954
64968
64985
65001
65002
64986
64987
65003
65019
65018
62860
65017
65030
65039
65040
65041
65031
65032
65042
65043
65044
65045
65046
65075
65066
65057
65047
65048
65034
65023
65022
65033
65021
65020
62861
65006
65005
65004
64988
64971
64970
64969
64955
64939
64940
64941
64942
64956
64972
64973
62858
64989
65007
65008
65009
65010
64991
64990
62859
64974
64975
64976
64977
64992
64993
65011
65012
64994
64995
68052
68051
64962
64961
64979
64978
64960
64945
62857
64929
64928
62856
64944
64959
64958
64957
64943
64927
64926
64912
64913
64900
64899
64885
64871
64872
64886
64887
64888
64889
64903
64902
64901
64914
64915
64916
64930
64946
64947
64948
64932
68050
68049
64918
64931
64917
64904
64905
68048
68047
64891
64877
68046
64863
64848
64849
68045
64834
64833
64817
64818
64803
68044
68043
64786
64771
64754
64753
64770
64785
64802
64816
64815
64814
64813
64830
64831
64832
64847
62854
64862
64876
64890
64875
64861
64846
64845
64860
64874
64873
64859
64844
64829
62851
64812
64797
62848
64798
64799
64782
64783
64800
64801
64784
64769
64768
64767
64750
64737
64725
64714
64715
64716
64727
64726
64738
64751
64752
64739
64740
64741
64729
64728
64717
64706
64705
64704
64703
62841
64686
64687
64688
64678
64677
62840
64669
64661
64652
64643
64635
64644
64653
64662
62839
64670
64679
64689
64707
64718
68042
68041
68040
64690
64680
64671
64663
68039
68038
64654
64645
68037
68036
64636
62837
64619
64618
64617
64616
64634
64633
64615
64614
64632
64631
64630
64629
64628
64627
64626
64625
64642
64641
64640
64649
64648
64647
64656
64665
64673
64674
64666
64657
64658
64667
64675
64676
64668
64659
64650
64651
64660
62838
64685
64694
64684
64683
64682
64681
62641
64672
62640
64664
64655
62639
64646
62638
64637
62637
64620
64603
62636
64596
62635
64589
62634
64571
64572
64555
64537
64520
64519
64510
64501
62631
64500
62632
64509
62633
64518
64535
64536
64554
64553
70261
70249
70232
70219
68500
70218
70230
70231
70248
70247
70260
68505
70276
70291
68507
68509
70307
73842
70321
70335
68510
68512
70348
70363
73843
70378
70393
70408
68518
70392
70391
70377
70362
70347
70334
70320
70319
70333
70318
70332
70345
70344
70358
70373
70374
70359
70360
70346
70361
70376
70375
70388
70404
70419
70418
70403
70387
68516
70372
70357
70356
68514
68515
68517
70402
70417
68519
68521
70432
70433
70434
70435
70436
70437
70421
70420
70405
70389
70390
70406
70407
70422
70438
70454
70453
70452
70469
70484
70485
70470
70471
70472
70455
70439
70423
70424
73844
70440
73845
70456
70473
70488
70487
70486
70503
70504
70517
70516
70533
70534
73846
70548
70547
70532
70515
70502
70501
70500
70499
70483
70468
70451
70450
70449
70466
70465
70480
68523
70464
70448
70447
70463
70479
68525
70495
70496
70481
70467
70482
70498
70497
68526
70511
70512
70513
70514
70531
70530
70544
70561
70562
70545
70546
70563
70564
70565
70579
73847
73848
70596
70595
68530
70578
70577
70576
70575
70593
70594
70608
70607
70621
70622
70636
70650
70637
70623
70609
70610
73849
73850
70624
70638
73851
73852
70651
73853
73854
70679
70665
70664
70678
70677
70663
70649
70648
70647
70635
70634
70620
70606
70592
70574
70573
70591
70605
70619
70633
70646
70660
70674
70688
70689
70675
70661
70662
70676
70690
70691
70705
70706
70692
70693
73855
73856
70707
70723
70741
70740
70722
70721
70739
70757
70774
70775
70758
70759
70776
70790
73857
65052
62653
65053
65062
65061
65070
65079
65089
65099
62654
65116
62655
65125
65134
65135
65126
65117
65100
65090
65091
65101
65118
65127
65136
65152
65137
65138
62869
65153
65154
65164
65163
65173
65174
65185
65196
65197
62872
65198
65199
65200
65201
65202
65203
65186
65175
62870
65165
65155
65156
65166
65167
65157
65148
62868
65132
65133
68061
68062
65149
68063
65158
65168
65178
65179
68064
68065
65190
65189
65188
65177
65176
65187
62871
65204
65205
65213
65214
65215
65206
65207
68066
68067
65216
68068
68069
65242
68070
65251
65269
65285
65284
65302
65311
65303
65312
65322
68071
68072
65332
68073
65342
65331
65321
65320
65310
65301
65283
65267
65268
65250
65249
65248
65239
65240
65241
65233
65232
65231
65230
65229
65228
65227
65226
65225
65224
65223
65222
65238
65237
62873
65221
65220
65211
65212
65195
65194
65183
65184
65172
65162
65161
65171
65182
65181
65170
65160
65151
65150
62656
65159
62657
65169
62658
65180
65191
65208
65217
65218
65209
65192
65193
65210
65219
65236
65245
65235
65234
62659
65243
65244
65253
65252
65270
65271
65287
65286
62660
65304
62661
65313
62662
65323
62663
65333
62664
65343
65353
62665
65370
62666
65380
62667
65390
65400
65401
65417
65416
62668
65425
65426
65436
65435
65452
65453
65454
65437
65438
65456
65455
65472
65489
65488
65471
65470
65487
65497
65498
65499
65500
65517
65516
65527
65528
65529
65530
65519
65518
65501
65490
65473
65474
65491
62880
65502
65503
65504
65505
65506
65507
65508
65509
65510
65492
62879
65482
65465
65448
65449
65431
65447
65464
65481
65480
65463
65446
65445
65444
65443
65442
65441
65458
65459
65460
65461
65462
65479
65478
65477
65476
65475
65457
65440
65439
65429
65430
65420
62878
65405
65404
65403
65419
65428
65427
65418
65402
65392
65393
65383
65382
65391
65381
65371
65372
65373
65355
65354
65344
65334
65325
65324
65314
65305
65288
65272
65254
65255
65256
65246
65247
65257
65258
65274
65273
62874
65290
65289
65307
65306
65315
65316
65326
65336
65335
65345
65346
65356
65357
65374
65384
65394
65406
65407
65408
65409
65410
65411
65412
65421
65413
65414
65396
65395
65385
65386
65387
65397
65415
62876
65398
65388
65378
65369
65368
65377
65376
65375
65365
65364
65363
65362
65361
65360
65359
65358
65347
65337
65327
65317
65308
65291
65292
65293
65275
65259
65260
65261
65262
65263
65279
65278
65277
65276
65294
65295
65296
65297
65298
65280
65264
65265
65266
65282
65300
65281
65299
62875
65309
65319
65318
65328
65329
65330
65339
65338
65348
65366
65367
65349
65350
65340
65341
65351
65352
68074
68075
68076
65379
65389
68077
68078
65399
62877
68079
68080
65434
65424
65423
65422
65432
65433
65450
65451
65468
65485
65484
65467
65466
65483
65493
65494
65495
65512
65511
65522
65523
68084
68085
65534
68086
68087
68088
68089
68090
68091
68092
68093
68094
68095
68096
65667
65666
65651
65665
62881
65649
65650
65640
65641
65631
65630
65639
65629
65619
65609
65610
65620
65621
65611
65601
65591
65590
65600
65599
65589
65579
65569
65580
65581
65571
65570
65560
65561
65551
65533
65532
65521
65520
65531
65550
65559
65549
65548
65547
65546
65545
65544
65543
65542
65541
65558
65568
65567
65557
65540
65539
65538
65555
65556
65566
65576
65577
65578
65588
65587
65597
65596
65586
65585
65595
65594
65593
65603
65604
65613
65614
65624
65625
65615
65605
65606
65616
65617
65607
65598
65608
65618
65628
65627
65637
65638
65648
65647
65646
65636
65626
65635
65645
65655
65656
65657
65673
65658
65659
65660
65674
65692
65691
65690
65672
65671
65670
65689
65706
65688
65687
65669
65668
65652
65653
65654
65644
65634
65623
65633
65643
65642
62682
65632
62681
65622
62680
65612
62679
65602
62678
65592
62677
65582
62676
65572
62675
65573
65583
65584
65574
65575
65565
65564
65554
65553
65563
65562
62674
65552
62673
65535
65536
65537
65526
65515
65514
65525
65524
62672
65513
62671
65496
62670
65486
62669
65469
73872
73871
73870
71315
68574
71332
71348
71364
71378
68578
71363
71362
71347
71331
71361
71360
71375
71376
71377
71406
71421
71422
71407
71408
71423
71438
71453
71452
71437
71436
71451
71467
71468
71483
71498
71513
71512
71497
71482
71466
71465
71450
71449
71448
71433
71434
71435
71420
71419
71418
71403
71402
71417
71432
71431
71416
71401
71400
71415
71430
71445
71446
71447
71463
71464
71479
71478
71493
71494
71509
71508
71523
71522
71537
71538
71539
71540
71525
71524
71510
71495
71480
71481
71496
71511
71526
71541
71556
71571
71570
71569
71555
71554
71553
71568
71585
71586
71587
71588
71589
71607
71623
71624
73884
73885
73886
71675
71691
68586
71674
71673
71655
71656
71657
71658
71641
71640
71639
71638
71604
71603
71619
71618
71602
71584
71583
71601
71617
71616
68583
71599
71600
71582
68581
71565
71566
71567
71552
71551
71550
71535
71536
71521
71520
71505
71491
71506
71507
71492
71477
71462
71476
71461
71460
71475
71490
71504
71519
71533
71534
71549
71564
71563
71548
71547
71532
71517
71518
71503
71502
71487
71488
71489
71474
71473
71458
71459
71444
71429
71414
71397
71398
71399
71383
71384
71370
71356
71371
71385
71386
71372
71357
71327
71328
71344
71345
71346
71330
71312
71313
71314
71298
71299
71283
73869
73868
71266
71250
71235
71234
71233
71248
71249
71265
71264
71263
71262
71279
71280
71281
71282
71297
71296
71295
71311
71329
71310
68573
71294
71293
71292
68572
71276
71277
71278
68571
71261
68570
71245
68569
71229
71230
71214
71231
71246
71247
71232
71215
71201
71186
71187
71171
71170
71155
71156
71157
71173
71172
71188
71203
71202
71216
71217
71218
71219
71204
68564
71189
71190
71174
71158
71143
68557
71130
68555
71115
71116
71098
71097
71096
71095
71094
71112
71111
71110
71125
71126
71127
71128
71113
71114
71129
71142
71141
71140
71139
71138
71153
71154
71169
71168
71152
68560
71166
71183
71197
68563
71182
71181
71180
71164
71165
71149
71148
71147
71146
71133
71132
71145
71160
71159
71175
71191
71205
71220
71236
71237
71221
71206
71192
71176
71177
71161
71162
71163
71179
71195
71209
71208
71194
71178
71193
71207
71222
71223
71224
71240
71255
71271
71288
71287
71286
71285
71268
71269
71270
71254
71239
71238
71253
71252
71251
71267
71284
71300
71316
71317
71334
71333
71349
71365
71379
71394
68305
71410
68306
71425
68307
71440
68308
71455
68309
71470
68310
71485
68311
71500
68312
71515
68313
71530
68314
71545
68315
71560
71575
71591
71592
71610
71609
68316
71625
68317
71642
71659
71676
68318
71692
68319
71709
68320
71726
71740
68321
71755
71756
71771
71770
71784
68322
71797
71811
71812
71828
71829
71813
71799
71798
71785
71786
68593
71772
68592
71758
71743
71744
71759
71760
71745
71731
71730
71712
71711
71695
71679
71680
71681
71697
71696
71713
71714
71715
71732
71733
71747
71746
71761
71775
71789
71803
68595
71817
71818
68596
68597
71845
71832
71816
71815
71801
71802
71788
71774
71773
71787
71800
71814
71830
71831
71844
71857
71871
71870
71856
71843
71842
71841
71854
71855
71869
71885
71901
71900
71899
68324
71883
71884
71868
71867
71853
68323
71840
71827
79038
77186
79039
77200
77213
77227
77226
77212
77211
77210
77224
77225
77239
77240
77241
79040
77255
77254
77253
77270
77271
77272
79041
77287
77286
77285
77303
77302
77301
77300
77318
77334
77333
77317
77299
77298
77316
74395
77315
77297
77296
77295
77294
77279
77262
77248
77234
77220
77207
77193
77192
77191
77190
77204
77217
77231
77232
77218
77205
77206
77219
77233
77247
77246
77245
77259
77260
77261
77278
77277
77292
77276
77275
77274
77273
77256
77257
77258
77244
77230
77229
77243
77242
74162
77228
74161
77214
74160
77201
74159
77187
74158
77173
74157
77159
74156
77145
74155
77130
74154
77116
77104
77091
74153
77078
77066
77050
77051
77052
77068
77067
77079
77092
77094
77106
77107
77095
77082
77083
77121
74387
77108
77096
74383
77059
77058
77057
77042
77028
77027
79574
79573
79572
81380
79571
81386
81392
81398
81412
81413
81430
81446
81445
81429
81428
81444
81461
79581
81470
81462
81463
81471
81481
82778
82779
81491
81490
81480
81479
81469
81478
81488
81498
81516
79582
81489
81499
81500
79583
82780
82781
82782
82783
81563
81570
79584
79585
81577
81584
79586
81591
81592
82784
81609
81625
81642
81641
81640
81624
81608
81607
81623
81622
81606
81590
81583
81576
81569
81562
81554
81555
81556
81539
81538
81537
81523
81515
81514
81513
81512
81511
81510
81509
81508
81507
81506
81522
81521
81528
81545
81546
81529
81530
81547
81548
81531
81532
81549
81550
81533
81534
81535
81536
81553
81552
81551
81601
81617
81634
81635
81636
81637
81620
81619
81618
81602
81603
81604
81605
81621
81638
81639
81647
81664
81663
81662
81661
81660
81659
81658
81657
81656
81655
81654
81653
81652
81667
81668
81669
81676
81683
81691
81692
79596
81693
81694
81695
81696
81697
81698
81699
81700
79597
81707
81701
79594
81685
81684
81677
81670
81678
81671
81665
79589
81648
81649
82785
79590
79591
81672
79592
81679
81686
79593
79595
81702
81708
82786
82787
81714
79598
81731
81737
81736
79600
81730
81713
81712
81729
81735
79602
81741
81742
81746
81745
81744
79603
81740
81728
81727
81726
81725
81724
81723
81722
81721
81720
79599
81719
81718
81711
81706
81690
81682
81675
81674
81681
81689
81688
81704
81705
81710
81716
81717
79601
81734
81733
81739
79332
81743
79333
81747
79334
81751
79335
81755
79604
79336
81762
81763
81764
81765
81766
81767
81768
81769
81770
81771
81772
81773
81774
81775
81776
81759
81756
81752
81748
81749
81750
82788
82789
81754
81753
81757
81758
82790
82791
81761
81760
81777
81778
81782
82792
82793
82794
82795
81794
81791
81788
81786
81785
81781
81780
81784
79606
81787
81790
81793
81796
81799
81800
81797
82796
82797
82798
81803
81802
81805
81808
81811
81812
81809
81806
82799
82800
82801
82802
81815
81814
81817
81820
81821
81818
82803
82804
77773
77791
74188
77807
77819
77836
74189
77853
77854
77864
77863
77876
77877
77865
77878
77894
77879
77880
77868
77869
74413
77881
77882
77883
77884
77885
77874
74411
77860
77859
77846
77873
77872
77871
77870
77843
77842
77858
77857
77856
77867
77866
77855
77838
77837
77820
77808
77792
77774
77758
77744
77745
77759
77776
77775
77793
77809
77810
77821
77839
77840
77841
77823
77812
77822
77811
77795
77794
77777
77760
77761
77762
77778
77796
77779
77780
77798
77797
77813
77824
77825
77826
77844
77845
77827
77828
77829
77847
77848
77830
77815
77814
77784
77783
77782
77764
77765
77766
77750
77751
77767
77785
77787
74410
77816
77833
77832
77831
77849
77850
77851
77861
77875
77889
77888
77887
77886
77898
77906
77914
77926
77925
77924
77923
77922
77921
77913
77904
77905
77897
77896
77895
77903
74414
77902
74415
77910
74416
77918
74418
77934
77942
77943
77935
77919
77911
77912
74417
77920
77936
77945
77944
77961
77960
77976
77975
77959
77958
77941
77933
77917
77909
77901
77893
74190
77892
77900
77908
77916
77932
77939
77940
77957
77974
77981
77988
77995
78004
78013
78012
78003
77994
77987
77980
74192
77973
74191
77956
82813
82812
82811
82810
82809
82808
81928
82807
81912
81911
79614
81910
79613
81894
79611
79612
81895
81879
82806
82805
81873
79610
81857
81853
79609
81852
81836
81835
81834
81833
81832
81831
81830
81829
81828
81827
81826
81825
81824
81823
79607
81816
81813
81810
81807
81804
81801
81798
81795
81792
81789
79605
79337
81779
79338
81783
79339
79340
79341
79342
79343
79344
79345
79346
79347
79348
79349
81819
81822
79350
79351
81837
81854
81855
81859
81875
81876
81860
81838
81856
79608
81839
81840
81841
81842
81843
81844
81845
81846
81847
81848
81849
81850
81851
81878
81872
81871
81870
81869
81868
81867
81866
81865
81864
81863
81862
81861
81877
81883
81899
81898
81882
81881
81897
81914
81930
81931
81915
81932
81916
81917
81933
81934
81935
81950
81949
81948
81965
81982
81981
81964
81947
81946
81945
81963
81980
81979
81996
81997
82014
82015
81998
81999
82000
81983
81966
81967
81951
81936
81920
81902
81919
81918
81901
81900
81884
81885
81886
81887
81903
81904
81888
81889
81890
81891
81908
81892
81893
81909
79615
81927
79616
81943
79617
81960
79618
81977
81994
81993
81976
81959
81958
81957
81956
81955
81954
81939
81940
81941
81942
81926
81925
81924
81907
81906
81923
81905
81921
81922
81938
81937
81952
81953
81970
81971
81988
81987
81986
81969
81968
81985
81984
82001
82002
82003
82004
82005
82006
81989
81972
81973
81990
82007
82008
81991
81974
81975
81992
82009
82010
82011
82016
82021
79619
79620
82814
82033
82037
82815
82816
82041
82817
82818
82045
79622
82062
82080
82097
82079
82078
82061
82060
82077
82094
82095
82096
79623
82102
82118
82119
82136
82135
79626
82141
82146
82819
78167
78184
78201
78202
78185
78168
78169
78170
78160
78161
78152
78151
78134
78150
78159
78158
74196
78149
74195
78132
78133
78123
78122
74194
78111
78101
78112
78113
78103
78102
78092
78091
74193
78073
78074
78056
78055
78038
78021
78022
78039
78040
78023
78024
78014
74424
78005
74423
77996
74421
77989
74419
77982
77983
77990
77997
78006
78015
78025
78041
78042
78043
78060
78061
78044
78027
78026
78016
78007
77998
77991
77984
77977
77962
77963
77946
77947
77964
77965
77948
77949
77966
77967
77950
77968
77978
77985
77992
77999
78008
78017
78033
78032
78050
78049
78066
78084
78083
78082
78081
78063
78046
78047
78064
78065
78048
78031
78030
78029
78028
78045
78062
78080
78095
78079
78078
78077
78059
78058
78057
78075
78076
78094
78093
78104
78114
78115
78125
78124
78135
78136
78137
78162
78153
78138
78126
78116
74427
78105
74428
78139
78140
78141
78142
78143
78127
78117
78106
78096
78107
78097
78087
78086
78085
78067
78068
78051
78034
78035
78069
78070
78088
78098
78099
78089
78071
78053
78052
74426
78036
78019
78018
78009
78010
78001
78000
74422
77993
77986
77979
77971
77972
77955
77954
77953
77970
77969
77952
77951
77937
77927
77928
77938
77929
77930
77931
79069
79070
79071
79072
79073
74420
78002
78011
79074
79075
78020
74425
78037
79076
79077
78054
78072
78090
78100
79078
79079
78110
78121
79080
79081
78131
78130
78148
78147
78129
78120
78109
78108
78119
78118
78128
78146
78156
78165
78164
78155
78145
78144
78154
78163
78179
78178
78177
78176
78193
78192
78175
78174
78173
78172
78171
78188
78187
78186
78203
78204
78205
78206
78189
78190
78191
78208
78209
78210
78227
78226
78243
78244
78245
78228
78229
78246
78247
78230
78231
78248
78257
78267
78277
78287
78296
74430
78288
78278
78268
78258
78249
78250
78259
78269
78270
78260
78251
78234
78233
78232
78215
78216
78217
78200
78199
78198
78197
78214
78213
78212
78211
78194
78195
78196
78180
78181
78182
78183
78166
78157
79082
79083
79084
79085
79086
79087
79088
79089
79090
78261
79091
78271
78281
79092
79093
78291
78290
78280
78279
78289
78297
78298
78299
78315
78316
78326
78335
79094
79095
78344
78353
78363
79096
79097
78373
79098
78383
78382
78381
78371
78372
78362
78352
78351
78361
78350
74432
78341
78332
78323
78333
78342
78343
78334
78325
78324
78314
78313
78312
78322
74431
78311
78310
78309
78308
78307
78306
78321
78331
78340
78349
78358
78368
78378
78388
78398
78408
78407
74433
78397
78387
78377
78367
78357
78348
78339
78330
78320
78319
78329
78338
78347
78356
78366
78376
78386
78396
78406
78422
78431
74434
78440
78449
74436
78458
78457
78448
78447
78456
78473
78474
78475
78476
78459
78460
78477
78487
78497
74440
78506
78517
78518
78519
78520
78521
78522
78523
78524
78525
74442
78508
78507
74441
78498
78488
78499
78500
74439
78501
78491
74438
78481
78471
74437
78470
78469
78480
78490
78489
78479
78468
78467
78478
78466
78465
78464
78463
78462
78461
78450
78441
78432
78423
78409
78410
78411
78412
78413
78414
78424
78433
78434
78443
78442
78451
78452
78453
78444
78435
78426
78425
78415
78399
78389
78379
78369
78359
78360
78370
78380
78390
78391
78401
78400
78416
78417
78418
78402
78392
78393
79099
79100
78403
78419
78427
78428
79101
79102
78437
78436
74435
78445
78454
79103
73063
68361
73047
73064
73071
73079
73078
68362
73094
73111
68363
73127
68364
73138
68365
73149
68366
73166
73167
73168
73151
73150
73139
73140
73129
73113
73128
73112
73095
73096
73080
73072
68661
73065
73048
73040
73039
68360
73032
68659
73025
73024
68359
73017
73009
73016
68358
73008
68357
73000
68356
73001
72993
68658
72986
72985
72977
68355
72961
72952
68354
72943
72944
72945
72954
72963
72964
72965
72955
72946
68654
72937
72936
68653
72928
68651
72929
72912
68650
72879
72878
72895
72911
72927
72935
72934
72926
72910
72894
72877
72860
72843
72826
72827
72828
72845
72844
72861
72862
72863
72830
72821
72822
72831
72832
72849
72850
72833
72834
72851
72868
72853
72871
72904
72903
72919
72920
72949
72958
68655
72974
72982
72983
72975
72976
73938
73939
72984
72992
73940
72999
73007
73941
73942
73015
73014
73022
73021
73013
73005
73006
72998
72991
72997
72990
72989
68657
72996
73004
73012
73020
73028
73035
73043
73060
73044
73036
73029
73030
73031
73023
73943
73944
73945
73038
73037
73045
68660
73061
73062
73046
73946
73947
73948
73070
73949
73077
73093
73092
68662
73076
73069
73075
73068
73059
73058
73057
73056
73055
73054
73053
73052
73051
73042
73034
73027
73019
73011
73010
73018
73026
73033
73041
73049
73050
73066
73067
73074
73073
73082
73081
68663
73097
68664
73114
73115
73098
73083
73084
73099
68665
73116
73117
73118
73119
73120
73121
73105
73104
73103
73102
73101
73100
73085
73086
73087
73088
73089
73090
73091
73106
73107
73108
73109
73110
73126
73137
73950
73951
73148
73147
73146
73164
73176
73165
73177
73188
73187
73197
73198
73207
73208
73219
73229
73953
73952
67333
67344
67356
67369
67370
67386
67385
67401
67400
67384
67366
67382
67383
67399
63000
67410
67411
67412
63002
67427
67436
67444
67450
62734
67442
67434
73960
73358
73357
73349
73350
73959
73958
73957
68681
73300
73283
73956
73272
73282
73281
73280
73270
68676
68677
73271
73255
73256
73955
73954
73246
73245
68675
73228
73218
73217
73206
73196
73186
73174
73175
73163
73162
73145
73134
73135
73136
73125
73124
73123
73122
73133
73144
73161
68667
73160
73159
73158
73157
73156
73155
73154
73143
73132
73131
73130
73141
73142
73153
73152
68666
73169
73170
73171
73172
68668
68670
68672
68671
73184
73173
68669
73185
73195
68673
73205
73216
73227
73226
73244
73254
73243
73242
73241
73240
73239
73238
73237
73253
73236
73225
73224
73235
73234
73223
73213
73212
73211
73210
73200
73190
73191
73201
73202
73192
73193
73203
73214
73215
73204
73194
73183
73182
73181
73180
73179
73178
73189
73199
68367
73209
73220
73231
73230
68368
73247
73257
73248
73249
73232
73221
68674
73222
73233
73250
73251
73252
73262
73261
73276
73287
73286
68679
73275
68678
73260
73259
73258
73274
73273
68369
73284
73285
73302
73303
73304
73305
73322
73332
73331
73346
73345
68683
73330
73321
73320
73319
73328
73329
68684
73353
73354
73362
73371
73380
73396
73397
73381
73382
73398
73399
73383
73400
73384
73385
73401
73402
73386
73336
73335
73334
73333
68682
73308
73309
73291
73290
73289
73307
73306
73288
73277
73278
73263
73264
73265
73266
73267
73268
73269
73279
73296
73314
73313
73295
73294
73293
73292
73310
73311
73312
73337
73338
73339
73323
73324
73315
73297
73298
73299
68680
73316
73325
73342
73341
73340
73348
73347
73355
73363
73372
73387
73388
73389
73374
73373
73364
73356
68685
73365
73366
68687
73375
73390
73391
73407
73415
73414
73406
73405
73413
73404
73403
68692
73412
73420
73421
73428
73445
73446
73429
73422
73961
73962
73963
73964
73965
73966
73967
73968
73969
73970
73971
73972
73973
73538
73974
73975
73564
73580
73596
73603
73976
73977
73609
73608
73602
73601
73607
73624
73623
73622
73621
73620
73619
73618
73617
73616
73615
73614
73606
73600
73585
73586
73587
73588
73589
73590
73591
73592
73593
73577
73576
73575
73574
73573
73572
73571
73570
73559
73569
73584
73568
73558
73557
73567
73566
73582
73583
73598
73599
73605
73613
73604
68702
73597
68380
73581
73565
73556
68379
73539
73531
73524
73517
73518
68694
73511
73503
73502
73510
73509
68378
73501
68377
73493
68376
73485
68375
73478
73486
73494
73495
73487
73479
73480
73473
68693
73472
73465
73466
73467
73474
73481
73489
73488
73496
73497
73505
73504
73512
73519
73513
73520
73527
73534
73533
73526
68695
73525
68696
73532
73540
73541
73542
73543
73544
73545
73546
73547
73548
73549
73550
73551
73552
73553
73560
73561
68698
73578
73594
68700
73562
68699
68701
73595
73579
73563
73554
73555
73537
73536
73535
68697
73528
73521
73522
73529
73530
73523
73516
73508
73500
73499
73507
73515
73514
73506
73498
73490
73491
73492
73484
73483
73482
73475
73468
73469
73476
73477
73470
73463
73462
73461
73444
73427
73443
73460
73459
73458
73442
73441
73440
73439
73457
73456
73455
73438
73437
73454
73453
73436
73435
73452
73451
73450
73433
73434
73426
73425
73418
73419
73411
73410
68691
73409
73417
73424
73432
73449
73448
68374
73471
73464
68373
73447
73430
73431
73423
68372
73416
68371
73408
73392
73393
73394
68688
73378
68689
73395
68690
73379
73370
68686
73361
73369
73368
73377
73376
73367
73359
68370
73360
73352
73351
73343
73326
73344
73327
73318
73317
73301
79108
78592
74449
78575
74448
78568
78569
78553
79107
78547
74444
78540
78541
79106
78534
79105
79104
78527
78510
78509
78526
78533
78532
78539
78546
78552
78567
78566
78565
78564
78563
78562
78561
78560
78559
78551
78545
78538
78531
78516
78515
78514
78505
78504
78494
78495
78496
78486
78485
78484
78483
78493
78492
74217
78482
74216
78472
74215
78455
74214
78446
74213
78438
78439
78430
78421
78429
74212
78420
74211
78404
74210
78405
78395
78385
78375
78365
78355
78346
78337
78328
78318
78301
78302
78293
74429
78283
78273
78263
78284
78274
78264
78254
78255
78265
78275
78285
78294
78303
78304
78305
78295
78286
78276
78266
78256
78241
78242
78225
78207
78224
78223
78240
78239
78222
78221
78238
78237
78220
78219
78218
78235
78236
78253
74197
78252
74198
78262
74199
78272
74200
78282
78292
78300
74201
78317
74202
78327
74203
78336
74204
78345
74205
78354
74206
78364
74207
78374
74208
78384
74209
78394
82831
82832
82303
82300
82297
82830
82829
82294
82293
82296
82299
82302
82305
82306
82833
82834
82309
82327
82330
82835
82836
82332
82349
82348
82331
82329
82326
82308
82325
82324
82323
82322
82321
82320
82319
82318
82317
82316
82315
82314
82313
82312
82311
79642
79643
82334
82335
82352
82353
82336
82337
82338
82339
82340
82357
82358
82359
82341
82342
82343
82360
82377
82376
82375
82374
82373
82356
82355
82372
82354
82371
82370
79646
82369
82368
82351
79644
79645
82385
82389
82390
82395
82400
82394
82393
79392
82388
79391
82384
82367
79390
82350
79389
82333
79388
82328
79387
82310
82307
79386
82304
79385
82301
79384
82298
79383
82295
79382
82292
79381
82289
79380
82286
79379
82283
79378
82280
79377
82264
79376
82260
79375
82244
79374
85832
85405
83386
83385
83384
83383
85394
85831
85830
85391
85388
85829
85828
85385
85384
85387
85390
85393
85396
85398
85400
85402
85404
85407
85408
85833
85834
85411
85410
85413
85416
85417
85414
85835
85836
85837
85420
85419
85422
85423
85838
85839
85426
85425
85428
85429
85840
85841
85433
85452
85842
85455
85474
85473
83389
85475
85476
83390
83391
85477
85843
85478
85479
85844
85845
85480
85481
85846
85847
85482
83392
85848
85849
85850
85851
85502
85501
85500
85499
85498
85497
85496
85495
85494
85493
85492
85491
85490
85489
85488
85487
85486
85485
85484
85483
83209
83210
83211
83212
83213
83214
83215
83216
83217
83218
83219
85512
85513
85514
85515
85516
85517
85518
85519
85520
85521
85522
85523
85524
85525
85526
85527
85528
85529
85530
85532
85861
85862
85534
85536
85863
85864
85538
83393
85557
85865
85866
85560
85559
85556
85555
85554
85553
85552
85551
85550
85549
85548
85547
85546
85545
85544
85543
85542
85541
85540
83220
85531
83221
85533
83222
85535
83223
85537
85539
83224
85558
83225
85561
83226
85564
83227
85567
83228
85570
83229
85573
83230
85576
83231
85579
83232
85582
83233
85585
83234
85588
83235
85591
83236
85594
83237
85597
83238
85600
83394
83239
83240
83241
83242
83243
83244
83245
83246
83247
83248
83249
83250
83251
83252
83253
85625
83254
83255
83256
83257
85626
85627
85628
85629
85630
85631
85632
85633
85634
85635
85636
85637
85638
85639
85640
85641
85642
85643
85894
85895
85896
85644
85645
85897
85898
85646
85647
85899
79440
79439
79438
79437
79436
79435
79434
79433
79432
82650
82651
82633
82634
82635
82652
82653
82654
82636
82637
82655
82656
82657
82638
82639
82640
82658
82641
82659
82660
82642
82643
82661
82662
82663
82644
82645
82646
82664
82665
82647
82648
82666
82667
82873
82874
82875
82876
82877
82878
82879
82880
82881
78883
74263
78882
74262
78881
74261
78880
74260
78879
74259
78878
74258
78877
74257
78876
74256
78859
74255
78841
78842
74474
78860
78843
78844
78826
78825
78824
78822
78820
78817
78814
78811
78808
78805
78802
78799
78796
78793
78789
78785
78782
78779
78776
78773
78770
78767
78763
78759
78755
78750
78746
78743
78740
78737
78733
78717
78712
74225
78711
74226
78716
74227
78732
74228
78736
74229
78739
74230
78742
74231
78745
74232
78749
74233
78754
74234
78758
74235
78762
74236
78766
74237
78769
74238
78772
74239
78775
74240
78778
74241
78781
74242
78784
74243
78788
74244
78792
74245
78795
74246
78798
74247
78801
74248
78804
74249
78807
74250
78810
74251
78813
74252
78816
74253
78819
74254
78821
78823
82649
82872
82871
82870
82869
82868
82867
82866
82865
82864
82863
82862
82861
82860
82859
82858
82857
82856
82855
82854
82853
82852
82851
82631
82630
82629
82628
82627
82626
82625
82624
82623
82622
82621
82620
82619
82618
82617
82616
82615
79410
79411
79412
79413
79414
79415
79416
79417
79418
79419
79420
79421
79422
79423
79424
79425
79426
79427
79428
79429
79430
79431
82632
85893
85892
85891
85624
83396
85623
85621
83395
85622
85890
85889
85620
85619
85617
85618
85888
85887
85616
85615
85613
85614
85886
85885
85612
85611
85609
85610
85884
85883
85608
85607
85605
85603
85604
85606
85882
85881
85602
85880
85879
85599
85601
85598
85595
85596
85878
85877
85593
85592
85589
85590
85876
85875
85874
85873
85581
85584
85587
85586
85583
85580
85577
85578
85575
85574
85571
85568
85565
85562
85563
85867
85868
85566
85569
85869
85870
85572
85871
85872
79409
82614
79408
82613
79407
82611
79406
82608
79405
82605
79404
82602
79403
82599
79402
82581
82564
79401
82547
79400
82542
79399
82543
82525
79398
79397
82508
82491
79396
82487
85857
85858
85859
85860
85511
85510
85509
85508
85507
85856
85855
85506
85505
85854
85853
85504
85503
85852
82454
82437
82438
82439
82440
82457
82456
82455
79649
82471
82475
79650
79651
82479
79652
82483
79653
82488
82492
82509
82526
82544
79655
82549
82566
82565
82548
79656
82582
82583
82584
82585
82586
82568
82567
82550
82551
82552
82569
82587
82588
82570
82553
82554
82555
82556
82557
82558
82575
82574
82573
82572
82571
82589
82590
82591
82592
82593
82594
82595
82577
82576
82559
82560
82561
82562
82545
82540
82523
82539
82538
82537
82536
82535
82518
82517
82534
82533
82532
82531
82530
82513
82512
82529
82528
82527
82510
82493
82494
82511
82495
82496
82497
82514
82515
82498
82499
82516
82500
82501
82502
82519
82520
82503
82504
82521
82522
82505
82506
82489
79654
82484
82485
82480
82476
82472
82468
82451
82432
82431
82430
82448
82449
82450
82467
82466
82465
82464
82463
82462
82461
82460
82443
82424
82442
82459
82458
82441
82423
82422
82421
82420
79395
82403
79394
82398
79393
82399
79648
82404
82405
82406
82407
82408
82425
82444
82445
82427
82426
82409
82410
82411
82428
82446
82447
82429
82412
82413
82414
82415
82416
82417
82433
82434
82452
82469
82473
82470
82453
82435
82418
82401
79647
82396
82391
82386
82382
82381
82380
82363
82362
82379
82378
82361
82344
82345
82346
82347
82364
82365
82366
82383
82387
82837
82838
82392
82839
82397
82402
82419
82436
82840
82841
82842
82474
82843
82478
82477
82481
82482
82844
82845
82486
82490
82507
82524
82541
82846
82546
82563
82580
82579
82578
82596
82597
82598
82601
82600
82603
82606
82609
79657
79659
79658
82612
82610
82850
82849
82607
82604
82848
82847
78689
78705
78706
78690
78691
78673
78672
78671
78667
78663
74224
78646
74223
78629
74222
78630
74456
78647
78648
78631
74455
78625
78608
78609
78603
78597
78580
78579
78596
78595
74452
78602
78607
78624
78623
74221
78606
78601
78593
78594
78578
78577
78576
78570
78554
78548
74220
78542
74219
78535
74218
78528
78511
78502
78503
78512
78513
74443
78529
78530
78537
78544
78536
78543
78549
74445
78555
74447
78571
78572
74446
78550
78556
78557
78558
78573
78582
78581
78598
74450
78583
78584
78585
78586
78587
78588
78589
78590
78574
78591
78599
74453
78604
74451
78600
78605
74454
78622
79109
79110
78628
78645
78662
79111
78666
78670
74458
78669
78665
78659
78658
78657
78656
78639
78640
78641
78642
78660
78661
78644
78643
78627
78621
78620
78619
78618
78617
78616
78615
78614
78613
78612
78611
78610
78626
78632
78633
78634
78635
78636
78637
78638
78655
78654
78653
78652
78651
78650
78649
78664
74457
78668
78674
78675
78693
74461
78692
78707
78713
74463
78718
78719
78720
78721
78722
78723
78724
78725
78726
78727
78728
78738
78734
78729
78714
78715
78709
78708
74462
78702
78701
78700
78699
78698
78697
78696
78695
78694
78676
78677
78678
78679
78680
78681
78682
78683
78684
78685
78686
74459
78703
78704
78687
78688
74460
78710
79112
78731
78730
74464
78735
79113
79114
74465
74466
78741
78744
78747
78751
74467
78756
78752
78748
79115
78753
78757
78761
78760
74468
74469
78764
74470
78765
78768
79116
78771
78774
79117
79118
78777
79119
78780
78783
74471
78786
78787
79120
79121
78791
74472
79122
79123
79124
79125
79126
79127
79128
79129
79130
78818
74473
78815
78812
78809
78806
78803
78800
78797
78794
78790
78827
78828
78829
78830
78831
78849
78848
78847
78846
78845
78861
78862
78863
78864
78865
78866
78867
78850
78832
78833
78851
78868
78869
78870
78853
78852
78834
78835
78836
78854
78871
78872
78873
78856
78855
78837
78838
78839
78840
78857
78874
78858
78875
79131
79132
79133
79134
79135
79136
79137
73779
68393
73772
68392
73765
68391
73758
68390
73751
68389
73744
68388
73737
68387
73721
73703
73704
73686
73687
73688
73671
73664
73663
73670
73669
73685
73668
73662
68386
73656
68385
73650
68384
73639
68383
73633
68382
73627
68381
73610
73611
73612
73628
73634
73635
73629
73630
73636
73642
73647
73653
73652
73646
73641
73640
68703
73645
73651
73657
73658
73659
73665
73672
73673
73690
73689
73708
73709
73725
73724
68705
73707
73706
73705
68704
73722
73723
73740
73739
73738
73745
73746
73747
73754
73753
73752
73759
73766
73767
73760
73761
73768
73775
73782
73789
73788
73781
73774
73773
73780
73787
68394
73786
79138
16
17
0
