0
1
3
2
4
5
194
195
193
192
190
191
189
188
186
187
185
184
182
183
181
180
178
179
177
176
174
175
173
172
170
171
169
168
166
167
165
164
162
163
161
160
158
159
157
156
154
155
153
152
1792
1793
1794
1795
1796
1797
1798
1799
1800
1801
1802
1803
1804
1805
1806
1433
1807
1808
1809
1810
1811
1812
1813
1814
1815
1816
1817
1818
1819
1820
1821
1822
1823
1434
1348
1347
1346
1345
1344
1343
1342
1341
1340
1339
1338
1337
1336
1335
1334
1333
1332
1331
1330
1432
1329
1328
1327
1326
1325
1324
1323
1322
1321
1320
1319
1318
1317
1316
1431
1315
1314
1313
1312
1311
1310
1309
1308
1430
1307
1306
1305
1304
1303
1302
1301
1300
1299
1298
1297
1296
1295
1294
1293
1292
1291
1290
1289
1288
1287
1286
11099
7885
11098
7884
11097
7883
11096
7882
11095
7881
11094
7880
11093
7879
11092
7878
11091
7877
11090
7876
11089
7875
11088
7874
11087
7873
11086
7872
11085
7871
11084
7870
11083
7869
11082
7868
11081
7867
11080
7866
11079
7865
11078
7864
11077
7863
11076
7862
11075
7861
11074
7860
11073
7859
11072
7858
11071
7857
11070
7856
11069
7855
11068
7854
11067
7853
11066
7852
11065
7851
11064
7850
11063
7849
11050
11051
11052
11053
11054
11055
11056
11057
11058
11059
11060
11061
11062
8065
11049
11047
11045
11043
11041
11039
11037
11035
11033
11031
11029
11027
11025
11023
11021
11019
11017
11015
11013
11011
11009
11007
11005
11003
11001
10999
10997
10995
10993
10988
10987
10986
10985
10984
10983
10982
10981
10980
10979
10978
10977
10976
10975
7820
10992
7821
10994
7822
10996
7823
10998
7824
11000
7825
11002
7826
11004
7827
11006
7828
11008
7829
11010
7830
11012
7831
11014
7832
11016
7833
11018
7834
11020
7835
11022
7836
11024
7837
11026
7838
11028
7839
11030
7840
11032
7841
11034
7842
11036
7843
11038
7844
11040
7845
11042
7846
11044
7847
11046
7848
11048
15484
15485
15486
15487
15488
15489
15490
11846
11847
11848
15491
15075
15078
15492
15493
15494
15495
15496
15497
15498
15499
15500
15501
15502
15503
15504
15505
15506
15507
15508
15509
15510
15511
15512
15513
15514
15515
15516
15517
15518
15519
15520
15521
15522
15523
15524
15525
15526
15527
15528
15232
11640
15231
11639
15230
11638
15229
11637
15228
11636
15227
11635
15226
11634
15225
11633
15224
11632
15223
11631
15222
11630
15221
11629
15220
11628
15219
11627
15218
11626
15217
11625
15216
11624
15215
11623
15214
11622
15213
11621
15212
11620
15211
11619
15194
15195
15196
15197
15180
15163
15162
15179
15178
15177
15160
15161
15144
15143
15126
15127
15128
15145
15146
15129
15130
15147
15148
15131
15132
15149
15166
15167
15150
15133
15134
15151
15168
15169
15170
15153
15152
15135
15136
15137
15138
15155
15154
15171
15187
15186
15185
15184
15183
15182
15165
15164
15181
15198
15199
15200
15201
15202
15203
15204
15205
15188
15189
15206
15207
15208
15191
15174
15175
15192
15209
15210
15193
15176
15159
15158
15157
15173
15190
15172
15156
15139
15140
15141
15142
15125
15123
15121
15119
15117
15115
15113
15111
15095
15094
15093
15110
15109
15108
15092
15107
15091
15090
15106
15105
15104
15089
15088
15087
15103
15102
15086
15085
15101
15100
15099
15098
15097
11850
11851
11852
11853
11618
15124
15122
11617
15120
11616
15118
15116
15114
15112
15096
15079
15080
15081
15082
15083
15084
11849
15077
15076
11615
15074
15073
11614
15072
11613
15071
11612
15070
11611
15069
11610
15068
11609
15067
11608
15066
11607
15065
11606
15064
11605
15063
11604
15062
11603
15061
11602
15060
11601
15043
15041
11600
15039
11599
15037
11598
15035
11597
15018
15001
15019
15002
15003
15020
15021
15022
15005
15004
14987
14986
14985
14984
14983
11596
14982
11595
14981
11594
14980
11593
14979
11592
14978
11591
14977
14975
11590
14973
11589
14970
11588
14967
11587
14968
14971
14974
14976
11845
14988
14989
14990
14991
14992
14993
15010
14994
15011
15012
14995
14996
15013
15014
14997
14998
14999
15000
15017
15034
15033
15016
15015
15032
15031
15030
15029
15028
15027
15026
15025
15009
15008
15007
15024
15006
15023
15044
15045
15046
15047
15048
15049
15050
15051
15052
15053
15054
15055
15056
15057
15058
15059
15483
15482
15481
15480
15479
15478
15042
15040
15477
15476
15038
15036
15475
15474
15473
15472
15471
15470
15469
15468
15467
15466
15465
15464
15463
14972
11844
14969
14966
14964
14961
14958
14955
14937
14935
14918
14901
14884
14867
14850
14849
14848
14847
14845
14862
14861
14878
14879
14880
14896
14895
14894
14877
14876
14891
14892
14893
14910
14911
14912
14915
14913
14930
14929
14932
14933
14916
14899
14900
14917
14934
14954
14953
14952
14951
14950
14949
14948
14947
14946
14945
14944
14943
14942
14941
14940
14939
11584
14956
11585
14959
14962
11586
14963
11843
14965
14960
14957
14936
11842
14920
14919
14902
14885
14886
14903
14904
14921
14922
14905
14888
14887
14871
14872
14857
14856
14855
14854
14838
14837
14836
14853
14870
14869
14868
14851
14852
14835
14834
14817
14818
14819
14820
14821
14822
14839
14840
14823
14824
14825
14826
14828
14827
14844
14843
14860
14859
14842
14841
14858
14875
14874
14873
14890
14889
14906
14923
14924
14907
14908
14925
14926
14909
14927
14928
14931
14914
14897
14898
14881
14882
14883
14866
14865
14864
14863
14846
14829
14830
14831
14832
14833
14815
14811
14807
14808
15446
15447
14812
14816
15448
15449
15450
15451
15452
15453
15454
15455
15456
14938
15457
15458
15459
15460
15461
15462
10973
7819
10971
7818
10969
7817
8063
10966
7816
10964
7815
10962
7814
10945
10946
10947
10948
10949
10950
10951
10952
8062
10940
7813
10937
7812
10934
7811
10931
7810
10928
7809
10925
7808
10922
7807
10919
7806
10916
7805
10913
7804
10910
7803
10907
7802
10904
15445
14804
14803
14799
14800
15444
15443
11841
11839
14761
11838
14776
14779
14796
14795
14794
14793
14792
14791
14790
14789
14788
14787
14786
14785
14784
14783
14782
14781
14798
14802
14806
14810
14814
14813
11583
14809
11582
14805
11581
14801
11580
14797
11579
14780
14777
14778
14762
14763
14747
14731
14746
11578
14730
14713
14714
14715
14716
14717
14734
14733
14732
11837
14748
14749
14764
11840
14765
14766
14767
14751
14750
14735
14718
14719
14736
14737
14752
14768
14769
14770
14771
14754
14739
14753
14738
14720
14721
14722
14723
14740
14755
14756
14772
14773
14774
14775
14760
14759
14758
14757
14741
14724
14725
14742
14743
14726
14727
14744
14728
14729
11836
14745
15442
15441
15440
14712
14711
11834
14708
14692
15439
15438
14688
14687
14691
14707
14706
14705
14704
14703
14702
14701
14700
14699
14698
14697
11835
14696
14695
14710
14709
14693
14694
14690
14686
14689
11577
14685
11576
14668
11575
14651
14649
11574
14647
11573
14644
11572
14641
14637
11571
14621
11570
14605
11569
14599
14592
14600
14606
14622
14638
11831
14623
11830
14607
14601
11827
14594
14593
11826
14577
14576
14575
14569
20420
19092
20421
19101
19110
20422
20423
19126
15941
15943
15944
20424
19170
19186
15947
19169
19158
19147
19146
19157
19168
19167
19156
19145
19134
19135
19136
19125
19124
19123
19108
19109
19100
19091
19081
19080
19079
19062
19063
19046
19045
19044
19061
19060
19059
19042
19041
19058
19075
19076
19077
19078
19088
19097
19089
19090
19099
19098
19107
19106
15940
19122
19121
19132
19133
19144
19143
19154
19155
19166
15946
19183
19198
19214
19213
19197
19182
19165
19194
19193
19153
15942
19120
19119
19118
19117
19116
19115
19114
19113
19129
19128
19112
19103
19102
19111
15698
19127
19137
15699
19148
19149
19138
19139
19140
19141
19130
19131
19142
19152
19151
15945
19162
19175
15948
19190
15950
19206
19223
15952
19247
19246
19245
19262
19263
19264
19265
19248
19249
19266
19267
19250
19251
19268
19269
19270
19279
19288
19289
19290
19299
19298
19297
15956
19314
19315
19316
19333
19343
19353
19352
19362
19372
19371
15962
19388
19389
19407
19406
19414
19415
19416
19433
19432
19431
19440
15967
19457
19458
19476
19492
19507
19508
19525
19535
19536
19526
19509
19493
15969
19477
15968
19478
20440
20441
19494
19510
20442
20443
19527
20444
19537
19545
19546
20445
20446
19556
19566
20447
20448
19576
19586
20449
20450
19595
20451
19605
20452
19631
19621
19604
19594
19585
19584
19593
19592
19602
19603
19619
19620
19630
19629
19637
19638
19639
19656
19673
20453
20454
19681
19680
19672
19655
19654
19671
19670
15979
19653
19652
19651
19650
19649
19648
19647
19646
19645
19644
19662
19663
19664
19665
19666
19667
19668
19669
19678
19686
19694
19702
19710
19718
19717
19725
19742
19759
19743
19726
19727
19719
19712
19711
19703
19704
19696
19695
19687
19679
19688
19697
19689
20455
20456
20457
19705
19713
20458
20459
19720
20460
20461
19728
15982
19744
15984
19760
19770
19780
19790
20462
19801
19800
19817
19818
19833
19844
19855
19872
20463
20464
20465
19896
19884
19871
19854
19853
19870
19882
19883
19895
19907
19908
20466
20467
20468
20469
15998
19919
19918
19936
15999
19953
19964
19979
19987
19986
19978
19963
19952
19935
19934
19933
19932
19949
19950
19951
19961
19962
19977
19976
19984
19985
20001
20002
20003
20470
20010
16007
20017
20009
20008
16006
20000
16005
16004
19975
19960
19959
16001
19948
19947
19946
19945
19928
19929
19930
19931
19913
19902
19890
19891
19892
19893
19905
19904
19903
19914
19915
19916
19917
19906
19894
19881
19880
19879
19878
19867
19866
19865
19864
19863
19862
15995
15996
19901
19912
19911
15997
19900
19888
19889
19877
19876
19859
19858
19875
19887
19899
19898
19897
15724
19885
19886
19874
19873
19856
19845
19857
19846
19835
19834
15723
19819
19820
19836
19847
19848
19837
19838
19849
19860
19861
15992
19824
15988
19807
19808
19825
19826
19809
19810
19811
19827
19828
19850
19839
19812
19796
19813
15989
19829
19840
15993
19851
15994
19868
19869
19852
19841
15991
15990
19814
19797
19798
19815
19830
19842
19843
19832
19831
19816
19799
19789
19779
19769
19768
19767
19758
15983
19757
19766
19776
19777
19778
19788
19787
19786
15987
15986
15985
19756
19741
19740
19755
19739
19738
19737
19754
19753
19736
19752
19751
19750
19735
19734
19724
15981
15980
19693
19685
19684
19692
19691
19699
19700
19701
19709
19708
19716
19722
19723
19731
19730
19746
19762
19772
19782
19792
19793
19783
19784
19774
19773
19763
19747
19764
19748
19732
19733
19749
19765
19775
19785
19795
19794
19805
19806
19823
19822
19821
19804
19803
19802
15722
19791
15721
19781
15720
19771
15719
19761
15718
19745
19729
19721
19714
19715
19707
19706
15717
19698
15716
19690
15715
19682
15714
19683
19675
19676
19677
19660
19661
19643
19642
19659
19658
19657
15713
19674
25345
25344
24669
24668
24677
24676
24667
24650
24633
24651
24652
24634
20954
24617
25343
25342
25341
24610
24602
20952
24601
24593
24594
24595
25340
25339
24586
24585
24584
24583
24592
24600
24608
24609
24616
24615
24632
24631
24648
24649
20955
24666
24675
24674
24682
24683
24684
24685
24686
24678
25346
25347
24694
24703
25348
25349
24712
25350
24721
24729
20961
24720
24711
24710
24701
24702
24693
24692
24691
24690
24699
24700
24709
24708
24717
24718
24719
24728
24727
24735
24726
24734
24742
24743
24751
24750
24758
20967
24765
24759
24760
24752
24744
24736
20963
24737
25351
24745
24753
20964
20965
24761
24768
24784
24783
24799
24800
24817
24824
25352
25353
24830
24836
25354
25355
24841
24846
20973
24840
24839
24834
24835
24829
24828
24822
24823
24816
24815
24798
24782
24767
24766
24797
24814
24813
24796
24781
24795
24780
24779
24794
24812
24811
24810
24793
24778
24777
24792
24809
24808
24807
24806
24789
24790
24791
24776
24775
24774
24773
24788
24805
24804
20970
24820
24821
20971
20972
24844
24838
24837
20686
24842
24843
24848
24847
24863
24881
20687
24899
20688
24916
24900
24917
20689
24920
20690
24937
20691
24942
24947
24948
24943
24944
24939
24938
24921
20976
24922
24923
24924
24925
24926
24927
24928
24929
24930
24931
24932
24933
24934
24935
24918
24919
25356
24915
24898
24880
24879
24878
24895
24896
24897
24914
24913
24912
24911
24910
24909
24908
24907
24906
24890
24889
24888
24905
24904
24903
24902
24885
24884
24901
20975
24883
24882
24864
24865
24849
24850
24866
24867
24851
24852
24868
24886
24887
24869
24853
24854
24870
24871
24855
24872
24856
24857
24858
24874
24873
24891
24892
24893
24894
24875
24859
24860
24876
24877
24861
24845
20974
24862
19909
19910
19922
19923
19924
19925
19926
19927
19944
16000
19943
19942
19941
19958
19957
19967
16003
16002
19968
19969
19970
19971
19972
19973
19974
19983
19999
19998
19997
19996
19995
19994
19993
19992
19991
19990
20007
20014
20021
20020
20029
20028
20036
20035
20027
20019
20012
20013
20006
20005
19989
19981
19982
19966
19955
19956
19940
19939
19938
19921
19920
19937
19954
19965
19980
19988
15725
20004
15726
20011
15727
20018
15728
20026
20034
20052
20060
20068
20075
20082
20081
20080
20074
20067
15729
20059
20051
25364
25365
25366
20981
25367
25032
25036
25368
25369
25040
25039
25035
25031
25028
25025
25022
25019
25016
20980
25013
25012
25011
25010
25009
24993
24994
24977
24971
24965
24966
24972
24978
20979
24995
24996
25363
25362
24979
24973
25361
25360
24967
24962
25359
25358
24946
24941
25357
24936
24940
24945
20977
24961
24960
24959
24958
24957
24956
24955
24954
24953
24952
24951
24950
24949
20978
24970
24969
24964
24963
20692
24968
20693
24974
24975
24976
24983
24984
24985
24986
24987
24988
24989
24990
24991
24992
25008
25007
25006
25005
25004
25003
25002
25001
25000
24999
24982
24981
24980
24997
24998
25015
25018
25021
25024
25027
25030
25034
25038
25042
20982
25045
25041
20702
25037
20701
25033
20700
25029
20699
25026
20698
25023
20697
25020
20696
25017
20695
25014
20694
30266
29799
29790
29789
29798
29797
29806
29807
29808
30267
30268
29825
29824
29823
29822
25857
29805
29804
29821
29820
29819
29818
29817
29816
29815
29814
25856
29778
29779
29780
29781
29782
29783
29784
29785
29786
29795
29796
29787
29788
29771
29762
29770
25853
29760
29761
29745
29746
29747
29763
29772
29773
29764
29748
29731
29715
30265
30264
29707
29706
25849
29705
29714
29730
29729
29713
29712
29728
29727
29726
29743
29744
29759
29758
29757
29756
29740
29741
29742
29725
29724
29723
29722
29739
29755
29754
29738
29721
29720
29719
29718
25850
29711
29710
29693
29687
29686
25577
29685
29691
25578
29708
29692
29709
29717
29733
25851
29734
29735
25852
29736
29737
29753
29752
29769
29777
29794
29793
29776
29768
29767
29751
29750
29766
25854
29775
25855
29792
29801
29791
29774
25581
29765
25580
29749
29732
25579
29716
35394
34820
34833
35395
34850
34849
30745
34832
34819
34806
34807
34795
35393
34783
34782
34766
34767
35392
35391
34756
34745
35390
35389
34734
34733
34732
34743
34744
34755
34754
34765
34781
34780
34779
34778
34777
34790
34791
34792
34804
34803
34802
34814
34815
34816
30744
34830
34817
30742
34793
34794
34805
34818
34831
34865
34866
34867
34883
35396
34893
34910
35397
34936
34927
34926
34935
30748
34952
34969
34968
34967
34984
34985
34986
35004
35009
35024
35008
35003
35002
35007
35022
35023
35029
35030
35035
35034
35039
35038
35033
35028
35021
35020
35019
35018
35017
35016
35015
35014
35013
35012
30750
35006
34990
34991
34992
34975
34958
34959
34960
34961
34962
34963
34980
34979
34978
34977
34976
34993
34994
34995
34996
34997
34998
34999
35000
35001
34983
34966
34950
34951
34934
34923
34924
34925
34908
34909
34892
34882
34881
34880
34864
34848
34847
34846
34829
34828
34845
34861
34862
34863
34879
34878
34877
34876
34875
34859
34860
34844
34843
34842
34841
34857
34858
34874
34873
30746
34856
34840
34827
34813
34801
34800
34812
34826
34839
34838
34854
34871
34855
34872
34888
34899
34898
34887
34886
34870
34853
34837
34836
34823
34824
34825
34811
30743
34799
34787
34786
34785
34769
34770
34759
34758
34757
30461
34768
30462
34784
30463
34796
34797
34798
34810
34809
34808
30464
34821
34822
34835
34834
40327
40333
40324
40315
40299
40300
40291
40282
40281
40290
40289
40280
40271
40272
40255
40246
40245
40254
40270
40269
40268
40267
40266
40265
40279
40278
40287
40296
40288
40297
40305
40322
40321
35904
40304
35903
40295
40286
40277
40260
40259
35586
40276
35587
40285
35588
40294
35589
40303
40320
40328
40338
40339
40329
40330
40331
40341
40351
40350
40340
40349
40367
40366
40376
40393
40377
40394
40403
40411
40420
40421
40412
40404
40395
40378
40368
40369
35909
40379
40380
40381
40382
40383
40384
40385
40386
40370
40360
40359
40358
40357
40356
40355
40354
40353
40352
35907
35906
40306
40307
40308
40309
40310
40311
40312
40313
40298
40314
40323
40332
40342
40343
40344
35908
40361
40362
40363
40346
40336
40337
40819
40820
40347
40364
40821
40822
40374
40391
40390
40373
40372
40389
40371
40388
40397
40406
40414
35911
40423
40431
40439
40440
40448
40447
40454
40455
40463
40480
40487
40494
40510
35916
40518
40536
40535
40543
40551
40552
40544
40545
40537
40538
40520
40513
40495
40832
40831
40488
40481
40464
40830
40456
40829
40828
40449
40441
40827
40826
40433
40432
40424
40416
40415
40407
40398
40408
40399
40400
40823
40824
40409
40417
40425
40825
34988
34971
34954
34937
34928
34911
34894
34884
30466
34868
30465
34851
34852
34869
34885
34896
34897
34915
34916
34917
30747
34918
34900
34901
34919
34920
34921
34902
34903
34904
34889
34890
34891
34907
34906
34905
34922
34933
34949
34948
34965
34982
34981
34964
34947
34946
34945
34944
34943
34942
34941
34932
34931
34914
34913
34895
34912
34929
34930
34939
34938
34955
34956
34940
34957
34974
34973
34972
34989
30749
35005
30467
35010
35011
35027
35032
30468
35026
30469
35031
30470
35036
35037
30751
35041
35046
30471
35045
30472
35050
30473
35055
35051
35056
35060
35061
35062
35063
35064
35081
35080
35079
35097
35096
35078
35077
35059
35076
35094
35095
35113
35112
30474
35130
30475
35135
30476
35140
30477
35145
30478
35150
30479
35155
30480
35160
30481
35165
35166
35161
35156
35151
35146
35141
35136
35131
35114
35115
35098
35116
35117
35099
35100
35082
35065
35066
35067
35083
35101
35118
35119
35120
35121
35122
35123
35105
35104
35103
35102
35084
35085
35068
35069
35086
35087
35070
35071
35072
35089
35088
35106
35124
35125
35107
35108
35091
35090
35073
35057
35052
35047
35042
35043
35044
35040
35404
35403
35402
35401
35025
35400
35399
34987
34970
34953
35398
29856
25584
29879
25585
29885
25586
29891
25587
29897
29898
25863
29903
29910
29909
29915
29932
29916
29933
25865
29937
29938
29939
29940
29957
29956
29974
29955
29973
29991
29992
29993
29975
29994
29995
29996
29997
29998
29980
29979
29978
29977
29976
29958
29959
29941
29960
29942
29943
29944
29961
29962
29945
29963
29981
29999
30000
30001
30002
29985
30003
30008
30012
30016
30020
30024
30028
30032
30036
30037
30288
30033
30287
30286
30029
30025
30285
30284
30021
30017
30283
30282
30013
30009
30281
30005
29987
30004
29986
29968
29969
29951
29950
29949
29967
29966
29984
29983
29982
29964
29965
29946
29947
29948
29934
29929
29930
29935
30280
29913
30279
29907
30278
30277
29902
29896
30276
30275
29890
29884
25862
29877
29876
29883
29889
29895
29901
29906
29912
29928
29927
29926
29925
29924
29923
29922
29921
29920
29919
29918
29917
25864
29911
29905
29904
29899
29900
29894
29888
29882
29875
29874
29881
29887
29893
29892
29886
29880
29873
25861
29857
29849
29848
25583
29840
25582
29833
29834
29835
29828
29827
29826
29809
29800
29810
29811
29802
29803
29812
29813
25858
25859
29843
29842
29841
29850
29858
29851
29859
29860
29861
29862
29863
29864
29865
29866
29867
29868
29869
29852
29853
25860
29870
29871
29854
29846
29845
29844
29837
29836
29829
29830
29838
29831
29832
30269
30270
29839
29847
30271
30272
29855
29872
29878
30274
30273
20703
25048
20704
25051
25049
25052
25055
20705
25054
20706
25057
25058
20984
25060
25063
20707
25062
20708
25065
20709
25068
25071
25088
25105
25107
20710
25125
20711
25127
20712
25129
20713
25131
20714
25133
20715
25135
20716
25137
25139
20717
25108
25109
25110
25111
25112
25113
25114
25115
25116
25117
25118
25119
25120
25121
25122
25123
25126
25128
25130
25132
25134
25136
25138
25140
25389
25388
25387
25386
25385
25384
25383
25382
25124
25106
25381
25380
20985
25104
25103
25102
25101
25100
25099
25098
25097
25096
25095
25094
25093
25092
25091
20986
25090
25089
25072
25069
25066
25073
25074
25075
25076
25077
25078
25079
25080
25081
25082
25083
25084
25085
25086
25087
25070
25067
25064
25061
25059
25056
25053
25050
20983
25047
25046
25043
25044
25370
25371
25372
25373
25374
25375
25376
25377
25378
25379
20161
15738
20156
15737
20151
15736
20146
15735
20147
20142
16017
20126
20125
15734
20119
15733
20113
15732
20108
20107
15731
20101
15730
20085
20086
20102
20087
20103
20109
20115
20114
20120
20121
16016
20127
20128
20129
20130
20131
20132
20133
20134
20135
20136
20137
20138
20143
20148
20153
20158
20154
20149
20144
20140
20139
20122
20123
20117
20116
20110
20104
20099
20098
20097
20096
20095
20094
20093
20092
20091
20090
20089
20088
16014
20076
16012
20069
20061
16010
20053
16009
20037
20038
20039
20040
20041
20042
20043
20044
20045
20046
20054
20055
20047
16008
20030
20022
20015
20016
20023
20024
20025
20471
20472
20033
20050
20473
20474
20058
20057
20049
20032
20031
20048
20056
20064
20065
20066
20475
20073
20079
20078
20072
20071
20063
20062
16011
20070
16013
20077
20083
20100
20084
16015
20476
20477
20106
20105
20111
20118
20112
20478
20479
20480
20124
20141
20481
20145
20150
20482
20483
20155
20484
20485
20486
20169
20165
20160
20159
20164
20163
20167
20168
20173
20174
20487
20488
20489
20490
20491
20492
20493
20494
20495
20496
20497
20498
20499
20500
20501
20235
20233
20231
20229
20227
20225
20223
20221
20219
20217
20214
20211
16019
20195
20191
20172
20188
20189
20190
20194
20210
20209
20208
20207
20206
20205
20204
20203
20202
20201
20200
20199
20198
16020
20216
20213
20197
20193
20176
20177
20178
20179
20180
20181
20182
20183
20184
20185
20186
20187
20152
20157
20162
16018
20166
20171
15739
20170
20175
15740
20192
20196
15741
20212
15742
20215
20218
15743
20220
15744
20222
15745
20224
15746
20226
15747
20228
15748
20230
15749
20232
15750
20234
1243
1244
1245
1246
1247
1248
1249
1250
1251
1252
1253
1254
1255
1256
1257
1258
1259
1260
1261
1262
1263
1425
1264
1265
1266
1267
1268
1269
1270
1271
1272
1273
1274
1275
1276
1277
1278
1279
1280
1281
1282
1283
1284
1285
1428
1427
1429
1791
1790
1789
1788
1787
1786
1785
1784
1783
1782
1781
1780
1779
1778
1777
1776
1775
1774
1773
1772
1771
1770
1769
1768
1767
1766
1765
1764
1763
1762
1761
1760
1759
1758
1757
1756
1755
1754
1753
1752
1751
1750
1749
1748
1747
1426
1746
1745
1744
1743
1742
1741
1740
1739
1738
1737
1736
1735
1734
1733
1732
1731
1730
1729
1728
1727
1726
1725
1724
1723
1722
1721
1720
1719
1718
1717
1424
1422
1423
1242
1241
1240
1239
1238
1237
1236
1235
1234
1233
1232
1231
1230
1229
1228
1227
1226
1225
1224
1223
1222
1420
1221
1220
1219
1218
1217
1216
1215
1214
1213
1212
1211
1210
1209
1208
1207
1206
1205
1204
1203
1415
1416
1414
1198
1199
1200
1201
1202
30035
30034
25598
30030
25597
30026
25596
30022
25595
30031
30027
30023
30019
30015
30011
29990
29972
29954
29953
29971
29989
30007
25594
30018
30014
25593
30010
25592
30006
25591
29988
29970
29952
29936
29931
25590
29914
25589
29908
25588
35405
35054
35053
35049
35048
30752
35074
35075
35058
35406
35407
35093
35111
35110
35092
35109
35127
35126
35132
35137
35142
35147
35152
35157
35162
35167
35163
35158
35153
35148
35143
35138
35133
35128
35129
35134
35408
35409
35139
35144
35410
35411
35149
35154
35412
35413
35159
35164
35414
35415
35169
35168
1197
1196
1195
1194
1193
1192
1191
1190
1189
1188
1187
1186
1185
1408
1184
1183
1182
1181
1180
1406
1405
1179
1178
1177
1176
1175
1174
1173
1172
1171
1170
1402
1401
1169
1168
1167
1166
1165
1399
1398
1164
1163
1162
1161
1160
1159
1158
1157
1156
1396
1397
1394
1393
1390
1388
1387
1383
1380
1379
1133
1134
1135
1136
1137
1385
1138
1139
1140
1141
1142
1143
1144
1145
1146
1147
1148
1149
1150
1151
1152
1153
1154
1155
1391
46136
40995
46137
46138
46139
46130
46121
46112
46103
46094
46085
46076
46060
46061
46062
46063
46064
46065
46066
46039
46022
46021
46020
46038
46037
46036
46019
46018
46035
46034
46017
46008
46016
46033
41316
46050
46059
46058
46057
46049
46056
46074
46075
46084
46083
46093
46092
46101
46102
46111
46110
46119
46120
46129
46128
46127
40994
46118
40993
46109
40992
46100
40991
46091
40990
46082
40989
46073
40988
46055
46047
46048
46030
46029
46012
46004
40987
45996
40986
45987
40985
45988
45989
45980
45979
41313
45971
45970
40984
45961
40983
45952
40982
45942
40981
45943
45933
41311
45934
45944
45935
45926
45925
45908
45907
45924
45923
40980
45906
45889
45872
45856
45857
45842
45841
45825
45826
45827
45811
45794
45810
45809
45793
45784
40979
45785
45786
45795
45796
45787
45777
45776
45775
40978
45758
45759
45760
45761
45778
45779
45762
45763
45764
45765
45766
45767
45768
45769
45753
45743
45744
45727
45728
45745
45754
45755
45746
45729
45712
45703
45711
45702
45692
45691
45690
45689
45688
45687
45686
45685
45684
45683
45682
45700
45709
45708
45707
45716
45717
45718
45719
45736
45735
45752
45734
45751
45750
45733
45732
45749
45748
40977
45731
45714
45715
45706
45705
40976
45696
40975
45679
40974
45671
40973
45663
40972
45645
45637
45621
45615
45608
45609
45601
45584
45583
45600
45599
45582
45575
45574
45558
45549
45532
45548
45547
40967
45530
45531
45514
45513
45497
40966
45480
40965
45472
40964
45463
40963
45454
40962
45437
40961
45428
40960
45419
40959
45410
40958
45401
40957
45392
40956
45374
45356
45338
45324
45315
40955
45316
45325
45339
45340
45358
45357
45375
45393
45402
45403
45412
45411
45420
45421
45430
45429
41288
45438
45439
45440
45457
45466
45475
45483
45484
45501
45518
45519
45502
45485
45486
45503
45520
45521
45504
45487
45488
45505
45506
45507
45489
45490
45491
45492
45493
45510
45527
45544
45545
45554
45553
45570
45578
45569
45552
45542
45543
45526
45509
45508
45525
45524
45541
45540
45523
45522
45539
45538
45537
45536
45535
45534
45551
45561
45562
45563
45564
45565
45566
45567
45568
45577
45593
45594
45595
45596
45579
45571
41293
45555
45546
45528
41292
45511
45512
45496
45495
45494
45478
45469
45468
45477
45476
45467
45458
45448
45447
45446
45445
45444
45443
45442
45441
45431
45422
45413
45404
45395
45394
45376
45377
45378
45360
45359
45341
45342
45343
45344
45345
45363
45362
45361
45379
45380
45381
45382
45364
45365
45383
45384
45385
45366
45348
45330
45329
45347
45346
45328
45327
41287
45318
45303
45304
45305
45306
45307
45308
45319
45331
45349
45367
45368
45386
45387
45369
45351
45350
45332
45333
45334
45320
45311
45312
45322
45321
45335
45336
45354
45353
45352
45370
45388
45389
45371
45372
45390
45399
45398
45397
45406
45396
45405
45414
45423
45432
45449
45450
45459
45460
45451
45452
45461
45470
41289
45479
45471
46348
46347
45462
45453
46346
45436
45435
45426
45427
46345
46344
45418
45417
45425
45434
45433
45424
45415
45416
45407
45408
45409
46343
46342
45400
45391
45373
45355
45337
45323
46341
45314
45313
45296
45295
45294
45310
45309
45293
45283
45274
45264
45254
45243
45227
45216
45217
45218
45219
45229
45230
45247
45246
45256
45255
45265
45266
45276
45275
45284
45285
45277
45286
45297
46340
46339
45287
45278
46338
46337
45268
45267
45257
45258
46336
45248
45231
45220
45203
45202
45192
45191
45201
41280
41278
45181
45182
45193
45194
45204
45221
46335
39692
35570
39681
35569
39670
35568
39653
35567
39642
35566
39625
39626
39627
39628
39611
39612
39613
39614
39615
39632
39631
39630
39629
39644
39655
35850
39643
39654
39671
39672
39673
39684
39695
39694
39683
39682
39693
35853
39703
39704
39705
39716
39715
39714
35571
39713
35572
39724
35573
39735
35574
39746
39747
35854
39757
39748
39737
39736
39725
39726
39727
39738
39749
39759
39770
39758
39769
35855
39779
39768
35575
39767
35576
39778
35577
39795
39796
39806
39805
39821
39832
39822
39833
39849
39848
35578
39866
35579
39877
35580
39894
35581
39904
39895
39878
39867
39868
39879
39896
39906
39905
39915
39914
35582
39930
39931
39932
39916
39917
35865
39933
35866
39949
39934
39935
39936
39937
39938
39939
39922
39921
39920
39919
39918
35864
39907
39897
39880
35863
39869
39870
39881
39882
39883
39884
39885
39886
39887
39888
39889
39872
39871
35862
39859
39858
39840
39839
39857
39856
39855
39854
39853
39852
39851
39850
39834
39823
39824
39825
35860
39835
35861
39836
39837
39838
35858
39809
39810
39811
39812
39813
39799
39814
39826
39841
39860
39861
39862
39863
39874
39875
39876
39865
39847
39846
39864
39845
39844
39843
39842
39827
39828
39829
39817
39816
39815
39800
39801
39790
39791
39802
39803
39818
39830
39831
35859
39820
39819
39804
40807
39794
39793
39777
39776
39792
39775
39774
39763
39764
39765
39755
39756
39766
40806
40805
40804
40803
40802
40801
39723
39722
39733
39734
39745
39744
39743
39732
39721
39720
39719
39708
39698
39697
39707
39718
39729
39740
39741
39730
39731
39742
39754
39753
39752
39751
39761
39762
39773
39789
39788
39772
39787
39786
39785
39784
39783
39798
39808
35857
39807
35856
39797
39780
39781
39782
39771
39760
39750
39739
39728
39717
39706
39696
39685
39674
39656
39645
39657
39658
39659
39660
39661
39662
39663
39664
39676
39675
39686
39687
39677
39688
39699
39709
39710
39700
39689
39690
39701
39711
39712
39702
39691
39680
39668
39667
39650
39640
39623
39605
39606
39595
39596
40794
40795
39607
40796
40797
40798
39652
39669
35851
35852
40799
40800
34309
34331
30444
34337
30445
34344
30446
34351
34338
34332
30711
34326
34325
30710
34310
34293
34292
30443
34284
30442
34275
30441
34267
34260
34252
34243
34234
34225
30440
34215
34216
34207
34198
30439
34189
34179
34180
34164
34154
34163
34153
34048
34067
34084
34083
34094
34095
34096
34071
34072
34073
34074
34075
34102
34121
34120
34118
34134
34133
34132
34131
34115
34114
34130
34147
34167
30695
34183
34192
30696
34191
34190
34199
34200
30697
34208
34217
34226
30699
34235
30700
34244
30701
34253
30703
34261
30705
34268
34277
34276
34285
34286
34294
34311
34312
34327
34333
34339
34346
34345
34352
34353
34359
34366
34365
34358
30713
30447
34364
30448
34371
30449
34378
34385
34392
34393
34394
34386
30714
34379
34372
34373
34380
34387
30715
34404
34403
34402
34417
34401
34400
34416
30450
34432
34433
34442
34443
34434
34418
34419
34420
34421
34405
34406
34422
34423
34424
34408
34409
34425
34426
34410
34411
34427
34428
34412
34413
34395
30716
34388
34381
34374
34367
34360
34354
34347
34340
34334
34328
34319
34318
34317
34301
34302
34303
34289
34280
34271
34264
34256
34247
34238
34239
34230
34221
34211
34203
34194
34185
34175
34159
34149
34150
34140
34139
34138
34122
34123
34105
34104
34103
34086
34076
34058
34057
34056
34055
34054
34053
34052
34051
34042
34032
30686
34022
34013
34000
33999
33982
33981
33980
33997
33998
34012
34021
33995
33971
33964
33958
33965
33972
33973
33983
33984
34001
34002
33985
33986
33987
34003
34004
34005
33988
33989
33990
30685
34006
34007
34008
34017
34016
34015
34014
34023
34024
34025
34026
34036
34046
34079
34078
34106
34107
30692
34124
34141
34151
34152
34178
34177
34196
34195
34204
34205
34213
34223
34232
34231
34240
34241
34250
34258
30702
34249
34248
34257
34265
30706
30707
34281
34282
34291
34307
34306
34322
34323
34330
34336
34342
34349
34356
34362
34369
34370
35374
35373
34363
34357
35372
35371
34350
34343
35370
30712
35369
34324
34308
35368
34283
34274
29189
29206
25558
29223
25559
29233
29250
25560
29261
25561
29272
25815
29283
29273
29274
29284
29285
29275
29264
29263
29262
29252
29251
29234
25813
29224
29207
29208
29225
29226
29235
29253
29236
29237
25814
29238
29239
29240
29241
29242
29243
29254
29255
29266
29265
29276
29286
29297
29307
29308
29309
29319
29329
29328
29318
29317
29327
29336
29337
29338
29348
29347
29346
29356
29367
29383
29368
29357
29358
29369
29370
29386
29387
29371
29359
29349
29350
29360
29361
30246
30247
29372
29388
29400
29399
25824
29416
29432
29431
29447
29446
29445
25826
29463
29462
29461
29460
29444
29427
29443
29459
29458
29442
29441
29457
29456
29440
29439
29423
29407
29424
29408
29409
29425
29426
29410
29411
29412
29428
29429
29413
29414
25825
29430
29415
25823
29398
29397
29385
29384
29396
29395
25822
29382
29381
29380
29379
25821
29378
29377
29376
25820
29366
29355
29345
29344
29334
29335
29326
29316
29306
29296
29295
29305
29315
29325
29324
29314
29304
29294
25562
29293
25563
29303
25564
29313
25565
29323
25817
29333
29343
25566
29342
29352
25567
29362
29363
29364
29353
25818
29354
29365
25819
29375
29394
29406
29422
29438
29437
29436
29420
29404
29421
29405
29393
29392
29391
29390
29374
29373
29389
29401
29417
29418
29402
29403
29419
29435
29434
29433
29451
29468
29452
29453
25828
29454
29455
29469
29476
29481
29486
29491
29496
29495
29490
29485
29480
25830
29475
29474
29467
29450
29449
29466
25568
29473
29479
25569
29484
25570
29489
25571
29494
29500
29499
25572
29515
25573
29520
29525
29531
29537
29543
25574
29549
25575
29555
29561
25576
29577
29562
29563
29556
29550
29544
25837
29538
25836
29532
25835
29526
25834
29521
29516
29501
29502
29503
29504
29505
29517
29522
29527
29533
29539
29545
29551
29557
29567
29583
29584
29568
29569
29585
29603
29604
29586
29570
29571
29572
29573
29589
29588
29606
29587
29605
29619
29618
29617
29633
29632
29616
29602
29601
29600
29582
29566
29565
29564
25838
25839
29580
29581
29599
25841
29598
29597
29596
29579
29578
29595
29594
29593
29609
29610
29611
29612
29628
29629
29643
29644
29645
29646
29630
25842
29613
29614
29615
29631
29647
29648
29649
29650
29634
29635
29651
29652
29653
29654
29660
29664
29668
29684
29683
29682
29681
29680
29679
29678
29677
29676
29675
29674
29673
29672
29667
25846
29663
25845
29659
25844
29642
25843
29627
29626
29625
29641
29657
29658
29662
29666
29661
29665
29669
29670
29671
29688
29694
29695
29696
29697
29698
29699
29700
29701
29702
29703
29704
29689
29690
25848
25847
30263
30262
30261
30260
29656
29655
29638
29639
29640
29624
25840
29592
29623
29622
29621
29637
29636
29620
29607
29608
29590
29591
29575
29574
29558
29559
29576
29560
30259
30258
29554
29548
30257
30256
29542
29536
30255
30254
29530
29529
29535
29541
29547
29553
29552
29546
29540
29534
29528
29523
29506
29507
29508
29509
29510
29511
29512
29513
29497
29514
29518
29519
29524
25833
25832
25831
29498
30253
30252
29493
29488
30251
30250
29483
29492
29487
29482
29477
29470
29464
29471
25829
29478
29472
30249
29465
25827
29448
30248
24687
20677
24695
24704
24713
24722
24723
24714
24705
24696
24688
24680
24679
24670
20676
24653
24635
24618
24611
24612
24613
24620
24619
24636
24654
24671
24672
24673
20956
24681
24689
24697
20958
24706
20959
24715
20960
24724
24732
24740
24748
24756
24755
24747
24739
24731
24730
20678
24738
20679
24746
20680
24754
24763
24762
20681
24769
20682
24785
20683
24801
20684
24818
24825
20685
24831
24832
24833
24827
24826
24819
24802
24803
24787
24786
24770
20968
24771
20969
24772
24764
20966
24757
24749
24741
24733
20962
24725
24716
24707
24698
20957
24657
24656
24655
24637
24638
24639
24622
24623
24640
24658
24659
24641
24642
24660
24661
24643
24644
24662
24663
24645
24646
24664
24665
24647
24630
24629
24628
24627
24626
24625
24624
20953
24621
24614
24606
24607
24599
24598
20951
24590
24591
24582
24574
24565
24556
24548
24540
24524
24525
24526
24527
24528
24529
24530
24531
24532
24533
24508
24516
24534
24541
24549
24557
24566
24575
24576
24577
24578
25338
25337
24569
24568
24567
24558
24559
24551
24550
24542
24535
24517
24509
24501
24500
24492
24485
24468
24450
24451
24469
24470
24452
24438
24437
24436
24418
24402
24385
24384
24401
20943
24417
24435
20945
20944
24434
24400
24382
24399
24416
24433
24432
24449
24463
24464
24465
24466
24467
24484
24483
24482
24481
24480
24479
24462
24478
24477
24460
24461
24446
24445
24429
24412
24413
24430
24447
24448
24431
24414
24415
24398
24397
24396
24395
24358
24359
24360
24361
24346
24347
24348
24349
24350
24366
24367
24377
24387
20942
24404
25325
25324
25323
25322
25321
20941
24325
25320
24313
24296
24279
20938
24266
24267
24251
24233
24217
24201
25319
25318
24184
24183
24200
24199
24182
24181
20932
24180
20933
24197
24198
24214
24213
24229
20935
24212
24211
24210
24209
24227
24226
24208
24193
24176
24175
24192
24207
24205
24204
20934
24188
24187
24186
24203
24202
24218
24234
24252
24253
24235
24236
24237
24255
24256
24271
24283
24282
20939
24270
24254
24269
24281
24268
20664
24280
24297
24298
24299
24316
24328
24344
24353
24354
24370
24369
20666
24368
20667
24378
30232
29122
29113
29098
30231
30230
29089
29080
29066
29065
29064
29050
25792
29033
29015
29016
29017
28999
28998
28982
28983
30228
30227
28971
28970
28958
28959
30226
30225
28947
28946
28945
28933
28934
28935
30224
30223
28918
28904
30222
30221
28890
28876
28873
28872
28856
28870
28884
28914
28932
28944
28956
28957
28969
28981
28980
28979
28978
28994
29012
29013
29031
29030
29048
29049
29062
29061
29060
29047
29046
29059
29058
29045
29044
29057
29071
29072
29073
29074
29075
29076
29077
29063
29078
29079
29088
29087
29096
29097
29112
29121
29137
29138
29146
30233
29155
29171
30234
29180
29170
29179
29178
29169
29168
29177
29185
29186
29202
29201
29200
25810
29184
25809
29175
29166
29176
29167
29151
29143
29142
29150
29165
29164
29163
29162
29161
29160
29159
25807
29158
25806
29149
25805
29141
25803
29125
25801
29117
25798
25800
25802
29126
29127
29128
29129
29130
29131
29132
29133
29118
29119
29134
29135
25804
29152
29153
29154
29145
29144
29136
29120
29111
29110
29109
29095
29086
29085
29094
29108
29107
29106
29105
29104
29103
25799
29093
29084
29070
25796
29041
29040
25793
25795
25797
29083
29092
29102
29101
29100
29091
29082
29068
29069
29055
29054
29053
29067
29081
25557
29090
29099
29114
29115
29116
29124
29123
29139
29140
29148
29147
29156
29157
29173
29172
29181
29182
29190
29191
29174
25808
29183
29192
29209
29210
29193
29194
29211
29212
29195
29213
29196
29197
29214
29215
29198
29199
29216
29227
29217
29218
29219
29229
29228
29244
29245
29246
29257
29256
29267
29278
29279
29288
29277
29287
29298
29299
25816
29289
29290
29280
29269
29268
29258
29259
29248
29247
29230
25812
29220
25811
29203
29204
29187
29188
29205
30235
30236
29222
29221
29231
29232
29249
29260
30237
30238
30239
30240
29292
29282
29271
29270
29281
29291
29300
29310
29311
29301
29302
29312
30241
30242
29322
29321
29320
29330
29339
29340
29331
29332
30243
30244
29341
29351
30245
24587
20674
24588
24597
24596
20675
24603
24604
24605
24589
24579
20950
24571
24570
20673
24561
20672
24552
20671
24544
20670
24545
24553
24554
24563
24562
24572
24580
24581
24573
24564
24555
24547
24546
24539
24523
24522
24538
24537
20948
24521
24520
24512
24504
24496
20669
24488
20668
24471
24472
24456
24455
24454
24439
24440
24441
24424
24423
24422
24405
24388
24406
24407
24390
24389
24379
24380
24391
24408
24425
24442
24443
24458
24457
24474
24473
24489
24490
24498
24506
24497
24505
24513
24514
24515
20947
24507
20946
24499
24491
24475
24476
24459
24444
24427
24428
24411
24394
24393
24410
24426
24409
24392
24381
24371
24355
24345
24330
24331
24332
24333
24334
24335
24336
24337
24338
24320
24319
24307
24308
24291
24290
24289
24306
24305
24288
24287
24286
24285
24284
24272
24257
24258
24259
24241
24225
24224
24206
24191
24174
24173
24157
24156
20931
24141
20930
24125
24124
20928
24109
20926
24097
20924
24081
24068
20922
24056
20921
24055
24043
24031
24044
24045
24046
24034
20918
24047
24058
24057
24070
24069
24082
24083
24098
24110
24111
24099
24084
24085
24086
24087
24071
24088
24089
24072
24060
24059
24048
24049
24036
24035
24023
24011
24001
23986
23987
23979
23978
23967
23968
23969
23970
23971
23972
23980
20916
23981
23973
23957
25308
20914
23932
20913
23923
23924
23906
25307
23898
25306
18867
15691
18857
15690
18847
15689
18837
15688
18838
18848
18858
18868
15922
18877
18887
15692
18886
18896
15693
18907
15694
18917
18927
18928
18918
18908
18897
18898
18899
18900
18909
18910
15923
18888
18878
18869
18859
18849
18839
18829
18815
18814
18813
18812
15921
18828
18811
18803
18802
15687
18793
15686
18784
15685
18776
18777
18785
18794
18786
18795
18804
18816
18817
18818
18819
18820
18821
18822
18830
18831
18841
18840
18850
18860
18851
18861
18862
18852
18842
18832
18823
15920
18824
18825
18834
18844
18854
18864
18865
18866
20409
20408
18856
18855
18845
18846
20407
20406
18836
18827
20405
20404
18810
18801
20403
20402
18792
18791
18790
18789
18788
18797
18798
18807
18806
18805
18796
18787
18779
18771
18762
18751
18750
18749
18748
18747
18746
18745
18744
15914
18761
15916
18770
18778
15918
18769
18768
18767
18758
18759
18760
18743
18742
18732
18723
18733
15913
18734
18724
15912
18714
15911
18704
15909
18688
18689
18690
18691
18692
18669
18660
18659
15904
18668
15906
18677
18678
18687
18686
18667
18657
18658
18648
18638
18628
18612
18611
18610
18627
18626
18636
18637
18647
18646
15682
18656
18666
18675
18676
18685
18684
18701
18711
18702
18703
18713
18712
18722
18721
15683
18731
15684
18741
25297
23741
23725
23709
23692
25296
23677
25295
25294
23662
23647
25293
25292
23630
23629
23646
23645
23628
23615
23616
23603
23602
23601
20891
23587
23588
23574
23589
23590
25291
25290
25289
23562
23576
23575
23561
23560
23573
23559
23545
23546
23532
23519
23503
23486
23485
20886
23502
23518
23517
20887
23531
23530
23544
23529
23528
23543
23557
23558
23572
23571
23570
23556
23542
20889
23515
23516
23498
23499
23500
23501
23484
23472
23456
23439
23423
23406
23389
23388
23405
23422
23421
23438
23437
23454
23455
23471
23483
23470
23469
23453
23452
23468
23467
23497
23514
23513
23496
23495
23482
23494
23510
23511
23512
20888
23527
23540
23541
23555
23554
23553
23567
23568
23569
23583
23582
23581
20890
23595
23596
23597
20892
23611
23624
23625
23612
23599
23598
23584
23585
23586
23600
20893
23613
23614
23627
23626
20894
23643
23644
23659
23658
23657
23672
23673
23674
23675
23660
23661
23676
23691
23690
23689
23706
23705
23688
23687
23704
23686
23685
23670
23671
23656
23655
23642
23641
23640
23639
23638
23637
23623
23610
23609
23622
23636
23652
23653
23654
23669
23668
23683
23682
23667
23666
23665
23664
23649
23650
23651
23634
23635
23621
23608
23607
23620
23619
23633
23632
23618
23606
23605
23604
20644
23617
23631
20645
23648
20646
23663
20647
23678
20648
23693
23694
23695
23679
23680
23681
23696
23713
20896
23697
23698
20897
23714
23731
23730
23729
20899
23745
23755
23766
23777
23776
20904
23791
23800
23799
23790
23789
23774
23775
23764
23765
23754
23753
23743
23744
23727
23728
23712
23711
23710
23726
23742
20649
23752
20650
23763
23773
23788
23797
23798
20907
23814
23815
23824
23823
23822
20651
23830
23831
23832
23833
23842
23851
23850
23841
23840
20652
23839
20653
23848
23849
20910
23857
23858
23859
23860
23869
23868
23867
20911
23876
23893
23894
23877
23878
23879
23880
23881
23882
23883
23884
23885
23886
23887
23872
23863
23855
23846
23837
23828
23819
23811
20906
23794
23786
20902
23770
23769
23759
23758
20901
23768
23784
23785
20905
23810
23809
23808
23818
23817
23826
23827
23836
23845
23835
23844
23853
23854
23862
23871
23870
23861
23852
23843
23834
23825
20908
23816
23801
23802
23803
23804
23805
23806
23778
23779
23780
23781
23792
23807
23793
23783
23782
23767
23756
23746
23757
23747
23736
23735
23718
23717
23734
23733
23732
23716
23715
23699
20895
23684
23700
23701
23702
23703
23719
23720
23721
23722
23723
23707
23708
23724
23740
23739
23738
20898
23737
23748
20900
23749
23750
23751
25298
23762
23761
23760
23771
23772
20903
23787
23795
23796
23813
25299
25300
23821
23812
23820
20909
23829
25301
23838
23847
25302
25303
23856
23864
25304
25305
23873
23890
23889
23888
23897
23905
23922
23931
23948
23956
23947
23946
23945
23921
23920
23919
23904
23896
23895
23903
23918
23930
23944
23955
23954
23943
23929
23917
23916
23915
23914
23913
23912
23911
23902
23901
23910
20912
23927
23928
23937
23938
23939
23940
23941
23942
23966
23965
23964
23963
23962
23961
23977
23985
23984
23976
23960
23953
23952
23936
23935
23951
20915
23950
23959
23975
23983
23992
23993
23994
24009
24008
24007
20662
23991
23982
20661
23974
20660
23958
20659
23949
20658
23933
23925
23934
23926
23909
23892
23900
23908
23907
23899
20657
23891
20656
23874
20655
23875
23866
20654
23865
30209
30208
28615
28604
30207
30206
28580
30205
30204
28568
28567
28579
28592
28591
28603
28614
28626
28627
28639
28638
25766
28624
28612
28601
28589
28577
28565
28564
25763
28548
28538
28563
28562
28561
28560
28559
28547
28532
28531
28546
28545
28557
28558
28573
28572
28584
28585
28574
28586
28598
28597
28596
28595
28583
28582
28570
28555
28571
28556
28544
28529
28528
28511
28510
28493
28494
28495
28512
28530
28513
28514
28515
28516
28533
28534
28517
28501
28500
28499
28498
28484
28483
28497
28496
28482
28468
28469
28470
28454
28455
28471
25757
28440
28424
28412
28411
28377
28394
28409
28421
28420
28433
28434
28435
28436
28453
28452
28451
28467
28481
28480
28479
28466
25546
28465
28448
28431
28418
28407
25545
28390
28373
28356
28339
28328
28313
28314
28329
28340
28357
28358
28341
28342
28330
25747
28315
25745
28300
28299
28298
28297
28285
28286
28275
28274
28263
28264
28248
28232
28247
28231
28220
25544
28202
28221
28222
28233
28249
28265
28276
28287
28288
28316
28331
28332
28345
28362
28363
28346
28333
28317
28318
28319
28320
28334
28349
28366
28348
28347
28364
28365
28382
28381
28380
28397
28398
28399
28400
28413
28425
28441
28459
28442
28443
28460
28473
28474
28461
28462
28475
28487
28505
28488
28489
28476
28477
28490
28507
25759
28506
25760
28523
28524
25761
28541
28551
28552
30203
30202
28542
28525
30201
30200
28508
28491
25756
30199
30198
28447
28430
28417
30197
30196
30195
28389
28372
30194
30193
28355
28338
28327
28326
28337
25749
28354
25750
28371
25751
28388
25752
28405
28406
28416
28429
25755
28446
28464
28463
28428
28445
28444
28426
25754
28427
28415
28404
28387
28370
28369
28368
28385
28386
28403
28402
28414
28401
28383
28384
28367
28350
28321
28322
28335
28351
28352
28353
28336
25748
28324
28325
28310
28309
28323
28308
28294
28282
28271
28283
28295
28311
28312
28296
30192
30191
28284
28272
28273
30190
28262
30189
25738
28230
28219
30188
30187
30186
30185
30184
30183
28142
28132
30182
30181
28122
28121
28131
28141
28159
28158
25734
28174
28183
28192
28201
28218
28229
25737
28246
28261
25739
25736
28217
28200
28191
28182
28173
28156
28157
28140
28130
28120
28110
28101
28092
28083
28074
28065
28056
28047
28046
28030
28022
28011
28000
27988
27970
27952
27939
27924
27916
27907
27898
27890
27881
27872
27863
27854
27844
27843
27842
27853
27862
27871
27880
27889
27897
27906
27915
27923
27937
27938
27951
27950
27949
27936
27948
27935
27934
27933
27932
27946
27947
27965
27964
27945
27963
27962
27980
27981
27982
27983
25726
28009
28020
25728
25727
27985
27984
27966
27967
27968
27969
27987
27986
27999
28010
28021
28029
28043
28044
28045
28055
28064
28073
28082
28091
28100
28109
28119
28129
28139
28155
28154
28171
28172
28181
28190
28199
28214
28213
28226
28240
28256
28257
28241
28242
28258
28259
28243
28227
28215
28216
28228
28245
28244
28260
28270
28281
28293
28307
28306
28305
28292
28280
28269
28304
28303
25744
28291
28290
28302
25746
28301
25743
28289
25742
28277
28278
28279
28268
28267
28266
25741
25740
28251
28250
28234
28235
28252
28236
28223
28224
28237
28253
28254
28255
28239
28238
28225
28208
28207
28206
28205
28204
28203
28194
28193
28184
25543
28175
25542
28160
28143
28133
25541
28123
25540
28113
25539
28104
28095
28086
28077
28068
28059
25538
28050
25537
28033
28034
28035
28036
28037
28038
28039
28052
28053
28062
28061
28051
28060
28069
28070
28071
28080
28079
28088
28097
28089
28098
28107
28106
28116
28117
28127
28137
28150
28151
28152
28169
28168
28167
28179
28178
28177
28163
28162
28145
28146
28135
28148
28147
28164
28165
28166
28149
28136
28126
28125
28115
28105
28096
28087
28078
25729
25730
25731
25732
25733
28114
28124
28134
28144
28161
28176
28185
25735
28195
28186
28187
28188
28197
28196
28209
28210
28211
28212
28198
28189
28180
28170
28153
28138
28128
28118
28108
28099
28090
28081
28072
28063
28054
28042
28041
28040
28028
28027
28026
28019
28008
28018
28017
28006
28007
27998
27997
27996
27978
27979
27961
27960
27959
27958
27976
27977
27995
28004
28005
28016
28015
27994
28003
28014
25536
28025
35308
33208
33199
33198
30642
33190
33182
33191
35307
35306
33183
33175
33174
30641
33165
33166
33167
33149
33148
33147
30640
33130
33131
33132
33114
33115
35305
27943
27944
27928
27927
27920
25535
27911
27912
27913
27921
27929
27930
25724
25725
27931
27922
27914
25721
27905
27896
27904
27903
27902
25534
27885
25533
27876
25532
27867
25531
27858
27849
25718
27850
25719
27859
27860
27869
27868
27877
27886
25720
27894
27895
27887
27878
27888
27879
27870
27861
27852
27851
27835
27834
27817
27818
27800
27789
27788
27799
27816
27833
27832
27815
27798
27787
27776
25530
27777
27778
27761
27762
27779
25714
27790
27801
27802
27803
27804
27805
27821
27820
27819
27836
27837
27838
27822
27839
27840
27841
27823
27806
27807
27824
27825
27808
27809
27826
27827
27845
27846
27847
27856
27855
27864
27865
27874
27873
27882
27891
27883
27892
27900
27899
27908
27917
27925
27940
27953
27941
27942
27956
27957
27975
27974
27973
27955
27954
27972
27971
27989
27990
28001
28012
28023
28031
28048
28049
28032
28024
28013
28002
27991
27992
27993
30169
30170
30171
30172
30173
30174
28058
28067
28057
28066
28075
28084
28093
28102
28111
28112
30180
30179
28103
28094
30178
30177
28085
28076
30176
30175
23256
23247
23248
23257
23258
23266
23265
23264
23274
23275
23292
23309
23291
23308
23325
23342
23359
23376
23377
23360
23343
23326
23310
23293
23276
23277
23294
23278
23295
23312
23313
23330
23329
23328
23311
23327
23344
23361
23378
23395
23412
23411
23394
23393
23410
20636
23427
23428
20637
23444
20638
23461
20639
23477
23478
23462
23445
23446
23447
23429
20883
23413
23396
23397
23414
23430
20884
23448
23465
20885
23464
23463
23479
23490
23489
23488
23505
23521
20640
23535
20641
23549
20642
23563
20643
23577
23591
23592
23593
23594
23580
23566
23552
23538
23539
23526
23525
23509
23508
23524
23523
23537
23551
23565
23579
23578
23564
23550
23536
23522
23506
23507
23491
23480
23492
23493
23481
23466
23449
23450
23451
23434
23435
23436
23420
23419
23402
23401
23400
23399
23416
23417
23418
23433
23432
23431
23415
23398
23380
23379
23362
23345
23346
23363
23381
23364
23347
23348
23331
23332
23314
23297
23296
23279
23280
23281
23298
23315
23316
23317
23300
23299
23282
23283
23284
23285
20873
23268
23269
23287
23286
23303
23304
23321
23322
23323
23340
23339
23338
23320
23337
23354
23353
23336
23319
23302
23301
23318
23335
23352
23351
23334
23333
23350
23349
23366
23365
23382
23383
23384
23367
23368
23385
23403
23404
23387
23386
23369
23370
23371
23372
23355
23356
23357
23374
23373
23390
23407
23391
23408
23425
23424
23440
23457
23473
23474
23475
23459
23458
23441
23442
23443
23460
23476
23487
25286
25287
23504
23520
23534
23533
23547
23548
25288
18609
18591
18573
18592
18593
18594
18576
18575
18574
18564
18563
15681
18554
18545
15680
18546
18555
18556
18565
18566
18567
18577
18595
18578
18596
18613
15900
18629
15901
18639
18649
15902
18614
18615
18616
18617
18599
18598
18597
18579
18580
18581
18582
18600
18618
18619
18601
18583
18584
18568
18558
18549
18540
18531
18522
18513
18504
15897
18494
18495
18496
18497
18498
18499
18508
20386
20387
18517
18526
20388
14094
14088
14083
14077
11553
14073
14078
14079
11787
14084
11789
14089
11790
14095
14096
14090
14085
14080
14075
14074
11785
14058
14059
14060
14061
14062
14063
14064
14065
14066
14067
14068
14069
14070
14071
14054
14055
14072
14076
14081
11786
14086
14087
14092
14093
15394
11788
14082
15393
15392
15391
15390
14038
14037
14053
14052
14051
14050
14049
14048
14047
14046
14045
14044
14043
14042
14036
11784
14020
14021
14022
14023
14024
14025
14026
14027
14028
14029
14030
14031
14032
14033
14016
14013
11783
13997
13979
13974
13973
13978
13996
13995
13994
13993
14012
14011
14010
14009
13992
14008
13991
13990
14007
14006
13989
14005
13988
13987
14004
14003
13986
13985
13984
13977
13972
11782
13983
13982
13999
14000
14001
14002
14015
14019
14018
14035
14041
14040
14057
14056
14039
14034
14017
14014
11552
13998
13981
13976
11551
13971
13966
13960
13942
20378
20379
20380
18381
15890
18364
15889
18347
15888
18330
18329
18311
18312
18294
18293
18292
18291
18290
18308
18309
18327
18310
18328
18346
18363
18345
18344
18326
18325
18324
18342
18343
18360
18359
18376
18377
18378
18361
18362
18379
18380
18395
18396
18397
18414
18413
18412
18394
18411
18410
18393
18392
18391
18390
18375
18358
18341
18340
18339
18321
18322
18323
18305
18306
18288
18307
18289
18274
18275
18258
18257
18256
18273
18272
18287
18304
18286
18271
18270
18285
18303
18302
18284
18269
18268
18267
18283
18282
15887
18266
18265
18281
18297
18280
18279
23192
23210
23219
25272
25273
23228
23237
25274
25275
23246
23255
25276
23263
23273
20874
23290
25277
25278
25279
25280
25281
25282
25283
25284
25285
23426
20882
23409
20881
23392
20880
23375
20879
23358
20878
23341
20877
23324
20876
23307
23306
23305
20875
23289
23288
23270
23271
23262
23253
23254
23245
23244
23252
23251
20870
23242
23243
23234
23225
23226
23235
23236
23227
23218
23217
23216
23224
23215
23205
23206
23207
23208
23209
23191
23190
23175
23163
23162
23174
23189
23188
23173
23172
23160
23150
23151
23161
23152
23153
23143
23144
23154
23164
20867
23176
23165
25271
25270
23155
23145
25269
23135
23134
23133
23122
23112
23101
23090
23091
23102
23113
23123
23124
25268
25267
23114
23103
25266
25265
23092
23081
25264
18170
15662
18186
18187
18198
15663
18197
15664
18208
18209
15885
18219
18220
18231
18230
15665
18229
15666
18240
15667
18251
18262
18263
18264
18253
18252
18241
18242
18243
18254
18255
18244
18233
18232
18221
18222
18212
18201
18190
18189
18200
18211
18210
18199
18188
18172
18171
18161
18160
15882
18150
18149
15661
18138
15660
18127
15659
18116
15658
18100
18101
18117
18118
18119
18130
18131
18142
18153
18141
18140
18129
18128
18139
18151
18152
18162
18163
15883
18173
15884
18174
18175
18176
18177
18178
18179
18191
18202
18192
18180
18181
18193
18194
18205
18216
18226
18237
18236
18225
18215
18204
18203
18214
18213
18223
18224
18235
18234
18245
18246
18247
18248
18259
18276
18277
18260
18249
18250
18261
15886
18278
20377
20376
20375
18239
20374
20373
18228
18238
18227
18217
18218
20372
20371
18207
18206
18195
18184
18185
18196
20370
18169
20369
18159
20368
20367
18148
18137
20366
20365
18126
18115
18114
18125
18136
18147
18158
18168
18183
18182
18167
18157
18156
18166
18165
18164
18154
18155
18144
18143
18132
18121
18109
18093
18078
18092
18108
18107
18091
18090
18106
18105
15881
18089
15880
18077
18076
15878
18075
15879
18088
18104
18120
18103
18102
18086
18085
18084
18071
18072
18058
18057
15657
18043
15656
18028
18029
18044
18045
18059
18073
18087
18074
18060
18046
18031
18032
18033
18034
18048
18047
18061
18062
18063
18049
18004
17947
17932
17933
17934
17918
17902
17886
17871
17855
17854
17870
17869
17885
17900
17901
17917
17916
17931
17915
17899
17883
17884
17868
15861
17851
17852
17834
17835
17853
17836
17818
17806
17793
17780
17767
15855
17742
17728
17729
17743
17755
17796
17809
17810
17797
17784
17799
17812
17824
17825
17843
17842
17841
17840
17858
17859
17860
17861
17877
17892
17908
20360
20361
17924
17907
17891
17876
17889
17888
17887
17903
17904
17905
17920
17919
17935
17950
17949
17948
17962
17963
17978
17979
17980
17981
17996
15872
18012
17997
17982
20362
13739
11532
13733
13728
13699
13700
13701
13683
13682
13681
11754
13666
13667
13684
13702
13703
13704
13718
13717
13716
13715
13734
13740
13741
13754
13759
13758
13753
13752
13757
11764
13762
13763
13768
13767
13773
13774
13779
13784
13790
13789
13783
11767
13778
13788
13801
13795
11769
13796
11770
13802
13807
13812
13816
13820
13841
13846
13845
11776
13840
11775
11545
13844
11546
13861
11547
13865
11548
13869
11777
11549
13876
13881
13880
11550
13885
13891
13890
13907
13924
13925
13926
13944
13943
13961
11781
13967
13962
11780
13945
13927
13928
13946
13947
13929
13910
13909
13908
13892
13893
13894
13887
13886
13882
11778
13877
13873
13870
13866
13862
13847
13848
13849
13850
13851
13852
13853
13854
13855
13856
13857
13858
13842
13838
11773
13822
13839
15373
13843
13860
15374
15375
15376
15377
15378
15379
15380
15381
13906
11779
13889
13884
13879
13875
13872
13868
13864
13859
13863
13867
13871
13874
13878
13883
13888
13905
13921
13939
13957
13956
13938
13920
13904
13903
13919
13937
13936
13918
13902
13901
13900
13899
13898
13897
13896
13895
13911
13912
13930
13948
13949
13931
13913
13914
13932
13950
13951
13933
13915
13916
13917
13935
13934
13952
13953
13954
13955
13963
13968
13969
13964
13958
13940
13922
13923
13941
13959
13965
15382
15383
13970
13975
15384
15385
13980
15386
15387
15388
15389
10008
10023
10038
10045
10046
10047
10039
8024
10025
10024
10009
10010
10002
10001
9994
7766
9977
7765
9969
7764
9960
7763
9951
7762
9936
7761
9921
7760
9911
7759
9902
9885
9874
9875
9859
9858
9849
7758
9840
9831
7757
9841
9832
9823
8010
9814
7756
9805
7755
9796
7754
9787
7753
9797
9798
9807
9806
9815
9816
9824
9833
8011
9842
9851
9850
9860
9861
9862
9863
9879
9878
9877
9876
9886
9887
8016
9903
9904
9888
9889
9914
9913
9912
9922
9937
9952
9961
9970
8020
9978
9995
9996
8021
10003
10012
10013
10027
10011
10026
10040
10048
8025
10028
10029
10014
10015
10030
10031
10032
10033
10034
10019
10018
10017
10016
9984
9983
9982
9981
9980
9979
9972
9971
9962
9963
9953
9938
9923
9924
9939
9954
8018
9940
9941
9942
9943
9928
9927
9926
9925
8017
9915
9905
9890
9891
9892
9893
9894
9895
9896
9897
9906
9907
9898
9908
9899
9882
9883
9900
9909
9919
9918
9917
9931
9932
9933
9934
9935
9950
11268
9959
9949
9948
9947
9946
9945
9930
9916
9929
9944
9985
9986
9987
9988
9989
9990
9975
9966
9965
9974
9973
9964
9955
9956
9957
9958
8019
9967
9968
11269
9976
9993
9992
9991
9999
9998
9997
10004
10005
8022
10006
10021
10020
8023
10035
10036
10043
8026
10051
10068
10084
10083
10092
10091
10090
10081
10082
10066
10067
10050
10042
10041
10049
10065
10064
10080
10079
10063
10062
10078
10077
10061
10060
10076
10075
10059
10058
10074
8029
8027
10057
10073
10089
10096
10103
10110
10109
10102
10095
10088
10072
8028
10056
10055
7767
10054
10071
7768
10087
7769
10094
7770
10101
7771
10108
7772
10115
10132
10139
10140
10141
10133
8031
8030
10116
10117
10118
10119
10120
10121
10122
10123
10124
10125
10126
10135
10151
10152
10153
10171
10170
10169
10177
10178
10179
10185
10184
10190
10191
10197
10203
10209
10208
10207
10201
10202
10196
10195
10189
10183
10168
10167
10166
10150
10149
10148
10147
10165
10164
10163
10146
10145
10144
10162
10161
10143
10134
10142
10160
10176
10182
10188
10194
10200
10206
10212
10218
10224
10223
10217
10211
10205
10199
10193
10187
10181
10175
10159
10158
10157
7773
10174
7774
10180
7775
10186
7776
10192
7777
10198
7778
10204
7779
10210
7780
10216
7781
10222
7782
10228
7783
10234
10241
10240
7784
10257
10264
10265
10266
10283
10282
10281
10298
10299
10316
10333
10350
10351
10368
10367
8033
10383
10384
10369
10370
10371
10354
10353
10352
10335
10334
10317
10318
10303
10320
10319
10336
10337
10338
10321
10322
10323
10340
10339
10356
10355
10372
10373
10374
10357
10358
10375
10376
10359
10342
10341
10324
10306
10289
10290
10307
10308
10325
10343
10326
10309
10292
10291
10274
10273
10272
10271
10288
10305
10304
10287
10270
10286
10269
10268
10285
10302
10301
10300
10284
10267
10259
10258
10242
10235
10229
10230
10236
10243
10244
10245
10246
10247
10248
10249
10250
10251
10260
10276
10275
10293
10294
10311
10310
10327
10328
10312
10295
10296
10279
10278
10277
10261
10253
10252
10237
10231
10232
10226
10225
10219
10220
10213
10214
10215
10221
10227
10233
10239
10238
10254
10262
10255
10256
10263
11293
11292
11291
11290
11289
11288
11287
11286
11285
11284
11283
11282
11281
11280
10156
10155
10173
10172
10154
10137
10136
10127
10112
10111
10104
10097
10098
10099
10106
10105
10113
10128
10129
10130
10138
11279
10131
10114
11278
11277
10107
10100
11276
11275
10093
10086
10085
10069
10052
10070
10053
10044
11274
11273
10037
10022
11272
11271
10007
10000
11270
6660
4719
6658
6654
4718
6651
6655
4957
6665
6666
6683
6684
6667
6668
6685
6686
6669
6670
6687
6688
6689
6706
6705
6722
6723
6739
6740
6741
6724
6707
6690
6671
6672
6673
6674
6691
6708
6709
6692
6675
6676
6693
6710
6727
6726
6725
6742
6743
6744
6745
6728
6711
6694
6677
6659
6661
6678
6695
6712
6729
6765
6782
6799
6798
6797
6780
6781
6764
6763
6762
6761
6778
6779
6796
6795
6812
6813
6814
6815
6816
7490
7489
7488
7487
7486
7485
7484
7483
7482
4960
7481
7480
7479
7478
7477
4959
4958
7476
6657
6656
6652
6653
7475
7474
7473
7472
7471
7470
7469
7468
7467
6586
6585
6591
6607
4954
6623
6626
6629
6631
6633
6650
6649
6648
6647
6646
6645
6644
6643
6642
6641
6640
6639
6638
6637
4956
6636
6635
6634
6632
4717
6630
4955
6628
6625
6609
6593
6588
6594
6610
6611
6595
6596
6612
6613
6597
6598
6614
6615
6599
6600
6616
6617
6618
6601
6602
6603
6619
6620
6604
6605
6621
6622
6606
4953
6590
6589
6583
6584
6569
6570
6565
6561
6564
6560
6555
6556
6551
6550
6546
6529
6528
6524
6523
6522
6521
6520
6519
6518
6517
6516
6515
6514
6513
6534
6535
6536
6537
6538
6539
6540
6541
6542
6543
6544
6545
6549
6554
6559
6563
6568
6582
6581
6580
6579
6578
6577
6576
6575
6574
6573
6572
4952
6567
6562
4951
6558
6553
6548
6533
6532
6531
4710
6547
4711
6552
4712
6557
4713
6566
6571
4714
6587
6592
6608
4715
6624
4716
6627
11265
11266
11267
9920
9910
9901
8015
9884
8014
9873
11264
11263
9857
9848
11262
11261
9839
9830
11260
11259
9822
9813
11258
11257
9804
9795
11256
11255
9786
9778
9768
9754
9753
9740
9731
9722
9721
9720
9730
9739
9738
9729
9719
9718
9717
9716
9715
9714
9713
9712
9727
9736
8007
9745
9746
9760
9761
9747
9748
9762
9763
9764
9749
9728
9737
9750
9751
9752
9766
9767
9777
9785
9794
9803
9802
9801
9793
9784
9776
9775
9765
9774
9782
9783
9792
9791
9800
9809
9810
9811
9812
9821
9820
9828
9829
9838
9847
9856
8012
9872
9855
9846
9845
9837
9836
9827
9819
9818
9826
9835
9844
9853
9854
9871
9881
9880
9870
9869
9868
9867
9866
8013
9865
9864
9852
9843
9834
9825
9817
9808
9799
9790
9781
9773
9759
8008
9734
8006
9710
9711
9702
9694
9686
9674
9675
9676
9677
9678
9695
9703
9696
9704
9705
9706
9698
9697
9690
9689
9681
9682
9664
9655
9646
8003
9647
9648
9656
9665
9657
11246
11247
9666
8005
9683
11248
11249
9691
9699
11250
11251
9707
9723
9732
11252
11253
9741
9755
9769
11254
6492
6487
6482
4707
6465
6466
6483
6493
4708
6498
4709
6504
6510
6511
4949
6527
6512
6505
6499
4947
4946
6467
6450
6449
6432
6448
6431
6415
6411
6406
6401
4706
6385
6386
6402
4939
6407
4941
6412
4942
6416
6434
6433
6451
6468
6469
6452
6453
6470
6471
6472
6454
6455
6438
6437
6436
6435
6417
6418
6419
6420
6421
6439
6440
6457
6456
6473
6474
6475
6476
6459
6458
6441
6422
6423
6424
6425
6426
6443
6442
6460
6461
6477
6478
6479
6484
6488
6489
6490
6491
7456
7457
6497
6496
6495
6494
6500
6501
6502
6503
7458
7459
7460
6526
4948
6509
6508
6507
6506
6525
6530
7461
4950
7462
7463
7464
7465
7466
3541
1982
3537
1981
3533
1980
3529
1979
2212
3522
3521
3517
3513
3509
3505
3501
1978
3482
3463
3444
3445
3446
3447
3448
3467
3468
3449
3450
3451
3429
3428
3427
3426
3425
3424
3423
3441
1977
3422
3418
1976
3399
3400
3401
3402
3403
3404
3405
3406
3407
3384
3383
3382
3381
3380
3360
3361
3362
3363
3364
3365
3385
3386
3387
3366
3367
3368
3388
3389
3369
3390
3370
3354
3371
3372
3373
3355
3351
3347
3343
3323
3318
3313
3308
3303
3298
3293
3288
3283
3278
3273
3268
2203
3262
3263
3257
3251
3256
3250
3243
3236
3235
2201
3216
3215
3207
3208
3209
3210
3211
4371
4372
3219
4373
3238
3237
3218
3217
3244
3245
4374
4375
3252
3258
4376
4377
3264
3269
3274
4378
4379
3279
3284
4380
4381
3289
3294
4382
4383
3299
3304
4384
4385
3309
3314
4386
4387
3319
3324
4388
4389
4390
4391
4392
3374
2205
4393
4394
4395
4396
4397
4398
4399
4400
3421
3420
3419
3415
3416
3417
3398
3395
3392
3391
3394
3397
3414
3413
3412
3411
3410
3409
3408
3430
3431
3432
3433
3434
3435
3436
3437
3438
3439
3440
3443
3462
3461
3480
3499
3503
3500
3481
4401
4402
4403
3504
3508
4404
4405
3512
3507
3511
3515
3519
3516
4406
4407
3520
3525
4408
3528
3527
3524
3523
2211
3518
3514
3510
3506
3502
3498
3479
3497
3478
3459
3460
3442
3458
3457
3456
3455
3474
3475
3476
3477
3496
3495
3494
3493
3492
3473
3454
3453
3452
3471
3472
3491
3490
3489
3470
3469
3488
3487
3486
3485
3466
3465
3464
3483
3484
2206
2207
2208
2209
2210
3526
3530
3534
3538
3542
3545
2213
1983
3548
1984
3552
1985
3556
3560
1986
3579
1987
3582
1988
3585
1989
3588
1990
3591
1991
3594
2215
3595
3592
3589
3586
3583
3580
3561
3562
3557
3553
3549
3563
3564
3565
3566
3567
3568
3569
3570
3571
3572
3573
3574
3575
3576
3577
3558
3554
3550
3546
3543
3539
3535
3531
3532
4409
4410
3536
3540
4411
4412
3544
3547
4413
4414
3551
3555
4415
4416
3559
2214
3578
4417
4418
3581
3584
4419
4420
3587
3590
4421
4422
3593
3612
3611
3610
3609
3608
3607
3606
3605
3604
3603
3602
3601
3600
3599
3598
3597
3596
3615
3619
3620
3621
3622
3623
3624
3625
3626
3627
3628
3629
3630
3631
3632
3633
3638
3643
3663
3644
3639
3634
2216
3616
4423
4424
4425
4426
4427
4428
4429
4430
4431
4432
4433
4434
4435
4436
4437
2217
4438
3712
3711
3707
3703
3699
3695
3691
3687
3683
3679
3675
3671
3667
3662
3661
3660
3659
3658
3657
3656
3655
3654
3653
3652
3651
3650
3649
3648
3647
3642
3637
3636
3618
3614
1992
3613
3617
1993
3635
1994
3640
3641
3646
3665
3666
3670
3669
3645
1995
3664
1996
3668
1997
3672
1998
3676
1999
3680
2000
3684
2001
3688
2002
3692
2003
3696
2004
3700
2005
3704
2006
3708
2007
3713
3718
2008
3737
2009
3741
2010
3745
2011
3749
2012
3753
2013
3757
2014
3761
2015
3765
2016
3769
2017
3773
2018
3777
2019
3781
2020
3785
2021
3789
2022
3794
2023
3799
2024
3804
2025
3809
2026
3814
2027
3819
2028
3824
3829
2219
3825
3820
3815
3810
3805
3800
3795
3790
3786
3782
3778
3774
3770
3766
3762
3758
3754
3750
3746
3747
3751
3755
3759
3763
3767
3771
3775
3779
3783
3787
3791
3796
3801
3806
3811
3816
3821
3826
3830
2220
3842
3838
3834
3833
2029
3837
2030
3841
2031
3845
3846
2221
3849
3853
2032
3852
3856
2033
3874
3878
3881
3885
3904
3923
3927
3931
3935
3906
3907
3908
3909
3910
3911
3912
3913
3914
3915
3916
3917
3918
3899
3898
3897
3896
3895
3894
3893
3892
3891
3890
3889
3888
3887
3905
3886
2224
2223
3875
3857
3858
3859
3860
3861
3862
3863
3864
3865
3866
3867
3868
3869
3870
3871
3872
3854
3850
3847
3843
3839
3835
3831
3827
3822
3817
3812
3807
3802
3797
3792
3788
3784
3780
3776
3772
3768
3764
3760
3756
3752
3748
3744
3740
3734
3733
3732
3731
3730
3729
3728
3727
3726
3725
3724
3723
3722
3721
3739
3743
3742
3738
3719
3720
3715
3714
3709
3705
3701
3697
3693
3689
3685
3681
3677
3673
3674
3678
3682
3686
3690
3694
3698
3702
3706
3710
3716
3735
3736
3717
4439
4440
4441
4442
4443
4444
4445
4446
4447
4448
4449
4450
4451
4452
2218
4453
3793
3798
4454
4455
3803
3808
4456
4457
3813
3818
4458
4459
3823
3828
4460
4461
3832
3836
4462
4463
3840
3844
4464
4465
3848
3851
4466
4467
3855
3873
2222
3876
3879
3882
3901
3900
3919
3920
3921
3902
3883
3880
3877
4468
4469
4470
4471
4472
4473
3925
3924
3928
3929
4474
4475
3933
3932
3937
4476
4477
3941
3936
3940
3944
3948
3949
3945
4478
4479
4480
3953
3952
3956
3957
4481
4482
3961
3960
3979
3978
3977
3976
3975
3974
3973
3972
3971
3970
3969
3968
3967
3966
3965
3964
3963
3959
2225
2048
3990
3987
2047
3984
2046
3981
2045
3962
2044
3958
2043
3955
3951
3954
2042
3950
2041
3946
2040
3947
3943
3939
3942
2039
3938
2038
3934
2037
3930
2036
3926
2035
3922
2034
3903
3884
6900
6899
6898
6897
6896
6895
6894
6893
6892
6891
6890
6889
6888
6887
6886
6885
6884
6883
6882
4753
6865
6866
6867
6868
6869
6870
6871
6872
6873
6874
6875
6876
6877
6878
6879
6880
6881
4963
7521
7520
7519
7518
7517
7516
7515
7514
7513
7512
7511
7510
7509
7508
7507
7506
7505
7504
7503
7502
7501
7500
7499
7498
7497
7496
7495
7494
7493
7492
7491
6836
6835
6834
6833
6832
6831
6830
6829
6828
6827
6826
6825
6824
6823
6822
6821
6820
6803
6804
6787
6770
6771
6772
6789
6788
6805
6806
6807
6808
6809
6810
6811
6794
6777
6760
6759
6758
6775
6776
6793
6792
6791
6790
6773
6774
6757
6756
6755
6754
6753
6734
6735
6736
6737
6738
6721
6704
6703
6720
6719
6718
6702
6701
6700
6717
6733
6716
6715
6698
6699
6682
6681
6664
6663
6662
6679
6680
6697
6696
6713
6714
6732
6731
6730
4720
6746
4721
6747
4722
6748
6749
6750
6767
6766
6783
6784
6768
6751
6752
6769
6786
6785
6802
6801
6800
4723
6817
4724
6818
6819
4725
6837
4726
6838
4727
6839
4728
6840
4729
6841
4730
6842
4731
6843
4732
6844
4733
6845
4734
6846
4735
6847
4736
6848
4737
6849
4738
6850
4739
6851
4740
6852
4741
6853
4742
6854
4743
6855
4744
6856
4745
6857
4961
4746
6858
4747
6859
4748
6860
4749
6861
4962
4750
6862
4751
6863
4752
6864
11309
10492
10508
10524
11310
10541
10558
11311
11312
11313
10586
10575
10574
8044
10557
8043
10540
8042
10523
10507
10491
10490
10489
10478
10479
10467
10468
10480
10481
11308
11307
10469
10458
10449
11306
11305
10440
10432
11304
11303
10423
10422
10431
10439
10448
10457
8037
10456
10466
10477
10488
10487
10503
10519
10537
10536
10553
10552
10535
10534
10533
10550
10551
10568
10569
10570
10571
10554
10555
10538
10520
10504
10505
10506
10522
10521
10539
10556
10573
10572
10581
10591
10608
10607
10606
10605
10604
10603
10602
10601
10630
10629
10643
10654
10671
10670
10669
10668
10651
10652
10653
10642
8048
10626
10627
10628
10617
10616
10600
10599
10598
10615
10625
10641
10624
10614
7792
10597
10587
10576
7791
10559
10560
10577
10588
10578
10579
8045
10589
10590
10580
10563
10564
10547
10546
10545
10562
10561
10544
10527
10526
10543
10542
10525
10509
10493
10510
10511
10512
10528
10529
10530
10531
10548
10565
10566
10567
10549
10532
10514
10513
8041
10497
10496
10485
10473
10462
10461
10460
10471
10472
10484
10495
10494
10483
10482
10470
10459
7790
10450
10441
7789
10442
8036
10451
10452
10443
10444
10453
10463
10474
10475
8039
10486
8040
10498
10499
10515
10516
10517
10518
10502
10501
10500
8038
10476
10464
10465
10455
10454
10445
10446
10447
10438
10430
10429
10437
10436
10428
10419
10420
10421
10411
10412
10413
10414
11302
10405
10389
11301
11300
11299
11298
11297
11296
11295
11294
8032
10280
10297
10313
10314
10331
10348
10365
10364
10363
10346
10347
10330
10329
10345
10344
10361
10360
10377
10378
10385
10386
10379
10362
10380
10387
10381
10382
10388
10404
10403
10402
10401
10400
10410
10399
10398
10397
10396
10395
10394
10393
8034
10392
10391
10407
10416
10417
10408
10409
10418
10427
10435
10434
10426
10425
10433
8035
10424
7788
10415
7787
10406
7786
10390
7785
10366
10349
10332
10315
15410
15411
15412
15413
15414
15415
14380
11811
14386
14393
15416
15417
14400
15418
15419
15420
14420
14413
14407
14406
14405
14398
14399
14392
14391
14385
14379
14372
14371
14370
14369
14368
14351
14335
14352
14353
14336
14319
14318
14317
14334
14333
14316
14315
14332
14331
14330
14314
14313
14312
14329
14346
14347
14348
14349
14350
14367
14366
14365
14364
14363
14378
14384
14377
14383
14389
14390
14397
14404
14410
14409
14408
11812
14402
14403
14396
14395
14388
14382
11810
14376
14375
11809
14359
14360
14361
14362
14345
14344
14343
14342
14325
14308
14301
14294
14295
14302
14303
14310
14309
14326
14327
14328
14311
14304
14297
14296
14290
14289
14288
14287
14271
14272
14256
14257
11808
14273
14274
14275
14260
14261
14276
14277
14262
14263
14278
14279
14280
14281
14266
14250
14249
14265
14264
14248
14247
14246
14245
14244
14243
14259
14258
14242
14241
14240
14239
14255
14254
14238
14234
14230
14213
14214
14215
11805
14216
14217
14218
14219
14220
14221
14222
14223
14206
14205
14204
14203
14202
14201
14200
14199
14198
14197
14188
11802
11801
11800
11799
14172
14171
14153
14154
14155
14156
11797
14157
14139
14140
14158
14159
14141
14142
14160
14161
14143
14144
14162
14163
14145
14146
14164
14165
14166
14167
14149
14148
14147
14132
14133
14150
14168
11798
14173
14176
14179
14182
14185
14189
14193
14209
14208
14207
14224
14225
14226
14227
14210
14211
14232
14231
14235
14236
14269
14284
14283
14268
14252
14251
14267
14282
14291
14298
14305
14322
14339
14338
14321
14320
14337
14354
14355
14356
14373
14374
14357
14340
14323
14306
14299
15409
15408
14292
14285
15407
11807
11806
11804
14228
11803
15406
15405
14194
15404
15403
14190
14186
15402
15401
14183
14180
15400
15399
14177
14174
14169
14151
14134
15398
15397
14128
14127
14126
14121
14122
15396
15395
14116
14115
14099
14098
14091
11791
14097
11792
14114
14120
14113
14112
14111
14110
14109
14108
14107
14106
14105
14104
14103
14119
14125
14131
14138
14137
11796
14130
11795
14124
11794
14118
11793
14102
14101
14100
14117
14123
14129
11554
14135
14136
14152
14170
14175
14178
14181
14184
11555
14187
11556
14191
14192
14196
14195
14212
11557
14229
14233
14237
14253
14270
11558
14286
11559
14293
11560
14300
14307
14324
14341
14358
14381
11561
14387
11562
14394
11563
14401
11564
14414
14422
14421
11565
14438
11566
14446
14454
14455
14456
14447
14448
14457
14464
14463
14462
14461
14468
11567
14486
14469
14493
14492
11568
14509
14516
14532
14539
14546
14552
14553
14547
14540
14533
11818
14510
14494
14487
14470
14471
14472
14473
14474
11816
11814
14449
14441
14440
14439
14423
14415
14416
14417
14424
14425
14426
14427
14428
14429
14430
14431
14432
14433
14434
14411
14412
14419
14418
11813
14435
14436
14437
15421
15422
14445
14444
14443
14442
14450
14451
14459
14460
14452
14453
15423
11815
14467
14466
14465
14458
11817
14482
14481
14480
14479
14478
14477
14476
14475
14500
14499
14498
14497
14496
14489
14488
14495
14511
14517
11819
14534
11820
14541
11821
14548
14555
14549
14542
14535
14518
14512
14519
14520
14521
14522
14523
14524
14525
14501
14502
14503
14504
14505
14506
14507
14508
14491
14490
14483
14484
14485
15424
15425
15426
14515
14514
14513
14528
14527
14526
14543
14550
14567
14566
14565
14564
14563
14562
14561
14560
14559
14558
14557
14556
14572
14571
14554
11824
14570
14578
14579
14595
14602
11829
14608
14624
14625
14626
14627
14628
14629
14630
14614
14613
14612
14611
14610
14609
14580
14581
14582
14583
14584
14585
14586
14587
14588
14589
14590
14573
14551
14544
14537
14536
14529
14530
14531
14538
15427
15428
14545
11822
11823
14568
15429
15430
14574
11825
14591
15431
15432
14598
14604
11828
14597
14596
14603
14618
14617
14616
14615
14631
14632
14633
14634
14639
14642
14645
14648
14650
14667
14666
14665
14664
14663
14662
14661
14660
14659
14658
14657
14656
14655
14654
14653
14652
11833
14669
14670
14671
14672
14673
14674
14675
14676
14677
14678
14679
14680
14681
14682
14683
14684
15437
15436
11832
14646
15435
14643
15434
15433
14640
14636
14635
14619
14620
10650
10667
7793
10684
7794
10693
10702
10719
10720
10703
10704
10705
10706
10723
10724
10725
10749
10750
10751
10752
10753
10754
10755
10739
10731
10714
10713
10730
10729
10728
10712
10711
10710
10727
10726
10709
10708
10707
10695
10694
10685
10686
10672
10655
10656
10673
10674
10675
10676
10677
10678
10661
10660
10659
10658
10657
10631
10632
10633
10634
10635
10644
10662
10645
10637
10636
10618
10619
10609
8046
10592
10582
10583
10593
10610
10620
10621
10611
10594
10584
10585
10595
10612
10596
11314
11315
10613
10623
11316
11317
11318
10649
10640
10622
8047
10639
10648
10647
10638
10646
10664
10663
10680
10681
10689
10690
10691
10682
8050
10665
8049
10666
11319
11320
10683
10692
11321
11322
10701
10700
10717
10718
11323
11324
10735
11325
10743
10758
10759
11326
11327
10767
10774
11328
11329
10781
11330
10803
10797
10796
10802
10808
10809
11331
11332
10815
10814
10813
10807
10801
10795
10780
10779
10772
10773
10766
10765
10757
10741
10742
10734
10733
8052
10716
8051
10699
10698
10688
10679
10687
10696
10697
10715
10732
10740
8054
10756
10764
10771
10778
10793
10794
10812
10806
10800
10792
10791
10790
10789
10788
10787
10786
10785
8057
10777
10776
8056
8055
10769
10770
10763
10748
10738
10737
10722
10721
8053
10746
10747
10762
10761
10745
10736
10744
7795
10760
10768
10775
10782
7796
10798
7797
10804
7798
10810
10811
10805
10799
10783
10784
10819
10818
10817
10816
10833
10834
10852
10835
10836
10853
10854
10837
10820
10821
10838
10839
10822
10823
10840
10841
10858
10857
10873
10872
10856
10855
10871
10870
10869
10868
8059
10851
10850
7799
10867
7800
10884
7801
10887
8060
10888
8061
10889
10890
10891
10892
10893
10894
10895
10896
10897
10898
10899
10905
10908
10911
10914
10917
10920
10923
10926
10929
10932
10935
10938
10941
10943
10958
10957
10956
10955
10954
10953
10972
10974
10989
10990
10991
10970
10968
10967
10965
10963
10959
10960
10961
10944
10942
11347
11346
10939
10936
11345
11344
10933
10930
11343
11342
10927
10924
11341
11340
10921
10918
11339
11338
10915
10912
11337
11336
10909
10906
11335
10903
10886
10902
10901
10900
10885
10880
10879
10878
10877
10860
10876
10875
10874
10859
10842
10824
10825
10826
10843
10844
10861
10862
10845
10827
10828
10829
10830
10847
10846
10863
10864
10865
10881
10882
10883
11334
10866
8058
10849
10848
10831
10832
11333
6972
6973
6974
6975
6976
6977
6978
6979
6980
6981
6982
6983
6984
6985
6986
6987
4966
6970
6966
6962
6959
6956
6954
6953
6952
6951
6950
6949
6948
6947
6946
6945
6944
6943
6942
6941
6940
4965
6965
6969
6968
4777
6964
4776
6961
6958
4775
6955
4774
6939
6938
4773
6937
4772
6936
4771
6935
4770
6934
4769
6933
4768
6932
4767
6931
4766
6930
4765
6929
4764
6928
4763
6927
4762
6926
4761
6925
4760
6924
4759
6923
4758
6922
4757
6921
4756
6920
4755
6919
4754
6901
6902
6903
6904
6905
6906
6907
6908
6909
6910
6911
6912
6913
6914
6915
6916
6917
6918
7522
7523
7524
7525
7526
7527
7528
7529
7530
7531
7532
7533
7534
7535
7536
7537
7538
7539
7540
7541
4964
7542
6957
6960
7543
7544
6963
7545
6967
6971
7546
7547
6988
6993
7548
7549
7010
7014
7550
7551
7031
7048
7552
7553
7065
7082
7554
7555
7099
7098
4972
7081
4971
7064
4970
7047
4969
7030
4968
7013
7009
4967
6992
6991
7008
7007
7006
7005
7004
7003
7002
7001
7000
6999
6998
6997
6996
6995
6990
4778
6989
6994
4779
7011
7012
7016
7015
7032
7049
7050
7033
7034
7017
7018
7019
7036
7035
7052
7069
7051
7068
7067
7066
7083
7084
7085
7086
7087
7070
7053
7054
7071
7088
7089
7090
7091
7074
7073
7072
7055
7056
7039
7038
7037
7020
7021
7022
7023
7024
7041
7040
7057
7058
7075
7092
7093
7076
7059
7043
7042
7025
7026
7027
7028
7029
7046
7045
7044
7061
7060
7077
7078
7094
7095
7096
7079
7062
7063
7080
7097
7102
7103
7104
7556
7557
7109
7108
7107
7112
7117
7122
7127
7123
7118
7113
7114
7558
7559
7119
7124
7560
7561
7129
7128
7133
7134
7562
7563
7139
7143
7564
7565
7160
7159
4974
7142
7138
7132
7137
7141
7158
7157
7156
7155
7154
7153
7152
7151
7150
7149
7148
7147
7146
7145
7162
7166
7170
4975
7173
7169
4790
7165
4789
7161
4788
7144
7140
4973
7136
7131
7126
7121
7116
7111
7106
7101
4780
7100
4781
7105
4782
7110
4783
7115
4784
7120
4785
7125
4786
7130
4787
7135
11348
11349
11350
11351
11352
11353
11354
11355
11356
11357
8064
11358
11359
11360
11361
11362
11363
11364
11365
11366
11367
11368
11369
11370
11371
11372
11373
11374
11375
11376
11377
11378
11379
11380
11381
11382
11383
11384
11385
11386
11387
11388
11389
11390
11391
11392
11393
11394
11395
11396
11397
11398
11399
11400
11401
11402
11403
11404
11405
11406
11407
11408
11409
11410
11411
11412
11413
11414
11415
11416
11417
11418
11419
11420
11421
11422
11423
7287
4858
7286
4857
7285
4856
7284
4855
7283
4854
7282
4853
7281
4852
7280
4851
7279
4850
7278
4849
7277
4848
7276
4847
7275
4846
7274
4845
7273
4844
7272
4843
7271
4842
7270
4841
7269
4840
7268
4839
7267
4838
7266
4837
7265
4836
7264
4835
7263
4834
7262
4833
7261
4832
7260
4831
7259
4830
7258
4829
7257
4828
7256
4827
7255
4826
7254
4825
7253
4824
7252
4823
7251
4822
7250
4821
7249
4820
7248
4819
7247
4818
7246
4817
7245
4816
7244
4815
7243
4814
7242
4813
7241
4812
7240
4811
7239
4810
7238
4809
7237
4808
7236
4807
7235
4806
7234
4805
7233
4804
7232
4803
7231
4802
7230
4801
7229
4800
7228
4799
7227
4798
7226
4797
7225
4796
7224
4795
7223
4794
7221
4793
7203
7204
7205
7188
7187
7186
7183
4792
7180
7176
4791
7177
4976
7189
7190
7206
7207
7208
7191
7192
7193
7194
7195
7209
7210
7211
7212
7213
7196
7197
7214
7215
7216
7198
7199
7200
7217
7218
7201
7202
7184
7185
7182
7181
7178
7174
7171
7167
7163
7164
7566
7567
7168
7568
7172
7175
7569
7570
7179
7571
7572
7573
7220
7219
4977
7222
7574
7575
7576
7577
7578
7579
7580
7581
7582
7583
7584
7585
7586
7587
7588
7589
7590
7591
7592
7593
7594
7595
7596
7597
7598
7599
7600
7601
7602
7603
7604
7605
7606
7607
7608
7609
7610
7611
7612
7613
7614
7615
7616
7617
7618
7619
7620
7621
7622
7623
7624
7625
7626
7627
7628
7629
7630
7631
7632
7633
7634
7635
7636
7637
7638
4210
2150
4209
2149
4208
2148
4207
2147
4206
2146
4205
2145
4204
2144
4203
2143
4202
2142
4201
2141
4200
2140
4199
2139
4198
2138
4197
2137
4196
2136
4195
2135
4194
2134
4193
2133
4192
2132
4191
2131
4190
2130
4189
2129
4188
2128
4187
2127
4186
2126
4185
2125
4184
2124
4183
2123
4182
2122
4181
2121
4180
2120
4179
2119
4178
2118
4177
2117
4176
2116
4175
2115
4174
2114
4173
2113
4172
2112
4171
2111
4170
2110
4169
2109
4168
2108
4167
2107
4166
2106
4165
2105
4164
2104
4163
2103
4162
2102
4161
2101
4160
2100
4159
2099
4158
2098
4157
2097
4156
2096
4155
2095
4154
2094
4153
2093
4152
2092
4151
2091
4150
2090
4149
2089
4147
2088
4145
2087
4143
2086
4124
4125
4126
4127
4128
4110
4109
4108
4107
4106
4104
2085
4102
2084
4100
2083
4098
2082
4096
2081
4094
2080
4092
2079
4090
2078
4088
2077
4086
2076
4084
2075
4081
2074
4078
2073
4075
2072
4072
2071
4069
2070
4066
2069
4063
2068
4060
2067
4057
2066
4054
2065
4051
2064
4048
2063
4045
2062
4042
2061
4039
2060
4037
2059
4035
2058
4033
2057
4031
2056
4029
2055
4027
2054
4008
4005
2053
4002
2052
3999
2051
3996
2050
3993
2049
4009
4010
4011
4012
4013
4014
4015
4016
4017
4018
4019
4020
4021
4022
4023
4024
4025
4006
4003
4000
3997
3994
3991
3988
3985
3982
3980
4483
3983
3986
4484
4485
3989
3992
4486
4487
3995
3998
4488
4489
4001
4004
4490
4491
4007
2226
4026
4492
4493
4028
4030
4494
4495
4032
4034
4496
4497
4036
2227
4038
4041
4498
4499
4044
4040
4043
4046
4047
4500
4501
4050
4049
4052
4055
4056
4053
4502
4503
4504
4505
4506
4065
4062
4059
4058
4061
4064
4067
4068
4507
4508
4071
4070
4073
4076
4079
4114
4113
4112
4111
4129
4130
4131
4132
4133
4115
4116
4134
4117
4135
4136
4118
4119
4137
4138
4139
4120
4121
4122
4123
4140
4141
4142
4105
4103
4101
4099
4097
4095
4093
4091
4089
4087
4085
4082
4080
4077
4074
4509
4510
4511
4512
4083
2228
4513
4514
4515
4516
4517
4518
4519
4520
4521
4522
2229
4523
4524
4525
4144
4146
4526
4527
4148
2230
4528
4529
4530
4531
4532
4533
4534
4535
4536
4537
4538
4539
4540
4541
4542
4543
4544
4545
4546
4547
4548
4549
4550
4551
4552
4553
4554
4555
4556
4557
4558
4559
4560
4561
4562
4563
4564
4565
4566
4567
4568
4569
4570
4571
4572
4573
4574
4575
4576
4577
4578
4579
4580
4581
4582
4583
4584
4585
4586
4587
4588
6
7
8
9
150
151
149
148
146
147
145
144
142
143
141
140
138
139
137
136
134
135
133
132
130
131
129
128
126
127
125
124
122
123
121
120
118
119
117
116
114
115
113
112
110
111
109
108
4244
4245
4246
4247
4248
4249
4250
4251
4252
4253
4254
4255
4256
4257
2330
2328
2326
2324
2322
2320
2318
2316
2314
2312
2310
2308
2306
2304
2302
4243
2152
4242
4241
4240
4239
4238
4237
4236
4235
4234
4233
4232
4231
4230
4229
2268
2287
2286
2285
2284
2283
2282
2281
2280
2279
2278
2277
2276
2275
2274
2273
2272
2271
2270
1843
2265
1844
2267
2269
1845
2288
1846
2289
1847
2290
1848
2291
1849
2292
1850
2293
1851
2294
1852
2295
1853
2296
1854
2297
1855
2298
1856
2299
1857
2300
1858
2301
1859
2303
1860
2305
1861
2307
1862
2309
1863
2311
1864
2313
1865
2315
1866
2317
1867
2319
1868
2321
1869
2323
1870
2325
1871
2327
1872
2329
1873
2331
1874
2333
1875
2336
1876
2339
2154
1877
1878
1879
1880
1881
1882
1883
1884
1885
1886
1887
2342
2340
2337
2334
2153
2332
4258
2335
2338
4259
4260
2341
2343
4261
4262
2345
2344
2346
2347
4263
4264
2349
2348
2350
2351
4265
4266
2353
2352
2354
2355
4267
4268
2357
2356
2358
2359
4269
4270
2361
2360
2362
2364
2363
4271
4272
2365
2384
4273
2387
2390
4274
4275
2393
2396
4276
4277
2399
2402
4278
4279
2405
2404
2401
2398
2395
2392
2389
2386
2383
2382
2381
2380
2379
2378
2377
2376
2375
2374
2373
2372
2371
2370
2369
2368
2367
2366
1888
1889
2385
1890
2388
1891
2391
1892
2394
1893
2397
1894
2400
1895
2403
1896
2406
1897
2409
2155
2417
2418
2419
2438
2437
2436
2435
2416
2434
2415
2414
2433
1898
1899
1900
1901
1902
1903
1904
1905
1906
1907
1908
1909
1910
1911
1912
1913
1914
1915
1916
1917
2160
2522
2159
2505
2506
2507
2508
2509
2510
2511
2512
2513
2514
2515
2516
2517
2518
2519
2502
2499
2496
2497
2494
2493
2490
2491
2488
2487
2484
2485
2482
2481
2478
2475
2472
2469
2470
2466
2463
2460
2158
2450
2449
2448
2447
2446
2445
2444
2443
2442
2441
2440
2439
2420
2421
2422
2423
2424
2425
2426
2427
2428
2429
2430
2431
2412
2410
2407
2408
4280
4281
2411
4282
4283
2413
2156
2432
2157
2451
4284
4285
2453
2452
2454
2455
4286
4287
2457
2456
2458
2459
4288
4289
2465
2462
2461
2464
2467
2468
4290
4291
2471
2473
2476
2474
4292
4293
2477
4294
2480
2479
2483
4295
4296
2486
2489
4297
4298
2492
2495
4299
4300
2498
2501
4301
4302
2504
2500
2503
2521
2520
2524
2525
4303
4304
2544
2550
4305
4306
2556
2555
2549
2543
2523
2161
2542
2548
2554
2560
2559
2553
2547
2541
2540
2539
2538
2537
2536
2535
2534
2533
2532
2564
2565
2571
2570
2577
2578
2584
2585
2593
2586
2579
2572
2566
2561
2562
4307
4308
2567
2573
4309
4310
2580
2587
4311
4312
2594
2602
4313
4314
2609
2601
2600
2592
2591
2599
2606
2613
2614
2607
2608
2615
2616
4315
4316
4317
2629
2623
2622
2621
2620
2626
2632
2633
2627
2628
2167
2634
2639
4318
4319
4320
4321
2696
2171
2677
2170
2658
2169
2676
2657
2638
2637
2656
2655
2654
2673
2692
2711
2710
2709
2690
2691
2671
2672
2653
2652
2651
2650
2649
2668
2687
2706
2705
2704
2685
2686
2667
2648
2647
2666
2665
2646
2645
2664
2644
2168
2643
2642
2661
2662
2663
2682
2701
2720
2721
2702
2683
2684
2703
2722
2723
2724
2725
2726
2707
2688
2669
2670
2689
2708
2727
2728
2729
2730
2731
2712
2693
2674
2675
2694
2695
2172
2713
2173
2732
2738
2737
2743
2744
2764
2745
2739
2733
2714
2715
4322
4323
2734
2740
4324
4325
4326
2746
2175
2765
2770
4327
4328
2775
2780
4329
4330
2785
2790
4331
4332
2795
4333
4334
4335
2813
2806
2800
2176
2799
2804
2805
2812
2178
2831
2832
2179
2851
4336
4337
2856
2180
2875
4338
4339
2881
2899
4340
4341
4342
2909
2914
4343
4344
2919
2924
4345
4346
2928
4347
2932
2936
2955
4348
4349
2962
2969
4350
4351
2988
2996
4352
4353
4354
3012
2187
3031
4355
4356
3037
3045
4357
4358
3053
3061
4359
4360
3069
3076
4361
4362
3084
3102
2192
3101
2191
3083
3075
3068
3060
3052
3051
3044
3043
3035
3036
3030
3029
3028
3034
3042
3050
3058
3059
3067
3074
3066
3073
3081
3082
3100
3107
3115
3134
3135
3154
2195
3173
3174
3175
3156
3155
2194
3136
2193
3117
3116
3108
3109
3110
4363
4364
3118
3137
4365
4366
4367
4368
3184
4369
4370
3202
3193
3192
3201
3200
3199
3198
3189
3190
3191
3183
3182
3181
3180
3172
3153
3152
3171
3170
3169
3168
3149
3148
3167
3166
3165
3146
3127
3128
3147
3129
3130
3131
3150
3151
3132
3133
3099
3098
3097
3096
3095
3094
3093
3092
3091
3090
3089
3106
3088
3087
3105
3104
3086
3078
3079
3080
3072
3065
3057
3049
2189
3041
3040
3048
3056
3055
3047
3039
3038
1949
3046
1950
3054
1951
3062
3063
3064
3071
2190
3070
1952
3077
3085
1953
3103
7424
7423
6051
4919
6034
7422
7421
6028
6023
7420
7419
6017
6011
7418
7417
6005
5999
5994
7415
7416
3013
3014
2188
3032
3033
3015
3016
3017
3018
3019
3020
3021
3022
3023
3024
3025
3026
3027
3008
3009
3010
3011
3004
3003
2995
2994
3002
3001
3000
2992
2993
2985
2186
2986
2987
2968
2967
2966
2984
2983
2982
2981
2980
2979
2978
2977
2976
2975
2974
2973
2972
2965
2958
2939
2938
2957
2964
2971
2991
2990
2998
2999
3007
3006
3005
1948
2997
1947
2989
1946
2970
2963
1945
2956
1944
2937
2933
2934
2930
2929
1943
2925
2926
2921
2920
1942
2916
2911
2906
2901
2883
2877
2858
2853
2854
2859
2860
2861
2862
2863
2864
2865
2866
2867
2868
2869
2870
2871
2872
2873
2879
2897
2896
2895
2894
2893
2892
2891
2890
2889
2888
2887
2886
2885
2878
2884
2902
2907
2912
2917
2922
2182
2183
2940
2941
2942
2943
2944
2945
2946
2947
2948
2949
2950
2951
2952
2959
2960
2961
2954
2953
2185
2184
2935
2931
2927
2923
2918
2913
2908
2904
2903
2898
2181
2880
2874
2855
2850
2849
2830
2810
2811
2803
2798
2793
2794
2789
2788
2783
2784
2779
2778
2773
2774
2769
2768
2763
2762
2761
2760
2759
2758
2757
2756
2755
2754
2753
2752
2751
2750
2749
2748
2767
2772
2777
2782
2787
2792
1933
2791
1934
2796
2801
1935
2807
2814
2815
2809
2808
2802
2797
2177
2820
2821
2822
2823
2824
2825
2826
2827
2828
2829
2848
2847
2846
2845
2844
2843
2842
2841
2840
2839
2838
2819
2818
2837
2836
2817
2816
2835
2834
2833
1936
2852
2857
1937
2876
2882
1938
2900
1939
2905
1940
2910
1941
2915
7410
7409
7408
7407
5805
7406
7405
5784
5794
5793
5783
5772
5773
5757
5747
5746
5737
4892
7404
7403
5720
5719
5711
5702
5703
5704
4890
5712
5705
5688
5687
4887
5677
5678
5668
5658
5648
5638
5637
5628
5627
5636
5646
5647
5657
5667
5666
5656
5645
5655
5665
5675
5676
5686
5685
5701
5710
5700
5699
5698
5697
5696
5695
5694
5684
5674
5664
5654
5644
5634
5619
5620
5621
5622
5623
5624
5625
5635
5626
5609
5599
5589
5600
5610
5611
5629
5612
5601
5591
5590
5580
5579
5569
5559
5549
5539
5538
5537
5536
5535
5534
5533
5517
5518
5519
5520
5521
5522
5523
5507
5508
5524
5540
5525
5526
5510
5509
5499
5498
5497
5487
4881
5488
5479
5480
5489
5500
5501
7389
7390
5511
5527
5543
5542
5541
5551
5550
5560
5570
5581
5582
5583
5573
5563
5562
5572
5571
5561
5552
5553
7391
7392
7393
7394
7395
5593
5592
5602
5603
7396
7397
5613
5630
5639
7398
7399
5649
5659
7400
7401
5669
5679
7402
2786
1932
2781
1931
2776
1930
2771
1929
2766
1928
2747
2742
2741
1927
2735
2736
2717
2716
2697
2698
2699
2718
2174
2719
2700
2681
2680
2679
2678
2659
2660
2641
2640
2635
2636
2631
2630
1926
2624
1925
2617
2625
2618
2619
2166
2612
2605
2165
2598
2590
2583
2163
2569
2563
2162
2558
2552
2546
2531
2530
2529
2528
2527
2526
1918
2545
1919
2551
1920
2557
1921
2568
2574
1922
2581
2575
2576
2582
2164
2589
2597
2596
2604
2611
2610
1924
2603
2595
1923
2588
5490
5481
7388
7387
7386
5455
5472
5471
4878
5454
5447
5446
5453
5470
5469
5478
5468
5467
5466
5465
5464
5463
4879
5462
5461
5460
5459
5476
5477
5485
5486
5496
4882
5516
4883
5506
5495
5484
5494
5493
5483
4880
5475
5458
5457
5474
5473
5456
5448
4663
5431
5432
5424
4662
5411
4661
5404
4660
5397
4659
5390
4658
5377
5360
5361
5344
5343
4657
5320
5321
5322
5337
5338
5323
5306
5307
5324
5346
5345
5362
5363
5364
5347
5348
5349
5350
5367
5366
5365
4875
5386
5393
5400
5407
5414
5420
5419
5413
5406
5399
5392
5385
5380
5379
5378
4876
5384
5391
5398
5405
5412
4877
5418
5425
5426
5427
5435
5434
5433
5449
5450
5451
5436
5437
5438
5439
5440
5441
5442
5443
5444
5452
5445
5428
5421
5415
5408
5401
5394
5387
5381
5388
5382
5375
5374
5357
5358
5340
5335
5334
5333
5339
5356
5373
5372
5371
5370
5369
5368
5351
5352
5353
5354
5355
5332
5317
5318
5319
5336
5341
5359
5376
5383
5389
5396
5395
5402
5403
5409
5416
5410
5417
5423
5422
5429
5430
7385
7384
7383
7382
7381
7380
7379
7378
7377
7376
7375
5342
7374
7373
7372
7371
5302
5301
5300
5294
5289
4873
5274
5269
5275
5290
5295
5296
7370
4874
4872
5270
4870
5264
5265
5249
7369
7368
7367
7366
7365
7364
7363
7362
5183
5180
5179
5178
5182
5199
5200
5217
5245
5248
5263
5262
5261
5260
5259
5258
5257
5256
5255
5254
5253
5252
4868
5268
5273
5279
5280
5281
5282
5283
5284
5285
5286
5287
5288
5293
5299
5316
5315
5314
5331
5330
5313
5312
5329
5328
5311
5310
5309
5327
5326
5325
5308
5298
5292
5291
5297
5305
5304
5303
4656
4655
5276
5277
5278
5272
4871
5267
4869
5251
4867
5247
5246
4866
5230
5231
5232
5233
5234
5235
5236
5237
5238
5239
5240
5241
5242
5243
5244
5228
5224
5220
5216
5215
5214
5213
5212
5211
5210
5209
5192
5193
5194
5195
5196
5197
5198
5177
5159
5160
5161
5162
5144
7361
7360
7359
7358
7357
5141
5143
4863
5140
5139
5138
5137
5136
5157
5158
5176
5175
5174
5156
5155
5173
5172
5154
5153
5152
5170
5171
5191
5208
5207
5190
5189
5206
5205
5188
5187
5204
5219
4865
5203
5186
5185
5202
5201
5184
5163
5145
4652
5125
5126
4651
4650
4649
5120
5103
5121
5122
5123
5124
5127
5142
5147
5146
5164
4864
5181
5165
5166
5167
5168
5169
5151
5150
5149
5148
5128
5129
5130
5131
5132
5133
5134
5135
4862
5106
5089
5088
5105
5104
5087
5086
5069
5052
5053
5070
5071
5054
5055
5072
5073
5056
5057
5074
5058
5059
5060
5077
5076
5075
5092
5091
5090
5107
5108
5109
5110
5093
5094
5111
5112
5095
5096
5113
5114
5097
5080
5079
5078
5061
5062
5063
5064
5065
5066
5067
5068
5085
5102
5101
5084
5083
5082
5081
5098
5115
5116
5099
5100
5117
5118
5119
7356
7355
7354
7353
7352
7351
7350
7349
5034
5051
5050
5049
5048
5047
5046
5045
5044
5043
5042
5041
5040
5039
5038
5037
4861
4860
5036
5035
4859
4648
4647
4646
5014
5015
5016
5017
5018
5019
5020
5021
5022
5023
5024
5025
5026
5027
5028
5029
5030
5031
5032
5033
7348
7347
7346
7345
7344
7343
7342
7341
5013
5012
5011
5010
5009
5008
5007
5006
5005
5004
5003
5002
5001
5000
4999
4998
4997
7340
7339
7338
7337
7336
7335
7334
7333
7332
7331
7330
7329
7328
7327
7326
7325
7324
7323
7322
7321
7320
7319
7318
7317
7316
7315
7314
7313
7312
7311
7310
7309
4995
4994
4993
4992
4991
4990
4989
4988
4987
4986
4985
4984
4983
4982
4981
4980
4979
7308
7307
7306
7305
7304
7303
7302
7301
7300
7299
7298
7297
7296
7295
7294
7293
7292
7291
7290
7289
7288
1824
1825
1826
1827
1828
1829
1830
1831
1832
1833
1834
1835
1836
1837
1838
1839
1840
1841
1842
2246
2247
2248
2249
2250
2251
2252
2253
2254
2255
2256
2257
2258
2259
2260
2261
2262
2263
2266
4228
2264
2245
4227
4226
2244
2243
4225
4224
2242
2241
4223
4222
2240
2239
4221
4220
2238
2237
4219
4218
2236
2235
4217
4216
2234
2233
4215
4214
2232
2231
4213
2151
4212
4211
1005
1004
1003
1002
1001
1000
999
998
997
996
995
994
993
992
991
990
989
988
987
986
985
984
983
982
981
980
979
978
977
976
975
974
973
972
971
970
969
968
967
966
965
964
963
962
961
960
959
958
957
956
955
954
953
952
951
950
949
948
947
946
945
944
943
942
941
940
939
938
937
936
935
934
933
932
931
930
929
928
927
926
925
924
923
922
921
920
919
918
616
917
916
915
914
913
912
911
910
909
908
907
906
905
904
903
902
901
900
899
898
614
897
896
895
894
893
892
891
890
889
888
887
886
885
884
883
882
881
880
879
878
877
876
613
875
874
873
872
871
870
869
612
868
867
866
865
864
863
862
861
860
859
858
857
856
855
854
853
852
851
850
849
848
610
847
846
845
844
843
842
841
840
839
838
837
836
835
834
833
832
831
830
829
828
827
609
607
787
786
785
784
783
782
781
780
779
778
777
776
775
774
773
772
771
770
769
768
767
766
765
606
764
763
762
761
760
604
759
758
757
756
755
754
753
752
51869
51870
56699
51867
51568
51865
56698
56697
51863
51861
56696
46866
46883
46900
46391
46917
46921
46924
46925
46922
46918
46901
46884
46867
46868
46885
46902
46903
46904
46905
46906
46889
46888
46887
46886
46869
46870
46871
46872
46873
46890
46907
46908
46891
46892
46909
46910
46893
46874
46875
46876
46877
46894
46911
46912
46895
46913
46914
46915
46898
46897
46896
46878
46879
46880
46881
46882
46571
46899
46572
46916
46919
46923
46576
46578
46929
46926
46574
46920
51121
51120
51119
51118
40844
40843
40842
40841
788
789
790
791
792
793
794
795
796
797
798
799
800
801
802
803
804
805
806
807
808
809
810
811
812
813
814
815
816
817
818
819
820
821
822
823
824
825
826
40603
40604
40605
40606
40607
40608
40609
40610
40611
40612
40613
40614
40615
40616
40617
40618
40619
40620
40621
35935
35610
35952
40622
40623
35955
35954
35973
40624
35976
35612
35613
35614
35978
35975
35972
35971
35970
35969
35968
35967
35966
35965
35964
35963
35962
35961
35960
35959
35611
35958
35957
35938
35939
35940
35941
35942
35943
35944
35945
35946
35947
35948
35949
35950
35951
35933
35932
35931
35930
35929
35928
35927
35926
35925
35924
35923
35922
35921
35920
35919
35937
46161
46160
46159
46158
46157
46156
46155
46154
46153
46152
46151
41336
41337
41338
41339
41340
41341
41342
41343
41344
41345
41346
41363
41362
41361
41360
41359
41358
41375
41357
41356
41373
41372
41355
41354
41371
41370
41353
41352
41351
41350
41349
41348
41366
41367
41368
41369
41390
41391
41392
41374
41393
41404
41403
41402
41401
41007
41424
41428
41432
41008
41420
41423
41009
41427
41010
41431
41011
41435
41436
41441
41446
41447
41448
41449
41450
41451
41452
41453
41454
41455
41472
41471
41470
41469
41468
41467
41466
41465
41464
41480
41463
41462
41445
41440
40856
41439
41444
41461
40857
41478
41479
41014
41484
41485
41491
41492
41493
41494
41495
41496
41497
41498
41499
41500
41501
41507
41514
41522
41529
41546
41547
41548
41530
41523
41515
41516
41517
41518
46175
46174
41511
41504
41488
46173
41483
41477
41476
41460
41459
41458
41475
41013
41482
41487
41015
41503
41510
41509
41508
41502
41486
41481
41473
41474
41457
41456
41442
41437
41433
41429
41425
41421
41418
41415
41412
41405
41406
41407
41408
41409
41004
41376
41377
41378
41379
41380
41382
46162
46163
41394
41410
41413
46164
46165
41416
41419
46166
46167
41422
41426
46168
46169
41430
41434
46170
46171
41438
41012
41443
46172
36079
36082
36081
35436
35437
36084
35620
36087
36085
36088
36093
36098
36103
36108
36112
36116
36121
36136
36120
35631
36115
35629
36111
35627
36107
35625
36102
35624
36097
35623
36092
35438
36091
46176
41526
41550
41566
41582
41581
41589
41590
41019
41598
46181
46182
46183
46184
46185
46186
46187
41653
41022
41652
41646
41639
41632
41625
41619
41612
41605
41597
41588
41596
41604
41611
41618
41624
41631
41638
41645
41651
41658
41659
41676
41675
41674
41682
41698
41708
41709
41700
41699
41683
41684
41685
41677
41660
46188
41678
46189
46190
46191
41702
41701
41710
41720
41719
41026
41735
41736
41752
41751
41767
41766
41750
41718
41025
41734
41749
41748
41747
41746
41762
41763
41764
41765
41029
41781
41031
41796
41810
41811
41812
41797
41782
41030
46192
41798
41813
46193
41824
41823
41036
41834
41037
41851
41038
41868
41852
41835
46194
46195
41869
41885
41884
41883
41039
41867
41850
41849
41848
41865
41864
41847
41846
41863
41862
41879
41880
41881
41897
41896
41895
41894
41893
41917
41927
41948
41958
41969
41970
41971
41972
41988
41989
41973
41974
41990
41991
41975
41046
41959
41949
41047
41976
41992
42010
42009
42008
42007
42006
42021
42036
42035
42034
42033
42020
42005
41987
41986
41985
42003
42004
42019
42018
42017
42002
42001
42000
42016
41050
42015
42030
42045
41053
42058
42046
42031
42032
42047
42048
42060
42059
42073
42085
41055
42128
42129
42144
42143
42142
42127
42126
42141
42140
42156
42168
42155
42139
41065
42137
42152
42165
42185
42195
42204
42213
42222
42223
42214
42205
42196
42206
42207
42216
42225
42234
42215
42224
42233
42232
42249
42259
42269
42260
42270
42280
42289
42290
42281
42271
42261
42251
42250
42241
42242
42243
42252
42262
42272
42282
42291
42263
42273
42283
42292
42302
42315
42326
42343
42342
42341
41084
42357
42375
41086
42389
42390
42391
42378
42377
42359
42360
42344
41083
42345
42361
42362
42380
42393
42406
46216
46217
42418
42430
46218
42443
42456
46219
42473
42486
46220
46221
42499
42498
42511
42510
42497
42496
42509
42525
42542
42558
41097
42541
41095
42524
41094
42508
42495
42494
42493
42480
42481
42482
42483
42484
42471
41091
42454
42441
42442
42429
42417
42416
42428
41089
42415
42403
42402
42414
42413
42426
42439
42438
42451
42468
42467
42466
42465
42464
42463
42462
42449
42450
42437
42436
42448
42435
42422
41088
41087
42409
42397
42398
42410
42423
42424
42411
42399
42387
41085
42370
42369
42353
42352
42368
42386
42385
42384
42396
42395
42408
42421
42420
42432
42445
42458
42459
42446
42433
42434
42447
42461
42460
41092
42476
42489
42502
42501
40884
42500
42513
42529
42546
42562
42578
42595
42596
42597
42579
42564
42563
42547
42548
42530
42514
42515
42531
42532
42533
42516
42517
42534
42535
42518
42519
42505
42504
42503
42491
42490
41093
42477
42478
42479
42492
42506
42507
42557
42589
42606
42605
41099
42588
42587
42586
42569
42568
42554
42553
42552
42566
41098
42551
42550
42549
42565
42580
42598
42581
42599
42615
42616
42617
42601
42600
42582
42583
42584
42602
42618
42619
42636
42635
42652
42651
42669
42685
42684
41104
42668
42667
42650
42634
42633
42632
42631
42614
42613
42630
42647
42648
42649
42666
42665
42664
42681
42696
42697
42682
42683
42698
41108
42731
42716
42715
42714
42730
42746
42747
41111
42764
41112
42780
41114
42797
42813
41116
41115
42812
41117
42828
41119
42844
42861
42877
42876
42860
42859
42875
42874
42873
42888
42889
42906
42923
42922
42936
42935
40885
42951
42964
42976
42977
42978
42965
41130
42966
42954
42937
41127
42924
42907
42890
42891
42892
42908
42909
41126
42925
42939
42956
42968
42980
42979
42996
42995
42994
43011
43028
43029
43012
43013
43030
43031
43032
43033
43016
43015
43014
42997
42998
42981
42982
42999
43000
43017
43080
43079
43093
43123
43134
43148
43149
43150
43151
43168
43182
43169
43152
43138
43112
43098
43084
43070
43057
46241
46242
46243
46244
46245
46246
43126
43139
46247
46248
43153
46249
46250
46251
43170
43183
43198
43199
43215
43214
43213
43231
46252
46253
37775
37776
37777
37793
37806
37819
37833
37834
37820
37807
37794
37779
37778
37748
37750
37733
37734
37735
37752
37751
37767
37768
35725
37783
37796
37809
37810
37823
37840
37857
37856
35728
37867
37868
37878
37887
37898
37899
37911
37910
37921
37922
37935
37952
37953
37954
35738
37967
37966
37977
37976
37975
35740
37963
37964
37965
37951
37950
37949
37948
37962
37974
37986
37997
38008
38019
38020
38009
37998
37987
37988
37989
37990
37978
37979
35741
35742
35743
35744
38012
38001
38000
37999
38011
38010
38021
38022
38023
38039
38055
38088
38087
38070
38069
35748
38086
38099
38110
38111
38100
32765
30375
32781
30376
32791
30377
32801
32811
30378
32822
30379
32831
30380
32840
30381
32849
32858
30382
32812
32813
32814
32802
32792
32782
32766
30631
32749
32748
32747
32731
32732
32715
32714
30374
32704
30373
32694
30372
32677
30371
32662
30370
32645
30369
32637
30368
32621
32622
32638
32646
32663
32678
32679
32664
32665
30625
32680
32681
32682
32683
32666
30624
32650
32651
32652
32667
32684
32685
32668
32653
32654
32669
32670
32687
32686
32699
32709
32724
32725
32741
32740
32758
32759
32775
32774
32773
32757
32739
32723
32722
32738
32737
32755
32754
32770
32769
32768
32752
32753
32735
32736
32721
32720
32719
32718
32734
30630
32717
32707
32697
32696
32695
32705
32706
30628
32716
30629
32733
32750
32751
32767
32783
32793
32803
30632
32815
32824
32833
32842
32851
32862
32863
32879
32878
32877
32893
32894
32895
32896
32897
32881
32880
32864
32865
32866
32882
32898
32911
32928
32927
32926
32925
32924
32923
32910
32922
32939
32940
32941
32942
32943
32944
32954
32969
32970
32971
32955
32945
30637
32929
32930
32912
32913
32914
32932
32931
32946
32956
32972
32973
32957
32947
30638
32958
32948
35291
35290
32933
30636
32916
35289
32905
32915
32904
32888
32889
32872
32873
32857
32856
32847
32838
32837
32836
32827
32826
32835
32844
32845
32846
32855
32871
32870
32854
32853
32869
32885
32886
32887
32903
32902
32901
32900
32899
32883
32884
32868
32867
32852
32843
32834
32825
32816
32805
32795
32785
32776
32777
32787
32786
32796
32797
32798
32808
32807
32806
32817
32818
32819
32828
32829
32820
32809
32799
32789
32779
32788
32778
32762
32761
32760
32742
32726
32710
32688
32655
32640
32631
32614
32595
32594
32578
32577
32562
32563
32564
32579
32596
32597
32580
32581
32598
32615
32616
30621
32632
32633
32634
32619
32618
32600
32617
32599
32582
32583
32584
32601
32602
32620
32635
32636
30622
32644
32643
32642
32641
32658
32657
32656
32671
32672
32673
32690
32689
30626
32700
30627
32701
32702
32692
32691
32674
32659
32660
32675
32661
32676
32693
32703
32713
32712
32711
32727
32743
32744
32728
32729
32730
32746
32745
32763
32764
32780
32790
35281
35282
32800
32810
35283
35284
32821
32830
35285
35286
32839
32848
35287
35288
27684
25525
27677
25524
27670
25523
27663
25522
27656
25521
27649
25520
27642
25519
27633
25518
27615
27597
27598
27580
27579
27572
25517
27565
25516
27549
27550
27551
27552
27543
25515
27535
25514
27528
25513
27521
25512
27514
25511
27497
27498
27499
27500
27490
27478
27479
27480
27481
27482
27483
27467
27458
27468
25702
27484
27469
27460
27459
27450
27449
27440
27441
27451
27442
27433
27432
27417
27407
27408
27398
27388
27379
27378
27366
27377
27386
27387
27397
27396
27406
27416
27431
27430
27429
27428
27427
27426
27425
27439
27448
27457
27466
27477
27476
27475
27474
27489
25510
27473
27465
25509
27456
25508
27447
25507
27438
25506
27423
25505
27413
25504
27403
25503
27393
25502
27383
25501
27372
27354
27355
27373
27374
27356
27357
27340
25696
27323
25695
27314
27315
27324
27341
27358
27376
27375
27384
27394
27404
27414
25700
27424
27415
27405
27395
27385
27359
27360
25698
27361
27343
27342
25697
27325
27326
27327
27328
27329
27330
27346
27345
27344
27362
27363
27364
27365
27347
27348
27349
27333
27334
27320
27335
27336
27321
27337
27353
27352
27369
27351
27350
27368
27367
27380
27381
27382
27370
27371
25699
30132
27392
27391
27390
27389
27399
27409
27418
27419
27434
27435
27420
27421
27411
27410
27400
27401
27402
30133
30134
27412
30135
27422
27437
27436
27445
27446
30136
30137
27455
27454
27453
27444
27443
27452
27461
27462
27463
25701
27472
27488
27496
30139
30140
30141
30142
30143
27542
25704
27541
25703
27534
27527
27526
27525
27518
27510
27493
27492
27491
27508
27507
27506
27505
27504
27503
27502
27501
27515
27522
27529
27536
27544
27553
27566
27573
27583
27601
27619
27620
27621
27622
27623
27624
27625
25706
27635
27644
27651
27658
27659
27666
27673
27674
27680
27665
27672
27679
27686
27693
27701
27710
27718
27734
27751
27767
27791
27780
27768
27769
27770
27754
27753
27752
27735
27736
27737
27719
27711
27702
27694
27687
27688
27681
27682
27675
27668
27667
27660
27661
27654
27653
27652
27645
27636
27637
27646
27647
27638
27639
27630
27631
27640
27641
27648
30146
30147
27655
27662
30148
30149
27669
27676
30150
30151
27683
27690
25707
25708
27697
27706
27705
27713
27704
27696
27689
27695
27703
25709
27712
27721
27720
27738
27755
27771
27781
27792
27810
27793
27782
27783
27794
27795
27784
27785
27796
27813
27812
25715
27811
25716
27828
27829
27830
27831
25717
27848
30160
30159
30158
27814
27797
30157
30156
27786
27775
27774
27773
27757
27772
27756
27739
27740
27722
27723
27724
25711
27741
25712
27758
30155
30154
30153
27715
27714
27707
27698
30152
22948
22949
22950
22937
22936
22925
22926
22910
22909
22894
22893
20623
22881
20622
22882
22866
22865
22854
22843
22832
22816
22799
22817
22800
22788
22787
20621
22772
22773
22755
22756
22757
22739
22740
22730
22729
22712
22695
22696
22713
22714
22697
22680
22679
22678
22666
22667
22668
22657
20828
20827
22588
22589
22590
22591
22592
22575
22574
22573
22557
22558
22559
22560
22576
22593
22594
22595
22596
22607
22606
22605
22615
22616
22617
22618
22608
22597
22580
22579
22563
22564
22565
22549
22534
22533
22521
22509
22491
22531
22532
22548
22547
22562
22578
22577
22561
22546
22545
22544
22543
22542
22541
22556
22572
22571
20823
22554
22553
20821
22538
22537
22526
22514
22497
22498
22515
22527
22528
20819
22539
22555
22540
20820
22530
22529
22518
22453
22452
22435
22436
22419
22437
22420
22421
22438
22454
22455
22439
22422
22423
22424
22425
22408
22409
22426
22427
22444
22443
22459
22458
22442
22441
22440
22456
22457
22469
20815
22480
22470
22471
22481
22482
22472
22461
22460
22445
22428
22410
22411
22412
22429
22446
22462
22473
22483
20816
22511
22524
25244
22512
22495
22484
20814
22463
22447
25243
25242
22413
22402
22401
22400
22399
22382
22383
22371
22360
22347
22335
22334
22333
22345
22346
22359
22370
22369
22358
22357
22368
22380
22381
22398
22397
22396
22395
22394
22393
22392
22391
20810
22379
22367
22356
22344
22343
22331
22332
22320
22319
22318
22304
22305
22290
22276
22277
22291
22306
22307
20807
20805
22278
22292
22293
22294
22295
22308
20808
22321
22309
22310
22322
22323
22324
22325
22337
22336
22348
22349
22361
22372
22384
22385
25241
25240
22373
22362
25239
25238
22350
22338
25237
22326
22314
25236
22301
22300
22299
22313
22312
22311
22298
22282
22268
22269
22283
22284
22270
22271
22285
25235
25234
22257
22240
22239
22226
22225
22212
22213
22214
22215
22227
22228
25233
22216
25232
25231
22204
22203
22202
22201
22200
22199
22211
22223
22224
22236
22237
22238
22256
22255
22254
22253
22267
22281
22297
22296
22280
22266
22279
22265
22251
22252
22235
20803
22250
22249
22248
22264
22247
22234
22222
20802
20801
22210
22198
22185
20800
22168
22167
22166
22184
22196
22209
22221
22233
22245
20804
22246
22263
22262
22261
22244
22232
22231
22243
22242
22259
22286
22315
22340
22355
22390
22407
22406
22417
22418
22434
20812
22451
20813
22468
22479
22478
22477
22486
22475
22465
22449
22431
30131
27311
27310
27309
27308
27319
27318
27317
27307
27292
27293
27282
27272
27273
27283
27294
27295
27284
27274
30130
30129
30128
30127
30126
30125
27224
30124
30123
25691
25690
27174
27163
27162
27161
27150
25686
27134
25685
27117
25684
27106
27107
27096
27095
27094
27105
27116
27133
27132
27115
27104
27093
27082
27083
27084
27085
27075
27086
27097
27108
27118
27135
27136
27119
27109
27098
27087
27076
25678
27060
27051
27042
27032
27041
27031
27022
27021
27030
27040
27049
27050
27059
27058
27074
27073
27057
27048
27039
27029
27028
27038
27047
27056
27072
27071
27070
27069
27068
25680
27067
27066
27046
27037
27027
27012
27036
27026
27011
27010
27009
27025
27035
27044
27053
27052
25490
27043
25489
27034
25488
27024
25487
27008
26998
25486
26980
26999
26981
26982
26983
27000
27001
26984
26966
25672
26957
26941
26942
26943
25670
26944
26926
26927
26945
26969
26987
26986
26968
26967
26985
27013
27014
27015
27016
27017
27018
27019
27020
27003
27002
26990
26989
26988
26970
26971
26972
26973
26991
26992
26974
26975
26993
26994
27004
27005
27006
26995
26978
26979
26963
26962
26961
26977
26976
26960
26959
26958
25671
26949
26950
26932
26931
26930
26948
26947
26946
26928
26929
26917
26918
26910
26919
26933
26951
25668
26934
26935
25669
26952
26953
26937
26936
26920
25666
26914
26913
26912
26911
26904
26882
26875
26867
26866
25661
26859
26851
26850
26836
26848
26847
26846
26845
26844
26843
26842
26832
26901
26908
26916
26925
26924
26923
26922
25667
26940
26956
26939
26955
26965
26964
25485
26954
26938
26921
25484
26915
25483
26907
25482
26900
25481
26885
25480
26878
25479
26871
25478
26863
25477
26856
25476
26840
26831
25475
26821
25474
26812
25473
26803
25472
26794
25471
26785
25470
26776
25469
26767
25468
26750
25467
26733
25466
26716
25465
26698
26680
26673
25464
26674
26681
26682
26675
26685
26686
26687
26688
26706
26723
26724
26707
26708
26725
26726
26743
26742
26741
26758
26759
26760
26771
26780
26781
26772
26761
26744
26745
26728
26748
26729
26712
26694
26678
26670
26655
26649
26632
26648
26647
26646
26654
25647
26669
26677
26692
26693
26711
26710
26727
26709
26691
26676
26690
26689
26668
26667
26666
26665
26664
26663
26662
26661
26660
26659
26658
26651
25463
26634
26635
26652
26636
26637
26653
26638
26639
26640
26641
26642
26643
26644
26645
26631
26625
26620
26614
26626
26621
26615
26609
26603
26596
26590
26582
26581
26608
26602
26595
26589
26580
26579
26563
26562
26578
26577
26561
26560
26576
26575
26559
26558
26574
26573
26557
26556
25640
25641
26572
26588
26594
26601
26607
26606
26612
26613
26619
26624
26630
26629
26628
25462
26623
25645
26618
26617
25461
26611
25460
26605
25459
26599
25458
26600
26593
25643
26587
26586
25457
26570
25456
26571
26555
26548
26542
26536
26530
26525
31535
31525
26457
26452
25446
26447
25445
26442
25444
26437
25443
26431
25442
26424
25441
26407
26425
26432
26438
26443
26448
26453
26458
26474
26473
25447
26490
25448
26496
25449
26502
26503
26497
26491
26475
26459
26460
26476
26461
26477
26478
26479
26480
26462
26463
26464
26465
26466
26481
26482
26483
26484
26468
26467
26416
26415
26414
26413
26412
26411
26410
26409
26408
26390
26389
26383
25440
26377
26370
25439
26363
25438
26357
25437
26340
26341
26358
26364
26371
26359
26365
26372
25627
26378
26384
26391
26392
26393
26394
26395
26396
26397
26398
26399
26417
26418
26400
26385
26379
26373
26366
26360
26352
26351
26350
26349
26348
26347
26346
26345
26344
26343
26342
26334
25623
26327
26320
26314
25620
26300
26301
26302
26303
26304
26305
26306
26307
26308
26309
26315
25621
26321
26322
26329
26336
26328
25622
25624
26335
26353
26354
26355
26362
26361
25625
26367
26374
25626
26380
26386
26403
26404
26422
26423
26428
26435
26441
26450
26472
25633
25632
25631
30101
25630
26436
25629
26429
26430
30100
30099
26406
26405
26388
26387
26381
26375
25628
26382
30098
26376
26368
26369
30097
30096
26339
26338
26356
26337
26330
26331
26332
26325
26318
30095
30094
30093
26297
26312
26324
26323
26317
26316
26310
25619
26295
26311
26296
26288
26289
26290
26291
26274
25617
30092
30091
26257
26256
26255
26273
26272
26287
26271
26270
26286
26285
26284
26283
26282
26281
26280
26279
26263
26264
26265
26266
26267
26268
26269
26244
26243
26242
26241
26240
26239
26238
26237
26236
26235
26234
26227
26210
26211
26212
26195
26178
26194
26177
26176
26175
26193
26192
26209
25432
26226
26231
26232
26233
25615
25616
26260
25618
26261
26262
26278
26277
26294
26276
26259
26248
26253
26258
25433
26275
25434
26292
26293
26299
26298
26313
25435
26319
25436
26326
26333
30528
31319
31318
31317
30527
31309
31310
31311
31312
35217
35216
31304
30525
30524
31271
31270
31263
35215
31247
30521
30519
31239
31231
35214
35213
31207
31191
35212
35211
31175
31168
35210
35209
35208
31110
31104
35207
35206
35205
30509
31053
35204
35203
31046
31045
31052
31059
31058
31057
31063
31064
31065
30510
31081
31086
31103
31109
30511
31102
31101
31108
31125
31143
31126
31127
31144
31161
30513
31174
31190
31206
31223
31222
31205
30515
31189
30514
31173
31166
31167
31160
31159
31142
31124
31123
31122
31121
31138
31139
31140
31141
31158
31157
31156
31155
31154
31184
31185
31186
31202
31201
31200
31199
31183
31182
31198
31197
31181
31180
31179
31172
31165
31148
31149
31150
30512
31151
31134
31135
31152
31153
31136
31137
31120
31119
31118
31117
31116
31133
31132
31115
31114
31113
31130
31131
31147
31164
31171
31170
31163
31146
31129
31128
31145
31162
30327
31169
31176
31177
31178
31194
31210
30516
31226
31234
31242
31250
31266
31267
31275
31276
31268
31252
31251
31243
30520
31235
30518
31227
31212
31211
31195
31196
31213
31214
31215
31216
31217
31218
31219
31203
31187
31188
31204
31220
31221
31228
31236
31244
31245
31237
31229
31230
31224
30517
31238
31246
31262
30522
31261
30523
31269
31287
31303
31302
31286
31285
31301
31300
31284
31260
31259
31258
31257
31256
31255
31254
31253
31277
31293
31294
31278
31279
31295
31296
31280
31281
31297
31298
31282
31283
31299
31369
31368
31367
31385
31401
31386
31387
31403
31404
31405
31421
31422
31423
31406
31390
31389
31388
31370
31371
31372
31356
31374
31358
31350
31332
31331
30529
31324
31325
31326
31333
31334
30530
31351
35218
35219
31359
31376
31375
30532
31392
35220
35221
35222
31426
31409
30533
31408
30534
31425
30535
31442
31443
35223
30536
31460
31459
31465
31457
31440
31439
31456
31455
31438
31437
31420
31402
31418
31419
31436
31435
31434
31433
31416
31417
31400
31399
31398
31415
31414
31430
31447
31472
31488
31505
31470
31469
31461
31444
31446
31429
31413
31396
31397
31381
31382
31383
31384
31366
31365
31364
31363
31380
31379
31362
31353
31354
30531
31355
31338
31337
31329
31322
31315
31307
31314
31321
40658
40659
36503
40660
36519
36537
36550
40661
40662
36563
36576
40663
40664
36589
36602
40665
40666
36615
36614
36601
36588
36575
36562
36561
36548
36549
36536
36518
35654
36517
36535
36534
36500
36486
36487
36488
36477
36476
36475
35651
36462
36461
36460
36459
36458
36445
36434
36423
36422
36421
36412
36413
36396
36414
35647
35649
36446
35650
36463
36447
36448
36464
36465
36466
36478
36490
36489
36501
36502
36491
36479
36467
36451
36439
40657
40656
36428
36427
36426
36438
36450
36449
36437
36436
36435
36424
36415
36425
36416
36417
36407
36406
36389
36379
36368
36369
36370
36381
36380
36390
36391
36408
36418
35645
36409
36392
40655
40654
36382
36371
40653
40652
40651
36361
36360
36359
36342
36324
36325
36343
36344
36326
36327
40650
40649
36317
36316
36315
36314
36305
36304
36313
36323
36341
36340
36339
36338
36337
36336
36353
36354
36355
36356
36357
36358
36367
36378
36388
36405
36404
36403
36402
36401
36400
36399
36398
36397
36387
36377
35642
36351
36352
36335
36334
36348
36365
36373
36394
36419
36410
36393
36383
36372
35452
36362
36345
36346
36363
36364
36347
36330
36329
36328
36309
36310
36311
36322
36312
36303
36302
36301
36300
36291
36292
36283
36267
36266
36249
36250
36241
36225
36219
36226
36227
36242
36251
36268
35640
36284
36293
36294
36285
36269
36270
36271
36272
36273
36274
36275
36258
36259
36276
36277
36260
36261
36278
36286
36295
36296
36287
36288
36297
36306
35641
36307
36298
40648
36289
40647
40646
40645
40644
36247
36239
36238
36222
35639
36237
36246
36263
36264
36281
36280
36279
36262
36245
36244
36236
36235
36216
36215
36214
36213
36212
36211
36210
36209
36208
36207
36229
36230
36231
36232
36233
36234
36257
36256
36255
36254
36253
36252
36243
36228
36221
36220
36206
36199
36192
35636
36186
36198
36205
36204
36203
36197
36191
36185
36178
36172
36179
36173
36166
36159
36152
36144
36137
35632
36122
36123
36124
36125
36126
36127
36128
36129
36130
36113
36117
36131
36138
36139
36132
36133
36118
36114
36110
36109
36104
36105
36100
36099
36094
35622
35621
36089
36095
36096
36101
40632
40633
36106
35626
35628
35630
36119
36134
36141
40634
40635
36148
36140
36147
36155
40636
40637
40638
36176
36175
36168
36169
36162
36161
36154
35634
36146
36145
36153
36160
36167
36174
36180
36187
35637
36193
36200
36194
36188
36181
36182
40639
40640
36189
36195
40641
36201
35638
36217
36223
40643
40642
31060
30324
31054
30323
31047
30322
31048
31055
31061
31067
31066
30325
31082
31087
31083
31084
31089
31088
31106
30326
31105
31111
31112
31107
31090
31091
31092
31093
31094
31095
31096
31097
31098
31099
31100
31085
31080
31079
31078
31077
31076
31075
31074
31073
31072
31071
31070
31069
31068
31062
31056
31049
31042
31041
30508
31035
31034
30321
31027
30320
31020
30319
31014
30318
31015
31021
31028
31036
31029
31022
31016
31010
31009
30506
30993
30987
30992
30986
30970
30971
30972
30988
30994
30995
30996
30997
30998
30999
31000
31001
31002
31003
31004
31005
31006
30989
30983
30982
30981
30980
30979
30978
30977
30976
30975
30503
30974
30973
30967
30966
30961
30962
30946
30929
30928
30945
30944
30960
30965
30317
30316
30943
30926
30927
30921
30315
30314
30916
30912
30495
30913
30914
30918
30917
30922
30923
30930
30947
30948
30949
30931
30932
30933
30950
30934
30935
30951
30952
30953
30936
30937
30954
30955
30956
30957
30958
30941
30924
30919
30915
30911
30907
30903
30897
30881
30880
30896
30895
30879
30861
30862
30863
30864
30850
30848
30846
30844
30826
30825
30843
30842
30824
30809
30808
30823
30841
30840
30839
30838
30837
30821
30822
30807
30806
30805
30820
30804
30819
30836
30818
30803
30802
30817
30816
30801
30800
30799
30814
30815
30835
30834
30833
30832
30831
30830
30812
30813
30798
30797
30796
30482
30310
30795
30309
30308
30307
30306
30305
30304
30303
30302
30301
30300
30299
30298
30297
30296
30295
30294
30293
30292
30291
30290
30289
30785
30783
30781
30779
30777
30775
30773
30771
30769
30767
30765
30763
30761
30759
30757
30755
30753
30754
35170
35171
30756
30758
35172
35173
30760
30762
35174
35175
30764
30766
35176
35177
30768
30770
35178
35179
30772
30774
35180
35181
30776
30778
35182
35183
30780
30782
35184
35185
30784
30786
35186
35187
30788
30790
35188
35189
35190
35191
30794
30792
30787
30789
30791
30793
30810
30811
30827
30483
30484
35192
30866
30865
30882
30898
30883
30899
35193
30492
30494
30496
35194
30920
30925
30497
30942
30498
30959
30499
30500
30969
30502
30985
30991
30505
31008
35198
35199
31013
31019
30507
31018
31012
31011
31017
31023
31030
31037
31043
31050
31051
31044
31039
31038
31031
31024
31032
31025
31026
35200
35201
31033
31040
35202
26088
25427
26082
25426
26076
25425
26070
25424
26060
25606
25607
26065
26071
26077
26083
26089
25608
26094
26100
25428
26099
25429
26105
25430
26111
26106
26112
26118
26119
26120
26121
26122
26123
26124
26125
26126
26127
26128
26129
26130
26136
26153
26152
26170
26188
26187
26169
26151
26150
26149
26148
26147
26165
26166
26167
26168
26186
26203
26202
26185
26184
26183
26200
26199
26182
26164
26146
26145
26144
26143
26142
26141
26140
26135
26117
25431
26134
26139
26157
26158
26159
26160
26161
26179
26196
26213
26214
26197
26180
26162
26163
26181
26198
26215
26216
26217
26201
26218
26219
26220
26221
26204
26205
26222
26223
26206
26189
26171
26172
26154
26155
26173
26190
26207
26224
26228
26245
26249
26254
26250
26251
26252
30090
30089
26247
26246
25614
26229
26230
30088
30087
26225
25613
26208
25612
26191
25611
26174
26156
30085
30086
21179
20546
21197
20547
21200
20548
21203
20549
21206
21209
21212
21215
21218
20550
21221
21222
21219
20731
21216
20730
21213
20729
21210
20728
21207
21204
21201
21198
21180
21181
21182
21183
21165
21149
21148
21164
21163
21162
21146
21147
21142
20726
21138
21133
21132
21137
21161
21145
21141
21136
20545
21131
21124
20544
21125
21126
21119
21118
20723
21112
21111
20543
21104
20542
21097
20541
21092
21093
21098
21105
21106
21099
21100
21107
21114
21113
21120
21127
20724
21150
21151
21152
21153
21154
21170
21169
21168
21167
21166
21184
21185
21186
21187
21188
21189
21171
21155
21156
21172
21190
21191
21173
21192
21193
21194
21195
21177
21176
21175
21174
21157
21158
21159
20727
21143
21139
21134
21122
21116
21117
21110
21103
21096
25184
25185
25186
25187
21123
21130
25188
16139
15575
16140
15576
16142
15577
16145
16150
16166
16149
15578
16165
16169
16173
15579
16191
15580
16207
15581
16212
15582
16217
15583
16223
15584
16229
15585
16235
15586
16241
15587
16248
15588
16255
15589
16262
15590
16269
15591
16275
15592
16281
16287
16303
15593
16310
15594
16316
15595
16323
15596
16330
16337
16355
16338
16356
16372
16371
15597
16389
15768
16390
16373
16357
16358
16340
16339
16331
16332
16333
16326
16319
16318
16325
16324
16317
16311
16305
16304
16288
16289
16282
16276
16270
16263
16256
16249
16242
16236
16230
16224
16218
16213
16214
16219
16225
16231
16237
16243
16250
16257
16264
16271
16277
16283
16312
16313
16306
15765
15764
16290
16291
16292
16293
16294
16295
16296
16297
16298
16284
16299
16307
16314
16308
16315
16321
16320
16327
16328
16335
16334
16351
16352
16368
16369
16387
16386
16403
16414
16413
16429
16428
16412
16411
16400
16383
16384
16401
16402
16385
16367
15767
16350
16349
16348
16366
16365
16381
16382
16399
16398
16397
16396
16380
16364
16347
16346
16345
16363
16379
16378
16395
16394
16377
16361
16362
16344
16343
16342
16341
16359
16360
16376
16393
16392
16375
16374
16391
16409
16408
16407
15598
16406
15599
16416
16417
16418
16435
16436
16419
16410
15770
16420
15771
16421
16422
16423
16424
16425
16426
16427
15772
16437
16446
16447
16438
16439
16430
16431
16432
16415
15769
16404
16405
16388
16370
16354
16353
16336
20297
20296
16329
16322
20295
15766
16309
20294
20293
20292
16280
16286
16302
16301
16300
16285
16279
16278
16272
16273
16266
16265
16258
16251
16244
16238
16239
16245
16246
16253
16252
16259
16260
16267
15763
16274
16268
20291
20290
16261
16254
20289
20288
16247
16240
15762
15761
16234
16228
15760
16222
20287
16216
16211
16206
15758
16205
16204
16210
16215
16221
16227
16233
16232
16226
16220
15759
16203
16202
16201
16200
16199
16198
16197
16196
16195
16194
16193
16177
16176
16175
15757
16192
16209
16208
16174
15755
16167
16170
16178
16179
16180
16181
16182
16183
16184
16185
16186
16187
16188
15756
16171
16189
16190
16172
16168
20286
20285
15753
20284
20283
20282
20281
20280
20279
20278
20277
20276
20275
20274
20273
20272
20271
20270
20269
20268
20267
20266
20265
20264
20263
20262
20261
20260
20259
16148
16164
16163
16162
16161
16160
16159
16158
16157
16156
16155
16154
16153
16152
16151
15754
16147
16146
16143
16144
16141
16138
16136
16133
16132
16135
15752
16137
16134
15574
16131
15573
16128
15572
16125
15571
16126
16129
16130
16127
16124
16123
15751
16121
15570
15569
16119
16122
16120
16118
16117
15568
15567
16115
16116
16114
16112
16110
16108
16107
16109
16111
16113
15566
15565
15564
15563
15562
16105
16106
16104
16103
15561
15560
15559
15558
16097
16099
16101
16102
16100
16098
16096
16094
16092
16091
16093
16095
15557
15556
15555
15554
15553
15552
16085
16087
16089
16090
16088
16086
16084
16083
16066
15551
16065
25162
25161
25160
25159
25158
25157
25156
25155
25154
25153
25152
25151
25150
25149
25148
25147
25146
25145
25144
25143
25142
25141
15529
15530
15531
16025
16023
16021
16022
16024
16026
16028
16027
15532
15533
15534
15535
15536
15537
15538
15539
16041
16039
16037
16035
16033
16031
16029
16030
16032
16034
16036
16038
16040
16042
16044
16043
15540
15541
16045
16046
16048
16050
16052
16051
16049
16047
15542
15543
15544
15545
16053
16054
16056
16055
15546
15547
15548
16059
16057
16058
16060
16062
16061
15549
15550
16063
16064
16067
16068
16069
16070
16071
16072
16073
16074
16075
16076
16077
16078
16079
16080
16081
16082
20258
20257
20256
20255
20254
20253
20252
20251
20250
20249
20248
20247
20246
20245
20244
20243
20242
20241
20240
20239
20238
20237
20236
11424
11854
11425
11855
11426
11856
11427
11857
11428
11858
11429
11859
11430
11860
11431
11861
11432
11862
11433
11863
11434
11864
11435
11865
11436
11866
11437
11867
11438
11868
11439
11869
11440
11870
11441
11871
11442
11872
11443
11873
11444
11874
11445
11875
11641
11446
11447
11448
11449
11450
11451
11452
11453
11454
11455
11456
11457
11458
11459
11460
11461
11462
11463
11464
11465
11642
11883
11882
11881
11880
11879
11878
11877
11876
11466
11893
11467
11895
11468
11897
11643
11469
11900
11470
11902
11471
11904
11472
11906
11473
11908
11910
11928
11929
11911
11912
11913
11644
11914
11915
11916
11917
11918
11919
11920
11921
11922
11923
11924
11925
11926
11927
11909
15286
15285
11907
11905
15284
15283
11903
11901
15282
15281
11899
11898
15280
15279
11896
11884
11885
11886
11887
11888
11889
11890
11891
11892
11894
15278
15277
15276
15275
15274
15273
15272
15271
15270
15269
15268
15267
15266
15265
15264
15263
15262
15261
15260
15259
15258
15257
15256
15255
15254
15253
15252
15251
15250
15249
15248
15247
15246
15245
15244
15243
15242
15241
15240
15239
15238
15237
15236
15235
15234
15233
7639
7640
7641
7642
7643
7644
7645
7646
7647
7648
7649
7650
7651
7652
7653
7654
7655
7656
7657
7658
7659
7660
8066
8067
8068
8069
8070
7661
8083
7662
8084
7663
8085
7664
8086
7665
8087
7666
8088
7667
8089
7668
8090
7669
8091
7670
8092
7671
8093
7672
8094
7673
8095
7674
8096
7675
8097
7676
8098
7677
8099
7678
8100
7679
8101
7680
8102
7681
8103
7682
8104
7683
8105
7684
8106
7685
8107
7686
8108
7687
8109
7688
8110
7689
8111
7690
8112
7691
8113
7692
8114
8115
7693
8133
8134
8149
8152
7694
8155
7695
8159
8174
8178
8182
8187
8204
7696
8221
8226
7697
8230
8234
7698
8251
8255
7699
8259
8274
8277
8280
7700
8284
8289
8307
8308
8290
8285
8291
8292
8310
8309
7908
7909
7910
7911
7912
8356
8359
8346
8345
8344
8343
8342
7913
8338
8334
8330
8326
8311
8312
8313
8314
8315
8297
8296
8295
8294
8293
8286
8281
8278
8275
7907
7905
7903
8260
7901
8235
8236
8237
8231
8227
8223
8210
8211
8212
8213
8214
8215
8216
8217
8218
8201
8200
8199
8198
8197
8196
8195
8194
8193
8192
8209
8208
7899
8222
8205
8206
8207
8190
8191
8184
8180
8176
7897
8189
8188
8183
8179
7895
8175
7893
8160
8156
8153
8150
8135
8116
8117
8118
8119
8120
8121
8122
8123
8124
8125
8126
8127
8128
8129
8130
8131
8132
11152
11151
11150
11149
11148
11147
11146
11145
11144
11143
11142
11141
11140
11139
11138
11137
11136
11135
11134
11133
11132
11131
11130
11129
11128
11127
11126
11125
11124
11123
11122
11121
8082
8081
8080
8079
8078
8077
8076
8075
8074
8073
8072
8071
11120
11119
11118
11117
11116
11115
11114
11113
11112
11111
11110
11109
11108
11107
11106
11105
11104
11103
11102
11101
11100
4589
4590
4591
4592
4593
4594
4595
4596
4597
4598
4599
4600
4601
4602
4603
4604
4605
4606
4607
4608
4609
4978
4610
4611
4612
4613
4614
4615
4616
4617
4618
4619
4620
4621
4622
4623
4624
4625
4626
4627
4628
4629
4630
4631
4632
4633
4634
4635
4636
4637
4638
4639
4640
4641
4996
4642
4643
4644
4645
11153
8148
7889
7891
8147
8146
8145
8144
8143
8142
8141
8140
8139
8138
8137
8136
7887
7886
7888
8151
7890
8154
8157
7892
8161
8162
8163
8164
8165
8166
8167
8168
8169
8170
8171
7894
8172
8158
11154
8173
8177
7896
8181
11155
11156
8186
8185
8203
8202
8219
8220
7898
11157
11158
8225
8224
8228
8232
8249
8248
8247
8246
8245
8244
8243
8242
8241
8240
8239
8238
8252
8256
7902
8261
8262
8263
8264
8265
8266
8267
8268
8269
8270
8271
8257
8253
8254
8250
7900
8233
8229
11159
11160
11161
11162
11163
8258
8273
8276
8272
7904
7906
8279
11164
11165
8288
8283
8282
8287
8306
8305
8304
8303
8302
8301
8300
8299
8298
8316
8317
8318
8319
8320
8321
8322
8323
8327
8328
8324
11166
11167
8332
8331
8335
8336
11168
11169
5218
4653
5221
5222
5223
5227
5226
4654
5225
5229
5250
5266
5271
11173
11172
11171
11170
7915
7914
8354
8340
8339
8347
8348
8349
8350
8351
8352
8353
8357
8360
7916
8376
8380
8384
8388
8387
8383
8379
8375
8374
8373
8372
8371
8370
8369
8368
8367
8366
8392
8393
8394
8395
8396
8397
8413
8412
8411
8410
8409
8408
8407
8424
8423
8430
8431
8438
8437
8436
8429
8422
8405
8406
7917
8391
8386
8382
8378
8365
8364
8363
8362
8361
7703
8377
7704
8381
7705
8385
8389
8390
7918
7706
8421
8428
7707
7708
8435
8443
8442
8458
8466
8474
8459
8467
8475
7925
8482
8483
8484
7926
8492
8500
8493
8501
8510
8509
8518
8526
8527
8519
8520
8511
8502
8494
8486
8485
8477
8478
8470
8462
8461
8469
8476
7924
8468
7923
8460
7922
8444
7920
8445
7921
8446
8447
8448
8449
8450
8451
8452
8453
8454
8455
8464
8465
8456
8441
8434
8433
8440
8439
8432
8425
7919
8417
8416
8415
8414
8398
8399
8400
8401
8418
8402
8403
8404
8420
8419
8426
8427
11174
11175
8457
11176
11177
11178
11179
7927
8497
8489
8488
8480
8481
8473
8472
8463
8471
8479
8487
8495
8496
8504
8503
8512
8513
8514
8505
8506
11180
11181
8515
8524
11182
11183
8532
11184
11185
8541
7929
8558
8567
11186
11187
8575
8591
8590
8608
8609
8617
7934
8634
7935
8651
7936
8668
11191
11190
11189
11188
5482
4664
5491
5502
5492
5503
5504
5505
5515
5531
4884
5532
5548
5558
5568
5578
5588
5598
5608
5618
5617
5616
5607
5606
5633
5643
5642
5632
4886
5615
4885
5605
5595
5596
5597
5587
5586
5585
5575
5565
5555
5576
5577
5567
5566
5556
5557
5547
5546
5545
5529
5530
5514
5513
5512
5528
4665
5544
4666
5554
4667
5564
4668
5574
4669
5584
4670
5594
4671
5604
4672
5614
5631
4673
5641
5651
5661
5671
5672
5662
5652
5653
5663
5673
5683
4888
5692
5693
5709
5716
5726
5727
4893
5728
5729
5730
5731
5732
5733
4894
5743
5734
5717
5718
5735
5736
5745
4896
5756
5771
5782
5792
5781
5770
5755
5744
5754
5753
5769
5780
4901
5791
5801
5800
5790
5779
5768
5767
5766
5765
5764
5763
5762
5761
4898
5752
4895
5742
5725
5741
5751
5740
5724
5715
5708
4889
5707
4891
5714
5723
5722
5739
5749
5750
4897
5759
5760
4899
5775
4900
5786
4902
5796
5797
5798
5788
5787
5776
5777
5778
5789
5799
5813
5814
5815
5816
5817
5828
5818
5819
5829
5830
5840
5839
5838
5849
5850
5851
5852
5841
5831
5821
5820
5802
5803
5804
5822
5832
5842
5853
5868
5869
7411
5878
5877
5867
5866
5876
5865
5864
5863
5862
5861
5860
5859
5858
5848
4904
4903
5812
5811
5810
5809
5826
5827
5837
5836
5846
5847
4906
5857
5873
5882
5891
5899
4910
5907
5922
4911
5898
5906
5921
5936
5945
5946
5947
5948
5949
5950
5951
5952
5927
5926
5925
5924
5923
5908
5909
5910
5911
5912
5913
5900
5892
5883
5874
5875
4909
5884
5893
5901
5902
5903
5895
5894
5885
5886
5887
7412
7413
7414
5940
5932
5933
5918
5917
5916
5915
5914
5929
5928
5937
4912
5953
5938
5930
5931
5939
4913
5954
5955
5971
5977
4916
5970
5969
5976
5975
5968
5967
5966
5965
5964
5963
5962
5961
5960
5959
4915
5958
4914
5944
5943
5935
5920
5905
5897
5889
5890
5881
5872
5856
4908
5880
5871
4907
5855
4905
5845
5844
5834
5835
5825
5808
5807
5824
5806
5795
5785
5774
5758
5748
5738
5721
5713
5706
5689
4678
5690
5691
5682
5681
5680
4677
5670
4676
5660
4675
5650
4674
5640
11197
8777
8769
11196
8761
8752
8743
11195
11194
11193
8709
8717
7940
8734
8742
8751
8760
8759
8750
8741
8733
8716
8708
8700
8701
11192
8685
8684
8683
8682
7938
8699
8707
8706
8714
8715
8732
8740
8749
8758
8768
8776
8775
8767
7945
7943
7941
8731
8730
8729
8728
8727
8726
8725
8724
8739
8738
8722
8723
8713
8712
8705
8691
8673
8657
8658
8674
8692
8693
8675
8676
8694
8695
8677
8661
8660
8643
8626
8602
8601
8600
8584
8585
8586
8587
8588
8603
8604
8605
8614
8615
8632
8649
8648
8631
8630
8647
8646
8629
8628
8627
8644
8645
8662
8663
8664
8679
8678
8696
8697
8698
8680
8681
8665
8666
8667
8650
8633
8616
8607
8606
8589
7931
8572
8573
7932
8574
8566
8565
8564
8556
8557
8539
8540
8531
8523
8530
8522
8521
8529
8538
8555
8554
8553
8552
8551
8550
8549
8548
8547
8537
8528
8536
8546
8562
8563
8571
8581
8582
8583
8599
8598
8597
8613
8623
8624
8625
8642
8659
8641
8640
8639
8656
8655
8638
8637
8636
8654
8653
7937
8670
8688
8689
8671
8672
8690
8704
8703
8711
7939
8687
8702
7715
8686
8669
7714
8652
8635
8618
8619
8620
8621
8622
8612
8596
8595
8611
7933
8594
8593
8610
8592
8576
8568
8577
8578
8579
8580
8570
8569
7930
8561
8545
8535
8544
8543
8560
8559
7713
8542
8533
7712
8534
8525
7928
8517
8516
7711
8507
7710
8508
8499
8491
8490
7709
8498
15313
12467
12483
15314
15315
12499
12515
15316
15317
15318
12546
12531
12513
12497
12481
12496
12478
12477
12476
12461
12460
12445
12429
12430
12431
12432
12448
12447
12446
12462
12463
12449
12433
12418
12419
12420
12421
15310
15309
12405
12404
11681
12389
11680
12372
12373
12357
12342
15308
12296
12311
11674
12328
12341
12356
12355
12354
12371
12370
12388
12403
12387
12402
12417
12416
12401
12386
12385
12400
12415
12414
12399
12384
12383
12365
12366
12367
12368
12369
12353
12352
12337
12351
12350
12349
12348
12347
12346
11677
12333
12334
12318
12319
12320
11675
12335
12336
12322
12321
12303
12288
12274
12258
12273
12272
12287
12271
12286
12302
12301
11673
12317
12316
12332
12345
12360
11679
12377
12376
12359
11678
12344
12330
12331
12315
12300
12267
12266
12254
12255
12256
11671
12268
12269
11672
12285
12270
12257
12241
12240
11670
12228
12227
12239
12238
11669
12226
11667
12215
12204
12205
12216
12217
12206
12195
12194
12193
12182
12183
12184
12185
12196
12207
12218
12229
12242
12243
12244
12245
12246
12259
12275
12276
12277
12292
12307
12325
12306
12291
12290
12289
12304
12305
12323
12324
11676
12338
12339
12340
12327
12326
12308
12293
12294
12309
12310
12295
12280
12281
12264
12263
12279
12278
12262
12251
12250
12234
12235
12223
12212
12201
12200
12211
12222
12221
12210
12209
12220
12232
12233
12249
12261
12260
12248
12247
12231
12230
11668
12219
12208
12197
12186
11666
12176
12177
12188
12187
12198
12199
12189
12190
12191
15303
15304
12202
12213
15305
15306
12224
12236
12252
15307
8358
7702
8355
7701
8341
8337
8333
8329
8325
15302
12180
12179
12178
12162
12161
11665
12151
12150
12149
12148
12147
12175
12174
12173
12172
12171
12170
12169
12168
12167
12166
12157
12139
12140
12158
12159
12141
12142
12143
11664
12160
12144
12145
12146
12133
12125
12111
12112
12113
12096
12095
12094
12079
12069
12080
12081
12082
12083
12084
12085
12100
12099
12098
12097
12114
12115
12116
12117
12118
12119
12134
12152
12153
12154
12163
12164
12155
12137
15301
15300
15299
15298
12088
11660
12105
11661
12122
12129
12128
12136
12135
12127
12126
12120
12121
12104
12103
12102
12101
12086
12070
12063
11659
12087
12071
12064
12065
12072
12073
15297
11657
12057
15296
12040
12039
11656
12056
12038
12055
12054
12053
12052
12051
12050
12049
12048
12047
12062
12046
12045
11658
12061
12060
12044
12036
12027
12013
12020
12028
11654
12037
12029
12021
12014
12006
11991
11982
11976
11962
11963
11992
11993
11994
11995
11996
11968
11969
11970
11971
11977
11983
12001
12000
11650
11999
11998
11997
11655
12030
12022
12015
12007
12008
12016
12023
12031
12032
15295
11653
15294
12009
15293
15292
11984
11978
15291
11972
11956
11941
15290
15289
15288
15287
11930
11933
11937
11955
11954
11953
11952
11951
11950
11967
11966
11949
11948
11965
11964
11947
11946
11647
11646
11961
11945
11959
11960
11975
11981
11990
12005
11649
11989
11988
12012
12019
12018
11652
12011
11651
12004
11987
11980
11974
11958
11648
11943
11944
11940
11939
11935
11936
11932
11645
11931
11474
11934
11475
11938
11942
11476
11957
11477
11973
11478
11979
11985
11986
12003
12002
12010
12017
11479
12024
12033
12041
12034
12025
12026
12035
12043
12042
12059
11480
12058
12066
12074
12089
12090
12091
12075
12067
12068
12076
12077
12078
12093
12110
12092
12109
11663
12132
12124
11662
12108
12107
12106
12123
12130
12131
12138
12156
12165
11481
12181
11482
12192
11483
12203
11484
12214
12225
12237
11485
12253
11486
12265
11487
12282
12297
12298
12283
12284
12299
12314
12313
12312
12329
11488
12343
12358
12374
12375
12391
12392
12408
12407
12390
11489
12406
12422
11490
12437
12438
12439
12454
11683
12453
12469
11491
12468
11492
12484
11493
12500
11494
12516
12517
11684
12532
12548
11495
12547
11496
12563
11497
12579
12595
12611
12629
12644
12660
11498
12677
12678
12661
12662
12663
12647
12632
12614
12598
12599
12600
12584
12583
12582
12581
12597
12613
12612
12596
12580
12564
12565
12549
12551
12552
12553
12536
12537
12522
12521
12505
12506
12489
12490
12474
12473
12455
12456
12457
12458
12443
12442
12426
12427
12412
12396
12381
12380
12379
12395
12411
12410
12425
12441
12440
12424
12423
11682
12409
12393
12394
12378
12361
12362
12363
12364
12382
12398
12397
12413
12428
12444
12459
12475
12491
12507
12523
12538
12554
12570
12586
12618
12617
12635
12651
12650
12665
12682
12700
12683
12666
12667
12703
12702
11694
12718
12750
12749
12748
12733
12732
12731
12746
11695
12745
12762
12779
12778
12761
12744
12743
11500
12742
12759
11501
12776
12777
12792
12793
12794
12809
12810
12811
12812
12797
12796
12795
12780
12781
12763
12764
12765
12747
12766
12767
12768
12769
12751
12752
12770
12784
12785
12786
12787
12788
12817
12816
12804
12803
12802
12801
11699
12814
12815
12832
12833
12850
12851
12834
12835
12852
12863
12862
12877
12876
12861
12860
12849
12848
12847
11703
12873
12872
12889
12890
12902
12914
12915
12927
12939
12950
12966
12982
12983
12984
11712
13001
11714
13011
13012
13002
11713
12985
12969
12968
12967
12951
12940
12928
12916
12903
11708
12891
12874
12875
12892
12893
12894
12895
12878
12879
12864
12853
12836
12819
12818
12805
11697
12789
12774
11696
12757
12756
12740
12726
15325
12741
12758
12775
12790
11698
15327
15326
8710
8718
7716
8735
8744
8745
8736
8719
8720
8721
8737
7942
8746
8747
8748
7944
8757
8766
8774
8782
8791
8806
8815
8814
7950
8831
8832
8816
8817
8833
8834
8818
8792
8793
8794
8795
8796
8797
8798
8799
8783
8784
8801
8800
8808
8807
8823
8822
8821
8820
8819
8835
8836
8837
8838
8839
8840
8824
8825
8841
8842
8826
8809
8802
7946
8785
11198
11199
11200
8810
8827
8843
11201
11202
8862
8853
8852
8861
7952
8878
8896
8860
8851
8850
8859
8877
8893
8894
8895
8913
8914
11203
8923
8939
11204
11205
8955
8964
11206
11207
8972
8980
11208
11209
8988
8995
7958
8987
8986
8985
8992
8993
8994
9002
9001
9019
9018
9025
9026
9033
9040
9041
9049
9050
11214
11213
9042
9034
7962
9027
11212
11211
9020
7960
9003
11210
5823
5833
4679
5843
5854
5870
5879
4680
5888
4681
5896
4682
5904
4683
5919
4684
5934
5942
5941
4685
5956
5972
5978
4917
5979
5973
5957
5974
5980
5995
6001
4686
6000
4687
6006
4688
6012
4689
6018
4918
4690
6029
6035
4691
6052
6059
6036
6037
6053
4920
6060
6067
6085
6086
6103
6104
6087
6088
6105
6123
6122
6121
6137
6142
6147
6146
6141
6136
6119
6120
6102
4922
6084
6066
6065
6083
4692
6101
6118
4693
6135
4694
6140
4695
6145
4696
6150
6151
6152
6157
6156
6173
6155
6172
4697
6176
4698
6181
4699
6186
4700
6191
4701
6196
6201
4702
6216
6202
6197
6203
6217
6218
6204
6198
6193
6192
6187
6188
6183
6182
6177
6178
6174
4924
6158
6159
6160
6161
6162
6163
6164
6165
6166
6167
6168
6175
6179
6184
6189
6194
6199
4926
6215
6220
6225
7438
7437
7436
7435
6200
6195
7434
7433
6190
6185
7432
6180
7431
4925
7430
6171
6170
6169
6153
6148
6143
6138
6132
6133
6115
6114
6113
6131
6130
6129
6128
6127
6126
6125
6124
6106
6089
6107
6108
6109
6092
6091
6090
6072
6073
6074
6075
6093
6110
6111
6094
6076
6077
6095
6112
6096
6078
6079
6097
6098
6116
6099
6081
6080
6062
6055
6049
6032
6048
6047
6046
6045
6044
6043
6042
6041
6040
6039
6071
6070
6069
6068
6061
6054
6038
6031
6030
6024
6025
6020
6019
6013
6007
6014
6008
6002
5996
5981
5982
5983
5984
5985
5986
5987
5988
5989
5990
5991
5992
5993
5998
5997
6004
6003
6009
6015
6010
6016
6022
6021
6026
6027
6033
6050
6056
4921
6063
6057
6058
6064
6082
6100
6117
4923
6134
7425
7426
6139
6144
7427
7428
6149
6154
7429
3220
3213
3212
3203
3194
3185
3176
3157
3138
3158
3177
3186
3195
3204
3205
3196
3187
3178
3160
3159
3140
3139
3120
3119
3111
1954
3112
3113
3121
3122
3141
3142
3123
3114
3124
3143
3144
3125
3126
3145
3164
3163
3162
3161
2196
3179
2197
3188
2198
3197
2199
3206
2200
3214
3223
3222
3221
3240
1955
3239
3246
1956
3253
1957
3259
1958
3265
1959
3270
1960
3275
1961
3280
1962
3285
1963
3290
1964
3295
1965
3300
1966
3305
1967
3310
1968
3315
1969
3320
3321
3316
3311
3306
3301
3296
3291
3286
3281
3276
3271
3266
3260
3254
3247
3248
3241
2202
3224
3225
3226
3227
3228
3229
3230
3231
3232
3233
3234
3242
3249
3255
3261
3267
3272
3277
3282
3287
3292
3297
3302
3307
3312
3317
3322
3341
3342
3350
3346
3340
3339
3338
3337
3336
3335
3334
3333
3332
3331
3330
3329
3328
3327
3326
3345
3349
3353
2204
3357
3358
3359
3379
3378
3377
3376
1975
3396
3393
1974
3375
3356
1973
3352
1972
3348
1971
3344
1970
3325
7445
4932
7446
7447
7448
7449
7450
6378
4937
6384
6377
4935
6360
6361
6355
6354
6349
6348
6347
6353
6346
6345
6344
6343
6326
6327
6328
6329
6330
6331
6332
6315
6310
6292
6293
7444
7443
6287
4931
6270
7442
7441
6265
4929
6248
7440
7439
4928
6242
6247
6241
6224
6219
6214
6213
6212
6211
6210
6209
6208
6207
6206
6205
4927
6230
6231
6232
6233
6234
6235
6236
6237
6238
6239
6240
6246
6263
6264
6269
6262
6261
6260
6259
6258
6257
6256
6255
6254
6253
6245
6229
6223
6222
6227
6228
6244
6251
6252
4930
6268
6274
6275
6276
6277
6278
6279
6280
6281
6282
6283
6284
6285
6286
6291
6308
6309
6314
6307
6306
6305
6304
6303
6302
6301
6300
6299
6298
6297
6290
6289
6273
6250
6267
6272
6295
6296
6312
6318
6313
6319
6320
6321
6322
6323
6324
6325
6342
6341
6340
6339
6338
4933
6337
6336
6335
6352
4934
6357
6358
6365
6366
6367
6368
6369
6370
6371
6372
6373
6374
6375
6359
6376
6382
6383
6398
6404
4940
6414
6409
6405
6399
6400
7451
6410
7452
6430
7453
7454
4943
6464
7455
4944
6481
6486
6485
4945
6480
6463
6462
6444
6445
6446
6447
6429
6428
6427
6413
6408
6403
6397
6396
6395
6394
6393
6392
6391
6390
6389
6388
6387
4938
6381
6380
4936
6364
6363
6379
6362
6356
6350
6351
6334
6317
6333
6316
6311
4705
6294
6288
4704
6271
6266
6249
6243
4703
6226
6221
11238
9493
11237
11236
9455
9454
9444
9426
9415
9416
9427
11235
11234
11233
9405
11232
11231
9394
9393
9392
9403
9404
9414
9425
9424
9441
9423
9422
9411
9400
9401
9412
9413
9402
9389
9390
9391
9381
9382
9383
9367
11230
11229
9356
9366
9365
9354
9355
9319
9303
9287
11228
11227
9278
9277
9268
9269
9251
9241
11226
11225
9224
9223
7974
9240
9250
7976
9266
9267
9286
9302
9301
9300
9285
9276
9275
9274
9264
9265
9248
9249
9239
9222
9211
9212
9213
9196
9186
11224
11223
11222
11221
11220
11219
9147
9146
9157
9167
9177
9166
9165
9175
9176
9185
9195
9184
9183
9174
9164
9154
9142
9128
9129
9143
9155
9156
9144
9130
9145
9131
9124
11218
11217
9116
9100
9099
9115
7970
9098
9097
9114
9123
9122
9121
9112
9111
9110
9141
9140
9139
9138
9137
9136
9153
9163
9173
9182
9192
9203
9202
9219
9230
9231
7975
9232
9233
9234
9235
9204
9205
9206
9207
9208
9209
9193
9194
9210
9220
9221
9238
9237
9236
9247
9263
9262
9261
9260
9259
9258
9257
9256
9255
9272
9271
7977
9254
9244
9245
9228
9229
9218
9217
9216
9199
9189
9179
9178
7973
9169
9168
7730
9158
7729
9148
7728
9132
9149
9159
9160
9150
9151
9161
9170
9190
9200
9201
9191
9181
9180
9171
9172
9162
9152
7972
9135
9127
9120
9107
9108
9109
9082
9081
9066
9067
9083
9084
9068
9069
9085
9086
9087
7968
9113
7969
9096
9088
9089
9073
9072
9071
9070
9054
9055
9056
9057
9075
9074
9090
9091
9092
11216
11215
9058
9048
9047
9046
9038
9039
9032
9031
9024
9017
9000
8999
9016
9015
9014
9013
9012
9011
9010
9009
8998
8991
9007
9008
9023
9030
9037
9045
9053
9065
9064
9063
9062
9078
7967
9079
9080
9095
9106
9105
9104
9103
9119
9126
9134
9133
9125
7971
9118
9117
7727
9101
9102
9094
9093
9076
7726
9059
9060
7966
9077
9061
9052
7965
9044
7964
9036
7963
9029
7961
9022
9006
8997
7959
8990
7957
8983
8974
8966
8967
8975
7956
8984
8976
8968
8960
7955
8945
8930
8946
8947
8948
8931
8932
8906
8907
8908
8891
8909
8937
8936
8935
8934
8933
8949
8950
8951
8952
8953
8961
8962
8970
8969
8977
8978
8979
8971
8963
8954
7954
8938
7953
8922
8912
8911
8921
8920
8910
8892
8876
8875
8874
8890
8889
8873
8872
8871
8887
8888
8905
8904
8903
8885
8886
8870
8869
8868
8858
8849
8848
8847
8830
7949
8813
8805
8790
8789
8788
7947
8804
8812
8829
7948
8787
8779
8780
8781
8773
8765
8756
8755
8754
8764
8772
8771
8763
8753
7717
8762
7718
8770
7719
8778
8786
8803
7720
8811
8828
7721
8844
8845
8846
7951
8855
8856
8857
8867
8883
8884
8902
8901
8919
8929
8944
8928
8918
8917
8916
8899
8881
8900
8882
8866
8865
8864
8854
8863
8879
8880
8898
8897
7722
8915
8924
8925
8926
8927
8943
8959
8942
8941
8940
8958
8957
8956
7723
8965
7724
8973
8982
8981
8989
8996
9005
9004
7725
9021
9028
9035
9043
9051
13267
13257
13244
13233
13234
13217
13216
11725
13232
13243
13242
13241
13252
11729
13240
13230
13231
13215
13187
13198
13214
13213
13212
13229
13211
13228
13227
13226
13225
13210
13209
13208
13207
13196
13178
13177
13160
13161
13144
13142
13159
13176
13175
13192
13193
11723
13194
13195
13206
13205
13204
13221
13237
13238
13222
13223
13224
11727
13239
11728
13251
11730
13262
13272
13283
13282
13293
13292
13303
13304
13294
13305
13316
13326
13337
13348
13347
13336
13335
13334
13323
13324
13325
13315
13314
13313
13302
13291
13290
13279
13280
13281
13270
13271
13261
13250
13249
13260
13269
13268
11732
13259
13248
13236
13220
13203
13202
13219
13235
13247
13258
11517
13278
11518
13289
11519
13300
13301
11520
13311
13312
11733
13322
13333
11521
13332
13343
11522
13359
13369
13360
13344
13345
13361
13362
13346
13363
13373
13372
13388
13389
13390
13408
13425
13424
13407
13406
13423
13433
13443
13444
13434
13435
13445
13455
13456
13457
13458
13459
13460
13461
13462
13473
13491
13490
13489
13488
13487
13486
13485
13484
11744
13500
13483
13482
13472
13454
13471
13470
13453
11742
13442
11741
13432
11739
13422
11737
13405
13387
13371
13370
13386
13385
13403
13404
13421
13431
13441
13452
20347
17580
17596
20348
20349
17622
17609
17595
17608
17621
17638
17639
20350
17653
17652
17651
17637
17620
17607
17594
17578
17577
17593
17606
17619
17636
17650
17667
17668
17682
17699
17681
17680
17698
17715
17716
17733
17732
17746
17745
17744
17730
17731
17714
17713
17712
17711
17694
17693
17710
17727
17741
15854
17726
17709
17725
17708
17707
17724
17740
17754
15856
17766
15857
17779
15858
17792
15859
17805
17817
15860
17804
17791
17778
17777
17776
17775
17762
17763
17764
17765
17753
17739
17723
17722
17705
17706
17689
17690
17691
17692
17676
17661
17662
17663
17646
17632
17631
17630
17629
17614
17601
17586
17585
15846
17571
17558
17543
17544
17545
17531
15843
17514
15842
17497
17498
17499
17500
17501
17517
17516
17515
17547
17546
17559
17572
17587
17588
17589
17573
17560
17561
17562
17575
17591
17574
17590
17603
17602
17615
17616
17633
17647
17664
17678
17677
17695
17696
17697
17679
17665
17666
17649
17648
17634
17635
17618
17617
17604
17605
17592
17576
17563
17564
17565
17566
17579
17567
20346
20345
17554
17553
17552
17551
17550
17549
17548
15845
17532
17533
17534
17535
17520
17521
17506
17505
17490
17472
17473
17474
15838
17491
17507
17523
17522
15844
17536
17537
17524
17508
17492
20344
20343
20342
17462
17475
17461
17460
17447
17448
17449
20341
20340
17436
17435
17434
17446
17459
17471
17470
17488
17489
17504
17503
17519
17518
17502
17487
17486
17469
17456
17457
17458
17445
17444
17443
17430
17418
17405
17406
17419
17431
17432
17433
17421
17420
17407
17408
17395
17382
17383
17396
17409
17422
17423
17424
20339
20338
20337
17398
17411
17410
17397
17384
17385
17369
20336
20335
17358
17346
20334
17334
17345
17357
17368
17367
17366
17365
17381
17394
17393
17392
17380
17364
17353
17341
17340
17352
17363
17379
17378
17377
17376
17391
17404
17417
17429
17442
17455
17468
17485
17484
17483
17482
17480
15840
17495
17512
17528
17527
17526
17525
17509
17510
17511
17494
15839
17478
17479
17466
17453
17452
17451
17464
17465
17477
17493
17476
17463
15645
17450
15644
17437
15643
17438
17439
17440
17427
17415
17402
17389
17401
17400
17414
17426
17425
15837
17413
17412
15642
17399
15641
17386
15640
17387
17388
17373
17372
17371
17370
15639
17359
17360
17361
17350
17338
17337
17336
17349
15835
17348
17347
15638
17335
17318
17266
17279
17280
17244
17243
17242
17255
17241
17227
17228
17211
17212
17213
17229
17230
17214
17200
17183
17181
17166
17165
17138
17139
17154
17140
17126
17109
17108
17107
17091
15631
17092
17093
17075
15818
17060
17061
17046
17047
17062
17076
17077
17063
17048
17034
17033
17032
17031
17045
15630
17074
17059
17044
17030
17019
17007
15629
17008
17009
15812
17020
17021
17010
16998
16999
16987
16970
16958
16957
16969
16986
16997
16996
16984
16985
16968
16967
15628
16995
16983
15627
16966
16955
16939
16927
16915
15626
16899
16883
15625
16870
15624
16853
15623
16838
15622
16824
15621
16809
16810
16825
16826
16840
16839
16854
16841
16842
16843
16857
16856
16855
16872
16871
16884
16885
15803
16900
16901
16917
16916
15806
16928
15807
16940
15809
16956
16941
16942
16930
16929
16918
16919
16903
16888
16887
16902
16886
16873
16874
16875
16858
15800
16859
16860
16861
16844
16830
16815
16816
16817
16818
16787
16788
16789
16761
16762
16775
16792
16804
16793
16776
16777
16764
16765
16748
16747
16763
16746
16745
16744
15792
16731
16716
16717
16693
16667
16658
16659
16651
16650
16641
16642
16633
16624
16623
16622
16621
16620
16619
16618
16617
16616
16615
16631
16640
16649
16657
16666
16675
15788
16674
16673
16664
16665
16656
16648
16647
16655
15787
16646
15614
16637
15613
16628
15612
16612
15611
15785
16605
16613
16629
16638
16639
16630
15786
16614
16606
16592
16591
16590
16589
15784
16580
16581
16572
15781
16563
16554
16555
16564
16573
15783
16582
16574
16565
16556
16547
16539
16531
16523
16515
16508
16493
15778
16471
16472
16494
16495
16496
16475
16476
16477
16461
16460
16459
16458
16474
16473
16457
16456
16455
16454
16453
16445
16444
16452
16451
16443
16434
16433
15600
16442
16450
16466
15601
16467
16468
16483
16482
16490
15602
16505
15603
16512
16513
16506
16491
15777
16484
16469
16470
16485
16492
16507
16514
16522
16530
16538
16546
16545
16537
16529
16521
15604
16520
15605
16528
15606
16536
15607
16544
15608
16553
15609
16562
16571
16579
15610
16588
25214
25215
25216
21654
21664
25217
25218
25219
25220
21701
21691
21690
20762
21681
21682
21683
21673
21672
21663
21653
21644
21634
21617
21616
21606
21607
21597
25213
25212
21587
21586
21596
21595
20757
21605
21615
21614
21613
21604
21594
21584
21574
21556
21521
21520
21519
21518
21517
20750
21500
20749
21499
21481
21473
21474
21482
21483
21484
21501
21502
21485
21486
21503
21504
21487
21488
21505
21506
21489
21490
21507
21522
21523
21524
21533
21541
21557
21558
20756
21575
21585
21576
21577
21561
21544
21536
21535
21527
21528
21512
21511
21510
21526
20752
20754
21543
21560
21559
21542
21534
21525
21509
21508
21491
21475
21476
21492
21493
21494
21495
21478
21470
21469
21477
20747
21468
21467
20746
20744
21460
21455
21461
21462
21456
25211
21450
21449
21448
20742
21441
21424
21418
21419
21411
21410
21409
21394
21376
21375
21374
21357
21339
21338
21337
21336
21354
21353
21335
21334
21352
21351
21333
21332
20735
21350
21349
21348
20736
21365
21364
20558
21346
21347
21331
21330
20557
21326
20556
21322
20555
21318
21301
20554
21327
21323
21319
21302
21303
21304
21305
21306
21307
21290
21289
21288
21287
21286
21285
21284
21280
21281
21278
20553
21277
20552
21260
20551
21258
21241
21242
21224
21225
21226
21227
21228
21229
21230
21231
21232
21233
21250
21251
21252
21253
21254
21237
21236
21235
21234
21249
21248
21247
21246
21245
21244
21243
20732
21261
20733
21262
21263
21264
21265
21266
21267
21268
21269
21255
21256
21257
21240
21239
21238
21282
21283
25204
25205
25206
25207
21321
21325
25208
25209
21329
21345
21344
21343
21361
21362
21363
21413
21396
21380
21379
21378
20737
21395
21412
20739
21420
25210
21427
21443
21442
21426
21425
21440
21439
21438
21437
21436
21435
21434
21433
21432
20745
21466
21459
20743
21454
21453
21446
21430
21429
20561
21428
20562
21444
20563
21451
21457
21458
21452
21445
21447
21431
20741
21423
21422
21415
20560
21414
21421
21397
20559
21381
21382
20738
21398
21383
21384
21366
21367
21368
21386
21385
20740
21416
21417
21399
21400
21401
21402
21389
21355
21356
21373
21372
21371
21370
21369
21387
21388
21403
21404
21406
21405
21390
21391
21392
21407
21408
21393
21377
21360
21359
21358
21340
21341
21342
21328
21324
21320
21317
21300
21299
21316
21315
21314
21297
21298
21296
21313
21312
21311
21294
21293
21292
21291
21308
21309
21310
21295
21270
21271
21272
21273
21274
21275
20734
21279
21276
21259
25203
25202
25201
25200
21223
21220
25199
25198
21217
21214
25197
25196
21211
21208
25195
25194
21205
21202
25193
25192
21199
21196
21178
21160
25191
25190
21144
21140
25189
21135
20725
21129
21128
21121
21115
21108
21109
21102
21101
20722
21095
21090
21091
25183
25182
25181
25180
25179
25178
25177
25176
25175
20718
25174
25173
25172
25171
25170
25169
25168
25167
25166
25165
25164
25163
21026
21025
21024
21023
21022
21021
21020
21019
21018
21017
21016
21015
21014
21013
21012
21011
21010
21027
20524
21009
21008
20523
20522
21007
21006
20521
20520
21005
21004
20519
20518
21003
21002
20517
20516
21001
21000
20515
20514
20999
20998
20513
20512
20997
20996
20511
20510
20995
20994
20509
20508
20993
20992
20507
20506
20991
20990
20505
20504
20989
20988
20503
20987
20502
30038
30039
30040
30041
30042
30043
30044
30045
30046
30047
30048
30049
30050
30051
30052
30053
30054
30055
30056
30057
30058
30059
30060
25905
25904
25906
25907
25908
25910
25912
25914
25916
25600
25931
25934
25937
25940
25601
25956
25973
25988
25989
30072
30071
30070
30069
30068
30067
30066
30065
30064
30063
30062
30061
20525
21028
21029
20526
20527
21030
21031
20528
20529
21032
21033
20530
20531
21034
21035
20532
20533
21036
21037
20534
20535
21038
21039
20536
21055
21040
21041
21042
21043
21044
21045
21046
21047
21048
21049
21050
21051
21052
21053
21054
21056
21058
21060
21064
21067
21070
21087
21086
21085
21084
21083
21082
21081
21080
21079
21078
21077
21076
21075
20721
21094
21089
21074
21069
21073
21088
20720
21072
21071
20540
21068
21065
20539
21061
21062
21063
21066
20719
21059
21057
20537
20538
30075
26069
26064
30074
26059
26044
26058
26063
26062
26067
26068
26074
26075
30076
30077
26081
26087
30078
30079
26093
26098
30080
30081
26104
26110
30082
30083
30084
26116
25609
26133
26138
26137
25610
26132
26131
26113
26114
26115
26109
26108
26107
26101
26102
26103
26097
26092
26086
26085
26091
26096
26095
26090
26084
26078
26079
26080
26073
26072
26066
26061
26056
26057
26043
26026
26025
26042
26041
26055
26054
26039
26040
26024
26019
26002
26003
26020
26021
26027
30073
26022
26005
26004
25987
25986
25985
25984
25969
25968
25967
25966
25981
25982
25983
25999
26000
26001
26018
26017
26016
26015
25998
25997
26014
26013
25996
25980
25965
25964
25963
25962
25978
25979
25995
26012
26011
26010
26009
25992
25993
25994
25977
25976
25975
25991
26008
26023
26030
26031
26032
26033
26034
26035
26036
26037
26038
26053
26052
26051
26050
26049
26048
26047
26046
26045
25605
26029
25423
26028
25422
25421
25990
26006
26007
25604
25603
25959
25974
25602
25958
25942
25943
25944
25960
25961
25945
25946
25947
25948
25949
25950
25951
25952
25953
25954
25970
25971
25972
25955
25939
25936
25933
25930
25929
25928
25927
25926
25925
25924
25923
25922
25921
25920
25919
25918
25915
25913
25911
25599
25889
25890
25891
25892
25893
25894
25895
25896
25897
25898
25899
25900
25901
25902
25903
25887
25886
25885
25884
25883
25882
25881
25880
25879
25878
25877
25876
25875
25874
25873
25872
25871
25870
25869
25868
25867
25866
25390
25391
25392
25393
25394
25395
25396
25397
25398
25399
25400
25401
25402
25403
25404
25405
25406
25407
25408
25409
25410
25411
25888
25412
25413
25414
25909
25415
25416
25417
25917
25418
25932
25935
25419
25420
25938
25941
25957
35195
35196
35197
30964
30504
31007
30990
30984
30501
30968
30963
30940
30939
30938
30893
30894
30878
30877
30860
30859
30858
30857
30874
30875
30876
30892
30891
30890
30889
30888
30872
30873
30856
30855
30854
30871
30887
30886
30489
30487
30870
30853
30486
30869
30885
30901
30902
30906
30910
30905
30909
30908
30493
30904
30491
30900
30490
30884
30488
30868
30867
30313
30851
30852
30849
30485
30847
30845
30829
30828
30311
30312
40625
35615
35616
40626
35617
35618
36075
40627
40628
40629
40630
40631
36090
36086
36083
36080
36078
36074
36073
36072
36071
36070
36069
36068
36067
36051
36035
36019
36004
36020
36021
36022
36023
36039
36038
36037
36036
36052
36053
36054
36055
36056
36040
36024
36025
36041
36057
36058
36042
36026
36010
35994
35993
36009
36008
35992
36007
35991
35990
36006
36005
35989
35988
35987
36003
36002
35986
35985
35984
36000
36001
36018
36034
36050
36066
36065
36049
36033
36017
36016
36015
35999
35983
35982
35998
36014
36013
36012
36029
36030
36031
36032
36048
36047
36064
36063
35619
36061
36062
36046
36045
36044
36060
36077
36076
35435
36059
36043
36028
36027
36011
35995
35996
35997
35981
35980
35979
35977
35974
35434
35956
35953
35433
35936
35934
35432
35917
35918
35609
35431
35430
35429
35428
35427
35426
35425
35424
35423
35422
35421
35420
35419
35418
35417
35416
46145
46146
46147
46148
46149
46150
41335
41334
41333
41332
41331
41330
41329
41328
41327
41326
41325
41324
41323
41322
41321
41320
41319
41318
40845
40846
40996
40997
40847
40848
40998
40999
41000
41001
40849
40850
40851
41347
41002
41365
41003
41385
41386
41387
41388
41389
41400
41399
41398
41397
41396
41384
41383
41005
41395
41411
41414
41006
41417
40855
40854
40853
41381
41364
40852
51128
47013
47008
47007
46587
46586
47003
47004
47000
46583
51127
51126
51125
51124
46954
46949
46944
46939
51123
51122
46934
46933
46938
46943
46579
46580
46948
46953
46952
46581
46957
46958
46959
46960
46961
46962
46963
46964
46965
46966
46967
46968
46969
46970
46975
46974
46979
46980
46582
46996
46999
46585
46995
46994
46993
46992
46991
46990
46989
46988
46987
46986
46985
46584
46984
46983
46978
46973
46977
46982
46998
47002
47006
47010
47015
47016
47017
47034
47035
47036
47018
47019
47020
47037
47038
47039
47021
47022
47040
47041
47023
47024
47025
47042
47043
47044
47045
47026
47027
47028
47011
47012
47030
47029
47047
47046
47069
47070
47087
47086
47085
47084
47083
47082
47081
47080
47079
47078
47077
47076
47075
47090
47096
47101
47106
47111
47115
47119
46597
46599
47135
46600
47151
47158
47157
47173
47172
46602
47156
47155
47149
47150
47134
46598
47118
46596
47114
46595
47110
46593
47105
46592
47100
46591
47095
47089
46590
47073
47068
46401
47052
47053
47049
46588
47033
47032
47014
47009
46400
47005
46399
47001
46398
46997
46981
46976
46397
46972
46956
46951
46946
46947
46942
46941
46936
46937
46931
46932
46577
46575
46573
46928
46927
46392
46930
46393
46935
46394
46940
46395
46945
46950
46955
46396
46971
51575
51574
56703
56702
51905
51921
51573
51937
51942
51946
51941
51936
51935
51934
51933
51932
51931
51930
51929
51928
51927
51926
51925
51909
51910
51911
51912
51913
51914
51915
51916
51917
51918
51919
51920
51904
51572
51901
51898
51571
51570
51895
51892
51876
56701
56700
51873
51872
51875
51891
51890
51889
51888
51887
51886
51885
51884
51883
51882
51881
51880
51879
51878
51569
51894
51897
51900
51903
51908
51907
51923
51924
51939
51940
51945
51944
51950
51951
51957
51956
51577
51961
51962
51968
51967
51966
51965
51392
51960
51955
51391
51949
51390
51943
51389
51938
51388
51922
51906
51902
51387
51899
51386
51896
51385
51893
51384
51877
51383
51874
51382
51871
51381
51868
51380
51866
51379
51864
51378
51862
51377
51860
51376
62301
57397
57396
57395
57399
57403
57407
57411
57415
57419
57420
57416
57413
57412
57408
57404
57400
57401
62302
62303
57405
57409
62304
62305
62306
57417
57421
62307
62308
57425
62309
62310
57433
57429
57428
57424
57423
57427
57432
57431
57435
57439
57440
57436
57437
62311
62312
57441
57445
62313
62314
57449
57465
57482
57464
57448
57444
57443
57447
57463
57480
57481
57498
57499
57516
57515
57514
57497
57496
57513
57512
57529
57545
57544
57528
57511
57495
57477
57478
57479
57462
57461
57460
57459
57458
57457
57456
57455
57472
57490
57506
57505
57522
57507
57491
57473
57474
57492
57493
57475
57476
57494
57510
57527
57543
57542
57526
57509
57508
57525
57541
57540
57524
57523
57539
57557
57558
57559
57560
57561
57562
57137
57563
57572
57573
57574
57592
57591
57590
57601
57600
57589
57588
57587
57586
57585
57584
57583
57582
57571
57570
57136
57554
57555
57556
57538
57135
57521
57520
57503
57504
57489
57488
57487
57469
57470
57471
57454
57453
57452
57451
57450
57134
57446
57442
57438
57434
57430
57426
57422
57418
57414
57410
57406
57402
57398
57394
56934
56935
56936
56937
56938
56939
56940
56941
56942
56943
56944
56945
56946
56947
56948
56949
57466
57467
57468
57486
57485
57484
57483
56950
57500
57517
57518
57501
57502
57519
57537
57536
57535
57534
57550
57568
57577
56951
57595
56952
57605
56953
57630
57641
57657
57673
56954
56955
56956
57709
57710
57700
57701
57692
57691
57682
57674
57675
57683
57684
57693
57694
57685
57686
57677
57676
57143
57661
57662
57646
57645
57634
57633
57632
57644
57660
57659
57658
57642
57643
57631
57615
57139
57606
57607
57140
57616
57608
57598
57597
57580
57581
57599
57609
57617
57618
57619
57620
57621
57622
57623
57652
57651
57650
57649
57648
57647
57663
57664
57665
57666
57667
57668
57669
57678
57687
57696
57705
57144
57721
57731
57722
57732
57743
57744
57733
57723
57707
57708
57699
57698
57706
57697
57688
57679
57670
57142
57654
57638
57627
57626
57625
57637
57653
57141
57636
57635
57624
57610
57611
57138
57612
57602
57603
57593
57575
57566
57548
57547
57565
57564
57546
57530
57531
57532
57533
57549
57567
57576
57594
62315
57604
57614
57613
57628
57639
57629
62316
57640
57656
62317
62318
57681
57672
57655
57671
57680
57689
57690
62319
62320
62321
62322
57724
62323
57734
57745
62324
62325
57756
57768
62326
57781
57797
57796
57780
57767
57755
57754
57766
57765
57764
57763
57148
57752
57753
57742
57741
57730
57720
57719
57718
57717
57716
57715
57704
57695
57703
57702
57712
57711
57726
57145
57725
57736
56957
57735
57746
57757
56958
57769
57770
57771
57772
57773
57761
57762
57750
57760
57749
57748
57759
57758
57747
57737
57738
57727
57713
57714
57729
57728
57739
57740
57751
57146
57147
57789
57805
57804
57788
57150
57775
57774
57786
57787
57152
57803
57819
57831
57843
57857
57871
57885
57899
57912
57926
57157
57940
57941
57942
57927
57913
57900
57901
57902
57903
57889
57890
57904
57905
57891
57877
57876
57875
57861
57847
57154
57835
57824
57823
57810
57809
57822
57834
57846
57860
57874
57873
57859
57858
57844
57832
57833
57821
57820
57807
57808
57792
57791
57806
57790
57776
57777
57778
57793
57794
57779
57795
57811
57812
57813
62327
57825
62328
57850
57837
57836
57849
57848
57862
57863
57864
62329
62330
57878
57892
62331
62332
57906
57919
62333
62334
57933
57949
57948
57932
57918
57917
57931
57947
57946
57960
57959
57958
57945
57944
57943
57956
57968
57969
57159
57986
57987
58005
58022
57160
58021
58036
58037
58038
58023
58039
58049
58048
58047
58046
57165
58058
58059
58060
58072
58071
58088
58103
58102
58128
58127
58126
58125
58124
58112
58098
58097
58078
58077
58066
58067
58055
58054
58053
58065
58076
58093
58094
58095
58096
57168
58111
58122
58123
57170
58139
58156
58157
58158
58159
58140
58141
58142
58160
58161
58143
58144
58145
57171
58162
58173
58174
58163
58146
58147
57172
58164
57174
58175
58176
58187
58198
58214
58213
58251
58252
58268
58267
58266
58282
58265
58281
57185
58293
58312
58294
58283
58284
58295
58313
58329
58328
58346
58359
58347
62345
58360
58400
58412
58425
58411
58410
58423
58424
58436
58437
58450
62348
62349
62350
58480
58463
58461
58447
58460
58476
58489
58503
58488
58502
58516
58530
58572
58584
58552
58553
58539
58540
58526
58527
58541
58542
58528
58514
58500
58485
58499
58513
58512
58511
58525
58538
58551
56982
58537
56981
58523
56980
58524
58510
58496
58497
58498
58484
58467
58468
58455
58442
58441
58440
58453
58466
58483
58482
58465
58464
56977
58481
56978
58495
56979
58509
63997
68017
63989
62799
64011
64021
64002
64000
63999
64015
62802
64030
64031
64016
64017
64032
64040
64048
64056
64064
64055
64047
64039
64038
64046
64054
62807
64062
64063
64072
64071
64080
64070
64079
64096
64107
64097
64081
64098
64099
64100
64082
62810
64073
64083
64084
64085
64086
64087
64088
64089
64090
64074
64065
64066
64075
64091
64092
64103
64102
64101
64112
64123
64145
64164
64153
64163
64162
64161
64160
64150
64149
64159
64170
64171
64172
64173
64182
64192
64202
64203
64204
64205
64231
64249
64230
64229
64228
64245
64244
64276
64275
64293
64303
64302
64301
64317
64318
64319
64344
62823
64343
64334
64333
64342
64359
64369
64360
64361
64362
64363
64373
64372
64371
64370
64380
64379
64388
64389
64407
64423
64440
64422
64406
64405
62626
64421
62627
64438
64439
62628
64448
62629
64464
62630
64481
64490
64491
64482
64465
64449
64450
62830
64466
64483
64484
64485
64494
64493
64492
64502
64511
64512
62834
64521
64522
64540
64558
64557
64556
64574
64573
64591
64590
62634
64589
62635
64596
62636
64603
64620
62637
64637
62638
64646
62639
64655
64664
62640
64672
62641
64681
64682
64683
64674
64673
64665
64656
64647
64648
64649
64650
64651
64660
64659
64668
64676
64675
64667
64658
64657
64666
64684
64694
64685
64695
64696
64697
64698
64699
64700
64701
64702
64713
64724
62843
62845
64736
64737
64750
64767
64768
64769
64784
64801
64800
64783
64782
64799
64815
64816
64802
64785
64770
64753
64754
64771
64786
68043
68044
64803
64818
64817
64833
64834
68045
64849
64848
62854
64847
64832
64831
64830
64814
64813
64798
62848
64797
64812
62851
64829
64844
64859
64873
64874
64860
64845
64846
64861
64875
64890
64876
64862
64863
68046
64877
64891
68047
68048
64905
64904
64917
64931
64918
68049
68050
64932
64948
64947
64946
64930
64916
64915
64914
64901
64902
64903
64889
64888
64887
64886
64872
64871
64885
64899
64900
64913
64912
64926
64927
64943
64957
64958
64959
64944
62856
64928
64929
62857
64945
64960
64977
64992
64993
65011
65012
64994
64995
65013
65026
65025
65024
65023
65034
65049
65058
65067
65076
65085
65086
65087
65088
68057
68058
65098
65115
68059
68060
65124
65123
65114
62867
65097
65096
65095
65113
65122
65131
65147
65146
62870
65165
65155
65156
65166
65167
65157
65148
62868
65132
65133
68061
68062
65149
68063
65158
65168
65178
65179
68064
68065
65190
65189
65188
65177
65176
65187
62871
65204
65205
65213
65214
65215
65206
65207
68066
68067
68068
65216
65240
65239
65248
65249
65250
65268
65267
65300
65282
65266
65265
65264
65280
65298
65297
65296
65295
65294
65276
65277
65278
65279
65263
65262
65261
65260
65259
65275
65293
65292
65274
65273
62874
65256
65255
65254
65272
65288
65289
65307
65306
65305
65314
65324
65325
65315
65316
65326
65336
65335
65334
65344
65345
65346
65356
65357
65359
65360
65361
65362
65363
65364
65365
65366
65367
65349
65350
65340
65341
65351
65352
68074
68075
68076
65379
65389
68077
68078
65399
62877
68079
68080
65434
65424
65423
65422
65432
65433
65450
65451
65468
65485
65484
65467
65466
65465
65482
62879
65492
65493
65494
65495
65512
65511
65522
65523
68084
68085
65534
65533
65532
65521
65510
65509
65508
65507
65506
65505
65504
65503
65502
62880
65491
65474
65473
65490
65501
65518
65519
65530
65529
65528
65527
65516
65517
65500
65499
65498
65515
65514
65497
62670
65496
62671
65513
62672
65524
65525
65526
65537
65536
65535
62673
65552
62674
65562
65563
65553
65554
65564
65565
65575
65574
65573
62675
65572
62676
65582
62677
65592
62678
65602
62679
65612
62680
65622
62681
65632
62682
65642
65652
65653
65654
65670
65671
65672
65690
65691
65692
65674
65658
65673
65657
65647
65648
65638
65637
65627
65628
65618
65608
65598
65607
65617
65616
65606
65605
65615
65625
65626
65636
65646
65656
65655
65645
65635
65634
65644
65643
65633
65623
65624
65614
65613
65603
65604
65595
65594
65593
65583
65584
65585
65586
65596
65597
65587
65588
65578
65577
65576
65566
65556
65555
65538
65539
65540
65557
65567
65568
65558
65541
65542
65543
65544
65545
65546
65547
65548
65549
65559
65569
65579
65589
65599
65600
65590
65591
65601
65611
65621
65620
65610
65609
65619
65629
65639
65630
65631
65641
65640
65651
65650
65649
62881
65665
65666
65667
65685
65684
65702
65719
65718
62882
65701
65683
65682
65700
65717
65733
65749
65748
65731
65730
65714
65713
65695
65696
65678
65679
65697
65715
65732
65716
65698
65699
65681
65680
65664
65663
65662
65661
65677
65676
65660
65659
65675
65693
65694
65712
65729
65747
65746
65745
65728
65711
65710
65709
65708
65707
65723
65722
65739
65755
65754
65738
65721
65706
65689
65688
65687
65669
65668
65686
65705
65704
65720
65737
62683
65753
62684
65765
65766
65767
65768
65769
65757
65756
65740
65741
65724
65725
65742
65743
65726
65727
65744
65759
65771
65758
65770
65781
65780
65779
62887
65795
65796
65797
65798
65810
65809
65808
65826
65827
65841
65840
65854
65855
65856
65857
65842
65843
65828
65829
65830
65831
65844
65858
65875
62896
65887
65876
65859
62892
62891
65845
65846
65847
65861
65860
62893
65877
65889
65888
65906
65905
65904
65903
65874
65873
62895
65872
65871
65870
65886
65899
65914
65915
65916
65900
65901
65902
65917
65918
65919
65920
62900
65931
65932
65949
65961
65950
62902
65962
65951
65935
65934
65933
65921
62897
65907
65922
65908
65891
65890
65878
65862
65879
65880
65863
65848
65835
65834
65833
65832
62889
65815
65814
65813
65812
65811
65782
65783
65784
65785
65786
65787
65788
65799
65816
65817
65818
65819
65820
65803
65802
65801
65800
65789
65773
65772
65760
65761
65762
65763
65751
65750
62885
65734
62884
65735
65736
68097
68098
65752
65764
68099
68100
65776
65775
65774
62886
65790
65791
65792
68101
68102
65804
65821
65837
65836
65849
65850
65864
62894
68103
65893
65892
65909
62898
65923
65924
65936
65953
65952
65963
65964
65981
65980
65996
62905
65979
65978
65977
65975
65974
65973
65991
65992
66006
66040
66051
66039
66021
66020
66060
66059
66071
66082
66094
66093
66081
66080
66079
66068
66069
66070
66058
62912
66031
66047
66057
66046
66030
66014
66015
65998
65982
65955
65938
65939
65913
65912
65911
65895
65910
65894
65881
65865
65852
65866
65882
65896
65897
65898
65885
65869
65868
65884
65883
65867
65853
65839
62890
65824
65825
65807
65806
62888
65794
65778
65777
65793
62685
65805
65823
65822
65838
62686
65851
73889
71810
71796
68594
71782
71768
71783
73888
73887
71769
71754
68591
71739
71738
71737
71723
71724
68589
71725
71708
71707
71706
71690
71688
71704
71703
71702
71719
71735
71749
71748
68590
71734
71718
71717
71716
71699
71700
71701
71685
68585
71686
71687
71670
71653
71636
71635
71634
71633
71632
71649
71648
71647
71630
71631
71615
68582
71598
71597
71596
71595
71613
71612
71594
71578
71577
71561
71546
71531
71516
71501
71486
71471
71456
71441
71442
71457
71472
71443
71428
71413
71396
71395
68580
71412
71427
71411
71426
79027
79026
79025
79024
79023
79022
74376
76829
79021
79020
76818
76807
79019
79018
76796
76806
76817
76828
76816
76815
76826
76827
76844
76845
76856
76867
76878
76877
76866
76855
76854
76853
76843
76842
74375
76825
76814
76803
76792
76781
76770
76771
76762
76763
76747
76764
76773
76772
76783
76782
76793
76804
76805
76794
76795
76784
76785
79017
79016
76774
76765
76748
79015
79014
76738
76737
76726
76716
76734
76724
76714
76704
76695
76680
76672
76664
76663
76655
76656
76648
76647
76646
76654
76662
76670
76671
76679
76678
76694
76693
76692
76691
76690
76689
76688
76687
76686
76703
76713
76723
76722
76712
76702
76685
76677
76669
76661
76653
76645
74369
76634
76633
76632
76614
76613
76602
76601
76600
76583
74364
76573
76563
76564
76554
76553
76552
74122
76562
74123
76572
74124
76582
76599
76610
76628
76641
74125
76650
74126
76658
76659
76651
76642
76629
76611
76612
76630
76631
76643
76644
76652
76660
76668
74370
76676
76684
76701
76700
76710
76711
76721
76720
76730
76740
76739
74132
76729
74131
76719
74130
76709
74129
76699
74128
76682
76683
76675
76667
74127
76666
76674
82764
82765
81129
81146
81162
81161
81177
81178
81194
81211
81228
81210
81193
81192
81209
81191
81190
81207
81208
81226
81227
79563
81243
81244
81260
81259
81258
81268
81269
79568
79569
82766
82767
82768
82769
82770
82771
82772
82773
82774
82775
82776
82777
81369
79570
81363
81357
81351
81345
81339
81333
81327
81321
81315
81309
81303
81297
81291
81285
81284
81267
81266
79566
81256
81257
81242
81225
81206
81223
81224
81241
81240
81255
81254
81253
81252
81251
81250
81249
81235
81197
79562
81180
81196
81213
81229
81212
81195
79291
81179
79290
81163
81164
81147
81120
81109
81099
81133
81166
81167
81151
81135
81134
81124
81113
81103
81136
81137
81138
81154
81170
81169
81153
81152
81168
81201
81200
81218
81219
81236
81237
81238
81239
81203
81186
81187
81171
81155
81139
81140
81159
81143
81145
81128
81118
81117
81107
79555
79554
81081
81062
81061
81060
81076
81094
81075
81093
81092
81074
81057
81058
81059
81029
81010
81002
81001
81000
80999
80998
80997
80996
80995
79547
79544
80944
80943
80952
80951
79277
80942
79276
80934
80933
79275
80917
80918
80935
80919
80887
80888
80880
80872
80879
80871
80855
80856
80857
80843
80842
80834
80818
80819
80820
80821
80822
80823
80824
80825
80826
80827
80835
79534
80851
80852
80836
80828
80829
79533
79535
80837
80830
80813
80812
80811
79531
80802
79530
80792
80793
80803
80794
80795
80804
80805
80796
80779
80762
80778
80761
80745
80744
80737
80730
80723
80724
80731
80738
82757
82756
82755
82754
82753
82752
82751
82750
82749
82748
79526
80659
80652
82747
80635
80618
79519
79518
79517
82746
80561
80544
80543
80560
80559
80542
80541
79514
80517
80509
80510
80518
80525
80526
80527
80519
82745
80511
82744
82743
80504
80503
79512
80486
79511
80487
82742
82741
80470
80463
79510
80456
80457
80439
82740
79508
79507
80426
80425
80409
80403
79505
80402
80395
80396
82739
82738
80388
80387
80379
80380
82737
80374
80373
80367
80361
80368
82736
80362
80357
80341
80336
80331
80326
80321
80304
80287
80286
80303
80320
79496
79497
79498
79499
80356
80340
80335
80330
80325
80319
80302
80301
80300
80318
80317
80316
80315
80298
80299
80282
80281
80280
80265
80266
80267
80268
80283
80284
80269
80285
80270
79494
80271
82735
80255
79493
80251
79492
79491
80247
80243
82734
82733
80239
80235
82732
80231
82731
82730
82729
82728
82727
82726
82725
82724
82723
80199
80203
80207
80211
80215
80219
80223
80227
80258
79495
80274
80259
80260
80261
80276
80275
80293
80294
80277
80262
80263
80278
80264
80279
80296
80297
80314
80313
80312
80295
80311
80310
80309
80308
80292
80291
80290
80307
80324
80329
80334
80339
79500
80344
80345
80346
80347
80348
80349
80350
80351
80352
80353
80354
80355
79501
80366
80372
79503
80378
80386
80385
80394
80393
79504
80401
80408
80424
80423
80422
80421
80420
80419
80418
80417
80416
80415
80414
80413
79506
80407
80400
80392
80391
80383
80384
79502
80360
80365
80371
80377
80376
80382
80390
80398
80399
80406
80405
80411
80412
80428
80429
80433
80432
80436
80437
80442
80441
80459
80460
80467
80461
80443
80444
79509
80445
80446
80447
80448
80449
80450
80451
80452
80453
80454
80430
80434
80438
80455
80462
80469
80468
80485
80484
80483
80502
80501
80500
80499
80482
80481
80498
80497
80480
80479
80478
80496
80495
80477
80494
79513
80493
80476
80475
80474
80473
80466
80465
80464
79246
80458
79245
80440
80435
80431
79244
80427
79243
80410
79242
80404
79241
80397
79240
80389
79239
80381
79238
80375
85727
84147
84166
84185
84184
84203
84204
84208
84212
85728
85729
84216
85730
84220
84224
85731
85732
84228
84227
84223
84219
84215
84211
84207
83298
84202
84201
84181
84200
84199
84180
84179
84198
84197
84178
84159
84158
84157
84177
84196
84195
84176
84175
84174
84194
84193
84192
84173
84172
84191
84190
84171
84170
84189
84188
84169
84168
83296
83297
84187
84206
84210
84214
84218
84222
84226
84230
83300
84234
83301
84235
84236
84237
84238
84239
84240
84241
84242
84243
84244
84245
84246
84247
84248
84249
84250
83299
84231
84232
84251
85733
80488
80471
80472
80489
80490
80491
80492
80516
80515
80508
80507
80514
80522
80529
79515
80521
80513
80506
80505
79247
80512
79248
80520
79249
80528
79250
80545
79516
80546
80564
80581
80589
80590
80598
80597
80596
80588
80580
80563
80562
79251
80579
79252
80587
79253
80595
80603
79254
80619
80620
80604
80605
80621
80638
80639
80663
80664
80665
80666
80667
80668
80669
80670
80671
80672
80673
80656
79524
80650
80633
80632
80631
80649
80648
80630
80615
80614
80629
80647
80646
80628
80613
80612
80627
80645
80644
80626
80643
80625
80611
80610
80609
80624
80642
79523
80641
80640
80622
79521
80606
80607
80623
80608
80599
80591
80583
80582
80565
80566
80548
80547
80530
80523
80524
80531
80532
80549
80567
80568
80569
80551
80550
80533
80534
80535
80552
80570
80571
80572
80554
80553
80536
80537
80538
80555
80573
80574
80575
80556
80539
80540
80557
80558
80576
80584
80592
80593
80585
80577
80578
80586
80594
80602
80601
80600
79520
80616
80617
80634
79522
80651
80658
80657
79525
80674
80675
80682
80689
80696
80703
80710
80717
80716
80709
80702
80695
80688
80681
80680
80687
80694
80701
80708
80715
80722
80729
80736
80743
80758
80759
80760
80777
80776
80775
80774
80791
80790
80773
80757
80756
80755
80754
80771
80772
80789
80788
80787
80786
80769
80770
80753
80752
80751
80750
80767
80768
80785
80784
79529
80766
80749
80748
79528
80765
80783
80782
80799
80798
80781
80764
80747
80740
80741
79527
80742
80734
80733
80726
80719
80712
80713
80720
80727
80735
80728
80721
80714
80707
80700
80693
80686
80679
80678
80677
80661
80662
80655
80654
80637
80636
80653
80660
79255
80676
79256
80683
79257
80690
79258
80697
80698
80691
80684
80685
80692
80699
80706
80705
79259
80704
79260
80711
79261
80718
79262
80725
79263
80732
79264
80739
79265
80746
79266
80763
79267
80780
79268
80797
79269
80806
79270
80814
80815
80807
80808
80809
80800
80801
80810
80817
80816
79532
80833
80841
80840
80854
79536
80878
80886
80894
80902
80901
79274
80893
79273
80885
79272
80877
79271
80870
80853
80838
80839
80832
80831
85753
85754
84453
84458
85755
85756
84463
84467
84466
83311
84461
84462
84457
84452
84451
84456
84481
84482
84483
84502
84503
84504
84484
84485
84486
84505
84524
85757
84527
84530
84529
83315
84526
84523
84522
84521
84520
84501
84500
84519
84518
84517
84498
84499
84480
84479
84478
84497
84496
84477
84476
84495
84516
84515
84514
84513
84494
84475
84474
84473
84472
84471
84450
84455
84460
84465
83312
84469
84470
84489
84490
84491
84492
84493
84512
84511
84510
84509
84508
84507
84488
83313
83314
83318
84542
84561
84566
84565
83058
84560
83057
84541
83056
84537
83055
84534
83054
84531
83053
84528
83052
84525
83051
84506
83050
84487
83049
84468
83048
84464
83047
84459
83046
84454
83045
84449
83044
84430
84426
83043
84427
84431
84432
84433
84434
84435
84436
84437
84438
84439
84440
84441
84442
84443
84444
84445
84446
84447
83309
83308
83307
84420
84424
84428
84448
83310
84429
84425
84421
84417
85752
84414
85751
85750
84411
84408
85749
85748
84405
84402
85747
85746
84399
84396
85745
85744
84393
84390
85743
85742
84387
84384
85741
85740
85739
85738
85737
84381
84380
84379
84378
84377
84376
84375
84374
84373
84372
84371
84370
84369
84368
84367
84366
84365
84364
84383
84386
84389
84392
84395
84398
84401
84404
84407
84410
84413
84416
84419
84423
84422
83042
84418
83041
84415
83040
84412
83039
84409
83038
84406
83037
84403
83036
84400
83035
84397
83034
84394
83033
84391
83032
84388
83031
84385
83030
84382
83029
84363
84361
83028
84362
84360
84358
84356
83027
84359
84357
83026
84355
83025
83024
83023
83022
84332
84334
84336
84337
84338
84339
84340
84341
84342
84343
84344
84345
84346
84347
84348
84349
84350
84351
84352
84353
83306
84354
84335
83305
83304
84333
84331
83303
84328
84325
84329
85736
84326
84307
84306
84287
84288
84269
84268
84264
84265
85735
85734
84260
84255
84254
84253
84259
84258
84263
83302
84286
84305
84324
84323
84322
84303
84304
84285
84284
84283
84282
84301
84302
84321
84320
84319
84300
84281
84280
84299
84318
84317
84316
84315
84296
84297
84298
84279
84278
84277
84276
84295
84314
84313
84312
84311
84292
84293
84294
84275
84274
84273
84272
84291
84310
84309
84308
84327
84330
83021
83020
83019
83018
84289
84290
84271
84270
83017
84266
83016
84267
84262
84257
84261
83015
84256
83014
84252
84233
83013
84229
83012
84225
83011
84221
83010
84217
83009
84213
83008
84209
83007
84205
83006
84186
83005
84167
83004
84148
83003
84144
83002
84125
83001
84106
83000
84087
82999
84068
84064
82998
84060
82997
84056
82996
84052
82995
84048
82994
84044
82993
84040
82992
84037
82991
84034
82990
84031
82989
84028
82988
84024
82987
84020
82986
84016
82985
84012
82984
84013
84017
84021
84025
84029
84032
84035
84038
84041
84045
84049
84053
84057
84061
84065
84070
84069
83292
84088
84107
83293
83294
84126
83295
84149
84150
84151
84152
84153
84154
84155
84156
84134
84115
84116
84135
84136
84160
84161
84162
84163
84182
84183
84164
84165
84146
84145
84141
84142
84143
84124
84123
84122
84140
84139
84121
84120
84100
84119
84138
84137
84118
84117
84098
84097
84096
84095
84094
84113
84114
84133
84132
84131
84112
84111
84091
84110
84130
84129
84128
84127
84108
84109
84090
84089
84071
84072
84073
84074
84092
84093
84075
84076
84077
84078
84079
84080
84099
84081
84082
84083
84101
84102
84084
84085
84103
84104
84105
84086
83291
85726
84067
84063
84059
84055
85725
85724
84047
84051
83287
83288
83289
83290
84066
84062
84058
84054
84050
84046
83286
84042
84043
84039
85723
84036
83285
83284
84033
84030
83283
84026
84022
84023
84027
85722
85721
84019
85720
85719
84015
84018
84014
84010
84011
85718
85717
84008
84007
84004
84005
85716
85715
85714
85713
85712
85711
83990
83993
83996
83999
84002
84001
83998
83995
83992
83989
83986
83983
83987
85710
85709
83984
83981
83978
83977
83980
83281
83280
83974
83975
83972
83971
83952
83947
83948
83953
85708
85707
85706
83943
83942
83938
83937
83941
83946
83951
83970
83279
83969
83968
83967
83966
83965
83964
83963
83962
83961
83960
83959
83958
83957
83956
83955
83945
83950
83954
83973
83976
83979
83982
83985
83988
83991
83994
83997
84000
84003
84006
83282
84009
82983
82982
82981
82980
82979
82978
82977
82976
82975
82974
82973
82972
82971
83949
82970
83944
82969
83940
83936
82968
83917
82967
82966
83898
83879
82965
82964
82963
83857
83277
83861
83880
83899
83918
83278
83919
83920
83901
83921
83922
83903
83902
83883
83882
83900
83881
83862
83863
83864
83865
83884
83885
83904
83923
83924
83925
83926
83907
83906
83905
83886
83887
83888
83889
83890
83908
83927
83909
83928
83929
83930
83910
83891
83892
83911
83912
83931
83932
83933
83934
83939
85705
83935
83916
83915
83914
83913
83896
83897
83878
83877
83859
83860
85704
85703
80046
80045
85702
83852
83851
83847
83850
83854
83855
83856
83858
83876
83895
83894
83893
83875
83874
83873
83872
83871
83870
83869
83868
83867
83866
83835
83797
83796
83814
83795
83794
83813
83816
83815
83834
83833
83832
83831
83812
83793
83792
83791
83790
83809
83808
82958
82959
83827
83846
82960
82961
83849
83853
82962
83828
83829
83830
83811
83810
83768
83769
83749
83748
83750
83770
83771
83751
83752
83772
83773
83774
83775
83776
83779
83780
83784
83783
83787
83805
83824
83825
83826
83845
83276
83848
83844
83843
83842
83823
83822
83841
83840
83839
83838
83819
83818
83837
83836
83817
83798
83799
83800
83801
83820
83821
83802
83803
83804
83806
83807
83788
85701
85700
85699
83275
83758
83739
85698
85697
83736
83733
83273
83730
83727
83724
83721
83718
83717
83720
83723
83726
83729
83732
83735
83738
83756
83757
83755
83754
83753
83272
83271
83270
85696
85695
85694
85693
83269
83706
85692
85691
83702
83698
83268
83267
83695
85690
83266
83265
83264
83701
83712
83715
83714
83711
83708
83709
83705
83704
83700
83697
83694
83693
83692
83691
83690
83689
83688
83687
83686
83685
83684
83683
83682
83681
83680
83679
83762
83747
83767
83766
83765
83746
83745
83744
83764
83763
83743
83742
83741
83274
83761
83760
83778
83782
83786
83789
82957
83785
82956
83781
82955
83777
82954
83759
83740
82953
83737
82952
83734
82951
83731
82950
83728
82949
83725
82948
83722
82947
83719
82946
83716
82945
83713
82944
83710
82943
83707
82942
83703
82941
83699
82940
83696
82939
83678
83677
82938
83676
82937
83675
82936
83674
82935
83673
82934
83671
82933
83669
82932
83667
82931
83665
82930
83663
82929
83661
82928
83659
82927
83657
82926
83655
82925
83653
82924
83262
82923
82922
82921
82920
82919
83628
82918
82917
83609
83610
83629
83630
83611
83631
83612
83594
83575
83556
83557
83576
83595
83614
83613
83632
83633
83634
83635
83636
83637
83638
83619
83600
83581
83580
83599
83618
83617
83598
83579
83578
83597
83616
83615
83596
83577
83558
83559
83560
83561
83562
83543
83542
83523
83524
83525
83506
83507
83508
83527
83526
83546
83565
83584
83583
83564
83545
83544
83563
83582
83601
83602
83621
83620
83639
83640
83641
83642
83622
83603
83604
83623
83624
83643
83644
83625
83606
83605
83585
83566
83547
83548
83567
83586
83587
83588
83589
83608
83627
83607
83626
83645
83646
83647
85673
85674
83648
83649
85675
85676
83650
83651
85677
85678
83652
83654
85679
85680
83656
83658
85681
85682
83660
83662
85683
85684
83664
83666
85685
85686
83668
83670
85687
85688
83672
83263
85689
79867
79184
79885
79185
79887
79186
79890
79187
79893
79896
79188
79913
79914
79897
79894
79891
79888
79886
79868
79869
79870
79871
79872
79873
79874
79875
79876
79877
79878
79879
79880
79881
79882
79883
79889
79892
79895
79912
79911
79910
79909
79908
79907
79906
79905
79904
79903
79902
79901
79900
79899
79898
79461
79463
79915
79916
79189
79917
79918
79921
79466
79190
79920
79191
79923
79192
79940
79193
79957
79194
79960
79195
79963
79196
79966
79197
79969
79972
79990
79198
80008
79199
80012
79200
80015
79201
80019
79202
80023
80024
80020
80016
80013
80009
79991
79992
79993
79994
79995
79996
79997
79979
79978
79977
79976
79975
79974
79973
79970
79967
79964
79961
79958
79467
79941
79942
79924
79925
79926
79943
79944
79927
79928
79945
79946
79947
79929
79930
79931
79948
79949
79950
79932
79933
79934
79951
79952
79935
79936
79937
79953
79954
79959
79962
79965
79968
79472
79988
79987
79986
79985
79984
79983
79982
79981
79980
79998
79999
80000
80001
80002
80003
80004
80014
80017
80021
80022
80026
80042
80041
80025
80040
80039
80038
80037
80036
80035
80034
80033
80032
80031
80030
80029
79476
80028
79203
80027
79204
80044
79205
80049
80050
80051
80052
79478
80053
80054
80055
80056
80057
80058
80059
80060
80061
80062
80063
79479
80068
80084
80085
80069
80065
80064
80047
80048
79477
80043
82713
82712
80018
79475
79474
80011
80010
79473
80005
80006
80007
79989
79971
79471
79470
79469
79468
79956
79955
79938
79939
79922
79465
79919
82711
79464
79462
79460
82710
82709
82708
82707
79459
79884
82706
82705
82704
82703
82702
82701
82700
82699
82698
79458
79846
82697
79457
79456
79455
79454
79453
79819
79452
79835
79834
79833
79832
79831
79830
79829
79828
79827
79826
79825
79824
79823
79822
79821
79837
79839
79841
79843
79845
79848
79850
79852
79854
79856
79858
79860
79862
79864
79866
79865
79183
79863
79182
79861
79181
79859
79180
79857
79179
79855
79178
79853
79177
79851
79176
79849
79175
79847
79174
79844
79173
79842
79172
79840
79171
79838
79170
79836
79169
79820
79817
79168
79818
79816
79813
79815
79167
79812
79166
79795
79165
79791
79164
79787
79163
79783
79162
79780
79161
79777
79160
79774
79775
79758
79757
79159
79753
79158
79754
79737
79734
79733
79717
79718
79719
79716
79157
79156
79681
79699
79682
79683
79700
79701
79684
79685
79702
79703
79704
79705
79706
79725
79724
79723
79722
79721
79720
79445
79738
79739
79740
79741
79742
79743
79744
79745
79746
79747
79748
79749
79750
79751
79771
79770
79769
79768
79767
79766
79765
79764
79763
79762
79761
79760
79447
79759
79755
79446
79779
79778
79781
79784
79782
79785
79789
79788
79792
79796
79793
79450
79797
79798
79799
79800
79801
79802
79803
79804
79805
79806
79807
79808
79809
79810
79814
79451
82696
79811
79794
82695
82694
79790
79786
82693
79449
82692
74615
74018
74631
74274
74275
74632
74633
74639
74655
74656
74663
74662
74661
74654
74019
74020
74021
74668
74669
74670
74671
74672
74673
74674
74675
74676
74677
74678
74679
74689
74680
74664
74657
74658
74659
74666
74665
74681
74690
74706
74705
74704
74703
74702
74701
74700
74699
74698
74697
74688
74687
74686
74694
74693
74022
74685
74023
74024
74025
74026
74732
74027
74741
74028
74750
74029
74759
74030
74776
74777
74768
74278
74760
74751
74742
74733
74724
74277
74717
74710
74711
74695
74696
74712
74719
74718
74725
74734
74726
74735
74744
74743
74752
74753
74762
74761
74769
74778
74770
74779
74279
74811
74810
74809
74797
74796
74788
74787
74786
74785
74031
74794
74804
74032
74821
74837
74838
74839
74840
74823
74822
74805
74795
74806
74807
74808
74282
74824
74841
74854
74855
74842
74825
74826
74283
74827
74812
74813
74828
74829
74284
74843
74861
74285
74874
74886
74899
74887
74875
74863
74864
74846
74833
74834
74847
74865
74877
74876
74888
74889
74890
74878
74866
74848
74835
74820
74803
74793
74792
74802
74819
74281
74818
74817
74832
74845
74862
74844
74831
74830
74814
74815
74816
74798
74799
74800
74801
74791
74782
74783
74774
74773
74772
74781
74790
74789
74280
74780
74771
74763
74754
74755
74764
74765
74766
74757
74756
74747
74738
74746
74745
74737
74736
74727
74720
74713
74714
74715
74721
74728
74729
74722
74276
74723
74730
74731
78922
78923
74740
74739
74748
74749
78924
78925
74758
74767
78926
78927
74775
78928
74784
78929
78930
74836
74849
74867
74879
74891
74902
74903
78931
74916
74928
74940
78932
74953
74969
74979
74978
74987
74977
74976
74986
74996
74997
74292
74998
74988
74989
78933
78934
74999
75008
75023
75032
78935
78936
75041
75050
74294
75058
75057
75048
75049
75040
75031
75022
75007
75021
75020
75006
75005
74995
74985
74975
74291
74964
74290
74947
74948
74949
74965
74966
74967
74968
74952
74951
74950
74938
74937
74925
74926
74927
74939
74289
74288
74915
74914
74901
74900
74913
74912
74911
74898
74287
74286
74873
74860
74859
74858
74857
74856
74872
74884
74885
74897
74909
74910
74924
74936
74935
74923
74922
74934
74946
74963
74962
74961
74960
74945
74933
74921
74908
74896
74895
74883
74871
74870
74853
74852
74869
74851
74850
74033
74868
74034
74880
74035
74892
74036
74904
74037
74917
74038
74929
74039
74941
74930
74931
74919
74918
74905
74893
74881
74882
74894
74906
74907
74920
74932
74944
74958
74959
74974
74984
74994
75004
74293
75013
75014
75015
75016
75017
75018
75019
75029
75030
75039
75038
75047
75056
75067
75077
75078
75068
75069
75079
75089
75106
75107
75118
75129
75117
75105
75088
75087
75104
75103
75102
75101
75100
75099
75098
75114
75097
75086
75085
75096
75084
75083
75073
75065
75074
75075
75076
75066
74296
75055
74295
75046
75037
75028
75045
75044
75043
75034
75025
75026
75035
75036
75027
75012
75003
75011
75010
75001
75002
74991
74981
74971
74972
74982
74992
74993
74983
74973
74957
74943
74942
74956
74955
74954
74040
74970
74041
74980
74042
74990
74043
75000
74044
75009
74045
75024
74046
75033
74047
75042
75051
75061
74048
75071
75081
74049
75062
75052
75053
75054
75064
75063
75072
75082
75092
75093
75110
75111
75094
75095
75112
75113
75125
75136
75135
75124
75123
75122
75121
75132
75133
75134
75144
75160
75171
75172
75183
75184
75173
75174
75185
75196
75197
75198
75199
75200
75211
75224
74306
75240
75253
75252
75266
75267
75281
75282
75283
75284
75299
75298
75297
75296
75295
75280
74311
75239
75238
75237
75222
75235
75250
75249
75233
75234
75221
75220
75219
75206
74304
75192
75191
75190
75180
74055
75169
74054
75158
74053
75141
75131
74052
75120
74051
75109
74050
75091
82714
82715
79482
80109
80105
80102
80101
80083
80082
80100
80099
80081
80080
80079
80078
80098
80097
80096
80095
80077
80076
80094
80093
80075
80074
80092
80091
80090
80073
80072
79480
80071
80067
80066
80070
80086
80087
79481
80103
80104
80088
80089
80108
80107
79206
80106
79207
80110
79208
80115
79209
80120
80121
80116
80111
80112
80117
80122
80126
80127
80128
80129
80130
80131
80132
80133
80134
80150
80149
80148
80147
80146
80145
80144
80143
80142
79486
80157
79488
80160
80164
80168
80167
80163
80141
80125
80124
80140
80156
80159
79210
80162
79211
80166
79212
80169
79213
80172
80175
79214
80192
79215
80196
79216
80200
79217
80204
79218
80208
79219
80212
79220
80216
79221
80220
79222
80224
79223
80228
79224
80232
79225
80236
79226
80240
79227
80244
79228
80248
79229
80252
80256
79230
80272
80288
80305
79231
80322
79232
80327
79233
80332
79234
80337
80342
79235
80358
79236
80363
79237
80369
80370
80364
80359
80343
80338
80333
80328
80323
80306
80289
80273
80257
80253
80254
80250
80249
80245
80241
80237
80233
80246
80242
80238
80234
80230
80226
80229
80225
80221
80217
80222
80218
80214
80213
80209
80210
80206
80202
80198
80205
80201
80197
80193
80194
80177
80176
80173
80170
80171
80174
80178
80179
80180
80181
80182
80183
80184
80185
80186
80187
80188
80189
80190
80191
80195
82722
82721
82720
82719
82718
80165
79490
80161
80158
80155
80154
80153
80152
80151
80135
80136
80137
80138
80139
80123
80118
80113
80114
82716
82717
80119
79483
79484
79485
79487
79489
75303
74060
75288
74059
75273
74058
75259
74057
75246
75230
75217
74056
75205
75218
75232
75231
75247
75248
75261
75260
75274
75289
75290
75275
75262
75276
75291
75292
75293
75308
75307
75322
75323
75338
75337
75321
75306
75305
75320
75319
75304
74061
75318
74062
75333
74063
75347
74064
75362
74065
75377
74066
75392
75393
74315
75407
75408
75394
75379
75380
75365
75378
75363
75364
75349
75348
75334
75335
75336
75350
75351
75366
75381
75382
75397
75396
75395
75409
75425
75424
75439
75440
75456
75457
75458
75459
75475
75490
75506
75522
75523
75524
75525
75526
75541
75555
75568
75569
75584
75585
75556
75542
75527
75509
75508
75492
75493
75477
75461
75462
75478
75479
75463
75464
75480
75495
75494
75510
75511
74319
75528
75529
75512
75496
75497
75483
75498
75514
75513
75530
75545
75546
75531
75532
78956
78955
75515
75499
78954
78953
75484
75468
78952
78951
75452
75436
75435
75451
75467
75466
75482
75481
75465
75449
75450
75434
75433
75418
75417
75416
75431
75432
75448
75447
75446
75445
75429
75430
75415
75414
74317
74316
75413
75399
75384
75369
75354
75340
75341
75326
75325
75310
75311
75312
75327
75342
75355
75370
75371
75356
74313
75343
75357
75373
75372
75387
75386
75385
75400
75401
75402
75403
75388
75389
75404
75405
75419
75420
75421
78950
75406
74314
75391
78949
78948
75376
75361
75360
75375
75390
75374
75358
75359
75345
75344
75329
75328
75313
75314
75315
75300
75285
75286
75271
75270
75269
75268
74310
74309
75254
75241
74307
74305
75225
75212
75213
75226
75227
75228
75215
75214
75201
74302
75186
75175
75164
75165
75176
75177
75178
74301
75189
75179
78943
75168
78942
78941
75157
75156
75140
74299
75130
78940
78939
75119
75108
75090
74298
75080
78938
75070
74297
75059
75060
78937
69433
68246
69449
69450
69434
69435
69451
69452
69436
69423
69422
69406
69405
69421
69420
68245
69404
69389
69390
69391
69392
69407
69408
69393
68435
69380
69411
69410
69409
69425
69424
69437
69438
69453
69469
69487
69486
69497
68441
69498
69499
69516
69515
68442
69531
69549
69550
69532
69533
69551
69563
69581
69582
69597
69596
68445
69580
69562
69561
69579
68444
69595
69612
69621
68447
69611
69610
69609
69620
69636
69644
69653
69652
69643
69635
68448
69619
69618
69608
69592
69593
69594
69577
69578
69560
69548
69547
69559
69576
69575
69558
69546
69529
69530
69514
69513
69496
69485
69468
69467
69466
68247
69483
69484
69495
69494
68248
69512
68249
69528
68250
69545
69557
69574
69591
68251
69607
68252
69617
69634
68253
69642
68254
69651
68255
69661
68256
69672
68257
69689
69690
69707
69706
69718
69734
68258
69745
68259
69762
69763
69746
69747
69735
68458
69719
68456
69708
69691
69673
68452
69662
69663
69676
69664
69654
69645
69637
69622
69623
69624
69625
69626
69627
69628
69613
69601
69600
69599
69598
69583
69584
69585
69586
69587
69602
68446
69614
69630
68449
69639
69631
69632
69640
69649
69659
69670
69687
69686
69669
69658
69648
69647
69657
69668
69685
69702
69714
68455
69701
69700
69683
69684
69667
69656
68450
69629
69638
69646
68451
69655
69666
69665
69682
69699
69712
69713
69728
69729
69740
69739
69727
69726
69725
69724
69723
69722
69721
68457
69710
69711
68454
69695
69696
69697
69698
69681
69680
69679
69678
69677
69694
69693
68453
69675
69674
69692
69709
69720
69736
69748
68459
69749
69737
69738
69750
69767
69766
68460
68462
69782
69783
69784
69800
69799
69816
69817
69818
69819
69801
69785
69769
69768
69751
69752
69753
69754
69755
69756
69757
69773
69789
69806
69807
69808
69809
69826
69838
69837
69825
69824
69823
69805
69804
69788
69772
69771
69770
69787
69786
69802
69803
69820
69821
69822
69835
69834
69849
69848
69847
69846
69833
69832
69831
68467
69844
69861
69845
69862
69874
69873
69885
69886
69897
69909
68469
69910
68470
69922
69933
68471
69943
69944
69961
69960
69959
69975
69974
69973
69958
69957
69956
69972
69971
69955
69954
69970
69969
69953
69952
68474
69985
69984
69968
68473
68472
69942
69932
69921
69908
69896
69884
69872
69860
69843
69830
69829
69842
69859
69858
69870
69871
69883
69894
69895
69907
69906
69919
69920
69931
69941
69951
69950
69940
69930
69918
69917
69929
69939
69949
69966
69967
69983
69992
69982
69991
70001
70002
70012
70011
70021
70038
70055
70054
70071
70072
68479
70056
68480
70073
70082
70081
70080
70079
70087
70088
68484
70095
68486
70103
70104
70113
70114
70105
70106
70098
70097
70096
70089
70090
70091
70083
70074
70057
70042
70041
70040
70039
70022
68476
70023
70013
70003
69993
69994
70004
70014
70024
70025
70026
70043
70058
70059
70044
70045
70060
70061
70046
70027
70028
70029
70030
70031
70049
70048
70047
70062
70063
70064
70065
70066
68481
70067
70075
70076
70068
70051
68478
70034
70033
68477
70050
70032
70015
70005
69995
69996
69986
68475
69976
69977
69978
69962
69945
69935
69934
69924
69923
69911
69899
69898
69887
69888
69876
69875
69863
69850
69851
69864
69852
69836
69853
69865
69877
69889
69878
69890
69891
69892
73833
73832
69880
69879
69867
69866
69854
69855
69856
69868
73831
69839
73830
69827
69810
69794
69793
69792
69791
69790
69774
69775
69758
69741
69730
69731
69742
69759
69776
69777
69778
69761
69760
69743
69744
73829
69733
69732
69716
69715
69703
69704
69717
69705
69688
69671
73828
69660
69650
69641
69633
69616
69615
69606
69590
69589
69605
69604
69603
69588
69570
69569
69568
69567
69566
69565
69564
69536
69537
69538
69522
69505
69504
69521
69520
69519
69535
69534
69518
69517
69500
69501
69502
69503
69474
69473
69472
69471
69489
69488
69470
69454
68439
69439
69440
69455
69456
69457
69441
69442
69443
69458
69459
69444
69426
68438
69414
69415
69397
69398
69416
69427
69428
69429
69417
69430
69446
69447
69431
69418
68437
69402
69401
69386
69372
69356
68432
69341
69342
69343
69357
69374
69373
69387
69388
69403
73827
69419
69432
69448
69465
69482
69493
69492
69481
69464
69463
69480
69491
68440
69479
69490
69478
69462
69445
69461
69460
69477
69476
69475
69506
69523
69524
69507
69508
69509
69525
69542
69541
69540
69539
68443
69552
69553
69554
69571
69572
69573
69556
69544
69555
69543
69526
69510
69511
69527
63864
63882
63900
63916
63933
63934
63935
63950
63936
63920
63921
63905
63906
63907
63923
63924
63941
63940
63922
63939
63938
63937
63952
63951
63959
63976
63960
63961
63953
63962
63963
63964
63965
63966
63967
63968
63969
63954
63955
63970
63971
63972
62798
63981
63973
63956
62796
62795
62794
63931
63930
63929
63946
63945
63944
63927
63928
63912
63894
63893
63875
63859
63876
63877
63895
63913
63914
63896
63878
63860
62791
63843
63844
63845
63861
63880
63879
63897
63898
62792
63915
62793
63932
63947
68016
63899
63881
63863
63862
63846
63847
63830
68015
68014
63819
63808
63807
63818
63817
63829
63828
63827
63826
63815
63814
63825
63842
63841
63840
63839
63857
63858
63874
63892
63910
63911
63926
63943
63942
63925
63909
63908
63890
63891
63873
63872
63856
63838
63837
63855
63871
63889
63888
63887
63904
63903
63919
63918
63917
63901
63902
63884
63883
63865
63866
63867
63885
63886
63853
63812
63795
63785
63769
63770
63771
63772
63773
63756
63755
63754
63753
63752
63742
63732
63722
63712
63698
63697
63696
63695
63694
63711
63721
63720
63731
63741
63749
63750
63751
63768
63767
63766
63783
63784
63794
63793
62789
63782
63765
63748
63739
63740
63730
63729
63719
63709
63710
63693
62785
63683
63673
63663
63653
63644
63643
63599
63600
63610
63645
63654
63664
63674
63684
63685
63675
63665
63655
63646
62783
63629
63630
63631
63614
63613
63612
63602
63584
63568
63567
63566
63565
63564
63553
62778
63544
62777
63545
63546
63537
63536
63526
63527
63516
63517
63506
63496
63495
63505
63504
63494
63493
63482
63481
63470
63471
63460
63448
62573
73816
69012
69011
69010
69018
69026
69035
69027
69019
69020
69028
73817
69037
69036
69047
69059
69060
69048
73818
73819
69072
69084
73820
73821
69095
73822
69107
69119
69132
73823
73824
69166
69184
69202
73825
69218
69183
69201
69217
69216
69215
69228
69229
69230
69242
68421
73826
69255
69271
69287
69303
69302
69301
69300
68427
69314
69315
69316
69329
69328
69327
68428
69326
69313
69312
69311
69324
69325
69338
69353
69354
69339
69340
69355
69371
69385
69400
69399
69384
69370
69369
69383
68434
69368
69352
69351
69337
68430
68429
68431
69365
69366
69367
69382
69396
69395
69413
69412
69394
68436
69381
69364
68433
69350
69349
69363
69379
69378
69377
69360
69345
69359
69376
69375
68244
69358
68243
69344
69330
69331
69332
69346
69347
69361
69362
69348
69334
69333
69320
69319
69318
69317
68242
69304
68241
69305
69306
69307
69308
69321
69335
69336
69323
69322
69309
69310
69292
69291
69290
68425
69274
69275
69259
69247
69258
69257
69273
69289
69288
69272
68240
69256
68239
69243
69244
69245
69246
69233
69221
69220
69232
69231
68238
69219
68237
69204
69203
68236
69185
69167
69150
69133
69134
69151
69135
69122
69121
69120
68235
69108
68234
69096
68233
69097
69109
69110
69098
69086
69085
68418
69074
69075
69076
69077
69088
69087
69099
69100
69112
69111
69124
69123
69136
69137
69138
69154
69153
69152
69170
69169
69168
69186
69187
69188
69205
69206
69222
69234
69235
69248
69260
69276
68426
69293
69277
68424
68423
69261
69278
69294
69279
69295
69296
69297
69281
69282
69298
69299
69284
69283
69267
69266
69250
69251
69252
69268
69269
69285
69286
69270
69254
69253
69241
69240
69239
69238
69237
69249
69265
69280
69264
69263
69262
68422
69236
69223
69224
69208
69209
69193
69175
69176
69177
69159
69160
69161
69162
69180
69179
69178
69197
69196
69195
69194
69210
69211
69225
69212
69213
69226
69227
69214
69198
69199
69200
69182
69181
69163
69147
69148
69164
69165
69149
69131
69118
69117
69130
69129
69146
69145
69144
69143
69142
69158
69157
69141
69140
69156
69174
69192
69191
69207
68420
69190
69189
69171
69172
69173
69155
69139
69125
69113
69101
69089
69078
69066
69054
69043
68416
69067
69079
69090
69102
69114
68419
69126
69127
69128
69115
69116
69104
69103
69091
69092
69093
69105
69106
69094
69083
69071
69070
69082
69081
69080
69068
69069
69057
69058
69046
68417
69034
69045
69056
69055
69044
69033
68414
69025
69016
69017
69009
69008
68992
68974
68958
68957
68972
68973
68991
69007
69006
68990
68989
68971
68956
68955
68954
68953
68952
68408
68921
68920
68903
68904
68905
68922
68923
68906
68890
68891
68892
68909
68908
68907
68924
68925
68926
68927
68928
68929
68930
68913
68912
68895
68911
68910
68893
68894
68877
68876
68860
68859
68858
68875
68874
68857
68856
68855
68873
68872
68889
68888
68871
68854
68853
68852
68851
68869
68870
68887
68886
68885
68868
68867
68404
68405
68884
68902
68919
68407
68901
68406
68900
68883
68866
68849
68843
68844
68403
68850
68845
68839
68838
68837
68820
68821
68400
68822
68823
68824
68825
68826
68827
68828
68829
68830
68831
68832
68833
68840
68846
68862
68861
68878
68879
68896
68897
68914
68931
68937
68936
68943
68944
68960
68959
68409
68975
68976
68411
68993
68994
68977
68995
73815
68978
68961
73814
73813
68945
68938
73812
68932
68915
68898
68881
68864
68880
68863
68402
68847
68841
68401
68834
68835
68818
68813
68797
68397
68817
68399
68812
68811
68810
68809
68808
68807
68806
68805
68804
68803
68802
68801
68800
68398
68796
68799
68816
68815
68217
68798
68216
68795
68215
68792
68214
68793
68775
68213
68212
68741
68211
68210
68209
68743
68742
68395
68759
68776
68777
68778
68779
68780
68781
68764
68763
68762
68761
68760
68744
68745
68746
68747
68748
68749
68765
68782
68783
68784
68785
68768
68767
68766
68750
68751
68752
68753
68769
68786
68787
68770
68754
68755
68771
68788
68789
68790
68396
68794
68791
68774
68773
68772
68756
68757
68758
68740
73811
68739
73810
73809
68738
68737
68736
68735
68734
68733
68732
68731
68730
68729
68728
68727
68726
68725
68724
68723
68722
68208
68721
68207
68720
68206
68719
68205
68718
68204
68717
68203
68716
68202
68715
68201
68714
68200
68713
68199
68712
68198
68711
68197
68710
68196
68709
68195
68708
68194
68707
68193
68706
68192
78884
74475
78885
74476
74477
78886
78887
74478
74479
78888
78889
74480
74481
78890
78891
74482
74483
78892
78893
74484
74485
78894
78895
74486
74487
78896
78897
74488
74489
78898
78899
74490
74491
78900
78901
74492
74493
78902
78903
74494
74510
74511
74515
78904
78905
74518
74521
78906
78907
74536
74542
78908
78909
68814
68218
68819
68219
68836
68220
68842
68221
68848
68222
68865
68223
68882
68224
68899
68225
68916
68226
68933
68934
68917
68918
68935
68941
68942
68949
68950
68951
68966
68984
68985
68967
68968
68969
68970
68988
69005
69004
69003
68987
68986
69002
69001
69000
68999
68413
69015
69024
69023
69022
69030
69040
69050
69051
69052
69041
69031
69032
69042
69053
69065
69064
69063
69062
69073
68232
69061
68231
69049
68230
69038
69039
69029
68415
69021
68229
69013
69014
68998
68412
68981
68982
68983
68965
68964
68410
68948
68947
68940
68939
68946
68227
68962
68963
68980
68997
68996
68228
68979
78920
74692
78921
74716
74709
74708
74707
74691
74682
74683
74684
74667
78919
78918
74660
74652
74653
74638
78917
78916
74630
74614
78915
78914
74598
74591
78913
78912
74584
74569
78911
78910
74554
74547
74546
74553
74568
74269
74270
74583
74590
74597
74272
74613
74273
74629
74637
74651
74650
74636
74635
74649
74648
74647
74646
74645
74644
74643
74642
74641
74640
74634
74619
74618
74602
74601
74617
74616
74600
74599
74592
74585
74017
74570
74571
74556
74557
74558
74572
74593
74594
74586
74587
74573
74574
74588
74271
74595
74603
74604
74620
74621
74605
74606
74622
74623
74607
74608
74624
74625
74609
74610
74626
74627
74628
74611
74612
74596
74589
74582
74581
74580
74579
74578
74563
74564
74565
74566
74567
74552
74545
74540
74541
74535
74265
74520
74517
74514
74509
74508
74507
74506
74505
74504
74503
74502
74501
74500
74499
74264
74498
74497
74496
74513
74516
74519
74524
74525
74526
74266
74527
74528
74529
74530
74531
74532
74533
74534
74268
74561
74562
74577
74576
74575
74560
74559
74551
74544
74543
74550
74549
74555
74548
74537
74538
74267
74539
74523
74522
74016
74015
74512
74495
74014
74013
74012
74011
74010
74009
74008
74007
74006
74005
74004
74003
74002
74001
74000
73999
73998
73997
73996
73995
82668
82669
82670
82671
82672
82673
82674
82675
82676
82677
82678
82679
82680
82681
82682
82683
82684
82685
82686
82687
79698
79697
79696
79695
79694
79711
79712
79713
79714
79715
82688
79444
82689
79736
82690
82691
79773
79776
79448
79772
79756
79752
79735
79732
79731
79730
79729
79728
79727
79726
79709
79710
79693
79692
79691
79708
79707
79690
79689
79688
79687
79686
79441
79442
79443
79680
79679
79155
79678
79677
79676
79675
79154
79674
79153
79673
79152
79672
79151
79671
79150
79670
79149
79669
79148
79668
79147
79667
79146
79666
79145
79665
79144
79664
79143
79663
79142
79662
79141
79661
79140
79660
79139
85648
83397
83398
85649
85650
83399
83400
85651
85652
83401
83402
85653
85654
83403
83404
85655
85656
83405
83406
85657
85658
83407
83408
85659
85660
83409
83410
85661
85662
83411
83412
85663
85664
83413
83414
85665
85666
83415
83434
83433
83432
83431
83430
83429
83428
83447
83448
83449
83450
83451
83452
83453
85667
83456
83459
85668
85669
83462
83465
85670
85671
83468
83471
83259
83261
83473
85672
83475
83494
83513
83532
83512
83493
83492
83511
83531
83550
83551
83570
83569
83568
83549
83530
83529
83528
83509
83510
83491
83490
83489
83488
83487
83505
83486
83485
83504
83503
83484
83483
83502
83520
83521
83522
83541
83540
83539
83538
83519
83518
83537
83517
83535
83536
83555
83574
83593
83592
83573
83554
83572
83591
83590
82916
83571
82915
82914
83552
83553
83534
83515
83516
83497
83498
83499
83500
83501
83482
83481
83480
83479
83478
83477
83496
83514
83533
82913
82912
82911
83495
83476
82910
83474
82909
83472
83260
83470
83467
83469
82908
83466
82907
83463
82906
83464
83461
83458
83455
82905
83460
83457
82904
83454
82903
83435
82902
83258
83436
83437
83438
83439
83440
83441
83442
83443
83444
83445
83446
83427
83426
83425
83424
83423
83422
83421
83420
83419
83418
83417
83416
82901
82900
82899
82898
82897
82896
82895
82894
82893
82892
82891
82890
82889
82888
82887
82886
82885
82884
82883
82882
617
618
619
620
621
622
623
624
625
626
627
628
629
630
631
632
633
634
635
588
636
637
638
639
640
641
642
643
644
645
646
647
648
649
650
651
652
653
654
655
656
657
658
659
660
661
662
663
664
665
666
667
668
669
670
671
672
673
674
675
676
677
678
679
590
229
230
231
232
233
234
235
236
237
238
239
240
241
242
243
589
244
245
246
247
248
249
250
251
252
253
254
255
256
257
258
259
260
261
262
263
264
265
266
267
268
269
270
271
272
273
274
275
276
277
278
279
280
281
282
283
284
285
594
286
287
288
289
290
291
292
293
294
295
296
297
298
299
300
301
302
303
599
597
595
719
718
717
716
715
714
713
712
711
710
596
709
708
707
706
705
704
703
702
701
700
699
698
697
696
593
695
694
693
692
691
690
689
592
591
680
681
682
683
684
685
686
687
688
73793
73794
73795
73796
73797
73798
73799
73800
73801
73802
73803
73804
73805
73806
73807
73808
62557
63111
63106
62556
62555
63101
63096
62554
62553
63091
63086
62552
62551
63081
63076
62550
62549
63071
63066
62548
62547
63061
63056
62546
62545
63051
63046
62544
62543
62542
63036
63041
63037
63042
63047
63052
63057
63062
63067
63072
63077
63082
63087
63092
63097
63102
63107
63112
63117
62751
63116
62558
63139
63156
63157
63140
63132
62752
63133
63141
63158
63174
63192
63173
63191
63197
62559
63215
62560
63231
62561
63237
63238
63232
63216
63198
63199
62758
63217
63247
63248
63282
63281
63280
63279
63297
63298
63307
63306
62763
63314
63315
63332
63333
63316
63317
63334
63335
63318
63319
63336
63320
63337
63338
63321
63322
63339
63340
63350
63341
63324
63323
63289
63272
63271
63288
63287
63270
63269
63252
63253
63254
63255
63273
63256
63239
63233
62759
63234
63228
63227
63211
63210
63209
63226
63225
63208
63207
63205
63206
63223
63222
63221
63204
63203
63202
63220
63219
63218
63201
63200
63193
63175
63176
63177
62756
63178
63160
63159
63142
63143
63134
63118
63119
63120
63121
63122
63123
63124
63125
63126
63127
62753
63151
63152
63135
63128
63129
63113
63108
63103
63098
63093
63094
63099
63104
63109
63114
63130
63137
63154
63136
62754
63153
63170
62755
63169
63188
63171
63172
67986
67985
63155
63138
63131
63115
67984
67983
63110
63105
67982
63100
67981
67980
63095
63090
67979
67978
63085
63080
67977
67976
63075
63074
63079
63084
63089
63088
63083
63078
63073
63068
63069
63064
63063
63058
63059
63054
63053
63048
63043
63038
63039
63044
63049
63055
63060
63065
63070
67975
67974
67973
67972
67971
63050
63045
67970
63040
67969
720
598
721
722
723
724
725
726
600
727
728
729
730
731
732
733
734
735
736
737
738
602
603
739
740
741
742
743
744
745
746
747
748
749
750
751
601
304
305
306
307
308
309
310
311
312
313
314
315
316
317
318
319
320
321
322
323
324
325
326
327
328
329
330
331
332
333
334
335
336
337
338
339
340
341
342
343
344
345
346
347
348
605
349
350
351
352
353
354
355
356
357
358
359
360
361
362
363
364
365
366
367
368
369
370
371
372
373
374
375
376
377
378
379
380
381
382
383
384
385
386
387
388
389
390
391
392
393
608
394
395
396
397
398
399
400
401
402
403
404
405
406
407
408
409
410
411
412
413
414
415
416
417
418
419
420
421
422
423
424
425
426
427
428
429
430
431
432
433
434
435
436
437
438
611
439
440
441
442
443
444
445
446
447
448
449
450
451
452
453
454
455
456
457
458
459
460
461
462
463
464
465
466
467
468
469
470
471
472
473
474
475
476
477
478
479
480
481
482
483
615
484
485
486
487
488
489
490
491
492
493
494
495
496
497
498
499
500
501
502
503
504
505
506
507
508
509
510
511
512
513
514
515
516
517
518
519
520
521
522
523
524
525
526
527
528
529
530
531
532
533
534
535
536
537
538
539
540
541
542
543
544
545
546
547
548
549
550
551
552
553
554
555
556
557
558
559
560
561
562
563
564
565
566
567
568
569
570
571
572
573
574
575
576
577
578
579
580
581
582
583
584
585
586
10
11
13
12
14
15
106
107
105
104
102
103
101
100
98
99
97
96
94
95
93
92
90
91
89
88
86
87
85
84
82
83
81
80
78
79
77
76
74
75
73
72
70
71
69
68
66
67
65
64
228
227
226
225
224
223
222
221
220
219
218
217
216
215
214
587
213
212
211
210
209
208
207
206
205
204
203
202
201
200
199
198
197
196
63
62
60
61
58
59
56
57
54
55
52
53
50
51
48
49
46
47
44
45
42
43
40
41
38
39
36
37
34
35
32
33
30
31
28
29
26
27
24
25
22
23
21
20
83208
83207
83206
83205
83204
83203
83202
83201
83200
83199
83198
83197
85456
85457
85458
85459
85460
85461
85462
85463
85464
85465
85466
85467
85468
85469
85470
85471
85472
85454
85451
85432
85428
85425
85450
85449
85448
85447
85446
85445
85444
85443
85442
85441
85440
85439
85438
85437
85436
85435
83387
85431
83388
85453
83196
85434
83195
85430
83194
85427
85424
83193
85421
83192
85418
83191
85415
83190
85412
83189
85409
83188
85406
83187
85403
83186
85401
83185
85399
83184
85397
83183
85395
83182
85392
83181
85389
83180
85386
83179
83382
83178
83177
83176
83175
83174
83173
83172
83171
83170
83169
83168
83167
83166
83165
83164
85305
85306
85307
85308
85279
85280
85281
85262
85263
85282
85283
85284
85285
85264
85245
85246
85265
85266
85247
85248
85267
85286
85287
85288
85289
85290
85291
85292
85293
85274
85273
85254
85255
85236
85235
85234
85233
85232
85251
85252
85253
85272
85271
85270
85269
85268
85249
85250
85231
85230
85229
85228
85227
85226
85225
85224
85244
85243
85261
85260
85241
85242
85223
85222
85221
85215
85218
83367
83368
85240
85259
83369
83370
85278
85297
85300
85303
85302
83163
85299
83162
85296
83161
85277
83160
85258
83159
85239
83158
85220
83157
85217
83156
85214
83155
85211
83154
85208
83153
85212
85209
85206
85203
85200
83152
85205
85202
83151
85199
83150
85196
83149
85197
85194
83365
85175
85176
85177
85178
85179
85180
85181
85182
85183
85184
85185
85186
85187
85188
85189
85190
85191
85192
85193
85195
85812
85813
85198
85201
85814
85815
85204
85207
85816
85817
85210
85213
85818
85819
85216
83366
85219
85238
85237
85256
85257
85276
85295
85275
85294
83371
85298
85301
83372
83373
85304
85820
83374
85323
85342
85341
85340
85322
85321
85339
85338
85337
85320
85319
85318
85336
85335
85317
85316
85315
85334
85333
85332
85331
85314
85313
85312
85330
85329
85328
85311
85310
85309
85327
85326
85325
85324
85343
85346
85349
85351
85353
85355
83378
85357
85358
85359
85360
85361
85362
85363
85364
85365
85366
85367
85368
85369
85370
85371
85372
85375
85376
85377
85378
85380
85382
85383
85384
85387
85390
85393
85396
85398
85400
85402
85404
85407
85408
85833
85405
85832
83386
83385
83384
83383
85394
85831
85830
85391
85388
85829
85385
85828
83381
83380
85381
85827
85379
85826
83379
85825
85824
85374
85373
85356
85354
85352
85350
85347
85344
85345
85821
85822
85348
83375
83376
83377
85823
82137
79364
82120
79363
82103
79362
82098
79361
82099
79624
82104
82121
79625
82138
82139
82140
79627
82160
82161
82162
82163
82164
82165
82166
82167
82168
82169
82170
82171
82172
82175
82178
82183
82188
82193
82198
82203
82219
79637
82225
82241
82242
82258
82262
79640
82257
82256
82240
82239
82255
82254
82238
82237
82253
82252
82236
82235
82251
82250
82234
82233
82249
82232
82248
82247
82231
82230
82246
79639
82229
82224
82223
82228
79638
82222
82206
82201
82196
82191
82186
82181
82182
82187
82192
82197
82202
79636
82207
82208
82209
82210
82211
82212
82213
82214
82215
82216
82217
82218
79633
79632
82174
82158
82159
82154
79629
82149
82144
82143
82142
79365
82147
82148
82153
82157
79366
82173
82177
82180
79367
82185
79368
82190
79369
82195
79370
82200
79371
82205
79372
82221
79373
82227
79374
82244
79375
82260
79376
82264
79377
82280
79378
82283
79379
82286
79380
82289
79381
82292
79382
82295
79383
82298
79384
82301
79385
82304
79386
82307
82310
79387
82328
79388
82333
79389
82350
79390
82367
82384
79391
82388
79392
82393
82394
82400
82395
82390
82389
82385
79645
79644
82351
82368
82369
79646
82370
82371
82354
82372
82373
82374
82375
82376
82377
82360
82343
82342
82341
82359
82358
82357
82340
82339
82356
82355
82338
82337
82336
82353
82352
82335
82334
79643
79642
82311
82312
82313
82314
82315
82316
82317
82318
82319
82320
82321
82322
82323
82324
82325
82308
82326
82329
82331
82364
82349
82332
82836
82835
82330
82327
82309
82834
82833
82306
82305
82302
82299
82296
82293
82290
82291
82828
82827
82288
82285
82826
82825
82282
82279
82263
82259
82243
82226
82220
82204
79635
79634
82199
82194
82824
82823
82189
82184
82822
82821
82179
82176
82820
79631
79630
82152
82146
82141
79626
82135
82136
82119
82118
82102
79623
82096
82095
82094
82077
82060
82061
82078
82079
82097
82080
82062
79622
82818
82817
82045
82041
82816
82815
82037
82033
82814
79620
79619
82021
82016
82011
82010
82009
81992
81975
81974
81991
82008
82007
81990
81973
81972
81989
82006
82005
82004
82003
82002
82001
81984
81985
81968
81969
81986
81987
81988
81971
81970
81953
81952
81937
81921
81905
81922
81938
81923
81891
81892
81893
81908
81909
79615
81911
81912
82807
81928
82808
82809
82810
82811
82812
82813
77956
74191
77973
74192
77980
77987
77994
78003
78012
78013
78004
77995
77988
77981
77974
77957
77940
77939
77932
77916
77908
77900
77892
74190
77893
77901
77909
77917
77933
77941
77958
77959
77975
77976
77960
77961
77944
77945
77936
77920
74417
77912
77904
77911
77919
77935
77943
77942
77934
74418
77918
74416
77910
74415
77902
74414
77903
77895
77896
77897
77905
77913
77921
77922
77923
77924
77925
77927
77928
77953
77970
77969
77952
77950
77967
77966
77949
77948
77965
77964
77947
77946
77963
77962
77977
77984
77991
77998
78007
78016
78026
78027
78062
78080
74428
78139
78140
78141
78142
78143
78127
78117
78106
78096
78107
78097
78087
78086
78085
78067
78068
78051
78034
78035
78036
74426
78052
78069
78070
78088
78098
78099
78089
78071
78053
78019
78018
78009
78010
78001
78000
74422
77993
77986
77979
77971
77972
77955
77954
77938
77929
77930
77931
79069
79070
79071
79072
79073
74420
78002
78011
79074
79075
78020
74425
78037
79076
79077
78054
78072
78090
78100
79078
79079
78110
78121
79080
79081
78131
78130
78129
78120
78109
78108
78119
78118
78128
78146
78147
78148
78156
78165
78164
78155
78145
78144
78154
78163
78179
78178
78177
78176
78193
78227
78226
78243
78244
78245
78228
78229
78246
78247
78230
78231
78248
78257
78267
78277
78287
78296
74430
78288
78278
78268
78258
78249
78250
78259
78269
78270
78260
78251
78234
78233
78232
78215
78216
78217
78200
78199
78198
78197
78214
78213
78212
78211
78210
78209
78208
78191
78190
78189
78206
78205
78204
78221
78222
78239
78255
78265
78275
78264
78274
78284
78285
78294
78293
74429
78283
78273
78263
78253
74197
78252
74198
78262
74199
78272
74200
78282
78292
78300
74201
78317
74202
78327
74203
78336
74204
78345
74205
78354
74206
78364
74207
78374
74208
78384
74209
78394
74210
78404
74211
78420
74212
78429
78438
74213
78446
74214
78455
74215
78472
74216
78482
74217
78492
78493
78483
78473
78474
78475
78476
78459
78461
78462
78463
78464
78465
78466
78478
78467
78468
78479
78489
78490
78480
78469
78470
74437
78471
78481
74438
78491
78501
74439
78500
78499
78488
78498
74441
78507
78508
74442
78525
78532
78533
78526
78509
78510
78527
79104
79105
78534
79106
78541
78540
74444
78547
79107
78553
78569
78568
74448
78575
74449
78592
79108
73301
73317
73318
73327
73344
73326
73343
73351
73352
73360
68370
73359
73367
73376
73377
73368
73369
73361
68686
73370
73371
73379
68690
73395
68689
73378
68688
73394
73393
73392
73408
68371
73416
68372
73423
73431
73430
73447
68373
73464
73471
68374
73448
73449
73432
73424
73417
73409
68691
73410
73411
73419
73418
73425
73426
73434
73433
73450
73451
73452
73435
73436
73453
73454
73437
73438
73455
73456
73457
73439
73440
73441
73442
73458
73459
73460
73443
73427
73444
73463
73470
73477
73476
73469
73462
73461
73468
73475
73482
73483
73484
73492
73491
73490
73498
73506
73514
73499
73500
73508
73507
73515
73516
73523
73530
73529
73522
73521
73528
68697
73535
73536
73537
73538
73973
73972
73971
73970
73969
73968
73967
73966
73965
73964
73963
73962
73961
73422
73429
73446
73445
73428
73421
73420
73412
68692
73403
73404
73413
73405
73406
73414
73415
73407
73391
73390
73375
68687
73366
73365
68685
73356
73364
73373
73374
73389
73388
73387
73372
73363
73355
73347
73348
73340
73341
73342
73325
73316
68680
73299
73298
73297
73315
73324
73323
73339
73338
73337
73312
73311
73310
73292
73293
73294
73295
73313
73314
73296
73279
73269
73268
73267
73266
73265
73264
73263
73278
73277
73288
73306
73307
73289
73290
73291
73309
73308
68682
73333
73334
73335
73336
73386
73402
73401
73385
73384
73400
73399
73398
73383
73382
73381
73397
73396
73380
73362
73354
73353
68684
73329
73328
73319
73320
73321
73330
68683
73345
73346
73331
73332
73322
73305
73304
73303
73302
73285
73284
68369
73273
73274
73258
73259
73260
68678
73275
68679
73286
73287
73276
73261
73262
73252
73251
73250
73233
73222
68674
73221
73232
73249
73248
73257
73247
68368
73230
73231
73220
73209
68367
73199
73200
73210
73211
73201
73191
73190
73189
73178
73179
73180
73181
73182
73183
73194
73215
73214
73204
73203
73193
73192
73202
73212
73213
73223
73234
73235
73224
73225
73236
73253
73237
73238
73239
73240
73241
73242
73243
73254
73244
73226
73227
73216
73205
68673
73195
73185
68669
73173
73184
68671
68672
68670
68668
73172
73171
73170
73169
68666
73152
73153
73142
73141
73130
73131
73132
73143
73154
73155
73156
73157
73158
73159
73160
68667
73161
73144
73133
73122
73123
73124
73125
73136
73135
73134
73145
73162
73163
73175
73174
73186
73196
73206
73217
73218
73228
68675
73245
73246
73229
73953
73952
73219
73208
73207
73198
73197
73187
73188
73177
73165
73176
73164
73146
73147
73148
73951
73950
73137
73126
73110
73109
73108
73107
73106
73091
73090
73089
73088
73087
73086
73085
73100
73101
73102
73103
73104
73105
73121
73120
73119
73118
73117
73116
68665
73099
73084
73083
73098
73115
73114
68664
73097
68663
73081
73082
73073
73074
73067
73051
73052
73053
73054
73055
73056
73057
73058
73059
73068
73075
73069
73076
68662
73092
73093
73077
73949
73070
73948
73947
73946
73046
73062
73061
68660
73045
73037
73038
73945
73944
73943
73023
73031
73030
73029
73036
73044
73060
73043
73035
73028
73020
73012
73004
72996
68657
72989
72990
72997
72991
72998
73006
73005
73013
73021
73022
73014
73015
73942
73941
73007
72999
73940
72992
72984
73939
73938
72976
72975
72983
72982
72974
68655
72958
72949
72919
72920
72904
72903
72871
72853
72852
72835
72836
72837
72854
72855
72838
72823
72815
72807
72798
72782
72799
72800
72808
72801
68645
72809
73928
73927
73926
73925
72734
72733
72750
72767
72784
72783
72766
72765
72764
72781
72780
72797
72796
72779
72778
72795
72794
72793
72776
72759
72742
72743
72760
72777
72761
72744
72727
72728
72745
72762
72763
72746
72729
72730
72747
72748
72749
72732
72731
72713
72714
72697
72698
72715
72716
68643
72689
72688
72679
72680
73924
73923
72670
72669
72668
72678
72687
68642
72677
72667
68639
72650
72649
72638
72637
72636
72635
72634
72633
72632
72631
72630
72620
72619
72618
68636
72607
68635
72591
68633
72579
68632
72568
68630
72553
72552
72551
72550
72539
72528
72511
72512
72513
72529
68627
72540
72541
72530
68626
72514
72497
72496
72495
72494
72485
68350
72468
72454
72438
72439
72440
72441
72430
72412
72413
72395
72379
72378
72394
72393
72411
72429
72428
68349
72410
72392
72376
72377
72366
72365
68348
72354
68347
72343
68346
72332
68345
72321
68344
72310
68343
72299
68342
72288
68341
72277
68340
72266
68339
72255
68338
72244
68337
72233
68336
72222
68335
72210
68334
72193
68333
72179
68332
72165
68331
72152
72153
72166
72168
72167
72180
72194
72211
72223
72234
72245
72256
72267
72278
72289
72268
72279
72290
72291
72280
72281
72270
72259
72269
72258
72257
72246
72247
72248
72237
72236
72235
72224
72225
72212
72213
72214
72226
72227
72238
72249
72250
72261
72260
72271
72272
72283
72294
72293
72282
72292
72303
72314
72302
72313
72312
72301
72300
72311
72322
72333
72344
72355
72356
72345
72346
72335
72334
72323
72324
72325
72336
72347
72370
72359
72348
72337
72326
72315
72304
72305
72316
72327
72338
72349
72360
72371
68620
72383
72401
72419
72418
72400
72399
72417
72416
72445
72444
72443
72432
72415
72397
72398
72382
72381
72369
72358
72357
72368
72367
72380
72396
72414
72431
72442
72458
72457
72471
72470
72456
72455
72469
72486
72487
72488
72498
72489
72472
72459
72473
72474
72490
72500
72499
72516
72515
72531
72532
72533
72517
72501
72518
72519
72520
72521
72534
72523
72522
72505
72504
72503
72502
72476
72475
72460
72461
72446
72447
72462
72477
72478
72463
72448
72449
72433
72422
72404
72403
72421
72420
72402
72384
72385
72386
72372
72373
72361
72350
72339
72340
72351
72362
72363
72374
72388
72387
72405
72406
72407
72389
72375
72364
72352
72353
72342
72341
72330
72329
72328
72317
72318
72319
72331
72320
72309
72298
72287
72286
72285
72296
72297
72308
72307
72306
72295
72284
72273
72274
72263
72262
72251
72240
72241
72252
72253
72242
72243
72254
72265
72264
72275
72276
73907
73908
73909
73910
73911
73912
73913
73914
72391
72390
72408
72409
72427
72426
72425
72435
72434
72424
72423
68621
68622
72450
72466
72481
72492
72491
72480
72465
72464
72479
72506
72507
72524
72535
72546
72545
72562
72561
72560
72559
72558
72557
72571
72556
72544
72543
72542
72554
72555
72570
72569
72580
72592
72608
72609
72593
72581
72582
68634
72594
72595
72596
72597
72598
72599
72583
72572
72573
72584
72585
72601
72600
72611
72610
68637
72621
72612
72622
72639
72640
72651
72652
72653
73922
72642
72641
72623
72613
72602
72586
72574
68631
68629
72563
72564
72575
72587
72603
72614
72624
72625
72615
73921
72604
72588
73920
72576
72565
72549
72548
72547
68628
72536
72526
72525
72508
72482
72483
72484
72493
72509
72510
72537
72538
73919
72527
68625
73918
73917
73916
73915
68624
72453
72452
72467
68623
72451
72436
72437
66413
62707
66397
66398
66414
66422
62708
66439
66448
66460
66476
66492
66477
66461
66449
66440
66415
66416
66424
66423
66441
66450
66462
66478
66494
66493
66505
66504
62709
66520
62710
66531
66532
66533
66534
66547
66536
62951
66515
66498
66485
66486
62948
66487
66499
66500
66517
66516
66526
66537
66527
66528
66529
66540
66551
66568
66567
66550
66539
66538
66549
66548
66565
66576
66593
66592
66591
66590
66589
66588
66587
66603
66613
66623
66622
66621
66620
66610
66611
66612
66602
66585
66586
66574
66575
66557
66573
66556
66545
66544
66555
66572
66584
66601
66600
66583
66571
66554
66543
62711
66542
66553
66570
66582
62712
66599
62713
66609
66619
66636
66637
66638
66639
66640
66641
66624
66625
66642
66643
66626
66627
66628
66645
66646
66629
66630
66647
66663
66662
66661
66644
66660
66659
66673
66658
66657
66656
66672
66671
66655
66654
66670
66653
62714
66669
66679
66695
66696
66680
66681
66697
66715
66733
66732
66714
66713
66731
66743
66754
66766
66744
66755
66767
66768
66756
66745
66746
66734
66716
66717
66699
66698
66682
66683
66684
66700
66701
66685
66686
66687
66703
66704
66688
66689
66674
66690
66705
66723
66722
66721
66702
66720
66719
66718
62961
66735
62962
66747
62964
66771
66770
62965
66758
66757
66769
66782
66795
66809
66824
66823
66808
62968
66794
62967
66781
66780
66779
66793
66807
66822
66821
66835
66836
66837
66838
66839
66840
66854
66853
66867
66866
66852
66851
66865
66864
66850
66849
66863
62715
66877
62716
66892
66907
66924
66941
66954
66942
66925
66908
66893
66878
66879
66880
66881
66868
66882
66897
66896
66895
66894
66909
66910
66911
66928
66912
66898
66913
66930
66929
66946
66945
66958
66957
66944
66927
66926
66943
66956
66955
66970
66969
66981
62717
66996
62718
67011
62719
67026
62720
67043
62721
67059
67060
67044
67027
67028
67029
67014
67015
66999
66998
67013
67012
66997
66982
66983
66971
66972
66973
66974
66986
66985
66984
67000
67001
67016
67031
67030
67047
67063
67064
67048
67049
67065
67080
67079
67078
67062
67046
67045
67061
67077
67076
62722
67075
62723
67091
62724
67107
62725
67123
62726
67140
62727
67155
67171
67172
67156
67141
67124
67108
67092
67093
67094
67095
67096
67097
67081
67082
67098
67112
62981
67127
67126
67111
67110
67109
67125
67142
67157
67158
67143
67144
67159
67175
67174
67173
67190
67206
62985
67223
67224
67207
67208
67209
67210
67194
67177
67178
67161
67147
67162
67180
67179
67195
67196
67212
67211
67227
62987
67239
67226
67225
67238
67250
67237
67236
62989
67248
67249
67261
67260
67273
67285
67286
67287
67275
67274
67262
67251
67263
67276
67288
67300
67312
67323
67334
67345
67357
67371
67387
67370
67369
67356
67344
67333
67332
67343
67355
67368
67384
67400
67410
63000
67399
67383
67382
67366
67367
67354
67342
62997
67331
62995
67321
67322
67311
67299
67298
67310
67297
62992
67309
62994
67320
73954
73955
73256
73255
73271
68677
68676
73270
73280
73281
73282
73272
73956
73283
73300
68681
73957
73958
73959
73350
73349
73357
73358
73960
67434
67442
62734
67450
67444
67436
67427
67411
67412
67401
67385
67386
67402
63001
63002
67413
67414
67415
67416
67389
67388
67372
67373
67374
67390
67391
67392
67375
67360
67359
62998
67358
67346
67335
67324
67313
67301
67289
67277
67264
67252
67240
67228
67214
67213
67197
67198
67181
67163
67164
67165
67149
67150
67166
67183
67182
62983
67199
67216
67215
67229
67230
67242
67243
67255
67267
67266
67254
67241
67253
67265
62991
67278
67290
67302
67303
67315
67314
67325
67336
67347
67348
67349
67338
67337
67326
67327
67339
67350
67362
67361
67377
67376
62999
67393
67394
67405
67420
67421
67431
67430
67429
67419
67404
67403
67417
67418
67428
63004
63006
67445
67446
67437
67438
67439
67440
67432
67422
67407
67406
67395
67396
67379
67378
67363
67351
67340
67329
67328
67316
67304
67305
67317
67318
67306
67294
67282
67270
67258
67246
67234
67233
67245
67257
67269
67281
67293
67292
67291
67279
67280
67268
67256
67244
67232
67231
67217
67218
67200
67201
67184
67168
67167
67151
67152
67137
67138
67139
68151
67154
67153
67169
67170
67187
62984
67203
67186
67185
67202
67219
67220
67221
62986
62988
62990
68152
67271
67283
67295
68153
68154
67307
62993
68155
62996
68156
67352
67364
68157
68158
67380
67397
68159
68160
67408
67423
68161
67433
67441
67449
63007
67474
67473
67456
67448
67447
67455
67454
67453
67470
67488
67471
67472
63008
67489
63009
67490
63010
68162
67513
67512
67506
67505
67511
63012
67518
67519
67535
67552
68163
68164
67561
67560
67551
63014
67534
63013
67550
67559
67558
67557
67549
67548
67547
67583
67584
67601
67600
67599
67598
67597
67614
67613
67596
67595
67612
67629
67630
67631
67648
67649
67634
67635
67652
67651
67668
67669
67677
67694
67711
67719
67735
67734
67733
67749
67750
67751
67752
67753
67770
67769
67768
67767
67766
67765
67764
67747
67731
67730
67746
67745
67729
67728
67727
67743
67744
67761
67760
67759
67776
67758
67741
67742
67726
67725
67717
67718
67702
67685
67676
67684
67701
67700
63023
67716
67724
67740
63026
67723
67722
62736
67739
62737
67756
63027
67757
63028
67774
67775
67783
67793
67808
67815
67822
67821
67827
67828
67835
67834
67843
67849
67842
67848
63035
67854
67855
67862
67880
67898
67899
67881
67863
67864
67865
67866
67867
67885
67884
67883
67882
67900
67901
67902
67903
67904
67905
67887
67869
67870
67871
67889
67907
67908
67917
67924
67931
67938
67945
67952
67959
67966
1091
1092
1093
1094
1095
1096
1097
1098
1099
1100
1101
1102
1103
1104
1105
1106
1367
1107
1108
1109
1110
1111
1112
1113
1114
1115
1116
1117
1118
1119
1120
1121
1122
1123
1124
1125
1126
1372
1373
1127
1128
1129
1130
1131
1132
56690
56691
56692
56680
56679
56667
56655
56656
56657
56658
56646
56623
56927
56926
56611
56599
56584
56583
56565
56547
56548
56549
51857
56566
56550
56539
56925
56529
56924
56519
56518
51854
56528
56538
56537
56527
56516
56517
56506
56505
56504
56494
56483
56472
56461
56450
56439
51850
56440
56441
56442
56453
56452
56451
56462
56473
56463
56474
56485
56484
56495
56496
56507
56508
56923
56922
56498
56497
56486
56487
56921
56920
56476
56475
56464
56465
56919
56918
56454
56443
56917
56916
56426
56425
56424
56423
56407
56406
56405
56422
56421
51849
56404
51848
56387
56388
56389
56390
56375
56376
56359
56342
56325
56309
56310
56311
56913
56327
56326
56343
56344
56361
56360
56377
56391
56408
56409
56915
56392
56378
56914
50917
50926
50927
50908
50899
50910
50901
50892
50883
50882
50874
50875
50866
50865
50857
50858
50876
50884
50893
50894
50885
50877
50869
50861
50860
50868
50867
46853
50859
50851
50842
50834
50835
50843
50852
50844
50836
50837
51349
51350
50845
46852
50853
51351
50870
46854
51352
50888
51353
51354
50906
50915
51355
51356
50924
50923
50914
50905
50897
50896
50887
50879
50878
50886
50895
50904
50903
50902
50911
50920
50929
50921
50912
50913
50922
50931
50932
50933
51357
51358
50942
50941
50950
50951
51359
50959
51360
50966
50965
46859
50982
51361
50988
50994
51362
51363
51000
51005
51364
51365
51011
51027
51026
51010
51004
50999
50993
50987
50981
46858
50964
50957
50958
50949
50948
50940
50930
50939
50938
50947
46856
50956
50963
50980
50979
50978
50977
50976
50975
50974
50973
50972
50971
50986
50992
50991
50996
50990
50984
50985
50970
50969
50968
50967
46556
50983
46557
50989
46558
50995
46860
51001
51007
46559
51006
46560
51012
46561
51028
46562
51033
51038
51044
51062
46563
51078
46564
51083
46565
51088
46566
51093
46567
51098
46568
51103
46569
51108
46570
51113
51114
51109
51104
51099
51094
51089
51084
51079
51064
51065
51047
51048
51066
51067
51068
51069
51070
51071
51072
51073
51055
51054
51053
51052
51051
51050
51049
46862
51046
51063
51045
51039
51040
51034
51035
51030
51029
51013
51014
51008
51002
50997
50998
51003
51009
46861
51015
51016
51017
51018
51019
51020
51021
51022
51023
51024
51025
51031
51036
46863
51041
51042
51060
46865
51076
46864
51059
51058
51057
51056
51074
51075
51080
51081
51086
51085
51090
51095
51100
51101
51106
51111
51105
51110
51115
51116
51117
51375
51112
51374
51373
51107
51102
51372
51371
51097
51096
51091
51092
51370
51369
51087
51082
51368
51077
51061
51043
51037
51032
51366
51367
46005
46006
46014
46013
46031
46032
46015
46007
45997
45998
45999
46000
45990
45991
45982
45974
45981
45973
45965
45956
45964
45963
45972
45962
45953
45954
45955
45945
45946
45936
45927
45909
45892
45891
45890
45873
45874
45858
45843
45844
45828
45812
45813
45797
45788
45798
45814
45830
45829
45845
45860
45859
45875
45876
45893
45910
45911
45912
45913
45914
45897
45898
45915
45916
45899
45882
45883
45867
45866
45851
45850
45865
45881
45880
45864
45879
45896
45895
45878
45894
45877
45861
45862
45847
45846
45831
45815
45799
45800
45801
45802
45803
45819
45818
45834
45833
45817
45816
45832
45848
45863
45849
45835
45836
45852
45853
45868
45884
45885
45902
45901
45900
45917
45918
45928
45937
45947
45957
45966
45975
45983
45992
46001
46009
46024
46023
46040
46041
46051
46068
46067
46077
46086
46095
46104
46113
46122
46131
46140
46141
46132
46133
46142
46143
46134
46125
46126
46388
46389
46135
46144
46390
40579
35607
40587
35608
40595
40596
40597
40589
40588
40580
40581
40573
40565
40564
40572
35606
40571
35605
40563
35604
40555
35603
40547
35602
40539
35601
40521
40522
40540
40548
40556
40557
40549
40541
40523
40524
40525
40526
40527
40528
40529
40530
40531
40532
40533
40534
40542
40550
40558
40566
40574
40582
40590
40598
40599
40600
40601
40602
40840
40839
40594
40593
40592
40591
40584
40583
40575
40567
40559
40560
40569
40568
40576
40577
40585
40586
40838
40837
40578
40570
40836
40835
40562
40561
40553
40554
40834
40833
40546
40519
40512
40511
40493
40486
40479
40462
40478
40477
40476
40485
40492
40508
40509
40517
40507
40506
40505
40504
40503
40502
40501
35915
40500
40499
40498
40497
40516
40515
40514
40496
40489
46382
46028
41315
46011
46381
46003
41314
46027
46044
41317
46053
46045
46046
46054
46072
46081
46383
46384
46090
46098
46097
46106
46107
46108
46099
46385
46386
46387
46117
46116
46115
46124
46123
46114
46105
46096
46087
46078
46079
46088
46089
46080
46071
46070
46069
46052
46042
46025
46043
46026
46010
46002
45993
45984
45976
45967
45958
45948
41312
45938
45939
45930
45929
45919
45920
45903
45886
45869
41307
45854
45837
45821
45820
45804
45805
45789
45780
45771
45770
45742
45741
45740
45739
45738
45737
45720
45721
45722
45723
45724
45725
45726
45710
45701
45675
45667
45658
45659
45642
45660
45669
45668
45676
45677
45693
45694
45661
45643
41297
45636
45635
45634
45633
45632
45641
45657
45656
45655
45654
45653
45631
45630
45629
45628
45627
45626
45625
45617
45616
45607
45606
45598
45581
45573
45557
45556
40968
45572
45580
40969
45597
40970
45605
40971
45613
45614
45622
45623
41296
45638
45639
45624
45640
45649
45650
45651
45652
45666
45674
45665
45648
45647
45646
45664
45672
45673
45681
45699
45698
45697
45680
41298
50758
50742
50741
50757
46842
50767
50774
50790
50807
50813
50829
46848
50806
50805
50804
50788
50772
46844
50764
50754
50753
50752
50751
50735
50736
50737
50738
50739
50723
46837
50713
50712
50711
50710
50709
50708
50707
50706
50705
50704
46836
50697
50682
50674
50683
50684
50685
50686
50687
50688
50689
50690
50691
50692
50693
50699
50698
50714
50715
50724
50740
50725
50726
50717
50716
50700
46835
51348
46834
46833
50670
50677
50676
50675
50667
50660
50668
50669
50661
50662
51347
51346
51345
46828
50591
45498
45515
45499
45481
41290
45473
45464
45455
45456
45465
45474
45482
41291
45500
45517
45516
45533
45550
45559
45560
45576
45585
45586
45587
45588
45589
45590
45591
45592
45602
45610
45618
45619
45611
45603
45604
45612
45620
41295
45644
45662
45670
46357
46358
45678
45695
45704
46359
46360
46361
45713
41299
45730
41300
45747
46362
46363
45757
45756
41301
45773
45774
46364
46365
45783
45782
45772
45781
45790
41302
45806
41303
45822
41304
45838
41305
41306
45839
45824
45823
45807
45791
45792
46366
46367
45808
46368
46369
45840
45855
45870
45887
41309
45904
41310
45921
45931
45940
45949
45950
45959
45968
45977
45985
45994
45995
46380
46379
45986
45978
46378
45969
46377
46376
45960
45951
45941
46375
45932
46374
46373
45922
45905
46372
46371
45888
41308
45871
46370
40348
35590
40365
35591
40375
35592
40392
35593
40401
40402
35910
40410
40419
35594
40418
35595
40426
35596
40434
35597
40442
40443
35912
40450
40444
40436
40435
40427
40428
40429
40437
40445
40452
40451
40459
40460
40467
40466
35913
40458
35598
40457
35599
40465
35600
40482
40483
35914
40490
40491
40484
40468
40469
40470
40471
40472
40473
40474
40475
40461
40453
40446
40438
40430
40422
40413
40405
40396
40387
40345
40335
40334
40325
40316
40317
35905
40326
40318
40319
40302
40818
40817
40293
40301
40292
40283
35902
40273
35901
40256
35900
35898
40247
40238
35896
40228
40227
40237
40236
40226
40216
40217
40218
40208
35893
40209
40219
40229
40230
40239
40248
40257
40274
40284
40275
40816
40258
40249
40240
40231
40815
40814
40221
40220
40210
40211
40813
40194
40193
40181
40170
35890
40171
35886
40139
40138
35885
40155
40169
40168
40180
40192
40191
40179
40190
40207
40206
40189
35892
40178
40164
40163
40162
40161
40160
35889
40177
35891
40205
40204
40203
40202
40201
40188
40187
40200
35894
35895
35897
35899
40264
40263
40262
40261
40252
40253
40244
40243
40234
40235
40225
40215
40224
40214
40197
40196
40213
40223
40233
40242
40251
40250
40241
40232
40222
40212
35585
40195
40182
40183
40184
40174
40173
40172
40156
40140
40141
40142
35887
40157
40175
40185
40198
40199
40186
40176
40159
40145
40146
40147
40131
40115
40116
40117
40133
40132
40148
40149
40150
40165
40151
40152
40166
40167
40153
40154
40137
35884
40120
40119
40104
40086
40087
40088
35882
40105
40121
40122
40106
40123
40107
40812
40811
40090
40078
40066
40065
40050
40033
35877
40034
40022
40006
40005
40021
40032
40020
40019
40031
35876
40048
40049
40064
40077
40089
40076
40075
40063
40062
40061
40074
40073
40072
40060
40046
40047
40030
40018
40017
40001
40000
40016
35875
40015
39999
39998
40014
40013
39997
39996
35873
35874
40029
40043
40042
40056
40057
40058
40044
40045
40059
35880
40084
40085
40102
40103
35883
40136
40135
40134
40118
40101
40100
40099
40098
40083
40071
40055
40041
40040
40054
35879
40039
40038
40053
40069
40068
40052
35878
40037
40036
40035
40051
35584
40067
40079
40091
40092
40080
40081
40093
40094
40110
40111
40112
40113
40096
40095
35881
40070
40082
40097
40114
40130
40129
40128
40144
40158
35888
40143
40127
40126
40125
40109
40108
40124
46356
46355
46354
46353
41294
46352
46351
46350
45529
46349
40023
40007
39990
35583
39980
39981
35872
39991
39992
40010
40009
40008
40024
40025
40026
40027
40028
40012
40011
39993
39983
39982
39965
39964
39963
39954
39946
39947
39948
35868
39955
39956
39966
39967
39957
39968
35870
39984
39994
39995
39969
39970
39971
39972
39973
39974
39975
39985
40002
40003
40004
39986
35871
39976
39977
39978
39987
39988
39979
39989
40810
39962
39953
39945
39952
39961
39960
39959
35869
39958
39950
39941
39940
39923
39924
39925
39909
39908
39898
39899
39900
39890
39873
39891
39901
39902
39892
39893
39903
39912
39927
39911
39910
39926
39942
35867
39951
39943
39944
39928
39929
39913
40809
40808
34457
34440
34441
34458
34459
34460
34477
34476
34475
34474
30451
34490
34491
34492
34499
34508
34507
34498
34497
34496
34506
34522
34505
30452
34521
34529
30453
34545
34554
30454
34569
30455
34579
30456
34589
34599
30457
34580
34570
34555
34571
34581
34591
34590
34600
34601
34612
34611
34625
34636
30734
34670
34669
34652
34635
34624
34610
34609
34623
34634
30458
34651
30459
34668
34679
34680
34698
34697
34708
30460
34724
34735
34746
34747
34736
34725
34709
34710
34699
34700
34681
34682
34671
34672
34683
34701
34712
34711
34727
34726
34737
34738
30739
34748
34749
30740
34760
34771
34772
34788
34789
34773
30741
34761
34750
34739
34728
30738
34774
34775
34776
34762
34751
34740
34741
34752
34763
34764
34753
34742
34731
34730
34729
34719
34718
34717
34716
34715
34714
34713
34684
34685
30735
34686
34687
34688
34689
34690
34702
34703
34720
34721
34704
34692
34693
30736
34705
30737
34722
34723
34707
34696
34678
35388
34667
35387
34633
30731
34608
35386
34598
35385
35384
34588
34587
34577
34578
35383
34568
34553
34544
35382
34528
34543
34527
34519
34520
34504
34495
35381
34489
34473
35380
35379
34456
34455
30720
34472
34488
34487
34494
34503
34502
34518
30725
30726
34542
30727
34552
34567
34566
34565
34551
34541
34550
34563
34564
34576
34586
34596
34575
34574
34584
34585
34595
34594
34604
34621
34605
34606
30730
34597
34607
34622
34632
34650
34666
34677
34695
34706
34694
34665
34664
34648
34649
34631
34630
30733
34629
34646
34662
34647
34663
34676
34691
34675
34674
34661
34660
34659
34643
34644
34645
34628
34620
34619
34618
34617
34616
34615
34614
34627
34639
34640
34641
34642
34658
34657
34656
34655
34673
34654
34653
34637
34638
34626
30732
34613
34603
34602
34592
34593
34583
34582
34572
34573
34556
30728
34548
34533
34532
34531
34547
34546
34530
34523
34524
34509
34510
34511
34512
34513
34514
34515
34539
34538
34537
34536
34535
34534
30729
34557
34558
34559
34560
34561
34562
34549
34540
34525
34526
30724
34516
34517
34501
34500
30723
34493
34485
34467
34484
34483
34466
34465
34482
34481
34464
34480
30722
34479
34478
34461
34444
34445
34462
34463
34446
34407
34447
34448
34449
34450
34451
34468
34469
34470
30721
34486
34471
34453
34452
34435
34436
34454
30719
34437
30718
34429
34430
34438
34439
35378
34431
34415
34399
34391
35377
35376
35375
34377
34376
34383
34384
34390
34398
34414
30717
34397
34396
34389
34382
34375
34368
34361
34355
34348
34341
34335
34329
34321
34305
34290
34304
34320
34316
34300
34299
34315
34314
34298
34297
34313
30709
34296
34295
30708
34287
34288
34279
34278
34269
34270
34263
34262
34254
34255
34246
34245
34236
34237
34228
34227
34218
34219
30698
34209
34201
34229
34220
34210
34202
34193
34184
34174
34212
34222
34272
34273
34266
30704
34259
34251
35367
35366
34242
34233
35365
35364
34224
34214
35363
35362
34206
34197
35361
35360
34188
34187
34186
34176
34160
34161
34162
35359
35358
35357
35356
34108
34090
34089
34088
34087
30691
34077
34059
34044
34043
34033
34034
34035
34045
34060
34061
34062
30690
34063
34047
35355
35354
34037
34027
35353
35352
34018
34009
35351
35350
35349
35348
30684
33976
33993
33992
33991
33975
33974
33967
33968
33969
33962
33954
33947
33946
33953
33961
33960
33952
33945
33938
33937
33936
33935
33921
33939
33922
33914
33913
33905
33906
33888
33887
33904
33903
33902
33901
33900
33899
33898
33912
33920
33931
33932
33933
33934
33944
33951
33959
33966
30683
33930
33929
33928
33919
33911
33910
33893
33894
33895
33896
33897
33886
33878
33863
33864
33865
33866
33867
33849
33833
33850
33868
33869
33879
33870
33871
33853
33837
33836
33852
33851
33835
33834
33817
33816
33815
33832
33848
33847
33831
33830
33829
33846
33845
33828
33810
33811
33794
33793
33792
33809
33826
33827
30677
33844
33862
30678
33861
33860
33877
33876
33885
33884
33875
33858
33859
33843
33825
33808
33791
33781
33782
33773
33772
33756
33757
33747
33746
33737
33738
33748
30674
33758
33774
33783
33795
33796
33812
33813
33814
33797
33798
33799
33800
33775
33784
33801
33818
33819
33820
33802
30675
33785
33776
33767
33766
33765
33764
33763
33762
33761
33760
33759
33749
33739
33730
33720
33710
33700
33690
33681
33671
33661
33636
33627
33613
33614
33596
33595
33594
33577
33561
33562
33578
33579
33563
33564
33547
33546
33529
33512
33495
33478
33477
33494
33511
33510
33493
33476
33475
33465
33464
33474
33473
33490
33507
33508
33491
33492
33509
33526
33525
33524
33541
33542
33559
33575
30667
33558
33557
33574
30668
33591
33609
33610
33624
33633
33642
33658
33668
33678
33679
33669
33659
33660
33670
33680
33689
33688
33698
33699
33709
33719
33729
33728
33718
33708
33707
33697
33687
30672
33677
30419
33667
30418
33657
30417
33641
30416
33632
30415
33623
30414
33607
33608
33590
30413
33573
30412
33556
33539
33540
33523
33506
33505
33522
40768
40769
38883
35799
38866
35798
38849
35797
40767
40766
40765
40764
38798
35795
38815
35796
38832
38848
38831
38814
38796
38797
38780
38781
38773
40763
40762
38763
38772
38771
38779
38770
38769
35793
38778
35794
38795
38813
38830
38847
38846
38829
38812
38811
38810
38794
38793
38792
38809
38826
38827
38828
38845
38844
38843
38842
38859
38858
38857
38856
38873
38874
38875
38876
38877
38860
38861
38862
38863
38880
38879
38878
35801
38889
35802
38901
38913
38914
38915
38916
38917
38904
38903
38902
38890
38891
38881
38864
38865
38882
38892
38905
38893
38894
38906
40770
38918
38934
38951
38967
35806
38950
38933
38932
38931
38948
38949
38966
38965
38964
35805
38947
38930
38946
38929
38928
38927
38945
38944
38943
38926
38925
35803
38942
38960
38959
38941
38940
38958
35807
38973
38974
35808
38975
38961
38962
38963
38976
35809
38990
39003
38991
38977
38978
38992
35810
39004
39014
39030
39029
39028
39027
39013
39025
39026
39038
39047
39056
39064
39073
39082
39090
39098
39113
39112
39111
39110
39126
39127
39128
39129
39114
39115
39116
39131
39130
39140
39153
39154
39155
39141
39132
39133
39134
39142
39157
39156
39165
39174
39184
35823
35824
39220
39205
39194
39195
35822
39185
39196
39207
39206
39221
39233
39245
35826
39257
35827
39273
39274
40783
39258
39247
40782
40781
39235
39246
39234
39222
39223
39208
39197
40780
39186
40779
39176
39175
39166
35820
39158
40778
39135
39117
35817
35818
39101
35816
39093
40777
39085
35815
39076
39077
40776
40775
39068
39060
40774
40773
39051
39050
39041
39040
39049
39058
39059
39067
39066
39075
39084
39092
39100
39099
39091
39083
39074
39065
39057
39048
39039
39031
39032
39016
39015
39005
38994
38993
38979
38980
38981
38982
38996
38995
39006
39007
40771
39017
39033
39042
40772
30420
33696
30421
33706
30422
33716
30423
33726
33717
33727
33736
30673
30424
33745
30425
33755
30426
33771
30427
33780
33789
33790
33807
30676
33806
30428
33824
33841
33842
33857
33874
30429
33883
33892
30430
33909
30431
33917
33918
33926
33925
33942
30432
33949
33927
30680
33943
33950
33957
33956
33955
30433
33963
30434
33970
33977
33978
33979
33996
34011
34020
34029
34030
34031
30687
34041
30689
34050
34068
34069
34070
34085
34097
34098
34116
34117
34099
34100
34101
34119
34135
34136
34137
34148
34158
34173
34172
34171
34170
34169
34168
30694
34157
30693
34146
34145
34156
34166
34182
34181
34165
34155
34144
34127
34128
34129
34113
34112
34111
34093
34082
34081
34092
34110
34126
34143
34142
30438
34125
34109
34091
34080
30437
34064
34065
34066
34049
30688
34040
34039
34038
34028
34019
30436
34010
30435
33994
40784
35833
39337
39321
39320
39302
35831
39293
39294
39303
39304
39295
39285
39284
39283
35829
39282
39272
39256
39244
39232
39243
39231
39230
39242
39254
39255
39271
35828
39270
39281
39280
39291
39292
39301
39300
39314
39331
39332
39315
39316
39317
39318
39319
35832
39335
39336
39346
39358
35837
39359
39347
39348
40785
39360
39375
39374
39385
39386
40786
39403
40787
39419
39437
39436
39435
35841
39445
39446
39461
39477
39476
39460
39459
39458
35842
39444
39433
39432
39416
39398
39397
39415
39414
39413
39412
39428
39427
39426
39425
39442
39441
39424
39408
39390
39391
39392
39409
39410
39411
39393
39394
39395
39396
39382
39383
39399
39417
39434
35839
39418
39402
39401
39400
39384
39373
35836
39357
39345
35835
39334
39333
39343
39344
39356
39355
39372
39371
39370
39369
39368
39367
39366
39354
39353
39352
39340
35834
39341
39326
39327
39342
39328
39329
39330
39313
39312
39311
39310
39299
35830
39290
39309
39308
39325
39324
39307
39298
39289
39288
39277
39276
39260
39278
39263
39250
39262
39261
39249
35825
39237
39238
39227
39239
39251
39264
39279
39265
39252
39266
39267
39268
39269
39253
39241
39229
39219
39218
39204
39193
39183
39173
39164
39152
39151
39150
39149
39148
39163
39172
39182
39192
39203
39216
39217
39240
39228
39215
39214
39213
39202
39201
39190
39191
39181
39180
39179
39178
39169
39160
39170
39161
39144
35819
39137
39145
39162
39171
35821
39147
39146
39138
39123
39122
39106
39105
39095
39087
39079
39070
39061
39053
35814
39052
35541
39043
35540
39034
35539
39018
39019
35811
39008
38998
38999
38986
38987
38971
38972
38988
39001
39000
39011
39022
39021
35813
39010
39009
35812
39020
39035
39044
39036
39045
39054
39062
39071
39080
39088
39096
39107
39108
39124
39139
39125
39109
39097
39089
39081
39072
39063
39055
39046
39037
39023
39024
39012
39002
38989
38957
38939
38924
38912
38923
38911
38910
38922
38921
38909
38897
38896
38886
38887
38898
38899
38900
38888
35800
38872
38855
38838
38839
38822
38821
38837
38820
38803
38804
38787
38788
38805
38806
38823
38840
38841
38824
38825
38808
38791
38790
38807
38789
38777
38768
35791
38758
38748
38738
38737
38747
38757
38786
38776
38775
35792
38766
38767
38756
38746
38736
38735
38721
38711
35788
38694
38712
38722
38723
38713
38697
38698
38699
38700
38701
38702
38703
38724
38725
38726
38727
38728
38729
38739
38749
38759
38760
38750
38740
38741
38751
38761
38762
38752
38753
40761
40760
38743
38742
38732
38733
38718
38709
38691
40759
38681
38680
38690
38708
38717
35789
38707
38706
38689
38688
38705
38716
38731
38730
35790
38715
38714
38704
38687
38676
38675
38674
38673
38672
38671
38670
35787
38659
38658
38669
38686
38696
38695
38685
38668
38667
38684
38666
38655
38644
38634
38633
35527
38643
35528
38654
35529
38665
35530
38682
38683
38693
38692
38710
38719
35531
38734
38720
38745
38755
38765
35532
38744
35533
38754
38764
38774
38782
38783
38800
38799
38816
38833
38850
38867
38868
38851
38834
38817
38818
38801
38784
38785
38802
38819
38836
38835
38852
38853
38854
38871
38870
38869
38885
38884
35534
38895
35535
38907
38908
38920
35804
38936
38937
38938
38956
38955
38970
38969
38954
38953
38985
38984
38997
35538
38983
38968
35537
38952
38935
35536
38919
44421
44420
44412
44413
44397
44380
44396
44379
44378
44377
44360
44361
44353
44346
44345
44352
44376
44393
44409
44408
44392
44375
44374
44391
44407
44390
44406
44418
44431
44432
44433
41228
44444
44454
44471
44455
44472
44473
44456
44446
44445
44434
41224
44410
44394
44395
44411
44419
44435
44436
44437
44447
46314
44457
44474
46315
44482
44481
44480
44489
44498
44507
44516
44517
44518
44509
44508
44499
44490
44491
46316
46317
44500
46318
46319
46320
44526
46321
44535
44551
44550
44534
44525
44524
44533
44549
44548
44555
44570
44569
44587
44588
44589
44607
44608
44617
44616
41236
44625
44635
44647
44664
44665
44681
44682
44666
44649
46324
44637
44648
44636
44626
44627
44618
46323
44610
44609
44590
44571
44572
44556
44557
44573
44591
44592
44574
44558
46322
35542
39069
35543
39078
35544
39086
35545
39094
39102
39103
39104
39121
39120
39119
39118
35546
39136
35547
39143
35548
39159
39168
39167
35549
39177
35550
39187
35551
39198
39199
39188
39189
39200
39212
39226
39225
39211
39210
39209
35552
39224
35553
39236
39248
39259
35554
39275
35555
39286
39296
39287
39297
39306
39305
39322
39323
39339
39338
35556
39349
39361
35557
39376
35558
39387
39388
39377
39362
39350
39351
39363
39364
39365
39381
39380
39379
39378
35838
39389
39407
39406
39405
39404
39420
39421
39422
39423
35840
39440
39450
39449
35843
39464
39465
39480
39491
39508
39507
39524
39525
39526
39509
39492
39493
39494
39481
39466
39451
39452
39467
39468
39453
39454
39469
39470
39471
39456
39455
39429
39430
39431
39443
39457
39472
39473
39474
39485
39484
39483
39482
39500
39499
39498
39515
39514
39497
39496
39495
39511
39510
39527
39541
39553
39554
39542
39528
39529
39512
39513
39530
39531
39532
39533
39516
39517
39534
39543
39561
39562
39545
39544
39535
39518
39501
39502
39519
39503
39504
39486
39475
39487
39488
40788
40789
35844
39505
40790
39522
35845
39521
39537
39538
40791
39548
40792
40793
39575
39585
39584
35849
39574
39565
39564
35848
39547
35847
39520
35846
39536
39546
39563
39573
39583
39593
39594
39624
39641
39651
39679
39678
39666
39665
39648
39649
39639
39638
39621
39622
39604
39592
39603
39602
39601
39620
39637
39647
39646
39636
39619
39618
39635
39634
39633
39616
39617
39590
39580
39581
39591
39582
39572
39571
39570
39560
39559
39558
39557
39556
39555
39569
39579
39589
39600
39599
39588
39578
39568
39552
39551
39540
39550
39567
39577
39587
39598
39610
39609
39608
39597
35565
39586
35564
39576
35563
39566
35562
39549
39539
35561
39523
39506
39489
39490
39479
39463
39448
39439
39438
39447
35559
39462
35560
39478
46332
45017
45016
45032
45044
45031
45030
45015
45005
45006
45007
44990
41261
44979
44980
44963
46331
44951
44937
46330
44919
44918
44936
44950
44949
44961
44962
44978
44989
44988
44977
44960
44976
44975
44959
44974
44973
44972
44987
45001
45000
44999
44998
44997
44996
45012
44995
44986
44971
44970
44969
44958
44957
44943
44944
44926
44927
44928
41258
44929
44930
41259
44945
44946
44947
44948
44934
44935
44917
44916
44933
44932
44931
44915
44914
44899
44898
44868
44867
44851
44852
44853
44839
44840
44854
44870
44869
44884
44885
44900
44901
44902
44903
44886
44873
44874
44888
44887
44904
44905
44906
44889
46329
44876
44875
44859
44858
44857
44872
44871
44855
44856
44841
44828
44829
44842
44843
44860
44844
46328
44830
41252
44815
44816
46327
44802
44801
44787
44770
44754
46326
44742
44726
44725
44713
44714
46325
44698
44697
44680
44696
44695
44711
44712
44724
44741
44740
44752
44753
44769
44786
44785
44768
44767
44751
44739
44723
41244
44710
41243
44694
44677
44660
44661
44662
44678
44679
44663
44646
44645
44644
41238
44633
44634
44624
44615
44606
44605
44604
44586
44568
44567
44554
44544
44545
44546
44547
44532
44523
44515
44506
44497
44488
44479
44470
44469
44468
44453
44443
44430
44429
44428
44427
41227
44426
44403
44402
44417
44425
41226
44416
44401
41222
44385
41221
44367
44368
44369
44386
44387
44370
44371
44388
44404
44405
44389
44372
44373
44359
44351
44344
44337
44330
44323
44316
44309
44302
44279
44267
44266
44265
44264
44263
44262
41214
44278
44284
41216
44277
44261
44254
44255
44239
44240
44241
41212
44242
44243
44244
44228
44227
44226
44225
44200
44199
41209
44214
44224
44223
44222
44213
44198
44190
44181
44180
44189
44197
44196
44212
44221
44237
44238
44253
40908
44260
40909
44276
40910
44283
40911
44300
40912
44307
40913
44314
40914
44321
40915
44328
44335
44342
44349
40916
44356
40917
44364
40918
44381
40919
44398
44399
44400
41223
44415
41225
44423
44424
44441
44442
44452
44461
41229
44451
44450
44460
44476
41230
44475
44484
40922
44483
40923
44492
40924
44501
40925
44510
44511
44502
44493
44485
44494
44503
44512
44520
41231
44519
44528
40926
44527
44536
40927
44552
40928
44559
44575
44576
44577
44596
44578
44560
41233
44537
41232
44529
44530
44521
44513
44504
44495
44486
44477
44462
44463
44464
44465
44466
44467
44478
44487
44496
44505
44514
44522
44531
44543
44542
44541
44540
44539
44538
44553
44561
44579
44580
44598
44597
44613
44622
44630
44621
44612
41234
44595
44594
44593
44611
44619
44628
44620
44629
44639
44638
40929
44650
44651
44652
44640
44641
41240
44653
44654
44642
41239
44631
41237
41235
44600
44599
44581
44562
44563
44564
44565
44582
44583
44601
44602
44584
44566
44585
44603
44614
44623
44632
44643
44659
44658
44657
44656
44655
41241
44672
44673
44674
44675
44676
44693
44692
44691
44690
44689
44688
44687
44703
44719
41245
44731
44720
44704
44705
44706
44707
44708
44709
44721
44736
44722
44738
44737
44750
41247
44766
44783
44784
44799
44800
44814
44813
41251
44812
44797
44798
44782
44781
44780
44795
44796
44811
44827
44810
44826
44825
44824
44794
44793
41250
44777
44762
44763
44778
44779
44764
44765
44749
44735
44734
44733
44732
44748
44747
44746
41246
44730
44718
44717
44716
44700
44701
44702
44686
44671
41242
44670
44669
44685
44684
44668
44667
40930
44683
44699
40931
44715
44727
44743
44755
40932
44771
44788
40933
44803
44804
44818
44817
51323
46795
50115
50130
50138
46799
50146
50145
50144
50135
46798
50111
50112
46796
50128
50136
50137
50129
50114
50113
50096
50097
50090
50089
50082
50083
51322
51321
46794
51320
50045
50044
50052
50051
50058
50059
50076
50075
50074
50073
50072
50071
50070
50069
50068
50067
50066
50065
50064
50057
50050
50033
50034
50035
50036
50037
50038
50039
50040
50041
50042
50043
50027
50028
51319
51318
51317
50009
50002
49994
49986
51316
46785
49977
49985
49993
49984
49983
46787
49992
50000
50001
50008
50015
50016
46792
50022
50021
50014
50007
49999
46789
49991
49982
49965
49947
49946
49945
49964
49963
49962
49944
49943
49961
49960
49942
49941
49959
49958
49940
46784
49931
49922
49913
49912
49887
49896
49911
46782
49921
49930
46783
49929
49920
49910
49893
46493
49909
49919
49928
46494
49937
49938
49939
49954
49953
46495
49970
46496
49978
49987
49988
49996
49995
56886
56887
55184
55174
55173
55172
55162
55161
55171
55181
55182
55183
51766
55193
55203
56888
56889
55213
55223
56890
56891
55233
56892
55243
55259
55276
55275
51769
55287
55303
55302
55320
55321
55339
55354
55338
55337
55319
55301
55286
55285
55273
55272
55284
55299
55300
55318
55336
55335
55317
55316
55298
51770
55282
55283
55271
55270
55269
55254
55239
55229
55219
55209
55199
55189
55179
55169
55159
55149
55140
55130
55118
55107
55096
55085
55072
55073
55074
55057
55058
55040
55027
55028
55029
55011
55010
51756
54993
54994
54984
54985
54986
54978
56878
54969
56877
56876
54961
54952
56875
56874
54943
54942
54941
54933
54916
54915
54908
54907
54906
54905
54904
54903
54902
54901
54900
54899
54898
54888
54887
54886
54869
54870
54871
54872
54873
54858
54857
54856
54855
54854
54853
54868
51496
54885
54894
54895
51751
54911
54918
51497
54935
51498
54944
51499
54953
54962
51753
54954
54945
54936
54919
54920
54896
54897
54912
54913
54914
54925
54926
54927
54928
54929
54930
54931
54932
54940
54949
54958
54966
54967
54959
54950
54951
54960
54968
54977
54976
54975
51755
55009
55026
55039
55038
55056
55055
55054
55071
55106
55105
55104
55103
55115
55114
55127
55126
55137
55157
55147
55138
51763
55128
51761
55116
55117
55129
55139
55148
55158
55168
55167
55177
55178
55188
55187
55197
55198
55208
55218
55228
55227
55237
55238
55251
55252
55267
55266
55280
55265
55250
55249
55264
55279
55293
55294
55295
55296
55297
55313
55331
55332
55347
55348
55333
55334
55349
55350
55380
55381
55370
55369
55351
55352
55353
55371
55382
55393
56894
56893
50147
50139
46505
50140
50148
50156
50155
46506
50171
46507
50188
46508
50197
46509
50206
46510
50215
50232
46511
50241
46512
50251
46513
50261
50262
50252
50242
50233
50216
50207
50198
50208
50199
50200
50209
50210
50201
50192
50191
50190
50189
50172
50173
50174
50157
46802
50149
46800
50150
46803
46804
50175
50176
50159
50158
50143
50142
50141
50133
50134
50119
50118
50100
50093
50086
50079
50078
50085
50092
50099
50117
50132
50131
50116
50098
50091
46504
50084
46503
50077
46502
50060
50061
50054
50053
46501
50046
46500
50029
46499
50023
46498
50017
46497
50010
50003
50004
50011
50012
50005
49997
49989
49980
49979
49971
49972
49955
49956
49957
49973
49981
46786
49990
46788
49998
46790
50006
46791
50013
50020
50026
50032
46793
50025
50019
50018
50024
50030
50031
50048
50049
50056
50047
50055
50062
50063
50081
50080
50087
50088
50095
50094
50101
50102
50103
50120
46797
50121
50104
50105
50122
50123
50106
50107
50108
50109
50110
50127
50126
50125
50124
50161
50160
50177
50178
50162
50179
50180
50163
50164
50181
50182
50165
50183
50184
50185
50195
50194
50193
50202
50211
50227
50226
50225
50224
50223
50222
50221
46806
50220
46805
50219
50236
50245
50255
50264
46808
50254
50244
50235
50218
50217
50234
50243
50253
50263
50280
46810
46809
50281
50265
50266
50282
50297
50298
50299
50300
50315
50314
50330
50347
50329
50313
50312
50296
46811
46812
50311
46813
50326
46814
50342
46815
50360
50377
50361
50362
50344
50343
50327
50328
50345
50346
50363
50364
50365
50366
50349
50348
50331
50332
50333
50350
50367
50368
50369
50378
46816
50387
50388
50395
50394
50411
50418
50419
50425
50432
50438
50439
50433
50426
50427
51332
51331
50420
50413
50412
50396
50397
51330
50390
50389
50381
50380
50379
50370
50371
50372
50373
50382
51329
50356
50339
50323
50308
50307
50322
50321
50337
50338
50355
50354
50353
50352
50351
50334
50318
50317
50316
50302
50301
50286
50285
50284
50283
50267
50268
50269
50270
50271
50287
50288
50303
50304
50319
50335
50336
50320
50306
50305
50290
50291
50292
50276
50293
50277
50260
51328
51327
50250
50249
50240
46807
50231
50214
50230
50229
50239
50248
50259
50258
50275
50274
50289
50273
50272
50256
50257
50247
50246
50237
50238
50228
50213
50212
50203
50204
50205
50196
50186
50169
50168
50167
50166
46801
50151
50152
50153
50154
50170
50187
51324
51325
51326
45062
40941
45045
40940
45033
45018
45008
44991
40939
44981
40938
44964
40937
44952
40936
44938
44920
44907
44890
40935
44877
44878
44891
44908
41256
44879
44862
44861
44845
44831
40934
44832
44833
41253
44846
41254
44880
44892
41257
44909
44910
44893
44881
44863
44864
44882
41255
44865
44849
44837
44822
44836
44848
44847
44835
44821
44807
44791
44790
44806
44820
44834
44819
44805
44789
44773
44772
41248
44756
44744
44728
44729
44745
44757
44758
44759
44774
44775
44760
44761
44776
41249
44792
44808
44809
44823
44838
44850
44866
44883
44896
44897
44913
44912
44895
44894
44911
44925
44924
44923
44941
44942
44956
44967
44968
44985
44984
44994
44993
44983
44966
41260
44954
44955
44940
44922
44921
44939
44953
44965
44982
41262
44992
41263
41264
45009
41265
45019
45010
45011
45020
45038
41266
45021
45022
45023
45024
45025
45026
41267
45039
45027
45013
45002
45003
45004
45014
45029
45028
45040
45041
45042
45043
45060
45061
46333
45070
45079
45078
45069
45059
45068
45077
45093
45094
45095
45110
45127
46334
45139
45138
45137
45154
45155
45156
45168
45184
45183
45167
45166
45165
41275
45152
45153
45136
45135
45123
45124
45125
45126
45109
45108
45107
45092
45076
41270
45067
45058
45057
45056
45055
45066
45075
41271
45091
45106
45105
45122
45134
45121
45120
45119
45102
45103
45104
45090
45089
45054
45053
45052
45051
45065
45050
45049
45048
45037
45036
45035
45034
41268
45046
45047
45063
45064
41269
45073
45083
45084
41272
45085
45074
45086
45087
45088
45101
45118
45117
45100
45099
45116
45133
45115
45114
45098
45113
41273
45130
45142
45141
45129
45112
45097
45081
45082
45072
45071
45080
40942
45096
40943
45111
40944
45128
40945
45140
40946
45157
40947
45169
45185
45195
40948
45205
45206
41282
45222
45233
40949
45232
40950
45249
40951
45259
40952
45269
45270
45260
45250
45234
45251
45261
45271
45291
45281
45272
45262
45252
45236
45235
45225
41283
45224
45223
45207
45197
45196
45186
45187
45171
45170
45158
45159
45160
45172
45161
45143
41274
45131
45132
45144
45145
45146
45147
45148
45149
45150
45151
45164
45180
45179
45178
45177
45176
45175
45174
45163
45162
41276
45173
41277
45188
41279
45198
41281
45208
45209
45210
45199
45189
45211
45212
45213
45214
45215
45200
45190
45228
45245
45244
45242
45241
45240
45239
45238
45226
45237
45253
45263
45273
45282
45292
45302
45301
45317
45326
41286
45300
41285
45290
45280
41284
45279
45289
45299
45298
40954
45288
40953
51333
50434
50440
51334
51335
50447
50446
50463
50464
51336
50470
46822
50469
50475
50493
46824
50516
50522
51337
51338
50528
50544
51339
51340
50550
50556
51341
51342
50562
50561
50567
50568
51343
51344
50574
50573
50572
50566
50560
50554
50548
50555
50549
50543
50542
46825
50526
50527
50521
50515
50498
50492
50491
50497
50496
50490
50489
50488
50487
50486
50485
50484
50483
50482
50481
50480
50479
46821
50449
50466
50472
50477
50478
46823
50495
50501
50518
50524
50502
50503
50504
50505
50506
50507
50508
50509
50510
50511
50512
50513
50514
50520
50519
50525
50541
50540
50539
50538
50537
50536
50535
50534
50533
50532
50531
50530
50547
50546
50552
50558
50553
50559
46826
50578
50577
50576
50593
50594
50599
50600
50601
50579
50580
50581
50582
50583
50584
50585
50586
50587
50588
50595
50589
50590
50596
50612
50628
50645
50644
50627
46830
50611
50610
50609
50608
50625
50641
50626
50642
50643
50659
50658
50657
50656
50655
50639
50640
50624
50607
50606
50623
50622
50621
50605
50604
50603
50602
50619
50620
50637
50638
50654
50653
50652
50636
50635
50651
50650
50666
46832
46831
50633
50634
50618
50617
50616
50615
50598
46829
50614
50630
50631
50632
50649
50648
50647
50664
50665
50673
50672
50671
46537
50663
50646
46536
50629
50613
50597
46535
50592
46534
50575
46533
50569
50570
46827
50571
50565
50564
50563
46532
50557
46531
50551
46530
50545
46529
50529
50523
46528
50517
46527
50499
50500
50494
50476
50471
50465
46526
50448
46525
50441
46524
50442
50435
46819
50436
50443
46820
50450
50451
50452
50453
50454
50455
50456
50457
50458
50459
50460
50461
50467
50473
50474
50468
50462
50445
50444
50437
50431
50424
50417
50410
50409
50408
50407
50406
50405
50404
50403
50402
50401
46818
50393
50386
50400
50399
50415
50416
50423
50430
50422
50429
50428
46523
50421
46522
50414
46521
50398
46520
50391
46817
50392
50385
50376
50359
50341
50358
50375
50384
50383
46519
50374
46518
50357
46517
50340
46516
50324
46515
50325
50310
50295
50279
46514
50278
50294
50309
56897
55534
51784
55547
55533
55519
55505
55504
55490
55489
55488
55502
55503
55516
55517
55518
55532
55531
55530
55515
55501
55500
55513
55514
55528
55529
55543
55544
55556
55557
55545
55546
55558
55559
55571
51788
51790
51792
56898
55608
51795
56899
56900
56901
56902
56903
55671
55660
55648
55636
55624
55607
55606
55594
55595
55583
55582
55570
55569
55581
55593
55605
55592
55591
55579
55580
55568
55567
55555
55542
55527
55541
51786
55554
55566
55578
55590
55602
55603
55604
51794
55621
55622
55623
55635
55647
55646
55634
55633
55645
55657
55668
55669
55658
55659
55670
55681
55680
55691
55692
55703
55704
55693
55682
55683
51798
55694
56904
56905
55734
55733
55721
55720
55732
55746
55747
55748
55766
55765
55764
55762
55778
55794
55793
55806
55807
55822
55821
55837
55838
55839
55823
55808
55809
55824
51808
51810
55854
55855
55870
56906
55886
55901
55916
55915
51815
51817
55930
55946
55945
55961
55978
55977
55976
55993
56009
56024
56023
56008
55992
51819
55975
55958
55942
55941
55926
55927
55912
55913
55898
55883
55882
55881
55880
55879
55863
55862
51811
51809
55833
55832
55831
55830
55857
55845
55846
55847
55861
55876
51812
55891
51814
55906
51816
55921
55936
55952
55953
55954
55938
55923
55922
55907
55892
55877
55878
55893
55908
55909
55894
55895
55910
55925
55924
55939
55940
55956
55957
55974
55973
55972
55971
55970
55988
55989
56005
56020
56035
56034
56019
56004
56003
56002
55985
55984
56001
56016
56017
56018
56033
56063
56077
56030
56015
56000
55983
55966
55965
55982
55999
56014
56029
56044
56059
56072
56087
56088
56073
56075
56074
56089
56090
56122
56121
56120
56136
56137
56153
56152
56058
56043
51544
56028
51543
56013
51542
55998
51541
55981
55964
51540
55948
51539
55932
51538
55917
55902
55887
55871
51537
55856
55842
55843
55828
51536
55827
55811
55798
51535
55783
51534
55767
51533
55749
55750
55736
55735
55722
55705
55697
55707
55709
55710
55726
55740
55739
55754
55755
51801
51799
55712
55711
55713
55741
55758
55759
55760
55742
51802
55727
51800
55714
55715
55716
55728
55729
55743
55761
55777
55776
55791
55790
55789
55788
51804
55772
55773
55756
55757
55774
55775
55803
55804
55792
55805
55820
55819
55818
55817
55816
51807
55815
51806
55802
55787
55771
51803
55753
55752
55751
55737
55738
55770
55786
55801
55814
55813
55800
55785
55769
55768
55784
55799
55812
55829
55844
55858
55859
55860
55875
55905
55920
55935
55934
55919
55904
55889
55890
55874
55873
55872
55888
55903
55918
55933
55949
55950
55951
55967
51818
55968
55986
55987
55969
55937
55955
55991
55990
56006
56007
56022
56021
56036
56037
56052
56051
56065
56066
51826
56081
56097
56111
51830
56128
56145
56144
56143
51829
56096
56095
51828
56094
56079
56078
56093
56092
56091
56076
56062
56061
56060
56045
56046
56031
56032
56047
56048
56049
56050
51824
56064
56080
56127
56126
56125
56141
56140
56156
56138
56154
56170
56185
56184
56169
56168
56183
56200
56234
56235
56218
56219
51841
56252
56266
56250
56251
56267
56284
56283
56300
56301
56315
56314
56347
56346
56363
56380
56411
56410
56427
56364
56381
56383
56397
56413
56412
56445
56444
51851
56428
56429
56430
56446
56447
56431
56414
56415
56398
56384
56366
51847
51846
56349
56317
56303
56318
56336
56319
56320
56321
56338
56337
56371
56372
56386
56385
56403
56420
56438
56373
56374
56357
56358
56341
56324
56308
56294
56295
56296
56297
56280
56263
56262
56261
56260
56259
56258
56226
51838
56227
56243
56242
56241
56240
56239
56238
51840
56222
56223
56224
56208
56209
56192
56193
56194
51837
56210
56195
56178
51835
56162
56161
56177
56176
56160
56159
56142
56158
56157
56173
56188
56205
56221
56237
56236
51839
56220
56204
56203
56202
56201
56217
56216
56233
56249
56265
56282
56299
56313
56329
56330
56331
56348
56365
56382
56396
56395
56394
56393
56379
51553
56362
51552
56345
51551
56328
51550
56312
51549
56298
51548
56281
51547
56264
51546
56248
51545
56232
56215
56199
56182
56167
56151
56135
56119
56105
56106
56107
56108
56109
56110
56124
56123
56139
56155
56171
56172
56186
56187
56174
56189
56206
56207
56190
56175
56191
56225
56256
56257
56274
56291
56305
56304
56290
56273
56272
56289
56288
56271
56255
56254
56253
56270
56287
56286
56269
56268
51842
51843
56285
56302
56316
51844
51845
56332
56333
56350
56367
56368
56351
56334
56335
56352
56369
56370
56353
56354
56355
56356
56339
56340
56323
56322
56306
56307
56293
56292
56275
56276
56277
56278
56279
56245
56244
56228
56229
56212
56211
56196
56179
56180
56197
56213
56230
56246
56247
56231
56912
56214
56198
51836
56181
56910
56911
50808
50814
46543
50830
50838
46544
50846
46545
50854
46546
50862
46547
50871
50880
46548
50889
46549
50898
46550
50907
46551
50916
46552
50925
46553
50934
46554
50943
46555
50952
46857
50960
50961
50962
50955
50954
50953
50945
50944
50935
50936
50946
50937
50928
50919
50918
50909
50900
50891
50890
50881
46855
50873
50872
50863
50864
50856
50855
50847
50848
50849
50850
50841
50840
50839
46851
50831
50832
50833
50817
46850
50810
50816
50815
46849
50809
46847
50792
50776
50777
50793
50794
50778
50779
50795
50796
50818
50819
50820
50799
50821
50822
50823
50824
50825
50826
50827
50828
50812
50811
50789
50773
50766
50756
50755
50765
50787
50786
50785
50803
50802
50801
50800
50784
50783
50782
50798
50797
50781
50780
46843
50763
50745
50744
46839
50728
50729
50730
46840
50746
50747
46841
50748
50749
50750
50734
50733
50732
50731
46838
50722
50721
50720
50703
50696
50681
50680
50679
50678
46538
50694
46539
50701
50695
50702
50719
46540
50718
50727
50743
50759
50760
50761
50762
50771
50770
50769
46845
46846
50791
46542
50775
46541
50768
56166
51834
56149
56150
56134
56118
56104
56086
56085
56103
56102
56116
56117
56133
56132
56115
56131
56147
56148
56165
56164
56163
51833
56146
56130
51832
56129
51831
56112
56098
56099
56113
56114
56100
56101
56083
56084
56070
51825
56071
56057
51823
56041
56056
56055
56069
56082
51827
56067
56068
56054
56053
56038
56039
56040
56025
56010
51821
56026
51822
56042
56027
56012
56011
55997
56909
55980
55963
56908
56907
55931
55947
55962
55979
55996
51820
55995
55994
55960
55959
55943
55944
55929
55914
55928
55911
55896
55897
55867
55866
55865
55864
55849
55848
55834
55835
55836
55850
55851
55852
55853
55868
55884
55899
51813
55900
55885
55869
55840
55841
55826
55825
51805
55810
55797
55782
55781
55780
55796
55795
55779
55763
55745
55744
55730
55731
55719
55702
55718
55717
55701
55690
55679
55667
55656
55644
55632
55620
55619
55618
55617
55616
55643
55642
55630
55631
55615
55614
55600
55601
55589
55577
55565
55553
55540
55539
55538
55551
55537
55550
55562
55574
55575
55563
55552
55564
55576
55588
55587
55599
55613
55612
55611
55627
55628
55629
55641
55653
55654
55655
55666
55678
55689
55700
55699
55688
51797
55677
55665
55664
55676
55663
55675
55687
55698
55708
55725
55724
55723
55706
55696
55695
51532
55684
55685
55686
55674
55673
51531
55672
62496
62497
61615
61626
62498
62499
61636
62500
61652
61670
61669
61685
57359
61668
57357
61635
61625
61614
61613
61604
61596
61587
61586
61585
61576
61567
61558
61568
61577
61578
61579
61588
61597
61605
61606
61598
62495
62494
61589
61580
62493
62492
61571
61562
62491
62490
61554
61538
62489
62488
61530
61529
61537
57353
61553
61561
61570
61569
61560
61559
61552
61536
61528
61527
61535
61551
61550
61549
61548
61547
61546
61545
61534
61526
61513
61514
61515
61516
61517
61518
61501
61502
61519
61520
61521
61503
61494
61493
61479
61480
61504
61505
57352
61522
62487
62486
61496
61495
61481
61482
61468
61467
61450
61451
62485
62484
61441
61431
62483
62482
61421
61420
61419
61409
61408
61407
61391
61392
61384
61383
61375
61367
61368
61376
61377
61378
61386
61385
61393
61394
61410
61411
61395
62481
62480
61387
61379
62479
62478
61371
61370
61369
61361
57342
61349
61350
61351
61362
61363
61352
62477
61340
61339
61338
61337
61321
61320
61319
61335
61336
61348
61360
61359
61347
61334
61318
61300
61301
61283
61266
61267
61284
61285
61286
61302
61303
61304
61322
61323
61305
61324
61306
61288
61287
61269
61270
61263
61249
61243
61228
62476
62475
61220
61219
61212
61196
61211
61210
61209
61218
61226
61239
61240
61241
61227
61242
57334
61262
61268
57338
61261
61248
61247
61260
61259
61258
61257
61256
61255
61279
61280
61281
61282
61299
61298
61316
61317
61333
61332
61331
61314
61315
61297
61296
61278
61254
61253
61265
61277
61276
61294
61295
61313
61312
61293
61275
61274
61292
61309
57339
61326
61310
61311
61327
61345
61357
61358
61346
61328
61329
61330
57340
57341
61366
61374
61382
61390
61401
61402
61403
61404
61405
61406
61417
61418
61428
61427
61437
61438
61429
61430
61440
61439
61449
61466
61465
61464
61448
61447
61463
61462
61476
61477
61478
61492
61491
61490
61489
61488
61487
61473
61474
61475
61461
61460
61459
61458
61446
61436
61426
61416
61400
61399
61398
57348
61415
61414
61424
61425
61435
61434
61444
61443
61433
61423
61413
61397
57347
61389
57346
61381
57345
61373
57344
61365
57343
61355
61356
61344
61343
61342
61354
61353
61364
61372
61380
61388
61396
57085
61412
57086
61422
57087
61432
57088
61442
57089
61452
57090
61469
57091
61483
57092
61497
61498
61499
61485
61484
61470
61453
61471
61454
61445
57349
61455
61456
61457
57350
61472
61486
57351
61500
61512
61511
61510
61509
61525
61533
61532
61524
61508
61507
61506
57093
61523
57094
61531
61539
61540
57354
61555
61564
57095
61563
57096
61572
57097
61581
57098
61590
61591
57355
61599
61600
61592
61583
61582
61573
61574
61565
61556
61541
61542
61543
61544
61557
61566
61575
61584
61593
61601
61610
57356
61621
61620
61619
61609
61608
57099
61607
61616
57100
61627
61637
61653
61671
61687
57101
61705
57102
61713
57103
61721
61729
57104
61746
61763
61779
57105
61796
61797
61798
61781
61780
61764
61765
61766
61767
61783
61782
61799
61784
61768
61750
61749
57364
61732
61733
61734
61735
61751
61752
61736
61737
61753
61770
61769
61785
61786
61787
61788
61789
61790
61791
61774
61773
61756
61755
61772
61771
61754
61738
61739
61740
61757
61758
61742
61741
61726
61718
61710
61700
61699
61698
61682
61683
61665
61664
61681
61697
61696
61695
61717
61725
61724
61716
61708
61709
61693
61694
61678
61677
61676
61692
61675
61691
61690
61689
61707
61715
61723
61731
61748
61747
61730
61722
61714
61706
61688
61672
61654
61638
61628
61617
61618
61629
61640
61639
61655
61673
61674
61656
61657
61641
61630
61631
61643
61642
61658
61659
61660
61644
61645
61646
61661
61679
61680
61662
61663
61647
61648
61649
61633
61632
61622
61611
61602
61594
61595
61603
61612
61623
61624
61634
61651
61650
61666
61667
57358
61684
61701
61711
61702
57360
61703
61686
61704
61712
57361
61720
61728
62501
57363
61745
57362
61719
61727
61743
61744
61760
61759
57365
61775
57366
61792
61803
57367
61793
61794
61777
61776
61761
61762
61778
62502
62503
61795
62504
61821
61805
61804
57368
61820
61829
57369
61846
61830
62505
62506
61847
61856
61866
61865
61855
57371
61845
57373
61864
61879
61880
61881
61891
61882
62507
61892
61909
61917
61916
61908
61907
61915
61906
61890
61889
61878
61863
61854
61844
61828
61819
61802
61801
61818
61817
61816
61815
61814
61813
61812
61800
61811
61826
61810
61809
61825
61824
61833
61850
61859
61858
61849
61832
61823
61808
61807
61806
57106
61822
61831
61848
61857
61867
61868
61884
61883
57107
61893
61910
61918
57108
61934
61935
61919
61911
61894
61895
61885
61869
61870
61860
61851
61834
61835
61836
57370
61852
61861
57372
61837
61838
61839
61840
61841
61842
61827
61843
61853
61862
61877
61876
61875
61874
61873
61872
61871
57374
57375
61887
61897
61898
57377
61899
61900
61901
61902
61903
61904
61888
61905
57378
61914
61930
61931
61939
61947
61964
57382
61980
61981
61966
61965
61948
61940
57380
57379
61932
61933
61941
62508
61949
61967
61982
61988
61987
57384
62002
62003
62004
62005
62022
62509
62028
62044
62510
62511
62512
62513
62514
62515
62516
62517
62518
62519
62520
62521
62155
62159
62158
57390
62154
62150
62133
62149
62148
62147
62146
62145
62144
62127
62126
62143
62142
62125
62108
62109
62110
62128
62111
62112
62129
62130
62113
62114
62131
62132
62115
62116
62099
62095
62091
62087
62083
62080
62077
57386
62061
62060
62059
62076
62075
62074
62073
62072
62107
62106
62123
62124
62141
62140
62139
62122
62105
62104
62121
62138
57389
62137
62120
62103
62102
62098
62097
62101
62118
62119
62136
62153
62152
62157
62161
62166
62165
57117
62160
57116
62156
62151
57115
62134
62135
62117
62100
62096
57114
62092
57113
62093
62094
62090
62089
62086
62085
62082
62079
62063
62064
62065
57387
57388
62066
62067
62068
62051
62050
62032
62033
62034
62035
62053
62052
62069
62070
62071
62054
62036
62037
62038
62055
62056
62057
62039
62040
62058
62041
62026
62042
62043
62027
62021
62020
62019
62018
62001
62000
62017
62016
61999
61979
61978
61960
61961
61962
57381
61963
61946
61938
61929
61928
61927
61926
61925
61924
61956
61955
61973
61974
61975
61957
61958
61959
61977
61976
61996
61997
61998
62015
62014
62013
62012
61995
61994
62011
62010
62009
61993
61986
57383
61972
61971
61953
61954
61945
61937
61922
61923
61896
61886
57376
61913
61921
61912
61920
61936
61944
61952
61951
61943
57109
61942
61950
61968
61969
61970
61985
61984
61983
61989
62006
57110
62023
62024
62007
61990
61991
61992
62008
62025
57385
62031
62049
62048
62047
62046
62030
62029
62045
62062
62078
62081
57111
62084
57112
62088
68165
67578
67577
67586
67587
67604
68166
68167
67621
67638
68168
68169
67655
68170
67672
67671
63021
67654
63020
67637
63019
67620
63018
67603
67602
63017
67585
67576
67575
67574
67573
67572
67571
67570
67569
67568
67567
67566
63016
67594
67593
67610
67611
67628
67645
67662
67663
67646
67647
67664
67665
67666
67667
67650
67633
67632
67615
67616
67617
67618
67619
67636
67653
67670
67678
67696
67695
67712
67713
67714
67697
67679
67680
68171
68172
68173
63024
67721
67720
63025
67736
67737
67738
68174
67755
67754
67772
67771
67778
67777
67785
67803
67810
67817
67824
67830
67831
67825
67818
67811
67804
67786
67787
67779
67780
67781
68175
68176
62170
62171
62172
62173
62174
62175
57391
62187
57118
62190
62191
62195
62199
57119
62194
57120
62198
57121
62202
62203
57392
62206
62210
62214
62218
62221
62224
62243
62225
62226
62227
62245
62246
62228
62229
62230
62231
62232
62233
62234
62235
62253
62254
62236
62237
62255
62256
62238
62239
62240
62222
62219
62215
57393
62211
62212
62208
62205
62207
62204
62176
62177
62178
62179
62180
62181
62182
62183
62184
62162
62167
62185
62188
62192
62196
62200
62201
62197
62193
62189
62186
62168
62163
62164
62522
62523
62169
62524
62525
62526
62527
62528
62529
62530
62531
62216
62532
62533
56540
56530
51559
56520
51558
56509
51557
56510
56499
51853
56489
56488
51556
56477
51555
56466
51554
56455
56456
56457
56458
56469
56480
56468
56467
56478
56479
56490
56491
56501
56512
56500
56511
56522
56521
56531
56532
56523
56533
56543
56556
56544
51855
56534
56524
56513
56502
56492
56481
56470
56459
51852
56448
56432
56433
56434
56435
56418
56417
56416
56399
56400
56401
56402
56419
56436
56437
56449
56460
56471
56482
56493
56503
56514
56525
56535
56515
56526
56536
51856
56546
56564
56580
56579
56563
56562
56578
51858
56595
56596
56597
56581
56582
51859
56598
56610
56609
56608
56620
56632
56644
56645
56633
56621
56622
56634
56635
56928
56929
56647
56659
56930
56931
56671
56670
56682
56683
56932
56933
56695
56694
56693
56681
56669
56668
56678
56666
56654
56642
56630
56643
56631
56619
56607
56618
56606
56577
56561
56545
56560
56559
56558
56557
56574
56575
56576
56594
56593
56592
56591
56573
56572
56590
56589
56571
56555
56554
56553
56542
56541
56552
56568
56569
56570
56588
56603
56602
56587
56586
56601
56613
56625
56614
56626
56638
56639
56627
56615
56616
56604
56605
56617
56629
56628
56640
56641
56653
56665
56664
56652
56651
56663
56662
56650
56649
56661
56673
56674
56675
56676
56677
56689
56688
56687
56686
56685
56684
51567
56672
51566
56660
51565
56648
51564
56637
56636
51563
56624
51562
56612
51561
56600
51560
56585
56567
56551
62534
62535
62536
62537
62538
62539
62540
62541
62300
62297
62294
62291
62288
62285
62282
62279
62275
62276
62258
62257
62274
62273
62272
62271
62270
62252
62251
62269
62268
62250
62249
62267
62266
62248
62247
62265
62264
62263
62244
62262
62261
62278
62281
62284
62287
62290
62293
62296
62299
62298
57133
62295
57132
62292
57131
62289
57130
62286
57129
62283
57128
62280
57127
62277
57126
62259
62260
62242
62241
62223
62220
57125
62217
57124
62213
57123
62209
57122
68181
68180
68179
68178
68177
63031
67789
67788
63030
67805
67812
67819
67826
67832
67839
67852
68182
68183
67858
67876
67894
67893
67892
67873
67874
67875
67857
67851
67846
67845
63034
67838
67837
67844
67850
67856
67872
67890
67891
67909
67910
67911
67912
68184
68185
67926
67919
67918
67925
67932
67933
68186
68187
67940
67947
68188
68189
67954
67961
68190
68191
67968
67967
67960
67953
67946
67939
67906
67888
67886
67868
63033
67836
67829
67823
67816
67809
67794
67784
67795
67796
67797
67798
67799
67800
67801
67802
67762
67763
67748
67732
67707
67708
67709
67710
67693
67692
67691
67690
67689
67706
67705
67688
67687
67704
67703
67686
63022
67661
67660
67659
67642
67641
67624
67625
67643
67644
67627
67626
67609
67608
67607
67606
67623
67640
67657
67658
67675
67674
67683
67682
67699
67715
67698
67681
67673
67656
67639
67622
67605
67588
67579
67580
67589
67590
67581
67591
67592
67582
67565
67564
67563
67562
67553
67554
67555
67556
67538
67539
67523
67516
67495
67496
67479
67480
67481
67497
67498
67482
67483
67484
67485
67486
67502
67501
67500
67499
67527
67526
67525
67524
67540
67541
63015
67542
67543
67544
67528
67529
67545
67546
67530
67531
67532
67533
67517
67510
67504
67503
67487
67469
67468
67467
67466
67465
67464
67463
67462
67461
67478
67494
67509
67508
63011
67515
67522
67521
67537
67536
67520
67514
67507
62735
67491
67475
67457
67458
67476
67492
67493
67477
67459
67460
67452
67451
67443
63005
67435
63003
67426
67425
67424
67409
67398
62733
67381
67365
67353
62732
67341
67330
67319
67308
67296
62731
67284
62730
67272
62729
67259
62728
67247
67235
67222
67205
67204
67188
67189
67191
67192
67193
67176
62982
67160
67145
67146
67128
67113
67114
67129
67130
67131
67132
67115
67116
67133
67148
67134
67135
67136
67118
67117
67101
67100
67099
67083
67084
67085
67086
67070
67071
67087
67088
67104
67103
67102
67119
67120
67121
67105
67089
67090
67106
67122
68150
68149
68148
68147
67074
67058
68146
67042
67025
68145
68144
67010
67009
66994
66993
67008
67024
67041
67057
67073
67072
67056
67055
67039
67040
67023
67022
67007
67006
67021
67020
67037
67038
67054
67053
67069
67068
67067
67051
67052
67036
67035
67034
67033
67066
67050
67032
62980
67017
67002
66987
66988
66989
67003
67018
67019
67004
67005
66990
62979
62978
66976
66991
66992
66977
66964
66965
66978
66966
66951
66938
66921
66922
66939
66940
66952
66967
66979
66995
66980
66968
66953
68143
68142
66923
68141
68140
66906
66905
66904
66889
66890
66891
68139
68138
66876
66875
66874
66873
66859
66860
66846
66845
66844
66858
66857
66856
66870
66885
66900
66901
62973
66918
66919
66902
66887
66886
66871
66872
66888
66903
66920
66937
66950
66949
66936
62974
66935
66948
66963
66962
66961
66960
66975
62977
66959
62976
66947
62975
66931
66932
66933
66934
66917
66916
66915
66914
66899
66884
66883
66869
62972
66855
62971
66841
62970
66827
62969
66813
66812
66826
66825
66810
66811
66797
66796
66783
66784
66785
66798
66799
62966
66786
66800
66801
66787
66788
66774
66773
66772
66759
66760
66761
66749
66748
62963
66736
66737
66725
66724
66706
66707
66708
66709
66727
66726
66738
66750
66739
66740
66741
66752
66751
66763
66762
66775
66789
66790
66776
66791
66805
66804
66818
66817
66803
66802
66816
66815
66814
66828
66842
66843
66829
66830
66831
66832
66847
66861
66862
68137
66848
68136
68135
66834
66833
66819
66820
68134
68133
66806
66792
68132
68131
66778
66777
66764
66765
66753
68130
61341
61325
61307
61308
61289
61290
61291
61273
61272
61271
61264
61250
61244
61229
61221
61213
61197
61198
61199
57329
61214
61222
57330
57331
61230
61245
57333
57335
57337
57336
61251
61252
61246
61232
61231
57332
61223
61215
61201
61200
61190
57328
61191
61192
61176
61175
61164
61174
61173
61172
61189
61188
61171
61161
61160
57084
61149
57083
61138
57082
61121
57081
61103
61104
57324
61122
61123
61141
61140
61139
61150
61151
61162
61163
61152
61153
61142
61124
61107
61108
61090
61072
57323
61062
61061
61060
61070
61071
61088
61089
61106
61105
61087
61086
61085
61069
57080
61059
57079
61043
57078
61029
61030
61044
61045
61046
61047
61063
61064
61073
61074
61075
61076
61094
61112
61113
61114
61131
61130
61129
61128
61111
61093
61092
61110
61127
61109
61091
61125
61126
61144
61155
61143
61154
61165
61166
61177
61193
61178
61179
61180
61181
61182
61207
61206
61205
61204
61203
61202
61216
61224
61233
61234
61235
61236
61237
61238
61225
61217
61208
61194
61195
61184
61185
61186
61187
61169
61158
57326
57327
61168
61183
61167
61157
61156
61145
61132
61115
61116
61133
61146
61134
61118
61117
61099
61098
61097
61096
61095
61077
61078
61079
61065
61053
61036
61052
61051
61035
61034
61050
61049
61033
61048
57321
57320
61025
61015
57316
61001
61000
60982
60983
60984
61002
61003
61004
61005
60987
60986
60985
60972
60962
60952
60942
60932
60922
60912
60902
60892
60882
60872
60859
60858
60857
60856
60855
60870
60879
60878
60888
60898
60908
60909
60910
60900
60890
60899
60889
60880
60871
60881
60891
60901
60911
60921
60931
60941
60951
60961
60971
60981
60980
60970
60960
60959
60949
60950
60940
60930
60920
60919
60929
60918
60928
60939
60938
60948
60958
60969
60979
60997
60998
60999
61024
61032
61031
61023
57318
61014
61013
60996
61012
61022
61021
61011
60995
60977
60978
60968
60967
57077
60957
57076
60947
57075
60937
57074
60927
57073
60917
57072
60907
57071
60897
57070
60887
57069
60877
57068
60867
57067
60852
60853
60868
60869
60854
60836
60837
60838
60839
60840
60823
60841
60824
60825
60842
60860
60861
60843
60826
60813
60798
57310
60782
60765
60764
60749
60750
60736
60735
60720
60721
60703
57302
60692
60704
60693
60682
60671
57298
60654
60655
57300
60658
60657
60656
60640
60641
60642
60643
60644
60628
60629
60619
60618
60609
60608
60597
60579
60580
60564
60563
60562
60561
60578
60596
60595
60577
60560
60559
60558
60549
60542
60535
60528
60527
60534
60541
60548
60557
60556
60555
60571
60572
60573
60574
60575
60576
60594
60593
60592
60591
60590
60589
60605
60615
60625
60624
60634
60635
60636
57297
60652
60637
60638
60626
60616
60606
60607
60617
60627
60639
60653
60670
60681
60680
60691
60690
60669
60651
60668
60679
60678
60689
60701
60716
60702
60717
60718
60719
57304
60734
60748
57308
60780
60781
60797
60812
60822
60821
60820
60811
60796
60779
57309
60762
60763
60747
60746
60733
60732
60745
60761
60778
60795
60810
57312
60835
60819
57066
60809
57065
60794
57064
60777
57063
60760
57062
60744
60731
60715
60700
60688
57061
60677
60666
60667
60650
60649
57060
60633
60623
57059
60614
60613
57058
60603
57057
60604
60588
60587
65997
66013
66012
66011
66027
66028
66029
66045
66044
66055
62911
66043
62909
66026
66010
65995
65994
65993
62904
65976
65960
65948
65947
65946
65945
65944
65943
62901
65930
62899
65929
65942
65941
65940
65928
65927
65926
65925
62687
65937
62688
65954
62689
65965
65966
65983
65984
62906
65999
65985
65967
62903
65956
65957
65958
65959
65970
65971
65972
65990
66004
66005
66023
66022
66038
66037
66036
66035
66019
66001
66002
66003
65989
65988
65987
65969
65968
65986
66000
66018
66017
66016
66032
66033
62910
66048
66049
66034
66050
66061
62914
66072
62916
66083
62917
66095
62919
66107
62920
66120
62922
66136
62924
66149
66150
66137
62921
66121
66122
66123
66124
66108
66096
66084
66085
66074
66073
66062
66063
66052
66053
66041
62908
66024
62907
66007
66008
66009
66025
66042
66054
66065
66064
66075
66076
66087
66099
66098
66086
66097
66109
66125
66138
66151
62928
66168
62926
66152
62925
66139
66140
66126
66110
66111
66127
66128
66112
66113
66143
66144
66131
66115
68105
66102
66090
68104
66078
66067
66056
66066
62913
62915
66077
66089
66088
62918
66100
66130
66114
66101
66129
62923
66142
66141
66153
66169
66170
66154
66155
66156
66157
62927
66171
66187
68106
62929
62931
62932
66222
66213
66205
66196
66186
66185
66184
66183
66194
66195
66204
66203
66211
66212
66220
66221
62933
66230
66231
66232
66248
68107
68108
66257
66247
66256
66255
66264
66273
66274
66265
66266
62936
68109
68110
68111
68112
68113
68114
68115
68116
68117
68118
66346
66337
66328
66319
66310
66301
66292
66283
66282
66291
66300
66309
66318
66327
66336
66345
66354
66355
66364
66382
66396
66412
68119
66438
62940
66437
66447
66458
66459
66475
66491
66503
62950
66502
66490
66474
66473
66457
66446
66456
66455
66470
66471
66472
66488
66489
66501
62949
66518
66519
66530
66541
66552
62952
62953
68120
68121
66581
66580
66569
66579
66578
66595
66596
66606
66616
66617
66607
66597
66598
68122
68123
66608
66618
68124
68125
68126
66652
66668
68127
68128
66678
66694
66712
66730
68129
66742
66729
66728
66710
66711
66693
66677
66667
66651
66635
66634
62956
66633
62957
66650
62958
66666
66676
66692
62960
66691
62959
66675
66665
66664
66648
66649
66632
66631
66614
66604
66615
66605
66594
62955
66577
66566
66564
66563
66562
66561
62954
66560
66559
66558
66546
66535
66524
66525
66510
66511
66512
66513
66514
66484
66483
66482
66466
66467
66468
66469
62942
66454
66445
66435
66434
66433
66432
66431
66430
66429
66428
66465
66481
62946
62944
66453
66444
66443
62941
66452
62943
66464
62945
66480
62947
66496
66497
66509
66508
66507
66523
66522
66521
66506
66495
66479
66463
66451
66442
66425
66426
66427
66418
66417
66402
66388
66370
66360
66351
66342
66333
66324
66315
66306
66297
66288
66279
66270
66261
66252
66238
66239
66240
66241
66242
66253
66262
66271
66280
66289
66298
66307
66316
66325
66334
66343
66352
66361
66376
66377
66378
66379
66393
66392
66391
66390
62938
66375
66374
62937
66373
66372
66371
66389
62939
66403
66404
66405
66406
66407
66408
66419
66409
66420
66436
66421
66411
66410
66394
66395
66381
66380
66363
66362
66353
66344
66335
66326
66317
66308
66299
66290
66281
66272
66263
66254
66246
66229
66245
66244
66243
66228
66219
66210
66202
66193
66180
66181
66182
66167
66166
66165
66164
66179
66178
66177
66192
66201
66209
66218
66227
66237
66236
66251
66260
62935
66269
66277
66278
66287
66286
66285
66294
66303
66312
66321
66322
66313
66304
66295
66296
66305
66314
66323
66332
66341
66340
66331
66330
66339
66348
66349
66350
66369
66387
66401
66400
66399
66386
66385
66384
66383
66365
66366
66367
66368
66359
66358
66357
66356
62706
66347
62705
66338
62704
66329
62703
66320
62702
66311
62701
66302
62700
66293
62699
66284
62698
66276
66268
66259
66250
66234
66224
66225
62934
66235
66226
66217
66208
66200
66199
62930
66207
66216
66215
66198
66189
66173
66159
66160
66174
66190
66191
66175
66161
66176
66163
66162
66148
66135
66147
66134
66118
66119
66106
66105
66117
66104
66092
66091
66103
66116
66132
66133
66146
66145
66158
66172
62690
66188
62691
66197
66206
62692
66214
62693
66223
62694
66233
62695
66249
62696
66258
66267
62697
66275
73906
73905
73904
68619
68618
68617
72221
68616
72208
72209
72192
73903
72178
72177
72191
72190
72176
72175
72174
72188
72189
72207
72206
72219
72220
72232
72231
72230
72218
72205
72187
72173
68614
72159
72160
72161
72162
72149
72150
72163
72164
72151
68613
73902
72137
73901
73900
73899
73898
73897
72058
72057
72075
72074
72056
72055
72040
72039
72038
72023
72024
72006
68607
72007
72008
71992
72009
72026
68608
72025
72041
72042
72043
73896
73895
72027
72010
73894
71993
71977
71976
71958
71957
71956
71974
71975
71991
71990
71989
71988
71987
72005
72022
72037
72051
72067
72068
72069
72070
72085
72086
72087
72071
72052
72053
72054
72072
72073
72088
72089
72090
72105
72120
72136
72135
72134
72118
72119
72104
72103
72117
72102
72101
72100
72115
72116
72132
72133
72148
72147
72146
72131
72130
72129
72145
72158
72172
72171
72185
72186
72200
72201
72202
72203
72204
72217
72229
72239
72228
72216
72215
72199
72198
72197
72196
72195
68615
72181
72182
72183
72169
72184
72170
72156
72157
72144
68611
72127
72128
72114
72113
72112
72126
72125
72111
72096
72095
72094
72109
72110
72124
72143
72142
72155
72154
68612
72141
72140
72123
68610
72108
72107
72122
72139
72138
72121
68330
72106
68329
72091
68328
72092
72093
72078
72079
72080
72081
72063
72062
72061
72046
72045
72060
72077
72076
68327
72059
72044
72028
68326
72011
72029
72012
71996
71995
71994
71978
68325
71960
71945
71929
71914
71930
71915
71916
71931
71932
71947
71946
71962
71961
68606
71979
71963
71964
71965
71949
71948
71933
71934
71919
71918
71917
71902
71886
71887
71903
71904
71905
71889
71888
71872
71858
71859
71873
71874
71875
71876
71877
68600
71892
71907
71921
71908
71893
71878
71861
71860
71846
71833
71818
71819
71804
71805
71820
71821
71835
71834
71847
71848
71862
71879
71894
71909
71910
71895
71911
71925
71924
71939
71923
71922
71938
71937
68604
71920
71906
71891
71890
68603
71935
71936
68605
71966
71967
71984
71983
71982
71981
71980
71997
72014
72013
72030
72031
72047
72048
72032
72033
72049
72064
72065
72082
72097
72098
72099
72084
72083
72066
72050
68609
72035
72036
72019
72018
72017
72034
72016
72015
71998
71999
72000
72001
72002
72020
72021
72004
72003
71986
71985
71968
71950
71951
71952
71969
71970
71971
71953
71954
71972
71973
71955
71940
71941
71942
71943
71959
71944
73893
71928
71927
71926
71912
68602
71913
71898
68601
68599
71882
71866
73892
71852
73891
73890
71839
71826
71825
71809
71808
71823
71824
71838
71837
71850
71851
71865
71881
71897
71896
71880
68598
71864
71863
71849
71836
71822
71807
71806
71792
71791
71790
71776
71762
71763
71777
71778
71764
71765
71766
71780
71779
71793
71794
71795
71781
71767
71753
71752
71751
71750
71736
71720
71721
71722
71705
71689
71672
71671
71654
71637
71638
71639
71640
71641
71658
71657
71656
71655
71673
71674
68586
71691
71675
73886
73885
73884
71624
71608
71590
71574
73883
73882
73881
71544
71559
71543
71558
71573
71572
71557
71542
71527
71528
71529
73880
73879
71514
71499
73878
73877
71484
71469
73876
73875
71454
71439
73874
73873
71424
71409
71393
71392
71408
71407
71406
71421
71422
71423
71438
71453
71452
71437
71436
71451
71466
71467
71468
71483
71498
71513
71512
71497
71482
71481
71496
71511
71526
71541
71556
71571
71570
71569
71555
71554
71553
71568
71585
71586
71587
71588
71589
71607
71623
71622
71606
71605
71621
71620
71604
71603
71619
71618
71602
71584
71583
71601
71617
71616
71650
71651
71652
71669
71668
71667
71666
71684
71665
71683
71698
68587
71682
71664
71663
71662
71645
71646
71629
71628
71627
71644
71661
71678
71694
71710
71728
71729
71742
71757
71741
71727
68588
71693
71677
71660
68584
71643
71626
71611
71593
71576
71562
71579
71580
71581
71614
68583
71599
71600
71582
68581
71565
71566
71567
71552
71551
71550
71535
71536
71521
71520
71505
71504
71519
71533
71534
71549
71564
71563
71548
71547
71532
71517
71518
71503
71502
71487
71488
71489
71474
71473
71458
71459
71444
71429
71414
71397
71398
71399
71383
71354
71353
71369
71368
71382
71381
71380
68579
68577
71366
71367
71351
71350
68576
71335
71318
71301
71302
71319
71336
71337
71352
71338
71339
71323
71340
71341
71355
71356
71370
71384
71400
71401
71417
71432
71431
71416
71415
71430
71445
71460
71461
71476
71475
71490
71491
71506
71507
71492
71477
71462
71446
71447
71448
71463
71464
71479
71478
71493
71494
71509
71508
71523
71522
71537
71538
71539
71540
71525
71524
71510
71495
71480
71465
71450
71449
71433
71434
71435
71420
71419
71418
71403
71402
71386
71385
71371
71372
71357
71342
68575
71343
71358
71359
71374
71373
71387
71388
71404
71405
71389
71390
71391
71377
71376
71375
71360
71361
71362
71347
71331
71363
68578
71378
71364
71348
73872
73871
71332
68574
71315
73870
65435
65452
65469
62669
65486
65487
65470
65471
65488
65489
65472
65455
65456
65438
65437
65454
65453
65436
65426
65425
62668
65416
65417
65401
65400
65390
62667
65380
62666
65370
62665
65353
65343
62664
65333
62663
65323
62662
65313
62661
65304
62660
65286
65287
65271
65270
65252
65253
65244
65243
62659
65234
65217
65208
65191
65180
62658
65169
62657
65159
62656
65150
65151
65160
65170
65181
65182
65171
65161
65162
65163
65164
65154
65153
62869
65138
65137
65152
65136
65127
65118
65101
65091
65090
65100
65117
65126
65135
65134
65125
62655
65116
62654
65099
65089
65079
65070
65061
65062
65053
62653
65052
73857
70790
70776
70759
70758
70775
70774
70789
70805
70806
70820
73858
73859
70835
70850
73860
73861
70865
73862
70880
70897
70896
70879
70864
70849
70834
70819
70804
70788
70773
70787
70802
70803
70818
70817
70816
70831
70830
70815
70801
70786
70771
70772
70755
70756
70757
70739
70721
70722
70740
70741
70723
70707
73856
73855
70693
70692
70706
70705
70691
70690
70676
70662
70677
70663
70649
70648
70647
70661
70675
70689
70688
70674
70660
70646
70633
70619
70605
70591
70573
70574
70592
70606
70607
70593
70575
70576
70594
70608
70620
70634
70635
70621
70622
70636
70650
70664
70678
70679
73854
73853
70665
70651
73852
73851
70638
70637
70623
70624
73850
73849
70610
70609
70595
68530
70596
73848
73847
70579
70565
70564
70578
70577
70563
70547
70546
70545
70562
70561
70544
70530
70531
70514
70513
70512
70511
68526
70497
70481
70496
70495
68525
70479
70463
70447
70448
70464
68523
70480
70465
70466
70467
70482
70498
70499
70500
70501
70502
70515
70532
70533
70548
73846
70534
70517
70516
70504
70503
70486
70485
70470
70471
70472
70487
70488
70473
70456
73845
70440
73844
70424
70423
70439
70455
70438
70454
70453
70452
70469
70484
70483
70468
70451
70435
70434
70450
70449
70433
70432
68521
68519
70417
70402
68517
68515
68514
70356
70357
70372
68516
70387
70403
70418
70419
70404
70388
70405
70420
70436
70437
70421
70422
70407
70406
70390
70389
70375
70376
70361
70346
70360
70359
70374
70373
70358
70343
70330
70342
70329
70315
70301
70302
70288
70287
70286
70271
70270
70269
70284
70285
70300
70299
70283
70268
70267
70282
70281
70296
70297
70298
70314
70313
70312
70311
70295
70280
70265
70266
70254
70237
70236
70253
70264
70263
70251
70252
70235
70234
70221
70222
70223
70207
70208
70193
68498
70194
70210
70209
70224
70255
70256
70238
70225
70239
70240
70241
70228
70227
70226
70211
70212
70195
70196
70213
70229
70242
70243
70257
68504
70272
70258
70274
70273
70289
70305
70304
70303
70316
70317
70331
70344
70345
70332
70318
70333
70319
70320
70334
70347
70362
70377
70391
70392
68518
70408
70393
70378
73843
70363
70348
68512
68510
70335
70321
73842
70307
68509
70306
68508
70290
68506
70275
70259
68503
70246
70245
70244
70215
70214
70197
70198
70199
70216
68501
68502
70217
68499
70201
70200
70184
70185
70202
70186
70176
68495
70177
68497
70187
70203
70219
68500
70218
70230
70231
70248
70247
70260
68505
68507
70291
70276
70261
70249
70232
64518
62633
64510
64509
62632
64500
62631
64501
64503
64504
64513
64514
64505
62832
64469
64468
64467
64451
64441
64424
62828
64408
64409
64410
64425
64442
62829
64452
64453
64470
64471
64454
64455
64472
64473
64456
64457
64474
64475
64486
62833
64495
64496
64497
64506
64515
64516
64507
64508
68033
68034
64517
64534
64552
64551
64533
64532
64550
64568
64567
64549
64531
64530
64529
64547
64546
64528
64527
64526
64525
64543
64562
64544
64545
64563
64581
64580
64561
64579
64578
64577
64559
64560
64542
64524
64523
64541
64539
64538
64555
64537
64520
64519
64536
64535
64553
64554
64572
64571
64597
64598
64605
64604
64621
64638
64639
64622
64623
64624
64606
62836
64599
64592
64575
64576
64593
64600
64607
64625
64642
64641
64640
62838
62842
62844
64735
64746
64734
64733
64722
64723
64712
64711
64710
64693
64692
64691
62642
64708
64719
64730
62643
64742
62644
64755
62645
64772
64787
64788
64805
64804
62646
64819
64820
62852
64835
64851
64850
62647
64864
62648
64878
62649
64892
64879
64865
64880
64894
64907
64893
62855
64906
64920
62650
64919
64933
62651
64949
64950
64951
64952
64967
64984
65000
64999
64983
64966
64965
64964
64963
64980
64981
64982
64998
64997
64996
65014
62652
65027
65036
65037
65028
65015
65016
65029
65038
65054
65063
65072
65071
65080
65081
65082
62865
65073
62863
65064
62862
65055
65056
65065
65074
65083
65093
62866
65092
65103
65102
65119
65128
65129
65120
65104
65105
65106
65107
65108
65109
65110
65084
65094
65111
65112
65121
65130
65145
65144
65143
65142
65141
65140
65139
65175
65186
65203
65202
65201
65200
65199
65198
62872
65197
65196
65185
65174
65173
65172
65184
65183
65194
65195
65212
65221
65211
65220
65219
65210
65193
65192
65209
65218
65235
65236
65245
65257
65258
65247
65246
65237
62873
65238
65222
65223
65224
65225
65226
65227
65228
65229
65230
65231
65232
65233
65241
65242
68069
68070
65251
65269
65285
65284
65302
65311
65303
65312
65322
68071
68072
65332
68073
65342
65331
65321
65320
65310
65301
65283
65281
65299
62875
65309
65319
65318
65328
65329
65330
65339
65338
65348
65375
65376
65377
65368
65369
65378
65388
65398
62876
65415
65397
65387
65386
65385
65395
65396
65414
65413
65421
65431
65449
65448
65464
65447
65412
65411
65410
65409
65408
65407
65406
65394
65384
65374
65358
65347
65337
65327
65317
65308
65291
65290
65354
65355
65373
65372
65371
65381
65391
65382
65383
65393
65392
65402
65418
65427
65428
65419
65403
65404
65405
62878
65420
65430
65429
65439
65440
65457
65475
65476
65477
65478
65479
65462
65461
65460
65459
65458
65441
65442
65443
65444
65445
65446
65463
65480
65481
65483
65520
65531
65550
65560
65570
65580
65581
65571
65561
65551
68086
68087
68088
68089
68090
68091
68092
68093
68094
68095
68096
65703
62883
60326
60327
60328
60345
60361
60362
60363
60347
60346
60329
60330
60331
60321
60332
60333
60348
60365
60364
60380
60397
60398
60381
60382
60399
60416
60415
60414
60431
60432
60440
60439
60447
60446
57286
60438
60430
60413
60396
60379
60378
60377
60360
60344
60343
60359
60376
60393
60394
60395
60412
60411
60428
60429
60437
60445
60461
60444
60436
60410
57046
60427
57047
60435
57048
60443
57049
60459
60460
57050
60468
60477
60494
57051
60510
57052
60517
57053
60524
57054
60531
57055
60538
57056
60545
60552
60569
60570
60553
60554
60547
60546
60539
60540
60533
60532
60525
60526
60519
60518
60511
60512
60496
60495
60478
60469
60470
60479
60480
60497
60498
60481
60482
60471
60462
60463
60448
60449
60450
60451
60452
60453
60454
60488
60487
60486
60485
60484
60472
60483
60500
60499
60513
60520
60521
60514
60501
60502
60503
60504
60505
60506
60489
60490
60507
60515
60522
60529
60536
60543
60550
60565
60566
60567
60584
60600
60599
60583
60582
60581
57293
60598
60610
60620
60630
60646
60645
60660
60659
57299
60672
60673
60661
60662
60674
60684
60685
60686
60675
60663
60676
60664
60648
60647
57295
57294
60631
60621
60611
60601
60585
60586
60602
60612
62458
62459
60622
60632
57296
60665
60687
62460
60699
60714
57303
60713
60742
60743
60759
60776
60793
60792
60775
60758
57307
60741
60730
60712
60698
60697
60711
60729
60728
60739
60740
60757
60756
60755
57306
60738
60727
60709
60710
60696
60695
60683
57301
60694
60708
60726
57305
60725
60707
60706
60724
60705
60723
60722
60737
60751
60766
60783
60784
60799
60800
60801
60786
60769
60768
60785
60767
60752
60753
60754
60770
60771
60772
60773
60774
60791
60790
60789
60788
60787
60802
60803
60804
60816
60830
60831
60817
60805
60806
60807
60818
60808
57311
60834
60833
60832
60849
60865
60848
60847
60864
60863
57313
60846
60829
60815
60814
60827
60828
60845
60844
60862
60873
60883
60874
60875
60885
60884
60894
60895
60905
60904
60893
60903
60913
60914
60915
60925
60935
60946
60936
60926
60916
60906
60896
60886
60876
60866
60850
60851
57314
62461
62462
62463
62464
62465
62466
62467
62468
62469
62470
62471
60956
60966
60976
60994
61010
61009
60993
60992
60991
60990
60974
60975
60965
60955
60945
60944
60934
60924
60923
60933
60943
60953
60954
60964
60963
60973
60989
60988
61006
61007
61016
61026
61037
61054
61066
61080
61081
61082
61100
61083
61067
57322
61056
61055
61039
61038
61027
61017
57317
57315
61008
61018
61019
61020
57319
61028
61040
61041
61057
61042
61058
61068
61084
61102
61101
61119
61120
61137
61136
61135
57325
61147
61148
61159
61170
62472
62473
62474
55194
51511
55185
55175
51510
55165
51509
55155
51508
55145
51507
55135
55124
55112
51506
55101
51505
55090
51504
55079
51503
55062
51502
55044
55031
55013
54996
54997
54988
54987
51501
54979
54970
51500
54971
54980
54989
54998
54999
55016
55017
55018
55001
55000
54991
54990
54981
51754
54972
54982
54973
54964
54963
54955
54956
54947
54946
54937
54921
54922
54938
54923
54924
54939
54948
54957
54965
54974
54983
54992
55002
55003
55004
55005
55006
55007
55008
55025
55024
55037
51758
55023
55022
55021
55020
55019
51757
55036
55051
55052
55053
55070
55069
55068
55067
55050
55035
55015
55014
55032
55033
55034
55047
55048
55049
55066
55065
55082
55083
55084
55095
55094
55093
55092
55081
55064
51759
55046
55045
55063
55080
55091
55102
55113
55125
55136
55146
55156
55166
55176
55186
55195
55196
51765
55207
55217
55206
55205
51512
55204
51513
55214
51514
55224
51515
55234
55244
51516
55260
51517
55277
55288
55304
55322
51518
55340
55355
51519
55372
55383
55394
55403
55418
51520
55434
51521
55445
51522
55455
51523
55465
51524
55481
51525
55494
51526
55507
51527
55521
55535
55548
55560
55572
55584
55609
51528
55625
51529
55637
51530
55649
55650
51796
55661
55662
55651
55652
55640
55639
55638
55626
55610
55596
51793
55597
55598
55586
55585
51791
55573
51789
55561
51787
55549
51785
55536
51783
55522
55523
55524
55525
55526
55512
55499
55486
55511
55510
55497
55498
55485
55468
55458
55459
55469
55470
55471
55472
55473
51781
55487
55476
55475
55474
55460
55461
55462
55463
55477
55478
55491
55492
51782
55506
55520
56896
55493
55480
55479
55464
55454
55453
55440
55452
55451
55450
55439
51778
55430
55431
55415
55416
55417
55433
55432
55441
55442
55443
51779
56895
55444
51777
51776
51775
55392
55391
55402
55401
55390
55389
51773
55378
55379
55368
55367
55366
55377
55388
55399
55400
55414
55413
55429
55428
55412
55411
55427
55426
55410
55409
55425
55424
55438
55449
55448
55437
55423
55422
55421
55436
55447
55457
51780
55467
55484
55483
55496
55509
55508
55495
55482
55466
55456
55446
55435
55420
55419
55404
55395
51774
55384
55373
51772
55405
55406
55407
55408
55398
55387
55376
55361
55362
55344
55329
55343
55328
55327
55308
55307
55325
55326
51771
55342
55360
55375
55386
55397
55396
55385
55374
55359
55358
55357
55356
55341
55324
55306
55323
55305
55289
55290
55278
55261
51768
55245
55235
55225
55215
55216
55226
55236
55246
55247
55248
55263
55262
55291
55292
55309
55310
55311
55312
55330
55345
55363
55364
55365
55346
55314
55315
55281
55268
55253
51767
55255
55256
55274
55258
55257
55242
55232
55222
55231
55241
55240
55230
55221
55220
55210
55211
55212
55202
55192
55191
55201
55200
55190
55180
55170
55160
55150
55151
55141
51764
51762
55119
55131
55132
55122
55133
55143
55142
55152
55153
55163
55164
56885
56884
55154
55144
55134
55123
56883
55111
55110
55109
55121
55120
55108
51760
55097
55086
55075
55076
55087
55088
55098
55099
55100
56882
56881
55089
55078
55077
55061
55060
55059
55041
55042
55043
55030
55012
54995
56879
56880
49883
49865
49866
49884
49894
49895
49885
49867
49868
49869
46778
49886
49897
49898
49899
49900
49901
49902
49903
49904
49876
49875
49874
49873
49872
49871
49870
49854
49853
49852
49851
49843
49844
49836
49829
49821
49828
49827
49835
49834
49842
49850
49849
49841
46492
49833
46491
49825
46490
49826
49818
46775
49819
49820
49813
49814
49806
49807
49815
49822
49830
49838
49837
49845
49846
49855
49856
49857
49858
49859
49860
49861
49877
46779
49878
49888
46780
49905
49906
49915
49914
49923
49932
49933
49934
49950
49967
49949
49948
49966
49974
49975
49976
49968
49969
49951
49935
49936
49952
51315
51314
51313
49927
49926
49918
51312
46781
49892
49891
49908
49917
49916
49925
49924
49907
49890
49889
49879
49880
49881
49882
49864
49863
46777
49862
46776
49847
49839
49831
49823
49816
49808
49800
49776
46773
49793
49801
49809
49817
49824
49832
49840
49848
51311
51310
51309
51308
51307
51306
51305
46774
49777
51304
49768
49767
49766
49775
49774
49792
49791
49790
49789
49788
49787
49786
49785
49784
49799
49783
49773
49758
49740
49723
49724
49725
49726
49727
49744
49743
49742
49741
49759
49760
49761
49762
49745
49763
49764
49746
49747
49730
49729
49728
49713
49714
49715
49732
49731
49748
46771
49765
49749
49750
49733
49734
49751
49752
49735
49718
49717
49716
49705
49704
49703
49692
49693
49676
46769
46768
49668
49677
49694
49695
49678
49669
49662
49661
49653
49654
49646
49645
49637
49638
49629
49611
49602
49593
49584
46760
49567
49559
49551
49552
51291
51292
49560
49568
51293
51294
49585
49594
51295
51296
49603
49612
51297
51298
51299
51300
51301
46767
49670
49679
49696
49706
49707
51302
51303
44438
40920
44448
40921
44458
44459
44449
44440
44439
44422
44414
44382
44365
44357
44383
44384
44366
41220
44358
44350
41219
41218
44343
44336
41217
44329
44322
44315
44308
44301
44285
44286
44287
44288
44289
44290
44291
44292
44293
44294
44295
44296
44271
44270
44269
44268
44256
44247
44246
44245
44229
44230
44215
41210
44231
41211
44248
44249
41213
44257
44273
44272
41215
44280
44298
44297
44303
44304
44305
44312
44311
44310
44317
44324
44331
44338
44339
44332
44325
44318
44319
44326
44333
44340
44347
44354
44362
44363
46313
46312
44355
44348
46311
44341
46310
46309
44334
44327
46308
46307
44320
44313
46306
46305
44306
44299
44282
44281
44274
44275
44259
44258
44250
44251
44252
44236
44220
46304
44211
46303
46302
44195
44187
46301
46300
44178
44177
44186
44194
44210
44209
44193
44185
44176
44159
44160
44150
44140
44130
44113
44096
44095
41200
44094
41201
44111
44112
44129
44139
44149
44148
44158
41206
44175
44184
44192
44208
44217
44218
44219
44235
44234
44233
44232
44216
44207
41208
44191
44183
44206
44205
44204
44203
44202
44201
41207
44182
44166
44165
44164
44154
44143
44133
44116
44115
44132
44142
44152
44153
44163
44162
40907
44179
44188
51288
51289
51290
46756
49508
46755
49492
49484
49483
49491
49524
49525
49526
49544
49543
49542
49541
49523
49507
49506
49522
49540
49550
49558
49566
49582
49583
49592
49601
49610
49628
49627
49626
49625
49636
49644
49652
49660
49667
49675
49691
49702
49690
49689
49688
49687
49686
49685
49674
49666
49665
49664
49672
49673
49683
49684
49701
49712
49722
49739
49757
49772
49782
49798
49797
49781
49780
49796
49804
49805
49812
49811
49810
46489
49802
46488
49803
49795
49794
46487
49778
49779
49769
46772
49754
49753
49736
49719
49708
46486
49709
49720
49737
49755
49770
49771
49756
49738
49721
49710
49711
49700
49699
49682
49681
46770
49698
49697
46485
49680
46484
49671
46483
49663
46482
49655
49647
49656
49657
46766
49658
49659
49651
49643
49650
49649
49648
46765
49640
46764
49632
49631
49639
49630
46481
49613
49614
49605
49604
49595
49596
49597
46763
49606
49616
49615
49633
49641
49642
49634
49617
49607
49608
49618
49635
49619
49620
49621
49622
49623
49624
49609
49600
49591
49581
49580
49579
49578
49577
49576
49575
49574
49565
49556
49557
49549
49548
49532
49533
49534
49516
49515
49499
49500
49501
49502
49518
49517
49535
49536
49537
49538
49539
49521
49520
49519
49503
49504
49505
49490
49482
49474
49473
49472
49471
49470
49469
46751
49445
49446
49447
49448
49449
49432
49433
49450
49451
49452
46753
49461
49475
49476
49462
49455
49454
46752
49453
49436
49437
49420
49403
49386
49387
46748
49404
46749
49421
46750
49438
51287
51286
51285
51284
51283
51282
49379
49371
51281
51280
49363
49355
51279
51278
49347
49346
49354
49353
49345
49337
49336
49344
49352
49360
49368
49369
49361
49362
49370
49378
49377
49385
49376
49384
49400
49417
49401
49402
49419
49418
49435
49434
49416
49399
49398
49415
49414
49431
49430
49413
49397
49396
49395
49412
49429
49428
49427
49444
49443
49426
49425
49442
49441
49440
49457
49456
49463
46480
49477
49485
49493
49509
49527
49545
49553
49561
49569
49562
49554
49546
49529
49528
49510
49511
49512
49496
49495
49494
49486
49478
49464
49465
49458
49459
49460
49467
49468
49481
49489
49488
49480
49466
49479
46754
49487
49497
49498
49514
49513
49531
49530
46757
49547
46758
49555
46759
49563
49564
49573
49589
49590
49599
49598
46762
49588
46761
49572
49571
49570
49587
49586
56861
56862
54715
54725
56863
56864
56865
54752
51740
54735
54734
54751
54750
54749
54765
54764
54774
54775
54776
54785
54786
54777
54766
54767
54768
54769
56866
54778
54787
56867
56868
54796
54805
51742
51744
54820
54835
54852
54867
56869
56870
56871
56872
56873
54934
51752
54917
54910
51750
54893
54884
54892
54909
54891
54890
54880
54881
54882
54883
54865
54866
54851
54850
54849
51749
51748
54848
54833
54832
54847
54846
54864
54879
54878
54877
54861
54876
54875
54889
54874
54859
54860
54842
54843
54844
54862
54863
54845
54831
54830
54829
54828
54827
54826
54841
54840
54825
54824
54839
54838
51747
54823
54808
54809
54799
54790
54781
54772
54771
54780
54789
54798
54807
54822
54837
54836
51495
54821
54806
54797
51494
54788
51493
54779
51492
54770
51491
54753
51490
54736
54726
54716
51489
54706
51488
54696
51487
54686
51486
54670
54653
54654
54671
54687
54697
54707
54717
54727
54737
54754
54728
54739
54738
51741
54755
54756
54740
51739
54718
54708
54698
54688
54672
54655
54644
54643
54627
54628
54645
54646
54656
54657
54673
54674
54658
54659
54647
51737
54632
54631
54630
54629
54619
54620
54610
54593
51734
54592
54609
54591
54590
54607
54608
54618
54617
54616
51485
54606
51484
54589
51483
54580
51482
54571
51481
54562
54563
54564
54573
54572
54581
54582
54583
54574
54565
54547
54546
54545
54528
54529
54530
54548
54549
54532
54531
54514
54513
54512
54511
54494
54477
54461
54445
54446
54462
54478
54495
54496
54479
54480
54497
54515
54516
54533
54550
51733
54566
54552
54551
54534
54517
54500
54499
54498
54481
54482
54465
54449
54450
54466
54483
54484
54501
54502
54519
54518
54535
54536
54553
54554
54537
54538
54555
54556
54557
54558
54567
54576
54585
54586
54577
54568
54569
54578
54587
54604
54603
54602
54613
54624
54623
51736
54640
54650
54641
54651
54668
54669
54685
54684
54683
54667
54649
51738
54622
51735
54612
54601
54600
54599
54598
54597
54596
54595
54575
54584
54594
54611
54621
54633
54634
54635
54636
54637
54638
54639
54648
54665
54666
54682
54691
54692
54702
54701
54711
54712
54722
54721
54720
54710
54700
54690
54681
54680
54664
54663
54662
54679
54678
54677
54661
54660
54676
54675
54689
54699
54709
54719
54729
54742
54741
54757
54758
54743
54744
54745
54761
54760
54759
54773
54782
54791
54800
54810
54811
54812
54813
54814
54815
54816
54817
54801
54802
54803
51743
54818
54819
51745
54834
51746
54804
54795
54794
54793
54792
54784
54783
54763
54762
54746
54747
54748
54730
54731
54732
54733
54723
54724
54714
54713
54703
54693
54694
54704
54705
54695
56860
56859
56858
54652
54642
54626
54625
54614
54615
56857
54605
54588
56856
56855
54579
54570
56854
56853
54561
54560
54559
51732
54542
51731
54525
51730
54526
54543
54544
56852
54527
56851
56850
54510
54509
54508
51729
54492
54475
54460
54444
54435
54434
54443
54459
54458
54474
54491
54490
54489
54507
54524
54541
54540
54539
54522
54523
54506
54505
54504
54521
54520
54503
54485
54486
54469
54453
54454
54470
54487
54488
54471
54455
54456
54472
54473
54457
54442
54432
54433
54415
54398
54381
54364
54365
54382
54399
54416
54417
54418
54401
54400
54383
54366
54349
54331
54348
54347
54346
54363
54362
54379
54380
54397
54414
54431
54430
54429
54412
54413
54396
54395
54378
54377
54376
54375
54374
54357
54358
54341
54359
54342
54343
54360
54361
54344
54345
54318
54317
54299
54298
54316
54315
54297
54296
54314
54313
54295
54276
54294
54293
54311
54312
51725
54329
54340
54339
54338
54337
54328
54310
54292
54275
51724
54274
51723
54268
54262
54256
54250
54244
54238
54232
54226
54220
54214
54208
54202
51722
54196
51721
54190
51720
54184
51718
54168
54167
54166
54149
54150
54143
51468
54137
51467
54131
51466
54125
51465
54108
51464
54091
51463
54092
51715
54109
54126
54132
54138
54144
54151
54152
54169
54170
54171
54153
54154
54155
54145
54139
54133
54127
54113
54112
54095
54096
54088
54081
54094
54111
54110
54093
54086
54085
54084
51462
54077
51461
54070
51460
54054
54055
54071
54078
54079
51714
54087
54080
54073
54072
54056
54057
54058
54059
54060
54074
54061
54062
54063
54064
54065
54066
54067
54068
54044
54052
54069
54075
54082
51713
54089
51712
51711
54076
54083
54090
54107
54124
54130
51717
51716
54123
54106
54105
54122
54129
54128
54121
54104
54103
54102
54101
54100
54099
54098
54097
54114
54115
54116
54117
54118
54119
54120
54134
54140
54146
54163
54181
54187
54182
54165
54164
54147
54141
54135
54136
54142
54148
56823
56824
56825
56826
54188
54194
56827
56828
56829
56830
54206
54200
54199
54205
54210
54204
54198
54193
54192
54186
51719
54180
54179
54162
54161
54160
54178
54177
54176
54159
54175
54158
54157
54174
54173
54156
54172
54185
54191
54197
54203
54209
54215
54221
54227
54233
54239
54245
54251
54257
54263
54269
54277
54278
54279
54280
54281
54282
54300
54283
54284
54302
54301
54319
54320
51726
54330
54321
54303
54285
54304
54322
54323
54305
54287
54286
54270
54271
54264
54265
54259
54258
54252
54253
54254
54248
54242
54236
54230
54224
54223
54229
54235
54241
54247
54246
54240
54234
54228
54222
54216
54217
54211
54212
54218
56831
56832
56833
56834
56835
56836
56837
56838
54260
54266
56839
56840
54272
54288
54306
54324
54333
54332
54350
54367
54384
56841
56842
56843
56844
56845
56846
56847
56848
51727
54476
51728
54493
56849
49380
46479
49381
49390
49407
49406
49389
49388
49405
49422
49439
49423
49424
49408
49391
49382
49383
49392
49409
49410
49411
49394
49393
49375
49374
49366
49358
49367
49359
49351
49350
49343
49335
49342
49334
49327
49328
49312
49311
49310
49309
49326
49333
49341
49349
49357
49365
49373
49372
46478
49364
46477
49356
46476
49348
46475
49340
46474
49332
46473
49325
46472
49308
49303
49288
49272
46471
49254
49273
49255
49237
49236
49228
49220
46470
49212
46469
49204
46468
49196
46467
49188
46466
49180
46465
49172
46464
49164
46463
49156
46462
49148
46461
49131
49132
49149
49157
49165
49173
49181
49189
49197
49205
49206
49198
49190
49182
49174
49166
49158
49150
49133
49134
49135
49151
49159
49167
49175
49183
49191
49199
49207
49215
49223
46741
49240
49258
49259
49241
49242
49243
49261
49260
49277
49291
49290
49276
49275
46743
49257
49239
49231
49222
49214
49213
49221
49229
49230
49238
49256
49274
46744
49289
46745
49304
49305
49313
49314
49315
49316
49317
49318
49319
49320
49321
49322
49329
49323
46747
49330
49338
49339
51277
49331
49324
46746
49307
51275
51276
44004
44021
44022
44023
44039
44040
41198
44056
44057
44068
44067
44084
44085
44102
44103
44104
44087
44086
44069
44070
44071
44072
44073
44090
44091
44074
44047
44046
44045
44029
44028
44044
44043
44027
44010
44011
44012
44013
44030
44031
44014
44015
44032
44048
44058
44075
44092
44109
44125
44108
44107
44089
44088
44105
44106
44124
44123
44122
44121
44120
44135
44119
44101
44083
44066
44065
44055
44038
44037
44054
44064
44081
44098
44082
44099
44100
44117
44118
41203
44134
41204
44144
44145
41205
44155
44167
44168
44169
44170
44171
44172
44173
44174
44156
44157
44147
44146
44136
44137
44138
44128
44127
44126
41202
44110
44093
44076
44059
44051
44050
44049
44033
44016
43998
43999
43990
43989
43988
43987
43973
43974
43975
43959
43958
43940
43957
43956
43939
43938
43937
43936
43935
43952
43969
43970
43953
43954
43955
43971
43972
43986
43985
43984
43983
43982
41196
43997
44008
44009
44026
44042
44041
44025
44024
44007
44006
44005
43995
43994
43979
43964
43965
43980
43996
43981
43968
43967
43966
43950
43932
43933
41192
43951
43934
43926
43925
41189
43910
43911
43912
43913
43914
43915
43927
43941
43942
43943
43928
43919
43920
43921
43906
43901
43896
43891
43886
43881
43876
43871
43866
43861
43856
43849
43843
43842
43841
43840
43848
43855
43860
43865
43870
43875
43880
43885
43890
43895
43900
43905
43918
43917
43916
43904
43899
43894
43889
43884
43879
43874
43869
43864
43859
43854
43847
43837
43820
43819
43836
43835
43818
43817
43834
43833
43816
43815
43832
41188
43846
43853
43845
43851
43852
43858
43863
43868
43873
43878
43883
43888
43893
43898
43903
43908
43909
41190
43924
43931
43949
43948
40906
43930
43923
43907
43902
40905
43897
40904
43892
40903
43887
40902
43882
40901
43877
40900
43872
40899
43867
40898
43862
40897
43857
40896
43850
43844
40895
43827
43810
43801
43792
43783
43784
43767
43766
43757
40894
43749
43741
43733
43724
43707
43690
43673
43663
43653
43654
41174
43664
43674
43691
43708
43725
43734
43735
43726
43709
43692
43675
43676
43693
43710
43727
41177
41178
41179
43760
43759
43751
43743
43742
43750
43758
43768
43785
41183
43793
43803
43802
43811
43828
43829
43812
43813
43830
43831
43814
43804
41185
43795
43794
43786
43769
43770
43771
41181
43772
43773
43774
43775
43776
43787
43796
43805
43821
43838
43839
43822
43823
43824
43806
41184
43797
41186
43807
43825
41187
43808
43799
43798
43788
43789
43790
43791
43800
43809
43826
46275
46276
46277
46278
46279
46280
46281
46282
46283
46284
46285
46286
46287
46288
43922
41191
43929
43946
43947
43963
43978
43993
43977
41194
43962
43945
43944
43961
43960
41193
43976
43991
41197
44000
44018
44017
44034
44035
44052
44053
44036
44020
44019
44001
41195
43992
44002
44003
46289
46290
46291
46292
44063
44062
44061
44060
41199
44077
44078
44079
44080
46293
46294
44097
44114
46295
46296
44131
44141
46297
46298
44151
44161
46299
38623
38613
38614
38624
38625
35785
38635
38645
38656
38657
38646
38647
38648
38636
38637
38626
35784
38616
38615
35783
38600
35781
38591
38583
38575
38567
38559
38560
38550
38549
38533
38525
38534
38535
38551
38561
38569
38568
38576
38577
38585
38584
38592
35782
38593
38601
38602
38603
38604
38605
38606
38607
38608
38594
38586
38578
38570
38562
38552
35776
38542
38541
38540
38539
38538
38537
38536
38527
38526
38511
38503
38502
38510
38509
38508
35775
38532
38548
38558
38566
38574
38582
38590
38599
38598
38589
35526
38581
35525
38573
35524
38565
35523
38557
35522
38547
35521
38531
35520
38524
35519
38507
38501
35518
38495
35517
38479
38461
38445
38446
38462
38480
38481
38482
38496
38497
38498
38504
38512
38513
38514
38515
38516
38517
38518
38519
38520
38521
38528
38544
38543
38553
38554
38555
38545
38529
38523
38522
38505
38506
38500
38494
38477
38476
35774
38493
38499
38492
38491
38490
38489
38488
38487
38486
38485
38467
38466
38484
38483
38465
38464
38448
38449
38438
35770
38437
38463
38447
38436
38435
38426
35516
38417
35515
38408
35514
38399
35513
38390
35512
38381
35511
38372
35510
38363
35509
38354
35508
38345
35507
38329
35506
38319
35505
38309
35504
38299
35503
38289
35502
38277
35501
38266
35500
38250
38251
38252
38267
38253
38268
38269
38280
38279
38278
38290
38291
38302
38303
38304
38294
38282
38293
38292
38281
38270
38271
38256
38240
38241
38257
38258
38259
38260
38261
38245
38246
38229
38228
38215
38202
38201
35760
38244
38243
38242
38214
38227
38239
38255
38254
38238
38225
38226
38213
38197
35758
38198
38199
38200
38186
38187
38175
35755
38174
38173
38172
38171
38185
38184
38183
38168
38169
38170
38159
38158
38157
38146
38147
38148
38132
38131
38115
38114
38130
38129
38128
38144
38145
35754
38156
38167
35756
38182
35757
38194
38195
38196
38212
38211
35759
38210
35761
38223
38224
38237
38236
38235
38234
38222
38209
38193
38181
38166
38155
38143
38127
38112
38113
38102
38101
35499
38090
35498
38074
38056
38040
38024
38013
35497
38002
35496
37991
35495
37980
35494
37968
37955
37938
35493
37939
37956
37969
37981
37992
38003
38014
38025
38041
38057
38075
38091
38076
38058
38059
38077
38092
38103
38104
38105
38116
38117
38133
38134
35753
38135
38118
38119
38120
38136
38137
38121
38122
38123
35752
38138
38150
38149
38160
38161
38162
38151
38152
38163
38179
38164
38153
38141
38126
38125
38140
38139
38124
38107
38108
38109
38098
38097
38096
38085
35747
38068
38067
38051
38050
38066
38084
38083
38082
38064
38065
38049
38048
35745
38018
38030
38031
38032
38033
38034
38035
35746
38052
38036
38037
38038
38054
38053
38071
38072
38073
38089
35749
35750
35751
40731
38142
38154
40732
40733
38165
38180
40734
40735
38192
38208
38207
38206
38191
38190
38178
38177
38176
38188
38189
38205
38219
38220
38221
40736
38233
35762
40737
40738
38288
35765
35766
35767
35768
38328
38318
38308
38298
38286
38287
38276
38265
35763
38249
38232
38231
38218
38217
38204
38203
38216
38230
38247
38248
38264
38275
38285
38297
38296
38284
38274
38263
38262
38273
38272
35764
38283
38295
38305
38315
38316
38306
38307
38317
38327
38341
38342
38343
38344
40739
40740
40741
40742
40743
40744
40745
40746
40747
40748
38444
38443
38434
38425
38416
38407
38398
38389
38380
38371
38362
38353
38352
38361
38360
38369
38370
38379
38378
38387
38396
38388
38397
38406
38405
38414
38415
38424
38423
38422
38413
38404
38395
38386
38377
38368
38359
38350
38351
38340
38326
38325
38339
38338
38337
38336
38335
38334
35769
38324
38314
38313
38312
38311
38301
38300
38310
38320
38330
38331
38348
38332
38321
38322
38323
38333
38349
38358
38357
38356
38347
38346
38355
38364
38365
38374
38373
38382
38391
38400
38409
38419
38418
38427
38428
38429
38420
38411
38410
38402
38401
38392
38383
38375
38366
38367
38376
38385
38384
38393
38394
38403
38412
38421
38430
38439
38450
38451
38452
38468
38469
38453
38454
38470
38471
38455
38472
38456
35771
38431
38432
38433
38440
38457
38473
38474
38475
38458
35772
38441
38442
35773
38459
38460
38478
40749
40750
40751
40752
40753
38530
38546
38556
40754
38564
38563
35777
35778
38579
38571
38572
38580
38588
38597
38587
35779
35780
38595
38596
38611
38612
38622
40755
40756
38632
38631
38621
38620
38610
38609
38619
38618
38628
38617
38627
38639
38638
38649
38660
38661
38677
38678
38679
38662
38650
38651
38640
38629
38630
35786
38641
38652
38663
38664
40758
38653
38642
40757
33295
30410
33287
33288
30648
30650
33297
33296
33306
33305
33304
33316
33317
33334
33333
33349
33350
33335
33318
33319
33307
33308
33320
30654
33336
33353
33354
33337
33321
33322
33338
33339
33323
33309
30652
33298
33289
33281
33275
33269
33263
33257
33251
33238
33222
33221
33237
33236
33220
30643
33194
33186
33178
33170
33152
33169
33177
33185
33193
33201
33202
33218
33219
33235
33234
33233
33250
33256
33262
33268
33274
33280
33279
33273
30409
33267
30408
33261
30407
33255
30406
33249
30405
33232
33216
33217
33210
33209
30404
33200
33192
30403
33184
30402
33176
30401
33168
30400
33150
33151
33135
33134
33116
33117
33118
33136
33137
33153
33154
33155
33139
33122
33123
33124
33142
33141
33140
33156
33157
33158
33171
33179
33187
33195
33203
33211
33223
33239
33240
33241
33224
33225
33226
33242
33227
33212
33204
33196
33188
33180
33172
33161
33160
33144
33159
33143
33125
33126
33127
33145
33146
33162
33163
33164
33173
33181
33189
33197
33205
33213
33229
33246
33245
33244
33228
33243
33252
33258
33264
33270
33276
33282
33290
33299
30653
33310
33311
33300
33312
33301
33302
33293
33292
33291
30651
30649
33283
33284
33285
33277
30647
33271
33265
33259
33253
33247
30646
33230
30645
30644
33206
33207
33214
33215
33231
33248
35309
35310
33254
33260
35311
35312
33266
35313
33272
33278
33286
33294
35314
33303
33315
33332
33331
33314
33313
33330
33329
33328
33327
33326
33325
33324
33340
33341
33342
33370
33388
33387
33369
33368
33367
33366
33365
33364
33382
33399
33398
33381
33363
33352
30655
33351
33362
33380
33397
33415
33424
33439
33438
33423
33414
33396
33379
33361
33378
33360
33359
33377
33394
33412
33395
33413
33422
33421
33437
33445
30411
33462
33471
33488
33489
33472
33463
33446
33447
33448
33449
33440
30659
33416
30658
33425
33417
30657
33400
33383
33384
33385
33386
33402
33401
33426
33427
33428
33403
33404
33405
33406
33418
33407
33408
33391
33390
33389
33371
33372
33355
33343
33344
33345
33346
33347
33348
35315
33358
33357
33375
33374
33356
33373
33392
33409
33419
33434
33433
33443
33435
33410
33411
33393
30656
33376
35316
35317
33420
33436
35318
33444
30660
33461
35319
35320
35321
35322
35323
35324
35325
35326
33572
30666
33555
30665
33538
30664
33521
30663
33504
30662
33487
30661
33470
33469
33468
33460
33459
33467
33484
33485
33486
33503
33502
33519
33520
33537
33536
33552
33535
33534
33551
33568
33584
33583
33567
33566
33582
33581
33598
33599
33600
33618
33617
33616
33615
33597
33580
33565
33548
33549
33550
33533
33532
33531
33514
33515
33497
33480
33481
33498
33499
33516
33517
33518
33501
33500
33483
33482
33456
33457
33458
33442
33432
33431
33430
33429
33455
33454
33453
33452
33441
33451
33450
33466
33479
33496
33513
33530
33545
33528
33527
33544
33543
33560
33576
33592
33593
33611
33612
33626
33635
33625
33634
30671
33643
33644
33645
33646
33647
33648
33649
33650
33651
33652
33653
33663
33662
33672
33673
33683
33682
33691
33692
33693
33684
33674
33664
33654
33639
33630
33629
33638
33637
33628
33620
33619
33601
33602
33585
33569
33570
33553
33554
33571
33587
33586
33603
33604
30669
33621
33605
33588
33589
33606
33622
35327
35328
33631
30670
33640
33656
33655
33665
33666
35329
35330
33676
33675
33685
33694
33695
33686
35331
35332
35333
33705
33704
33714
33715
35334
35335
33725
33724
33723
33733
33742
33734
33735
35336
35337
33744
33743
33753
33752
33751
33741
33732
33722
33712
33713
33703
33702
33701
33711
33721
33731
33740
33750
33768
33769
33770
33754
35338
35339
33779
33788
35340
35341
33805
33804
33787
33778
33777
33786
33803
33821
33822
33823
33840
33856
35342
30679
33882
33873
33855
33839
33838
33854
33872
33880
33881
33889
33907
33915
33908
33890
33891
35343
35344
35345
33916
33924
33923
33940
33941
30681
30682
33948
35347
35346
28796
28797
28784
28772
28773
28785
28786
28798
28799
28812
28826
28825
28824
28811
28810
28809
25553
28822
28823
25554
28835
25555
28849
28863
28864
28850
28836
28837
28838
28839
28853
28852
28851
28865
28866
28880
28879
28878
28877
28891
28892
28893
28894
28908
28909
28895
28881
28867
28868
25783
28854
28855
28869
25784
28882
25785
28896
28910
25786
28883
28897
28911
28927
28928
28929
28992
28991
28990
29009
29008
29007
29006
29005
28989
28976
25791
28977
28965
28964
25790
25789
28952
28953
28941
28926
28925
28940
25788
28924
28923
28922
28921
28907
28906
28905
28919
28920
28937
28936
28948
28960
25556
28972
28973
28974
28962
28961
28949
28950
28938
28939
28951
28963
28975
28986
28985
28984
29000
29001
29019
29018
29036
29037
29038
29039
29021
29020
29002
29003
28987
28988
29004
29022
29023
29024
29042
25794
29056
29043
29025
29026
29027
29028
29029
29010
29011
28993
28995
28996
29014
29032
29034
29051
29052
30229
29035
28997
28968
28967
28955
28966
28954
28942
28943
28931
28930
25787
28913
28912
28898
28899
28900
28886
28885
28871
28857
28858
28859
28860
28874
28888
28887
28901
28915
28916
28917
28903
28902
28889
28875
28861
28847
28833
25782
28832
28846
28845
28844
28831
28830
28843
28842
28829
28815
28816
28803
28802
28790
28778
28779
25779
28791
28804
28817
28818
28805
28806
28819
28820
28807
28794
28793
28792
28780
25777
28767
28754
28753
28766
28765
28752
28740
28729
28711
28710
28728
28727
28726
28725
28739
28751
28764
28777
28789
28801
28814
28828
28841
28840
28827
28813
25781
28800
25780
25778
28788
28776
28763
25775
28750
28738
28723
28724
28706
25771
28693
28692
28691
28674
28657
28658
25768
28675
28676
28694
28707
28708
28709
25769
28678
28679
28663
28662
28661
28677
28660
28659
28645
28644
28631
28619
28620
28632
28646
28633
28621
28609
28608
28607
28606
28618
25765
28630
28643
28642
28656
28673
28690
28704
28705
28722
28721
25773
28737
25774
28749
28775
28787
28774
25776
28762
28761
28760
28759
28748
28747
28735
28718
28736
28720
28719
28703
28702
28688
28689
28672
28671
25552
28654
28655
28641
28640
25551
28628
28629
28617
28616
25550
28605
25764
28594
28593
25549
28581
25548
28569
25547
28553
28554
28543
25762
28527
28526
28509
28492
28478
28449
28450
28432
28419
28408
28391
28374
28375
28392
28393
28376
28359
28360
28343
28344
28361
28378
28379
28396
28395
28410
25753
28422
28423
28437
28438
28439
28456
28457
28458
28472
25758
28485
28486
28504
28503
28502
28519
28518
28535
28536
28537
28520
28521
28522
28540
28539
28549
28550
28566
28578
28590
28602
28613
28625
28637
28636
28623
28611
28600
28588
28576
28575
28587
28599
28610
28622
28634
28635
28648
28647
25767
28664
28665
28666
28683
28682
28681
28680
25770
28695
28696
28697
28698
28714
28731
28713
28712
28730
28741
28742
28743
28744
28756
28755
28768
28769
28781
28782
28770
28757
28745
28733
28732
25772
28715
28699
28685
28684
28667
28649
28650
28651
28668
28669
28652
28653
30210
30211
28670
28687
28686
28700
28701
28717
28716
28734
30212
30213
28746
28758
30214
30215
28771
28783
28795
28808
30216
30217
28821
28834
30218
28848
28862
30219
30220
24078
24095
24107
24108
24096
24080
24079
24067
24066
24054
24042
20663
24030
24018
24019
24020
24021
20919
24032
24033
24022
24010
23995
23996
23997
23998
23999
24000
24024
24012
24002
24003
20917
24004
23988
23989
24005
24016
24015
24014
24013
24025
24037
20920
24050
24051
24063
24064
24076
24075
24074
24062
24061
24073
20923
24090
24091
24104
24118
24117
24103
24102
24101
24100
24114
24115
24116
24132
24133
24134
24150
24151
24135
24119
24105
24092
24093
20925
24106
24121
24120
24136
24137
24152
25316
25317
24167
24166
24165
24164
24149
24148
24163
24162
24147
24146
24131
24130
24129
24113
24112
20927
20929
24126
24142
24143
24158
24159
24144
24127
24128
24145
24160
24161
24179
24178
24177
24194
24195
24196
24230
24231
24215
24216
24232
24250
24249
24265
24278
24294
24295
24312
24324
24323
24341
24340
24339
24321
24309
24322
24311
24310
24293
24292
24276
24277
24264
24248
24247
24263
24246
24262
24275
24274
20936
24245
24244
24228
24243
24261
20937
24260
24242
24240
24239
24223
24190
24189
24172
24171
24140
24139
24123
24122
24138
24153
24154
24155
24170
24169
24168
24185
24219
24220
24221
24222
24238
24273
24302
24301
24318
24317
24300
24315
24314
24326
20665
24342
24351
24352
24343
24327
24329
24356
24357
20940
24303
24304
24362
24372
24373
24383
24374
24363
24364
24365
24375
24376
24386
24403
24419
24420
24421
25326
25327
24453
25328
25329
25330
24495
24494
24487
24486
24493
24502
24510
24503
25331
25332
24511
24518
24519
25333
25334
25335
24536
24543
20949
24560
25336
15706
19547
15707
19557
15708
19567
15709
19577
19578
15974
19587
19597
15710
19596
19606
15711
19622
19632
15712
19640
19641
19633
15978
19634
15976
19625
19624
19623
19607
19608
19598
19588
19579
19569
19559
19568
19558
19548
19549
19539
19538
15973
19528
19529
19530
19513
19512
19511
19495
19496
19480
19479
19462
19463
19464
19465
19481
19482
19466
19449
19450
19467
19483
19484
19500
19501
19502
19503
19487
19488
19489
19490
19505
19504
19522
19521
19520
19519
19518
19517
19516
19499
19498
19497
19514
19515
15972
19531
19540
19550
19560
19570
19580
19589
19599
15975
19609
19610
19611
19612
19613
19614
19615
19616
19627
19626
15977
19635
19636
19628
19618
19617
19601
19600
19590
19581
19571
19582
19591
19583
19572
19573
19574
19575
19565
19555
19564
19554
19544
19543
19553
19563
19562
19561
19551
19552
19542
19541
19532
19533
19534
19524
19523
15971
19506
15970
19491
19475
19474
19473
19456
19455
19472
19471
19470
19486
19485
19469
19468
19451
19452
19453
19454
19428
19429
19430
19441
19442
19459
19460
19461
20439
20438
19444
19443
19435
19434
19417
19418
20437
20436
19409
19408
15963
19391
19392
20435
20434
19375
19365
20433
20432
20431
19335
19318
20430
19301
20429
15955
19282
20428
20427
19256
19239
20426
20425
19229
19218
19202
19201
19200
19185
19184
19199
19215
19216
19217
19228
19227
19226
19225
19224
19234
19235
15953
19252
19253
19254
19236
19237
19238
19255
19273
19272
19271
15954
19280
19281
19291
19300
19317
19334
19344
19345
19355
19354
19364
19374
19390
19373
19363
19342
19332
19341
19331
19330
19313
19329
19340
19350
19351
19361
19360
19370
19405
19404
19387
19386
19385
19402
19403
19427
19426
19425
19424
19423
19422
19413
15964
19412
19421
15966
19438
19439
19448
19447
19446
19445
19436
19437
15965
19395
19396
19397
19398
19399
19400
19401
19384
19383
19382
19381
19380
19369
19359
19349
19339
19322
15958
19338
15959
19348
15960
19358
15961
19368
19379
19378
19377
19394
19411
19420
19419
15705
19410
19393
19376
19366
19367
19357
19356
19346
19347
19336
19337
19321
19304
19284
19293
19303
19320
19319
15704
19302
19292
15703
19283
15702
19274
15701
19275
19258
19241
19257
19240
19230
19219
15700
19203
19187
19188
19189
19205
19204
19220
19231
19232
19242
19259
19276
19277
19286
19285
19294
19295
19305
19306
15957
19323
19324
19325
19326
19327
19328
19312
19311
19310
19309
19308
19307
19296
19287
19278
19260
19261
19244
19243
19233
19221
19222
19191
15951
19207
19208
19209
19210
19211
19212
19196
19195
19181
19180
19179
19178
19192
15949
19177
19164
19163
19176
19174
19150
19161
19173
19172
19160
19171
19159
25315
24094
24077
25314
25313
24065
24053
24052
24039
24038
24026
24027
24028
24040
24041
25312
25311
24029
24017
25310
24006
23990
25309
19004
19021
19032
19049
19066
19050
19067
19068
19085
19084
15697
19083
19093
19094
15938
15939
19104
19105
19096
19095
19086
19087
19071
19054
19072
19073
19074
19057
19040
19039
19056
19055
19038
19037
19036
19053
19070
19069
19052
19051
19035
19034
19033
19022
19005
18996
18997
18980
18979
18995
15696
18978
15695
18969
18970
18955
18954
18936
18937
18938
18956
18971
18972
15931
18981
18998
19007
19006
19023
19024
19025
19008
19009
19010
15934
19011
19012
19013
19014
19015
18987
18986
18985
18984
18983
18982
15929
15927
18940
18939
18929
18919
18920
15925
18930
18941
15928
18957
18942
18943
18958
18959
18944
18945
18946
18960
18961
18988
18989
18990
18991
18974
18973
15930
18963
18962
18947
18948
18949
18964
18965
18950
18951
18966
18975
18992
15932
19001
19000
18999
19016
19026
19043
19027
19017
19018
19028
19029
19030
15935
19047
15936
19064
19065
15937
19082
20419
20418
20417
19048
19031
20416
20415
19020
19019
15933
19002
18993
19003
18994
18977
18976
18967
18968
18953
18952
18935
18926
20414
20413
18916
18915
18905
18904
18914
18913
18912
18922
18923
18924
18925
18934
18933
18932
18931
15926
18921
18911
18901
15924
18889
18879
18870
18871
18880
18881
18872
18873
18882
18891
18890
18902
18903
18892
18893
18894
18906
18895
20412
18885
20411
20410
18876
18875
18884
18883
18874
18863
18853
18843
18833
18835
18826
18809
18800
18808
18799
18781
18780
18773
18772
18763
18764
18754
18737
18738
18739
18756
18755
15915
18765
18774
15917
15919
18782
18783
18775
18766
18757
18740
20401
18730
20400
20399
18720
18710
18709
18719
18729
18728
18727
18717
18718
18708
18707
18706
15910
18716
18726
18736
18753
18752
18735
18725
18715
18705
18693
18694
18695
18679
18670
18661
18650
18640
18630
18620
18602
18603
18621
18631
18641
18651
18662
18652
18653
18643
18642
18632
18633
18624
18634
18644
18654
18665
18664
18663
18672
18671
18680
15908
18696
18697
18681
18673
18674
18683
18682
18698
18699
18700
20398
15907
15905
15903
18655
20397
20396
18645
18635
20395
20394
18625
15899
18608
18607
18606
18588
18589
18590
18572
20393
18562
20392
20391
18553
18544
20390
20389
18535
18534
18543
18552
18561
18571
18570
18587
18605
18623
18622
18604
18586
18585
18569
18560
18559
18550
18551
18542
18541
18532
18533
18523
18514
18515
18524
18525
18516
18507
18506
18505
18488
18487
18486
18478
18470
18462
18463
18471
18479
18480
18472
18481
18489
20385
20384
20383
18473
18465
20382
20381
18457
15896
18440
18425
18424
18439
18438
18456
18464
18455
18454
18453
18435
18452
18451
18450
18449
18448
18447
18430
18420
18402
18403
18404
15893
18431
18432
18433
18434
15894
18421
18422
18436
18437
18423
18409
18408
18407
18406
18405
18388
18389
18374
18357
18356
18373
18372
18387
15891
18371
18370
18353
18354
18337
18355
18338
18320
18319
18301
18300
18318
18336
18335
18334
18317
18299
18298
18316
18315
18333
18350
18349
18332
18314
18296
18295
18313
18331
18348
18365
18366
18367
18368
18351
18352
18369
18386
18401
15892
18385
18384
18383
18382
15668
18398
18399
18416
18427
18442
18443
18460
18459
18467
18475
18483
18491
18501
18510
18519
18528
18529
18520
18511
18502
18492
18484
18476
18468
18444
18428
18417
18400
18418
18419
15895
18429
18446
18445
18461
18469
18477
18485
18493
18503
18512
18521
18530
18539
18548
15898
18557
18547
18538
18537
18536
15679
18527
15678
18518
15677
18509
15676
18500
15675
18490
15674
18482
15673
18474
15672
18466
15671
18458
15670
18441
18426
15669
18415
23272
23261
23260
23233
23204
23187
23186
23185
23203
23202
23201
23184
23183
20866
20868
23182
23200
23199
23198
23181
23180
23179
23195
23196
23197
23213
23214
23223
23222
23231
23240
23232
23241
23250
20871
23259
23267
20872
23249
20869
23221
23230
23239
23238
20635
23229
20634
23220
20633
23211
20632
23212
23194
23193
23177
23178
23168
23169
23148
23158
23170
23171
23159
23149
23139
23128
23117
23107
23096
23095
23106
23116
23127
23138
23137
23147
23157
23167
23166
23156
20631
23146
20630
23136
20629
23125
20628
23126
23115
20864
23105
23094
23083
23061
20862
23060
23072
23071
20625
23082
20626
23093
20627
23104
30167
30168
25723
27926
27919
27918
25722
27909
27910
27901
30166
30165
27893
27884
30164
30163
27875
27866
30162
27857
30161
23029
23045
23046
23030
23018
23002
23017
23001
22989
22990
22977
20624
22961
22962
22978
22979
20854
22991
22992
20855
23003
20857
23019
20859
20860
23047
23062
20863
23073
23084
23085
23074
23063
23048
20861
23049
23050
23051
23052
23064
23075
23076
23087
23099
23110
23120
23119
23109
23098
23086
23097
23108
23118
23129
20865
23140
23130
23131
23141
23142
23132
23121
23111
23100
23089
23088
23077
23078
23079
23080
23069
23058
23070
25263
23059
23044
23028
23016
23015
20858
23043
23042
23057
23068
23067
23056
23055
23066
23065
23054
23053
23038
23037
23036
23035
23034
23033
23022
23021
23032
23031
23020
23004
20856
23005
22993
22981
22965
22966
22967
22968
22969
23006
23007
23008
23009
22994
23010
23023
23024
23039
23040
23041
23025
23011
22995
22996
23012
23013
23026
23027
23014
22998
22999
23000
25262
25261
22988
22987
22986
22974
22975
22976
22960
22947
22935
22924
22923
22922
22933
22934
22946
22959
22958
22957
22973
22985
22997
22984
22983
22982
22970
22971
22972
22956
22955
20851
20849
22943
22944
22945
22932
22931
20847
22919
22918
22917
22901
22902
22903
22904
22920
22921
22905
22906
22907
22891
22879
22880
22892
22908
25260
25259
25258
22864
22853
25257
25256
22842
22831
22815
20836
22798
22797
22785
22784
22796
22783
22782
22781
22766
22765
22747
22746
22764
22763
22778
22779
22780
22809
22808
22823
22824
22825
22810
22811
22826
22827
22812
22794
22795
22813
22814
22829
22830
22841
22852
22863
22862
22851
22850
22839
22840
22828
22838
22849
22860
20842
22876
22877
22861
22878
22890
22889
22888
22887
22875
22874
22873
22872
22871
22886
20843
22898
22914
22915
22899
22900
22916
22930
22942
20850
22954
20853
22953
22952
22964
22980
22963
20852
22951
22938
20848
22927
22911
20844
22895
22883
22867
22857
22856
22855
22844
22833
22845
22846
22847
22858
22868
22884
22896
22912
22928
22939
22940
22941
22929
20846
22913
20845
22897
22885
22869
22870
20841
22859
22848
20840
22837
20839
22820
22821
22822
22807
22806
22805
20838
22804
22792
22791
22802
22803
20837
22819
22836
22835
22834
22818
22801
22789
22774
22790
22775
22776
22758
22759
22741
22742
22760
20834
22793
22777
20835
22761
22743
22744
22762
22745
22718
22719
22702
22701
22700
22699
22717
22716
20833
22715
22698
22681
22682
22683
22684
22685
22686
22703
22704
22720
22748
22767
22749
22732
22731
22721
20832
22705
22688
22687
22669
22670
22659
22658
22648
22637
22626
22627
22638
22649
22650
22660
22671
22672
22690
22689
22706
22722
22723
22707
22708
22691
22673
22661
20831
20829
22640
22639
22628
22629
22630
22631
25247
25248
22642
22641
22651
22652
22662
22674
25249
25250
25251
25252
22725
22724
22734
22733
22751
22750
22768
22769
22770
22752
22735
25253
22753
22771
22786
25254
25255
17844
17862
17878
17894
17893
15654
17909
17910
17911
17895
17896
17897
17866
17848
17847
17846
17864
17865
17881
17880
17879
17863
17845
17827
17826
17814
17815
17802
17801
17788
17789
17790
17803
17816
17828
17829
17830
17831
17832
17833
17850
17849
17867
15862
17882
15863
17898
17914
17913
17912
15864
17928
17929
17930
17946
17945
17944
15865
15867
17958
17959
17973
17972
15869
15871
18001
18000
17985
17971
17970
17957
17943
17927
17926
17925
17941
17942
17956
17955
17969
17983
15655
17998
18013
17984
17999
18014
18015
18030
18016
18017
18018
18019
18003
18002
17986
17987
17988
17974
17960
17961
15870
17975
17990
17989
18005
15873
15875
18020
15876
18035
18050
15877
18064
18065
18066
18081
18096
18095
18080
18079
18094
18110
18122
18133
18145
18146
18135
18134
18123
18111
18112
18124
18113
18097
18068
18067
18054
18039
18040
18041
18055
18069
18082
18098
18099
18083
20364
18070
18056
20363
18042
18027
18026
15874
18011
17995
17994
17993
17992
18008
18009
18010
18025
18024
18038
18053
18052
18051
18036
18037
18023
18022
18021
18006
18007
17991
17976
17977
17964
17965
17966
17951
15866
17936
17937
17921
17938
17953
17952
15868
17967
17968
17954
17940
17939
17923
17922
17906
17890
17875
17874
17873
17872
17856
17857
17839
17821
17822
17823
17811
17798
17785
17786
17787
17774
17773
17772
17771
17770
17783
17782
17795
17808
17820
17838
17837
17819
17807
17794
17781
17768
17769
17756
17757
17758
17747
17759
17760
17748
17734
15853
17717
15852
17700
15851
17683
17669
17670
17684
20351
20352
17701
17718
20353
20354
17735
17749
17761
20355
20356
20357
17800
17813
20359
20358
13623
11528
13629
11529
13635
11530
13641
11531
13658
13665
13680
13698
13712
13713
13714
11758
13729
13730
11760
13735
13742
13748
13747
13746
11533
13745
11534
13751
11535
13756
13761
11536
13766
11537
13772
11538
13777
13782
11539
13787
13794
13800
11540
13806
11541
13811
11542
13815
11543
13819
11544
13823
11774
13824
13825
13826
13827
13828
13829
13830
13831
13832
13833
13834
13835
13836
13837
13821
13817
13813
13808
13803
13804
13809
11771
11772
13818
13814
13810
15372
15371
13805
13799
15370
15369
13793
13792
13798
13797
13791
13785
13780
13775
11768
13786
13781
15368
15367
13771
13776
11766
13770
13769
13764
11765
13765
13760
13755
11763
11762
13749
13743
13750
15366
15365
13744
13738
13732
11759
11757
13711
13697
13679
13664
15364
13657
15363
13640
13639
13633
13634
15362
15361
9466
9483
9494
9495
9512
7736
9511
9520
9529
9530
9547
9546
9564
7737
9580
7738
9588
9596
7739
9565
9548
9549
9532
9531
9521
7996
9513
9497
9496
9485
9484
9467
9457
9456
7735
9445
9446
9428
9429
9430
9431
9448
9447
9458
9468
9469
9486
9498
9499
9487
9470
9471
9459
9460
9472
7993
9488
9473
9474
9475
9476
9477
9489
9507
9508
9509
9518
9517
9516
9515
9506
9505
9504
9503
9502
9501
9500
9514
9522
9535
9534
9533
9550
9568
9567
9566
9581
9589
9597
8000
9606
8001
9624
9633
9642
8004
9650
9659
9668
9641
9632
9623
9615
9605
9614
7740
9622
7741
9631
7742
9640
9649
7743
9658
9667
7744
9684
7745
9692
7746
9700
7747
9708
7748
9724
7749
9733
7750
9742
7751
9756
7752
9770
8009
9779
9788
9789
9780
9772
9771
9757
9743
9758
9744
9735
9726
9725
9709
9701
9693
9685
9669
9670
9671
9672
9673
9660
9651
9643
9634
9625
9616
9607
9598
9590
9582
9570
9569
9551
9552
9571
9572
9573
9554
9553
9536
9537
9538
9555
9574
9556
9539
9540
9541
9523
9524
9525
9543
9542
9559
9558
9557
9575
9576
9577
9584
9583
7999
9591
9600
9609
9599
9608
9617
9618
9627
9626
9635
9644
9652
9661
9679
9687
9688
9680
9662
9663
9654
9653
9645
9636
9637
9628
9619
9610
9611
8002
9620
9629
9638
9639
11245
11244
9630
9621
9613
11243
11242
9604
9612
9603
9602
9601
9592
9593
9586
9585
9578
9560
9561
9562
7997
9579
9587
9594
9595
7998
11241
9563
9545
9544
9526
9527
9528
11240
11239
7995
9519
9510
9492
7994
9481
9482
9465
9464
9453
9443
9442
9452
9463
9480
9491
9490
9479
9478
9461
9462
9451
7992
9440
9439
9438
9437
9436
7991
9435
9434
9421
9410
9399
9373
9374
9375
9376
9377
9378
9362
9351
9363
9379
9380
9364
9353
9352
9341
9342
9343
9333
7983
9344
9345
9335
9334
9318
9317
9316
9332
9331
9330
9314
9315
9299
9284
9283
9298
9297
9313
9329
9328
9327
9311
9312
9296
9295
9294
9310
9326
9325
9309
7979
9293
7978
9273
9246
9227
9243
9253
9280
9281
9282
9292
9291
9290
9289
9305
7980
9321
7982
9337
7984
9347
7985
9358
9359
9360
9349
9348
9338
9339
9323
9322
9306
9307
9308
7981
9324
9340
9350
9361
7986
9372
9388
9387
9398
9409
7990
9420
9433
9450
9449
9432
9408
9397
9386
9371
9370
7987
9385
7988
9396
7989
9407
9419
9418
9417
9406
9395
9384
9369
9368
9357
9346
9336
9320
9304
7734
9288
9279
7733
9270
9252
9242
9225
9226
9215
9214
7732
9197
9198
9188
7731
9187
15347
15346
13331
13342
13358
15348
15349
13368
13384
13402
13420
13419
13401
13400
13418
13429
13430
13440
15350
13451
13450
13439
13438
13428
13427
13417
13399
13398
13416
11738
11740
13437
13449
13448
13464
13465
13466
13467
15351
13478
11743
13495
15352
15353
13505
13514
15354
15355
13522
13530
15356
15357
13538
11747
13555
15358
15359
13572
15360
13589
13588
11749
13571
13570
11748
13569
13587
13602
13603
13620
13621
13604
13605
13622
13628
13627
13632
13626
13619
13618
13617
13600
13601
13586
13585
13568
13551
13550
13567
13584
13599
13616
13625
13631
13637
13653
13638
13654
13655
13656
13663
13678
13677
13662
13676
13694
13695
13696
11756
13727
13737
13736
11761
13731
13726
13710
11755
13693
13692
13691
13709
13725
13724
13723
13722
13708
13690
13673
13674
13675
13661
13652
13651
13650
13649
13648
13647
13646
13669
13670
13671
13688
13672
13689
13707
13721
13720
13706
13719
13705
13687
13686
13685
13668
13645
13644
13660
13659
11753
13642
13643
13636
13630
13624
13609
13608
11751
11752
13607
13606
11527
13590
11526
13573
13591
13574
13557
13556
13539
13531
13523
11525
13515
13506
11524
13496
13497
13479
13468
11523
13469
13480
13481
13498
13499
13508
13507
11745
13516
13524
11746
13532
13542
13541
13540
13558
13559
13576
13575
11750
13592
13593
13577
13578
13561
13560
13543
13544
13533
13525
13517
13509
13547
13546
13545
13562
13563
13564
13580
13579
13594
13610
13611
13612
13595
13596
13581
13582
13597
13613
13614
13615
13598
13583
13566
13565
13548
13549
13534
13526
13518
13519
13527
13535
13536
13552
13553
13554
13537
13529
13528
13520
13521
13513
13512
13511
13510
13501
13502
13492
13503
13504
13477
13476
13494
13493
13475
13474
13463
13447
13446
13436
13426
13414
13415
13397
13396
13395
13413
13412
13411
13410
13409
13391
13392
13393
13394
13378
13377
13376
13375
13374
13364
13349
13350
13351
13352
13353
13354
13379
13380
13381
13365
13355
13338
13339
13340
11734
13356
13366
11735
13382
11736
13383
13367
13357
13341
13330
13320
13321
15345
15344
15343
13299
13310
13309
13298
13287
13288
15342
15341
13277
13276
13265
13275
13286
13297
13296
13307
13308
13319
13329
13328
13318
13327
13317
13306
13295
13284
13285
13274
13273
13263
13264
13253
13254
13255
11731
13266
13256
13245
13246
15340
11726
13218
11724
13201
15339
15338
13191
11722
13174
15337
15336
15335
11720
13157
11721
13173
13190
13200
13199
13189
13188
13171
13172
13154
13136
13135
13153
13170
13169
13186
13197
13185
13184
13167
13168
13151
13150
13149
13166
13165
13183
13182
13181
13164
13163
13180
13179
13162
13145
13146
13127
11719
13126
13143
13125
13158
13141
13124
11516
13114
11515
13104
11514
13094
11513
13077
13068
13095
13105
13115
13116
13106
13096
13078
13079
13080
13097
13098
13081
13071
13070
13055
13056
13057
13058
13059
13060
13061
13062
13045
13035
13024
13023
13022
13021
13020
13019
13018
13034
13044
13043
13033
13017
13016
13007
13008
12993
12994
12976
12975
11711
12958
12992
12991
13006
12990
12989
13005
11715
13015
13032
11716
13042
13054
13069
11717
13053
13052
13051
13041
13031
11512
13014
11511
13004
11510
12988
12972
12955
12956
12973
12974
12957
12945
12935
12946
12947
12936
12924
12923
12911
12910
12922
12934
12933
12944
12943
11509
12932
11508
12920
11507
12908
11506
12897
12898
12909
12921
12899
12900
12901
12883
11706
12882
12881
12880
11505
12865
12854
12855
12856
11704
12866
12867
12857
12858
11705
12859
12868
12869
12870
12871
12888
12887
12886
11707
12885
12884
12912
12913
12925
12937
12948
12959
12960
12961
12962
12926
12938
12949
12965
12964
12963
12979
12978
12977
12995
12996
12997
12998
12980
12981
12999
13009
13000
13010
13026
13025
13036
13046
13063
13073
13072
13087
13086
13085
13084
13083
13082
13108
13107
13117
13118
13128
13129
13147
13148
13130
13131
13132
13133
13152
13134
13119
13120
13110
13109
13099
13100
13088
13089
13090
13101
13111
13121
13137
13155
13156
13138
13122
13139
13140
13123
15334
15333
13113
13103
15332
13093
13092
13112
13102
13091
13075
13074
13064
13065
13066
11718
13076
13067
13050
15331
15330
13040
13049
13039
13038
13048
13047
13037
13027
13028
13029
13030
13013
13003
12987
12986
12970
12971
12954
15329
11710
12931
15328
12919
12907
12896
12906
12905
11709
12918
12930
12942
12953
12952
12941
12929
12917
12904
12831
12830
12829
12846
12845
12828
12800
12799
12798
12783
12782
12813
11700
12827
12844
11702
12843
12842
12826
12825
12841
11701
12824
12823
12840
12839
12838
12837
11504
12820
11503
12806
11502
12791
12807
12821
12822
12808
12760
12728
12727
11499
12711
12694
12695
12712
12713
12729
12730
12714
12697
12696
12679
12680
12646
12645
12630
12631
12633
12615
12616
12634
12649
12648
12664
12681
12698
12699
11693
12715
12716
12717
12701
12684
12685
12668
12669
12670
12686
12704
12719
12734
12735
12736
12753
12771
12772
12773
12755
12754
12737
12738
12739
12724
12725
12709
12710
15324
15323
12693
12676
15322
12659
12643
12642
12627
12626
12625
12624
12607
12589
12588
12572
12573
12574
12590
11685
12608
12591
12575
12576
12577
12593
12592
11686
12609
12628
12610
12594
15321
12578
15320
15319
12562
12561
12545
12544
12529
12530
12514
12498
12482
12466
12451
12452
15312
15311
12436
12435
12434
12450
12465
12464
12480
12479
12495
12494
12510
12511
12512
12528
12543
12560
12559
12558
12542
12527
12526
12525
12509
12493
12492
12508
12524
12539
12540
12541
12557
12556
12555
12571
12587
12605
12604
12620
12621
12637
12638
12622
12606
12623
11688
12639
11689
12656
11691
12672
12657
12640
12641
11690
12658
12675
12692
12691
12674
12673
12690
12689
12688
11692
12705
12706
12707
12708
12723
12722
12721
12720
12687
12671
12655
12654
12653
12652
12636
11687
12619
12603
12602
12601
12585
12569
12568
12567
12566
12550
12534
12535
12520
12519
12533
12518
12502
12503
12504
12488
12472
12471
12470
12487
12486
12501
12485
20307
16611
16604
16587
20306
16578
15782
16569
16568
16559
16560
16551
16552
16561
16570
20305
20304
20303
16543
15780
16535
20302
20301
16527
16519
20300
15779
16504
16503
16502
16488
16465
16481
15776
16489
20299
20298
15773
16441
16440
16449
16448
15774
16464
15775
16480
16487
16486
16479
16463
16462
16478
16497
16498
16499
16509
16500
16501
16510
16511
16518
16517
16516
16524
16525
16526
16534
16542
16541
16533
16532
16540
16548
16549
16550
16558
16557
16566
16567
16576
16577
16586
16603
16610
16609
16602
16585
16584
16575
16583
16601
16608
16607
16600
16599
16598
16597
16596
16595
16594
16593
16632
16634
16625
16626
16627
16636
20308
20309
16645
16644
16635
16643
16652
16660
16661
16653
16654
20310
20311
16662
20312
16671
16687
16686
16696
16695
16705
16719
16720
16706
16697
20313
20314
16707
16721
16737
16750
16767
16779
16795
20315
20316
16808
15798
15799
16837
20317
16852
16869
16882
16881
16880
16896
16912
16911
16910
16894
16895
16879
16866
16865
16878
16877
15801
16863
16864
16848
16849
16867
16868
16851
16850
16836
16835
16834
16847
16846
16832
16833
16820
15797
16821
16805
16806
16822
16823
16807
16794
15796
16778
16766
16749
16736
16735
16734
16733
16732
15790
15789
16718
16703
16704
16694
16685
16670
16669
16668
16684
16683
16682
16681
16680
16679
16678
16677
16676
16692
16691
16711
16712
16701
16702
16713
16714
16715
16730
15791
16729
16728
16727
16743
16755
16754
16753
16752
15793
16739
16740
16741
16742
16726
16725
16724
16710
16699
16700
16690
16689
15615
16663
15616
16672
15617
16688
15618
16698
16708
16709
16723
16722
16738
15619
16751
16768
16769
16781
16780
15620
16796
16797
16798
16811
16812
16827
16828
16829
16814
16813
16800
16799
16783
16782
16770
16771
16772
16784
16785
16801
16802
16786
16773
15794
16756
16757
16758
16759
16760
15795
16774
16791
16790
16803
16819
16831
16845
16862
16876
16891
16890
16889
15802
15804
16904
16905
16906
16907
16908
16892
16893
16909
16922
16921
16933
16934
16935
16923
16924
16936
16937
16925
15805
16913
16897
16898
16914
16926
20318
16938
16954
16953
15810
16965
15811
16982
20319
20320
16994
17006
20321
20322
17018
20323
17029
17043
17042
17057
15817
17058
17073
17090
17106
17105
17120
17121
17136
20324
20325
17150
17164
20326
20327
17178
17177
17194
17195
17209
17225
17239
17252
20328
20329
17265
17278
20330
20331
17291
17290
17277
17276
17289
17302
17303
17304
20332
20333
17317
17316
17333
17332
17315
17301
17288
17275
17262
17263
17264
17251
17250
17237
17238
17224
17223
17208
15827
17193
17175
17176
17162
17163
17149
17135
17148
17134
17133
17147
17161
17160
17146
17145
17159
17173
17174
17191
17192
17207
17206
17205
17190
17189
17172
17158
17144
17130
17115
17116
17131
17132
17117
17102
17103
17118
17119
17104
17088
17089
17072
17056
17041
17028
17017
17005
16993
16981
16980
16979
16991
16992
17004
17003
17002
16990
16978
16960
16961
16962
16963
16964
16952
16951
16950
16949
16948
16947
16946
16945
16944
16932
16920
16931
15808
16943
16959
16973
16974
16975
16976
16977
16989
17001
17013
17014
17015
17016
17027
17026
17039
17040
17055
17054
17053
17038
17025
17024
15814
17037
17052
17051
17083
17084
17068
15816
17069
17070
17071
17087
17086
17085
17101
17100
17099
17114
15821
17098
17082
17067
17066
17065
17050
15813
15815
17036
17023
17012
17000
16988
16972
16971
17011
17022
17035
17049
17064
17078
17079
15819
17096
17080
17081
17097
15820
17129
17143
17157
17171
17186
17156
17170
17185
17202
17216
17203
17187
17188
17204
17218
17217
15829
17232
17233
17219
17220
17221
17222
17236
17249
17248
17235
17234
17247
17246
17259
17272
17285
17298
17311
17312
17299
17286
17273
17260
17261
17274
17287
17300
17313
17314
17331
17343
17344
17356
17355
17354
17342
17330
17329
17328
17327
17326
17325
17324
17310
17297
17284
15833
15832
17271
17258
15831
15830
17245
17231
17215
15828
17201
15826
17184
15825
15824
17169
17155
15823
15822
17141
17142
17128
17127
17113
17112
17111
17095
17094
17110
17125
17124
17123
15632
17122
17137
17151
17152
17153
17167
17168
17182
17199
17198
17197
17180
15633
17179
17196
15634
17210
15635
17226
17240
17253
17254
17267
17268
17281
17282
17269
17256
17257
17270
17283
17296
17295
17294
17293
15636
17292
15637
17305
17306
17319
17320
17321
17307
17308
17309
17322
15834
17323
17339
17351
17362
17375
17374
15836
17390
17403
17416
17428
17441
17454
17467
17481
17496
15841
17513
17530
17529
17542
17541
17540
17539
17538
15646
17555
15647
17568
17581
15648
17597
15649
17610
15650
17623
17641
17642
17643
17625
17644
17626
17613
17612
17611
17624
15847
17582
17569
17556
17557
17570
17584
17583
17598
17599
17600
17627
17628
15848
17645
17660
17659
15849
15850
17675
17658
17657
17674
17688
17687
17704
17721
17738
17752
17751
17750
15653
17736
15652
17719
17737
17720
17703
17702
17685
17671
17672
17686
17673
17656
17655
17654
15651
17640
22599
22610
25245
25246
22620
22619
22609
22598
22581
22582
22566
22550
22535
20818
22523
22522
22510
22494
22493
22492
22508
22520
22519
22507
22506
22505
22504
22503
22502
22501
20817
22490
22489
22500
22517
22516
22499
22488
22487
22476
22466
22467
22450
20811
22433
22432
22416
22405
22387
22388
22389
22377
22378
22366
22365
22354
22353
22341
22342
22330
22329
22317
22303
20806
22302
22316
22328
20607
22327
20608
22339
20609
22351
22352
20809
22363
22364
22376
22375
20610
22374
20611
22386
20612
22403
22404
22415
22414
22430
22448
22464
20613
22474
20614
22485
20615
22496
20616
22513
20617
22525
22536
22551
22552
22568
22584
22585
22602
22613
20825
22603
22586
22569
20822
22570
20824
22587
22604
22614
20826
22625
22636
22647
22656
22655
20830
22646
22635
22624
22623
22634
22645
22665
22677
22694
22693
22710
22711
22728
22738
22737
22754
22736
22727
22726
22709
22692
22675
22676
22664
22663
20620
22653
22654
22644
22643
22632
22633
22622
22621
22611
22612
22601
22600
20619
22583
20618
22567
30138
27464
27487
27486
27471
27470
27485
27494
27511
27495
27513
27512
27520
27519
27509
27517
27516
27524
27523
27530
27531
27538
27537
27545
25705
27558
27557
27556
27555
27554
27567
27574
27588
27589
27590
27591
27609
27610
27592
27576
27575
27568
27559
27546
27560
27547
27539
27532
27533
27540
27548
27561
27569
27570
27562
27563
27564
27571
30144
30145
27578
27596
27614
27632
27613
27595
27577
27593
27594
27612
27611
27629
27628
27627
27626
27608
27607
27606
27605
27587
27586
27604
27603
27585
27584
27602
27600
27582
27581
27599
27616
27617
27618
27634
27643
27650
27657
27664
27671
27678
27685
27692
27700
27709
27717
27730
27731
27748
27749
27732
27733
27750
27766
27765
27764
27763
27747
27746
27729
27728
27745
27744
25713
27760
27743
27726
27727
25710
25526
27691
25527
27699
25528
27708
27716
27725
27742
25529
27759
32975
32974
32983
32993
32994
32984
32985
35292
35293
32995
35294
33005
33004
33003
33002
32992
32982
32981
32991
33001
33011
33021
33031
33041
33042
33051
33061
33062
33052
33053
33054
33044
33043
33032
33022
33012
33013
33014
33015
35295
35296
33025
33024
33023
33033
33034
33035
35297
35298
33045
33055
35299
35300
35301
35302
33085
33075
33065
33064
33063
33074
33084
33094
33095
35303
35304
33105
33104
33133
33113
33103
33093
33092
33082
33083
33073
33072
33071
33081
33091
33101
33102
33112
33111
33129
33128
33110
33100
33090
33080
33070
33060
33050
33040
33030
33020
33010
33000
32990
32980
32968
32967
32966
32965
32964
32979
32989
32999
33009
33019
33029
33039
33049
33059
33069
33079
33089
33099
33109
33121
33120
33138
33119
33108
33098
33088
33078
33068
33058
33048
33038
33028
33018
33008
32998
32988
32978
32961
30639
32951
32950
32960
32977
32987
32997
33007
33017
33027
33037
33047
33057
33067
33077
33087
33097
33107
33106
30399
33096
30398
33086
30397
33076
30396
33066
30395
33056
30394
33046
30393
33036
30392
33026
30391
33016
30390
33006
30389
32996
30388
32986
30387
32976
30386
32959
30385
32949
30384
32934
32935
32918
32917
32906
30383
32890
32874
32907
32908
32919
32936
32952
32962
32963
32953
32938
32921
32937
32920
32909
30635
32891
32892
32861
32860
32876
32875
30634
30633
32859
32850
32841
32832
32823
32804
32794
32784
32771
32772
32756
32708
32698
32648
32649
32628
32629
32630
32613
32612
32611
32610
32627
32626
32609
32591
32592
32593
32576
32575
32561
32560
32559
32558
32557
32547
32546
32556
32555
30619
32571
30620
32589
32572
32573
32574
32590
32608
32625
32624
32639
32647
30623
32623
32607
32606
32588
32605
32604
32587
30367
32570
30366
32554
32545
30365
32536
30364
32527
30363
32518
30362
32508
30361
32491
32474
32457
32440
32425
32426
32441
32442
32443
32444
32461
32478
32477
32460
32476
32459
32458
32475
32492
32493
32509
32519
32528
32537
32538
32529
32520
32510
32494
32495
32496
32479
32497
32498
32499
32500
32483
32466
32449
32448
32465
32482
32481
32480
32463
32462
32445
32446
32464
32447
32429
32430
32431
32416
32415
32414
32413
32428
30612
32412
32401
32391
32381
32371
32361
32352
32342
32332
32322
32312
32303
32293
32292
32281
32282
32266
32267
32255
32245
32235
32268
30605
30607
32269
32270
32271
32272
32246
32247
32248
32258
32257
32256
30603
32273
32274
32285
32286
32287
32276
32275
32259
32260
32277
32288
32299
32309
32318
32328
32338
32348
32347
32357
32356
32346
32336
32337
32327
32326
32316
32317
32308
32298
32297
32296
32295
32284
32283
32294
32304
32305
32306
32307
32315
32325
32335
32334
32324
32314
32313
32323
32333
32343
32344
32345
32355
32354
32353
32362
32363
32373
32383
32372
32382
32392
32393
32403
32404
32394
32395
32385
32384
32374
32364
32365
32375
32366
32358
32367
32377
32387
32376
32386
32396
32397
32407
32406
32405
32421
32422
32423
32438
32437
32436
32454
32453
32470
32471
32488
32487
32504
32513
32514
32505
32489
32472
32473
32490
32507
32506
32515
30613
32524
32533
32542
32550
32549
30616
32540
32541
32532
32523
32512
32503
32486
32485
32468
32469
32452
32434
32435
32420
32419
32418
32402
32417
32432
32433
32451
32450
32467
32484
32501
32502
32511
32521
32522
32531
32530
32539
32548
30617
32565
32566
32567
32568
32551
32552
30618
32585
32603
35280
32586
32569
32553
32544
32543
30615
30614
32534
32535
32526
32525
32516
32517
35279
35278
35277
35276
32456
32455
32439
32424
35275
35274
35273
35272
35271
35270
35269
35268
35267
35266
35265
30608
30606
30604
32261
35264
35263
32251
32241
35262
35261
30599
32231
32240
32250
32249
32239
32230
32213
32214
32205
32204
32193
32182
32183
32194
30598
30596
32195
35260
35259
32184
32174
32158
32157
32173
32172
32156
30592
32145
30590
32134
32133
32144
32129
32130
32131
32132
32117
32118
32135
32136
32146
32147
32137
32138
32148
27061
27077
27062
27063
27054
27045
27055
27065
27064
27080
27081
27091
27090
27079
27078
27089
25491
27088
25492
27099
27100
27111
27110
27121
27137
27122
27138
27139
27123
27124
27125
27126
27114
27113
27112
25683
27101
27102
27092
27103
27127
27128
27129
27130
27131
27147
27146
27145
27144
25687
27143
27142
27141
27140
27155
27156
27157
27168
27167
27166
27177
27176
27165
27154
27153
25493
27164
25494
27175
25495
27186
27197
27198
25692
27214
27215
27227
27244
27255
27254
27243
27226
27225
25496
27242
25497
27253
25498
27264
25499
27285
27296
25500
27312
27322
27338
27339
27313
27297
27286
27287
27276
27275
25693
27265
27266
27267
27256
27245
27228
27216
27217
27200
27199
27187
27188
27189
27178
27179
27190
27201
27202
27203
27204
27205
27206
27207
27235
27236
27247
27258
27234
27233
27232
27231
27230
27229
27246
27257
27268
27278
27277
27288
25694
27289
27298
27299
27300
27301
27302
27303
27304
27305
27316
27331
27332
27306
27291
27290
27279
27269
27270
27280
27281
27271
27260
27259
27248
27237
27238
27220
27219
27218
27208
27209
27192
27191
27180
27169
27158
27148
27149
27159
25689
27170
27182
27181
27193
27210
27211
27221
27239
27240
27251
27250
27249
27261
27262
27263
27252
27241
27223
27222
27213
27196
27195
27212
27194
27183
27184
27185
27173
27172
27171
27160
27151
27152
25688
30122
30121
27120
30120
25682
25681
25679
25677
25676
25675
27033
30119
25674
27023
25673
27007
26996
26997
30118
22061
22062
22063
22079
22096
22097
22106
22115
22124
22123
22132
22133
22142
22141
22152
22151
22150
22140
22131
22122
22113
22114
22105
22104
20796
22095
22094
22078
22077
20595
22093
22103
20596
22112
20597
22121
20598
22130
20599
22139
20600
22149
20601
22163
20799
22164
22165
22183
22182
22181
22180
20602
22192
22205
22206
22218
22217
20603
22229
20604
22241
20605
22258
20606
22272
22273
22287
22288
22289
22275
22274
22260
22230
22219
22207
22193
22194
22195
22208
22220
22197
22169
22170
20798
22153
22171
22154
22155
22172
22173
22156
22143
22134
22125
22116
22108
22107
22098
22099
22100
22109
22118
22127
22117
22126
22135
22144
22145
22136
20797
22137
22147
22161
22160
22146
22159
22176
22175
22158
22157
22174
22186
22187
22188
22189
22177
22178
22190
22191
25230
22179
22162
22148
25229
22138
25228
22129
22128
22119
22120
25227
25226
22111
22110
22101
20795
22090
22091
22102
22092
22076
22075
22074
22058
22059
22060
22043
22042
22041
22040
22057
22056
22055
22054
22070
22071
22072
22073
22089
22088
22087
22086
22085
22069
22084
22083
22082
22066
22050
22051
22067
22068
22052
22053
22024
22025
22011
22010
22009
22023
22022
22008
22007
20788
20789
22038
22049
20792
22065
22081
20794
22080
20793
22064
20791
22048
22037
22036
22047
22046
22045
22044
22033
22017
22001
22002
22018
22034
22035
22019
22020
22003
22004
22005
22021
20787
22006
21995
21986
21971
21970
21985
21994
21993
21992
21991
20594
21982
20593
21967
21968
21983
21984
21969
21960
21950
21940
21939
21949
21959
21958
20592
21948
20591
21938
20590
21929
21919
21930
21920
21911
21910
21896
21881
21895
21880
21873
21874
21857
21856
20775
20774
21839
21823
20773
20772
21797
21806
21824
21840
21841
21842
21826
21825
21808
21807
21799
21798
21782
21781
21764
21756
20768
21765
20769
21766
21757
21758
21767
21784
21783
21800
21809
21810
21811
21829
21828
21827
21843
21844
21845
21862
21861
21860
21859
21858
20776
21875
20778
21882
20779
21897
21883
21884
21885
21886
21887
21888
21902
21901
21900
21899
21898
21912
21921
21931
21941
21951
21961
21972
21973
21974
21975
21976
21977
21978
21987
21996
22013
22012
22026
22027
20790
22039
22028
22029
22030
22031
22032
22016
20786
21999
22000
25225
21990
21981
21966
21957
25224
25223
21947
21946
21956
21955
20781
21965
21980
20783
20784
21989
21998
22015
22014
20785
21997
21988
21979
20782
21964
21963
21962
21952
21953
21954
21944
21943
21942
21932
21922
21913
21903
21914
21915
21905
21904
21889
21890
21891
21892
21907
21906
20780
21916
21925
21926
21936
21935
21924
21923
21933
21934
21945
21937
25222
25221
21927
21917
21908
21893
21878
21871
21870
21853
21854
21837
21821
21804
21795
21779
21778
21794
20771
21820
21836
21819
21802
21803
21793
21792
21791
21801
21817
21818
21835
21834
21851
21852
21869
20777
21868
21877
21876
21867
21850
21849
21866
21865
21848
21847
21864
21863
21846
21830
21831
21832
21833
21816
21815
21814
21813
21812
21787
21786
20770
21785
21768
21769
21770
21771
21788
21789
21790
21773
21774
21775
21776
21777
21762
21753
20767
21754
21736
21735
21734
21752
21751
21761
21760
21759
21772
21748
21747
21746
21728
21729
21730
21731
21749
21750
21732
21733
21715
21707
21708
21716
21717
21718
21709
20764
21700
21699
21698
21706
21714
20766
21697
21689
21680
21688
21679
21669
21670
21671
21662
21652
21642
21643
21633
21632
21631
21641
21651
21661
21660
21650
21640
21630
21629
21628
21627
21626
21625
21624
21623
21612
21603
21593
21592
21602
21601
21600
21589
21579
21580
21590
21591
21581
21582
21583
21567
21568
21569
21570
21571
21572
21573
21555
21554
21553
21552
21551
21550
21549
21540
21532
20755
21566
21565
21564
21547
21548
21539
20753
21531
20751
21516
21515
21498
21497
21480
21472
20748
21465
21464
21463
20564
21471
20565
21479
20566
21496
20567
21513
21529
21514
21530
21538
21537
20568
21545
21546
21563
21562
20569
21578
20570
21588
20571
21598
21599
20758
21608
21609
21620
21621
21610
21611
20759
21622
21639
21649
21659
21668
21678
20761
21687
21696
21695
21704
21705
21725
21726
21727
21745
21744
21743
21742
21724
21713
20765
21712
21722
21723
21741
21740
21739
21721
21711
21703
20763
21693
21685
21694
21686
21676
21677
21667
21666
21657
21658
21648
21638
21637
21647
21646
21636
21619
20572
21618
20573
21635
20574
21645
20575
21655
21656
20760
21665
21675
20576
21674
21684
20577
21692
21702
21710
21719
21720
21738
21737
20578
21755
20579
21763
20580
21780
21796
20581
21805
20582
21822
20583
21838
20584
21855
21872
20585
21879
20586
21894
20587
21909
20588
21918
20589
21928
25662
26870
26869
26877
26876
25663
26883
26884
26899
30117
26906
26905
26898
26897
26896
26895
26903
26909
25665
26902
26893
26894
26881
26874
26868
26860
25660
26852
26853
26854
26861
26862
26855
25658
26830
26820
26819
26811
25655
26802
26801
25654
26810
26818
26828
26829
26839
26838
26837
26827
26826
25657
26817
26816
26825
26835
26849
26858
26865
26873
26880
26892
26891
26890
26889
26888
26887
26886
25664
26879
26872
26864
26857
26841
25659
26833
26834
26824
26815
26806
26797
26796
26805
26814
26823
26822
26813
26804
26795
26786
26777
26778
26787
26788
26779
26770
26769
26768
26751
26734
26717
26699
26700
25649
26718
26735
25650
25651
26752
26753
26754
26755
26756
26739
26738
26737
26736
26719
26701
26683
26684
26702
26703
26720
26721
26704
26705
26722
26740
26757
26789
26790
26799
26798
26807
26808
25656
26809
26800
26791
26782
26773
26762
26763
26746
26747
26764
26765
26774
26783
25652
25653
26792
26793
26784
26775
30116
26766
26749
26732
26731
26730
26713
26695
26696
26714
26715
26697
26679
30115
26672
25648
26671
26656
26657
30114
30113
26650
25646
26633
30112
30111
26627
26622
30110
30109
26616
26610
30108
26604
25644
26597
26598
30107
26592
26585
26584
26591
25642
26583
26567
26568
26569
30106
26553
26552
25639
26546
26540
30105
26534
30104
25638
25637
26507
26501
26495
30103
30102
26489
25634
26488
26494
26500
25635
25636
26506
26523
26528
26527
26532
26533
26539
26538
26544
26545
26551
26550
26566
26565
26564
26549
26543
26537
26531
26526
26520
26521
26522
26505
26499
26493
26487
26471
26455
26456
26451
26446
26445
26440
26434
26427
26421
26420
26402
26401
26419
26426
26433
26439
26444
26449
26454
26469
26470
26486
26485
26492
26498
26504
26519
26518
26517
26516
26515
26514
26513
26512
26511
26510
26509
26508
25450
26524
25451
26529
25452
26535
25453
26541
25454
26547
25455
26554
35235
35234
35233
35232
30551
31642
31641
31623
31624
31625
35231
35230
31614
30550
31597
35229
35228
31587
31577
35227
35226
31562
30548
31545
31544
31534
31533
31532
31543
31561
31576
31586
31596
31613
31612
31611
31595
31594
31610
31609
31608
31607
31606
31605
31604
31593
31583
31582
31592
31602
31603
31620
31619
31618
31629
31628
31645
31646
30552
31661
31644
31643
31659
31660
30553
31667
31675
31674
30337
31685
30338
31693
30339
31701
31709
30556
31702
31694
31686
31676
31668
31677
31687
31695
31703
31710
31718
30558
31725
31719
31711
31704
31696
31688
31678
30554
31670
31669
31662
31663
31648
31647
31630
31631
31632
31649
31650
31633
31634
31651
31652
31635
31636
31653
31654
31637
31621
31622
31638
31655
31656
31639
31640
31657
31658
31666
31673
31682
31681
31680
31672
31665
31664
31671
30555
31679
31691
31690
31689
31697
31698
31699
31707
31714
31722
31734
31735
31736
31723
31715
31708
31700
31692
31683
31684
35236
35237
35238
35239
35240
35241
31738
31737
31745
31752
31768
31785
31769
35242
35243
31787
31786
30560
31796
31805
31814
31813
31812
31821
31820
31811
31803
31804
31795
30562
31810
31802
31794
31784
31767
31766
31783
31782
31793
31792
31781
31780
31779
31778
31777
31760
31761
31762
31763
31749
31764
31765
31750
31751
31744
31743
31742
31732
31733
31721
31713
31706
31705
31712
31720
31731
31730
31729
31728
31727
31726
31741
31748
31758
31759
31776
31775
31757
31747
31740
30557
31717
30340
31716
31724
30341
31739
30342
31746
31753
31770
31788
31789
31797
31806
31815
40688
37043
37042
37056
37057
40689
40690
37070
37069
37086
37087
40691
40692
35679
37104
37121
40693
40694
37132
35683
37142
37131
37120
37085
37068
37055
37041
37040
37054
37053
37039
37038
37037
37051
37052
37065
37066
37067
35678
37084
37101
37118
37102
37103
35680
37119
37130
37141
35684
37155
37167
37168
37156
37157
40695
40696
37169
37181
40697
40698
37193
37208
40699
40700
37221
37220
37207
37192
37180
37179
37191
37206
37219
35689
37232
37246
37247
37233
37234
40701
37248
37262
37261
37260
37259
37245
37244
37243
37230
37229
37216
37217
37231
37218
37205
37204
37203
35686
37188
37176
37164
37177
37189
37190
37178
37166
37165
37154
37140
37129
37117
37100
37083
37064
37081
37082
37099
37116
37098
37097
37096
37113
37112
37127
37138
37114
37115
37128
37139
37153
37152
37151
37150
37149
37163
37175
37187
37199
37198
37186
37185
37197
37212
37213
37226
37239
37253
37267
37266
37252
37238
37225
35690
37237
35691
37251
37265
37280
37279
37297
37311
37310
37309
37295
37296
37278
37277
37263
35473
37249
37264
37250
37236
37235
37222
37209
37194
37182
37170
35472
37158
35471
37143
37133
37134
37144
37159
37171
37183
37195
37210
37223
37224
35688
37211
35687
37196
37184
35685
37172
37173
37160
37145
37146
37147
37162
37161
37174
37148
37137
37126
35681
37125
37136
37135
35682
37108
37109
37110
37111
37093
37092
37091
37090
37107
37124
37123
37122
37105
37106
37089
37088
37071
37058
37059
37045
37044
37030
37029
35470
37012
37013
36997
36996
36978
36960
36944
36945
36961
36979
36998
36999
37000
37016
37015
37014
37031
37046
37060
37072
37073
37074
37075
37076
37077
37094
37095
37078
37079
37080
37063
37050
35676
37036
37035
37034
37049
37062
37061
35677
37048
37047
37032
37033
37017
37018
37019
37003
36985
36984
37002
37001
36983
36966
36965
36949
36950
36933
36934
36935
36936
36953
36970
36954
36955
36971
36988
36989
36990
37008
37007
37006
37005
36987
36969
36968
36952
36951
36967
36986
37004
37020
37021
37022
37023
37024
37025
37026
37027
37010
37009
36992
36974
36991
36973
36972
35673
36940
36939
36938
36937
36922
36909
36897
36885
36874
36862
36850
36838
36826
36815
36827
36839
36851
36863
36875
36876
36864
36852
36840
36828
36818
36829
36841
36853
36865
36877
36888
36887
36886
36898
36899
36900
36912
36911
36910
36923
36924
36941
36956
36957
36942
36925
36958
36976
36975
36993
36994
36995
35674
37011
35675
37028
40687
40686
36977
36959
36943
35672
36926
40685
40684
36913
40683
40682
36901
36889
40681
40680
36878
36866
40679
40678
36854
36842
40677
40676
36830
36819
35668
36802
40675
40674
36789
36788
36801
36800
36799
36817
36816
36798
36785
36784
36783
36767
36768
36769
36770
36786
36787
36771
36755
36756
36743
36744
36772
36773
36757
40673
31626
31627
31616
31615
30336
31598
31588
30335
31578
30334
31563
31564
31547
31546
31536
31537
31527
31526
31519
31520
31503
31504
31521
31528
31538
31548
31565
31580
31579
31589
31599
31617
31601
31600
31590
31591
31581
31566
31567
31550
31540
31549
31539
31529
31530
31522
30542
31506
31507
31508
30544
30546
31552
31551
31568
31569
31570
31553
31554
31555
31571
31572
31573
31556
31557
31558
31574
31584
31585
31575
30549
31559
31560
31542
31541
30547
30545
31531
31523
31515
31514
31513
31512
31511
31510
31509
31492
31476
31475
31474
31491
31490
31489
31473
31464
30537
31448
31431
31432
31449
31450
31451
31452
31453
31454
31478
31477
31493
31494
31495
31479
31480
31496
31497
31481
31482
31483
31484
31500
31499
31498
31516
30543
31524
31517
30541
31518
35225
35224
31501
30540
30539
31468
31467
31466
30538
31458
31441
31424
31407
31391
31373
31357
31349
31348
31347
31346
31345
31344
31343
31342
31341
31340
31339
31330
31323
31316
31308
30526
31292
31291
31290
31274
31273
31265
31249
31241
31233
31209
31193
31192
31208
31225
31232
31240
31248
30328
31264
31272
31288
31289
31306
31305
30329
31313
30330
31320
30331
31327
31328
31336
31335
30332
31352
30333
31360
31361
31378
31377
31393
31394
31395
31412
31411
31410
31427
31428
31445
31462
31463
31471
31487
31486
31485
31502
40668
40667
36631
36630
36643
36644
36657
40669
40670
36670
36686
36687
40671
40672
36700
36699
36711
36712
36728
36727
36726
36742
36741
36754
36753
36740
36724
36725
36709
36710
36698
36697
36696
36708
35659
36695
36694
36707
36722
36723
36739
36738
36752
36766
36765
36764
35664
36778
36796
35667
36779
36780
36781
36782
36797
36814
36813
36812
36811
36825
36810
36809
36824
36823
36808
36795
36777
35666
36762
36763
36750
36751
36732
36733
36717
36718
36734
36735
36736
36737
36721
36720
36719
36706
36693
36677
36678
36679
36680
36681
36682
36664
36651
36638
36639
36627
36611
36612
36628
36640
36641
36654
36667
36653
36652
36665
36666
35656
36683
36684
36685
36668
36669
36656
36655
36642
36629
35655
36613
36600
36587
36574
36573
36572
36571
36558
36559
36560
36547
36546
36545
36532
36533
36516
36499
36498
36515
36531
36530
36514
36513
36529
36528
36512
36511
36527
36526
36510
36497
35653
36485
35652
36474
36473
36472
36484
36496
36509
36525
36543
36544
36557
36570
36569
36556
36555
36542
36541
36554
36553
36566
36552
36565
36578
36591
36604
36617
36633
36646
36660
36647
36634
36618
36606
36607
36619
36620
36608
36595
36594
36593
36605
36592
36579
36580
36567
36568
36581
36582
36583
36596
36609
36584
36585
36586
36599
36598
36597
36610
36626
36625
36624
36623
36622
36621
36637
36650
36663
36662
36649
36636
36635
36648
36661
36675
36676
36691
36692
35658
36705
36716
36715
35661
36704
36690
35657
36674
36673
36672
36659
36658
35462
36645
35461
36632
35460
36616
36603
35459
36590
35458
36577
35457
36564
35456
36551
35455
36538
35454
36520
36521
36539
36540
36522
36523
36524
36508
36507
36495
36494
36482
36483
36471
36470
36469
36481
36493
36506
36505
36504
36492
36480
36468
35453
36452
36453
36441
36440
36429
36430
36442
36454
36455
36456
36457
36444
36443
35648
36433
36432
36431
36420
35646
36411
35644
36395
36384
35643
36374
36375
36385
36386
36376
36366
36349
36350
36333
36332
36331
36321
36320
36319
36318
35451
36308
35450
36299
35449
36290
35448
36282
36265
36248
36240
35447
36224
36218
35446
36202
36196
35445
36190
36183
35444
36184
36177
35635
36171
36170
35443
36163
35442
36156
35441
36149
35440
36150
36157
36164
36165
36158
36151
36143
36142
35633
36135
35439
46180
41583
46179
46178
46177
41533
41532
41525
41524
41531
41549
41565
41564
41580
41579
41563
41562
41578
41587
41595
41603
41610
41617
41623
41630
41637
41644
41650
41657
41673
41672
41671
41670
41669
41668
41667
41666
41665
41664
41656
41655
41663
41662
41679
40869
41661
41654
40868
41647
41641
41640
40867
41633
40866
41626
40865
41627
41634
41628
41635
41642
41021
41648
41649
41643
41636
41629
41622
41621
41620
41020
41614
41613
40864
41606
40863
41599
40862
41607
41608
41615
41616
41609
41602
41594
41586
41569
41568
41567
41018
41584
41585
41593
41601
41600
41592
41591
40861
40860
41551
41552
41553
41536
41537
41538
41554
41570
41571
41572
41557
41573
41574
41558
41559
41575
41576
41577
41561
41545
41560
41544
41543
41542
41541
41540
41556
41555
41539
41017
41528
41535
41534
41527
41519
40859
41520
41521
41513
41512
41016
41505
41506
41490
40858
41489
51138
47171
47170
47177
47178
51139
47186
47202
47201
47211
47221
47222
47212
51140
51141
51142
47232
47231
47230
47229
47228
46606
47238
47239
47248
47249
47240
47241
51143
47250
47261
47260
47271
47272
51144
51145
47283
47294
51146
51147
47304
51148
47315
47331
47330
47329
46610
47312
47301
47291
47292
47302
47313
47314
47303
47293
47282
47281
47280
47269
47270
47259
47258
47247
47257
46608
47268
47279
47290
47300
47311
47328
47327
47326
47325
47324
47323
47322
47321
47337
47336
47335
47318
47307
47306
47317
47333
47334
46611
47344
47355
47354
47353
47343
47332
46413
47316
47305
46412
47295
46609
47296
47297
47308
47319
47320
47310
47309
47298
47299
47289
47288
47287
47286
47276
47275
47274
47285
47284
46411
47273
46410
47262
46409
47251
46408
47252
47263
47264
47253
47242
46607
47233
46407
46406
47223
47224
47234
47243
47244
47254
47265
47266
47277
47278
47267
47256
47255
47245
47246
47237
47236
47235
47225
47215
47214
47213
46405
46404
47203
47187
46403
47179
47180
47188
47204
47205
47189
47181
47174
47159
47190
47206
47207
47217
47216
47226
47227
47195
47194
47193
47192
47191
46605
46604
47160
47161
47162
47163
47164
47165
47166
47167
47168
46603
47175
47183
47182
47196
47197
47198
47199
47209
47208
47218
47219
47220
47210
47200
47184
47185
47176
47169
46601
47152
47146
47145
47144
47143
47142
47141
47140
47139
47138
47137
47136
47120
47121
47122
47123
47124
47125
47126
47127
47128
47129
47130
47131
47147
47153
47154
51137
47148
47133
47132
47116
47112
46594
47107
47108
47103
47102
47097
47091
47092
47098
47099
47104
47109
47113
47117
51136
51135
51134
51133
51132
47093
47088
47071
51131
46589
51130
51129
47031
47048
47051
47050
47067
47066
47065
47064
47063
47062
47061
47060
47059
47058
47057
47056
47055
47054
47074
47072
46402
47094
56709
52068
52075
56710
56711
52081
52088
56712
56713
52095
52102
56714
56715
52110
52109
52117
52118
56716
56717
52135
52134
52151
52152
52160
52159
52166
52167
52168
56718
56719
52175
56720
52182
52181
52174
52173
52180
52187
52188
52189
56721
56722
52196
52195
52194
51603
52202
52203
52204
52214
56723
56724
52224
52234
56725
56726
52243
52253
56727
56728
52263
52262
52261
52251
52252
52242
52241
52240
52250
52260
52259
52249
52239
52230
52231
52220
52221
52222
52232
52233
52223
52213
52212
52211
52210
52201
52193
52186
52179
52172
52165
52157
52148
52149
51598
52158
52150
52133
51596
52116
52108
52100
52101
52094
52093
52107
52115
52132
52131
52147
52146
52145
52129
52130
52099
52092
52085
52078
52072
52065
51587
52058
52059
52066
52073
52079
52086
52087
52080
52074
52067
52060
52061
52053
56708
56707
52047
52046
52052
52051
52045
52040
52039
52038
52037
52036
52035
52034
52033
52016
52015
52032
52031
52014
52013
52030
52044
52050
52049
52043
52028
52029
52012
52006
51581
51989
51990
51991
51992
51993
52017
52018
52019
52020
52021
52022
51999
52000
51582
52007
51583
52023
52024
51584
52041
51585
52025
56706
52009
52008
52002
52003
51987
51970
51579
51964
51578
51576
51954
56705
56704
51948
51947
51953
51959
51952
51958
51963
51969
51986
52001
51985
51984
51983
51982
51998
51997
51996
51981
51980
51995
51994
51979
51978
51977
51976
51975
51974
51973
51972
51971
51580
51988
52005
52004
52010
52011
52027
52026
51393
52042
51586
52048
52056
52057
52064
52071
52077
52084
51593
52098
52091
52090
51592
52083
51591
52076
51590
52070
51589
52063
52062
51588
52055
51394
52054
52069
52082
52089
52096
52103
52097
51594
52104
52105
52106
52114
52113
52112
51595
52111
52120
52119
51395
52136
52154
52153
51396
52161
52162
51599
52169
51600
52176
51397
52183
51601
52190
52191
52184
52177
52170
52163
52155
52137
52121
52122
52123
52124
52125
52126
52127
52128
52144
52143
52142
52141
51597
52140
52139
52138
52156
52164
52171
52178
52185
52192
51602
52209
52219
52218
52208
52200
52199
52198
52197
51398
52205
51399
52215
51400
52225
52235
51604
52226
52216
52206
52207
52217
52227
52228
52229
52238
52237
52236
52246
52247
52248
52258
52268
52277
52276
51605
52267
52257
52256
52266
52255
52245
51401
52244
51402
52254
51403
52264
52265
52275
51606
52284
52302
52319
52301
52274
51404
52283
52300
52318
51405
52327
52338
52337
51406
52348
52359
52375
52389
52399
52409
51407
52426
51408
52435
51409
52444
51410
52453
51411
52462
51412
52471
51413
52479
52496
52505
51414
52513
52521
51415
52538
52555
52571
52588
52589
52607
52608
52609
52591
52574
52590
52573
52572
52556
52557
52558
52540
52539
51622
52522
52523
52514
52515
52524
52525
52526
52541
52559
52575
52592
52593
52576
52577
52594
52612
52613
52614
52615
52616
52598
52597
52596
52595
52578
52579
52580
52581
52617
52599
52582
52566
52548
52532
52531
52547
52565
52564
52546
52530
52529
52545
52563
52562
52561
52560
52542
52543
52544
52528
52527
52516
52508
52500
51619
52483
52482
52474
52481
52499
52507
52506
51620
52498
52497
51618
52480
52472
52473
52464
52465
52456
52455
52463
52454
52445
52446
52447
52436
52410
52411
52427
52428
52437
52438
52429
52414
52403
52393
51613
52363
51611
52362
52361
52377
52391
52378
52392
52402
52413
52412
52401
52400
51615
52390
51614
52376
51612
52360
51610
52349
52350
52340
52339
52328
52329
52320
51607
52303
52285
52286
52287
52288
52289
52290
52308
52307
52306
52305
52304
52321
52330
52341
52351
52352
51609
52364
52365
52379
52380
52381
52382
52366
52367
52368
52383
52420
52419
52418
52417
52416
52415
52430
52439
52448
52457
52466
52475
52484
52485
52486
52487
52488
52489
52490
52476
52467
52458
52449
52440
52431
52422
52421
52404
52394
52384
52369
52370
52371
52355
52356
52344
52343
52354
52353
52342
52331
51608
52312
52311
52310
52309
52291
52292
52293
52294
52295
52278
52269
52279
52270
52271
52272
52273
56729
56730
52282
52299
52317
52316
52298
52281
52280
52296
52297
52315
52314
52313
52322
52332
52333
52323
52324
52334
52345
52346
52335
52325
52326
56731
52336
52347
56732
56733
52358
52357
52373
52374
52388
56734
52398
52408
56735
56736
52425
52424
52407
52397
52387
52372
52386
52385
52395
52396
52405
52406
51616
52423
52432
52441
52450
52451
52442
52433
52434
56737
56738
52443
52452
56739
56740
52461
52460
52459
52468
52469
52478
52470
56741
51617
52495
52494
52493
52477
52492
52491
52501
52509
52517
52533
52534
52518
52519
52511
52510
52502
52503
52504
56742
56743
52512
52520
56744
56745
52537
52554
52536
51621
52535
52552
52553
52569
52570
56746
52587
52586
52585
51624
52568
51623
52551
52550
52549
52567
52584
52583
52600
52601
51625
52618
52619
52602
52603
52604
52605
52622
56747
47670
46416
47652
47653
47643
47627
47626
47610
47600
47601
47611
47612
47613
47603
47587
47602
47586
47575
47574
47585
47584
47573
47561
47562
47563
47564
47547
47548
47536
47535
47534
47546
47545
46415
47544
47532
47520
47533
47521
47509
47508
47496
47484
47485
47497
47510
47522
47523
47524
47525
47537
47549
47566
47565
46629
47576
47577
47578
47567
47550
47551
47552
47553
47554
47555
47556
47557
47558
47570
47569
47568
47579
47595
47594
47593
47592
47591
46631
47618
47634
47633
47617
47616
47632
47646
47657
47672
46635
47656
47645
47630
47631
47615
47605
47590
47589
47588
47604
47614
47629
47628
46634
47644
47654
47655
47671
47688
46637
47705
47689
47690
47706
47722
47731
47742
47743
47744
47761
47760
47759
46644
47775
46645
47786
47785
47795
47808
47796
47797
47809
47825
47824
46649
47840
47850
47866
47867
47868
47851
47841
47852
47869
47883
47882
47899
47898
47915
46655
47914
47897
47881
47880
47865
47864
47847
47848
47849
47839
47822
47823
47807
47806
47794
46646
47784
47783
47772
47755
47738
47739
47756
47773
47774
47757
47758
47741
47740
47730
47721
47729
46640
47720
46638
47704
46636
47687
47686
47685
47703
47719
47728
47737
47754
47771
47782
47793
47804
47805
47838
47837
47821
56755
56754
52703
52686
56753
56752
52675
52664
56751
56750
52653
52642
56749
56748
52632
52631
52621
52620
52630
52641
52652
52663
52662
52651
52640
52639
52629
52628
52638
52649
52650
52661
52660
52671
52672
52683
52700
52682
51628
52699
52717
52716
52727
52715
52698
52697
52714
52713
52712
52696
52695
52694
52711
52710
51629
52726
51630
52738
52749
52760
52771
52783
51634
52799
52784
52785
52786
52787
52788
52789
52772
52761
52762
52773
52774
52791
52790
52801
52800
52811
52822
52823
52835
52836
52825
52824
52812
52813
52802
52803
52814
52826
52837
52838
56764
52827
56763
56762
52816
52815
52804
52792
51633
52775
52764
52753
52742
51631
52730
52741
52752
52763
52751
52750
52739
52740
52728
52729
52718
52719
52701
52684
52673
52674
52685
52702
52720
52731
52732
56756
52743
52754
56757
56758
52765
52776
56759
56760
52793
52805
56761
47879
47896
47895
47912
47921
47928
47913
47922
47930
47929
47946
47945
46417
47962
47971
46658
47963
47947
47948
47931
47932
47949
47950
47933
47923
47916
46654
47900
47901
47902
47885
47871
47884
47870
47853
47854
47855
47872
47886
47903
47904
47887
47873
47856
47857
47831
47830
47829
47828
47827
47826
47810
47811
47812
47813
47814
47815
47816
47833
47843
47832
47842
47859
47858
47875
47874
47888
47905
47906
47889
47890
47907
47908
47917
47924
47925
47918
47919
47926
47927
51181
51182
47944
47961
51183
51184
47970
47978
51185
51186
47987
47996
51187
51188
48005
48014
51189
51190
48022
48021
48013
48020
48029
48028
48027
48036
48045
48046
48037
48038
48047
48048
48049
48040
48039
48030
48031
51191
51192
51193
51194
48060
48077
48076
48075
48059
48058
48057
48074
48092
48093
48094
48095
48104
46665
48103
48111
48119
51195
51196
48127
48118
48126
48143
48144
48160
48159
48167
48166
46671
48157
48158
48142
48141
48140
48139
48123
48124
48125
48117
48116
48115
48108
48109
48110
48102
48101
48100
48091
48073
48090
46663
48089
48088
48087
48086
48085
48067
48068
48069
48070
48071
48072
48055
48056
48044
48035
48026
48017
48009
48000
47991
47982
47983
47992
47993
48002
48001
48010
48018
48019
48011
48012
48003
48004
47995
47994
47984
47975
47974
47973
47965
47966
47967
47968
47976
47985
47986
47977
47969
47960
47943
46656
47942
47959
47958
47957
46657
47941
47940
47939
47956
47955
47938
47937
47954
47953
47952
47936
47935
47934
47951
47964
47972
47981
47990
47999
48008
48016
48025
48034
48043
46660
48066
48084
46662
48083
48065
48082
48064
48054
48053
48052
48051
46661
48062
48063
48081
48080
48079
48097
48098
48099
46664
48107
48114
46666
46667
48122
46668
48130
48147
48146
48145
48128
46426
48129
48121
48113
48120
48112
48105
48106
48096
48078
48061
46425
48050
48041
46424
48042
48033
48032
46423
48023
46422
48024
48015
46659
48007
48006
46421
47997
46420
47998
47989
47980
46418
47979
46419
47988
56766
56767
52897
52908
56768
56769
56770
52918
52907
52906
52895
52896
52885
52886
52875
52874
52863
52864
56765
52854
52853
52852
52862
52873
52884
52883
52894
52905
52915
52926
52936
52945
52946
52955
52956
52947
52938
52937
52927
52916
52917
52928
52929
51645
56771
56772
56773
52973
52972
52954
52971
52988
52998
51647
52987
52970
52969
52986
52985
52997
51648
53011
53029
53028
53040
53057
53056
53039
53027
53026
53010
53009
53025
53055
53072
53073
53074
53075
51653
53091
53104
53117
53130
51654
53147
53148
53162
53176
53175
53161
53160
53174
53173
53188
53189
53190
53203
53202
53219
53220
51661
53236
53252
53251
53267
53266
53265
53249
53250
53234
53235
53218
51659
53201
51658
53187
53172
53158
53159
53146
53129
53116
53103
53090
53089
53102
53115
53128
53145
53144
53143
53142
53087
53088
53071
53070
53054
53053
53069
53086
53085
53067
53068
53052
53051
53038
51649
53022
53023
53024
53008
53007
53006
53021
53020
53019
53005
53004
52994
52995
52977
52960
52951
52950
52940
52949
52959
52976
52993
53003
53018
53035
53036
53037
53049
53048
53047
53063
53064
53081
53080
53097
53110
53098
53082
53065
53050
53066
53083
53084
53101
53114
53127
53141
53140
53157
53171
51655
53184
53200
51656
53185
51657
53186
53217
53233
53232
53216
53215
53214
53231
53230
53246
53247
53248
53264
53263
53262
53261
53244
53245
53229
53228
53227
53211
53197
53212
53213
53199
53198
53183
53182
53168
53167
53153
53154
53155
53169
53170
53156
53139
53138
53137
53125
53126
53113
53100
53099
53112
53111
53124
53123
53136
53135
51431
53152
51432
53166
53180
53181
53196
53195
53208
53224
53240
53241
53225
53209
53210
53226
53242
53243
53260
53276
53275
53288
53287
53274
53259
53258
53257
51433
53273
53286
53299
53300
53301
53302
53289
53303
53322
53338
51666
53355
53356
53339
53323
53305
53304
53290
51663
53277
53278
53291
53306
53324
53340
53341
53325
53307
53308
53326
53342
53343
53344
53328
53327
53309
53310
53311
53312
53294
53293
53292
53279
53280
53281
53268
51662
53253
53254
53255
53269
53270
53284
53271
53256
53239
53238
53237
53221
53204
53191
53192
53178
53177
53163
53149
53150
53133
53120
53119
53132
53131
53118
53105
53092
53093
53106
53107
53094
53077
53076
51652
53059
51651
53042
53043
53044
53033
53032
53031
51650
53058
53041
53030
53012
53013
53014
52999
52989
52990
52991
53001
53000
53015
53016
56774
56775
56776
53045
53061
53060
53078
56777
56778
53095
53108
56779
56780
53121
53134
56781
56782
53151
53164
53165
56783
56784
53179
53194
53193
53206
53205
53222
53223
53207
51660
56785
56786
56787
53272
53285
56788
56789
53298
53297
53315
53316
51665
53332
53314
53296
53283
53282
53295
53313
51664
53330
53331
53348
53360
53361
53349
53350
56790
53378
53377
53395
53412
53394
53393
53411
53427
53428
53429
53444
53445
53430
53413
53396
56791
56792
53446
51668
53454
51669
53470
53471
56793
56794
53487
51670
53486
53502
51672
51671
53501
51673
53517
53518
53519
53527
53528
53545
53562
53563
53546
56797
53529
56796
56795
53520
53503
48452
46432
48457
48463
48462
48479
48486
48485
46433
48501
48502
46434
48517
46435
48524
48531
48537
48543
48549
46704
48555
48556
46705
48563
48564
48557
48551
48550
46702
48544
46701
48545
48546
48552
48558
48565
48572
48580
48588
48587
48579
48571
48578
48570
48562
46436
48569
46437
48577
46438
48585
46707
48586
48593
48594
48595
48603
48602
48601
48610
48611
48625
48626
48634
46709
48633
48641
48658
48657
48675
48676
48693
48710
48694
48695
48677
48659
48678
48660
48661
48662
48663
48664
48646
48645
48644
48643
48642
48635
48627
48612
48613
48614
48615
48616
48617
48618
48619
48620
48604
48596
48589
48581
48573
48566
48559
48553
48547
48541
48535
48529
48522
48513
48512
48511
48496
48497
48514
48515
48516
51220
48523
48530
51221
51222
48536
48542
51223
51224
48548
46703
48554
48561
51225
40887
43071
40888
43085
43086
43087
43100
40889
43099
40890
43113
43114
41137
43127
43128
43115
43101
43102
43116
43117
43118
43104
43090
43076
43062
43049
43048
43061
43075
43089
43103
43088
43074
43060
43047
43046
43059
43073
43072
43058
41136
43045
43044
40886
43027
43010
42993
42952
42953
42967
42955
42938
41128
42926
42927
42910
42893
42894
42911
42912
42895
42896
42879
42864
41120
42848
42832
42847
42846
42863
41122
42878
42862
42845
42829
42830
42831
42814
42798
42799
42783
42767
42751
42750
42765
42766
42782
42781
41113
42796
42811
42795
42779
42763
42762
42745
42744
42728
42729
42713
42712
42695
42680
42663
42646
42629
42612
42611
42628
42645
42662
42679
42694
42711
42727
42743
42760
42761
42778
42777
42776
42792
42793
42794
42810
42809
42808
42824
42840
42841
42825
42826
42827
42843
42842
42858
42857
42856
42872
42887
42904
42905
42921
51219
51218
51217
48478
48484
48500
48499
48498
46697
48482
48483
48477
48461
48456
48450
48433
48432
48431
48414
48415
46692
48398
48399
48416
48434
46693
48451
46695
51216
51215
51214
48417
48400
51213
51212
48394
48389
51211
51210
48384
48383
48388
48393
48392
48387
48382
48378
48360
48361
48379
46688
51209
48362
48355
48349
48348
46685
48354
48353
46687
48377
48376
48375
48374
48373
48372
48371
48370
48369
48368
48367
48366
48365
46689
48381
48386
46690
48391
46691
48404
48421
48438
48439
48422
48405
48406
48407
48424
48423
48440
48441
48442
48425
48408
48409
48426
48443
48444
48445
48446
48429
48428
48427
48410
48411
48412
48413
48430
48447
48448
48449
48455
48460
48476
48475
48474
48473
48472
48471
48494
48495
48510
48509
48508
48507
48506
48491
48492
48493
48470
48469
48468
48467
48466
48490
48489
46698
48505
48521
48528
48527
48534
48540
48539
48533
48538
46700
48532
46699
48526
48525
48518
48519
48520
48504
48503
48487
48488
48481
48480
46696
48464
48458
48465
48459
48454
48453
46694
48437
48420
48403
48397
48396
48402
48419
48436
48435
48418
48401
48395
48390
48385
46431
48380
48363
48356
48350
48351
48357
48364
48358
48359
46686
48352
46684
48335
48334
48333
48332
48325
48326
48308
48291
48292
48309
48310
48293
48294
48279
48280
46680
48287
48295
48296
48297
48266
48267
48268
48269
48270
48271
48272
48273
48258
48259
48275
48274
48304
48321
48328
48320
48319
48303
48302
48301
48318
48317
48316
48300
48299
48298
48315
48314
48313
48312
48311
46683
48327
48336
48337
48338
48339
48340
48341
48342
48343
48344
48345
48346
48347
48329
48330
48331
51208
51207
48324
48307
51206
51205
48290
48289
48306
48323
48322
46682
48305
46681
48288
48281
48282
48283
51204
51203
48276
46678
48260
51202
48253
48252
48234
48235
48236
46676
51201
51200
51199
48227
48226
48217
48218
48201
48184
48183
48200
48216
48225
48215
48214
48196
48195
48194
48193
48192
48191
48190
48207
48208
48209
48210
48211
48212
48213
48224
48233
48251
48250
48249
48248
48247
48246
48245
48244
48243
48242
48241
48240
48231
48230
48221
48204
48203
48220
48229
48238
48239
46677
48255
48256
48257
48265
48264
48263
46679
48278
48286
48285
48284
48277
48262
48261
48254
48237
48228
46430
48219
46429
48202
46428
48185
46427
48186
48178
48177
48169
48161
48170
48162
48163
48171
48179
48187
48188
48205
48222
48232
48223
46675
48206
48189
46674
48180
46673
48172
46672
48164
46670
48148
46669
48131
48132
48133
48134
48149
48150
48151
48135
48136
48152
48153
48137
48138
48154
48155
48156
48165
48173
48181
48197
48198
48199
48182
48174
48175
48176
48168
51197
51198
42487
42488
42475
42474
42457
42444
40883
42431
40882
42419
42407
42394
40881
42381
42363
42347
42330
42320
40880
42306
42307
42296
40879
42287
41080
42277
40878
42267
40877
42257
40876
42247
42238
41077
42229
42220
42211
42202
42193
42183
42173
42162
42163
42164
42151
41066
42136
41064
42121
41062
42122
42111
41059
42095
42096
42084
42083
42072
42071
42070
42082
42094
42093
41058
42081
41057
42069
42068
42067
42080
42092
42108
42109
42110
42120
42135
42150
51178
51179
51180
47920
47911
46653
47894
46652
47878
51177
51176
47863
46650
47846
51175
51174
47836
47835
47845
47877
47893
47910
47909
47892
47891
47876
46651
47860
47861
47862
47844
47834
46648
47819
47820
51173
51172
47803
47802
47818
47817
46647
47800
47801
47790
47789
47778
47779
47769
47768
47751
47750
47749
47766
47767
47777
47788
47799
47798
47787
47776
47765
47764
47763
47762
47745
47746
47747
47748
47732
47733
47734
47724
47723
47714
47698
47697
47713
46639
47712
47711
47694
47710
47709
47708
47707
47691
47673
47658
47659
47674
47692
47693
47675
47676
47677
47695
47696
47678
47679
47680
47681
47682
47700
47699
47715
47716
47725
47735
47752
47753
46643
47770
47781
47780
47791
47792
51171
51170
51169
51168
46642
46641
47727
47736
47726
47717
47701
47718
47702
47684
47669
47668
47683
47667
47666
47665
47664
47663
47662
47661
47660
47635
47636
47619
47620
47621
47637
47638
47622
47623
47639
47647
47648
47649
47641
47640
47624
47606
47596
46630
47580
47581
47597
47607
47608
47598
47582
47571
47559
47541
47540
47529
47530
47518
47517
47516
47528
47527
47539
47538
47526
47514
47515
47503
47502
47490
47491
47479
46622
47480
47481
47482
47465
46621
47448
47447
47464
47463
46620
47446
47430
47431
47423
47422
47445
47444
47462
47478
47477
47461
47443
47442
47441
47440
47458
47459
47460
47476
47475
47474
46623
46624
46625
46626
46627
47513
47501
47489
47500
47512
47511
47499
47498
47486
47487
47488
47471
47470
47469
47453
47454
47455
47456
47472
47473
47457
47439
46619
47421
47414
47399
47390
47372
47389
47398
47413
46617
47420
47428
47429
47438
47437
47436
47452
47468
47467
47451
47435
47427
47426
46414
47419
47412
47396
47397
47388
47387
47369
47370
47371
47356
47345
47357
47346
47347
47358
47359
47360
47361
47362
47378
47377
47376
46613
47375
47374
47373
47391
47400
47401
46615
47402
47403
47404
47405
47406
47407
47408
46616
47415
47416
47424
47432
47449
47433
46618
47417
47410
47394
47393
47409
46614
47383
47382
47392
47381
47380
47379
47363
47364
47348
47338
47339
47349
46612
47365
47340
47350
47366
47384
47385
47367
47351
47341
47342
51149
51150
47352
51151
47368
47386
51152
47395
47411
47418
47425
51153
47434
47450
47466
47483
51154
51155
47495
47494
47493
47492
47504
47505
47506
47507
51156
51157
47519
47531
51158
51159
51160
47543
47542
46628
47560
47572
51161
51162
47583
47599
51163
51164
47609
51165
51166
47642
46633
47625
46632
47650
47651
51167
41953
41962
41978
41996
42012
42028
42043
42055
42056
42057
42044
41051
42029
41049
42014
42013
41997
41979
41963
41954
41955
41945
41944
41943
41942
40875
41932
40874
41922
40873
41912
40872
41902
41903
41887
41886
41870
41853
41836
41837
41826
41827
41838
41855
41854
41871
41872
41873
41890
41906
41916
41926
41925
41915
41905
41889
41888
41904
41913
41914
41924
41923
41933
41934
41935
41936
41946
41044
41956
41966
41965
41964
41980
41998
41999
41981
41982
41967
41983
41984
41968
41957
41947
41937
41938
41928
41918
41908
41907
41041
41892
41891
41875
41874
41857
41856
41839
41840
41841
41858
41859
41876
41877
41878
41861
41845
41844
41843
41860
41842
41830
41035
41831
41820
41819
41034
41804
41032
41789
41788
41818
41829
41828
41817
41802
41803
41787
41786
41771
41772
41773
41774
41775
41790
41033
41805
41791
41776
41777
41792
41806
41807
41808
41794
41779
41793
41778
41760
41759
41743
41729
41024
41728
41727
41027
41742
41758
41757
41028
41756
41770
41785
41801
41816
41815
41825
41814
41799
41783
41800
41784
41769
41768
41753
41737
41721
41738
41754
41755
41739
41740
41741
41725
41726
41716
41715
41714
41706
41705
41704
41713
41724
41723
41722
41712
41711
41703
40871
41686
40870
41023
41687
41680
41681
41688
41689
41690
41691
41692
41693
41694
41695
41696
41697
41707
41717
41733
41732
41731
41730
41744
41745
41761
41780
41795
41809
41821
41822
41833
41832
41866
41882
41898
41040
41899
41900
41901
46196
46197
41911
46198
41921
41931
41930
41920
41910
41909
41919
41929
41042
41043
41939
41950
41045
41960
41951
41940
41941
46199
41952
41961
41977
41995
41048
41994
41993
42011
42025
42040
42039
42051
41054
42076
42075
42063
42050
42038
42024
42023
42022
42037
41052
42049
42062
42061
41056
42074
42086
42087
42088
42089
42077
42064
42052
42041
42026
42027
42042
42054
42053
42065
42078
42066
42079
46200
42091
42090
42106
42107
41061
42119
42118
42105
42104
42117
42116
42131
42130
42115
42103
42102
42101
42100
42099
42098
42097
41060
42114
42125
42124
41063
42113
42112
42123
42138
42153
42154
41067
42166
42167
42177
42178
42188
42198
42197
42187
42186
42176
42175
41069
42174
41070
42184
41071
42194
41073
42203
41074
42212
41075
42221
41076
42230
42231
42240
42239
41078
42248
42258
42268
42278
42279
42288
42298
42297
42308
42321
42332
42331
42348
42364
42382
42383
42365
42349
42350
42366
42367
42351
42334
42333
42322
42309
42310
42311
42299
42300
42301
41081
42312
42324
42323
42335
42336
42337
42338
42355
42354
42371
42372
42356
42339
42340
42325
41082
42313
42314
42316
42327
42328
42318
42319
42305
46213
46212
46211
42286
42295
42294
42304
42317
42303
42293
42284
42285
42275
42274
42264
42265
42276
46210
46209
42266
42256
42255
42245
42246
46208
46207
42237
42236
42235
42244
42254
42253
41079
42226
42217
42208
42199
42209
42218
42227
42228
46206
42219
46205
46204
42210
42201
42200
42191
42190
41072
42189
42179
42180
42181
42182
42192
46203
46202
42172
42160
42171
42170
42169
41068
42157
42145
42146
42158
42159
42147
42132
42133
42134
42148
42149
42161
46201
36671
36688
36689
36702
36703
35660
36714
36701
36713
36729
35463
36745
36746
36747
36730
35662
35663
36731
36749
36748
36760
36761
35665
36776
36793
36794
36807
36822
36821
36806
36805
36792
36775
36759
36758
36774
36791
36790
36803
36804
35669
36820
36832
35464
36831
35465
36843
35466
36855
35467
36867
35468
36890
36891
36879
35670
36868
36856
36844
36833
36834
36846
36845
36857
36869
36880
36881
36870
36858
36859
36860
36848
36847
36835
36836
36837
36849
36861
36873
36872
36871
36882
36883
36884
36896
36908
36921
36920
36907
36895
36894
36906
36905
36893
36892
35671
36904
36917
36918
36919
36932
36931
36948
36964
36982
36981
36980
36962
36963
36947
36946
36929
36930
36916
36928
36927
36915
36903
36902
35469
36914
46215
46214
42329
42346
42379
42392
42405
42404
42376
42358
42374
42373
42388
42400
42401
42412
42425
42427
42440
42452
42469
42470
42453
41090
42455
42472
42485
42512
46222
46223
46224
42528
42527
42526
42543
42559
42575
42574
42590
42573
42572
42571
42570
42556
41096
42540
42523
42522
42539
42521
42520
42536
42537
42538
42555
42567
42585
42603
42604
42620
42621
42637
42638
42655
42654
42653
42670
42671
41105
42672
42673
42656
42639
42622
42623
42640
42657
42674
42688
42687
42686
42703
42720
42702
42701
42700
42699
42717
42732
41110
42748
42749
42733
42718
42719
41109
42734
42735
42736
42737
42722
42721
41106
42704
42705
42706
41107
42707
42689
42690
42691
42692
42676
42677
42660
42659
42675
41103
42658
41102
42641
41101
42624
41100
42607
42591
42592
42608
42625
42642
42643
42626
42609
42593
42576
42560
42544
42545
42561
42577
42594
42610
46225
46226
42627
42644
46227
46228
42661
46229
42678
42693
42710
42726
42725
42709
42708
42724
42723
42738
42739
42756
42755
42754
42770
42786
42802
42801
42785
42769
42753
42752
42768
42784
42800
42815
42816
41118
42833
42817
42818
42834
42835
42851
42836
42837
42821
42822
42838
42854
42853
42852
42868
42869
42870
42871
42855
46233
42839
42823
42807
42791
46232
46231
42775
42774
42790
42806
42805
42804
42820
42819
42803
42787
42771
42772
42788
42789
42773
42757
42740
42741
42758
42759
42742
46230
37327
37328
37340
37352
37339
37351
35474
37364
37365
37366
37383
37384
37385
37368
37367
37353
35697
37341
35695
37329
35694
37312
37298
37299
37281
37282
37283
37284
37268
37254
37240
37227
37214
37200
37201
37202
37215
37228
37241
37242
37256
37255
37269
37287
37286
37285
35692
37302
37303
35693
37289
37288
37270
37271
37257
37258
37272
37273
37274
37275
37276
40703
40702
32008
32016
32033
32017
32034
32052
32051
32069
32070
32071
32053
32035
32018
32019
32020
32037
32036
32054
32072
32073
32089
32098
30586
32090
32074
32056
32055
32038
32021
32022
32039
32058
32057
32075
32076
32077
32078
32060
32059
32041
32040
32023
32024
32025
32042
32043
32044
32026
32027
32028
32045
32046
32047
32030
32031
32014
32006
30581
31990
31974
31966
31959
31952
31945
31938
31937
31944
31943
31950
31957
31951
31958
31965
31964
31972
31973
30580
31989
32013
32029
32012
32005
32004
31988
31987
32003
32002
32001
31986
31985
31984
32000
31999
31983
31982
31998
31997
32011
31996
31981
31971
31980
31979
31995
32010
32009
30582
31994
31978
31970
31969
31977
31993
31992
31976
31968
31961
30347
31954
30346
31947
30345
31940
30344
31923
31915
31908
30343
31899
31891
31875
31874
31857
31840
31824
31825
31841
31858
31859
31842
31826
31827
31816
30565
30563
31807
31798
30561
31790
31772
31771
31754
31755
31756
31773
31774
30559
31791
31799
31808
31817
31829
31828
31844
31861
31843
31860
31877
31878
31879
31862
31845
31846
31830
31831
31847
31863
31864
31865
31848
31832
31833
31834
31849
31850
31868
31851
31852
31835
30567
31818
31809
31800
31801
30564
30566
31819
30568
31836
31837
31838
31822
31823
31839
30569
35244
35245
35246
31890
30571
31873
30570
31856
31855
31872
31889
31896
31897
31898
35247
31907
31914
31906
31905
31895
31887
31888
31871
31854
31853
31870
31869
31886
31885
31884
31867
31866
31883
31882
31881
31880
31893
31902
30573
31892
31876
30572
31901
31900
31916
31924
31925
31941
31948
31955
31962
30579
31963
31956
31949
31942
31927
31926
30576
31909
31917
31928
31929
31930
31931
31932
31933
31934
31935
31936
31918
30577
30575
31903
31894
30574
31904
31910
31911
31919
31920
31912
31913
31921
31922
30578
31939
35248
35249
31946
31953
35250
35251
31960
31967
35252
35253
31975
31991
35254
35255
32007
32015
35256
35257
30583
32032
32050
32049
32048
32067
32068
32085
32095
30584
32084
32083
32066
32065
32082
32081
32064
32063
32062
32061
32079
32080
32091
32092
32093
32094
32109
32110
32111
35258
32122
32121
32120
32119
32108
32107
32106
32105
32104
32103
32102
32101
32100
32099
32116
32115
32114
30588
32125
32126
32127
32128
32143
32153
32163
32164
32165
32166
32167
32168
32154
32155
32169
32179
32190
32191
32180
32170
32171
32181
32192
32203
32212
32229
32238
32237
32236
32227
32228
32211
32202
32201
32210
32226
32225
32224
32223
32222
32221
32220
32219
32208
32199
32209
32200
32189
32178
32162
30594
32152
32142
32141
32140
30589
32124
30587
32113
32097
30585
32088
32087
30348
32086
32096
30349
32112
32123
32139
32149
32150
30591
32151
30593
32161
30595
32177
32188
32187
32186
32176
32160
32159
32175
30350
32185
30351
32196
32197
32198
30597
32207
32216
32206
32215
32232
32242
32243
30601
32233
30600
32217
32218
32234
32244
30602
32254
32265
32264
32280
32279
32263
32253
32252
32262
32278
32289
30352
32300
30353
32319
30354
32329
30355
32339
30356
32349
32359
30610
32350
32340
32330
32320
32310
30609
32301
32290
32291
32302
32311
32321
32331
32341
32351
32360
32370
32380
32390
32400
32411
32427
30611
32410
32409
32399
32389
32379
32369
30357
32368
30358
32378
30359
32388
30360
32398
32408
37756
35723
37721
37722
37723
35721
37740
40725
40724
37711
37698
40723
40722
37684
37671
40721
40720
37657
37656
37670
37669
37655
37641
37627
37626
37612
37613
37614
37628
37642
37643
40719
37629
37615
40718
37602
37589
40717
40716
37576
37563
37549
40715
37535
40714
40713
37521
37520
37534
37548
37547
37562
37561
37560
37559
37558
37543
37544
37545
37546
37533
37532
37518
37519
37505
37506
37507
40712
40711
37493
37492
37478
37479
37466
37465
37452
37453
40710
40709
37440
37439
37438
37437
37449
37436
37435
37422
37423
37405
37406
37393
35699
37394
37407
35701
37424
37425
37408
37395
37378
37379
37396
37409
37410
37426
37427
40708
40707
40706
37397
37380
37363
40705
37350
37338
40704
37326
37325
37324
37306
37307
37308
37294
37293
37292
37291
37290
37304
37305
37323
37335
37336
37337
37349
37362
37361
37348
37347
37360
37377
37376
37375
37392
37404
37403
37391
37373
37374
37357
37358
37359
37346
35696
37334
37322
37321
37320
37319
37332
37333
37345
37356
37344
37318
37317
37316
37315
37301
37300
37314
37313
37330
37331
37343
37342
37354
37355
35698
37369
37370
37371
37372
37390
37389
37388
35700
37387
37386
37402
37415
37432
37431
37430
37414
37401
37400
37413
37429
37412
37399
37382
37381
37398
37411
35475
37428
35476
37441
37442
37443
37444
37445
37446
37433
37416
37417
37418
37419
37420
37421
37434
37447
37448
37462
37475
37487
37502
37488
37489
37476
35705
35703
37463
37450
37451
37464
37477
37491
37490
37504
37503
37517
37516
37531
37530
37529
37528
37514
37515
37501
37500
37486
37473
37474
37461
37460
35702
35704
37485
37484
37472
37459
37458
37457
37470
37471
37483
37497
37511
37524
35707
37510
37496
37482
35706
37495
37481
37468
37469
37456
37455
37454
37467
37480
35477
37494
35478
37508
37522
37509
37523
37537
37536
37550
37564
37577
37590
37617
37616
35479
37630
35480
37644
35481
37658
37659
35718
37672
35482
37685
37686
37700
37699
35483
37712
37724
37725
37742
37741
37757
37773
35484
37789
35485
37802
35486
37815
35487
37828
35488
37845
35489
37862
35490
37872
35491
37881
35492
37891
37892
37882
37873
37863
37846
37829
37816
37803
37804
37805
37792
37791
37790
37774
37758
37759
37743
37726
37727
37715
37714
37713
37701
37687
37688
37702
37703
37716
37728
37745
37744
37760
37761
37762
37746
37729
37730
37747
37763
37764
37780
37781
37782
37766
37765
37749
37732
37731
37717
37704
35719
37691
37677
37664
37650
37636
37622
35716
37609
37608
37607
37595
37594
37606
37605
37619
37620
37621
37635
37634
37633
37647
37648
37649
37663
37676
37690
37689
37675
37662
37661
37674
37673
37660
37646
37645
37631
37632
37618
37604
37603
35715
37591
37578
37579
37592
37593
37580
37566
37565
37551
37552
37538
37539
37554
37553
37567
37568
37581
35712
37596
35713
37582
37569
35711
37556
37555
37541
37540
37525
37526
37512
37498
37499
37513
37527
35708
35709
37542
35710
37557
37570
37571
37572
37573
37587
37574
37575
37588
37601
37600
37599
37586
37585
35714
37598
37584
37583
37597
35717
37623
37610
37611
37624
37639
37638
37637
37651
37665
37678
37692
37705
37718
35720
37693
37694
37680
37679
37667
37666
37652
37653
37625
37640
37654
37668
37683
37697
37710
37709
37696
37682
37681
37695
37708
37720
37707
37706
37719
37736
37753
37769
37754
37737
37738
37739
35722
37755
35724
37770
37771
37772
37788
37787
37786
37785
37784
37797
37798
37799
37800
37801
40726
40727
37814
37813
37812
37811
37824
37841
37858
37877
37886
35730
37839
37822
37795
37808
37821
37838
37837
37836
37835
37852
37853
37854
37855
37866
37876
37885
37895
37896
37909
37897
37888
37889
37879
35729
37869
37859
37842
37825
37826
37827
40728
37844
37861
37843
37860
37870
37871
37880
37890
40729
37901
35732
37900
37912
37923
37924
40730
37937
37936
37934
37933
37932
37920
35734
37908
37907
37919
37931
37947
37946
37945
38007
37996
37985
37973
37961
35737
37944
35736
37930
37918
35733
37906
37894
37884
37875
37865
37851
37850
37849
37832
37831
35726
37818
37817
37830
35727
37847
37848
37864
37874
37883
37893
35731
37905
37917
37928
37929
37943
37942
37959
37960
37972
37984
37995
37994
38005
38016
38006
38017
38029
38045
38046
38047
38063
38081
38095
38106
38094
38093
38078
38079
38080
38062
38061
38060
38044
38028
38027
38043
38042
38026
38015
38004
37993
37982
37983
37971
37970
35739
37958
37957
37940
37941
37927
35735
37916
37915
37904
37903
37914
37926
37925
37913
37902
46260
43395
43394
43409
43425
43426
43410
43411
46261
46262
43427
41154
43444
43460
41155
43443
43459
43442
43424
43408
43392
43393
43377
43378
43379
46259
46258
43364
43363
43362
43347
43348
43349
46257
46256
43333
43317
46255
46254
43300
41144
43283
41143
43266
41142
43249
43233
43232
43248
43247
43265
43282
43299
43298
43297
43296
43312
43328
43327
43311
41145
43295
43278
43279
43280
43281
43264
43263
43245
43246
43230
43229
43228
43227
43209
43194
43179
43180
43195
43210
43211
43212
43197
43196
43181
43167
43166
43165
43164
43163
43147
43133
43120
43106
43092
43078
43064
43051
43036
43037
43020
43019
43002
43003
42986
42987
43004
43021
43038
43022
43039
43040
43041
43055
43054
43053
43052
43065
43066
43067
43081
43082
43096
43110
43109
43095
43094
43108
43107
43121
43122
43135
43136
43137
43124
43125
43111
43097
43083
43069
43068
43056
43042
43025
43024
43023
43006
43005
42988
42972
42960
42961
42946
42931
42917
42932
42918
42902
42919
42933
42948
42947
42962
42963
42975
42974
42973
42989
42990
42991
41133
43007
43008
43009
41134
43026
41135
43043
46240
46239
46238
46237
42992
41132
41131
41129
42950
42949
42934
46236
42920
41125
46235
46234
42903
41124
42886
42885
42884
42883
42901
42900
42882
42867
42866
42850
42849
42865
41121
41123
42880
42881
42899
42916
42930
42945
42944
42929
42915
42898
42897
42914
42913
42928
42943
42959
42971
42970
42958
42942
42941
42940
42957
42969
42983
42984
42985
43001
43018
43035
43034
43050
43063
43077
43091
43105
43119
43132
43131
43145
43144
43130
43129
43143
43142
43141
40891
43140
43154
40892
43171
43172
43155
43156
43157
43173
43174
43158
43175
43176
43159
43160
43146
43162
43161
43177
43190
43191
43192
43178
43193
43208
43207
43206
43224
43242
41140
43225
43226
41141
43243
43244
43262
43261
43260
43277
43294
43293
43276
43259
43258
43275
43274
43273
43256
43257
43241
43223
43205
41139
43189
43188
43187
43186
41138
43202
43219
43220
43203
43204
43221
43222
43240
43239
43238
43237
43236
43218
43217
43201
43185
43184
43200
43216
43234
43235
43251
43250
43267
43284
43301
43318
43302
43303
41146
43319
43336
43352
43351
43335
43334
43350
43365
43366
43367
43382
43398
43397
43381
43380
43396
43412
43413
43428
43429
43414
43430
43447
43446
43445
43462
43461
43478
43495
43511
43496
43479
43480
43463
43464
43465
43466
43451
43452
43435
43436
43453
43470
43487
43488
41159
43504
43489
43490
43473
43457
43456
43472
43471
43455
43454
43437
43420
43404
43403
43419
43418
43402
43401
43385
43370
43355
43340
43323
43322
43339
41148
43354
41149
43369
41150
43384
41152
43400
41153
43416
43417
43434
43433
43450
43449
43448
43431
43432
43415
43399
43383
43368
43353
43337
43338
43321
43320
43304
43305
43288
43287
43270
43269
43286
43285
43268
43252
43253
43254
43271
43255
43272
43289
43306
43307
43324
43308
43290
43291
43292
43309
43310
43326
43325
41147
43341
43342
43357
43372
43356
43371
41151
43386
43387
43388
43389
43373
43358
43343
43344
43345
43329
43313
43314
43315
43316
43332
43331
43330
43346
43361
43360
43359
43374
43375
43376
43391
43390
43406
43405
43421
43438
43439
43440
43422
43407
43423
43441
43458
43474
43475
43492
43491
43506
43507
43523
43524
43508
43509
43493
41157
43476
41156
43477
46263
46264
43494
43510
43526
43525
43540
43541
43556
43555
41165
43572
43573
46265
43589
43607
43619
43620
43636
43635
43651
43652
43662
43661
43671
43672
46266
46267
46268
43706
43705
41175
43704
43721
43722
43723
43732
46269
46270
43740
43739
43747
43748
46271
46272
43756
43765
46273
46274
43782
43781
43780
41180
43763
43764
43755
43754
43746
43738
43731
43730
43720
43719
43729
43737
43745
43753
43762
43779
41182
43778
43777
43761
43752
43744
43736
43728
43716
43700
43701
43717
43718
43702
43685
43703
43686
43687
43688
43689
43670
43669
43668
43659
43660
43650
43649
43648
43658
41173
43647
43632
43631
43630
43629
43645
43646
43657
43667
43684
43683
43682
43699
43715
43714
43713
43697
43698
43681
43680
43679
43696
43712
41176
43711
43694
43695
43678
43677
43665
43666
43656
43640
43625
43626
43641
43642
43643
43644
43628
43627
41170
43614
43613
43612
43611
43610
43623
43624
41171
43639
43655
41172
43638
43622
43609
43591
43592
43593
43594
43595
43578
43577
43561
43562
43563
43579
43580
43596
43597
43598
41168
43599
43581
41167
43565
43566
43567
43568
43583
43582
43600
43601
43615
43616
43617
43602
43603
43604
43618
43633
43634
41169
43605
43606
43588
43587
43586
43571
43570
43585
43584
43569
43551
43550
41164
41162
43535
43536
43537
43552
43553
43554
43539
43538
43522
43521
43505
43520
41160
43503
43502
43486
43469
43468
43467
43484
43485
43501
43500
43517
43532
43533
43518
43519
43534
43549
43564
43548
43547
43546
41163
43531
41161
43516
43515
43499
41158
43483
43482
43481
43498
43497
43513
43514
43530
43545
43560
43576
43575
41166
43559
43558
43543
43544
43529
43512
43528
43527
43542
43557
43574
43590
43608
43621
40893
43637
48887
48886
48876
48877
48859
48843
51252
51251
48838
48837
48842
48858
48857
46720
48875
48885
46724
48902
48903
48919
48929
51253
51254
48940
48939
48928
48918
48917
48916
48901
48900
46723
48883
48884
48874
48873
48856
48855
48854
48853
48852
48851
48850
48849
48865
48866
46721
48867
48868
48869
48870
48871
48872
46722
48899
48898
48897
48896
48895
48894
48908
48909
48910
48911
48912
48913
48914
48915
48925
48936
48937
48926
48927
48938
48956
48957
48974
48991
49001
51255
51256
49011
49028
51257
51258
49037
49027
49026
46730
49009
49008
49007
48997
48998
48988
48989
48999
49010
49000
48990
48973
48972
48955
48954
48971
48970
48953
48952
48969
48987
48986
48985
48968
48951
48950
48949
48966
48967
48984
48983
48982
48981
48964
48965
48948
48947
48946
48963
48980
48962
48979
48996
49006
49017
49018
49019
49020
49021
49022
49023
49024
49025
49034
49043
49060
49059
49068
49077
49087
49102
49110
49101
49100
49099
49058
49057
49056
49055
49054
49053
49052
49067
49051
49042
49033
49032
46731
49041
49050
49066
49075
49076
49086
46737
49095
49096
49097
49098
49123
49124
49125
49126
49127
49111
49112
49128
49129
49113
49104
49103
49088
49078
49069
49061
49044
49035
49036
46732
49045
46733
49062
51259
51260
49071
49070
49079
49089
49080
51261
51262
49090
49105
51263
49114
49130
51264
46740
49147
49155
51265
51266
49163
49171
51267
51268
49179
49187
51269
51270
49195
49203
51271
51272
49211
49219
51273
51274
49227
49234
49235
49253
49252
49251
49269
49270
49286
49271
49287
49302
49301
49300
49306
49299
49298
49284
49283
49267
49285
49268
49250
49249
49248
49266
49265
49264
49263
49280
49281
49282
49297
49296
49295
49294
49293
49292
49278
49279
49262
49244
49245
49246
49247
49216
49224
46742
49232
49233
49226
49218
49225
49217
49209
49210
49202
49201
49208
49200
49192
49184
49185
49193
49194
49186
49178
49170
49162
49154
49146
49145
49153
49161
49169
49177
49176
49168
49160
49152
49144
49143
49142
49141
49140
49122
49121
49139
49138
49120
49119
49137
49136
49118
46739
49109
46738
49094
46736
49085
49093
49108
49117
49116
49115
49106
49107
49092
49091
49081
46460
49072
49063
49046
49038
49039
49047
49048
46734
49064
46735
49073
49082
49083
49084
49074
49065
49049
49040
49031
49030
49029
46459
49012
49013
49003
49002
46458
48992
46457
48975
46456
48958
46455
48941
46454
48930
46453
48920
48904
48888
48889
48878
48860
48844
48839
48833
46452
48834
48835
46719
48840
48846
48845
48861
48879
48880
48881
48891
48890
46725
48905
48922
48921
48931
48932
48943
48942
46728
48959
48976
46729
48993
48994
49004
49014
49015
49016
49005
48995
48978
48977
48960
48961
48944
46727
48933
48934
48945
48935
48924
48923
46726
48906
48907
48893
48892
48882
48864
48863
48862
48847
48848
48841
48836
48830
48814
48813
48812
48829
48828
48827
46451
48810
48811
48806
48805
46450
48800
46449
48795
46448
48790
46447
48774
48775
48776
48777
48792
48791
48796
48801
48807
48802
48797
48793
48798
48803
48808
48815
48816
48817
48818
48819
48820
48821
48822
48823
48824
48825
48831
48832
51250
51249
48826
46718
48809
51248
51247
48804
48799
51246
51245
48794
46717
48789
51244
51243
48773
48768
51242
51241
48763
48758
51240
51239
48753
48748
51238
51237
48743
46712
48726
51236
51235
48720
48725
48742
48747
48752
48757
48762
48767
48772
48788
48787
48786
48785
48784
48783
48782
48781
48780
48779
48778
48771
48766
48761
48756
48751
48746
48731
48732
48733
48734
48735
48736
48737
48738
48739
48740
48741
48724
48718
48719
48714
51234
51233
48708
48707
48713
48712
48706
46710
48689
48671
48672
48690
48691
48673
48655
48654
48638
48639
51232
51231
48631
48623
48622
48606
48607
51230
51229
48599
48592
51228
51227
48584
48576
51226
48568
48560
46706
48567
48575
48583
48574
48582
48590
48591
48598
48597
48605
48621
46708
48628
48629
48630
48637
48636
48653
48652
48651
48669
48670
48688
48687
48705
48704
48703
48702
48684
48666
48667
48685
48686
48668
48650
48649
48648
48647
48665
48683
48701
48700
48682
48681
48699
48698
48680
48679
48697
48696
48711
48717
48723
48730
48722
46711
48716
48728
48729
46713
48745
46714
48750
48755
48760
46715
48765
46716
48770
48769
48764
48759
46446
48754
46445
48749
48744
48727
48721
48715
46444
48709
46443
48692
48674
48656
48640
46442
48632
46441
48624
46440
48609
46439
48600
48608
56812
53780
51686
56813
56814
56815
56816
51690
53882
56817
53889
51694
53906
56818
56819
53923
51696
51697
51698
51699
56820
53959
51700
51701
56821
53996
54012
54021
54038
54046
56822
51710
54053
54045
54037
54020
51705
51703
53980
53979
51702
53995
54011
51704
54010
51707
54018
54019
54036
51709
54035
54034
54033
54032
54031
54008
54009
53994
53993
53992
53991
53990
54007
54006
54005
53989
53988
54004
54030
54029
54028
54051
54043
54027
54026
51708
54017
54003
53987
53978
53971
53964
53956
53949
53942
53935
53928
53913
53914
53915
53916
53917
53918
53919
53920
53929
53936
53943
53950
53957
53965
53972
53973
53966
53958
53951
53944
53937
53930
53922
53921
51695
53905
53904
53903
53902
53901
53900
53899
53898
53897
53896
53912
53895
53894
53911
53910
53909
53908
53925
53926
53927
53934
53941
53948
53955
53954
53947
53940
53933
53932
53939
53946
53953
53961
53962
53963
53970
53977
53984
53985
53986
54002
51706
54001
54000
54015
54016
54025
54024
54023
54040
54041
54042
54050
54049
54048
54047
51459
54039
51458
54022
51457
54013
54014
53999
53998
53997
53981
53982
53983
53976
53969
53968
53975
53974
51456
53967
51455
53960
51454
53952
51453
53945
51452
53938
51451
53931
51450
53924
51449
53907
53890
53891
53892
53893
53885
51693
53871
53872
53873
53874
53886
53875
53876
53877
53878
53879
53880
53866
53858
53867
51691
53881
53887
53888
51692
53868
53861
53844
53827
53810
53809
53792
53793
53786
53779
53773
53766
53765
53772
51685
53764
53763
53745
53746
53728
53729
53730
51684
53747
53748
56811
53731
53716
56810
56809
53707
53691
56808
56807
53681
53680
53690
53706
53715
53714
53705
51681
53689
53679
53670
53660
53671
53672
56806
56805
53662
53661
53651
53641
53632
53633
53642
53652
56804
56803
56802
53625
56801
56800
53616
53615
53624
53631
53623
53622
53630
53639
53640
53650
53649
53659
53669
53678
53688
53704
53703
53702
53701
53700
53699
53698
53713
53712
51683
53720
53721
53722
53723
53741
53740
53739
53756
53757
53758
53759
53760
53743
53742
53724
53725
53726
53727
53744
53761
53762
53771
53778
53785
51688
53791
53808
53825
53826
53843
53860
53859
53842
53841
53840
53857
53856
53839
53823
53824
53807
53806
53805
53822
53821
53838
53855
53837
53854
53853
53836
53819
53820
53804
53803
53802
53801
53818
53835
53834
53851
53852
53865
53850
53833
53832
53849
53848
53847
51689
53863
53864
53870
53884
53883
53869
53862
53846
53845
53828
53811
53794
53795
53812
53829
53830
53831
53814
53815
53816
53817
53800
53790
53784
53777
53770
51687
53799
53798
53797
53813
53796
53789
53788
53787
62405
59683
59682
57249
59698
57250
59715
59716
59699
62406
62407
62408
59726
59741
59725
59724
59714
59697
59696
59681
59670
59653
59654
57248
59671
59672
62404
62403
59655
59644
59643
59632
59633
59617
57243
62402
59600
59582
59599
59581
59565
59580
59598
59616
59631
59642
57246
59630
59615
59597
59596
59614
59629
59628
59627
59626
59625
59610
59611
59612
59613
59595
59594
59593
59577
59560
59561
59544
59531
59518
59505
59493
59480
59467
59454
59441
59429
59428
59427
59426
59425
59412
59398
57237
59413
59430
59431
59443
59432
59414
59415
59416
59433
59445
59444
59457
59456
59442
59455
59468
59469
59470
59484
59483
59482
59481
59494
59495
59496
59497
59509
59510
59523
59536
59535
59522
59508
59507
59506
59519
59532
59545
59563
59562
57242
59578
59579
59564
59546
59533
59520
59521
59534
59547
59548
59549
57241
59566
62401
62400
62399
62398
62397
62396
59498
59485
62395
62394
59472
59471
59458
59459
62393
62392
59446
59434
59417
59403
53617
51440
53608
51439
53599
51438
53590
51437
53581
51436
53564
51435
53547
51676
53565
53548
53532
53522
51674
53506
53505
53531
53530
53521
53504
53488
53489
53490
53491
53507
53523
53508
53509
53524
53525
53510
53511
53512
53496
53495
53479
53480
53463
53464
53481
53497
53513
53514
53541
53542
53557
53556
53540
53539
53538
53537
53553
53570
53569
53568
53551
53552
53536
53535
53534
53533
53549
53550
53567
53566
53583
53582
53591
53600
53592
53601
53610
53619
53609
53618
51678
53634
51441
53643
51442
53653
51443
53663
53664
51680
53673
53683
51444
53682
53692
51445
53708
53717
53718
53719
53734
53733
53732
53749
51446
53767
51447
53774
51448
53781
53782
53783
53776
53775
53768
53750
53751
53769
53752
53735
53736
53753
53754
53755
53738
53737
51682
53711
53710
53709
53693
53694
53684
53674
53665
53675
53685
53695
53696
53697
53686
53687
53677
53668
53667
53676
53666
53656
53655
53654
53644
53645
53646
53636
53635
51679
53626
53627
53637
53647
53657
53658
53648
53638
53629
53628
53620
53621
53612
53611
53602
53603
53594
53593
53584
53585
53571
53554
53555
53572
53573
53574
53575
53558
53559
53576
53586
53587
53596
53595
53604
53613
53614
53605
53597
53606
53607
56799
56798
53598
53589
53580
53579
53588
51677
53578
53577
53560
53561
53544
53543
51675
53526
53516
53500
53484
53483
53499
53515
53498
53482
53465
53466
53467
53468
53485
53469
53453
53443
53442
51667
53426
53425
53408
53407
53389
53390
53373
53374
53391
53409
53410
53392
53375
53376
53359
53347
53346
53329
53345
53358
53357
53372
53371
53388
53406
53423
53424
53441
53440
53422
53439
53438
53421
53420
53437
53452
53462
53461
53478
53494
53493
53492
53476
53477
53460
53459
53458
53475
53474
53457
53456
53473
53472
53455
53447
51434
53448
53449
53450
53451
53436
53419
53402
53403
53404
53405
53387
53370
53369
53386
53385
53368
53367
53384
53383
53382
53366
53365
53354
53336
53337
53321
53320
53319
53335
53334
53318
53317
53333
53351
53362
53379
53363
53352
53353
53364
53381
53380
53398
53397
53414
53415
53416
53417
53399
53400
53401
53418
53435
53434
53433
53432
53431
62383
59200
62384
62385
59232
59216
59215
59231
59230
59246
59229
59213
59214
59198
59199
59183
59184
59171
62382
62381
59154
59141
59123
59122
59121
59103
59104
59105
59087
62380
59074
59057
59046
59047
59058
62379
62378
62377
59036
59035
59034
59024
59025
62376
59014
62375
62374
59003
58992
58991
59002
59001
58990
58989
58988
58999
59000
59010
59021
59011
59012
59013
59023
59022
59033
59032
59043
59054
59055
59044
59045
59056
59071
59072
59073
59086
59085
59084
59102
59120
59138
59151
59152
59139
59140
59153
59170
59182
59169
59168
59150
57220
59167
57221
59181
59197
59180
57222
59196
57223
59212
57224
59228
57225
59244
57226
59245
59259
59260
59261
59247
59248
59262
62386
62387
59276
59275
59274
59273
59290
59272
59258
59257
59271
59289
59288
59287
59304
59305
59306
59307
57229
59323
59324
59325
59338
59339
59326
59309
59308
57228
59291
57227
59292
59293
62388
62389
59310
59327
62390
62391
59340
59352
59364
59351
59363
59376
59377
59390
59389
59402
59401
59400
59399
57236
59385
57234
59373
59374
59386
59387
59388
59375
57232
59362
59350
57230
59337
59336
59349
59361
57231
59322
59321
59320
59319
59318
59301
59317
59334
59347
59335
59348
59360
59359
59358
59370
59382
59383
59371
59372
59384
59397
59411
59410
59396
59395
59394
57235
59381
57233
59369
59368
59356
59357
59346
59333
59316
59315
59332
59345
59344
59343
59355
59367
59380
59379
59378
59391
57013
59404
57014
59418
59419
57239
59435
59436
59420
59405
59392
59393
59406
59407
57238
59421
59408
59409
59422
59423
59424
59440
59453
59439
59452
59465
59466
59479
59492
59504
59503
59516
59517
59530
59529
59528
59527
59514
59515
59502
59501
59489
59490
59491
59478
59477
59464
59451
59438
59437
59450
59463
59476
59488
59475
59474
59461
59462
59449
59448
57015
59447
57016
59460
57017
59473
57018
59486
59487
57240
59499
59500
59513
59512
57019
59511
57020
59524
59525
59526
59539
59552
59553
59570
59571
59572
59573
59589
59607
59608
59590
59574
59557
59556
59555
59554
59540
59541
59542
59543
59558
59559
59575
59576
59592
59591
59609
59624
59623
59639
59638
59622
59606
59588
59587
59586
59604
59605
57244
59621
59637
57245
57247
59648
59660
59661
59662
59649
59650
59663
59679
59664
59665
59666
59667
59651
59640
59641
59652
59669
59668
59680
59695
59694
59693
59711
59710
59709
59692
59691
59708
59707
59706
59690
59678
59677
59689
59688
59687
59703
59704
57251
59705
59720
57252
57254
59745
59730
59721
57253
59731
59732
59733
59734
59735
59736
59722
59712
59713
59723
59737
59738
59739
59740
59749
59748
59757
57256
59774
59758
59759
59750
62409
62410
62411
62412
62413
62414
59804
59787
59776
59775
59786
57257
59803
57258
59820
59821
59831
62415
62416
59841
59840
59830
59829
59828
59827
59826
59816
59815
59814
59813
59812
59811
59794
59795
59796
59797
59798
59799
59817
59818
59819
59785
59784
59802
59801
59800
59782
59783
59773
59756
59747
59746
59755
59772
59771
59770
59769
59768
59767
59766
59765
59781
59764
59754
57255
59753
59752
59761
59778
59779
59762
59763
59780
59791
59808
59792
59793
59810
59809
57259
59825
59835
59845
59855
59865
59877
59878
59879
59880
59896
59914
59913
59895
59894
59912
59911
59927
59937
59936
59935
59951
59952
59968
59967
59966
59983
59965
59982
59990
59991
59999
59998
60006
60007
57266
60014
57267
60032
57268
60023
60015
60008
60000
59992
59984
59969
59953
59938
59954
59970
59971
59972
59956
59955
59939
59940
59941
59957
59973
59974
59975
59958
59942
59917
59918
59900
59899
59898
59916
59915
59897
59881
59882
59883
59866
59867
57260
59884
59901
59919
59920
59902
59885
59857
59856
59846
59836
59837
59847
59848
59838
59839
59849
59850
59860
59859
59858
59868
59869
59886
59903
59921
59929
59928
59945
59944
59943
59959
59960
59976
59985
59993
60001
60009
60016
60024
60033
60025
60017
60026
60018
60011
60010
60002
60003
59995
59994
59986
59987
59979
59978
59977
59961
59962
59946
59930
57262
59922
59904
57261
59870
59861
59851
62417
62418
62419
59871
59887
59905
59923
59931
59947
57263
57264
59963
57265
59980
62420
62421
59988
59996
62422
62423
60004
60012
62424
62425
60019
60027
62426
62427
60036
62428
60052
57271
60068
60085
62429
62430
60102
60112
60111
60100
60101
60084
60083
60082
60066
60067
60051
60035
60034
60050
57269
60049
57270
60065
57272
60081
57273
60098
60099
60110
60121
60122
60133
60134
60143
60142
60132
60131
60130
60120
60109
60097
60080
60063
60064
60048
60047
60046
60045
60044
60060
60061
60062
60078
60079
60096
60095
60094
60077
60076
60093
60092
60091
60108
60119
60118
60107
60090
60072
60089
60088
60087
60104
60115
60116
60105
60106
60117
57274
60127
60128
60129
57275
60150
60151
60152
60153
60154
60155
60156
60140
60141
60157
60158
60169
60180
60181
60192
60203
60204
62438
62437
60193
60182
62436
62435
60171
60170
60159
60160
60144
62434
62433
60124
60123
60113
62431
62432
54183
54189
54195
54201
51469
54207
51470
54213
51471
54219
51472
54225
51473
54231
51474
54237
51475
54243
51476
54249
51477
54255
51478
54261
51479
54267
54273
54289
54307
54325
54334
54335
54326
54308
54290
54291
54309
54327
54336
54353
54352
54351
54368
54385
54369
54370
54371
54354
54355
54356
54373
54372
54389
54388
54387
54386
54403
54402
54419
54420
54404
54405
54406
54407
54390
54391
54392
54393
54394
54411
54410
54409
54408
54425
54426
54427
54428
54452
54468
54467
54451
54441
54424
54423
54440
54448
54464
54463
54447
54439
54422
54421
54438
54437
51480
54436
62450
60409
62449
62448
60392
60375
62447
62446
60358
60342
60325
62445
60316
60298
60297
60296
60295
60278
60279
60280
60270
62444
60259
62443
62442
60248
60237
62441
62440
62439
60215
60226
60225
60214
60213
60212
60201
60190
60202
60191
60179
60168
60167
60178
60189
60200
60211
60222
60233
60244
60245
60255
60256
60257
60246
60235
60234
60223
60224
60236
60247
60258
60269
60268
57278
60267
60266
60277
60294
60293
60292
60291
60309
60310
60311
60322
60312
60313
60323
60314
60315
60324
60341
57279
60357
57280
60374
57281
60391
57282
60408
57283
60425
60426
57284
57285
60434
60442
60457
60466
60465
60474
60492
60509
57287
60493
60475
60476
60467
60458
62451
62452
62453
62454
62455
62456
57288
57289
57290
62457
60568
57292
60551
57291
60544
60537
60530
60523
60516
60508
60491
60473
60464
60456
60455
60441
60433
60423
60406
60424
60407
60390
60373
60372
60389
60388
60371
60387
60370
60353
60354
60355
60356
60340
60339
60338
60337
60336
60352
60369
60368
60367
60384
60401
60402
60385
60386
60403
60404
60405
60422
60421
60420
60419
60418
60417
60400
60383
60366
60349
60350
60351
60335
60334
60308
60290
60254
60243
60253
60242
60231
60232
60221
60210
60199
60188
60187
60176
60165
60177
60166
60149
57276
60139
60138
60137
60146
60162
60163
60147
60148
60164
60175
60198
60209
60220
60230
60229
60218
60219
60208
60207
60196
60197
60186
60185
60174
60173
60184
60195
60206
60217
60228
60239
60250
60251
60240
60241
60252
60263
60274
60284
60275
60264
60265
57277
60276
60287
60288
60289
60307
60306
60305
60304
60286
60285
60303
60302
60320
60319
60301
60300
60318
60317
57045
60299
60281
60282
60283
60273
60262
60261
60272
60271
60260
57044
60249
57043
60238
57042
60227
57041
60216
57040
60205
57039
60194
57038
60183
57037
60172
57036
60161
57035
60145
60135
60136
60126
60125
60114
57034
60103
57033
60086
68083
68082
68081
60069
60053
60037
60038
60054
60070
60071
60055
60056
60057
60073
60074
60075
60059
60058
60043
60042
60041
60040
60039
60030
60031
60022
60021
60029
60028
60020
60013
60005
57032
59997
57031
59989
57030
59981
57029
59964
59948
59932
59924
57028
59906
59888
59872
59873
59889
59907
59925
59933
59949
59950
59934
59926
59908
59909
59910
59892
59893
59876
59875
59891
59890
59874
59864
59854
59844
59834
59824
59823
59833
59843
59853
59863
59862
57027
59852
57026
59842
57025
59832
57024
59822
59805
59806
59807
59790
59789
59788
59777
57023
59760
59751
59742
59727
59717
59700
59684
59685
59701
59718
59728
59743
59744
59729
59719
59702
59686
59675
59676
59659
59658
59647
59657
59674
59673
57022
59656
59645
59646
59635
59636
59620
59603
59619
59602
59584
59585
59569
59568
59551
59538
57021
59537
59550
59567
59583
59601
59618
59634
68054
68055
65060
65059
65068
65069
68056
65078
65077
62864
65050
65051
65035
68053
68052
68051
64962
64961
64979
64978
64976
64975
64974
62859
64990
64991
65010
65009
65008
65007
65020
65021
65022
65033
65048
65047
65057
65066
65075
65046
65045
65044
65043
65042
65032
65031
65041
65040
65039
65030
65017
62860
65018
65019
65003
64987
64986
65002
65001
64985
64968
64969
64970
64971
64988
65004
65005
62861
65006
64989
62858
64973
64972
64956
64942
64941
64940
64939
64955
64954
64953
64937
64936
64935
64934
64921
64922
64923
64938
64924
64925
64911
64910
64909
64908
64895
64896
64897
64898
64884
64870
64856
64841
64840
64855
64854
64853
64867
64868
64869
64883
64882
64881
64866
64852
64836
64821
64822
64837
64838
64839
64824
64808
64792
64793
64794
64810
64809
64825
64826
64827
64842
62853
64857
64858
64843
64828
64811
62850
64796
64795
64779
64778
64777
64776
64791
64807
64823
64806
62849
64790
64789
64773
64756
64743
64731
64720
64709
64721
64732
64744
64757
64774
64775
64758
64745
64759
64760
64747
64748
64761
62847
64762
64763
64764
64765
64780
64781
64766
64749
62846
64725
64714
64715
64716
64727
64726
64738
64751
64752
64739
64740
64741
64729
64728
64717
64706
64705
64704
64703
62841
64686
64687
64688
64678
64677
62840
64669
64661
64652
64643
64635
64644
64653
64662
62839
64670
64679
64689
64707
64718
68042
68041
68040
64690
64680
64671
64663
68039
68038
64654
64645
68037
68036
64636
62837
64619
64618
64617
64616
64634
64633
64615
64614
64632
64631
64630
64629
64628
64627
64626
64608
64609
64610
64611
64612
64613
64583
64582
64564
64565
64548
64566
64584
64585
64594
64601
64586
64569
64570
64588
64587
62835
64595
64602
68035
59124
57005
59142
59143
59125
59107
59106
59088
59089
59090
59091
59092
59078
59077
59076
59075
57004
59059
59048
59037
57003
59026
57002
59015
57001
59004
58993
58977
57000
58961
56999
58951
56998
58934
56997
58917
56996
58904
58889
58876
56995
58877
58890
58905
58906
58891
58892
58879
58880
58881
58894
58893
58907
58908
58921
58920
57213
58937
58938
58954
58964
57215
58963
58953
58936
58919
58918
58935
58952
57214
58962
58978
57216
58994
59005
59016
59027
59038
59049
59060
59061
59062
59050
57218
59051
59063
59079
59080
59081
59082
59095
59113
59131
59130
59112
59094
59093
59111
59129
59147
59146
59145
59127
59128
59110
59109
59108
59126
59144
59157
59158
59175
59174
59156
59155
57006
59172
59173
59186
59187
59188
59204
59203
59202
59185
59201
59217
59218
59234
59233
57007
59249
57008
59263
59264
59265
59279
59295
59278
59277
59294
59312
59311
57009
59328
57010
59341
57011
59353
57012
59365
59366
59354
59342
59329
59330
59331
59314
59313
59296
59297
59298
59281
59280
59266
59252
59251
59250
59235
59219
59220
59236
59237
59221
59205
59189
59190
59177
59176
59159
59160
59161
59148
59149
59162
59179
59178
59191
59192
59208
59224
59223
59207
59206
59222
59238
59254
59253
59267
59268
59282
59299
59300
59283
59269
59284
59285
59302
59303
59286
59270
59256
59255
59239
59240
59241
59225
59226
59242
59243
59227
59211
59195
59194
59210
59209
59193
59163
59164
59165
59166
59136
59137
59119
59118
59117
59135
59134
59133
59132
59114
59096
59097
59115
59116
59098
59099
59100
59101
59083
59070
59069
59068
59067
59066
59065
59064
59053
57219
59052
59040
59039
59028
59029
59018
59017
59006
57217
58995
59007
58996
58979
58980
58965
58966
58981
58997
59008
59019
59030
59041
59042
59031
59020
59009
58998
58982
58967
58968
58983
58984
58985
58986
58987
58972
58971
58970
58969
58942
58925
58924
58941
58956
58955
58939
58940
58923
58922
57212
58909
58910
58895
58882
58865
58866
58867
58868
58896
57210
58897
58898
58899
57211
58911
58928
58927
58926
58943
58944
58945
58946
58947
58957
58973
58974
58958
58959
58975
58976
58960
62373
53122
51430
53109
51429
53096
51428
53079
53062
53046
53034
53017
53002
52992
52974
52975
52958
52957
52948
51427
52939
51426
52930
52931
52920
52919
51425
52898
51424
52887
51423
52876
51422
52865
52877
52888
52889
52900
52899
51643
52909
52910
52921
52932
52941
52942
52933
52922
52923
52912
52911
52901
52902
52891
52880
52890
52879
52878
52866
51641
52867
52868
52857
52843
52844
52858
52869
52881
52892
52903
52913
52924
51644
52934
52943
52952
52962
52961
52978
52979
51646
52996
52980
52963
52964
52981
52982
52965
52966
52983
52984
52967
52968
52953
52944
52935
52925
52914
52904
52893
52882
52870
52859
52860
51642
52871
52872
52861
52851
51639
52834
52833
51638
52850
52849
52848
52847
52846
52845
52832
52821
52810
51635
52798
52797
52809
52820
52831
52856
52842
52830
52819
52808
51636
52818
51637
52829
52841
52855
51640
52840
52839
52828
52817
52807
52806
52794
52777
52766
51421
52767
52778
52795
52796
52779
52768
52757
52746
52747
52758
52769
52780
52781
52782
52770
52759
52748
51632
52709
52692
52693
52681
52670
52659
52648
52637
51627
52627
51626
52611
52610
52626
52625
52635
52636
52647
52646
52645
52644
52634
52624
52606
52623
52633
51416
52643
51417
52654
51418
52665
51419
52676
52687
52704
52721
52722
52705
52688
52677
52666
52655
52656
52657
52658
52669
52668
52667
52678
52679
52680
52691
52708
52725
52737
52736
52724
52707
52690
52689
52706
52723
52735
52734
52745
52756
52755
51420
52744
52733
62352
62351
58494
58493
58479
58462
58449
58448
58435
58434
57195
57193
58422
58409
57192
57190
58397
58385
58386
58398
58399
58387
58388
62347
62346
58377
58376
58375
58374
57188
58357
58358
58345
58327
58311
58310
58309
58308
57186
58325
58326
58344
58343
58356
58342
58341
58355
58340
58339
57187
58338
58337
58321
58322
58303
58304
58305
58323
58324
58306
58307
58277
58278
58291
58292
58280
58279
58263
58264
58248
58249
58250
58233
58234
58235
62344
58224
58223
58222
57180
57178
58212
58196
57177
57176
58185
58197
58186
58166
58165
58148
58149
58150
58133
62343
62342
58117
58132
58116
58106
58107
62341
62340
58091
57166
58074
62339
58063
58051
62338
58041
58025
58009
58008
57989
57990
57991
62337
57974
62336
62335
57962
57961
57973
57972
57971
57988
58006
58007
57161
58024
58040
58050
58061
58062
58073
58090
58089
57167
58105
58115
58131
58130
58129
57169
58113
58114
58104
58087
58070
58086
58085
58084
58101
58100
58083
58082
58099
58081
58069
58080
58079
58068
58056
58045
58044
57163
58028
58029
58014
58015
57162
58030
58057
57164
58031
58017
58016
57998
57997
57980
57981
57982
57999
58000
58018
58032
58033
58034
58035
58020
58019
58001
57983
57984
57985
58002
58003
58004
57970
57957
57928
57929
57930
57916
57915
57914
57888
57887
57886
57872
57845
57856
57855
57870
57884
57883
57869
57868
57882
57896
57895
57881
57880
57866
57867
57853
57854
57839
57827
57815
57799
57800
57816
57828
57840
57841
57842
57830
57829
57817
57818
57802
57801
57785
57784
57783
57149
57782
57151
57798
57153
57814
56959
57826
57155
57838
57852
56960
57851
56961
57865
56962
57879
56963
57893
57894
57156
57907
57921
56964
57920
56965
57934
56966
57950
57951
57935
57936
57952
57953
57158
57965
57966
57954
57938
57937
57922
57908
57923
57909
57910
57897
57898
57911
57924
57925
57939
57955
57967
57979
57978
57977
57994
57995
57996
58013
58012
57993
58011
58027
58026
56967
58010
57992
57975
57976
57964
57963
68001
68000
63511
63522
63532
63542
68002
68003
63551
63562
63561
63560
63549
63540
63550
63541
63531
63521
63520
63530
62776
63519
63509
63510
63500
63501
67999
67998
63490
63479
67997
63468
63467
63466
63477
63478
63489
63488
63487
63486
63497
63498
63499
63508
63507
63518
63529
63539
63548
63558
63559
63575
63594
63576
63577
63578
63596
63595
63606
63607
63624
63641
63640
63650
63660
63659
63649
63639
63638
63621
63622
63623
63605
62781
63593
63592
63574
62780
63557
62779
63573
63572
63571
63588
63589
63590
63591
63603
63604
63620
63619
63618
63635
63634
63633
63632
63615
63616
63617
63587
63586
63570
63585
63569
63556
63555
63554
63547
63538
63528
63515
63525
63535
63534
63524
63514
63503
63483
63484
63485
63474
63473
63472
63461
63462
63463
63451
63441
63431
63421
63410
63409
63392
63393
63383
62768
62767
63394
63395
63396
63397
63398
63399
63400
63401
63384
63374
63365
63358
62766
63366
63359
63351
63342
63343
63326
63325
63308
63299
63290
63291
63300
62762
63309
63301
63302
63310
63327
63344
63352
63360
63367
63377
63376
63375
63385
63402
63412
63411
63422
63423
63424
63425
63435
63445
63444
63434
63433
63432
62772
63442
63453
63452
62774
63464
63475
63476
63465
63454
63443
63455
63456
63457
67996
63446
63436
67995
67994
63426
63415
67993
63405
63404
63414
63413
63403
63386
63387
63388
67992
67991
63378
63368
63361
67990
67989
63353
63345
63328
63311
63303
67988
63294
63293
63292
63274
63257
63240
63241
63258
63275
63276
63277
63260
63259
63242
63235
63229
63230
63236
63243
67987
57578
57596
57579
57569
57553
57552
57551
63214
63196
63190
63189
63195
63213
63212
63194
62757
63187
63186
63185
63168
63167
63150
63149
63166
63165
63148
63147
63146
63145
63144
63161
63162
63179
63180
63163
63164
63181
63182
63183
63184
63224
63251
63268
63286
63285
63284
63283
63267
63250
63249
63266
63265
63264
62761
63246
62760
63245
62562
63244
62563
63261
62564
63262
63263
63278
63296
62565
63295
62566
63304
62567
63312
62568
63329
62569
63346
62570
63354
63355
62765
63362
63369
63370
63371
63363
63356
63348
63347
63330
63313
63305
62764
63331
63349
63357
63364
63373
63372
63382
63391
62770
63408
62769
63381
63380
63379
62571
63389
63390
63407
63406
62572
63416
63417
62771
63427
63428
63429
63418
63419
63420
63430
63440
63450
63449
63439
63438
63437
62773
63447
63459
62574
63458
62575
63469
62576
63480
62577
63491
63492
62775
63502
63513
62578
63512
62579
63523
62580
63533
63543
63552
63563
63579
62581
63597
63598
63580
63581
63582
63583
63601
63611
63628
63627
63626
62782
63609
63608
62582
63625
63642
62583
63652
62584
63662
62585
63672
62586
63682
62587
63692
62588
63708
62589
63718
62590
63728
62591
63738
63747
63764
62592
63781
62593
63792
62594
63809
62595
63820
62596
63831
63848
63849
63850
63833
63832
63821
63810
63811
63822
63823
63834
63851
63852
63868
63869
63870
63854
63836
63835
62790
63824
63813
63796
63797
63798
63799
63800
63801
63802
63803
63786
63776
63775
63774
63757
63758
63759
63743
63733
63723
63713
63703
63702
63701
63700
63699
63686
63676
63666
63667
63657
63656
63647
63636
63637
62784
63648
63658
63668
63678
63677
63687
63688
63704
63714
63724
63725
63726
63736
63746
63762
63761
63745
63735
63734
63744
62787
63760
62788
63777
63788
63787
63804
63816
63805
63806
63789
63778
63779
63790
63791
68013
68012
63780
63763
68011
62786
63737
68010
68009
63727
63717
68008
63707
63706
63716
63715
63705
63689
63679
63669
63670
63680
63690
63691
68007
68006
63681
63671
68005
63661
63651
68004
58042
58043
58052
56968
58064
58075
58092
58108
58109
58119
58135
58118
56969
58134
58151
58167
58177
56970
58188
58199
58200
58201
58217
58216
58215
58225
56971
58236
58237
58226
58227
57182
58238
58256
58255
57184
58270
58287
58298
58297
58286
58254
58253
58269
56972
58285
58296
58315
58314
58330
58348
58331
58349
58350
58351
58352
58353
58335
58319
58301
58300
58318
58334
58333
58332
58316
58317
58299
58288
58289
58272
58271
58257
58239
58240
58230
57181
58219
58205
58204
58203
57179
58218
58229
58228
58202
58191
58192
58181
58180
58169
57173
58168
58179
58190
58189
58178
58152
58153
58136
58120
58110
58121
58137
58138
58154
58155
58170
58171
58172
57175
58182
58193
58206
58207
58208
58209
58210
58211
58194
58183
58184
58195
58221
58220
58231
58232
58247
58246
58262
58261
58245
58244
58243
58242
58241
57183
58258
58259
58260
58276
58275
58274
58273
58290
58302
58320
58336
58354
58367
57189
58382
58366
58365
58381
58364
58363
58380
58379
58362
58361
58378
56973
58389
58390
58391
58403
58402
58414
58401
56974
58413
58426
56975
58438
56976
58451
58452
58439
58454
58456
58443
58430
58429
58428
58427
57194
58415
58416
58417
58418
58405
58404
57191
58392
58393
58394
58395
58383
58368
58369
58370
58371
58372
58373
58384
58396
58408
58421
58433
58446
58459
58475
58474
58473
58472
58471
58458
58445
58432
58420
58407
58406
58419
58431
58444
58457
58470
58469
58486
58487
58501
58515
58529
58543
58544
58558
58557
58556
58555
58554
58568
58582
58599
58598
58581
58567
58566
56983
58565
58579
58580
58597
58615
58614
58596
58613
56984
58643
56985
58657
56986
58671
56987
58685
58686
57202
58699
58700
58701
58715
58716
58702
58690
58691
58704
58703
58717
58718
58719
58705
58692
58678
58677
58663
58664
58650
58636
58620
58603
58602
58619
58635
58649
58662
58676
58675
58674
58689
58688
58687
58673
58672
58658
58644
58630
57201
58631
58632
58616
58617
58633
58646
58645
58659
58660
58661
58647
58648
58634
58618
58601
58600
58583
58569
58570
58571
58585
58586
58587
58588
58605
58604
58621
58622
58623
58606
58589
58573
58590
58607
58624
58625
58608
58609
58592
58591
58574
58575
58561
58547
58533
58532
58546
58560
58559
58545
58531
58517
57197
58518
58504
58490
58491
58477
57196
58478
58492
58507
58508
58522
58521
58520
58506
58505
58519
57198
58534
58548
58562
58563
58549
58535
58536
58550
62353
62354
58564
62355
58578
62356
62357
62358
58642
58629
58612
58595
58594
58577
58576
58593
57199
58610
58611
58627
57200
58626
58639
58653
58654
58640
58628
58641
58655
58656
62359
62360
58670
58669
58668
58682
58681
58667
58666
58652
58638
58637
58651
58665
58679
58680
58694
58693
58706
58707
58695
58696
58710
58697
58683
58684
62361
62362
58698
58711
62363
62364
58725
58724
58737
58723
58709
58708
58722
58736
58721
58720
58734
58735
58749
58748
58764
58763
58762
58761
57203
58747
58733
58732
58746
58745
58731
58730
58729
58714
58713
56988
58712
56989
58726
56990
58740
56991
58754
58755
58772
58771
58789
58801
56992
58817
56993
58831
56994
58845
58846
58847
58833
58834
58848
58849
58850
58836
58835
58820
58804
58803
58819
58832
58818
58802
58790
58791
58773
58757
58756
58742
58741
58727
58728
58743
58744
58758
58759
58760
58778
58779
57204
58780
58781
58782
58765
58766
58785
58798
58799
58786
58768
58767
58750
58751
58752
58738
58739
62365
62366
58753
58770
58769
58787
58788
58800
58816
62367
62368
58844
58830
58815
58814
58828
58829
58843
58857
58858
62369
62370
58875
58874
58873
58886
58901
58914
58915
58902
58887
58888
62371
62372
58903
58916
58933
58950
58932
58949
58948
58931
58930
58929
58912
58913
58900
57209
58885
58872
57208
58855
58856
58842
58841
58827
58813
58797
57205
58784
58783
58795
58796
58811
58812
58826
58825
58839
58840
58854
58853
58871
58884
58883
58870
58869
58852
58838
58824
58810
58809
58808
58807
57207
58806
57206
58794
58777
58776
58775
58774
58792
58793
58805
58821
58822
58823
58837
58851
58864
58863
58862
58861
58878
58860
58859
68029
64357
64340
64331
64330
62822
64314
64315
64299
64298
64288
64289
64271
64270
64254
64255
64239
64238
64221
64222
68028
64213
64196
68027
68026
64186
64177
68025
68024
64167
64157
68023
64147
64156
64166
64176
64185
64195
64212
64211
64220
64237
64253
64269
64287
62819
62821
64313
62820
64297
64296
64295
64284
64285
64286
64268
62817
62816
64236
64235
64219
64206
64207
64208
64209
64210
64194
64184
64193
64183
64174
64175
64165
64155
64154
64144
64133
64134
64124
64113
64114
64115
64126
64125
64135
62812
64146
64136
64137
68022
68021
64127
64116
68020
68019
64105
64104
64093
64094
64077
64076
62809
62808
64067
64068
64060
64059
62806
62805
64051
64052
64044
64036
64028
68018
64013
64012
64027
64035
64043
62804
64034
64042
64050
64058
64057
64049
64041
62803
64033
64026
62801
64010
63996
63988
63980
63979
63987
63995
64009
64008
64025
64024
64007
64006
64023
64022
64005
64004
64003
64020
64019
64018
64001
62800
63993
63994
63986
63978
63977
63985
63984
63992
63991
63983
63975
63958
62797
63949
62597
63948
62598
63957
62599
63974
62600
63982
62601
63990
62602
63998
64014
64029
62603
64037
62604
64045
62605
64053
64061
62606
64069
62607
64078
62608
64095
62609
64106
62610
64117
64118
62811
64128
64129
64119
64108
64109
64120
64130
64131
64121
64110
64111
64122
64132
64143
64142
64152
64151
64141
64140
64139
62611
64138
62612
64148
62613
64158
62614
64168
64169
62813
64178
64179
64180
64181
64191
62814
64201
64218
64227
64226
62815
64217
64216
64225
64215
64198
64199
64200
64190
64189
64188
62615
64187
62616
64197
62617
64214
62618
64223
64224
64241
64240
64256
64257
64258
64242
64243
64259
64260
64261
64262
64246
64247
64248
64265
64266
64250
64232
64233
64234
64252
64251
64267
64283
64282
64281
64280
64264
64263
64279
64278
64277
62818
64294
64304
64305
64306
64307
64323
64322
64321
64320
64335
64336
64345
64346
64347
64348
64349
64350
64351
64327
64326
64325
64324
64308
64309
64310
64311
64312
64329
64328
64337
64352
64353
64354
64365
64355
64338
64339
64356
64366
64367
68030
68031
64377
64386
64385
64376
62824
64375
64364
64374
64384
64393
64402
64418
64417
64432
64433
64434
64435
64436
64419
62827
62826
62825
64394
64403
64395
64404
64420
64437
68032
64447
64463
64480
64489
64499
64498
64488
62831
64478
64479
64462
64446
64445
64444
64460
64461
64477
64487
64476
64459
64458
64443
64431
64416
64415
64430
64429
64428
64414
64413
64412
64427
64426
64411
64401
64400
64391
64392
64383
64382
64381
64390
64399
64398
64397
64396
62625
64387
62624
64378
62623
64368
62622
64358
62621
64341
62620
64332
62619
64316
64300
64290
64291
64292
64274
64273
64272
73837
73838
70009
70008
69998
69999
69989
69980
69964
69947
69937
73836
69927
69915
73835
73834
69903
69902
69914
69913
69901
69900
69912
69925
69926
69936
69946
69963
69979
69988
69987
69997
70007
70006
70016
70017
70018
70019
73839
70036
70035
70052
70069
70077
70085
70084
68482
68483
70092
70093
70101
73840
70109
70125
70132
70139
70138
68491
68489
70131
70124
68487
70108
70100
70099
68485
70107
70123
70122
70121
70120
70119
70118
70117
70116
70115
70130
70137
70144
70158
70145
70146
70147
70148
70149
70150
70151
70159
68492
68493
70152
70153
70161
73841
70178
70160
68494
70175
70174
70173
70172
70171
70170
70169
70168
70167
70183
70182
70192
70191
70181
70180
68496
70163
70164
70165
70166
70157
70143
70136
70129
70128
70135
70142
70156
70155
70141
70134
68490
70127
68488
70112
70111
70110
70102
70094
70086
68276
70078
68275
70070
70053
68274
70037
70020
68273
70010
68272
70000
68271
69990
68270
69981
68269
69965
69948
68268
69938
68267
69928
68266
69916
69904
68265
69905
69893
68468
69882
69881
68264
69869
68263
69857
68262
69840
68261
69841
69828
68466
69813
69814
69797
68465
69815
69798
68464
69781
69765
69764
68461
69780
68463
69796
69812
69811
68260
69795
69779
75346
74312
75330
75331
75332
78947
78946
75317
75316
75301
75302
78945
75287
75272
75258
75257
75256
75255
75242
75243
75244
75245
75229
75216
78944
75204
74303
75203
75202
75187
75188
75167
75166
75155
75154
74300
75138
75139
75128
75127
75116
75115
75126
75137
75153
75152
75151
75150
75149
75148
75147
75163
75146
75162
75161
75145
75143
75142
75159
75170
75181
75182
75193
75207
75208
75194
75195
75209
75210
75223
75236
74308
75251
75265
75264
75263
75277
75278
75279
75294
75309
75324
75339
75353
75352
75367
75368
75383
75398
75412
75428
75427
75411
75410
75426
75441
75442
75443
75444
75460
75476
75491
75507
75505
75489
75474
75473
75488
75504
75520
75519
75518
75502
75503
75487
75472
75486
75471
75455
75454
75438
75423
75422
74067
75437
74068
75453
74069
75469
75470
74318
75485
75501
74070
75500
75516
74071
75533
75534
75517
75535
75550
75563
75576
75577
75564
75551
75536
75537
75552
75565
75578
75579
75566
75553
75538
75521
75539
75540
74320
75554
75567
74322
75580
75581
75582
75583
75599
75600
75614
75628
75642
75629
75615
75601
75586
75570
75557
75543
75544
75558
75559
75572
75571
75587
75588
75589
75573
75560
74321
75547
78957
78958
75590
78959
74323
74324
74325
75646
75632
75618
75604
75603
75602
75616
75617
75631
75630
75644
75643
75658
75657
75656
75670
75683
75695
75694
75682
75669
75655
75641
75627
75613
75626
75654
75653
74326
75640
75639
75625
75610
75611
75612
75598
75597
75596
75595
75609
75623
75624
75638
75637
75651
75652
75668
75681
75693
75692
75704
75705
75716
75727
75726
75715
75714
75713
75724
75725
75738
75739
75751
75763
75775
75774
75773
75787
75799
75800
75788
75789
75801
75813
75814
75830
75847
75876
75877
75895
74334
75894
75893
75875
75874
75860
75859
75846
75829
75812
75811
75810
75798
75786
74331
75772
75771
75759
75760
75761
75762
75750
75749
75737
75736
75748
75747
75735
75723
75712
75701
75702
75703
75691
75679
75680
75667
75666
75665
75678
75690
75689
75677
75664
75648
75634
75620
75621
75635
75649
75650
75636
75622
75608
75594
75593
75607
75606
75592
75575
75562
75549
75548
74072
75561
74073
75574
74074
75591
74075
75605
74076
75619
74077
75633
75647
74078
75663
74079
75676
74080
75688
74081
75700
74082
75711
74083
75722
74084
75734
74085
75746
74086
75758
75770
75785
74087
75796
75797
75809
75808
75825
74088
75842
74089
75855
75869
75856
75870
75888
75887
75905
75919
75935
75920
75906
75907
75921
75937
75936
74339
74090
75947
75964
75975
75986
75998
76011
76010
74091
76027
74092
76038
74093
76049
76060
74094
76071
74095
76088
74096
76105
74097
76122
74350
76106
76089
74349
74348
76072
76061
74347
76050
76051
76040
76039
76028
76012
75999
74345
75987
74344
75976
74342
75965
74340
75948
75949
75938
75922
75908
75890
75889
75871
75872
75857
75844
75843
75826
75827
75828
75845
75858
75873
75891
75909
75892
75910
74335
75923
75939
75950
75966
75977
75988
75989
75978
75967
75968
75979
75990
76002
76001
76000
76013
76014
76015
76016
76017
76018
76019
76003
75991
75980
75969
75956
75955
75954
75953
75952
75951
74337
74336
75924
75925
75926
75940
75957
75958
74341
74343
75981
75993
75992
76004
76021
76020
76032
76043
76054
76065
76080
76081
76082
76099
76116
76117
76118
76119
76130
76141
76152
76140
76129
76128
76139
76150
76151
76163
76164
76165
76153
76154
76166
78980
78981
76178
76190
78982
78983
76202
76201
76213
76214
78984
78985
76226
76225
76238
76250
76261
76260
76272
76273
76284
76283
76282
76281
76270
76271
76259
76258
76246
76234
76222
76210
76211
76223
76235
76247
76248
76249
76237
76236
76224
76212
76200
76199
76198
76186
76187
76188
76189
76177
76176
76175
76174
76162
76149
76138
76127
76114
76115
76098
76097
76079
76096
76113
76112
76111
76094
76095
76078
76077
76076
76093
76110
76092
76109
76126
76137
74352
76161
76173
76185
76197
76209
76221
76233
76245
76257
76269
76280
76294
76293
76311
76327
76326
76310
76292
76291
76309
76325
76324
76323
76307
76308
76290
76289
76279
76278
76277
76266
76267
76268
76255
76256
76244
76232
76220
76208
76196
76195
76207
76219
76231
76243
76242
76254
76265
76264
76252
76253
76241
76240
76228
76229
76230
76218
76217
76216
76204
76205
76206
76194
76193
76192
76180
76181
76182
76183
76184
76172
76160
76159
76171
76170
76169
76168
76156
76157
76158
76148
76136
76125
76108
76091
76074
76075
76064
76053
76042
76031
76030
76029
76041
76052
76063
76062
76073
76090
76107
76124
76123
74351
76134
76135
76147
76146
76145
76133
76144
74098
76155
74099
76167
74100
76179
74101
76191
74102
76203
74103
76215
74104
76227
74105
76239
74106
76251
74107
76263
74108
76274
74109
76285
76286
76275
76276
74354
76304
76305
76287
76288
76306
76322
76321
76320
76319
76303
76302
76318
76336
74110
76354
76355
76337
76338
76339
76340
76356
76368
76369
76357
76358
76341
76342
76343
76344
76345
76346
76359
76375
76374
76373
76372
76371
76370
76384
76394
76405
76404
76393
76383
76382
76392
76403
76415
76414
76391
76381
76367
76366
76365
74111
76380
74112
76390
74113
76401
76402
76413
76412
76429
76430
76431
76448
76465
76466
76450
76449
76432
76433
76416
76417
76418
76434
76451
76467
76477
76487
76486
76476
76475
76485
76495
76496
76497
76507
76517
76516
76506
76505
76515
76525
76535
76545
76536
76526
76527
76537
76546
74363
76566
76576
76587
76588
76589
76590
76591
76604
76620
76637
76619
76618
76636
76635
76617
76616
76615
76603
74365
76586
76585
76584
76574
76575
76565
76556
76555
76544
74362
76543
76534
76524
76514
76504
76494
76484
76474
76464
76447
76446
74114
76463
74115
76473
74116
76483
74117
76493
74118
76503
74119
76513
74120
76523
74121
76533
82760
80967
79543
79542
80950
80941
80940
80949
80948
80957
80964
79545
80956
80947
80938
80939
80932
79541
79540
80916
80900
79538
79537
80892
80884
82759
82758
80876
80869
80868
80867
80875
80883
80882
80874
80866
80865
80864
80850
80849
80848
80847
80846
80845
80844
80858
80859
80860
80861
80862
80863
80873
80881
80890
80889
80897
80898
80891
80899
80915
80914
80931
80930
80913
80912
80929
80928
80911
80910
80927
80926
80925
80909
80908
80907
80924
80923
80906
80905
80922
80937
80921
80904
80896
80895
79539
80903
80920
80936
80945
80946
80955
80954
80953
80962
80963
80971
80978
80985
80986
80993
80994
81009
81019
81020
81021
81022
81023
81024
81025
81026
81027
81036
81044
81045
81046
81038
81037
81028
81011
81012
81004
81003
80987
79548
80979
80980
80988
80989
80981
80973
80972
80965
80958
80959
80966
80974
80975
82761
80982
80990
81006
81005
81013
81030
79551
81014
82762
81031
81039
82763
81047
81064
81063
81080
81079
81078
81077
81095
81096
81097
81106
81116
81115
81105
81104
81114
81125
81126
81127
81144
81160
81176
81175
81174
81158
81142
81141
81157
81156
81172
81173
81189
81188
81205
81204
81222
81221
81220
81202
81185
81184
81183
79561
79560
81150
79558
79556
81123
81112
81102
81086
81087
81088
81089
81071
81072
81090
81091
81073
81056
81055
81054
81053
81070
81069
79553
81051
81052
81043
81035
81018
81034
81042
79552
81050
81068
81085
81101
81111
81122
81121
81110
81100
81084
81067
81049
81041
81033
79550
81016
81017
81008
80992
79549
80984
80977
79546
80970
80969
80961
80960
79278
80968
80976
80983
79279
80991
79280
81007
79281
81015
79282
81032
79283
81040
79284
81048
79285
81065
81066
81083
81082
79286
81098
79287
81108
79288
81119
79289
81130
81131
81132
79557
81148
81149
79559
81165
81181
81182
81198
81199
81217
81234
81248
81265
81264
81247
79565
81246
81232
81233
81216
81215
81214
81231
81230
79564
81245
79292
81261
79293
81270
79294
81286
79295
81292
79296
81298
79297
81304
79298
81310
79299
81316
79300
81322
79301
81328
79302
81334
79303
81340
79304
81346
79305
81352
79306
81358
79307
81364
79308
81370
79309
81375
79310
81381
79311
81387
79312
81393
81394
81388
81382
81376
81371
81365
81359
81353
81347
81341
81335
81329
81323
81317
81311
81305
81299
81293
81287
81271
81262
81263
79567
81272
81273
81274
81275
81276
81277
81278
81279
81280
81281
81282
81283
81290
81296
81302
81308
81314
81320
81326
81332
81338
81344
81350
81356
81362
81368
81374
81379
81385
81391
81397
81410
81411
81427
81443
81460
81459
81458
81457
81456
81455
81438
81437
81454
81453
81452
81435
81436
81420
81421
81422
81423
81439
81440
81424
81425
81441
81442
81426
81409
81408
81407
81406
81405
81404
81403
81402
81419
81418
81401
81396
81390
81384
81378
81373
81367
81361
81355
81349
81343
81337
81331
81325
81319
81313
81307
81301
81295
81289
81288
81294
81300
81306
81312
81318
81324
81330
81336
81342
81348
81354
81360
81366
81372
81377
81383
81389
81395
79576
79575
79577
81416
79578
79579
81449
81467
81450
81433
81417
81434
81451
79580
81468
81477
81487
81497
81496
81505
81504
81495
81486
81476
81475
81485
81484
81483
81473
81474
81466
81465
81448
81432
81415
81400
81399
79313
81414
79314
81431
79315
81447
81464
79316
81472
79317
81482
79318
81492
81493
81494
81503
81502
81518
81501
79319
81517
81524
81525
81541
81558
81540
79320
81557
79321
81564
79322
81571
81572
81565
81566
81573
81567
81560
81559
81542
81526
81519
81520
81527
81543
81544
81561
81568
81575
81574
81581
81580
81579
79323
81578
79324
81585
79325
81593
79326
79327
81626
81610
81594
81586
81587
81595
81611
81627
81628
81612
81596
81588
81582
81589
79587
81597
81598
81599
81615
81600
81616
81633
81632
81631
81614
81613
81630
81629
81646
81645
79588
81644
81652
81651
81643
81650
79328
81666
79329
81673
79330
81680
81687
81703
79331
81709
81715
81732
81738
79332
81743
81739
81733
81734
79601
81717
81716
81710
81705
81704
81688
81689
81681
81682
81690
81706
81711
81718
81719
79599
81720
81721
81722
81723
81724
81725
81726
81727
81728
81729
81735
79602
81740
79603
81744
81745
81746
81742
81741
81737
81736
79600
81730
81713
81712
79597
81707
81701
79594
81685
81678
79592
79593
79595
81708
81714
79598
81731
82787
82786
81702
81686
81679
79591
79590
82785
81649
81648
79589
81665
81672
81671
81670
81677
81684
81700
81699
81698
81697
81696
81695
81694
81693
79596
81692
81691
81683
81676
81669
81675
81674
81667
81668
81653
81654
81655
81656
81657
81658
81659
81660
81661
81662
81663
81664
81647
81639
81638
81621
81605
81604
81603
81602
81618
81619
81620
81637
81636
81635
81634
81617
81601
81551
81552
81553
81536
81535
81534
81533
81550
81549
81532
81531
81548
81547
81530
81529
81546
81545
81528
81521
81522
81506
81507
81508
81509
81510
81511
81512
81513
81514
81523
81537
81538
81539
81556
81555
81554
81562
81569
81576
81583
81590
81606
81622
81623
81607
81608
81624
81640
81641
81642
81625
81609
82784
81592
81591
79586
81584
81577
79585
79584
81570
81563
82783
82782
82781
82780
79583
81500
81499
81489
79582
81516
81515
81498
81488
81478
81469
81479
81480
81490
81491
82779
82778
81481
81471
81463
81462
81470
79581
81461
81444
81428
81429
81445
81446
81430
81413
81412
81398
81392
81386
79571
81380
79572
79573
79574
77026
74152
77038
77039
77040
77041
77042
77054
77053
77069
77081
77080
77092
77079
77067
77068
77052
77051
77050
77066
77078
74153
77091
77104
77116
74154
77130
74155
77145
74156
77159
74157
77173
74158
77187
74159
77201
74160
77214
74161
77228
74162
77242
77243
77229
77230
77244
77258
77257
77256
77273
77274
77275
77276
77292
77277
77278
77261
77260
77259
77245
77246
77247
77233
77219
77206
77205
77218
77232
77231
77217
77204
77190
77191
77192
77193
77179
77178
77164
77163
77177
77176
77189
77203
77216
77215
77202
77188
77174
77175
77161
77162
77149
77150
77165
77151
77136
77135
77134
77120
77119
77133
77148
77147
77160
77146
77132
77131
77117
77118
77105
74385
77093
77094
77106
77107
77095
77082
77083
77121
74387
77108
77096
74383
77059
77058
77057
77056
77070
74381
77055
77043
77031
77020
77007
76991
76979
76962
76963
76964
76965
76966
76967
76996
76997
76998
76999
76981
76980
74377
76968
76969
76952
76951
76940
76929
76918
76907
76896
76885
76874
76875
76886
76897
76898
76899
76910
76909
76908
76919
76920
76931
76930
76941
76942
76953
76970
76971
76954
76943
76944
76955
76972
76983
76982
77000
77001
77013
77012
77011
77023
77024
77036
77035
77047
77046
77045
77033
77034
77022
74379
77010
77009
77008
74378
76995
76994
76993
76992
77021
77032
77044
74380
77060
77072
77073
77061
77062
77074
77087
77086
77085
74384
74382
77071
77084
77097
77109
77122
77123
77110
77098
74386
77111
77099
77100
77101
77088
77089
77102
77113
77112
77126
77127
77142
77141
77155
77156
77170
77169
77183
77184
77185
77171
77172
79037
77158
77157
77143
77144
79036
79035
77129
77128
77114
77115
77103
79034
77090
77077
77065
77076
77075
77063
77064
77048
77049
79033
79032
77037
77025
77014
76984
76973
79031
79030
79029
79028
76922
76933
76932
76921
76911
76900
76889
76888
76887
76876
76865
76864
76863
76852
76841
76840
76839
76838
76837
76851
76862
76873
76884
76895
76906
76917
76928
76939
76950
76961
76960
76949
76938
76927
76916
76915
76926
76937
76948
76947
76936
76925
76914
76903
76902
76913
76924
76935
76946
76957
76958
76959
76977
76978
76990
76989
77006
77005
77004
76988
76987
76976
76975
76986
77003
77016
77017
77018
77019
77030
77029
77028
77027
74151
77015
74150
77002
74149
76985
76974
74148
76956
76945
74147
76934
74146
76923
74145
76912
74144
76901
74143
76890
74142
76879
74141
76868
74140
76857
74139
76846
74138
76830
76819
74137
76808
74136
76797
74135
76786
74134
76775
76776
76767
76766
76749
74133
76750
76751
76741
76731
76732
76733
76743
74372
76742
76752
76768
76769
76779
76790
76789
76778
76777
76788
76787
76798
76799
76810
76809
76820
76831
76847
76858
76869
76870
76881
76880
76891
76892
76882
76893
76904
76905
76894
76883
76872
76871
76859
76848
76849
76860
76861
76850
76834
76833
76832
76821
76822
76811
76800
76801
76812
76823
76835
76836
76824
76813
76802
76791
74374
76780
74373
76753
76754
76755
76756
76757
76758
76759
76760
76761
76744
76745
76746
76736
76735
76725
76715
76705
76696
76697
76706
76707
76717
76727
76728
79013
79012
76718
76708
79011
79010
76698
74371
76681
79009
79008
76673
76665
79007
79006
76657
76649
79005
74368
76627
76626
76640
76639
76638
76623
76622
74367
76621
76592
76577
76567
76557
76547
76538
76528
76518
76508
76498
76488
76478
76468
76457
76456
76455
76454
76437
76453
76452
76435
76436
76419
76420
76421
76438
76439
76440
76423
76422
76406
76395
76385
76376
76377
76386
76387
76396
76407
76408
76397
76398
76388
76378
74357
76362
76361
76360
76347
76348
76330
76329
76328
76312
76313
76295
76296
76297
74355
76298
76314
76315
76299
76300
76316
76334
76333
76332
76331
76349
76350
76351
76363
76379
76389
76399
76410
76427
76428
76445
76462
76461
76460
76443
76444
76426
76409
76425
76424
76441
76458
76442
76459
76470
76469
76479
76489
76499
76500
76490
76480
76481
76471
76472
76482
76492
76491
76501
76502
76512
76522
76521
76511
76510
76509
76519
76520
76530
76529
76539
76540
76549
76548
76558
76559
76569
76568
76578
76593
74366
76605
76594
76579
76580
76570
76560
76550
76541
76531
76532
76542
76551
76561
76571
76581
76596
76595
76606
76624
76625
76607
76608
76597
76609
76598
79004
79003
79002
79001
79000
78999
78998
78997
78996
74361
74360
74359
78995
78994
78993
78992
76411
76400
78991
74358
78990
76364
74356
76352
76353
76335
76317
76301
78989
74353
76262
78988
78987
78986
70580
70566
68529
70550
70549
68288
70535
68287
70518
68286
68527
70519
70506
70507
70508
70492
70491
70490
70475
70476
70477
70461
70460
70459
70444
70428
70427
70443
70458
68522
70442
70426
70410
70411
70412
70413
70414
70399
70398
70397
70396
70395
70394
70409
70425
68282
70441
68283
70457
68284
70474
70489
68285
70505
78979
78978
78977
76132
76143
76142
76131
76120
76121
76104
76103
76086
76087
76070
78976
76059
78975
78974
76048
76037
78973
78972
78971
78970
75997
75996
76008
76009
76026
76025
76036
76035
76046
76057
76047
76058
76069
76068
76067
76084
76085
76102
76101
76100
76083
76066
76056
76055
76044
76045
76034
76033
76022
74346
76005
76006
76023
76024
76007
75995
75994
75982
75983
75984
75985
75974
75963
75962
75973
75972
75961
75960
75971
75970
75959
75942
75941
74338
75928
75927
75911
75897
75896
75878
75879
75880
75863
75864
75865
75883
75884
75866
75852
75853
75867
75885
75903
75932
75914
75915
75916
75902
75901
75882
75881
75900
75899
75898
75912
75913
75929
75930
75931
75943
75944
75945
75946
75934
75933
75917
75918
78969
75904
75886
75868
78968
75854
75841
75840
75839
75822
75823
75824
75807
74332
75795
78967
78966
75784
75769
75768
75756
75755
75743
75744
75732
75721
75720
75731
75730
75742
75754
75766
75767
75782
75783
75794
75793
75805
75806
75821
75838
75851
75850
75837
74333
75836
75819
75820
75804
75792
75781
74330
75791
75803
75818
75835
75849
75862
75861
75848
75834
75833
75832
75831
75815
75816
75817
75802
75790
75780
75779
75778
75777
75776
75752
75764
75765
75753
75741
75740
75729
75728
75717
75706
75707
75718
75719
75708
75696
75697
75709
75710
75698
75686
75685
75684
75671
75672
75659
75645
75660
75673
74327
75674
75661
75662
78960
75675
75687
78961
75699
74328
74329
78962
75733
78963
75745
75757
78964
78965
70126
70133
70140
68277
70154
70162
70179
68278
70188
70189
70190
70206
70205
70204
70220
70233
68279
70250
70262
70277
70278
70279
70294
70293
70309
70310
70325
70324
70323
70292
68280
70308
68281
70322
70336
70349
70364
70379
70380
70365
70350
70337
70338
70339
70351
70352
70368
70367
70366
70381
70382
70383
70384
70369
70354
70353
70340
70326
70341
70327
70328
68511
68513
70355
70371
70370
70386
70385
70400
70401
70416
70415
70431
70430
68520
70429
70445
70446
70462
70478
70494
68524
70493
70509
70510
70523
70541
70555
70540
70522
70521
70520
70539
70553
70554
70570
70585
70602
70603
70586
70571
70572
70557
70556
68528
70524
70525
70526
70527
70542
70528
70529
70543
70560
70559
70558
70590
70589
70588
70587
70604
70618
70617
70616
70629
70628
70627
70613
70612
70599
70600
70614
70615
70601
70584
70569
70583
70568
70552
70538
70537
70536
70551
70567
70582
70581
70598
68289
70597
68290
70611
68291
70625
70626
68531
70639
70640
70641
70642
70643
70630
70631
70632
70645
70644
70658
70659
70673
70672
70671
70657
70656
70655
70654
70653
68292
70652
68293
70666
68294
70680
68295
70694
70708
70724
70725
70726
70744
70745
70727
70728
70746
70763
70762
70780
70781
70782
70796
68536
70783
68535
70766
70749
70731
70714
70701
70700
70713
70730
70748
70765
70764
70747
70729
70712
70699
70698
70711
70710
70709
68532
70696
70695
70681
70667
70668
70682
70697
70683
70669
70670
70684
70685
70686
70687
68533
70715
70716
70734
70733
70732
70750
70767
70784
70768
70751
70752
70735
70717
70702
70703
70704
70719
70720
70738
70737
70718
70736
70754
70753
70769
70770
70785
70800
70799
70798
70797
68537
70814
70829
70828
70844
70859
70874
70873
70858
70843
70842
70827
70813
70812
70826
70825
70824
70823
70809
70810
70811
70795
70794
70793
70778
70779
70761
68534
70743
70742
68296
70760
70777
70791
70792
70808
70822
70837
70807
68297
70821
68298
70836
68299
70851
70852
70868
70867
68300
70866
68301
70881
68302
70898
68303
70911
70912
70913
70900
70899
70882
70883
70884
70901
70914
70915
70902
70885
68538
70871
70856
70855
70870
70869
70854
70853
70838
70839
70840
70841
70857
70872
70886
70903
70916
68540
70930
70931
70917
70904
70887
70888
70889
70905
70918
70932
68541
70946
68543
70960
68545
70974
68546
70975
70976
70961
70947
70933
70919
70920
70934
70935
70921
70908
70893
70892
70907
70906
70890
70891
70875
70860
70845
70846
70861
70876
70877
70862
70847
70832
70833
70848
70863
70878
70894
70895
68539
70909
70922
70923
70924
70910
73863
73864
70938
70952
68542
68544
70966
70981
73865
68547
70998
71014
71031
73866
73867
71048
71064
71080
68554
71063
71062
71079
71078
71061
71045
71046
71047
71030
71013
71029
71012
70997
70980
70965
70951
70937
70936
70950
70949
70948
70962
70963
70964
70979
70996
71011
71028
71027
71010
71009
70994
70995
70978
70977
70993
71008
68549
70992
70991
71007
71023
71024
71025
71026
71044
71060
71077
71093
71111
71112
71094
71095
71096
71097
71098
71116
71115
68555
71130
68557
71143
71158
71174
71190
71189
71173
71157
71156
71155
71170
71186
71202
71187
71171
71172
71188
71203
68564
71204
71219
71218
71217
71216
71232
71247
71246
71231
71215
71201
71200
71185
71184
68562
71167
71152
71168
71169
71154
71153
71138
71139
71140
71141
71142
71129
71114
71113
71128
71127
71126
71125
71110
71109
71091
71092
71075
68553
71058
71076
71059
71043
71042
71041
71057
68552
71040
71039
68551
71022
68550
71006
68548
70990
70989
70973
70988
71005
71021
71020
71004
70987
70972
70957
70958
70959
70945
70944
70943
70929
70928
70942
70941
70927
70926
70925
70939
70940
70954
70953
70967
70968
70969
70955
70956
70970
70971
70986
70985
70984
70983
70982
70999
71000
71017
71001
71002
71003
71019
71018
71034
71033
71016
71015
71032
71049
71065
71081
71066
71050
71051
71067
71068
71084
71085
71086
71104
71105
71087
71071
71054
71070
71069
71053
71052
71035
71036
71037
71038
71055
71056
71072
71088
71089
71073
71074
71090
71108
71107
71106
71124
68556
71137
68558
71150
68559
71151
68561
68560
71166
71183
71197
68563
71182
71181
71180
71164
71165
71149
71148
71147
71146
71133
71132
71118
71101
71119
71120
71134
71135
71136
71123
71122
71121
71103
71102
71083
71082
71100
71099
68304
71117
71131
71144
71145
71160
71159
71175
71191
71205
71220
71236
71237
71221
71206
71192
71176
71177
71161
71162
71163
71179
71178
71195
71209
71208
71194
71193
71207
71222
71223
71224
71240
71255
71271
71272
71273
71274
71275
71257
71256
71241
71242
71226
71225
71210
71196
68565
71211
68567
71227
71243
68568
71258
71259
71260
71244
71228
71212
68566
71198
71199
71213
71214
71230
71229
68569
71245
68570
71261
68571
71278
71277
71276
68572
71292
71293
71294
68573
71310
71329
71311
71295
71296
71297
71282
71281
71280
71279
71262
71263
71264
71265
71249
71248
71233
71234
71235
71250
71266
73868
73869
71283
71299
71298
71314
71313
71312
71330
71346
71345
71344
71328
71327
71326
71309
71308
71325
71324
71307
71306
71291
71290
71289
71304
71305
71322
71321
71320
71303
71288
71287
71286
71285
71268
71269
71270
71254
71239
71238
71253
71252
71251
71267
71284
71300
71316
71317
71334
71333
71349
71365
71379
71394
68305
71410
68306
71425
68307
71440
68308
71455
68309
71470
68310
71485
68311
71500
68312
71515
68313
71530
68314
71545
68315
71560
71575
71591
71592
71610
71609
68316
71625
68317
71642
71659
71676
68318
71692
68319
71709
68320
71726
71740
68321
71755
71756
71771
71770
71784
68322
71797
71811
71812
71798
71785
71799
71813
71814
71830
71831
71832
71816
71815
71800
71801
71802
71788
71774
71773
71787
71786
68593
71772
68592
71758
71743
71744
71759
71760
71745
71731
71730
71712
71711
71695
71679
71680
71681
71697
71696
71713
71714
71715
71732
71733
71747
71746
71761
71775
71789
71803
68595
71817
68596
68597
71845
71844
71857
71871
71870
71856
71843
71842
71829
71828
71841
71854
71855
71869
71885
71901
71900
71899
68324
71883
71884
71868
71867
71853
68323
71840
71827
79038
77186
79039
77200
77213
77227
77226
77225
77224
77210
77211
77212
77199
77198
77197
77196
77209
74389
77195
77182
77181
77167
77168
77154
77140
77125
77124
77139
77153
74388
77138
77137
77152
77166
77180
77194
77208
77221
74390
77222
77223
77237
74391
77251
77268
77267
77282
77266
77281
77280
74394
74393
77263
77264
77265
74392
77249
77250
77236
77235
77207
77220
77234
77248
77262
77279
77294
77295
77296
77297
77315
74395
77316
77298
77299
77317
77333
77334
77318
77300
77283
77284
77269
77252
77238
77239
77240
77241
79040
77255
77254
77253
77270
77271
77272
79041
77287
77286
77285
77303
77302
77301
77319
77320
77321
77322
77304
77305
77323
77339
77338
77337
77352
77336
77335
77351
77350
77349
77365
77366
74396
77381
77396
77411
77425
77439
74400
77440
74402
77441
77426
74398
77412
77397
74397
77398
77383
77382
77367
77368
77369
77353
77354
77355
79042
79043
77371
77386
79044
77401
77415
77414
77400
77385
77370
77384
77399
77413
77427
77428
77429
77444
77460
77473
77487
79045
79046
77501
77500
77486
77472
77459
77443
77442
77458
77471
77485
77499
77513
77512
77498
77484
77470
74404
77457
74401
77456
77469
77468
77455
77454
77453
74399
77424
77410
77395
77380
77364
77348
77332
77314
77331
77313
77312
77293
77311
77329
77345
77361
77362
77346
77330
77347
77363
77379
77394
77409
77408
77422
77423
77438
77437
77452
77436
77407
77420
77421
77435
77450
77451
74403
77466
77467
77481
77495
77509
77523
77537
77551
77565
77578
77564
77550
77536
77535
77521
77522
77508
77507
77506
77520
77519
77505
77504
77489
77490
77491
77492
77493
77494
77480
77479
77465
77478
77477
77476
77475
77462
77463
77464
77448
77449
77434
77433
77419
77405
77406
77391
77392
77393
77378
77377
77376
77360
77344
77343
77359
77358
77374
77375
77390
77389
77404
77403
77388
77373
77357
77341
77325
77326
77342
77327
77328
77310
77309
77291
77290
77308
77307
77289
77288
77306
77324
74163
77340
74164
77356
74165
77372
74166
77387
74167
77402
74168
77416
77417
77418
77432
77447
77446
77431
77430
77445
77461
74169
77474
74170
77488
74171
77502
77503
74172
77516
74173
77530
74174
77544
74175
77558
77572
77573
77559
77560
77587
77604
77618
77633
77632
77645
77631
77617
77603
77586
77585
74176
77602
74177
77616
74178
77630
74179
77644
74180
77658
77659
74181
77672
74182
77686
74183
77700
77701
77687
77673
77674
77688
77702
77716
77715
74184
77714
74185
77728
74186
77742
74187
77756
77757
77743
77729
77730
77731
77717
77703
77689
77675
77660
77646
77647
77661
77662
77676
77690
77704
77718
77719
77705
77691
77677
77663
77649
77650
77636
77635
77648
77634
77620
77619
77605
77588
77575
77574
74405
77561
77547
77546
77545
77531
77517
77518
77532
77533
77534
77548
77562
77549
77563
77576
77577
77591
77590
77589
77606
77607
77621
77622
77608
77609
77592
77593
77594
77595
77596
77597
77580
77579
77566
77567
77553
77552
77538
77524
77510
77496
77482
77483
77497
77511
77525
77539
77526
77540
77541
77527
77542
77528
77514
77515
79047
79048
77529
77543
79049
79050
77557
77571
79051
79052
79053
77601
74406
77584
77583
77570
77556
77555
77554
77568
77569
77582
77581
77600
77599
77598
77611
77610
77623
77637
77651
77664
77665
77679
77693
77678
77692
77706
77707
77721
77720
77734
77733
77732
77746
77747
77748
77735
77749
74407
77763
77781
77799
77800
77801
77802
77814
77815
77830
77848
77847
77829
77828
77827
77845
77844
77826
77825
77824
77813
77797
77798
77780
77779
77796
77778
77762
77761
77760
77777
77794
77795
77811
77822
77812
77823
77841
77840
77839
77821
77810
77809
77793
77775
77776
77759
77745
77744
77758
77774
77792
77808
77820
77837
77838
77855
77866
77867
77856
77857
77858
77842
77843
77870
77871
77872
77873
77846
77859
77860
74411
77874
77885
77884
77883
77882
77881
74413
77869
77868
77880
77879
77894
77878
77865
77877
77876
77863
77864
77854
77853
74189
77836
77819
77807
74188
77791
77773
82804
82803
81818
81821
81820
81817
81814
81815
82802
82801
82800
82799
81806
81809
81812
81811
81808
81805
81802
81803
82798
82797
82796
81797
81800
81799
81796
81793
81790
81787
79606
81784
81780
81781
81785
81786
81788
81791
81794
82795
82794
82793
82792
81782
81778
81777
81760
81761
82791
82790
81758
81757
81753
81754
82789
82788
81750
81749
81748
81752
81756
81759
81776
81775
81774
81773
81772
81771
81770
81769
81768
81767
81766
81765
81764
81763
81762
79336
79604
81755
79335
81751
79334
81747
79333
85796
83360
83359
83358
85082
85081
85062
85058
85059
85063
85795
85794
85055
85054
85035
85036
85017
85793
85792
85011
85016
85010
85009
85015
85034
85033
85032
85031
85030
85029
85028
85047
85048
85049
85050
85051
85052
85053
85057
85061
85080
85079
85078
85077
85076
85075
85074
85073
85072
85071
85070
85069
85068
85067
85066
85065
85060
85056
85037
85038
85039
85040
85041
85042
85043
85044
85045
85046
85027
85026
85025
85024
85023
85022
85021
85020
83357
85014
85019
85013
85007
85008
85003
83355
84999
83353
84981
84982
84983
84984
84985
84986
84987
84988
84989
84990
84991
84992
84993
84994
84995
85000
85004
83356
85005
85001
83354
84996
84997
84979
85791
85790
84975
84971
85789
85788
84967
84963
85787
84959
84958
84962
84966
84970
84974
84978
84977
84973
84969
84965
84961
84957
84956
84955
84954
84953
84952
84951
84950
84949
84948
84947
84946
84945
84944
84943
84942
83352
84938
84934
84930
84926
84921
84916
84897
83347
84878
84879
84880
84881
84898
84899
84900
84901
84902
84903
84885
84884
84883
84882
84862
84863
84844
84864
84865
84866
84847
84848
84849
84868
84867
84887
84886
84904
84905
84888
84906
84907
84908
84909
84891
84871
84870
84890
84889
84869
84850
84851
84832
84831
84830
84829
84828
84827
84846
84845
84826
84825
84824
84843
84823
84822
84842
84861
84860
84841
84840
84859
83345
83344
84821
83343
84817
84814
84811
84808
84805
84786
84767
84748
84744
83338
83339
84787
84788
84789
84770
84769
84750
84768
84749
83337
84745
84741
84740
84737
84733
84736
84732
84713
84710
84707
84704
84701
84698
84695
84692
84693
84696
84699
84702
84705
84708
84711
84714
84715
84716
84717
84718
84719
84720
84721
84722
84723
84724
84725
84726
84727
84728
84729
84730
84760
84759
84779
84778
84777
84758
84757
84756
84776
84775
84774
84755
84754
84773
84772
84753
84752
84751
84771
84790
84791
84792
84793
84794
84795
84796
84797
84798
84833
84852
84853
84834
84835
84854
84874
84873
84872
84892
84910
84911
84893
84912
84917
84922
84927
84931
84935
84939
83351
84940
84936
83350
83349
84932
84928
83348
84923
84924
85786
85785
84919
84918
84913
84914
85784
84895
84894
83346
84875
84876
84857
84856
84855
84836
84837
84838
85783
84819
84818
83342
84815
84812
83341
83340
84809
84806
85782
84803
84802
84801
84800
84799
84780
84761
84762
84781
84782
84763
84764
84783
84784
84765
84746
85781
84742
85780
85779
84738
84734
85778
85777
85776
85775
85774
85773
85772
85771
85770
85769
83336
84684
83335
83334
84680
84676
83333
84671
84672
84666
84667
85768
85767
83331
84661
84660
84659
84665
83332
84664
84670
84675
84679
84683
84687
84690
84689
84686
84682
84678
84674
84669
84663
84657
84658
84653
83330
84649
84645
84641
84637
84618
83327
84614
84610
84606
84602
84598
84594
84590
84591
84595
84599
84603
84607
84611
84615
84619
84620
84621
84622
84623
84624
84625
84626
84627
84628
84629
84630
84631
84632
84633
84634
84638
84642
84646
83328
84650
84654
84655
84651
83329
84647
84643
85766
85765
84639
84635
83326
84616
84612
84608
84604
83325
83324
85764
83323
83322
84600
84596
84592
84587
84582
84577
84578
84583
84588
83321
85763
85762
85761
84573
84572
83320
84567
84568
84569
85760
85759
84559
84540
85758
84536
84533
84532
83316
83317
84535
84538
84539
84558
84564
84563
84562
84557
84556
84555
84554
84553
84552
84551
84550
84549
84548
84547
84546
84545
84544
84543
83319
84576
84581
84586
84585
84580
84575
84571
84570
83059
84574
83060
84579
83061
84584
83062
84589
83063
84593
83064
84597
83065
84601
83066
84605
83067
84609
83068
84613
83069
84617
83070
84636
83071
84640
83072
84644
83073
84648
84652
83074
84656
83075
84662
83076
84668
83077
84673
83078
84677
83079
84681
83080
84685
83081
84688
83082
84691
83083
84694
83084
84697
83085
84700
83086
84703
83087
84706
83088
84709
84712
83089
84731
83090
84735
83091
84739
83092
84743
83093
84747
83094
84766
83095
84785
83096
84804
83097
84807
83098
84810
83099
84813
83100
84816
83101
84820
83102
84839
83103
84858
84877
83104
84896
83105
84915
83106
84920
83107
84925
83108
84929
83109
84933
83110
84937
83111
84941
83112
84960
83113
84964
83114
84968
83115
84972
83116
84976
83117
84980
83118
84998
85002
83119
85006
83120
85012
83121
85018
83122
83123
83124
83125
85064
85084
83126
85083
83127
85087
83128
85091
85095
83129
85088
85092
85096
85100
85104
83130
85099
83131
85103
83132
85107
83133
85111
85114
83134
85133
83135
85136
83136
85139
83137
85142
83138
85145
83139
85148
83140
85151
83141
85154
83142
85157
83143
85160
83144
85163
83145
85166
83146
85169
83147
85172
83148
85173
85170
85167
85164
85161
85158
85155
85152
85149
85146
85143
85140
85137
85134
85115
85112
85108
85116
85117
85118
85119
85120
85121
85122
85123
85124
85125
85126
85127
85128
85129
85130
85131
85132
83364
85109
83363
85105
83362
83361
85097
85093
85089
85085
85086
85090
85094
85098
85101
85102
85106
85110
85113
85797
85798
85135
85138
85799
85800
85141
85144
85147
85150
85153
85156
85159
85162
85165
85168
85171
85174
85811
85810
85809
85808
85807
85806
85805
85804
85803
85802
85801
79341
79340
79339
81783
79338
81779
79337
79605
81789
81792
81795
81798
79342
79343
81801
81804
79344
79345
81807
81810
79346
79347
81813
81816
79348
79349
81819
81822
79350
79351
81837
81854
81855
81859
81860
81876
81875
81858
79352
81874
81880
81896
81897
81881
81882
81898
81899
81883
81877
81861
81862
81863
81864
81865
81866
81867
81868
81869
81870
81871
81872
81878
81851
81850
81849
81848
81847
81846
81845
81844
81843
81842
81841
81840
81839
79608
81856
81838
79607
81823
81824
81825
81826
81827
81828
81829
81830
81831
81832
81833
81834
81835
81836
81852
79609
81853
81857
79610
81873
82805
82806
81879
81895
79612
79611
81894
79613
81910
79614
81927
79616
81943
79617
81960
79618
81977
81994
81993
81976
81959
81958
81957
81956
81955
81954
81939
81940
81941
81942
81926
81925
81924
81907
81906
81890
81889
81888
81904
81903
81887
81886
81885
81884
81900
81901
81918
81919
81902
81920
81936
81951
81967
81966
81983
82000
81999
81998
82015
82014
81997
81996
81979
81980
81963
81945
81930
81931
81946
81947
81964
81981
81982
81965
81948
81949
81950
81935
81934
81933
81917
81916
81932
81915
81914
81913
81929
81944
81961
81962
81978
81995
79353
82012
82013
79354
82017
79355
82022
79356
82026
82027
79621
82030
82031
82028
82024
82023
82018
82019
82020
82025
82029
82032
82036
82040
82039
82035
82034
79357
79358
82038
82042
79359
82046
82063
79360
82081
82064
82047
82043
82044
82050
82051
82069
82052
82053
82054
82070
82071
82072
82055
82073
82056
82057
82058
82059
82076
82093
82092
82075
82074
82091
82090
82089
82088
82087
82086
82085
82068
82067
82084
82083
82066
82049
82048
82065
82082
82100
82101
82105
82122
82123
82106
82107
82124
82125
82126
82108
82109
82110
82111
82127
82128
82129
82112
82113
82114
82130
82131
82132
82115
82116
82117
82134
82133
79628
82145
82150
82155
82156
82151
82819
78167
78184
78201
78202
78185
78168
78169
78170
78160
78161
78152
78151
78136
78137
78162
78153
78138
78126
78116
74427
78105
78095
78079
78078
78059
78058
78057
78075
78076
78077
78094
78093
78104
78114
78115
78125
78124
78135
78134
78150
78159
78158
74196
78149
74195
78132
78133
78123
78122
74194
78111
78101
78112
78113
78103
78102
78092
78091
74193
78073
78074
78056
78055
78038
78021
78022
78039
78040
78023
78024
78014
74424
78005
74423
77996
74421
77989
74419
77982
77983
77990
77997
78006
78015
78025
78041
78042
78043
78060
78061
78044
78045
78028
78029
78030
78031
78048
78065
78064
78047
78046
78063
78081
78082
78083
78084
78066
78049
78050
78032
78033
78017
78008
77999
77992
77985
77978
77968
77951
77937
77926
77914
77906
77898
77886
77887
77888
77889
77875
77861
77851
77850
77849
77831
77832
77833
77816
74410
77787
77786
77804
77803
77784
77783
77782
77764
77765
77766
77750
77751
77767
77785
77768
77769
77752
77738
77724
77709
77723
77737
77736
77722
77708
77694
77695
77681
77680
77666
77667
77653
77652
77638
77624
77625
77639
77626
77612
77613
77627
77628
77614
77615
79054
79055
77629
79056
77643
77657
79057
79058
77671
77670
77669
77655
77656
77642
77641
77640
77654
77668
77682
77683
77697
77696
77710
77711
77725
77739
77753
77770
77788
74408
77805
77806
77789
77771
77754
77740
77726
77712
77698
77684
77685
79059
79060
77699
77713
79061
79062
77727
77741
79063
79064
77755
77772
77790
74409
77818
77817
77834
77835
77852
79065
77862
74412
77891
77890
77899
77907
77915
79066
79067
79068
72566
72577
72567
72578
72590
72589
72605
72606
72617
72616
68351
72626
68352
72643
72654
72671
72672
72655
72644
72627
68638
72628
72629
72646
72645
72656
72657
68640
72673
68641
72683
72693
72694
72695
72685
72684
72674
72675
72658
72647
72648
72659
72660
72661
72662
72663
72664
72665
72666
72676
72686
72696
72712
72711
72710
72709
72708
72726
72725
72707
72706
72705
72723
72724
72741
72758
72757
72756
72740
72739
72722
72704
72703
72721
72738
72755
72754
72753
72770
72769
72752
72736
72737
72720
72702
72701
72719
72718
72700
72691
72692
72682
72681
68353
72690
72699
72717
72735
72751
72768
72785
72802
72810
72818
72819
72811
72803
72786
72787
72788
68644
72804
72805
72789
72771
72772
72773
72774
72775
72792
72791
72790
72806
72814
72813
68646
72812
68647
72820
72829
72846
72847
72848
72831
72830
72821
72822
72832
72849
72850
72833
72834
72851
72868
72869
72870
72887
72888
72889
72872
72873
72890
72891
72876
72859
72858
72875
72874
72857
72856
72839
72840
72841
72824
72816
72817
73929
73930
72825
68648
72842
73931
73932
73933
73934
72909
72925
68652
73935
72942
72951
73936
73937
72960
72959
72950
72941
72940
72932
72933
72924
72908
72893
72892
72907
72923
72922
72906
72905
72921
72931
72939
72948
72957
72973
72972
72971
72970
72969
72968
72967
72966
72956
72947
72938
72930
72913
72914
72915
72916
72917
72918
72902
72901
72886
72885
72900
72899
72898
72897
72896
72881
72882
72883
72884
72867
72866
72865
72864
72863
72862
72861
72844
72845
72828
72827
72826
72843
72860
72877
72894
72910
72926
72934
72935
72927
72911
72895
72878
72879
72880
68649
68650
72912
72929
68651
72928
68653
72936
72937
68654
72946
72955
72965
72964
72980
72981
72988
72995
73003
73002
73010
73011
73019
73018
73026
73027
73034
73042
73050
73066
73049
73041
73033
73017
73009
72994
72987
68656
72979
72978
72962
72953
72963
72954
72945
72944
72943
68354
72952
72961
68355
72977
72985
72986
68658
72993
73001
68356
73000
68357
73008
68358
73016
68359
73024
73025
68659
73032
73040
68360
73039
73047
68361
73063
73064
73048
73065
68661
73072
73080
73096
73095
73112
73128
73113
73129
73140
73139
73150
73151
73168
73167
73166
68366
73149
68365
73138
68364
73127
68363
73111
73094
68362
73078
73079
73071
79103
78454
78445
74435
78436
78437
79102
79101
78428
78419
78403
79100
79099
78393
78392
78402
78418
78417
78416
78400
78401
78391
78390
78380
78370
78360
78359
78369
78379
78389
78399
78415
78424
78425
78426
78427
78435
78444
78453
78452
78451
78442
78443
78434
78433
78414
78413
78412
78411
78410
78409
78423
78432
78441
78450
78460
78477
78487
78497
74440
78506
78517
78518
78519
78520
78521
78522
78523
78524
78539
78546
78552
78567
78566
78565
78564
78563
78562
78561
78560
78559
78551
78545
78538
78531
78516
78515
78537
78544
78536
78543
78549
74445
78555
74447
78571
78572
74446
78550
78556
78557
78558
78573
78582
78581
78598
74450
78583
78584
78585
78586
78587
78588
78589
78590
78574
78591
78599
74453
78604
74451
78600
78605
74454
78622
79109
79110
78628
78645
78644
78661
78662
79111
78666
78670
74458
78669
78665
78660
78659
78658
78657
78656
78639
78640
78641
78642
78643
78627
78621
78620
78619
78618
78617
78616
78615
78614
78613
78612
78611
78610
78603
78597
78580
78579
78596
78595
74452
78602
78608
78609
78626
78632
78633
78634
78635
78636
78637
78638
78655
78654
78653
78652
78651
78650
78649
78664
74457
78668
78675
78676
78677
78678
78679
78680
78681
78682
78683
78701
78700
78699
78698
78697
78696
78695
78694
74461
78693
78674
78692
78707
78713
74463
78718
78719
78720
78721
78722
78723
78724
78725
78726
78727
78728
78738
78734
78729
78714
78715
78709
78708
74462
78702
78684
78685
78686
74459
78703
78704
78687
78688
74460
78710
79112
78731
78730
74464
78735
79113
79114
74465
74466
78741
78744
78747
78751
74467
78756
78752
78748
79115
78753
78757
78761
78760
74468
74469
78764
74470
78765
78768
79116
78771
78774
79117
79118
78777
79119
78780
78783
74471
78786
78787
79120
79121
78791
74472
79122
79123
79124
79125
79126
79127
79128
78790
78794
78797
78800
78803
78806
78809
78812
78815
74473
78818
79129
79130
73685
73668
73662
68386
73656
68385
73650
68384
73639
68383
73633
68382
73627
68381
73610
73611
73612
73628
73613
73629
73630
73636
73642
73647
73653
73652
73646
73641
73635
73634
73640
68703
73645
73651
73657
73663
73664
73658
73659
73665
73672
73673
73690
73708
73689
73671
73688
73687
73670
73669
73686
73704
73703
73721
68387
73737
68388
73744
68389
73751
68390
73758
68391
73765
68392
73772
68393
73779
68394
73786
73787
73780
73781
73788
73789
73782
73775
73768
73761
73760
73767
73774
73773
73766
73759
73752
73753
73754
73747
73746
73745
73738
73739
73740
73722
68704
73705
73723
73706
73707
68705
73724
73725
73709
73691
73674
73675
73676
73677
73694
73712
73711
73693
73692
73710
73726
73727
73728
73729
73713
73714
73730
73731
73715
73697
73696
73695
73678
73679
73680
73681
73682
73666
73660
73654
73648
73643
73637
73631
73623
73624
73607
73601
73594
68700
73578
68698
73561
73560
73577
73593
73576
73575
73574
73573
73589
73590
73591
73592
73622
73621
73620
73619
73618
73617
73616
73615
73614
73606
73600
73585
73586
73587
73588
73572
73571
73570
73559
73569
73584
73568
73558
73557
73541
73540
73567
73566
73582
73583
73598
73599
73605
73604
68702
73597
68380
73581
73565
73556
68379
73539
73531
73524
73517
73518
68695
73525
68696
73532
73526
73519
68694
73511
73503
73502
73510
73509
68378
73501
68377
73493
68376
73485
68375
73478
73486
73494
73495
73487
73479
73480
73473
68693
73472
73465
73466
73467
73474
73481
73489
73488
73496
73497
73505
73504
73512
73513
73520
73527
73534
73533
73542
73543
73544
73545
73546
73547
73548
73549
73550
73551
73552
73553
73562
68699
68701
73595
73579
73563
73554
73555
73974
73975
73564
73580
73596
73603
73976
73977
67773
63029
67782
67792
67807
67814
67791
67790
62738
67806
62739
67813
62740
67820
63032
62741
67833
67841
67840
62742
67847
67853
67859
67860
67861
67879
67897
67915
67914
67921
67922
67916
67923
67930
67929
67928
67935
67936
67937
67944
67943
67942
67949
67956
67957
67950
67951
67958
67965
67964
67963
67962
62750
67955
62749
67948
62748
67941
62747
67934
62746
67927
62745
67920
62744
67913
62743
67895
67896
67878
67877
73720
73702
73986
73985
73984
73983
73982
73981
73980
73979
73978
73609
73602
73608
73625
73626
73632
73638
73644
73649
73655
73661
73667
73684
73701
73719
73718
73700
73683
73699
73698
73717
73716
73732
73733
73734
73735
73736
73743
73987
73988
73750
73757
73989
73990
73764
73771
73991
73992
73778
73785
73993
73994
73792
73791
73784
73777
73770
73763
73756
73749
73742
73741
73748
73755
73762
73769
73776
73783
73790
1086
1087
1088
1089
1090
1359
1358
1357
1085
1084
1083
1082
1081
1080
1079
1078
1077
1076
1075
1352
1353
1354
1355
1356
1360
1362
1363
1364
1365
1366
1368
1369
1370
1371
1374
1375
1376
1377
1378
1381
1382
1384
1386
1389
1392
1395
1400
1404
1407
1409
1410
1411
1412
1413
1417
1418
1419
1421
1716
1715
1714
1713
1712
1711
1710
1709
1708
1707
1706
1705
1704
1703
1702
1701
1700
1699
1698
1697
1696
1695
1694
1693
1692
1691
1690
1689
1688
1687
1686
1685
1684
1683
1682
1681
1680
1679
1678
1677
1676
1675
1674
1673
1672
1671
1670
1669
1668
1667
1666
1665
1664
1663
1662
1661
1660
1659
1658
1657
1656
1655
1654
1653
1652
1651
1650
1649
1648
1647
1646
1645
1644
1643
1642
1403
1641
1640
1639
1638
1637
1636
1635
1634
1633
1632
1631
1630
1629
1628
1627
1626
1625
1624
1623
1622
1621
1620
1619
1618
1617
1616
1615
1614
1613
1612
1611
1610
1609
1608
1607
1606
1605
1604
1603
1602
1601
1600
1599
1598
1597
1596
1595
1594
1593
1592
1591
1590
1589
1588
1587
1586
1585
1584
1583
1582
1581
1580
1579
1578
1577
1576
1575
1574
1573
1572
1571
1570
1569
1568
1567
1566
1565
1564
1563
1562
1561
1560
1559
1558
1557
1556
1555
1554
1553
1552
1551
1550
1549
1548
1547
1546
1545
1544
1543
1542
1541
1540
1539
1538
1537
1536
1535
1534
1533
1532
1531
1530
1529
1528
1527
1361
1526
1525
1524
1523
1522
1521
1520
1519
1518
1517
1516
1515
1514
1513
1512
1511
1510
1509
1508
1507
1506
1505
1504
1503
1502
1501
1500
1499
1498
1497
1496
1495
1494
1493
1492
1491
1490
1489
1488
1487
1486
1485
1484
1483
1482
1481
1480
1479
1478
1477
1476
1475
1474
1473
1472
1471
1470
1469
1468
1467
1466
1465
1464
1463
1462
1461
1460
1459
1458
1457
1456
1455
1454
1453
1452
1451
1450
1449
1448
1447
1446
1349
1445
1444
1443
1442
1441
1440
1439
1438
1437
1436
1435
1006
1007
1008
1009
1010
1011
1012
1013
1014
1015
1016
1017
1018
1019
1020
1021
1022
1023
1024
1025
1026
1027
1028
1029
1030
1031
1032
1033
1034
1035
1036
1037
1038
1039
1040
1041
1042
1043
1044
1045
1046
1047
1048
1049
1050
1051
1052
1350
1053
1054
1055
1056
1057
1058
1059
1060
1061
1062
1063
1064
1065
1066
1067
1068
1069
1070
1071
1072
1073
1351
1074
79138
79137
79136
79135
79134
79133
79132
79131
78875
78858
78874
78857
78840
78839
78838
78837
78855
78856
78873
78872
78871
78854
78836
78835
78834
78852
78853
78870
78869
78868
78851
78833
78832
78850
78867
78866
78849
78831
78830
78829
78828
78827
78845
78846
78847
78848
78865
78864
78863
78862
78861
78860
78843
78844
78826
78825
78824
78823
78841
78842
74474
74255
78859
74256
78876
74257
78877
74258
78878
74259
78879
74260
78880
74261
78881
74262
78882
74263
78883
82881
82880
82879
82878
82877
82876
82875
82874
82873
82667
82666
82665
82664
82663
82662
82661
82643
82644
82645
82646
82647
82648
82649
82872
82871
82870
82869
82868
82867
82866
82865
82864
82863
82862
82861
82860
82859
82858
82857
82856
82855
82854
82853
82852
82851
82631
82630
82629
82628
82627
82626
82625
82624
82623
82622
82621
82620
82619
82618
82617
82616
82615
79410
79411
79412
79413
79414
79415
79416
79417
79418
79419
79420
79421
79422
79423
79424
79425
79426
79427
79428
79429
79430
79431
82632
82633
82634
82635
82636
82637
82638
82639
82640
82641
82642
82660
82659
82658
82657
82656
82655
82654
82653
82652
82651
82650
79432
79433
79434
79435
79436
79437
79438
79439
79440
85899
85647
85646
85898
85897
85645
85644
85896
85895
85894
85893
85892
85891
85624
83396
85623
85621
83395
85622
85890
85889
85620
85619
85617
85618
85888
85887
85616
85615
85613
85614
85886
85885
85612
85611
85609
85610
85884
85883
85608
85607
85605
85603
85604
85606
85882
85881
85602
85880
85879
85599
85601
85598
85595
85596
85878
85877
85593
85592
85589
85590
85876
85875
85874
85873
85581
85584
85587
85586
85583
85580
85577
85578
85872
85871
85575
85574
85571
85572
85870
85869
85566
85569
85568
85565
85562
85563
85867
85868
79409
82614
79408
82613
79407
82611
79406
82608
79405
82605
79404
82602
79403
82599
79402
82581
82564
79401
82547
79400
82542
79399
82543
82525
79398
79397
82508
82491
79396
82487
85857
85858
85859
85860
85511
85510
85509
85508
85507
85856
85855
85506
85505
85854
85853
85504
85503
85852
82454
82437
82438
82439
82440
82457
82456
82455
79649
82471
82475
79650
79651
82479
79652
82483
79653
82488
82492
82509
82526
82544
79655
82549
82566
82565
82548
79656
82582
82583
82584
82585
82567
82550
82551
82552
82569
82568
82586
82587
82588
82570
82553
82554
82555
82556
82557
82558
82575
82574
82573
82572
82571
82589
82590
82591
82592
82593
82594
82595
82577
82576
82559
82560
82561
82540
82523
82539
82538
82537
82536
82535
82518
82517
82534
82533
82532
82531
82530
82513
82512
82529
82528
82527
82510
82493
82494
82511
82495
82496
82497
82514
82515
82498
82499
82516
82500
82501
82502
82519
82520
82503
82504
82521
82522
82505
82506
82489
79654
82484
82480
82476
82472
82468
82451
82432
82431
82430
82448
82449
82450
82467
82466
82465
82464
82463
82462
82461
82460
82424
82442
82459
82458
82441
82423
82422
82421
82420
79395
82403
79394
82398
79393
82399
79648
82404
82405
82406
82407
82408
82425
82443
82444
82445
82427
82426
82409
82410
82411
82428
82446
82447
82429
82412
82413
82414
82415
82433
82416
82417
82434
82452
82469
82473
82470
82453
82435
82418
82401
79647
82396
82391
82386
82382
82381
82380
82363
82362
82379
82378
82361
82344
82345
82346
82347
82348
82365
82366
82383
82387
82837
82838
82392
82839
82397
82402
82419
82436
82840
82841
82842
82474
82843
82478
82477
82481
82482
82844
82845
82486
82485
82490
82507
82524
82541
82846
82546
82545
82562
82563
82580
82579
82578
82596
82597
82598
82601
82600
82603
82606
82609
79657
79659
79658
82612
82610
82850
82849
82607
82604
82848
82847
78689
78705
74225
78711
74226
78716
74227
78732
74228
78736
74229
78739
74230
78742
74231
78745
74232
78749
74233
78754
74234
78758
74235
78762
74236
78766
74237
78769
74238
78772
74239
78775
74240
78778
74241
78781
74242
78784
74243
78788
74244
78792
74245
78795
74246
78798
74247
78801
74248
78804
74249
78807
74250
78810
74251
78813
74252
78816
74253
78819
74254
78821
78822
78820
78817
78814
78811
78808
78805
78802
78799
78796
78793
78789
78785
78782
78779
78776
78773
78770
78767
78763
78759
78755
78750
78746
78743
78740
78737
78733
78717
78712
78706
78690
78691
78673
78672
78671
78667
78663
74224
78646
74223
78629
74222
78630
74456
78647
78648
78631
74455
78625
78607
78624
78623
74221
78606
78601
78593
78594
78578
78577
78576
78570
78554
78548
74220
78542
74219
78535
74218
78528
78511
78502
78503
78512
78513
74443
78529
78530
78514
78505
78504
78494
78495
78496
78486
78485
78484
78456
78447
78439
78430
78421
78448
78457
78458
74436
78449
78440
74434
78431
78422
78406
78396
78386
78376
78366
78356
78347
78338
78339
78348
78357
78367
78377
78387
78397
74433
78407
78408
78398
78388
78378
78368
78358
78349
78340
78331
78321
78306
78307
78308
78309
78310
78311
74431
78322
78312
78313
78314
78324
78325
78334
78343
78342
78333
78323
78332
78341
74432
78350
78361
78351
78352
78362
78372
78371
78381
78382
78383
79098
78373
79097
79096
78363
78353
78344
79095
79094
78335
78326
78316
78315
78299
78298
78297
78289
78279
78280
78290
78291
79093
79092
78281
78271
79091
78261
79090
79089
79088
79087
79086
79085
79084
79083
79082
78157
78166
78183
78182
78181
78180
78196
78195
78194
78192
78175
78174
78173
78172
78171
78188
78187
78186
78203
78220
78219
78218
78235
78236
78237
78238
78254
78240
78223
78224
78207
78225
78242
78241
78256
78266
78276
78286
78295
78305
78304
78303
78320
78330
78329
78319
78302
78301
78318
78328
78337
78346
78355
78365
78375
78385
78395
78405
82831
82832
82303
82300
82297
82830
82829
82294
82287
82284
82281
82278
82277
82276
82275
82274
82273
82272
82271
82270
82269
82268
82267
82266
82265
79641
82261
82245
85834
85835
85411
85410
85413
85416
85417
85414
85836
85837
85420
85419
85422
85423
85838
85839
85426
85429
85840
85841
85433
85452
85842
85455
85474
85473
83389
85475
85476
83390
83391
85477
85843
85478
85479
85844
85845
85480
85481
85846
85847
85482
83392
85848
85849
85850
85851
85502
85501
85500
85499
85498
85497
85496
85495
85494
85493
85492
85491
85490
85489
85488
85487
85486
85485
85484
85483
83209
83210
83211
83212
83213
83214
83215
83216
83217
83218
83219
85512
85513
85514
85515
85516
85517
85518
85519
85520
85521
85522
85523
85524
85525
85526
85527
85528
85529
85530
85532
85861
85862
85534
85536
85863
85864
85538
83393
85557
85865
85866
85560
85559
85556
85555
85554
85553
85552
85551
85550
85549
85548
85547
85546
85545
85544
85543
85542
85541
85540
83220
85531
83221
85533
83222
85535
83223
85537
85539
83224
85558
83225
85561
83226
85564
83227
85567
83228
85570
83229
85573
83230
85576
83231
85579
83232
85582
83233
85585
83234
85588
83235
85591
83236
85594
83237
85597
83238
85600
83394
83239
83240
83241
83242
83243
83244
83245
83246
83247
83248
83249
83250
83251
83252
83253
85626
85627
85628
85629
85630
85631
85632
85633
85634
85635
85636
85637
85638
85639
85640
85641
85642
85643
83257
83256
83255
83254
85625
16
17
19
18
0
