0
1
3
2
4
5
194
195
193
192
190
191
189
188
186
187
185
184
182
183
181
180
178
179
177
176
174
175
173
172
170
171
169
168
166
167
165
164
162
163
161
160
158
159
157
156
154
155
153
152
1781
1782
1783
1784
1785
1786
1787
1788
1789
1790
1791
1792
1793
1794
1795
1796
1797
1798
1799
1800
1801
1802
1803
1804
1805
1806
1433
1807
1808
1809
1810
1811
1812
1813
1814
1815
1816
1817
1818
1819
1820
1821
1822
1823
1434
1348
1347
1346
1345
1344
1343
1342
1341
1340
1339
1338
1337
1336
1335
1334
1333
1332
1331
1330
1432
1329
1328
1327
1326
1325
1324
1323
1322
1321
1320
1319
1318
1317
1316
1315
1431
1314
1313
1312
1311
1310
1309
1308
1430
1307
1306
1305
1304
1303
1302
1301
1300
1299
1298
1297
1296
1295
1294
1293
1292
1291
1290
1289
1288
1287
1286
1428
1427
1429
1780
1779
1778
1777
1776
1775
1774
1773
1772
1771
1770
1769
1768
1767
1766
1765
1764
1763
1762
1761
1760
1759
1758
1757
1756
1755
1754
1753
1752
1751
1750
1749
1748
1747
1426
1746
1745
1744
1743
1742
1741
1740
1739
1738
1737
1736
1735
1734
1733
1732
1424
1731
1730
1729
1728
1727
1726
1725
1724
1723
1722
1721
1720
1719
1718
1717
1716
1715
1714
1713
1712
1711
1710
1709
1708
1707
1706
1705
1704
1703
1702
1421
1701
1700
1699
1698
1697
1696
1695
1694
1693
1692
1419
1691
1690
1689
1688
1687
1417
1418
1422
1423
1243
1244
1245
1246
1247
1248
1249
1250
1251
1252
1253
1254
1255
1256
1257
1258
1259
1260
1261
1262
1263
1425
1264
1265
1266
1267
1268
1269
1270
1271
1272
1273
1274
1275
1276
1277
1278
1279
1280
1281
1282
1283
1284
1285
11099
7885
11098
7884
11097
7883
11096
7882
11095
7881
11094
7880
11093
7879
11092
7878
11091
7877
11090
7876
11089
7875
11088
7874
11087
7873
11086
7872
11085
7871
11084
7870
11083
7869
11082
7868
11081
7867
11080
7866
11079
7865
11078
7864
11077
7863
11076
7862
11075
7861
11074
7860
11073
7859
11072
7858
11071
7857
11070
7856
11069
7855
11068
7854
11067
7853
11066
7852
11065
7851
11064
7850
11063
7849
11050
11051
11052
11053
11054
11055
11056
11057
11058
11059
11060
11061
11062
8065
11049
11047
11045
11043
11041
11039
11037
11035
11033
11031
11029
11027
11025
11023
11021
11019
11017
11015
11013
11011
11009
11007
11005
11003
11001
10999
10997
10995
10993
10988
10987
10986
10985
10984
10983
10982
10981
10980
10979
10978
10977
10976
10975
7820
10992
7821
10994
7822
10996
7823
10998
7824
11000
7825
11002
7826
11004
7827
11006
7828
11008
7829
11010
7830
11012
7831
11014
7832
11016
7833
11018
7834
11020
7835
11022
7836
11024
7837
11026
7838
11028
7839
11030
7840
11032
7841
11034
7842
11036
7843
11038
7844
11040
7845
11042
7846
11044
7847
11046
7848
11048
15484
15485
15486
15487
15488
15489
15490
11846
11847
11848
15491
15075
15078
15492
15493
15494
15495
15113
15095
15094
15093
15111
15110
15109
15108
15092
15107
15091
15090
15106
15105
15104
15089
15088
15087
15103
15102
15086
15101
15085
15084
15083
15082
15081
15080
15079
15077
11615
15076
15074
15073
11614
15072
11613
15071
11612
11849
15100
15099
15098
15097
11850
11851
11852
11853
15127
15128
15145
15146
15129
15130
15147
15148
15131
15132
15149
15166
15167
15150
15133
15134
15151
15168
15169
15170
15153
15152
15135
15136
15137
15138
15155
15154
15171
15187
15204
15205
15188
15189
15206
15207
15208
15191
15175
15192
15209
15210
15193
15176
15159
15158
15157
15174
15190
15173
15172
15156
15139
15140
15141
15142
15125
15501
15500
15499
15498
15497
15496
15115
15117
15119
15121
15123
15502
15503
15504
15505
15506
15507
15508
15509
15510
15511
15512
15513
15514
15515
15516
15517
15518
15519
15520
15521
15522
15523
15524
15525
15526
15527
15528
15232
11640
15231
11639
15230
11638
15229
11637
15228
11636
15227
11635
15226
11634
15225
11633
15224
11632
15223
11631
15222
11630
15221
11629
15220
11628
15219
11627
15218
11626
15217
11625
15216
11624
15215
11623
15214
11622
15213
11621
15212
11620
15211
11619
15194
15195
15196
15197
15180
15181
15198
15199
15200
15201
15202
15203
15186
15185
15184
15183
15182
15165
15164
15163
15162
15179
15178
15177
15160
15161
15144
15143
15126
15124
11618
15122
11617
15120
11616
15118
15116
15114
15112
15096
16007
20010
20470
20003
20002
20001
19985
19984
19976
19977
19952
19935
19934
19933
19932
19914
19903
19904
19905
19915
19916
19917
19906
19894
19895
19883
19882
19870
19871
19884
19896
20465
20464
20463
19872
19855
19854
19853
19842
19830
19815
19798
19797
19814
15990
15991
19841
19852
19869
19868
15994
19851
15993
19840
19829
15989
19813
19796
19812
19811
19828
19827
19810
19809
19826
19825
19808
15988
19807
19824
15992
19861
19862
15995
15996
19863
19864
19865
19866
19867
19839
19850
19878
19879
19880
19881
19893
19892
19891
19890
19902
19913
19931
19930
19947
19946
19945
16000
19943
19944
19929
19928
19927
19926
19925
19942
19901
19900
15997
19911
19912
19924
19923
19940
19941
19958
19957
19967
16003
16002
19968
19969
19970
19971
19972
19973
19974
19983
19999
19998
19997
19996
19995
20015
20022
20030
16008
20047
20055
20054
20046
20045
20044
20043
20042
20041
20040
20039
20038
20037
16009
20053
16010
20061
20069
16012
20076
16014
20088
20089
20090
20091
20092
20093
20094
20095
20096
20097
20098
20099
20104
20110
20116
20117
20111
20105
20106
20477
20476
16015
20084
20100
20083
20077
16013
20070
16011
20062
20063
20071
20072
20078
20079
20073
20475
20066
20065
20064
20056
20048
20031
20032
20049
20057
20058
20474
20473
20050
20033
20472
20471
20025
20024
20023
20017
20009
20016
20008
16006
20000
16005
16004
19975
19960
19959
16001
19948
19949
19950
19951
19961
19962
19963
19978
19986
19987
19979
19964
19953
15999
19936
15998
19919
19918
19907
19908
20466
20467
20468
20469
15070
11611
15069
11610
15068
11609
15067
11608
15066
11607
15065
11606
15064
11605
15063
11604
15062
11603
15061
11602
15060
11601
15043
15041
11600
15039
11599
15037
11598
15035
11597
15018
15001
15019
15002
15003
15020
15021
15022
15005
15004
14987
14986
14985
14984
14983
11596
14982
11595
14981
11594
14980
11593
14979
11592
14978
11591
14977
14975
11590
14973
11589
14970
11588
14967
11587
14968
14971
14974
14976
11845
14994
15011
15012
14995
14996
15013
15015
15032
15034
15033
15016
15017
15000
14999
14998
14997
15014
15031
15030
15029
15028
15027
15026
15025
15024
15007
15008
15009
15010
14993
14992
14991
14990
14989
14988
15006
15023
15044
15045
15046
15047
15048
15049
15050
15051
15052
15053
15054
15055
15056
15057
15058
15059
15483
15482
15481
15480
15479
15478
15042
15040
15477
15476
15038
15036
15475
15474
15473
15472
15471
15470
15469
15468
15467
15466
15465
15464
15463
14972
11844
14969
14966
14964
14961
14958
14955
14937
14935
14918
14901
14884
14867
14850
14849
14848
14847
14845
14862
14861
14878
14879
14880
14896
14895
14894
14877
14876
14893
14910
14911
14912
14929
14928
14927
14926
14925
14924
14923
14922
14921
14905
14906
14889
14890
14907
14908
14909
14892
14891
14857
14856
14855
14838
14872
14873
14874
14875
14858
14841
14842
14859
14860
14843
14844
14827
14828
14826
14825
14824
14823
14840
14839
14822
14821
14820
14819
14818
14817
14834
14835
14852
14851
14868
14869
14870
14853
14836
14837
14854
14871
14888
14887
14904
14903
14886
14885
14902
14919
14920
11842
14936
14957
14960
14965
11843
14963
11586
14962
14959
11585
14956
11584
14939
14940
14941
14942
14943
14944
14945
14946
14947
14948
14949
14950
14951
14952
14953
14954
14934
14917
14900
14899
14916
14933
14932
14915
14913
14930
14931
14914
14897
14898
14881
14882
14883
14866
14865
14864
14863
14846
14829
14830
14831
14832
14833
14815
14811
14807
14808
15446
15447
14812
14816
15448
15449
15450
15451
15452
15453
15454
15455
15456
14938
15457
15458
15459
15460
15461
15462
10973
7819
10971
7818
10969
7817
8063
10966
7816
10964
7815
10962
7814
10945
10946
10947
10948
10949
10950
10951
10952
8062
10940
7813
10937
7812
10934
7811
10931
7810
10928
7809
10925
7808
10922
7807
10919
7806
10916
7805
10913
7804
10910
7803
10907
7802
10904
15445
14804
14803
14799
14800
15444
15443
11841
11839
14775
14774
14773
14772
14756
14755
14740
14741
14757
14758
14759
14760
14761
11838
14776
14779
14796
14795
14794
14793
14792
14791
14790
14789
14788
14787
14786
14785
14784
14783
14782
14781
14798
14802
14806
14810
14814
14813
11583
14809
11582
14805
11581
14801
11580
14797
11579
14780
14777
14778
14762
14763
14747
14731
14746
11578
14730
14713
14714
14715
14716
14717
14734
14733
14732
11837
14748
14749
14765
14764
11840
14766
14767
14751
14750
14735
14718
14719
14736
14737
14752
14768
14769
14770
14771
14754
14739
14753
14738
14720
14721
14722
14723
14724
14725
14742
14743
14726
14727
14744
14728
14729
11836
14745
15442
15441
15440
14712
14711
11834
14708
14692
15439
15438
14688
14687
14691
14707
14706
14705
14704
14703
14702
14701
14700
14699
14698
14697
14696
11835
14695
14710
14709
14693
14694
14686
14690
14689
11577
14685
11576
14668
11575
14653
14654
14655
14656
14657
14658
14659
14660
14661
14662
14663
14664
14680
14679
14678
14677
14676
14675
14674
14673
14672
14671
14670
14669
11833
14652
14651
14649
11574
14647
11573
14644
11572
14641
14637
11571
14621
11570
14605
11569
14599
14592
14600
14606
14622
14638
11831
14623
11830
14607
14601
11827
14594
14593
11826
14577
14576
14575
14569
20420
19092
20421
19101
19100
19091
19081
19080
19079
19062
19063
19046
19045
19044
19061
19060
19059
19042
19041
19058
19075
19076
19077
19078
19097
19088
19089
19090
19099
19098
19107
19106
19122
15940
19123
19124
19108
19109
19125
19110
20422
20423
19126
15941
15943
15944
20424
19170
19186
15947
19169
19158
19168
19157
19146
19147
19136
19135
19134
19145
19156
19167
19183
19198
19214
19225
19226
19227
19228
19217
19216
19215
19199
19184
19185
19200
19201
19202
19218
19229
20425
20426
19239
19256
20427
20428
19282
15955
19301
20429
20430
19318
19335
20431
20432
20433
19365
19364
19354
19355
19345
19344
19334
19317
19300
19291
19281
19280
15954
19271
19272
19273
19255
19238
19237
19236
19254
19253
19252
15953
19235
19234
19224
19213
19197
19196
19212
19211
19210
19195
19181
19165
19182
15946
19166
19155
19154
19143
19144
19133
19132
19121
19120
19119
19118
19117
19116
19115
19114
19113
19129
19128
19112
19103
19102
19111
15698
19127
19137
19148
15699
19149
19138
19139
19140
19141
19130
19131
19142
19152
19151
15945
19162
19176
19163
19164
15942
19153
19178
19179
19180
19194
19193
19192
15949
19177
19191
15951
19207
19208
19209
19247
19246
19245
19262
19263
19264
19265
19248
19249
19266
19267
19250
19251
19268
19269
19270
19279
19288
19289
19290
19299
19298
19297
19314
15956
19315
19316
19333
19343
19353
19352
19342
19332
19331
19341
19340
19350
19351
19361
19360
19370
19405
19404
19387
19386
19385
19402
19403
19427
19426
19425
19424
19423
19422
19413
15964
19412
19421
15966
19438
19439
19448
19447
19464
19465
19481
19482
19466
19449
19450
19467
19483
19484
19517
19518
19519
19520
19522
19521
19504
19505
19490
19489
19488
19487
19503
19502
19501
19500
19499
19516
19498
19497
19514
19515
15972
19531
19540
19550
19560
19570
19580
19589
19599
15975
19609
19610
19611
19612
19613
19614
19615
19616
19617
19618
19628
19636
19635
15977
19626
19627
19601
19600
19590
19581
19571
19582
19591
19583
19563
19564
19554
19544
19543
19553
19555
19565
19575
19574
19573
19572
19562
19561
19551
19552
19542
19541
19532
19533
19534
19524
15971
19523
19506
15970
19491
19475
19474
19473
19456
19455
19472
19471
19470
19486
19485
19469
19468
19451
19452
19453
19454
19428
19429
19430
19431
19432
19433
19416
19415
19414
19406
19407
19389
15962
19388
19371
19372
19362
19363
19373
19390
19374
19375
20434
20435
19392
19391
15963
19408
19409
20436
20437
19418
19435
19434
19417
19443
19444
20438
20439
19461
19478
20440
20441
19494
19510
20442
20443
19527
20444
19537
19535
19525
19508
19507
19492
19476
19458
15967
19457
19440
19441
19442
19459
19460
15968
19477
15969
19493
19509
19526
19536
19545
19546
20445
20446
19556
19566
20447
20448
19576
19586
20449
20450
19595
19605
20451
20452
19631
19621
19604
19594
19585
19584
19593
19592
19602
19603
19619
19620
19630
19629
19637
19638
19639
19656
19673
20453
20454
20455
19689
19681
19680
19672
19655
19654
19671
15979
19670
19653
19652
19651
19650
19649
19648
19647
19646
19645
19644
19662
19663
19664
19665
19666
19667
19668
19669
19678
19679
19687
19695
19696
19704
19703
19718
19717
19725
19742
19759
19743
19726
19727
19719
19712
19711
19710
19702
19694
19686
19688
19697
20456
20457
19705
19713
20458
20459
19720
20460
20461
19728
15982
19744
15984
19760
19770
19780
19790
20462
19801
19800
19799
19816
19831
19832
19843
19844
19833
19818
19817
19789
19779
19769
19768
19767
19758
15983
19757
19766
19776
19777
19778
19788
19787
19786
15987
15986
15985
19756
19741
19740
19755
19739
19738
19737
19754
19753
19736
19752
19751
19750
19735
19734
19724
15981
15980
19693
19685
19684
19692
19691
19683
19675
19676
19677
19660
19661
19643
19642
19659
19658
19657
15713
19674
15714
19682
15715
19690
15716
19698
15717
19706
19707
19699
19700
19701
19709
19708
19716
19715
19714
19721
19722
19723
19731
19730
19746
19747
19763
19773
19774
19784
19783
19793
19794
19795
19785
19775
19765
19749
19733
19732
19748
19764
19762
19772
19782
19792
19820
19819
19834
15723
19835
19836
19837
19848
19847
19858
19857
19846
19845
19856
19873
19874
19886
19885
19897
15724
19898
19899
19887
19875
19888
19889
19877
19876
19859
19860
19849
19838
19823
19806
19805
19822
19821
19804
19803
19802
15722
19791
15721
19781
15720
19771
15719
19761
15718
19745
19729
25351
24737
24729
25350
24721
24712
25349
25348
24703
24694
25347
25346
24686
24678
25345
25344
24669
24668
24677
24685
24693
24702
24711
24710
24701
24692
24691
24690
24699
24700
24709
24708
24717
24718
24719
24720
20961
24728
24727
24735
24726
24734
24742
24743
24751
24750
24758
20967
24781
24796
24813
24814
24797
24795
24780
24779
24794
24811
24812
24810
24793
24778
24777
24792
24809
24808
24807
24806
24789
24790
24791
24776
24775
24774
24773
24788
24805
24804
20970
24820
24819
24802
24803
24787
24786
24770
20968
24771
20969
24772
24764
20966
24756
24755
24747
24739
24740
24748
24757
24749
24741
24733
20962
24725
24716
24707
24698
20957
24657
24656
24655
24637
24638
24639
24622
24623
24640
24658
24659
24641
24642
24660
24661
24643
24644
24662
24663
24645
24646
24664
24665
24647
24630
24629
24628
24627
24626
24625
24624
20953
24614
24621
24606
24607
24599
24598
20951
24590
24591
24582
24574
24565
24556
24548
24540
24539
24546
24547
24555
24564
24573
24581
24580
24572
24562
24563
24554
24553
24545
20670
24544
20671
24552
20672
24561
24570
20673
24571
20950
24579
24589
24605
24604
20675
24603
24596
24597
24588
20674
24587
30245
29351
29341
30244
30243
29332
29331
29340
29339
29330
29320
29321
29322
30242
30241
29312
29302
29301
29311
29310
29300
29291
29281
29270
29271
29282
29292
30240
30239
30238
30237
29260
29249
29232
29231
29221
29222
30236
30235
29205
29188
29187
29204
29203
25811
29220
25812
29230
29247
29248
29259
29258
29256
29267
29279
29278
29277
29287
29298
29308
29318
29328
29329
29319
29309
29299
29288
29289
25816
29290
29280
29269
29268
29257
29246
29245
29244
29228
29229
29219
29218
29217
29227
29243
29254
29255
29266
29265
29276
29286
29297
29307
29317
29327
29336
29337
29338
29348
29347
29346
29356
29367
29383
29368
29357
29358
29369
29370
29386
29387
29371
29350
29349
29359
29360
29361
30246
30247
29372
29388
29400
29399
25824
29416
29432
29431
29447
29446
25826
29445
29463
29462
29461
29460
29444
29427
29443
29459
29458
29442
29441
29425
29426
29410
29411
29412
29428
29429
29413
29414
25825
29430
29415
25823
29398
29397
29385
29384
29396
29395
25822
29382
29381
29380
29379
25821
29378
29377
29376
25820
29366
29355
29345
29335
29326
29316
29315
29314
29304
29305
29306
29296
29295
29294
25562
29293
25563
29303
25564
29313
25565
29323
25817
29333
29324
29325
29334
29344
29343
25566
29342
29352
29362
25567
29363
29364
29353
25818
29354
29365
25819
29375
29404
29405
29421
29420
29436
29437
29438
29422
29423
29439
29456
29457
29440
29424
29409
29408
29407
29406
29394
29393
29392
29391
29390
29374
29373
29389
29401
29417
29418
29402
29403
29419
29435
29434
29433
29452
25828
29453
29454
29455
29469
29476
29481
29486
29491
29496
29495
29490
29485
29480
25830
29475
29474
29467
29468
29451
29450
29449
29466
25568
29473
29479
25569
29484
25570
29489
25571
29494
29500
29499
25572
29515
25573
29520
29525
29531
29537
29543
25574
29549
25575
29555
29561
25576
29577
29562
29563
29556
29550
29544
25837
29538
25836
29532
25835
29526
25834
29521
29516
29501
29502
29503
29504
29505
29517
29522
29527
29533
29539
29545
29551
29557
29582
29600
29601
29602
29616
29632
29633
29617
29618
29619
29587
29605
29606
29588
29589
29573
29572
29571
29570
29586
29604
29603
29585
29569
29568
29584
29583
29567
29566
29565
29564
25838
25839
29580
29581
29599
25841
29598
29597
29596
29579
29578
29595
29594
29593
29609
29610
29611
29612
29628
29629
29643
29644
29645
29646
29630
25842
29613
29614
29615
29631
29647
29648
29649
29650
29634
29635
29651
29652
29653
29654
29660
29664
29668
29684
29683
29682
29681
29680
29679
29678
29677
29676
29675
29674
29673
29672
29667
25846
29663
25845
29659
25844
29642
25843
29627
29626
29625
29641
29657
29658
29662
29661
29669
29665
29666
29670
29671
29688
29694
29695
29696
29697
29698
29699
29700
29701
29702
29703
29704
29689
29690
25848
25847
30263
30262
30261
30260
29656
29655
29638
29639
29640
29624
25840
29592
29623
29622
29621
29637
29636
29620
29607
29608
29590
29591
29576
29575
29574
29558
29552
29546
29547
29553
29559
29560
30259
30258
29554
29548
30257
30256
29542
29536
30255
30254
29530
29529
29535
29541
29540
29534
29528
29523
29506
29507
29508
29509
29510
29511
29512
29513
29497
29514
29518
29519
29524
25833
25832
25831
29498
30253
30252
29493
29488
30251
30250
29483
29492
29487
29482
29477
29464
29470
29471
25829
29478
29472
30249
29465
29448
25827
30248
24687
20677
24695
24704
24713
24714
24705
24696
24688
24680
24679
24670
20676
24653
24635
24618
24611
24612
24613
24620
24619
24636
24654
24671
24672
24673
20956
24681
24689
24697
20958
24706
20959
24715
20960
24724
24732
24731
24723
24722
24730
20678
24738
20679
24746
20680
24754
24763
24762
20681
24769
20682
24785
20683
24801
20684
24818
24825
20685
24831
24832
24833
24826
24827
24821
20971
20972
24850
24866
24867
24851
24852
24868
24886
24887
24869
24853
24854
24870
24871
24855
24872
24856
24857
24858
24874
24873
24891
24892
24909
24908
24907
24906
24890
24889
24888
24905
24904
24903
24902
24885
24884
24901
20975
24883
24882
24864
24865
24849
24844
24838
24837
24842
20686
24843
24848
24847
24863
24881
20687
24899
20688
24916
24900
24917
20689
24920
20690
24937
20691
24942
24947
24948
24943
24944
24939
24938
24921
20976
24922
24923
24924
24925
24926
24927
24928
24929
24930
24931
24932
24933
24934
24936
25357
24941
24946
25358
25359
24962
24967
25360
25361
24973
24979
24995
20979
24978
24972
24966
24965
24971
24977
24994
24993
24992
24991
24990
24989
24988
25004
25005
25006
25007
25008
25009
25010
25011
25012
25013
20980
25016
25019
25022
25025
25028
25031
25035
25039
25040
25369
25036
25368
25032
25367
20981
25366
25365
25364
24996
25363
25362
15726
20011
15727
20018
15728
20026
20027
20035
20052
20060
20068
20075
20086
20102
20085
15730
20101
15731
20107
20108
15732
20113
15733
20119
15734
20125
20126
16017
20142
20147
15735
20146
15736
20151
15737
20156
15738
20161
20166
16018
20162
20157
20152
20185
20184
20183
20182
20181
20180
20179
20178
20177
20176
20193
20197
20213
16020
20216
20198
20199
20200
20201
20202
20203
20204
20205
20206
20207
20208
20209
20210
20194
20190
20189
20188
20187
20186
20172
20191
20195
16019
20211
20214
20217
20219
20221
20223
20225
20227
20229
20231
20233
20235
20501
20500
20499
20498
20497
20496
20495
20494
20493
20492
20491
20490
20489
20488
20487
20174
20173
20168
20167
20163
20164
20159
20160
20165
20169
20486
20485
20484
20155
20483
20482
20150
20145
20481
20141
20124
20480
20479
20478
20112
20118
20123
20122
20139
20140
20144
20149
20154
20158
20153
20148
20143
20138
20137
20136
20135
20134
20133
20132
20131
20130
20129
20128
20127
16016
20121
20120
20114
20115
20109
20103
20087
20082
20081
20080
20074
20067
15729
20059
20051
20034
20036
20028
20029
20021
20020
20019
20012
20013
20006
20014
20007
19994
19993
19992
19991
19990
19982
19956
19955
19966
19981
19989
20005
20004
15725
19988
19980
19965
19954
19937
19920
19921
19938
19939
19922
19910
19909
24862
20974
24840
20973
24846
24841
25355
25354
24836
24830
25353
25352
24824
24817
24800
24799
24783
24784
24768
24761
20965
20964
24753
24745
20963
24736
24744
24752
24760
24759
24765
24766
24767
24782
24798
24815
24816
24823
24822
24828
24829
24835
24834
24839
24845
24861
24877
24876
24860
24859
24875
24893
24894
24910
24911
24912
24913
24914
24897
24896
24895
24878
24879
24880
24898
24915
25356
24919
24918
24935
24940
24945
20977
24961
24960
24959
24958
24957
24956
24955
24954
24953
24952
24951
24950
24949
20978
24976
24970
24969
24964
24963
20692
24968
20693
24974
24975
24998
25015
25018
25021
25024
25027
25030
25034
25038
25001
25002
25003
24987
24986
24985
24984
25000
24999
24983
24982
24981
24980
24997
20694
25014
20695
25017
20696
25020
20697
25023
20698
25026
20699
25029
20700
25033
20701
25037
25041
20702
25042
20982
25045
25048
20703
25049
25052
25055
20704
25051
20705
25054
25057
20706
25058
20984
25060
25063
20707
25062
20708
25065
20709
25068
25071
25088
25105
25107
20710
25125
20711
25127
20712
25129
20713
25131
20714
25133
25135
20716
25137
20717
25139
20715
25108
25109
25110
25111
25112
25113
25114
25115
25116
25117
25118
25119
25120
25121
25122
25123
25124
25382
25383
25384
25385
25386
25387
25388
25389
25140
25138
25136
25134
25132
25130
25128
25126
25106
25381
25380
20985
25104
25103
25102
25101
25100
25099
25098
25097
25096
25095
25094
25093
25092
25091
25090
20986
25089
25072
25069
25066
25073
25074
25075
25076
25077
25078
25079
25080
25081
25082
25083
25084
25085
25086
25087
25070
25067
25064
25061
25059
25056
25053
25050
20983
25047
25046
25043
25044
25370
25371
25372
25373
25374
25375
25376
25377
25378
25379
20170
15739
20171
20175
15740
20192
20196
15741
20212
15742
20215
20218
15743
20220
15744
20222
15745
20224
15746
20226
15747
20228
15748
20230
15749
20232
15750
20234
1242
1241
1240
1239
1238
1237
1236
1235
1234
1233
1232
1231
1230
1229
1228
1227
1226
1225
1224
1223
1222
1420
1221
1220
1219
1218
1217
1216
1215
1214
1213
1212
1211
1210
1209
1208
1207
1206
1205
1204
1203
1415
1202
1201
1200
1199
1198
1416
1414
1404
1407
1409
1410
1411
1412
1413
1686
1685
1684
1683
1682
1681
1680
1679
1678
1677
1676
1675
1674
1673
1672
1671
1670
1669
1668
1667
1666
1665
1664
1663
1662
1661
1660
1659
1658
1657
1656
1655
1654
1653
1652
1651
1650
1649
1648
1647
1646
1645
1644
1643
1642
1403
1641
1640
1639
1638
1637
1636
1635
1634
1633
1632
1631
1630
1629
1628
1627
1626
1625
1624
1623
1622
1621
1620
1619
1618
1617
1616
1615
1614
1613
1612
1611
1610
1609
1608
1607
1606
1605
1604
1603
1602
1601
1600
1599
1598
1597
1596
1595
1594
1593
1592
1591
1590
1589
1588
1587
1586
1585
1584
1583
1582
1581
1580
1579
1578
1577
1576
1575
1574
1573
1572
1571
1570
1569
1568
1567
1566
1565
1564
1563
1562
1561
1560
1559
1558
1557
1556
1555
1554
1553
1552
1551
1550
1549
1548
1547
1546
1545
1544
1543
1542
1541
1540
1539
1538
1537
1536
1535
1534
1533
1532
1531
1530
1529
1528
1527
1361
1526
1525
1524
1523
1522
1521
1520
1519
1518
1517
1516
1515
1514
1513
1512
1511
1510
1509
1508
1507
1506
1505
1504
1503
1502
1501
1500
1499
1498
1497
1496
1495
1494
1493
1492
1491
1490
1489
1488
1487
1486
1485
1484
1483
1482
1481
1480
1479
1478
1477
1476
1475
1474
1473
1472
1471
1470
1469
1468
1467
1466
1465
1464
1463
1462
1461
1460
1459
1458
1457
1456
1455
1454
1453
1452
1451
1450
1449
1448
1447
1446
1349
1445
1444
1443
1442
1441
1440
1439
1438
1437
1436
1435
1006
1007
1008
1009
1010
1011
1012
1013
1014
1015
1016
1017
1018
1019
1020
1021
1022
1023
1024
1025
1026
1027
1028
1029
1030
1031
1032
1033
1034
1035
1036
1037
1038
1039
1040
1041
1042
1043
1044
1045
1046
1047
1048
1049
1050
1051
1052
1350
1053
1054
1055
1056
1057
1058
1059
1060
1061
1062
1063
1064
1065
1066
1067
1068
1069
1070
1071
1072
1073
1074
1351
1352
1353
1075
1076
1077
1078
1079
1080
1081
1082
1083
1084
1085
1086
1087
1088
1089
1090
1359
1358
1357
1354
1355
1356
1360
1362
1363
1369
1368
1366
1365
1364
1091
1092
1093
1094
1095
1096
1097
1098
1099
1100
1101
1102
1103
1104
1105
1106
1367
1107
1108
1109
1110
1111
1112
1113
1114
1115
1116
1117
1118
1119
1120
1121
1122
1123
1124
1125
1126
1372
1373
1370
1371
1374
1375
1376
1377
1378
1381
1382
1384
1386
1389
1392
1395
1400
1397
1396
1164
1163
1162
1161
1160
1159
1158
1157
1156
1394
1393
1391
1155
1154
1153
1152
1151
1150
1149
1148
1147
1146
1145
1144
1143
1142
1141
1140
1139
1390
1388
1387
1138
1385
1137
1136
1135
1134
1133
1383
1380
1379
1132
1131
1130
1129
1128
1127
56690
56691
56692
56680
56668
56669
56681
56693
56694
56695
56933
56932
56683
56682
56670
56671
56931
56930
56659
56647
56929
56928
56635
56623
56927
56926
56611
56599
56584
56583
56582
51859
56598
56610
56609
56608
56620
56632
56644
56645
56633
56621
56622
56634
56646
56658
56657
56656
56655
56667
56679
56678
56666
56654
56642
56630
56643
56631
56619
56607
56618
56606
56595
56596
56597
56581
56565
56547
56548
56549
51857
56566
56550
56539
56925
56529
51854
56518
56519
56924
51006
46559
46560
51012
46561
51028
46562
51033
51038
51044
51062
46563
51078
46564
51083
46565
51088
46566
51093
46567
51098
46568
51103
46569
51108
46570
51113
51114
51109
51104
51099
51094
51089
51084
51079
51064
51065
51047
51048
51066
51067
51068
51069
51051
51050
51049
46862
51039
51063
51045
51046
51040
51034
51035
51030
51029
51013
51014
51007
51008
51002
51001
46860
50995
46558
50989
46557
50983
46556
50967
50968
50969
50984
50990
50996
50997
50998
51003
51009
46861
51015
51016
51017
51018
51019
51020
51021
51022
51023
51024
51025
51031
51036
46863
51041
51042
51060
46865
51077
51368
51082
51087
51369
51370
51092
51091
51090
51085
51086
51081
51080
51076
46864
51059
51058
51057
51056
51055
51054
51053
51052
51070
51071
51072
51073
51074
51075
51095
51100
51101
51111
51116
51115
51110
51105
51106
51096
51097
51371
51372
51102
51107
51373
51374
51112
51117
51375
46127
40995
46136
46137
46138
46128
40994
46118
40993
46109
40992
46100
40991
46091
40990
46082
40989
46073
40988
46055
46047
46048
46030
46029
46012
46005
45997
45998
45999
46007
46006
46014
46013
46031
46032
46015
46016
46033
41316
46050
46059
46058
46057
46049
46056
46074
46083
46084
46075
46093
46092
46101
46102
46111
46110
46119
46120
46129
46139
46130
46121
46112
46103
46094
46085
46076
46060
46061
46062
46063
46064
46065
46066
46051
46041
46042
46025
46027
45985
45977
45968
45959
45950
45949
45940
45931
41310
45921
45922
46373
46374
45932
45941
46375
45951
45960
46376
46377
45969
46378
45978
45986
46379
46380
45995
45994
41314
46003
46381
46011
46028
41315
46382
40489
40497
40496
40514
40515
40522
40521
35601
40539
35602
40547
35603
40555
35604
40563
35605
40571
35606
40579
35607
40587
35608
40595
40596
40597
40589
40588
40580
40581
40573
40572
40564
40565
40557
40549
40548
40556
40540
40541
40523
40524
40525
40526
40527
40528
40516
40498
40499
35915
40500
40501
40502
40503
40504
40505
40506
40529
40530
40531
40532
40533
40534
40542
40550
40558
40566
40574
40582
40590
40598
40599
40591
40592
40593
40594
40839
40840
40602
40601
40600
40584
40583
40575
40567
40569
40568
40576
40577
40585
40586
40838
40837
40578
40570
40836
40835
40562
40561
40560
40559
40551
40552
40553
40554
40834
40833
40546
40545
40544
40543
40535
40536
40518
35916
40510
40509
40508
40507
40517
40492
40485
40461
40453
40446
40438
40430
40422
40413
40405
40396
40387
40388
40371
40373
40372
40389
40390
40391
40374
40822
40821
40364
40347
40820
40819
40337
40336
40346
40363
40362
40361
35908
40344
40343
40342
40332
40323
40298
40314
40313
40312
40311
40310
40309
40308
40307
40306
35906
35907
40352
40353
40354
40355
40356
40357
40358
40359
40360
40370
40386
40385
40384
40383
40382
40381
40380
40379
35909
40369
40368
40378
40395
40404
40412
40421
40437
40429
40428
40427
40420
40411
40403
40394
40377
40376
40393
40366
40367
40350
40340
40349
40351
40341
40331
40330
40329
40339
40338
40328
40320
40303
35589
40294
35588
40285
35587
40276
35586
40259
40260
40277
40286
40295
35903
40304
35904
40321
40322
40305
40297
40288
40296
40287
40278
40279
40263
40262
40261
40252
40253
40244
40243
40234
40235
40215
40225
40224
40214
40197
40196
40213
40223
40233
40242
40251
40250
40241
40232
40222
40212
35585
40195
40182
40183
40184
40185
40198
40199
40186
40176
40175
40174
40173
40172
40156
40140
40141
40157
35887
40142
40126
40125
40124
40108
40109
40092
40091
40079
40067
35584
40051
40080
40081
40093
40094
40110
40111
40112
40113
40096
40095
35881
40082
40070
40097
40114
40130
40129
40128
40127
40143
35888
40158
40144
40145
40159
40187
40188
35891
40177
35889
40160
40146
40147
40131
40115
40116
40117
40133
40149
40132
40148
40161
40162
40163
40164
40178
35892
40189
40190
40207
40206
40205
40204
40203
40202
40201
40200
35894
35895
35897
35899
40264
40265
40266
40267
40268
40269
40270
40271
40272
40255
40246
40245
40254
40280
40289
40290
40281
40282
40291
40300
40299
40315
40324
40333
40334
40325
40316
40317
35905
40335
40345
40327
40326
40318
40319
40302
40818
40817
40293
40301
40292
40283
35902
40273
35901
40256
35900
35898
40247
40238
35896
40228
40227
40237
40236
40226
40216
40217
40218
40208
35893
40192
40180
40168
40167
40154
40153
40152
40151
40150
40165
40166
40179
40191
40209
40219
40229
40230
40239
40248
40257
40274
40284
40816
40275
40258
40249
40240
40231
40815
40814
40221
40220
40210
40211
40813
40194
40193
40181
35890
40171
40170
40169
40155
35885
40138
40139
35886
40123
40107
40812
40811
40090
40078
40077
40065
40050
40033
40034
35877
40066
40064
40049
35876
40048
40031
40019
40020
40032
40030
40018
40017
35875
40016
40000
40015
39999
39998
40014
40013
39997
39996
35873
35874
40029
40043
40042
40056
40057
40058
40044
40045
40059
35880
40084
40085
40102
40103
35883
40104
40105
35882
40088
40087
40086
40074
40073
40072
40060
40046
40047
40061
40062
40063
40075
40076
40089
40106
40122
40121
40137
35884
40120
40119
40136
40135
40134
40118
40101
40100
40099
40098
40083
40071
40055
40041
40040
40054
35879
40039
40038
40053
40069
40068
40052
35878
40037
40036
40035
40023
40007
39990
35583
39980
39981
35872
39991
39992
39993
40011
40012
40028
40027
40026
40025
40024
40008
40009
40010
39983
39982
39965
39964
39963
39954
39946
39947
39948
39955
35868
39956
39966
39967
39957
39968
35870
39984
39994
39995
39969
39970
39971
39972
39973
39974
39975
39985
40001
40002
40004
40003
39986
35871
39976
39977
39978
39987
39988
39989
40006
40022
40021
40005
39979
40810
39945
39952
39953
39962
39961
39960
39959
35869
39958
39950
39941
39940
39923
39924
39925
39909
39900
39899
39898
39908
39881
39882
39883
39884
39885
39886
39887
39888
39889
39872
39871
35862
39859
39841
39826
39814
39799
39788
39789
39790
39801
39800
39815
39816
39817
39829
39828
39827
39842
39843
39844
39845
39863
39864
39862
39861
39860
39858
39840
39813
39812
39811
39810
39809
35858
39808
35857
35856
39807
39797
39798
39783
39784
39785
39786
39787
39772
39773
39762
39761
39751
39752
39753
39754
39742
39731
39730
39741
39740
39729
39718
39707
39697
39698
39708
39719
39720
39721
39732
39743
39744
39745
39734
39733
39722
39723
40801
40802
40803
40804
40805
40806
39766
39756
39755
39765
39764
39763
39774
39775
39792
39776
39777
39793
39794
40807
35859
39820
39819
39804
39803
39791
39802
39818
39830
39831
39846
39847
39865
39876
39875
39874
39873
39890
39891
39901
39902
39903
39893
39892
39912
39927
39911
39910
39926
39942
35867
39951
39943
39944
39928
39929
39913
40809
40808
34440
34457
34458
34476
34475
34474
30451
34490
34496
34497
34498
34507
34508
34499
34492
34491
34506
34522
30452
34505
34521
34529
30453
34545
34554
30454
34569
30455
34579
30456
34589
34599
30457
34555
34571
34570
34580
34581
34591
34590
34600
34601
34612
34611
34625
34636
30734
34670
34669
34652
34635
34624
34610
34609
34623
34634
30458
34651
30459
34668
34679
34680
34698
34697
34708
30460
34724
34735
34746
34747
34736
34725
34709
34710
34726
34737
34738
30739
34748
34749
30740
34760
34771
34772
34761
30741
34773
34789
34788
34787
34799
30743
34811
34825
34824
34823
34836
34837
34853
34870
34886
34887
34888
34855
34872
34871
34854
34838
34839
34826
34812
34800
34801
34813
34827
34840
34856
30746
34873
34874
34858
34857
34841
34842
34843
34844
34860
34859
34875
34876
34877
34878
34879
34863
34862
34861
34845
34846
34847
34848
34864
34880
34881
34865
34866
34867
34850
35395
34833
34820
35394
34807
34806
34819
34832
30745
34849
34818
34831
34830
30744
34816
34817
30742
34805
34793
34794
34795
35393
34783
34782
34766
34767
35392
35391
34756
34745
35390
35389
34734
34733
34732
34743
34744
34755
34754
34765
34781
34780
34779
34778
34777
34790
34791
34792
34804
34803
34815
34829
34828
34814
34802
34774
34775
34776
34762
34751
34740
34741
34752
34763
34764
34753
34742
34731
34730
34729
34719
34718
34717
34716
34715
34714
34713
30738
34750
34739
34728
34727
34711
34712
34701
34700
34699
34681
34682
34671
34673
34655
34656
34657
34658
34642
34641
34640
34639
34627
34614
34615
34616
34617
34618
34619
34620
34628
34645
34644
34643
34659
34660
34661
34674
34675
34691
34676
34663
34647
34648
34649
34631
34630
30733
34629
34646
34662
34664
34665
34694
34706
34695
34677
34666
34650
34632
34622
34607
34597
30730
34606
34605
34621
34604
34594
34595
34596
34586
34585
34584
34574
34575
34576
34564
34563
34550
34541
34551
34565
34566
34567
34552
30727
34542
30726
30725
34518
34502
34503
34494
34487
34488
34472
30720
34455
34456
35379
35380
34473
34489
35381
34495
34504
34520
34519
34543
34527
34528
35382
34544
34553
34568
35383
34578
34577
34587
34588
35384
35385
34598
35386
34608
30731
34633
35387
34667
35388
34678
34696
34707
34723
34722
30737
34705
30736
34693
34692
34704
34721
34720
34703
34702
34690
34689
34688
34687
34686
34685
30735
34684
34683
34672
34654
34653
34637
34638
34626
30732
34613
34603
34602
34592
34593
34583
34582
34572
34573
34556
30728
34548
34533
34532
34531
34547
34546
34530
34523
34524
34509
34510
34511
34512
34513
34514
34515
34539
34538
34537
34536
34535
34534
30729
34557
34558
34559
34560
34561
34562
34549
34540
34525
34526
30724
34516
34517
34501
34500
30723
34493
34485
34483
34484
34467
34450
34451
34468
34469
34470
30721
34486
34471
34453
34452
34435
34454
30719
34437
34436
30718
34429
34430
34438
34439
35378
34431
34415
34399
34384
34383
34376
34377
35375
35376
35377
34391
34390
34398
34414
30717
34397
34396
34389
34382
34375
34368
34361
34355
34348
34341
34335
34329
34321
34290
34305
34304
34320
34319
34328
34334
34340
34347
34354
34360
34367
34374
34381
34388
30716
34395
34413
34412
34428
34427
34411
34410
34426
34425
34409
34408
34424
34423
34422
34407
34406
34405
34421
34420
34419
34418
34434
34442
34443
34444
34445
34462
34461
34478
34479
34480
34463
34446
34447
34448
34449
34466
34465
34482
34481
34464
30722
34477
34460
34459
34441
34433
30450
34432
34416
34400
34401
34417
34402
34403
34404
30715
34387
34380
34373
34372
34379
30714
34386
34394
34393
34392
34385
34378
30449
34371
30448
34364
30447
30713
34358
34365
34366
34359
34353
34352
34345
34346
34339
34333
34327
34312
34311
34294
34286
34285
34276
34277
34268
30705
34261
30703
34253
30701
34244
30700
34235
30699
34226
34216
34217
34208
30697
34200
34199
30439
34198
34207
34215
30440
34225
34234
34243
34252
34260
34267
30441
34275
30442
34284
34292
30443
34293
34310
34325
30710
34326
30711
34332
34338
34351
30446
34344
30445
34337
30444
34331
34309
40800
40799
35852
35851
39669
39652
40798
40797
40796
39607
40795
40794
39596
39595
39606
39605
39594
39592
39603
39602
39601
39619
39636
39646
39647
39637
39620
39618
39635
39634
39633
39616
39617
39590
39580
39581
39591
39582
39583
39593
39604
39622
39621
39638
39639
39649
39648
39665
39666
39678
39679
39667
39650
39640
39623
39624
39641
39651
39668
39680
39691
39702
39712
39711
39701
39690
39689
39700
39710
39709
39699
39688
39677
39676
39675
39686
39687
39664
39663
39662
39661
39660
39659
39658
39657
39645
39656
39674
39685
39696
39706
39717
39728
39739
39750
39760
39771
39782
39781
39780
35855
39769
39758
39759
39770
39749
39748
39737
39736
39725
39726
39727
39738
39716
39715
39714
35571
39713
35572
39724
35573
39735
35574
39746
39747
35854
39757
39768
39779
39796
39806
39822
39833
39849
39851
39850
39834
39823
39824
39825
39835
35860
35861
39836
39837
39838
39839
39857
39856
39855
39854
39853
39852
39870
39869
35863
39880
39897
39907
35864
39918
39919
39920
39921
39922
39939
39938
39937
39936
39935
39934
39949
35866
39933
35865
39917
39916
39932
39931
39930
35582
39914
39915
39895
39878
39867
39868
39879
39896
39906
39905
39904
35581
39894
35580
39877
35579
39866
35578
39848
39832
39821
39805
39795
35577
39778
35576
39767
35575
46336
45258
45257
45267
45268
46337
46338
45278
45287
46339
46340
45297
45286
45277
45276
45275
45284
45285
45266
45265
45255
45256
45246
45247
45230
45229
45228
45245
45244
45242
45241
45240
45239
45238
45226
45237
45253
45263
45273
45282
45292
45302
45301
45317
45326
41286
45300
41285
45290
45280
45279
41284
45270
45260
45250
45251
45234
45261
45271
45291
45281
45272
45262
45252
45236
45225
45235
41283
45224
45223
45207
45197
45196
45186
45187
45171
45170
45158
45141
45129
45112
45097
45081
45082
45072
45083
45084
45073
41269
45064
45063
45047
45046
41268
45034
45035
45036
45020
45011
45010
45009
41265
45019
45037
45048
45049
45038
41266
45021
45022
45023
45024
45025
45026
41267
45039
45027
45013
45001
45000
44999
44998
44997
44996
45012
44995
44994
44993
44983
44966
41260
44954
44955
44956
44967
44968
44985
44984
44986
44971
44970
44969
44958
44957
44943
44944
44926
44927
41258
44928
44929
44930
41259
44945
44946
44947
44948
44934
44935
44917
44916
44933
44932
44931
44915
44914
44899
44898
44868
44867
44851
44852
44853
44839
44840
44854
44870
44869
44884
44885
44900
44901
44902
44903
44886
44873
44874
44888
44887
44904
44905
44906
46330
44937
44919
44918
44936
44950
44951
46331
44963
44980
44979
41261
44990
45007
45006
45016
45017
46332
45044
45032
45031
45030
45015
45005
44989
44988
44960
44949
44961
44962
44978
44977
44976
44975
44959
44974
44973
44972
44987
45002
45003
45004
45014
45029
45028
45040
45057
45056
45055
45066
45075
41271
45091
45106
45105
45122
45121
45104
45103
45102
45119
45120
45118
45117
45100
45087
45088
45101
45089
45090
45054
45053
45052
45051
45050
45065
45074
45086
45085
41272
45099
45116
45133
45115
45114
45098
45113
41273
45130
45142
45159
45160
45172
41276
45162
45163
45174
45175
45176
45177
45178
45179
45150
45149
45148
45147
45146
45145
45144
45132
45131
41274
45143
45161
45173
41277
45188
41279
45198
41281
45208
45209
45210
45189
45199
45211
45212
45213
45214
45215
45200
45190
45180
45164
45151
45134
45136
45135
45123
45124
45125
45126
45109
45108
45107
45092
41270
45076
45067
45058
45041
45042
45043
45069
45078
45079
46333
45070
45061
45060
45059
45068
45077
45093
45094
45095
45110
45127
46334
45139
45138
45137
45154
45155
45156
45168
45184
45183
45167
45166
45153
45152
41275
45165
45182
45181
41278
41280
45201
45191
45192
45202
45203
45193
45194
45204
45221
46335
45248
45231
45220
45219
45218
45217
45216
45227
45243
45254
45264
45274
45283
45293
45319
45331
45330
45329
45347
45346
45328
45327
41287
45318
45303
45304
45305
45306
45307
45308
45309
45310
45312
45322
45321
45335
45336
45354
45372
45390
45399
45408
45409
46343
46342
45400
45391
45373
45355
45337
46341
45323
45314
45313
45296
45295
45294
45311
45320
45334
45333
45332
45350
45351
45369
45387
45386
45385
45396
45405
45406
45414
45423
45432
45449
45450
45459
45460
45451
45452
45461
45470
41289
45479
45471
46348
46347
45462
45453
46346
45436
45435
45417
45418
46344
46345
45427
45426
45425
45434
45433
45424
45415
45416
45407
45398
45397
45388
45389
45371
45353
45352
45370
45368
45367
45349
45348
45366
45384
45383
45365
45364
45382
45381
45380
45379
45361
45362
45363
45345
45344
45343
45342
45341
45359
45360
45378
45377
45376
45394
45395
45404
45413
45422
45431
45440
45457
45466
45475
45483
45484
45501
45518
45517
45500
41291
45482
45474
45465
45456
45455
45464
45473
41290
45481
45498
45499
45515
45516
45533
45550
45559
45560
45576
45585
45586
45587
45588
45589
45590
45591
45592
45602
45610
45618
45641
45658
45659
45642
45668
45676
45677
45669
45660
45661
45643
45644
45662
45670
46357
46358
45678
45695
46359
45704
46360
46361
45713
41299
45730
41300
45747
46362
46363
45757
45774
46364
46365
45783
46366
46367
45808
45792
45791
45782
45773
41301
45756
45755
45746
45729
45711
45712
45703
45694
45693
45702
45692
45691
45690
45689
45688
45687
45686
45685
45684
45683
45682
45700
45709
45708
45707
45716
45717
45718
45719
45736
45735
45752
45762
45779
45763
45764
45765
45766
45767
45768
45769
45753
45771
45770
45780
45789
45805
45804
45820
45821
45837
45854
41307
45869
45886
45903
45920
45919
45929
45930
45939
45938
41312
45948
45958
45967
45976
45984
45993
46002
46010
46026
46043
46044
41317
46053
46045
46046
46054
46072
46081
46383
46384
46090
46089
46088
46079
46078
46087
46096
46105
46114
46123
46124
46115
46116
46117
46387
46386
46385
46099
46108
46107
46106
46097
46098
46080
46071
46070
46069
46052
46068
46067
46077
46086
46095
46104
46113
46122
46131
46140
46141
46132
46133
46142
46143
46134
46125
46126
46388
46389
46135
46144
46390
1398
1399
1165
1166
1167
1168
1169
1401
1402
1170
1171
1172
1173
1174
1175
1176
1177
1178
1179
1406
1405
1180
1181
1182
1183
1184
1408
1185
1186
1187
1188
1189
1190
1191
1192
1193
1194
1195
1196
1197
35168
35169
35415
35414
35164
35159
35413
35412
35154
35149
35411
35410
35144
35139
35409
35408
35134
35129
35128
35133
35138
35143
35148
35153
35158
35163
35167
35162
35157
35152
35147
35142
35137
35132
35126
35127
35109
35092
35110
35111
35093
35407
35406
35054
35405
35404
29897
25587
29891
25586
29885
25585
29879
25584
29880
29873
25861
29857
29849
29856
29848
25583
29840
25582
29833
29834
29835
29828
29827
29826
29809
29810
29811
29802
29803
29812
29813
25858
25859
29843
29842
29841
29850
29851
29858
29874
29881
29887
29886
29892
29893
29899
29898
25863
29903
29904
29910
29916
29933
25865
29932
29915
29909
25588
29908
25589
29914
25590
29931
29936
29952
29970
29988
25591
30006
25592
30010
25593
30014
25594
30018
25595
30022
25596
30026
25597
30030
25598
30034
30035
30031
30027
30023
30019
30015
30011
30007
29989
29990
29972
29954
29953
29971
29973
29991
29992
29974
29975
29993
29994
29995
29996
29997
29998
29980
29979
29978
29977
29976
29958
29940
29939
29938
29937
29955
29956
29957
29959
29941
29960
29942
29943
29944
29961
29962
29945
29963
29981
29999
30000
30001
30002
29985
30003
30008
30012
30016
30020
30024
30028
30032
30036
30037
30288
30033
30287
30286
30029
30025
30285
30284
30021
30017
30283
30282
30013
30009
30281
29987
30005
30004
29986
29968
29969
29951
29950
29949
29967
29966
29984
29983
29982
29964
29965
29946
29947
29948
29934
29929
30280
29935
29930
30279
29913
29907
30278
30277
29902
29896
30276
30275
29890
29884
25862
29877
29876
29883
29889
29895
29901
29906
29912
29928
29927
29926
29925
29924
29923
29922
29921
29920
29919
29918
29917
25864
29911
29905
29900
29894
29888
29882
29875
29859
29860
29861
29862
29863
29864
29865
29866
29867
29868
29869
29852
29844
29845
29837
29836
29829
29830
29832
29831
29838
29846
29854
29853
29870
25860
29871
29878
30274
30273
29872
29855
30272
30271
29847
29839
30270
30269
30268
29825
29824
29823
25857
29822
29805
29796
29795
29804
29821
29820
29819
29818
29817
29816
29815
29814
25856
29778
29779
29780
29781
29782
29783
29784
29785
29786
29787
29788
29789
29790
29799
30266
30267
29808
29807
29806
29797
29798
29772
29762
29771
29770
25853
29760
29761
29745
29746
29747
29763
29773
29764
29748
29731
29715
30265
30264
29707
29706
25849
29705
29714
29730
29729
29713
29712
29728
29727
29726
29743
29744
29759
29758
29757
29756
29740
29741
29742
29725
29724
29723
29722
29739
29755
29754
29738
29721
29720
29719
29718
25850
29711
29710
29693
29687
29686
25577
29685
29691
29708
25578
29692
29709
25851
29734
25852
29735
29736
29737
29753
29752
29769
29777
29794
29793
29776
29768
29767
29792
25855
29775
25854
29766
29750
29751
29733
29717
29716
25579
29732
29749
25580
29765
25581
29774
29791
29801
29800
34910
35396
34893
34883
34882
34892
34909
34908
34925
34923
34924
34934
34951
34950
34966
34983
35001
35000
34999
34998
34997
34980
34963
34962
34961
34960
34959
34977
34978
34979
34996
34995
34994
34993
34976
34975
34992
34991
34990
34973
34974
34940
34958
34957
34956
34955
34938
34939
34930
34929
34912
34895
34894
34884
30466
34868
30465
34851
34834
34821
30464
34808
34809
34810
34798
34786
34785
34769
34770
34759
34758
34757
30461
34768
30462
34784
34796
30463
34797
34822
34835
34852
34869
34885
34896
34897
34914
34931
34932
34941
34942
34943
34944
34945
34946
34947
34964
34981
34982
34965
34948
34949
34933
34922
34905
34906
34907
34891
34890
34889
34904
34903
34902
34920
34921
34919
34901
34900
34918
34917
30747
34899
34898
34916
34915
34913
34911
34928
34937
34954
34988
34971
34972
34989
30749
35005
35032
35027
35011
35006
30750
35012
35013
35014
35015
35016
35017
35018
35019
35020
35021
35023
35029
35030
35035
35034
35039
35038
35033
35028
35022
35007
35002
35003
35008
35024
35009
35004
34986
34985
34984
34967
34968
34969
34952
30748
34935
34926
34927
34936
35397
35398
34953
34970
34987
35399
35400
35025
35401
35402
35403
35040
35044
35043
35042
35047
35052
35057
35073
30752
35048
35049
35053
35058
35075
35074
35091
35090
35108
35107
35125
35124
35106
35088
35089
35072
35071
35070
35087
35086
35069
35068
35085
35067
35065
35066
35084
35102
35103
35104
35105
35123
35122
35121
35120
35119
35118
35100
35082
35083
35101
35099
35117
35116
35098
35097
35096
35078
35077
35095
35113
35112
30474
35130
30475
35135
30476
35140
30477
35145
30478
35150
30479
35155
30480
35160
30481
35165
35166
35161
35156
35151
35146
35141
35136
35131
35114
35115
35079
35080
35081
35064
35063
35062
35061
35060
35076
35094
35059
35056
35051
35055
30473
35050
30472
35045
30471
35046
35041
30751
35037
30470
35036
35031
30469
35026
30468
35010
30467
40825
40417
40409
40824
40823
40400
40399
40408
40407
40398
40397
40406
40414
35911
40423
40415
40416
40424
40425
40440
40448
40447
40439
40431
40432
40433
40826
40827
40441
40449
40828
40829
40456
40464
40830
40481
40488
40831
40832
40495
40513
40520
40538
40537
40519
40512
40511
40493
40486
40494
40487
40480
40463
40455
40454
40462
40479
40478
40477
40476
40475
40474
40473
40472
40471
40470
40469
40468
40484
40491
35914
40490
40483
35600
40482
40465
35599
40457
35598
35912
40450
40458
35913
40466
40467
40460
40459
40451
40452
40445
40444
40436
40435
40443
40442
35597
40434
35596
40426
35595
40418
35594
40419
40410
35910
40402
40401
35593
40392
35592
40375
35591
40365
35590
40348
46370
45871
41308
45888
46371
46372
45905
41309
45904
45887
45870
45855
45840
46369
46368
45824
45823
45807
45839
41306
41305
45838
41304
45822
41303
45806
41302
45790
45781
45772
45754
45745
45728
45727
45744
45743
45742
45741
45740
45739
45738
45737
45720
45721
45722
45723
45724
45725
45726
45710
45701
45675
45667
45657
45656
45655
45654
45653
45652
45651
45650
45674
45666
45665
45664
45672
45673
45681
45699
45698
45697
45680
41298
45646
45647
45648
45649
45640
45624
45639
41296
45638
45623
45615
45616
45617
45625
45626
45627
45628
45629
45630
45631
45632
45633
45634
45635
45636
41297
45619
45611
45603
45604
45612
45620
41295
46356
46355
46354
46353
45596
45595
45594
45593
45577
45568
45567
45566
45565
45564
45563
45562
45561
45551
45534
45535
45536
45519
45502
45485
45486
45503
45520
45537
45538
45539
45522
45523
45540
45541
45524
45525
45542
45552
45569
45578
45570
45553
45543
45526
45509
45508
45507
45506
45505
45521
45504
45487
45488
45489
45490
45491
45492
45493
45510
45527
45544
45554
45545
45546
45555
41293
45571
45579
41294
46352
46351
46350
46349
45529
45528
41292
45511
45512
45496
45495
45494
45478
45469
45468
45477
45476
45467
45458
45448
45447
45446
45445
45444
45443
45442
45441
45439
45438
41288
45429
45430
45421
45420
45411
45412
45403
45402
45393
45375
45357
45358
45340
45339
45325
45316
40955
45315
45324
45338
45356
45374
40956
45392
40957
45401
40958
45410
40959
45419
40960
45428
40961
45437
40962
45454
40963
45463
40964
45472
40965
45480
40966
45497
45513
45514
45548
45547
40967
45530
45531
45532
45549
45558
45574
45575
45582
45599
45600
45583
45584
45601
45609
45608
45607
45606
45598
45581
45573
45557
45556
40968
45572
45580
40969
45597
40970
45605
40971
45613
45614
45622
45621
45637
45645
40972
45663
40973
45671
40974
45679
40975
45696
40976
45705
45706
45715
45714
45731
45748
40977
45749
45732
45733
45734
45751
45750
45777
45776
40978
45775
45758
45759
45760
45761
45778
45787
45788
45797
45813
45812
45828
45844
45843
45858
45859
45875
45892
45891
45874
45873
45890
45907
45908
45925
45934
45933
41311
45924
45923
40980
45906
45889
45872
45856
45857
45842
45841
45825
45826
45827
45811
45794
45810
45809
45793
45784
40979
45785
45786
45795
45796
45798
45814
45830
45829
45845
45846
45860
45876
45893
45911
45912
45913
45914
45897
45898
45915
45916
45899
45882
45883
45867
45866
45851
45850
45865
45881
45880
45864
45879
45878
45896
45895
45894
45877
45861
45862
45847
45831
45815
45799
45800
45801
45802
45803
45819
45818
45817
45816
45832
45848
45863
45849
45833
45834
45835
45836
45852
45853
45868
45884
45885
45902
45901
45900
45917
45918
45928
45937
45947
45957
45966
45975
45983
45992
46001
46009
46024
46023
46040
46039
46022
46021
46020
46037
46038
46036
46019
46018
46035
46034
46017
46008
46000
45991
45990
45981
45982
45974
45965
45956
45964
45973
45972
45963
45962
45953
45954
45955
45945
45946
45936
45927
45910
45909
45926
45935
45944
45943
40981
45942
40982
45952
40983
45961
40984
45970
45971
41313
45979
45980
45989
45988
40985
45987
40986
45996
40987
46004
51061
51043
51037
51367
51366
51032
51026
51027
51011
51365
51364
51005
51000
51363
51362
50994
51010
51004
50999
50993
50987
50981
46858
50964
50957
50958
50965
46859
50982
51361
50988
50966
51360
50959
51359
50951
50950
50941
50942
51358
51357
50933
50932
50931
50930
50939
50938
50929
50921
50920
50911
50902
50903
50904
50895
50886
50887
50896
50905
50914
50923
50924
51356
51355
50915
50906
51354
51353
50897
50888
51352
46854
50870
51351
50853
46852
50845
51350
51349
50837
50836
50844
50842
50834
50835
50843
50852
50851
50859
46853
50867
50868
50860
50861
50869
50879
50878
50877
50885
50876
50884
50893
50894
50912
50913
50922
50940
50949
50948
50947
46856
50956
50963
50980
50979
50978
50977
50976
50975
50974
50973
50972
50971
50986
50992
50991
50985
50970
50961
50962
50955
50954
50953
50960
46857
50952
46555
50943
46554
50934
46553
50925
46552
50917
50908
50899
50890
50891
50900
50909
50918
50926
50927
50936
50935
50944
50945
50946
50937
50928
50919
50910
50901
50892
50883
50875
50866
50858
50857
50865
50874
50882
50881
46855
50873
50872
50863
50864
50856
50855
50847
50848
50849
50850
50841
50840
46851
50839
50831
50832
50833
50817
50818
50819
50820
50796
50795
50779
50778
50794
50793
50810
46850
50816
46849
50815
50809
46847
50792
46846
46845
50769
50770
50776
50777
50771
50745
46839
50744
50729
50728
50730
46840
50746
50747
46841
50748
50749
50750
50734
50733
50732
50731
46838
50722
50721
50720
50703
50696
50681
50680
50679
50678
46538
50694
46539
50701
50702
50695
50719
46540
50718
50727
50743
50759
50760
50761
50762
50763
46843
50780
50781
50797
50798
50782
50783
50784
50785
50786
50787
50803
50802
50801
50800
50799
50821
50822
50823
50824
50825
50826
50827
50828
50812
50811
50804
50788
50772
46844
50764
50754
50753
50752
50751
50735
50736
50737
50738
50739
50765
50755
50756
50766
50773
50789
50805
50806
46848
50813
50829
50807
50790
50774
50767
50758
50742
50741
50757
46842
50740
50724
50715
50714
50723
46837
50713
50712
50711
50710
50709
50708
50707
50706
50705
50704
46836
50697
50682
50674
50683
50684
50685
50686
50687
50688
50689
50690
50691
50692
50698
50699
50693
50675
50667
50676
50677
50700
50716
50725
50726
50717
46835
51348
46834
46833
50670
50662
51347
51346
51345
46828
50591
50574
51344
51343
50568
50567
50573
50572
50566
50560
50561
50562
51342
51341
50556
50550
51340
51339
50544
50528
51338
51337
50522
50516
50515
50521
50527
50526
50542
46825
50543
50549
50555
50554
50548
50541
50525
50519
50520
50514
50513
50512
50511
50510
50509
50508
50540
50539
50538
50537
50536
50535
50534
50533
50532
50531
50530
50547
50546
50552
50558
50559
50553
46826
50578
50577
50576
50593
50594
50599
50600
50601
50579
50580
50581
50582
50583
50584
50585
50586
50587
50588
50595
50589
50590
50596
50612
50628
50645
50661
50669
50668
50660
50644
50627
46830
50611
50610
50609
50608
50625
50641
50626
50642
50643
50659
50658
50657
50656
50640
50624
50607
50606
50623
50622
50621
50604
50605
50603
50602
50619
50620
50637
50638
50639
50655
50654
50653
50652
50636
50635
50651
50650
50666
46832
46831
50633
50634
50618
50617
50616
50615
50598
46829
50614
50630
50631
50632
50649
50648
50647
50664
50665
50673
50672
50671
46537
50663
50646
46536
50629
50613
50597
46535
50592
46534
50575
46533
50569
46827
50570
50571
50565
50564
46532
50563
50557
46531
50551
46530
50545
46529
50529
50523
46528
50517
46527
50499
50500
50501
50518
50524
50502
50503
50504
50505
50506
50507
50482
50483
50484
50485
50486
50487
50488
50489
50490
50496
50497
50491
50492
50498
46824
50493
50475
50469
46822
50470
51336
50464
50463
50446
50447
51335
51334
50440
50434
51333
45289
45299
45298
40954
45288
40953
45269
40952
45259
40951
45249
40950
45232
40949
45233
45222
41282
45206
45205
40948
45195
45185
45169
40947
45157
40946
45140
40945
45128
40944
45111
40943
45096
40942
45080
45071
45062
40941
45045
40940
45033
45018
41264
41263
44992
41262
44982
44965
44953
44939
44921
44922
44940
44941
44942
44923
44924
44925
44911
44894
44895
44912
44913
44897
44896
44883
44866
44850
44838
44823
44824
44825
44826
44810
44780
44795
44796
44781
44782
44798
44797
44812
44811
44827
41251
44813
44814
44800
44799
44784
44783
44766
41247
44750
44737
44738
44722
44736
44709
44708
44692
44693
44676
44675
44659
44658
44657
44656
44655
41241
44672
44673
44674
44691
44707
44706
44690
44689
44688
44687
44703
44719
41245
44731
44720
44704
44705
44732
44733
44734
44721
44735
44749
44765
44764
44779
44794
44778
44763
44762
44777
41250
44793
44809
44808
44792
41249
44776
44775
44760
44761
44748
44747
41246
44746
44730
44718
44717
44716
44700
44701
44702
44686
41242
44670
44671
44669
44685
44684
44668
44667
40930
44683
44699
40931
44715
44727
44743
44755
40932
44771
44788
40933
44803
44804
44818
44817
44819
44805
44789
44790
44773
44772
41248
44756
44744
44728
44729
44745
44757
44758
44759
44774
44791
44807
44806
44820
44834
44821
44835
44847
44848
44836
44837
44822
44849
44865
41255
44882
44864
44863
44881
44893
44910
44909
41257
44892
44880
41254
44846
41253
44833
44832
40934
44831
44845
44861
44862
44879
41256
44908
44891
44878
44877
40935
44890
44907
44920
44938
40936
44952
40937
44964
40938
44981
40939
44991
45008
51326
51325
51324
50170
50187
50186
50169
50168
50167
50166
50165
50182
50181
50164
46801
50151
50152
50153
50154
50138
46799
50146
50145
50144
50135
46798
46796
50112
50111
50110
50127
50126
50109
50108
50107
50106
50125
50124
50123
50122
50105
50104
50121
46797
50120
50103
50102
50101
50094
50095
50088
50087
50080
50081
50057
50050
50033
50034
50035
50036
50037
50038
50039
50040
50041
50042
50043
50051
50058
50059
50052
50044
50045
51320
46794
51321
51322
51323
46795
50115
50130
50128
50136
50137
50129
50114
50113
50096
50097
50090
50089
50082
50083
50076
50075
50074
50073
50072
50071
50070
50069
50068
50067
50066
50065
50064
50063
50062
50055
50056
50049
50048
50031
50030
50024
50018
50019
50025
46793
50032
50026
50020
50013
46791
50006
46790
49998
46788
49990
46786
49981
49973
49957
49956
49955
49954
49953
46495
49970
46496
49978
49987
49988
49996
49995
56886
56887
55184
55174
55173
55172
55162
55161
55171
55181
55182
55183
51766
55193
55203
56888
56889
55213
55223
56890
56891
55233
55243
56892
55259
55276
55275
51769
55287
55303
55302
55320
55321
50098
50116
50099
50117
50132
50131
46505
50139
50147
50140
50148
50156
50155
46506
50171
46507
50188
46508
50197
46509
50206
46510
50215
50232
46511
50241
46512
50251
46513
50261
50278
46514
50279
50262
50252
50242
50233
50216
50198
50207
50208
50199
50200
50209
50210
50201
50192
50175
50176
50177
50178
50179
50180
50163
50162
50161
50160
50159
50158
46804
50173
50172
50189
50190
50191
50174
50157
46802
50149
46800
50150
46803
50143
50142
50141
50133
50134
50119
50118
50100
50093
50086
50079
50078
50085
50092
46504
50091
50084
46503
50077
46502
50060
50061
50054
50047
50053
46501
50046
46500
50029
46499
50023
46498
50017
46497
50010
50003
50004
50011
50012
50005
49997
49989
49980
49979
49971
49972
49939
49938
46494
49937
49928
49919
49909
46493
49893
49910
49920
49929
46783
49930
49921
46782
49911
49896
49897
49912
49913
49922
49931
46784
49940
49958
49959
49941
49942
49960
49961
49943
49944
49962
49964
49963
49945
49946
49947
49965
49966
49948
49949
49967
49983
46787
49992
49984
49977
46785
51316
49986
49985
49993
49994
50002
50009
51317
51318
51319
50028
50027
50021
50022
46792
50016
50015
50008
50001
50000
50014
50007
49999
46789
49991
49982
49974
49975
49976
49968
49969
49951
49950
49934
49933
49932
49923
49914
49915
49924
49925
49916
49918
51312
46781
49892
49891
49908
49917
49926
49927
49935
51315
49952
49936
51314
51313
44638
44650
40929
44651
44652
44640
44641
41240
44653
44654
44642
41239
44631
41237
44622
44621
44630
44639
44629
44620
44628
44619
44611
44593
44594
44595
41234
44612
44596
44578
44577
44576
44575
44559
40928
44552
40927
44536
44527
40926
44528
41233
44560
44562
44563
44581
44564
44565
44583
44582
44600
44599
41235
44613
44597
44598
44580
44579
44561
44553
44538
44539
44540
44541
44542
44543
44544
44545
44546
44547
44532
44523
44515
44506
44497
44488
44479
44470
44469
44468
44467
44466
44465
44464
44463
44462
44477
44486
44495
44504
44513
44521
44530
44537
41232
44529
44520
44512
44503
44494
44485
44493
44502
44511
41231
44519
44510
40925
44501
40924
44492
40923
44483
40922
44484
44475
41230
44476
44460
44450
44451
41229
44461
44452
44442
44441
44424
44423
41225
44415
41223
44400
44439
44440
44449
44459
40921
44458
44448
40920
44438
44422
44414
51302
51303
49718
49735
49717
49716
49705
49704
49694
49677
49668
46768
46769
49676
49693
49692
49703
49713
49714
49715
49732
49731
49748
46771
49765
49749
49747
49730
49729
49746
49745
49763
49764
49762
49761
49760
49759
49741
49742
49743
49744
49728
49727
49726
49725
49724
49723
49740
49757
49739
49722
49700
49699
49682
49681
46770
49698
49697
46485
49680
46484
49671
46483
49663
46482
49655
49647
49656
49648
46765
49640
46764
49632
49615
49616
49606
46763
49597
46762
49588
46761
49572
49571
49570
49587
49586
49595
49596
49598
49599
49590
49589
49573
49556
49557
49549
49548
49513
49514
49498
49497
49488
49480
49466
49479
46754
49487
49489
49481
49468
49467
49460
49459
49458
49465
49464
49478
49486
49494
49495
49496
49512
49511
49529
49546
49554
49562
49569
49561
49553
49545
49527
49528
49510
49509
49493
49485
49477
46480
49463
49457
49456
49439
49422
49405
49388
49389
49406
49407
49390
49381
49373
49365
49357
49349
49341
49333
49326
49309
49310
49342
49334
49327
49311
49312
49328
49335
49343
49350
49351
49359
49367
49358
49366
49374
49375
49383
49393
49394
49411
49410
49409
49392
49382
49391
49408
49424
49423
49440
49441
49442
49425
49426
49443
49444
49427
49428
49429
49412
49395
49396
49397
49431
49430
49413
49414
49415
49398
49399
49416
49450
49451
49452
46753
49475
49461
46752
49453
49436
49437
49420
49403
49386
49387
46748
49404
46749
49421
46750
49438
49455
49454
49476
49462
51287
51286
51285
51284
51283
51282
49379
49371
51281
51280
49363
49355
51279
51278
49347
49346
49354
49353
49345
49337
49336
49344
49352
49360
49368
49369
49361
49362
49370
49378
49377
49385
49384
49376
49400
49417
49401
49402
49419
49418
49435
49434
49433
49432
49449
49448
49447
49446
49445
46751
49469
49470
49471
49472
49473
49474
49482
49490
49505
49504
49503
49519
49520
49521
49539
49538
49537
49536
49535
49517
49518
49502
49501
49500
49499
49515
49516
49534
49533
49532
49531
49530
46757
49547
46758
49555
49563
46759
49564
49565
49574
49575
49576
49577
49578
49579
49580
49581
49582
49583
49592
49593
49584
46760
49567
49559
49551
49552
51291
51292
49560
49568
51293
51294
49585
49594
51295
51296
49603
49612
51297
51298
51299
51300
51301
46767
49670
49679
49696
49707
49706
49695
49678
49669
49662
49661
49653
49654
49646
49645
49637
49638
49629
49611
49602
49601
49610
49628
49627
49626
49625
49636
49644
49652
49660
49667
49675
49691
49702
49690
49689
49688
49687
49686
49685
49674
49666
49665
49664
49672
49673
49683
49684
49701
49712
49711
49710
49721
49738
49756
49771
49770
49755
49753
49736
49719
49708
46486
49709
49720
49737
49754
46772
49769
49779
49778
49794
46487
49795
49803
46488
49802
46489
49810
49811
49812
49805
49804
49796
49780
49781
49797
49798
49782
49772
49773
49758
49799
49783
49784
49785
49786
49787
49788
49789
49790
49791
49792
49774
49775
49766
49750
49733
49734
49751
49752
51304
51305
51306
51307
51308
51309
51310
51311
49848
49840
49832
49824
49817
49809
46774
49777
49768
49767
49776
46773
49793
49801
49800
49808
49816
49823
49831
49839
49847
46776
49862
49879
49889
46777
49863
49864
49882
49881
49880
49890
49907
49906
49905
46780
49888
49878
46779
49877
49861
49860
49859
49858
49857
49856
49855
49846
49845
49829
49821
49820
49819
46775
49818
49826
46490
49825
46491
49833
46492
49841
49849
49850
49842
49834
49835
49827
49828
49813
49814
49806
49807
49815
49822
49830
49838
49837
49836
49844
49843
49851
49852
49853
49854
49870
49871
49872
49873
49874
49875
49876
49904
49903
49902
49901
49900
49899
49898
49887
49886
46778
49869
49868
49867
49885
49895
49894
49884
49866
49865
49883
56880
56879
54995
55012
55030
55043
55061
55060
55059
55041
55042
55077
55078
55089
56881
56882
55100
55099
55098
55088
55087
55076
55075
55086
55097
51760
55108
55120
55121
55109
55110
55111
55123
56883
55134
55144
55154
56884
56885
55164
55163
55153
55152
55142
55143
55122
55133
55132
55131
55119
51762
51764
55141
55151
55150
55160
55170
55180
55190
55200
55201
55191
55192
55202
55212
55211
55210
55220
55221
55230
55240
55242
55257
55274
55258
55222
55232
55231
55241
55256
55255
51767
55270
55271
55283
55282
51770
55298
55316
55334
55333
55348
55349
55350
55351
55369
55370
55352
55353
55371
55382
55381
55380
55391
55402
55401
55390
55389
51773
55378
55379
55368
55367
55366
55377
55388
55399
55414
55400
55415
55416
55417
55433
55432
55441
55442
55443
51779
56895
55444
51777
51776
51775
55392
55393
56894
56893
55354
55339
55338
55337
55319
55301
55286
55285
55273
55272
55284
55299
55300
55318
55336
55335
55317
55315
55314
55281
55268
55253
55269
55254
55239
55229
55219
55209
55199
55189
55179
55169
55159
55149
55140
55130
55118
55107
55096
55085
55071
55054
55055
55056
55038
55039
55026
55009
51755
54975
54976
54977
54968
54960
54951
54950
54959
54967
54966
54958
54949
54940
54941
54942
54943
56874
56875
54952
54961
56876
56877
54969
54978
56878
54986
54985
54984
54994
54993
55010
51756
55011
55029
55028
55027
55040
55058
55057
55074
55073
55072
55070
55053
55052
55051
55050
55067
55068
55069
55095
55084
55083
55082
55065
55066
55049
55048
55047
55035
55036
51757
55019
55020
55021
55022
55023
51758
55037
55024
55025
55008
55007
55006
55005
55004
55003
55002
54992
54983
54974
54965
54957
54948
54939
54924
54923
54938
54922
54921
54937
54946
54947
54956
54955
54963
54964
54982
54973
54972
51754
54981
54990
54991
55000
55001
55018
55017
55016
55034
55033
55032
55014
55015
54999
54998
54989
54980
54971
51500
54970
54979
54987
51501
54988
54997
54996
55013
55031
55044
55045
55046
51759
55064
55081
55092
55103
55093
55094
55106
55105
55104
55115
55114
55127
55126
55137
55157
55147
55138
51763
55128
51761
55116
55117
55129
55139
55148
55158
55168
55167
55177
55178
55188
55187
51765
55196
55206
55217
55207
55197
55198
55208
55218
55228
55227
55237
55238
55251
55252
55267
55266
55280
55265
55250
55249
55264
55279
55293
55294
55295
55296
55297
55313
55331
55332
55347
55346
55365
55364
55363
55345
55330
55312
55311
55310
55309
55292
55291
55262
55263
55248
55247
55246
55236
55226
55216
55215
55225
55235
55245
51768
55261
55278
55290
55289
55305
55323
55306
55324
55341
55356
55357
55358
55359
55374
55385
55396
55397
55386
55375
55360
55342
51771
55326
55325
55307
55308
55327
55328
55343
55329
55344
55362
55361
55376
55387
55398
55409
55410
55426
55450
55439
55428
55427
55411
55412
55413
55429
51778
55430
55431
55440
55453
55454
55464
55479
55480
55493
56896
55520
55506
51782
55492
55491
55478
55477
55463
55462
55452
55451
55461
55460
55474
55475
55476
55489
55490
55504
55505
55519
55533
55547
51784
55534
56897
50309
50294
50295
50310
50325
46515
50324
46516
50340
46517
50357
46518
50374
46519
50383
46520
50398
46521
50414
46522
50421
46523
50428
50429
50422
50423
50430
50416
50415
50399
50400
50392
50391
46817
50384
50375
50341
50358
50359
50376
50385
50386
50393
46818
50401
50402
50403
50404
50405
50406
50407
50408
50409
50410
50394
50411
50395
50388
50387
46816
50378
50369
50368
50367
50350
50333
50332
50349
50366
50365
50364
50363
50346
50345
50328
50327
50343
50344
50362
50361
50377
50360
46815
50342
46814
50326
46813
50311
46812
46811
50296
50312
50313
50329
50347
50348
50331
50330
50314
50315
50300
50299
50298
50297
50282
50266
50265
50281
46809
46810
50280
50263
50253
50243
50234
50217
50218
50235
50244
50254
46808
50264
50255
50245
50236
50219
46805
46806
50220
50221
50222
50223
50224
50225
50226
50227
50211
50202
50193
50183
50184
50185
50195
50194
50196
50205
50204
50203
50212
50213
50229
50239
50248
50249
50250
51327
51328
50260
50277
50293
50292
50276
50258
50259
50240
46807
50231
50214
50230
50228
50238
50237
50246
50247
50257
50256
50272
50273
50289
50274
50275
50291
50290
50305
50306
50321
50337
50338
50355
50354
50353
50352
50351
50334
50318
50316
50317
50302
50301
50286
50285
50284
50283
50267
50268
50269
50270
50271
50287
50288
50303
50304
50319
50335
50336
50320
50322
50307
50308
50323
50339
50356
51329
50382
50373
50372
50371
50370
50379
50380
50381
50389
50390
51330
50397
50396
50412
50413
50420
51331
51332
50427
50426
50433
50439
50438
50432
50425
50419
50418
50417
50424
50431
50437
50444
50445
50462
50468
50474
50473
50467
50461
50460
50459
50458
50457
50456
50455
50454
50453
50452
50451
50450
46820
50443
50436
46819
50435
50442
50449
46821
50479
50480
50481
50466
50472
50477
50478
46823
50495
50494
50476
50471
50465
46526
50448
46525
50441
46524
56903
56902
56901
56900
56899
51795
55608
56898
51792
51790
51788
55571
55559
55570
55569
55558
55546
55545
55557
55556
55544
55543
55529
55528
55514
55513
55500
55501
55515
55530
55531
55532
55518
55517
55516
55503
55502
55488
55487
51781
55473
55472
55471
55470
55469
55459
55449
55448
55447
55436
55422
55423
55437
55438
55425
55424
55408
55407
55406
55405
55421
55420
55419
55403
55418
51520
55434
51521
55445
51522
55455
51523
55465
51524
55481
51525
55494
51526
55507
61496
62486
62487
61522
57352
61505
61504
61495
61481
61482
61468
61466
61467
61450
61451
62485
62484
61441
61431
62483
62482
61421
61420
61419
61409
61408
61407
61406
61405
61404
61403
61402
61401
61390
61382
61374
61366
57341
57340
61330
61329
61328
61346
61358
61357
61345
61327
61293
61275
61274
61292
61310
61311
61312
61313
61295
61294
61276
61277
61265
61253
61254
61255
61256
61257
61258
61259
61260
61247
61248
61261
57338
61268
61262
57334
61242
61227
61241
61240
61239
61226
61218
61209
61210
61211
61196
61212
61219
61220
62475
62476
61228
61243
61249
61263
61270
61269
61287
61288
61306
61324
61305
61323
61322
61321
61302
61303
61304
61286
61285
61284
61267
61266
61283
61301
61300
61282
61281
61280
61298
61279
61278
61296
61297
61315
61314
61331
61332
61333
61317
61316
61299
61318
61319
61320
61337
61338
61339
61340
61352
62477
61363
61371
62478
62479
61379
61387
62480
62481
61395
61411
61410
61394
61393
61385
61386
61378
61370
61362
61351
61350
61349
57342
61361
61369
61377
61360
61348
61336
61335
61334
61347
61359
61368
61367
61375
61383
61376
61384
61392
61391
61417
61418
61428
61427
61437
61438
61429
61430
61440
61439
61449
61465
61448
61464
61478
61492
61493
61479
61480
61494
61503
61521
61520
61519
61502
61501
61491
61477
61463
61447
61462
61476
61490
61489
61488
61487
61473
61474
61475
61461
61460
61459
61458
61446
61436
61426
61416
61400
61399
61398
57348
61415
61413
61423
61433
61443
61444
61434
61435
61425
61424
61414
61397
57347
61389
57346
61381
57345
61373
57344
61365
57343
61355
61356
61344
61326
57339
61309
61308
61307
61289
61290
61291
61273
61272
61271
61264
61250
61244
61229
61221
61213
61197
61198
61199
57329
61214
61222
57330
57331
61230
61245
57333
57335
57337
57336
61251
61252
61246
61224
61216
61202
61203
61204
61205
61206
61207
61182
61181
61180
61179
61178
61193
61177
61166
61165
61154
61143
61144
61155
61126
61125
61108
61107
61124
61142
61153
61152
61163
61162
61151
61150
61139
61140
61141
61123
61122
57324
61104
61103
57081
61121
57082
61138
57083
61149
61160
57084
61161
61171
61188
61189
61172
61173
61174
61164
61175
61176
61192
61191
57328
61190
61200
61201
61215
61223
57332
61231
61232
61233
61234
61235
61236
61237
61238
61225
61217
61208
61194
61195
61184
61183
61167
61168
61185
61186
61187
61169
61158
57326
57327
61157
61156
61145
61146
61133
61132
61115
61097
61096
61095
61077
61078
61079
61065
61053
61036
61052
61051
61035
61034
61050
61049
61033
61048
57321
57320
61025
61015
57316
61001
61000
60982
60983
60985
60986
60987
61005
61004
61003
61002
60984
60972
60962
60952
60942
60932
60922
60912
60902
60892
60882
60872
60860
60859
60858
60840
60839
60838
60821
60820
60811
60796
60779
57309
60762
60763
60747
60746
60733
60732
60745
60761
60778
60795
60810
57312
60837
60836
60854
60869
60868
60879
60878
60888
60898
60908
60909
60910
60900
60899
60889
60890
60880
60870
60855
60856
60857
60871
60881
60891
60901
60911
60921
60931
60941
60951
60961
60971
60981
60980
60970
60960
60959
60958
60948
60938
60939
60928
60918
60920
60919
60929
60930
60940
60950
60949
60969
60979
60997
61013
61014
57318
61023
61031
61030
61044
61022
61012
60996
60998
60999
61024
61032
61045
61046
61047
61063
61064
61073
61074
61075
61076
61094
61112
61113
61114
61131
61130
61129
61128
61111
61093
61092
61110
61127
61109
61091
61090
61072
57323
61062
61061
61060
61070
61071
61088
61089
61106
61105
61087
61086
61085
61069
57080
61059
57079
61043
57078
61029
61021
61011
60995
60977
60978
60968
57077
60967
60957
57076
60947
57075
60937
57074
60927
57073
60917
57072
60907
57071
60897
57070
60887
57069
60877
57068
60867
57067
60852
60853
60835
60819
57066
60809
57065
60794
57064
60777
57063
60760
57062
60744
60731
60715
60700
60688
57061
60677
60666
60667
60650
60649
57060
60633
60623
57059
60624
60625
60615
60605
60589
60590
60591
60592
60593
60594
60576
60575
60574
60573
60571
60572
60555
60556
60557
60548
60541
60534
60527
60528
60535
60542
60549
60558
60559
60560
60577
60595
60596
60578
60561
60562
60563
60564
60580
60579
60597
60608
60609
60618
60619
60629
60628
60644
60643
60642
60641
60640
57300
60658
60657
60656
60655
60654
57298
60671
60682
60704
60693
60692
57302
60703
60721
60720
60735
60736
60750
60749
60764
60765
60782
57310
60798
60813
60824
60825
60826
60843
60842
60841
60823
60822
60812
60797
60781
60780
57308
60748
60734
57304
60719
60718
60717
60702
60701
60716
60689
60678
60679
60690
60691
60680
60681
60670
60653
60638
60626
60616
60606
60607
60617
60627
60639
60637
60636
57297
60652
60669
60668
60651
60635
60634
60614
60613
57058
60603
57057
60604
60588
60587
65997
66013
66012
66011
66027
66028
66029
66056
66045
66044
66055
62911
66043
62909
66026
66010
65995
65994
62904
65993
65976
65960
65948
65947
65946
65945
65944
65943
62901
65930
65916
65915
65914
62899
65929
65942
65941
65940
65928
65913
65912
65911
65895
65894
65910
65881
65865
73889
71810
71796
68594
71782
71768
71783
73888
73887
71769
71754
68591
71753
71767
71781
71795
71794
71793
71779
71780
71766
71765
71764
71778
71777
71763
71762
71776
71790
71791
71792
71806
71807
71822
71821
71820
71805
71804
71819
71818
71817
68595
71803
71789
71775
71761
71746
71747
71733
71732
71715
71714
71713
71696
71697
71681
71680
71679
71695
71711
71712
71730
71731
71745
71760
71759
71744
71743
71758
68592
71772
68593
71786
71785
71798
71799
71813
71829
71842
71843
71856
71870
71871
71857
71844
71831
71830
71800
71787
71773
71774
71788
71802
71801
71814
71815
71816
71832
71845
68597
68596
71833
71846
71860
71861
71878
71893
71908
71906
71891
71890
68603
71935
71936
68605
71966
71967
71984
71983
71982
71999
71998
72015
72014
71997
71980
71981
71964
71965
71949
71948
71933
71934
71919
71918
71917
71931
71932
71947
71946
71963
71962
71961
68606
71979
71996
71995
72012
72029
72013
72030
72031
72047
72048
72032
72033
72049
72064
72081
72096
72095
72094
72109
72123
72124
72110
72111
72125
72143
72142
72155
68612
72154
72141
72140
68610
72108
72107
72122
72139
72138
72121
68330
72106
68329
72091
68328
72092
72093
72078
72079
72080
72063
72062
72061
72046
72045
72060
72077
72076
68327
72059
72044
72028
68326
72011
71994
71978
68325
71960
71945
71914
71929
71930
71915
71916
71901
71900
71899
68324
71883
71884
71868
71867
71853
68323
71840
71827
79038
77186
77200
79039
77213
77227
77226
77212
77199
77198
77197
77196
77195
74389
77209
77182
77181
77167
77168
77154
77140
77125
77124
77139
77153
74388
77138
77137
77152
77166
77180
77194
77208
77179
77178
77164
77163
77177
77176
77175
77174
77188
77202
77215
77216
77203
77189
77161
77162
77149
77150
77151
77165
77136
77135
77134
77120
77119
77133
77148
77147
77160
77146
77132
77131
77117
77118
77105
74385
77093
77080
77081
77069
77053
77054
77042
77030
77019
77018
77017
77016
77003
76986
76975
76976
76987
76988
77005
77004
77006
76989
76990
76978
76977
76959
76958
76957
76946
76935
76924
76913
76902
76903
76914
76925
76936
76947
76948
76937
76926
76915
76916
76927
76938
76949
76960
76961
76950
76939
76928
76917
76906
76895
76884
76873
76862
76851
76836
76824
76813
76802
76791
76780
74374
74373
76753
76754
76755
76756
76757
76758
76759
76760
76761
76744
76745
76746
76736
76726
76716
76717
76707
76706
76697
76696
76705
76715
76725
76735
76734
76724
76714
76704
76695
76694
76693
76692
76691
76690
76689
76688
76687
76686
76703
76713
76723
76722
76712
76702
76685
76677
76669
76661
76653
76645
74369
76634
76633
76632
76614
76613
76602
76601
76600
76611
76612
76629
76642
76651
76659
76658
74126
76650
74125
76641
76628
76610
76599
76582
74124
76572
74123
76562
74122
76552
76553
76554
76564
76563
76573
74364
76583
76631
76630
76643
76644
76652
76660
76668
74370
76676
76684
76701
76700
76710
76711
76721
76720
76730
76740
76739
74132
76729
74131
76719
74130
76709
74129
76699
74128
76682
76683
76675
76667
74127
76666
76674
82765
82764
81118
81117
81107
79555
79554
81081
81080
81063
81064
81047
82763
82762
81014
81031
81039
79551
81030
81013
81005
81006
80990
80982
82761
82760
80975
80972
80973
80965
80958
80949
80940
80941
80950
79542
79541
79540
80916
80900
79538
79537
80892
80884
82759
82758
80876
80869
80868
80867
80875
80874
80866
80865
80850
80849
80848
80847
80846
80845
80844
80858
80859
80860
80861
80862
80863
80864
80873
80881
80882
80883
80891
80899
80898
80890
80889
80897
80913
80930
80931
80914
80915
80932
80939
80948
80957
80964
79545
80956
80947
80938
80929
80912
80928
80911
80910
80927
80925
80926
80909
80908
80907
80924
80923
80906
80905
80922
80937
80921
80904
80896
80895
80887
80888
80880
80872
80856
80879
80871
80855
80857
80843
80842
80834
80818
80819
80820
80821
80822
80823
80824
80825
80826
80827
80835
79534
80851
80852
80836
80828
80829
79533
80837
79535
80830
80813
80805
80804
80812
80811
79531
80802
79530
80792
80793
80803
80794
80795
80796
80779
80762
80761
80778
80745
80744
80737
80730
80723
80724
80731
80738
82757
82756
82755
82754
82753
82752
82751
82750
82749
82748
79526
80659
80652
82747
80635
80634
80617
80616
79520
80631
80632
80633
80650
79524
79522
80651
80658
80657
79525
80674
80675
80682
80689
80688
80702
80709
80716
80717
80710
80703
80696
80695
80681
80656
80649
80648
80630
80615
80614
80629
80647
80646
80645
80644
80643
80625
80626
80627
80628
80613
80612
80611
80610
80609
80624
80642
80641
79523
80640
80622
79521
80606
80607
80623
80608
80599
80591
80583
80582
80565
80566
80548
80547
80530
80523
80524
80531
80532
80549
80567
80568
80569
80551
80550
80533
80534
80535
80552
80570
80571
80572
80554
80553
80536
80537
80538
80555
80573
80575
80574
80556
80539
80540
80557
80558
80576
80584
80585
80577
80578
80586
80594
80593
80592
80600
80601
80602
80618
79519
79518
79517
82746
80561
80544
80543
80560
80559
80542
80541
79514
80517
80518
80510
80509
80525
80526
80527
82745
80519
80511
82744
82743
80504
80503
79512
80486
79511
80487
82742
82741
80470
80463
79510
80456
80457
80439
82740
79508
79507
80426
80425
80409
80403
79505
80402
80395
80396
82739
82738
80388
80387
80379
80380
82737
80374
80373
80367
80366
80372
79503
80378
80386
80385
79504
80393
80394
80401
80408
80424
80423
80422
80421
80420
80419
80418
80417
80416
80415
80414
80413
79506
80407
80400
80392
80391
80383
80384
79502
80360
80365
80371
80377
80376
80382
80390
80398
80399
80406
80412
80411
80405
80428
80429
80433
80432
80436
80437
80442
80441
80459
80460
80466
80473
80474
80467
80461
80443
79509
80444
80445
80446
80447
80448
80449
80450
80451
80452
80453
80454
80430
80434
80438
80455
80462
80468
80469
80485
80484
80483
80502
80501
80500
80499
80482
80481
80498
80497
80480
80479
80478
80477
80494
80495
80496
79513
80493
80476
80475
80492
80516
80515
80508
80491
80490
80507
80514
80522
80529
79515
80521
80513
80506
80505
79247
80512
79248
80520
79249
80528
80545
79250
79516
80546
80564
80581
80589
80590
80598
80597
80596
80588
80580
80563
80562
79251
80579
79252
80587
79253
80595
80603
80619
79254
80620
80604
80605
80621
80638
80639
80663
80664
80665
80666
80667
80668
80669
80670
80671
80672
80673
80680
80687
80694
80701
80708
80715
80722
80729
80736
80743
80758
80759
80760
80777
80776
80775
80774
80791
80790
80773
80757
80756
80755
80754
80771
80772
80789
80788
80787
80786
80769
80770
80753
80752
80751
80750
80767
80768
80785
80784
79529
80766
80749
80748
80742
80734
80733
80726
80719
80712
80713
80720
80727
80735
80728
80721
80714
80707
80700
80693
80686
80679
80678
80677
80661
80662
80655
80654
80637
80636
80653
80660
79255
80676
79256
80683
79257
80690
79258
80697
80698
80691
80684
80685
80692
80699
80706
80705
79259
80704
79260
80711
79261
80718
79262
80725
79263
80732
79264
80739
79265
80746
79266
80763
79267
80780
79268
80797
79269
80806
79270
80814
80815
80807
80798
80781
80764
80747
80740
80741
79527
79528
80765
80783
80782
80799
80808
80809
80800
80801
80810
80817
80816
79532
80833
80841
80840
80854
79536
80878
80886
80894
80902
80901
79274
80893
79273
80885
79272
80877
79271
80870
80853
80838
80839
80832
80831
85753
85754
84453
84458
85755
85756
84463
84467
84466
84462
84457
84452
84451
84456
84461
83311
84484
84485
84486
84505
84524
84527
85757
84530
84529
83315
84526
84523
84504
84503
84522
84521
84520
84501
84502
84483
84482
84481
84500
84519
84518
84517
84498
84499
84480
84479
84478
84477
84476
84495
84496
84497
84516
84515
84514
84513
84494
84475
84474
84473
84472
84471
84450
84455
84460
84465
83312
84469
84470
84489
84490
84491
84492
84493
84512
84511
84510
84509
84508
84507
83314
83313
84488
83318
84542
84561
84566
84565
83058
84560
83057
84541
83056
84537
83055
84534
83054
84531
83053
84528
83052
84525
83051
84506
83050
84487
83049
84468
83048
84464
83047
84459
83046
84454
83045
84449
83044
84430
84426
83043
84427
84431
84432
84433
84434
84435
84436
84437
84438
84439
84440
84441
84442
84443
84444
84445
84446
84447
83309
83308
83307
84420
84424
84428
84448
83310
84429
84425
84421
85752
84417
84414
85751
85750
84411
84408
85749
85748
84405
84402
85747
85746
84399
84396
85745
85744
84393
84390
85743
85742
84387
84384
85741
85740
85739
85738
85737
84381
84380
84379
84378
84377
84376
84375
84374
84373
84372
84371
84370
84369
84368
84367
84366
84365
84364
84383
84386
84389
84392
84395
84398
84401
84404
84407
84410
84413
84416
84419
84423
83042
84422
84418
83041
84415
83040
84412
83039
84409
83038
84406
83037
84403
83036
84400
83035
84397
83034
84394
83033
84391
83032
84388
83031
84385
83030
84382
83029
84363
83028
84361
84362
84360
84358
84356
83027
84359
84357
83026
84355
83025
83024
84336
84334
83023
83022
84332
84337
84338
84339
84340
84341
84342
84343
84344
84345
84346
84347
84348
84349
84350
84351
84352
84353
84354
83306
84335
83305
83304
84333
84331
83303
84328
84325
85736
84329
84326
84307
84306
84287
84288
84269
84268
84286
84305
84324
84323
84322
84303
84304
84285
84284
84283
84282
84281
84300
84301
84302
84321
84320
84319
84317
84318
84299
84280
84279
84298
84297
84316
84315
84296
84295
84314
84312
84313
84294
84293
84292
84311
84310
84291
84290
84309
84330
83021
83020
84327
84308
83019
83018
84289
84270
84271
84272
84273
84274
84275
84276
84277
84278
84235
84236
84237
84238
84239
84240
84241
84242
84243
84244
84245
84246
84247
84248
84249
84253
84255
84260
85734
85735
84265
84264
83302
84263
84258
84259
84254
84250
83299
84231
84232
84251
85733
80471
80488
80489
80472
80465
80464
79246
80458
79245
80440
80435
80431
79244
80427
79243
80410
79242
80404
79241
80397
79240
80389
79239
80381
79238
80375
85727
84147
84166
84185
84184
84203
84204
84208
84212
85728
85729
84216
85730
84220
84224
85731
85732
84228
84227
84223
84219
84215
84211
84207
83298
84202
84201
84200
84199
84180
84161
84181
84162
84163
84182
84183
84164
84165
84146
84145
84141
84122
84121
84120
84139
84140
84142
84143
84124
84123
84105
84104
84103
84102
84101
84100
84119
84138
84160
84179
84198
84197
84178
84159
84158
84177
84196
84195
84176
84174
84175
84194
84193
84192
84173
84172
84191
84190
84171
84170
84189
84188
84169
84168
83296
83297
84187
84206
84210
84214
84218
84222
84226
84230
83300
84234
83301
84257
84262
84267
83017
84266
83016
84261
83015
84256
83014
84252
84233
83013
84229
83012
84225
83011
84221
83010
84217
83009
84213
83008
84209
83007
84205
83006
84186
83005
84167
83004
84148
83003
84144
83002
84125
83001
84106
83000
84087
82999
84068
84064
82998
84060
82997
84056
82996
84052
82995
84048
82994
84044
82993
84040
82992
84037
82991
84034
82990
84031
82989
84028
82988
84024
82987
84020
82986
84016
82985
84012
82984
84013
84017
84021
84025
84029
84032
84035
84038
84041
84045
84049
84053
84057
84061
84065
84070
84069
83292
84088
84107
83293
83294
84126
83295
84149
84150
84151
84152
84153
84154
84155
84156
84157
84135
84134
84115
84116
84096
84095
84094
84113
84114
84133
84132
84131
84112
84111
84092
84074
84073
84072
84071
84089
84090
84109
84108
84127
84128
84130
84129
84110
84091
84093
84075
84076
84077
84078
84080
84079
84097
84098
84117
84136
84137
84118
84099
84081
84082
84083
84084
84085
84066
84062
84058
84054
84050
84046
83286
84042
84043
84039
85723
84036
83285
83284
84033
84030
83283
84026
84022
84023
84027
85722
85721
84019
85720
85719
84015
84018
84014
84010
84011
85718
85717
84008
84007
84004
84005
85716
85715
84002
83999
85714
85713
85712
85711
83990
83993
83996
84001
83998
83995
83992
83989
83986
83983
83987
85710
85709
83984
83981
83978
83977
83980
83281
83280
83974
83975
83972
83971
83952
83947
83948
83953
85708
85707
85706
83943
83942
83938
83937
83941
83946
83951
83970
83279
83969
83968
83967
83966
83965
83964
83963
83962
83961
83960
83959
83958
83957
83922
83903
83902
83901
83920
83921
83883
83882
83900
83919
83918
83278
83945
83950
83954
83955
83956
83979
83982
83985
83988
83991
83994
83997
84000
84003
84006
83282
84009
82983
82982
82981
82980
82979
82978
82977
82976
82975
82974
82973
83976
83973
82972
82971
83949
82970
83944
82969
83940
83936
82968
83917
82967
82966
83898
83879
82965
82964
82963
83857
83277
83861
83880
83899
83881
83862
83863
83864
83865
83884
83866
83867
83885
83904
83923
83924
83925
83926
83927
83908
83889
83890
83888
83907
83906
83905
83886
83887
83868
83869
83870
83871
83872
83873
83874
83875
83876
83894
83893
83892
83891
83910
83909
83928
83929
83930
83911
83912
83931
83932
83933
83934
83935
85705
83939
83916
83915
83914
83913
83895
83896
83897
83878
83877
83859
83860
85704
85703
83856
83855
83854
83858
83850
83847
83851
83852
85702
83845
83276
83848
83844
83843
83842
83841
83840
83839
83838
83819
83820
83821
83822
83823
83804
83803
83802
83801
83800
83799
83798
83817
83818
83837
83836
83835
83834
83833
83832
83831
83830
83811
83810
83829
83828
83849
83853
82962
82961
82960
83846
83827
82959
82958
83808
83809
83790
83791
83792
83793
83812
83813
83794
83795
83814
83815
83816
83797
83796
83768
83769
83749
83748
83747
83767
83766
83765
83746
83745
83744
83764
83762
83763
83743
83742
83274
83741
83761
83760
83778
83782
83786
83789
82957
83785
82956
83781
82955
83777
82954
83759
83740
82953
83737
82952
83734
82951
83731
82950
83728
82949
83725
82948
83722
82947
83719
82946
83716
82945
83713
82944
83710
82943
83707
82942
83703
82941
83699
82940
83696
82939
83678
83677
82938
83676
82937
83675
82936
83674
82935
83673
82934
83671
82933
83669
82932
83667
82931
83665
82930
83663
82929
83661
82928
83659
82927
83657
82926
83655
82925
83653
82924
83262
82923
82922
82921
82920
82919
83628
82918
82917
83609
82916
83590
83571
82915
82914
83552
83553
83534
83515
83516
83497
83498
83499
83500
83501
83502
83483
83484
83503
83504
83485
83486
83505
83506
83507
83508
83527
83526
83545
83564
83583
83581
83580
83599
83600
83619
83618
83638
83637
83636
83635
83634
83633
83632
83613
83614
83595
83576
83557
83556
83575
83594
83612
83631
83630
83629
83610
83611
83573
83554
83572
83591
83592
83593
83574
83555
83536
83535
83517
83537
83518
83519
83538
83539
83540
83578
83559
83558
83577
83596
83597
83616
83615
83617
83598
83579
83560
83561
83562
83543
83544
83563
83582
83601
83602
83621
83620
83639
83640
83642
83641
83622
83603
83584
83565
83546
83547
83566
83585
83604
83623
83624
83643
83644
83625
83606
83605
83607
83626
83645
83646
83647
85673
85674
83648
83649
85675
85676
83650
83651
85677
85678
83652
83654
85679
85680
83656
83658
85681
85682
83660
83662
85683
85684
83664
83666
85685
85686
83668
83670
85687
85688
83672
83263
85689
83264
83265
83266
85690
83695
83267
83268
83694
83693
83692
83691
83690
83689
83688
83687
83686
83685
83684
83683
83682
83681
83680
83679
83697
83700
83704
83705
83701
83709
83708
83711
83714
83715
83712
83718
83717
83720
83723
83726
83729
83732
83735
83757
83756
83738
83755
83754
83753
83752
83751
83750
83770
83771
83772
83773
83774
83775
83776
83779
83780
83784
83783
83787
83805
83824
83825
83826
83807
83806
83788
85701
85700
85699
83275
83758
83739
85698
85697
83736
83733
83273
83730
83727
83724
83721
83272
83271
83270
85696
85695
85694
85693
83269
83706
85692
85691
83702
83698
79915
79916
79917
79189
79918
79466
79921
79190
79920
79191
79923
79192
79940
79193
79957
79194
79960
79195
79963
79196
79966
79197
79969
79972
79990
79198
80008
79199
80012
79200
80015
79201
80019
79202
80023
80024
80020
80016
80013
80009
79991
79992
79993
79994
79995
79996
79997
79979
79978
79977
79976
79975
79974
79973
79970
79967
79964
79961
79958
79941
79467
79924
79942
79925
79926
79943
79944
79945
79928
79927
79463
79461
79898
79899
79900
79901
79902
79903
79904
79905
79906
79907
79908
79909
79910
79911
79912
79892
79889
82707
82708
82709
79895
82710
79460
79462
79464
82711
79919
79922
79465
79937
79935
79934
79933
79932
79931
79930
79929
79946
79947
79948
79949
79950
79951
79952
79936
79953
79954
79959
79962
79965
79968
79472
79988
79987
79986
79985
79984
79983
79982
79981
79980
79998
79999
80000
80001
80002
80003
80004
80006
80005
79473
80010
79474
80011
80007
79989
79971
79471
79470
79469
79468
79956
79955
79938
79939
74941
74039
74929
74038
74917
74037
74904
74036
74892
74035
74880
74034
74868
74033
74850
74851
74869
74852
74853
74870
74871
74883
74895
74894
74882
74881
74893
74905
74918
74930
74931
74919
74906
74907
74920
74932
74944
74958
74959
74960
74945
74933
74921
74908
74896
74884
74872
74856
74857
74858
74859
74860
74861
74285
74874
74886
74899
74912
74911
74898
74287
74286
74873
74885
74897
74909
74910
74924
74936
74935
74923
74922
74934
74946
74963
74962
74961
74974
74984
74994
75004
74293
75013
75014
75015
75016
75017
75018
75019
75029
75030
75031
75022
75007
75021
75020
75006
75005
74995
74985
74975
74291
74964
74290
74947
74948
74949
74965
74966
74967
74951
74950
74938
74937
74925
74926
74913
74900
74876
74877
74865
74847
74834
74833
74846
74864
74863
74875
74887
74888
74889
74890
74902
74903
74891
78931
74916
74928
74953
78932
74940
74289
74288
74915
74914
74901
74927
74939
74952
74968
74969
74979
74978
74987
74977
74976
74986
74996
74997
74999
78934
78933
74989
74988
74998
74292
75008
75023
75032
78935
78936
75041
75050
74294
75060
78937
69433
68246
69449
69450
69451
69435
69434
69467
69466
68247
69483
69484
69495
69494
68248
69512
68249
69528
68250
69545
69557
69574
78943
75179
75189
74301
75178
75177
75176
75165
75164
75175
75186
74302
75201
75202
75187
75188
75214
75215
75203
74303
75204
78944
75216
75229
75245
75258
75257
75256
75255
75242
75243
75244
75228
75227
75226
75213
75212
75225
74305
74307
75241
75254
74309
74310
75268
75269
75270
75271
75272
75287
78945
75302
78946
78947
75332
75317
75316
75331
74312
75330
75315
75314
75313
75328
75329
75344
75345
75359
75358
75374
75389
75404
75405
75419
75420
75421
78950
75406
74314
75391
78949
78948
75376
75361
75346
75360
75375
75390
75388
75403
75402
75401
75400
75385
75386
75387
75372
75373
75357
75343
74313
75355
75370
75371
75356
75342
75327
75312
75311
75310
75325
75326
75341
75340
75354
75369
75384
75399
75413
74317
74316
75414
75415
75430
75429
75445
75446
75447
75448
75432
75431
75416
75417
75418
75433
75434
75450
75449
75465
75481
75482
75466
75467
75451
75435
75436
75452
78951
78952
75468
75484
78953
78954
75499
75515
78955
78956
75532
75531
75546
75545
75530
75513
75514
75483
75498
75497
75496
75512
75529
75528
74319
75511
75510
75494
75495
75480
75464
75463
75479
75478
75462
75461
75477
75508
75492
75493
75509
75527
75542
75556
75569
75568
75555
75541
75526
75525
75524
75523
75522
75506
75490
75475
75459
75458
75457
75456
75440
75439
75424
75425
75409
75395
75396
75397
75382
75381
75366
75351
75350
75336
75335
75334
75348
75349
75365
75380
75379
75364
75363
75378
75394
75408
75407
74315
75393
75392
74066
75377
74065
75362
74064
75347
74063
75333
74062
75318
74061
75303
79489
79487
79485
79484
79483
80119
82717
82716
80114
80113
80118
80123
80139
80138
80137
80136
80135
80151
80152
80153
80154
80155
80158
80161
79490
80165
82718
82719
82720
82721
82722
80195
80191
80190
80189
80188
80187
80186
80185
80184
80183
80182
80181
80180
80179
80178
80177
80176
80173
80170
80171
80174
80194
80193
80197
80201
80205
80198
80202
80206
80210
80209
80213
80214
80218
80222
80221
80217
80225
80229
80233
80237
80241
80245
80249
80253
80254
80250
80246
80242
80238
80234
80230
80226
80203
80199
82723
82724
82725
80207
80211
82726
82727
80215
80219
82728
82729
80223
80227
82730
82731
80231
82732
80235
80239
82733
82734
80243
80247
79491
79492
80251
79493
80255
82735
80271
79494
80270
80285
80269
80268
80267
80266
80265
80280
80281
80282
80299
80298
80315
80316
80317
80318
80300
80283
80284
80301
80302
80319
80325
80330
80335
80340
80356
80361
79501
80355
80354
80353
80352
80351
80350
80349
80348
80347
80346
80345
80344
79500
80339
80334
80329
80324
80307
80290
80291
80292
80309
80308
80310
80311
80295
80312
80313
80314
80297
80296
80279
80264
80278
80263
80262
80277
80294
80293
80276
80261
80260
80259
80275
80274
79495
80258
80257
80273
80289
80306
80323
80328
80333
80338
80343
80359
80364
80370
80369
79237
80363
79236
80358
79235
80342
80337
79234
80332
79233
80327
79232
80322
79231
80305
85726
84086
83291
84067
83290
83289
84063
84059
83288
83287
84055
85725
84051
84047
85724
80288
80272
79230
80256
80252
79229
80248
79228
80244
79227
80240
79226
80236
79225
80232
79224
80228
79223
80224
79222
80220
79221
80216
79220
80212
79219
80208
79218
80204
79217
80200
79216
80196
79215
80192
79214
80175
80172
79213
80169
79212
80166
79211
80162
79210
80159
80156
80140
80124
80125
80141
80142
79486
80157
79488
80160
80164
80163
80167
80168
80146
80147
80148
80149
80150
80134
80133
80132
80131
80130
80129
80145
80143
80144
80128
80127
80126
80122
80117
80112
80111
80116
80121
80120
79209
80115
79208
80110
79207
80106
79206
80107
80108
80089
80088
80104
79481
80103
80087
80086
80070
80066
80067
80071
79480
80072
80073
80090
80091
80092
80074
80075
80093
80094
80076
80077
80095
80096
80097
80098
80078
80079
80080
80081
80099
80100
80082
80083
80101
80102
80105
80109
79482
82715
82714
80043
79477
80047
80048
80064
80065
80069
80085
80084
80068
79479
80063
80062
80061
80060
80059
80058
80057
80056
80055
80054
80053
79478
80052
80051
80050
80049
79205
80044
79204
80027
79203
80045
80046
80028
79476
80029
80030
80031
80032
80033
80034
80035
80036
80037
80038
80039
80040
80025
80041
80042
80026
80022
80021
80017
80014
79475
80018
82712
82713
75091
74050
75109
74051
75120
74052
75131
75141
74053
75158
74054
75169
74055
75180
75190
75205
74056
75217
75230
75246
74057
75259
74058
75273
74059
75288
74060
75304
75319
75320
75305
75306
75321
75322
75323
75338
75337
75307
75308
75293
75292
75291
75276
75262
75261
75260
75274
75289
75290
75275
75248
75247
75231
75232
75218
75191
75192
74304
75206
75219
75220
75233
75249
75250
75234
75221
75222
75235
75237
75238
75239
74311
75280
75295
75296
75297
75298
75299
75300
75301
75286
75285
75284
75283
75282
75281
75267
75266
75252
75253
75240
74306
75224
75211
75200
75199
75198
75197
75196
75185
75174
75173
75184
75183
75172
75171
75160
75144
75145
75161
75162
75146
75163
75147
75148
75149
75150
75151
75152
75153
75137
75126
75115
75116
75127
75128
75139
75138
75154
74300
75155
75166
75167
75168
78942
78941
75157
75156
75140
74299
75130
78940
78939
75119
75108
75090
74298
75080
78938
75070
74297
75059
75058
75069
75068
75057
75048
75049
75040
75039
75038
75047
75056
75067
75077
75078
75079
75089
75106
75107
75118
75129
75117
75105
75088
75087
75104
75103
75102
75101
75100
75099
75098
75114
75097
75086
75076
75066
74296
75055
74295
75046
75037
75028
75027
75036
75035
75034
75025
75026
75012
75003
75011
75010
75001
75002
74991
74981
74971
74973
74983
74993
74992
74982
74972
74957
74943
74942
74956
74955
74954
74040
74970
74041
74980
74042
74990
74043
75000
74044
75009
74045
75024
74046
75033
74047
75042
75051
75061
74048
75071
75081
74049
75062
75052
75053
75063
75064
75054
75044
75043
75045
75065
75074
75075
75096
75085
75084
75083
75073
75072
75082
75092
75093
75110
75111
75094
75095
75112
75113
75124
75135
75136
75125
75123
75134
75133
75122
75121
75132
75142
75143
75159
75170
75181
75182
75193
75207
75208
75194
75195
75209
75210
75223
75236
74308
75251
75265
75264
75263
75277
75278
75279
75294
75309
75324
75339
75353
75352
75367
75368
75383
75398
75412
75428
75427
75411
75410
75426
75441
75442
75443
75444
75460
75476
75491
75507
75505
75489
75474
75473
75488
75504
75520
75519
75518
75502
75503
75487
75472
75471
75486
75455
75454
75438
75423
75422
74067
75437
74068
75453
74069
75469
75470
74318
75485
75501
74070
75500
75516
74071
75533
75534
75517
75535
75550
75549
75548
74072
75561
74073
75574
74074
75591
74075
75605
74076
75619
74077
75633
75647
74078
75663
74079
75676
74080
75688
74081
75700
74082
75711
74083
75722
74084
75734
74085
75746
74086
75758
75770
75771
75772
74331
75786
75798
75810
75811
75812
75829
75846
75859
75873
75872
75871
75857
75844
75843
75826
75827
75828
75845
75858
75860
75874
75875
75893
75894
74334
75895
75877
75876
75847
75830
75814
75813
75801
75789
75788
75800
75799
75787
75773
75774
75775
75763
75751
75739
75738
75726
75727
75716
75705
75693
75681
75668
75652
75651
75637
75638
75624
75623
75609
75595
75596
75597
75598
75612
75611
75610
75625
75639
75626
75640
74326
75653
75654
75669
75655
75641
75627
75613
75614
75628
75642
75656
75670
75683
75682
75694
75695
75707
75718
75706
75717
75728
75729
75740
75741
75753
75752
75764
75765
75776
75777
75778
75779
75780
75790
75802
75803
75791
74330
75781
75792
75804
75820
75819
75818
75835
75834
75817
75816
75815
75831
75832
75833
75848
75861
75849
75862
75880
75879
75878
75896
75897
75911
75927
75928
74338
75941
75942
75959
75970
75971
75960
75961
75972
75973
75962
75963
75974
75985
75997
78970
78971
78972
78973
76037
76048
78974
78975
76059
76058
76047
76046
76035
76036
76025
76026
76009
76008
75996
75984
75983
75982
75994
75995
76007
76024
76023
76006
76005
74346
76022
76033
76034
76045
76044
76055
76056
76057
76068
76069
76070
78976
76087
76086
76085
76084
76067
76066
76083
76100
76101
76102
76103
76104
76121
76120
76131
76132
78977
78978
76143
76142
76153
76165
76164
76163
76140
76129
76128
76139
76150
76151
76152
76141
76130
76119
76118
76117
76116
76099
76082
76081
76080
76065
76054
76043
76032
76003
75991
75980
75969
75940
75926
75925
75924
74336
74337
75951
75952
75953
75954
75955
75956
75957
75958
74341
74343
75981
75993
75992
76004
76021
76020
76019
76018
76017
76016
76015
76014
76013
76000
76001
76002
75990
75979
75968
75967
75978
75989
75988
75977
75966
75950
75939
75923
74335
75910
75892
75891
75909
75908
75890
75889
75907
75906
75920
75936
74339
75937
75921
75922
75938
75949
75948
74340
75965
74342
75976
74344
75987
74345
75999
76012
76028
76039
76040
76051
76050
74347
76061
76072
76074
76075
76064
76053
76042
76031
76029
76030
76041
76052
76063
76062
76073
76090
76107
76124
76123
74351
76134
76146
76147
76135
76137
76126
74352
76149
76138
76127
76114
76115
76098
76097
76095
76094
76111
76112
76113
76096
76079
76078
76077
76076
76093
76110
76109
76092
76091
76108
76125
76136
76148
76171
76170
76169
76168
76156
76157
76158
76159
76160
76172
76184
76183
76182
76181
76180
76192
76193
76194
76206
76205
76204
76216
76217
76218
76230
76229
76228
76240
76241
76253
76265
76264
76252
76254
76242
76243
76231
76219
76207
76195
76196
76208
76220
76232
76244
76256
76255
76268
76267
76266
76277
76278
76279
76289
76290
76308
76307
76323
76324
76342
76341
76358
76357
76369
76368
76356
76339
76340
76322
76306
76288
76287
76305
76321
76320
76319
76337
76338
76367
76366
76381
76391
76402
76401
74113
76390
74112
76380
74111
76365
76355
74110
76354
76336
76318
76302
76303
76304
74354
76276
76275
76286
76285
74109
76274
74108
76263
74107
76251
74106
76239
74105
76227
74104
76215
74103
76203
74102
76191
74101
76179
74100
76167
74099
76155
74098
76144
76145
76133
76122
74097
76105
74096
74350
76106
76089
74349
74348
76088
74095
76071
74094
76060
76049
74093
76038
74092
76027
74091
76010
76011
75998
75986
75975
75964
75947
74090
75935
75919
75905
75887
75888
75870
75856
75869
75855
74089
75842
74088
75825
75808
75809
75797
74087
75796
75785
82736
80368
80362
80357
80341
79499
79498
80336
80331
79497
79496
80320
80303
80286
80287
80304
80321
80326
75689
75690
75713
75724
75725
75737
75736
75748
75749
75750
75762
75761
75760
75759
75747
75735
75723
75712
75701
75702
75703
75714
75715
75704
75692
75691
75679
75680
75667
75666
75665
75678
75677
75664
75648
75634
75635
75649
75650
75636
75622
75608
75594
75593
75607
75621
75620
75606
75592
75575
75562
75563
75576
75577
75564
75551
75536
75537
75552
75565
75578
75579
75566
75553
75521
75538
75539
75540
74320
75554
75567
74322
75580
75581
75582
75583
75599
75600
75584
75585
75586
75570
75557
75543
75544
75558
75559
75572
75571
75587
75588
75603
75604
75589
75573
75560
74321
75547
78957
78958
75590
78959
74323
74324
74325
75646
75632
75618
75617
75616
75602
75601
75615
75629
75643
75658
75657
75644
75630
75631
75645
75660
75659
75672
75671
75684
75685
75686
75673
74327
75674
75661
75662
75675
78960
75687
78961
75699
74328
74329
75733
78962
78963
75745
75757
75768
75756
75755
75743
75744
75732
75721
75719
75708
75696
75697
75698
75710
75709
75720
75731
75730
75742
75754
75766
75767
75782
75783
75794
75793
75805
75806
75821
75838
75851
75852
75866
75867
75853
75840
75841
75854
78968
75868
75886
75904
78969
75918
75917
75903
75885
75884
75902
75916
75932
75933
75934
75946
75945
75944
75943
75931
75930
75929
75913
75912
75898
75899
75900
75914
75915
75901
75883
75865
75864
75882
75881
75863
75850
74333
75836
75837
75839
75822
75823
75824
75807
74332
75795
78967
78966
75784
75769
78965
78964
70126
70133
70140
68277
70154
70162
70179
68278
70188
70189
70163
70164
70165
70166
70157
70143
70136
70135
70142
70156
70155
70141
70134
68490
70127
68488
70112
70111
70110
70102
70094
70086
68276
70078
68275
70070
70053
68274
70037
70020
68273
70010
68272
70000
68271
69990
68270
69981
68269
69965
69948
68268
69938
68267
69928
68266
69916
69904
68265
69905
69893
68468
69882
69881
68264
69869
68263
69857
68262
69840
68261
69841
69828
68466
69812
69811
68260
69795
69779
69796
68463
69780
68461
69764
69765
69781
68464
69798
69815
68465
69797
69814
69813
69829
69842
69859
69858
69870
69871
69872
69860
69843
69830
68467
69831
69832
69833
69845
69844
69861
69862
69874
69873
69885
69886
69897
69896
69884
69883
69894
69895
69907
69906
69930
69940
69950
69951
69941
69931
69920
69919
69918
69917
69929
69939
69949
69966
69967
69992
69983
69982
69991
70001
70002
70012
70011
70021
70038
70039
70040
68479
70056
68480
70073
70082
70081
70080
70079
70087
70088
68484
70095
70103
68486
70104
70113
70128
70129
70114
70105
70106
70098
70097
70096
70089
70090
70091
70083
70074
70057
70042
70043
70058
70059
70044
70026
70025
70024
70041
70072
70071
70054
70055
70022
68476
70023
70013
70014
70004
70003
69993
69994
69985
69984
69968
68473
68472
69942
69932
69921
69908
69909
68469
69953
69952
68474
69969
69970
69954
69955
69971
69972
69956
69957
69958
69974
69973
69975
69959
69960
69933
68471
69943
69944
69961
69976
68475
69986
69977
69978
69962
69945
69935
69934
69924
69912
69900
69901
69913
69914
69902
69903
73834
73835
69915
69927
73836
69937
69947
69964
69980
69989
69999
69998
70008
70009
73838
73837
64272
64273
64274
64292
64291
64290
64300
64316
62619
64332
62620
64341
62621
64358
62622
64368
62623
64378
62624
64387
62625
64396
64397
64398
64399
64390
64381
64382
64383
64392
64391
64400
64401
64411
64426
64427
64412
64414
64413
64428
64429
64430
64415
64416
64364
64374
64384
64393
64402
64418
64417
64432
64431
64443
64458
64459
64476
64477
64487
64506
64515
64516
64507
64508
68033
68034
64517
64534
64552
64551
64533
64532
64550
64568
64567
64549
64531
64530
64529
64547
64546
64545
64544
64562
64563
64581
64580
64561
64579
64578
64577
64559
64560
64542
64541
64523
64524
64543
64525
64526
64527
64528
62832
64469
64468
64467
64451
64441
64424
62828
64408
64409
64410
64425
64442
62829
64452
64453
64470
64471
64454
64455
64472
64473
64456
64457
64474
64475
64486
62833
64495
64496
64497
64498
64488
62831
64478
64479
64462
64446
64445
64461
64460
64444
64433
64434
64435
64436
64419
62827
62826
64403
64394
62825
62824
64375
64376
64385
64386
64395
64404
64420
64437
68032
64447
64463
64480
64489
64499
59027
59038
59049
59060
59061
59062
59050
57218
59051
59063
59079
59080
59081
59082
59095
59113
59131
59130
59112
59094
59093
59111
59129
59147
59146
59145
59127
59128
59110
59109
59108
59126
59144
59174
59175
59158
59157
59156
59155
59172
57006
59173
59186
59187
59188
59204
59203
59202
59201
59185
59217
59218
59250
59251
59252
59266
59280
59281
59298
59315
59316
59333
59346
59357
59356
59355
59343
59344
59345
59332
59331
59314
59297
59296
59313
59330
59329
59342
59354
59366
59365
57012
59353
57011
59341
57010
59328
57009
59312
59311
59294
59277
59278
59295
59279
59265
59264
57008
59263
59249
57007
59233
59234
59235
59219
59220
59236
59237
59221
59205
59189
59190
59177
59176
59159
59160
59161
59148
59149
59162
59179
59178
59191
59192
59208
59224
59223
59207
59206
59222
59238
59254
59253
59267
59268
59269
59283
59300
59299
59282
59284
59302
59303
59286
59285
59270
59256
59255
59239
59240
59241
59225
59226
59242
59243
59227
59211
59195
59194
59210
59209
59193
59163
59164
59165
59166
59136
59137
59119
59118
59117
59135
59134
59133
59132
59114
59096
59097
59115
59116
59098
59099
59100
59101
59083
59070
59069
59068
59067
59066
59065
59053
59064
57219
59052
59040
59039
59028
59029
59018
59007
58996
58995
57217
59006
59017
59016
59005
58994
57216
58978
58962
57214
58952
58935
58918
58919
58936
58953
58963
57215
58979
58980
58981
58997
59008
59019
59030
59041
59042
59031
59020
59009
58998
58982
58967
58968
58983
58984
58985
58986
58987
58972
58971
58970
58969
58942
58925
58924
58941
58956
58955
58966
58965
58964
58954
58921
58908
58907
58920
57213
58937
58938
58939
58940
58923
58922
57212
58909
58910
58895
58882
58865
58866
58867
58868
57210
58896
58897
58898
58899
57211
58911
58928
58927
58926
58943
58944
58945
58946
58947
58957
58973
58974
58958
58959
58975
58976
58960
62373
53122
51430
53109
51429
53096
51428
53079
53062
53046
53034
53017
53002
52992
52974
52975
52958
52957
52948
51427
52939
51426
52930
52931
52920
51425
52919
52898
51424
52887
51423
52876
51422
52865
52877
52888
52889
52900
52899
52909
51643
52910
52921
52932
52941
52942
52933
52922
52923
52912
52911
52901
52902
52880
52891
52890
52879
52878
52866
51641
52867
52868
52857
52843
52844
52858
52869
52881
52892
52903
52913
52924
51644
52934
52943
52952
52962
52961
52960
52951
52950
52940
52949
52959
52976
52993
53003
53018
53035
53036
53019
53020
53021
53006
53007
53008
53024
53023
53022
51649
53038
53068
53052
53051
53067
53084
53083
53066
53050
53065
53082
53098
53110
53097
53080
53081
53064
53063
53047
53048
53049
53037
53005
53004
52994
52995
52977
52978
52979
51646
52996
52980
52963
52964
52981
52982
52965
52966
52983
52984
52967
52968
52953
52944
52935
52925
52914
52904
52893
52882
52870
52859
52860
51642
52871
52872
52861
52851
51639
52834
52833
51638
52850
52849
52848
52847
52846
52845
52832
52821
52810
51635
52798
52782
52781
52780
52769
52758
52747
52736
52737
52725
52724
52707
52690
52678
52679
52680
52691
52708
52709
52692
52693
52681
52670
52659
52648
51627
52637
52627
51626
52611
52610
52592
52593
52594
52612
52613
52614
52615
52616
52617
52599
52582
52566
52548
52532
52531
52547
52565
52581
52598
52597
52596
52595
52578
52579
52580
52564
52546
52530
52529
52545
52563
52562
52561
52577
52576
52560
52542
52543
52544
52528
52527
52516
52508
52500
51619
52483
52482
52474
52473
52472
52480
51618
52497
52498
51620
52506
52507
52499
52481
52464
52465
52454
52463
52455
52456
52447
52446
52445
52436
52427
52411
52410
52428
52437
52438
52429
52414
52403
52393
51613
52363
51611
52352
52362
52361
52391
52377
52378
52392
52402
52413
52412
52401
52400
51615
52390
51614
52376
51612
52360
51610
52349
52350
52340
52339
52328
52329
52330
52341
52351
51609
52365
52364
52379
52380
52382
52381
52366
52367
52368
52383
52420
52419
52418
52417
52416
52415
52430
52439
52448
52457
52466
52475
52484
52485
52486
52487
52488
52489
52490
52476
52467
52458
52449
52440
52431
52422
52421
52404
52394
52384
52369
52370
52371
52355
52344
52356
52357
52358
56733
56732
52347
52336
56731
52326
52325
52335
52346
52345
52334
52324
52323
52314
52315
52297
52296
52280
52281
52298
52316
52317
52299
52282
56730
56729
52273
52272
52271
52270
52279
52260
52250
52240
52241
52232
52233
52223
52222
52220
52221
52231
52230
52239
52249
52259
52269
52278
52295
52294
52293
52292
52313
52322
52332
52333
52343
52354
52353
52342
52331
51608
52312
52311
52310
52309
52291
52290
52308
52307
52289
52306
52288
52287
52305
52304
52321
52320
51607
52303
52302
52319
52301
52274
51404
52283
52300
52318
51405
52327
52338
52337
51406
52348
52359
52375
52389
52399
52409
51407
52426
51408
52435
51409
52444
51410
52453
51411
52462
51412
52471
51413
52479
52496
52505
51414
52513
52521
51415
52538
52555
52571
52588
52589
52607
52608
52590
52573
52572
52556
52557
52558
52540
52539
51622
52522
52523
52514
52515
52524
52526
52525
52541
52559
52575
52574
52591
52609
52626
52625
52635
52636
52657
52656
52655
52666
52667
52668
52669
52658
52647
52646
52645
52644
52634
52624
52623
52606
52633
51416
52643
51417
52654
51418
52665
51419
52676
52677
52688
52705
52722
52721
52704
52687
52689
52706
52723
52735
52734
52733
52744
51420
52755
52756
52745
52746
52757
52768
52779
52796
52797
52809
52820
52831
52830
52819
52795
52778
52767
51421
52766
52777
52794
52806
52807
52808
51636
52818
51637
52829
52841
52842
52856
52855
51640
52840
52839
52828
52817
62358
58642
58656
62359
62360
58670
58669
58655
58641
58628
58611
57199
58610
58593
58576
58562
58548
58534
57198
58519
58505
58506
58507
58508
62352
62351
58494
58493
58492
58520
58521
58522
62353
58550
58536
58535
58549
58563
58564
62354
62355
58578
58577
58594
58595
58612
62356
62357
58629
58627
57200
58626
58639
58640
58654
58653
58667
58668
58682
58681
58695
58696
58698
62362
62361
58684
58683
58697
58710
58711
62363
62364
58725
58724
58737
58723
58709
58708
58722
58736
58750
58751
58752
58738
58739
62365
62366
58753
58770
58769
58787
58788
58800
58830
58844
62368
62367
58816
58815
58814
58828
58829
58843
58857
58858
62369
62370
58875
58874
58873
58886
58901
58914
58915
58902
58887
58888
62371
62372
58903
58916
58950
58933
58932
58949
58948
58931
58929
58930
58913
58912
57209
58900
58885
58872
57208
58855
58856
58842
58841
58827
58813
58812
58811
58796
58795
58826
58825
58839
58840
58854
58853
58871
58884
58883
58870
58869
58852
58838
58824
58810
58809
58808
58807
57207
57206
58806
58794
58777
58760
58759
58758
58744
58743
58728
58727
58741
58742
58756
58757
58773
58791
58790
58789
58771
58772
58755
58754
56991
58740
56990
58726
56989
58712
56988
58713
58714
58729
58730
58716
58715
58701
58700
58699
57202
58686
58685
56987
58671
56986
58657
56985
58643
56984
58644
58658
58672
58674
58675
58676
58662
58649
58650
58664
58663
58677
58678
58692
58705
58719
58718
58717
58703
58690
58691
58704
58702
58689
58688
58687
58673
58659
58660
58661
58647
58633
58617
58616
58632
58631
57201
58630
58613
58596
58579
58580
58597
58614
58615
58645
58646
58648
58634
58618
58601
58600
58583
58569
58570
58571
58572
58558
58557
58556
58555
58554
58568
58582
58599
58598
58581
58567
58566
56983
58565
58551
56982
58552
58553
58525
58511
58512
58513
58485
58499
58500
58514
58528
58542
58541
58527
58526
58540
58539
58538
58524
58510
58496
58497
58498
58484
58467
58454
58441
58442
58455
58468
58470
58457
58444
58431
58419
58406
58407
58420
58432
58445
58458
58473
58472
58471
58488
58502
58516
58530
58544
58543
58529
58515
58501
58487
58486
58469
58456
58443
58430
58429
58428
57194
58427
58415
58416
58417
58418
58405
57191
58404
58392
58393
58394
58395
58382
57189
58383
58368
58369
58370
58371
58372
58373
58384
58396
58408
58421
58433
58446
58459
58475
58474
58489
58503
58476
58460
58447
58461
58463
58480
62350
62349
58450
62348
58437
58436
58424
58423
58410
58411
58412
58425
58400
62347
58388
58387
58399
58398
58386
58385
58397
57190
57192
58409
58422
57193
57195
58434
58435
58448
58449
58462
58479
58478
57196
58477
58491
58490
58504
58518
57197
58517
58531
58545
58559
58560
58546
58532
58533
58547
58561
58575
58574
58591
58592
58609
58608
58625
58624
58607
58590
58573
58589
58606
58605
58588
58587
58586
58585
58584
58602
58619
58635
58636
58620
58603
58604
58621
58622
58623
58637
58638
58652
58666
58651
58665
58679
58680
58694
58693
58706
58707
58721
58720
58734
58735
58749
58748
58764
58765
58766
58767
58768
58786
58799
58798
58785
58797
57205
58784
58783
58782
58781
58763
58733
58732
58731
58745
58746
58747
57203
58761
58762
58780
57204
58779
58778
58776
58775
58774
58792
58793
58805
58821
58822
58823
58837
58836
58835
58820
58804
58803
58819
58832
58818
58802
58801
56992
58817
56993
58831
56994
58845
58859
58860
58846
58847
58833
58834
58848
58849
58850
58851
58864
58863
58862
58861
58878
58879
58880
58881
58894
58893
58892
58891
58906
58905
58890
58877
56995
58876
58889
58904
56996
58917
56997
58934
56998
58951
56999
58961
57000
58977
58993
59004
57001
59015
57002
59026
57003
59037
59048
59059
57004
59075
59076
59077
59078
59092
59091
59090
59089
59107
59106
59088
59124
57005
59142
59143
59125
68035
64602
64595
62835
64587
64588
64570
64569
64586
64585
64594
64601
64584
64566
64548
64565
64564
64583
64582
64613
64612
64611
64610
64609
64608
64607
64600
64593
64576
64575
64592
64599
62836
64606
64624
64623
64622
64639
64638
64621
64604
64605
64598
64597
64590
64591
64573
64574
64556
64557
64558
64540
64522
64514
64505
64504
64513
64503
64501
62631
64500
62632
64509
62633
64518
64510
64520
64519
64536
64554
64553
64535
70261
70249
70232
70219
70203
70187
68497
70177
68495
70176
68494
70160
73841
70178
70161
70153
70152
68493
68492
70159
70175
70174
70151
70150
70149
70148
70147
70146
70145
70158
70144
70137
70130
70115
70116
70117
70118
70119
70120
70121
70122
70123
70107
68485
70099
70100
70108
68487
70124
70131
68489
68491
70138
70139
70132
70125
70109
73840
70101
70093
70092
68483
68482
70084
70085
70077
70076
70068
70069
70052
70035
70036
73839
70019
70018
70017
70016
70033
68477
70050
70034
68478
70051
70067
70075
68481
70066
70065
70064
70048
70063
70062
70047
70045
70060
70061
70046
70028
70027
70029
70030
70031
70049
70032
70015
70005
69995
69996
70006
70007
69997
69987
69988
69979
69963
69946
69936
69926
69925
69923
69922
68470
69910
69911
69899
69898
69887
69888
69889
69877
69865
69866
69867
69879
69880
73832
73833
69892
69891
69890
69878
69854
69855
69856
69868
73831
69839
73830
69827
69810
69809
69826
69838
69837
69825
69824
69836
69853
69852
69851
69850
69863
69875
69876
69864
69835
69834
69849
69848
69847
69846
69817
69818
69819
69801
69800
69799
69816
69784
69783
69782
68462
68460
69766
69767
69750
69749
68459
69748
69736
69720
69709
69708
68456
69719
68458
69735
69747
69746
69763
69762
68259
69745
68258
69734
69718
69706
69707
69690
69689
68257
69672
68256
69661
68255
69651
68254
69642
68253
69634
69617
68252
69607
68251
69591
69592
69608
69618
69619
68448
69635
69643
69652
69653
69644
69636
69620
68447
69611
69610
69609
69593
69594
69577
69578
69560
69548
69547
69559
69576
69575
69558
69546
69529
69530
69514
69513
69496
69485
69468
69452
69436
69423
69422
69406
69405
69421
68245
69420
69404
69389
69390
69376
68244
69375
69358
68243
69344
69330
69331
69332
69346
69347
69361
69362
69363
69349
69350
68433
69364
69381
68436
69394
69412
69413
69395
69396
69382
69367
69366
69365
68431
68429
68430
69337
69351
69352
69368
68434
69383
69369
69370
69384
69399
69400
69385
69371
69355
69340
69339
69354
69353
69338
69325
69324
69311
69312
69313
69326
68428
69327
69328
69329
69316
69315
69314
68427
69300
69301
69285
69269
69268
69252
69251
69250
69266
69267
69283
69284
69299
69298
69282
69281
69297
69296
69295
69279
69280
69264
69265
69249
69237
69238
69239
69240
69241
69253
69254
69270
69286
69302
69303
69287
69271
69255
73826
68421
69242
69230
69229
69228
69215
69216
69217
69201
69183
69164
69165
73825
69218
69202
69184
69166
73824
73823
69132
69119
73822
69107
69095
73821
73820
69084
69072
73819
73818
69060
69048
69037
69036
69047
69059
69070
69071
69083
69094
69106
69105
69093
69082
69081
69092
69091
69103
69104
69116
69115
69128
69127
69126
68419
69114
69102
69090
69067
69079
69080
69068
69069
69057
69058
69046
68417
69034
69045
69056
69055
69044
69033
68414
69025
69016
69017
69009
69008
68992
68974
68958
68957
68924
68890
68891
68892
68909
68926
68925
68908
68907
68906
68923
68922
68905
68904
68903
68886
68884
68405
68404
68867
68868
68885
68902
68919
68407
68901
68406
68900
68883
68866
68849
68843
68844
68403
68850
68845
68839
68838
68837
68820
68821
68400
68822
68823
68824
68825
68826
68827
68828
68829
68830
68831
68832
68833
68840
68846
68862
68861
68878
68879
68880
68863
68402
68847
68864
68881
68898
68915
68932
73812
68938
68945
73813
73814
68961
68978
68977
68976
68993
68411
68975
68409
68959
68960
68944
68943
68936
68937
68931
68914
68897
68896
68895
68912
68913
68930
68929
68928
68911
68927
68910
68893
68894
68877
68876
68860
68859
68858
68875
68874
68857
68856
68855
68873
68872
68889
68888
68871
68854
68853
68852
68851
68869
68870
68887
68921
68920
68408
68952
68953
68954
68955
68956
68971
68989
68990
68972
68973
68991
69007
69006
69005
69004
69003
68987
68988
68970
68969
68968
68967
68985
68984
68966
68951
68950
68949
68942
68941
68935
68918
68917
68934
68933
68226
68916
68225
68899
68224
68882
68223
68865
68222
68848
68221
68842
68220
68836
68219
68819
68218
68815
68816
68799
68796
68398
68800
68801
68802
68803
68804
68805
68806
68807
68808
68809
68810
68811
68812
68399
68817
68834
68401
68841
68835
68818
68813
68797
68397
68794
68396
68790
68789
68788
68771
68755
68754
68770
68787
68786
68769
68753
68752
68751
68750
68766
68767
68768
68785
68784
68783
68782
68765
68749
68748
68747
68746
68745
68744
68760
68761
68762
68763
68764
68781
68780
68779
68778
68777
68776
68759
68395
68742
68743
68209
68210
68211
68741
68212
68213
68775
68793
68214
68792
68215
68795
68216
68798
68217
68814
78912
78913
74591
74598
78914
78915
74614
74630
78916
78917
74638
74653
74652
74660
78918
78919
74667
74684
74683
74682
74691
74707
74715
74722
74276
74723
78921
74716
74709
74708
74692
78920
68979
68996
68228
68997
68980
68963
68962
68227
68946
68939
68940
68947
68948
68410
68964
68965
68983
68982
68981
68412
68998
69014
69013
68229
69021
68415
69029
69039
69038
68230
69049
69050
69051
69040
69030
69022
69023
69024
69015
68413
68999
69000
69001
68986
69002
68416
69042
69032
69031
69041
69052
69064
69065
69053
69043
69054
69066
69078
69089
69101
69113
69125
69139
69155
69173
69172
69171
69189
69190
68420
69207
69191
69192
69174
69156
69140
69141
69157
69158
69142
69143
69144
69145
69161
69160
69159
69177
69195
69197
69196
69178
69179
69180
69162
69146
69129
69130
69117
69118
69131
69149
69148
69147
69163
69181
69182
69200
69199
69198
69214
69227
69226
69213
69212
69225
69211
69210
69194
69176
69175
69193
69209
69208
69224
69223
69236
68422
69235
69248
69260
69259
69275
69276
68426
69277
68424
68423
69261
69262
69263
69278
69294
69293
69310
69309
69292
69291
68425
69290
69274
69258
69247
69234
69222
69206
69205
69188
69187
69186
69168
69169
69170
69152
69153
69154
69138
69137
69136
69123
69124
69111
69112
69100
69099
69087
69088
69077
69076
69075
69074
68418
69085
69086
69063
69062
68231
69061
68232
69073
68233
69097
69098
69110
69109
69096
68234
69108
69120
68235
69121
69122
69135
69151
69134
69133
69150
69167
69185
69203
68236
69204
68237
69219
68238
69231
69232
69220
69221
69233
69246
69245
69257
69244
69243
68239
69256
68240
69272
69288
69273
69289
69305
68241
69304
68242
69317
69318
69319
69306
69307
69308
69321
69320
69333
69334
69322
69323
69336
69335
69348
69379
69378
69377
69360
69359
69345
69391
69392
69407
69408
69380
68435
69393
69409
69410
69411
69425
69424
69437
69438
69453
69469
69487
69486
69497
68441
69515
69516
69499
69498
68442
69531
69549
69550
69532
69533
69551
69563
69581
69582
69597
69596
68445
69580
69562
69561
69579
68444
69595
69612
69621
69622
69637
69645
69654
69664
69676
69675
69674
69663
69662
69673
68452
69691
69692
68453
69693
69694
69677
69678
69679
69680
69681
69698
69697
69696
69695
68454
69723
69722
69721
68457
69710
69711
69737
69738
69724
69725
69726
69727
69739
69740
69756
69755
69754
69753
69752
69751
69768
69769
69785
69786
69802
69803
69820
69821
69822
69823
69805
69804
69788
69772
69771
69770
69787
69789
69773
69757
69741
69758
69775
69774
69790
69806
69807
69808
69791
69792
69793
69794
69778
69777
69776
69759
69742
69731
69716
69732
69743
69760
69761
69744
73829
69733
69717
69705
69688
73828
69671
69660
69650
69641
69633
69616
69615
69605
69589
69590
69606
69604
69603
69602
68446
69614
69630
68449
69639
69631
69632
69640
69649
69659
69670
69668
69657
69647
69648
69658
69669
69686
69687
69704
69703
69715
69730
69729
69728
69713
69712
69699
69700
69701
68455
69714
69702
69685
69684
69667
69656
68450
69629
69627
69626
69625
69624
69623
68451
69665
69682
69683
69666
69655
69646
69638
69628
69613
69601
69600
69599
69598
69583
69584
69585
69586
69587
69588
69570
69569
69568
69567
69566
69565
69564
69536
69537
69538
69522
69505
69504
69521
69520
69519
69535
69534
69518
69517
69500
69501
69502
69503
69474
69473
69472
69471
69489
69488
69470
69454
68439
69439
69440
69455
69456
69457
69442
69441
69443
69458
69459
69444
69426
68438
69414
69415
69397
69398
69416
69427
69428
69429
69417
69430
69446
69447
69431
69418
68437
69402
69401
69386
69372
69373
69374
69357
69343
69342
69341
68432
69356
69387
69388
69403
73827
69419
69432
69448
69465
69482
69493
69492
69481
69464
69463
69480
69479
68440
69491
69490
69478
69462
69445
69461
69460
69477
69476
69475
69506
69523
69524
69507
69508
69509
69525
69542
69541
69540
69539
68443
69552
69553
69554
69571
69572
69573
69544
69556
69555
69543
69526
69510
69511
69527
63864
63882
63900
63916
63933
63934
63935
63950
63936
63920
63921
63906
63907
63940
63941
63924
63923
63922
63939
63938
63937
63952
63951
63959
63976
63960
63961
63953
63962
63963
63964
63965
63966
63967
63968
63969
63954
63955
63970
63971
63972
62798
63981
63973
63956
62796
62795
63947
63932
62793
63915
62792
63898
63897
63879
63880
63861
63862
63863
63881
63899
68016
62794
63931
63930
63929
63946
63945
63944
63927
63928
63912
63894
63893
63875
63859
63858
63857
63839
63840
63841
63842
63825
63814
63815
63826
63827
63829
63846
63847
63830
68015
68014
63819
63808
63807
63818
63817
63828
63845
63844
63843
62791
63860
63878
63896
63914
63913
63895
63877
63876
63874
63892
63910
63911
63926
63943
63942
63925
63909
63908
63890
63891
63873
63872
63856
63838
63837
63855
63871
63889
63888
63905
63904
63903
63919
63918
63917
63901
63902
63884
63883
63865
63866
63867
63885
63886
63887
63853
63835
63836
63854
63870
63869
63868
63852
63851
63834
62790
63824
63813
63796
63797
63798
63799
63800
63801
63802
63803
63786
63776
63775
63774
63757
63758
63759
63743
63733
63723
63713
63700
63701
63702
63703
63686
63676
63666
63667
63657
63656
63647
63636
63637
62784
63648
63658
63668
63678
63677
63687
63688
63704
63714
63724
63725
63715
63716
63726
63736
63746
63762
63779
63778
63761
63745
63735
63734
63744
62787
63760
62788
63777
63788
63787
63804
63816
63805
63806
63789
63790
63791
68013
68012
63780
63763
68011
62786
63737
68010
68009
63727
63717
68008
63707
63706
63705
63689
63679
63669
63670
63680
63690
63691
68007
68006
63681
63671
68005
63661
63651
68004
58042
58043
58052
56968
58064
58075
58092
58108
58109
58119
58110
58120
58121
58137
58138
58154
58155
58170
58169
57173
58168
58179
58190
58189
58178
58152
58153
58136
58135
56969
58118
58134
58151
58167
58177
56970
58188
58199
58200
58201
58217
58216
58215
58225
56971
58236
58237
58226
58227
57182
58238
58256
58255
57184
58270
58272
58289
58271
58257
58239
58240
58230
57181
58219
58205
58204
58203
57179
58218
58229
58228
58202
58191
58180
58192
58181
58171
58172
57175
58182
58193
58206
58207
58208
58209
58210
58211
58194
58183
58184
58195
58174
58173
58162
57171
58163
58146
58147
57172
58164
57174
58175
58176
58187
58198
58214
58213
58197
58186
58185
57176
57177
58196
58212
57178
57180
58222
58223
58224
62344
58235
58234
58233
58250
58251
58252
58268
58284
58283
58267
58266
58265
58281
57185
58282
58293
58312
58294
58295
58313
58329
58328
58359
58346
58347
62345
58360
62346
58377
58376
58375
57188
58374
58357
58358
58345
58327
58311
58310
58309
58308
57186
58325
58326
58344
58343
58356
58342
58341
58355
58340
58339
58338
57187
58337
58321
58322
58304
58303
58305
58323
58324
58307
58306
58277
58278
58291
58292
58280
58279
58263
58264
58248
58249
58232
58221
58220
58231
58247
58246
58262
58261
58245
58244
58243
58242
58241
57183
58258
58259
58260
58276
58275
58274
58273
58290
58302
58320
58336
58335
58319
58301
58300
58318
58334
58333
58332
58316
58317
58299
58288
58287
58298
58297
58286
56972
58254
58253
58269
58285
58296
58314
58315
58331
58330
58348
58361
58362
58349
58350
58351
58352
58353
58354
58367
58366
58365
58381
58364
58363
58380
58379
58378
56973
58389
58390
58391
58403
58402
58414
58401
56974
58413
58426
56975
58438
56976
58451
58452
58439
58440
58453
58466
58483
58482
58465
58464
56977
58481
56978
58495
56979
58509
56980
58523
56981
58537
63997
68017
63989
62799
64011
64033
62803
64026
62801
64010
63996
63988
63980
63979
63987
63995
64009
64008
64025
64024
64007
64006
64023
64041
64049
64057
64058
64050
64042
64043
62804
64034
64035
64027
64012
64013
68018
64028
64036
64044
64052
64051
62805
62806
64059
64060
64068
64067
62808
62809
64076
64077
64094
64093
64104
64105
68019
68020
64116
64127
68021
68022
64137
64136
64146
62812
64135
64125
64126
64115
64114
64113
64124
64123
64112
64101
64102
64103
64092
64091
64075
64066
64065
64074
64090
64089
64088
64087
64086
64085
64084
64083
64073
64064
64056
64048
64040
64032
64017
64016
64031
64039
64047
64046
64038
64030
62802
64015
63999
64000
63993
62800
64001
64018
64019
64020
64021
64022
64005
64004
64003
64002
63994
63986
63978
63977
63985
63984
63992
63991
63983
63975
63958
62797
63949
62597
63948
62598
63957
62599
63974
62600
63982
62601
63990
62602
63998
64014
64029
62603
64037
62604
64045
62605
64053
64061
62606
64069
62607
64078
62608
64095
62609
64106
62610
64117
64118
62811
64128
64129
64119
64108
64109
64110
64121
64131
64130
64120
64098
64099
64081
64097
64107
64096
64070
64079
64080
64071
64072
64063
64062
62807
64054
64055
62810
64082
64100
64111
64122
64132
64143
64142
64152
64151
64141
64140
64139
62611
64138
62612
64148
62613
64158
62614
64168
64169
62813
64178
64179
64180
64181
64191
62814
64201
64218
64227
64226
62815
64217
64216
64225
64215
64198
64199
64200
64190
64189
64188
62615
64187
62616
64197
62617
64214
64223
62618
64224
64241
64240
64256
64257
64258
64242
64243
64259
64260
64261
64262
64246
64247
64248
64280
64281
64282
64283
64267
64251
64252
64234
64233
64232
64250
64266
64265
64264
64263
64279
64278
64277
62818
64294
64321
64322
64323
64307
64306
64305
64304
64320
64319
64318
64317
64301
64302
64303
64293
64275
64276
64244
64245
64228
64229
64230
64231
64249
64205
64204
64203
64202
64192
64182
64173
64172
64171
64170
64159
64149
64150
64160
64161
64162
64163
64153
64164
64154
64144
64133
64134
64145
64155
64165
64175
64174
64193
64183
64184
64194
64210
64209
64208
64207
64206
64219
64235
64236
64237
64238
64221
64222
68028
64213
64196
68027
68026
64186
64177
68025
68024
64167
64157
68023
64147
64156
64166
64176
64185
64195
64212
64211
64220
62816
62817
64268
64286
64285
64284
64295
64296
64297
64313
62820
62821
62819
64287
64269
64253
64254
64239
64255
64270
64271
64289
64288
64298
64299
64315
64314
62822
64330
64331
64340
68029
64357
68030
68031
64377
64367
64366
64356
64339
64338
64355
64365
64354
64353
64352
64337
64328
64329
64312
64311
64310
64309
64308
64324
64325
64326
64327
64351
64350
64349
64348
64347
64346
64345
64336
64335
64344
62823
64343
64334
64333
64342
64359
64369
64370
64371
64372
64373
64363
64362
64361
64360
64380
64379
64388
64389
64407
64440
64423
64422
64406
64405
62626
64421
64438
62627
64439
62628
64448
62629
64464
62630
64481
64490
64491
64482
64465
64449
64450
62830
64466
64483
64484
64485
64494
64493
64492
64502
64511
64512
62834
64521
64539
64538
64537
64555
64572
64571
62634
64589
62635
64596
62636
64603
64620
62637
64637
62638
64646
62639
64655
64664
62640
64672
62641
64681
64682
64683
64684
64694
64685
64695
64696
62838
64660
64651
64650
64659
64668
64676
64675
64667
64658
64657
64666
64674
64673
64665
64656
64647
64648
64649
64640
64641
64642
64625
64626
64627
64628
64629
64630
64631
64632
64614
64615
64633
64635
64662
62839
64670
64679
64689
64707
64718
68042
68041
68040
64690
64680
64671
64663
68039
68038
64654
64653
64644
64645
68037
68036
64636
62837
64619
64618
64617
64616
64634
64643
64652
64661
64669
62840
64677
64678
64688
64687
64686
64703
62841
64704
64705
64706
64717
64728
64729
64741
64740
64739
64752
64751
64738
64726
64727
64716
64715
64714
64725
64737
64750
64767
64768
64769
64784
64801
64800
64783
64782
64799
64798
62848
64797
64812
62851
64829
64844
64859
64873
64874
64860
64845
64846
64861
64875
64890
64876
64848
64849
68045
64834
64833
64817
64818
64803
68044
68043
64786
64771
64754
64753
64770
64785
64802
64816
64815
64813
64814
64830
64831
64832
64847
62854
64862
64863
68046
64877
64891
68047
68048
64905
64904
64931
64917
64918
68049
68050
64932
64948
64947
64946
64930
64916
64915
64914
64901
64902
64903
64889
64888
64887
64886
64872
64871
64885
64899
64900
64913
64912
64926
64927
64943
64957
64958
64959
64944
62856
64928
64929
62857
64945
64960
64977
64992
64993
65011
65012
64994
64995
68052
68051
64962
64961
64979
64978
64976
64975
64974
62859
64990
64991
65010
65009
65008
65007
65005
65004
64988
64971
64970
64969
64968
64985
65001
65002
64986
64987
65003
65019
65018
62860
65017
65030
65039
65040
65041
65031
65032
65042
65043
65044
65045
65046
65075
65066
65057
65047
65048
65050
65051
65035
65024
65025
65026
65013
68053
68054
68055
65060
65059
65069
65068
62864
65077
65078
68056
59634
59618
59619
59602
59584
59585
59569
59568
59551
59538
57021
59537
59550
59567
59583
59601
59603
59620
59636
59635
59646
59657
59674
59673
57022
59656
59645
59647
59658
59659
59676
59675
59686
59702
59719
59729
59744
59743
59728
59718
59701
59685
59684
59700
59717
59727
59742
59751
59760
57023
59777
59788
59789
59790
59792
59764
59754
57255
59753
59752
59761
59778
59779
59762
59763
59780
59791
59808
59807
59806
59805
59822
57024
59832
57025
59842
57026
59852
59862
57027
59863
59853
59843
59833
59823
59824
59834
59844
59854
59864
59874
59890
59891
59875
59876
59893
59892
59910
59909
59908
59926
59934
59950
59949
59933
59925
59907
59889
59873
59872
59888
59906
57028
59924
59932
59948
59964
57029
59981
57030
59989
57031
59997
57032
60005
60013
60020
60028
60029
60021
60022
60031
60030
60039
60040
60041
57267
60014
57266
60007
60006
59998
59999
59991
59990
59965
59982
59983
59966
59967
59968
59952
59951
59935
59936
59937
59927
59911
59912
59894
59895
59913
59914
59896
59880
59879
59878
59877
59865
59855
59845
59835
59825
57259
59809
59810
59793
59781
59765
59766
59767
59768
59769
59770
59771
59772
59755
59746
59747
59756
59773
59783
59782
59800
59799
59798
59797
59796
59794
59795
59812
59811
59813
59814
59815
59816
59817
59818
59827
59826
59837
59836
59846
59856
59857
59847
59848
59838
59839
59849
59850
59860
59859
59858
59868
59869
59886
59885
59902
59920
59919
59901
59884
57260
59867
59866
59883
59882
59881
59897
59915
59916
59898
59899
59900
59918
59917
59944
59945
59928
59929
59930
59921
59903
59904
59905
59887
57261
59870
59871
62419
62418
59861
59851
62417
62416
59841
59840
59830
59829
59828
59819
59801
59802
59784
59785
59786
57257
59803
59820
57258
59821
59831
62415
62414
62413
59804
59787
62412
62411
59776
59775
59750
62409
62410
59759
59758
59774
57256
59757
59748
59749
59725
59724
59714
59697
59696
59681
59670
59669
59668
59680
59695
59693
59694
59711
59710
59709
59692
59691
59708
59707
59706
59690
59678
59677
59689
59688
59687
59703
59705
59704
57251
59720
59730
57252
57254
59745
59721
57253
59731
59732
59733
59734
59735
59736
59722
59712
59713
59723
59737
59738
59739
59740
59741
59726
62408
62407
62406
59699
59716
59715
57250
59698
57249
59682
59683
62405
53811
53794
53787
53781
51448
53774
51447
53767
51446
53749
53732
53733
53734
53719
53718
53717
53708
51445
53692
53682
51444
53683
53673
51680
53664
53663
51443
53653
51442
53643
51441
53634
53617
51440
53608
51439
53599
51438
53590
51437
53581
51436
53564
51435
53547
59377
59376
59363
59351
59350
57230
59337
59336
59349
59361
57231
59322
59321
59320
59319
59318
59301
59317
59334
59347
59348
59335
59360
59359
59358
59370
59382
59383
59371
59372
59384
59397
59396
59395
57235
59394
59381
57233
59369
59368
59367
59380
59379
59378
59391
57013
59404
57014
59418
59419
57239
59435
59436
59420
59405
59392
59393
59406
59407
57238
59421
59408
59409
59422
59423
59410
59411
59424
59440
59453
59452
59439
59465
59466
59479
59492
59504
59503
59517
59516
59529
59528
59527
59514
59515
59502
59501
59489
59490
59491
59478
59477
59464
59451
59438
59437
59450
59463
59476
59488
59475
59474
59461
59462
59449
59448
57015
59447
57016
59460
57017
59473
59486
57018
59487
59499
57240
59500
59513
59512
57019
59511
59524
57020
59525
59526
59539
59552
59553
59570
59571
59572
59573
59589
59607
59608
59590
59574
59557
59556
59555
59554
59540
59541
59542
59543
59530
59558
59559
59575
59591
59609
59624
59623
59639
59638
59622
59606
59588
59587
59586
59604
59605
57244
59621
59637
57245
57247
59648
59660
59661
59662
59649
59650
59663
59679
59664
59665
59666
59667
59651
59640
59652
59641
57246
59630
59615
59597
59596
59614
59629
59628
59627
59626
59625
59610
59611
59612
59613
59595
59594
59593
59592
59576
59577
59560
59561
59544
59531
59518
59505
59493
59480
59467
59454
59441
59428
59412
59398
57237
59413
59430
59431
59443
59444
59445
59433
59416
59415
59414
59432
59457
59456
59455
59442
59429
59427
59426
59425
59468
59469
59470
59471
59472
62394
62395
59485
59498
62396
62397
62398
62399
62400
62401
59566
57241
59549
59548
59581
59599
59600
59582
62402
57243
59617
59633
59632
59643
59644
59655
62403
62404
59672
59671
57248
59654
59653
59642
59631
59616
59598
59580
59565
59564
59579
59578
57242
59562
59563
59545
59532
59519
59506
59507
59508
59521
59534
59547
59546
59533
59520
59522
59535
59536
59523
59510
59509
59497
59496
59495
59494
59481
59482
59483
59484
59458
59459
62393
62392
59446
59434
59417
59403
59390
59389
59402
59401
59400
59399
57236
59385
57234
59373
59374
59386
59387
59388
59375
57232
59362
59364
59352
59340
62391
62390
59327
59310
62389
62388
59293
59292
57227
59291
57228
59308
59309
59326
59339
59338
59325
59324
59323
57229
59307
59290
59306
59305
59304
59287
59288
59289
59271
59257
59258
59272
59273
59274
59275
59276
62387
62386
59262
59248
59247
59261
59260
59259
59229
59213
59214
59198
59199
59183
59184
59171
62382
62381
59154
59141
59123
59122
59121
59103
59104
59105
59087
62380
59074
59073
59072
59071
59056
59045
59044
59055
59054
59043
59032
59033
59022
59023
59013
59012
59011
59021
59010
58988
58999
59000
58989
58990
59001
59002
58991
58992
59003
62374
62375
59014
62376
59025
59024
59034
59035
59036
62377
62378
62379
59058
59047
59046
59057
59086
59085
59084
59102
59120
59138
59151
59152
59139
59140
59153
59170
59182
59169
59168
59150
57220
59167
57221
59181
59197
59180
57222
59196
57223
59212
57224
59228
59244
57225
57226
59245
59246
59230
59231
59215
59216
59232
62385
62384
59200
62383
53397
53414
53415
53416
53417
53450
53449
53448
53456
53457
53474
53475
53458
53459
53476
53477
53460
53451
53436
53437
53452
53462
53461
53478
53494
53493
53492
53508
53509
53524
53525
53510
53511
53512
53496
53495
53479
53480
53463
53464
53481
53482
53465
53466
53467
53468
53469
53485
53453
53443
53442
51667
53426
53425
53408
53407
53389
53390
53373
53372
53371
53388
53406
53423
53424
53441
53440
53438
53439
53422
53421
53420
53419
53402
53403
53404
53405
53387
53370
53369
53386
53385
53368
53367
53384
53383
53382
53400
53399
53398
53380
53381
53364
53353
53352
53363
53362
53379
53351
53333
53317
53318
53334
53335
53319
53320
53321
53322
53303
53289
53302
53301
53300
53299
53286
53273
51433
53257
53258
53259
53274
53287
53288
53275
53276
53260
53243
53242
53226
53210
53209
53225
53241
53240
53224
53208
53195
53196
53181
53180
53166
51432
53152
51431
53135
53136
53123
53125
53126
53113
53100
53099
53112
53111
53124
53137
53138
53139
53156
53170
53169
53155
53154
53153
53167
53168
53182
53183
53212
53244
53261
53262
53263
53264
53248
53247
53231
53230
53246
53245
53229
53228
53227
53211
53197
53198
53199
53213
53214
53215
53216
53232
53233
53217
53186
51657
53185
51656
53200
53184
51655
53171
53157
53140
53141
53127
53114
53101
53085
53086
53069
53053
53054
53070
53071
53088
53087
53142
53143
53144
53145
53128
53115
53102
53089
53090
53103
53116
53129
53146
53159
53158
53172
53187
51658
53201
51659
53218
53235
53234
53250
53249
53265
53266
53267
53251
53252
53253
51662
53268
53281
53280
53279
53292
53309
53327
53328
53310
53293
53294
53312
53311
53329
53345
53346
53347
53348
53331
51664
53330
53313
53295
53282
53269
53270
53255
53254
53236
51661
53220
53219
53202
53203
53190
53189
53188
53173
53174
53160
53161
53175
53176
53162
53148
51654
53147
53130
53117
53104
53091
51653
53075
53074
53073
53072
53055
53025
53009
53010
53026
53027
53039
53056
53057
53040
53028
53029
53011
51648
52997
52985
52986
52969
52970
52987
51647
52998
52988
52989
52990
52991
53001
53000
53015
53016
56774
56775
56776
53045
53061
53060
53078
56777
56778
53095
53108
56779
56780
53121
53134
56781
56782
53151
53164
53165
56783
56784
53179
53194
53193
53223
53222
53205
53206
53207
51660
56785
56786
56787
53272
53285
56788
56789
53298
53297
53332
51665
53316
53315
53314
53296
53283
53284
53271
53256
53239
53238
53237
53221
53204
53191
53192
53178
53177
53163
53149
53150
53133
53120
53119
53132
53131
53118
53105
53092
53093
53106
53107
53094
53077
51652
53076
53059
51651
53042
53043
53044
53033
53032
53031
53041
51650
53058
53030
53012
53013
53014
52999
52972
52971
52954
52955
52956
52973
56773
56772
56771
51645
52929
52928
52917
52916
52927
52937
52938
52947
52946
52945
52936
52926
52915
52905
52894
52883
52884
52873
52862
52852
52853
52854
56765
52864
52863
52874
52875
52886
52885
52896
52895
52906
52907
52918
56770
56769
56768
52908
52897
56767
56766
47988
46419
47979
46418
47980
47989
47998
46420
47997
48006
46421
48007
46659
48015
48024
46422
48023
48032
46423
48033
48042
46424
48041
48050
46425
48061
48078
48096
48106
48105
48120
48112
48113
48121
48129
46426
48128
48145
48146
48147
48130
46668
48122
46667
46666
48114
48107
46664
48099
48098
48097
48079
48080
48081
48082
48064
48054
48053
48052
48051
46661
48062
48063
48065
46662
48083
48084
48066
46660
48043
48034
48025
48016
48008
47999
47990
47981
47972
47964
47933
47923
47916
46654
47900
47899
47898
47882
47868
47851
47850
47867
47866
47865
47848
47849
47839
47822
47823
47807
47806
47794
46646
47784
47783
47772
47755
47738
47739
47756
47773
47774
47757
47758
47741
47740
47730
47721
47729
46640
47720
46638
47704
46636
47687
47686
47685
47703
47719
47728
47737
47754
47771
47782
47793
47804
47821
47805
47838
47837
47847
47864
47879
47880
47881
47897
47914
47915
46655
47930
47922
47913
47896
47895
47912
47921
47928
47929
47946
47945
47962
46417
47963
46658
47971
47947
47948
47931
47932
47949
47950
47951
47934
47935
47936
47953
47952
47954
47937
47938
47955
47956
47939
47940
47941
46657
47957
47958
47959
47942
46656
47925
47918
47919
47926
47927
51181
51182
47944
47961
51183
51184
47970
47978
51185
51186
47987
47996
51187
51188
48005
48014
51189
51190
48022
48021
48013
48020
48029
48028
48027
48036
48045
48046
48037
48038
48047
48048
48049
48040
48039
48030
48031
51191
51192
51193
51194
48060
48077
48076
48075
48093
48092
48074
48057
48058
48059
48094
48095
46665
48104
48103
48111
48119
51195
51196
48127
48125
48124
48123
48140
48141
48142
48158
48157
46671
48166
48167
48168
48176
51197
51198
42487
42488
42475
42474
42457
42444
40883
42431
40882
42419
42407
42394
40881
42381
42363
42347
42330
42320
40880
42306
42296
40879
42287
41080
42277
40878
42267
40877
42257
40876
42247
42238
41077
42229
42220
42211
42202
42193
42183
42173
42162
42163
42150
42135
51178
51179
51180
47920
47911
46653
47894
46652
47878
51177
51176
46650
47863
47846
51175
51174
47836
47835
47845
47862
47877
47893
47910
47909
47892
47891
47876
46651
47860
47861
47844
47834
46648
47819
47820
51173
51172
47803
47802
47801
47800
46647
47817
47818
47790
47789
47778
47779
47769
47752
51168
51169
51170
51171
47792
47791
47780
47781
47770
46643
47753
46642
47727
46641
47736
47726
47701
47717
47718
47702
47684
47669
47668
47683
47681
47665
47666
47667
47682
47700
47699
47715
47716
47725
47735
47733
47732
47748
47765
47776
47787
47798
47833
47843
47859
47842
47832
47831
47830
47829
47828
47827
47826
47810
47811
47812
47813
47814
47815
47816
47799
47788
47777
47768
47767
47766
47749
47750
47751
47734
47724
47723
46639
47713
47697
47696
47695
47677
47676
47675
47693
47692
47674
47659
47658
47673
47691
47707
47708
47709
47710
47694
47711
47712
47714
47698
47680
47679
47678
47664
47663
47662
47661
47660
47634
47618
47635
47636
47619
47620
47621
47637
47638
47622
47623
47639
47647
47648
47649
47641
47640
47624
47607
47597
47581
47580
46630
47596
47606
47608
47598
47582
47571
47559
47572
51161
51162
47583
47599
51163
51164
47609
51165
51166
47642
46633
47625
46632
47650
47651
51167
41942
40875
41932
40874
41922
40873
41912
40872
41902
41903
41887
41886
41870
41853
41836
41837
41826
41827
41838
41855
41854
41871
41872
41873
41890
41906
41916
41926
41925
41924
41914
41915
41905
41889
41888
41904
41913
41923
41933
41934
41935
41936
41946
41044
41956
41945
41944
41943
41953
41962
41978
41996
42012
42028
42043
42055
42056
42068
42067
42080
42092
42108
42120
42109
42110
41062
42121
41064
42136
41066
42151
42164
42165
42152
42137
42122
42111
41059
42095
42096
42084
42083
42072
42071
42070
42082
42094
42093
41058
42081
41057
42069
42057
42044
41051
42029
41049
42014
42013
41997
41979
41963
41954
41955
41964
41965
41966
41967
41982
41981
41980
41998
41999
42000
42016
41050
42015
42030
42045
41053
42058
42046
42031
42032
42047
42048
42033
42034
42035
42036
42021
42006
42005
42004
42003
41985
41986
41987
41988
41972
41971
41970
41969
41958
41948
41938
41937
41947
41957
41968
41984
41983
42001
42002
42017
42018
42019
42020
41055
42060
42059
42073
42085
42097
41060
42114
42098
42099
42100
42101
42103
42102
42115
42130
42131
42116
42117
42104
42105
42118
42119
41061
42107
42106
42090
42091
46200
42066
42079
42078
42065
42053
42054
42042
42027
42026
42041
42052
42064
42077
42089
42088
42087
42086
42074
41056
42061
42062
42049
41052
42037
42022
42023
42024
42038
42050
42063
42075
42076
41054
42051
42039
42040
42025
42011
41993
41991
41990
41974
41973
41989
42007
42008
42009
42010
41992
41975
41046
41959
41949
41047
41976
41994
41048
41995
41977
41961
46199
41952
41941
41940
41951
41960
41045
41950
41939
41043
41042
41929
41919
41909
41910
41920
41930
41931
46198
41921
41911
46197
46196
41901
41900
41899
41040
41898
41882
41866
41832
41833
41822
41821
41809
41795
41780
41779
41778
41793
41794
41808
41807
41806
41792
41777
41776
41791
41805
41033
41790
41775
41774
41773
41772
41771
41770
41739
41740
41756
41755
41754
41738
41737
41721
41753
41768
41769
41784
41785
41801
41800
41783
41799
41825
41814
41815
41816
41817
41828
41829
41818
41803
41802
41786
41787
41788
41789
41032
41804
41819
41034
41820
41831
41035
41830
41842
41844
41845
41843
41860
41861
41878
41877
41876
41859
41858
41841
41840
41839
41856
41857
41874
41875
41891
41892
41041
41907
41917
41927
41928
41918
41908
41893
41894
41895
41896
41897
41881
41880
41879
41862
41863
41846
41847
41864
41865
41848
41849
41850
41867
41039
41883
41884
41885
41869
46195
46194
41852
41835
41038
41868
41851
41037
41834
41036
41823
41824
46193
41813
41798
46192
41030
41782
41797
41812
41811
41810
41796
41031
41781
41029
41765
41764
41763
41762
41746
41747
41748
41749
41734
41025
41718
41750
41766
41767
41751
41752
41736
41735
41026
41719
41720
41710
41701
41702
46190
46191
46189
41678
46188
41660
41677
41685
41684
41683
41699
41700
41709
41708
41698
41682
41674
41675
41676
41659
41658
41651
41645
41638
41631
41624
41618
41611
41604
41588
41596
41597
41605
41612
41619
41625
41632
41639
41646
41652
41022
41653
46187
46186
46185
46184
46183
46182
46181
41598
41019
41590
41589
41581
41582
41566
41550
41548
41547
41563
41562
41561
41577
41576
41575
41559
41558
41574
41573
41557
41555
41539
41017
41521
41528
41520
40859
41519
41527
41534
41535
41551
40860
41552
41553
41536
41537
41538
41554
41570
41571
41572
41556
41540
41541
41542
41543
41544
41560
41545
41546
41529
41522
41514
41507
41501
41500
41499
41498
41497
41496
41495
41494
41493
41492
41491
41506
41513
41512
41016
41505
40858
41489
41490
41484
41014
41485
41466
41467
41468
41469
41470
41471
41472
41455
41454
41453
41452
41451
41450
41449
41448
41465
41464
41480
41479
40857
41478
41461
41444
41439
40856
41440
41445
41462
41463
41446
41447
41441
41436
41011
41435
41431
41010
41427
41009
41423
41008
41420
41432
41428
41424
41007
41399
41398
41397
41396
41385
41386
41387
41388
41369
41368
41367
41366
41348
41349
41350
41351
41352
41353
41370
41371
41354
41355
41372
41392
41391
41390
41389
41400
41401
41402
41403
41404
41393
41374
41373
41356
41357
41358
41375
41376
41004
41409
41408
41407
41406
41405
41412
41415
41418
41421
41425
41429
41433
41437
41442
41456
41457
41474
41473
41481
41486
41502
41508
41509
41510
41503
41015
41487
41482
41013
41475
41458
41459
41460
41476
41477
41483
41488
46173
41504
41511
46174
46175
41518
41517
41516
41515
41523
41530
41532
41525
41524
41531
41549
41565
41564
41580
41579
41578
41587
41595
41603
41610
41617
41623
41630
41637
41644
41650
41657
41673
41672
41671
41670
41669
41668
41667
41666
41665
41664
41656
41649
41643
41636
41629
41622
41621
41020
41620
41614
40864
41613
41606
40863
41599
40862
41591
40861
41592
41600
41601
41602
41594
41586
41569
41568
41567
41018
41584
41585
41593
41608
41615
41616
41609
41607
40865
41626
40866
41633
40867
41640
41641
41634
41627
41628
41635
41642
41021
41648
41655
41663
41662
41680
41681
41688
41687
41023
41704
41706
41705
41713
41714
41715
41716
41726
41024
41689
41690
41691
41692
41693
41694
41695
41696
41697
41707
41717
41733
41732
41731
41730
41744
41745
41761
41760
41759
41743
41729
41728
41727
41027
41742
41758
41757
41028
41741
41725
41724
41723
41722
41712
41711
41703
40871
41686
40870
41679
40869
41661
41654
40868
41647
51151
47368
47352
51150
51149
47342
47341
47351
47367
47385
47386
47395
51152
47411
47410
47394
47393
47409
46614
47392
47382
47365
46612
47349
47339
47338
47348
47364
47363
47379
47380
47381
47383
47384
47366
47350
47340
47329
46610
47312
47301
47291
47292
47293
47303
47302
47313
47314
47330
47331
51148
47315
47304
51147
51146
47294
47283
51145
51144
47272
47271
47282
47281
47280
47269
47270
47260
47261
51143
47250
47241
47240
47231
47232
51142
47222
51141
51140
47212
47202
47201
47211
47221
47230
47229
47228
46606
47238
47239
47248
47249
47259
47258
47247
47257
46608
47268
47279
47290
47300
47311
47328
47327
47326
47325
47324
47323
47322
47321
47337
47336
47335
47345
47356
47357
47346
47347
47358
47359
47360
47361
47362
47378
47377
47376
46613
47375
47374
47373
47391
47400
46615
47401
47402
47403
47404
47405
47406
47407
47408
46616
47415
47416
47424
47432
47449
47433
46618
47417
47418
47425
47434
51153
47450
47466
47483
51154
51155
47495
47494
47493
47492
47504
47505
47506
47507
51156
51157
47519
47531
51158
51159
51160
47560
46628
47543
47542
47541
47529
47530
47518
47517
47516
47528
47540
47527
47539
47538
47526
47514
47515
47503
47502
47490
47491
47479
46622
47480
47481
47482
47465
46621
47448
47447
47464
47463
46620
47446
47431
47423
47422
47430
47445
47444
47462
47478
47477
47461
47443
47442
47441
47440
47459
47460
47476
47475
47458
47457
47439
46619
47456
47455
47454
47453
47469
47470
47471
47488
47487
47486
47498
47499
47511
47510
47497
47509
47521
47533
47534
47522
47523
47535
47536
47548
47547
47564
47565
46629
47576
47577
47578
47550
47567
47566
47549
47537
47525
47524
47512
47500
47513
47501
47489
47472
47473
47474
46623
46624
46625
46626
46627
47551
47552
47553
47554
47555
47556
47557
47558
47570
47569
47568
47579
47595
47594
47593
47592
47591
46631
47590
47589
47588
47587
47603
47613
47612
47611
47601
47585
47574
47573
47584
47600
47610
47626
47627
47643
56747
52622
52605
52604
52603
52602
52619
52620
52621
52631
52632
56748
56749
52642
52653
56750
56751
52664
52675
56752
56753
52686
52703
56754
56755
56756
52732
52731
52720
52702
52685
52674
52673
52684
52701
52719
52718
52741
51631
52730
52729
52728
52740
52739
52750
52751
52752
52763
52774
52791
52792
51633
52775
52764
52753
52742
52743
52754
56757
56758
52765
52776
56759
56760
52793
56761
52805
52804
52815
52816
56762
56763
52827
56764
52838
52837
52826
52814
52803
52802
52813
52812
52824
52825
52836
52835
52823
52822
52811
52800
52801
52790
52773
52762
52761
52772
52789
52788
52787
52786
52785
52784
52799
51634
52783
52771
52770
52759
52748
51632
52749
52760
52738
51630
52726
51629
52710
52711
52694
52695
52696
52712
52713
52714
52697
52698
52715
52727
52716
52717
52699
51628
52682
52700
52683
52672
52671
52660
52649
52650
52661
52662
52663
52641
52652
52651
52640
52630
52629
52639
52638
52628
52618
51625
52601
52600
52583
52584
52567
52549
52550
52551
51623
52568
51624
52585
52586
52587
56746
52570
52569
52553
52536
51621
52535
52552
52554
52537
56745
56744
52520
52512
56743
56742
52504
52503
52502
52510
52511
52519
52518
52534
52533
52517
52509
52501
52491
52492
52477
52493
52494
52495
51617
56741
52470
52478
52469
52468
52459
52460
52461
56740
56739
52452
52443
56738
56737
52434
52433
52442
52451
52450
52441
52432
52423
51616
52424
52425
56736
56735
52408
52407
52397
52387
52396
52406
52405
52395
52385
52386
52372
52373
52374
52388
52398
56734
47435
47426
47419
47412
46414
47427
47428
47420
46617
47413
47398
47389
47388
47397
47396
47387
47369
47370
47371
47372
47390
47399
47414
47421
47429
47438
47437
47436
47452
47451
47467
47468
47485
47484
47496
47508
47520
47532
47544
46415
47561
47562
47545
47546
47563
47575
47586
47602
47604
47605
47615
47631
47630
47645
47656
46635
47672
47657
47646
47632
47633
47617
47616
47614
47629
47628
46634
47644
47654
47653
47652
46416
47670
47671
47655
47688
46637
47705
47689
47690
47706
47722
47731
47742
47743
47744
47745
47746
47747
47764
47763
47762
47761
47760
47759
46644
47775
46645
47786
47785
47795
47808
47796
47797
47809
47825
47824
46649
47840
47841
47852
47869
47883
47901
47884
47870
47853
47854
47855
47872
47871
47885
47902
47886
47903
47904
47887
47873
47856
47857
47858
47875
47874
47888
47905
47906
47889
47890
47907
47908
47917
47924
47943
47960
47969
47977
47986
47985
47976
47968
47967
47966
47965
47973
47974
47975
47984
47993
48002
48001
48010
48018
48019
48011
48012
48003
48004
47995
47994
47992
47983
47982
47991
48000
48009
48017
48026
48035
48044
48089
48088
48087
48086
48085
48067
48068
48069
48070
48071
48072
48055
48056
48073
48091
48090
46663
48100
48101
48102
48110
48109
48108
48115
48116
48117
48118
48126
48143
48144
48160
48159
48175
48174
48182
48199
48198
48197
48181
48173
48165
48156
48155
48154
48139
48138
48137
48153
48152
48136
48135
48151
48150
48149
48133
48134
48132
48131
46669
48148
46670
48164
46672
48172
46673
48180
46674
48189
48206
46675
48223
48232
48222
48221
48230
48231
48240
48241
48242
48243
48244
48245
48246
48247
48248
48249
48250
48251
48233
48224
48211
48210
48209
48208
48207
48190
48191
48192
48193
48194
48196
48195
48212
48213
48214
48215
48225
48216
48200
48183
48184
48201
48218
48217
48226
48227
51199
51200
51201
48253
46676
48236
48235
48234
48252
51202
48260
46678
48276
51203
51204
48283
48282
48281
48259
48275
48274
48258
48273
48272
48271
48270
48269
48268
48267
48266
48297
48296
48295
48287
46680
48280
48279
48264
48265
48257
48256
48255
46677
48239
48238
48229
48220
48203
48204
48205
48188
48187
48179
48171
48163
48162
48170
48161
48169
48177
48178
48186
46427
48185
46428
48202
46429
48219
46430
48228
48237
48254
48261
48277
48262
48263
46679
48278
48286
48285
48284
48291
48292
48309
48326
48334
48333
48351
48357
48364
48358
48365
46689
48381
48386
46690
48391
46691
48404
48421
48438
48439
48422
48405
48406
48407
48424
48423
48440
48441
48442
48425
48408
48409
48426
48443
48444
48445
48446
48429
48428
48427
48410
48411
48412
48413
48430
48447
48448
48449
48455
48460
48476
48475
48474
48473
48472
48471
48495
48494
48509
48510
48508
48507
48506
48491
48492
48493
48470
48469
48468
48467
48466
48490
48489
46698
48505
48521
48528
48534
48540
48539
48533
48538
46700
48532
46699
48526
48525
48527
48520
48519
48518
46434
48517
46435
48524
48531
48537
48543
48549
46704
48555
48556
46705
48563
48564
48557
48551
48550
46702
48544
46701
48545
48546
48552
48558
48565
48572
48580
48588
48587
48579
48571
48570
48578
48562
46436
48569
46437
48577
46438
48585
46707
48593
48586
48594
48595
48603
48602
48601
48610
48611
48625
48626
48635
48627
48612
48613
48614
48615
48616
48617
48618
48619
48620
48604
48596
48589
48581
48573
48566
48559
48553
48547
48541
48535
48529
48522
48512
48511
48496
48497
48513
48514
48515
48516
51220
48523
48530
51221
51222
48536
48542
51223
51224
48548
46703
48554
48561
51225
43044
40886
43045
43058
41136
43059
43060
43074
43088
43103
43089
43075
43061
43048
43049
43062
43076
43090
43104
43118
43117
43116
43102
43101
43100
40889
43099
40890
43113
43114
41137
43127
43128
43115
43087
43086
43085
40888
43071
40887
43072
43073
43046
43047
43029
43012
43013
43030
43031
43032
43033
43016
43015
43014
42998
42997
42980
42979
42996
42995
42994
43011
43028
43027
43010
42993
42976
42977
42978
42965
41130
42953
42952
42964
42951
40885
42935
42936
42922
42923
42906
42889
42888
42873
42874
42875
42859
42860
42876
42908
42909
41126
42925
41128
42926
42927
42911
42894
42893
42910
42912
42895
42896
42879
42864
41120
42848
42832
42847
42846
42863
41122
42878
42862
42845
42829
42830
42831
42814
42798
42799
42783
42767
42751
42750
42765
42766
42782
42781
42797
42813
41116
41115
42812
41117
42828
41119
42844
42861
42877
42892
42891
42890
42907
42924
41127
42937
42954
42966
42967
42955
42938
42939
42956
42968
42981
42982
42999
43000
43017
43018
43001
43002
43003
42986
42987
43004
43021
43038
43037
43052
43053
43054
43055
43056
43042
43057
46241
46242
43070
43084
46243
46244
43098
43112
46245
46246
43126
43139
46247
46248
43153
46249
46250
46251
43215
43214
43199
43198
43183
43182
43168
43151
43170
43169
43152
43138
43137
43136
43150
43149
43148
43134
43135
43122
43121
43107
43093
43079
43080
43065
43066
43067
43081
43082
43096
43110
43109
43095
43094
43108
43123
43124
43125
43111
43097
43083
43069
43068
43041
43040
43039
43022
43020
43019
42985
42984
42983
42969
42957
42940
42941
42942
42958
42970
42971
42959
42944
42943
42928
42913
42914
42897
42898
42915
42929
42945
42960
42972
42988
43005
43006
43023
43024
43025
42989
42990
42991
43007
41133
43008
43009
41134
43026
41135
43043
46240
46239
46238
46237
42992
41132
41131
41129
42950
42949
42948
42933
42919
42902
42918
42917
42931
42932
42947
42962
42963
42975
42974
42973
42961
42946
42930
42916
42899
42881
42880
41123
41121
42865
42849
42833
41118
42816
42815
42800
42817
42818
42834
42835
42851
42850
42866
42867
42882
42900
42901
42883
42884
42885
42886
41124
42903
46234
46235
42920
41125
42934
46236
37509
37523
37522
37508
35478
37494
35477
37480
37467
37454
37455
37456
37469
37468
37481
37495
35706
37482
37496
37510
37524
35707
37511
37497
37483
37471
37470
37457
37458
37459
37472
37484
37485
35704
35702
37460
37462
37475
37488
37487
37489
37476
35705
35703
37463
37450
37451
37438
37437
37436
37449
37435
37422
37423
37405
37406
37393
35699
37394
37407
37424
35701
37425
37408
37395
37378
37379
37396
37409
37410
37440
40709
40710
37453
37452
37439
37426
37427
40708
40707
40706
37397
37380
37363
40705
37350
37338
40704
37326
37325
37324
37306
37307
37308
37294
37293
37292
37291
37290
37289
35693
37304
37305
37323
37335
37336
37337
37349
37362
37361
37348
37347
37360
37377
37376
37375
37374
37373
37391
37403
37404
37392
37357
37358
37359
37346
35696
37334
37322
37321
37320
37319
37332
37333
37345
37344
37356
37318
37317
37316
37315
37314
37300
37313
37330
37331
37343
37342
37354
37355
35698
37369
37370
37371
37372
37390
37389
37388
37387
35700
37386
37385
37384
37383
37366
37365
35474
37364
37351
37339
37340
37352
37328
37327
46230
42742
42759
42758
42741
42740
42757
42773
42774
42775
46231
46232
42791
42807
42823
42839
46233
42855
42871
42870
42869
42868
42852
42853
42854
42838
42822
42821
42837
42836
42819
42820
42804
42805
42806
42790
42789
42788
42772
42771
42787
42803
42802
42801
42785
42784
42768
42752
42753
42769
42786
42770
42754
42755
42756
42739
42738
41107
42706
42705
42704
41106
42721
42722
42737
42736
42735
42734
41109
42719
42718
42733
42749
42748
41110
42732
42717
42699
42700
42701
42702
42720
42703
42686
42687
42688
42674
42657
42640
42638
42655
42654
42653
42670
41105
42671
42672
42673
42656
42639
42622
42623
42606
42589
42557
42540
41096
42556
42570
42571
42572
42573
42590
42591
42574
42575
42576
42593
42609
42626
42643
42642
42625
42641
41101
42624
41100
42607
42608
42592
42559
42543
42526
42527
42528
46223
46224
42545
42544
42560
42561
42577
42594
42610
46225
46226
42627
42644
42660
42659
41102
42658
42675
41103
42676
42677
42692
42691
42690
42689
42707
42723
42724
42708
42709
42725
42726
42710
42693
46229
42678
42661
46228
46227
37209
37194
37182
37170
35472
37158
35471
37143
37133
46222
42512
42499
46221
46220
42486
42473
46219
42456
42443
46218
42430
42418
46217
46216
42406
42393
42380
42362
42361
42379
42392
42405
42404
42391
42378
42377
42390
42389
42376
42358
42359
42360
42344
41083
42345
42346
46215
46214
42329
42319
42318
42317
42303
42293
42284
42285
42294
42295
42286
46211
46212
46213
42305
42304
42328
42327
42316
42314
42313
41082
42325
42340
42339
42356
42372
42371
42338
42355
42354
42337
42336
42335
42323
42324
42312
41081
42301
42300
42299
42311
42310
42309
42322
42333
42334
42351
42367
42366
42350
42349
42365
42383
42382
42364
42348
42331
42332
42321
42307
42308
42297
42298
42288
42279
42278
42268
42258
42248
41078
42239
42240
42231
42230
41076
42221
41075
42212
41074
42203
41073
42194
41071
42184
41070
42174
41069
42175
42185
42195
42204
42213
42222
42223
42214
42205
42215
42224
42233
42232
42249
42259
42269
42260
42270
42280
42289
42290
42281
42271
42261
42291
42282
42272
42262
42252
42251
42250
42241
42242
42243
42234
42225
42216
42207
42206
42196
42176
42186
42187
42197
42198
42188
42178
42177
42167
42166
41067
42154
42153
42138
42123
42112
42113
41063
42124
42125
41065
42139
42155
42168
42156
42140
42141
42126
42127
42142
42143
42128
42129
42144
42145
42146
42147
42159
42160
42172
42171
42181
42182
46202
46203
42192
42191
42200
42201
42210
46204
46205
42219
42227
42228
46206
36774
36758
36759
36775
36791
36790
36803
36804
35669
36820
36832
35464
36831
35465
36843
36844
36856
35466
36855
36867
35467
36868
35670
36879
36890
35468
36891
36903
36902
35469
36914
36915
36928
36927
36944
36945
36961
36979
36960
36978
36996
37012
37013
36997
36998
36999
37000
37016
37015
37014
36980
36962
36963
36947
36946
36929
36930
36931
36932
36919
36918
36917
36916
36904
35671
36892
36893
36905
36906
36894
36895
36907
36920
36921
36908
36896
36884
36883
36882
36871
36872
36873
36861
36849
36837
36836
36835
36847
36848
36860
36859
36858
36870
36881
36880
36869
36857
36845
36846
36834
36833
36821
36822
36807
36806
36805
36792
36794
36793
36776
35665
36761
36760
36747
36730
35662
36714
35660
36703
36702
36704
35661
36715
36716
36705
35658
36706
36693
36677
36678
36679
36680
36681
36682
36664
36651
36638
36639
36627
36611
36612
36628
36640
36641
36654
36667
36665
36652
36653
36666
36683
35656
36684
36697
36696
36708
35659
36695
36694
36707
36722
36723
36739
36738
36721
36720
36719
36735
36736
36737
36752
36766
36765
36764
35664
36778
36796
35667
36779
36780
36781
36782
36797
36814
36813
36812
36811
36825
36810
36809
36824
36823
36808
36795
36777
35666
36762
36763
36750
36751
36734
36718
36717
36733
36732
36749
36731
35663
36748
36746
35463
36745
36729
36713
36701
36688
36689
36671
46201
42161
42149
42148
42134
42133
42132
42158
42157
41068
42169
42170
42180
42179
42190
42189
41072
42199
42208
42209
42218
42217
42226
42235
42236
42237
46207
46208
42246
42256
42266
46209
46210
42276
42275
42274
42264
42265
42255
42245
42244
42254
42253
41079
42263
42273
42283
42292
42302
42315
42326
42343
42342
42341
41084
42357
42375
41086
42373
42374
42388
42400
42401
42412
42425
42427
42440
42453
42470
42469
42452
41090
42441
42454
41091
42471
42484
42483
42482
42481
42480
42493
42494
42495
42508
41094
42524
41095
42541
41097
42558
42542
42525
42509
42496
42497
42510
42511
42498
42485
42472
42455
42442
42429
42417
42416
42428
41089
42415
42403
42402
42414
42413
42426
42439
42438
42451
42468
42467
42466
42465
42464
42463
42450
42437
42436
42449
42462
42448
42435
42422
41088
41087
42409
42397
42398
42410
42423
42424
42411
42399
42387
41085
42370
42369
42353
42352
42368
42386
42385
42384
42396
42395
42408
42421
42420
42432
42445
42458
42459
42446
42433
42434
42447
42461
42460
41092
42476
42489
42502
42501
40884
42500
42513
42529
42546
42562
42578
42595
42596
42597
42598
42580
42565
42549
42550
42551
41098
42566
42552
42553
42567
42585
42603
42604
42620
42621
42605
41099
42588
42587
42586
42569
42568
42554
42555
42538
42539
42506
42507
42523
42522
42521
42537
42536
42520
42519
42505
42492
42479
42478
42477
41093
42490
42491
42503
42504
42518
42535
42534
42517
42516
42533
42532
42530
42514
42515
42531
42548
42547
42563
42564
42579
42581
42599
42615
42616
42617
42601
42600
42582
42583
42584
42602
42618
42619
42636
42637
42635
42652
42651
42668
41104
42684
42685
42669
42667
42650
42634
42633
42632
42631
42614
42613
42630
42647
42648
42649
42666
42665
42664
42681
42696
42697
42682
42683
42698
41108
42731
42716
42715
42714
42730
42746
42747
41111
42764
41112
42780
41114
41113
42796
42811
42795
42779
42763
42762
42745
42744
42728
42729
42713
42712
42695
42680
42663
42646
42629
42612
42611
42628
42645
42662
42679
42694
42711
42727
42743
42760
42761
42777
42778
42776
42792
42793
42794
42810
42809
42808
42824
42840
42841
42825
42826
42827
42843
42842
42858
42857
42856
42872
42887
42904
42905
42921
51219
51218
51217
48478
48484
48500
48499
48498
46697
48482
48483
48477
48461
48456
48450
48433
48432
48431
48414
48415
46692
48398
48399
48416
48434
46695
48451
46693
51216
51215
51214
48417
48400
51213
51212
48394
48389
51211
51210
48384
48383
48388
48393
48392
48387
48382
48378
48360
48361
51209
48379
46688
48362
48355
48349
48348
46685
48354
48353
46687
48377
48376
48375
48374
48373
48372
48371
48370
48369
46686
48368
48367
48366
48359
48352
46684
48335
48336
48337
48338
48339
48340
48341
48342
48343
48344
48345
48346
48347
48329
48330
48331
51208
51207
48324
48307
51206
51205
48290
48289
48306
48323
48322
46682
48305
46681
48288
48304
48303
48302
48328
48321
48320
48319
48318
48301
48317
48300
48299
48316
48298
48315
48314
48313
48312
48327
46683
48311
48294
48293
48310
48308
48325
48332
48350
48356
48363
48380
46431
48385
48390
48395
48401
48418
48435
48436
48419
48402
48396
48397
48403
48420
48437
48453
46694
48454
48459
48465
48458
48464
46696
48480
48481
48488
48504
48503
48487
48486
48502
48501
46433
48485
48479
48462
48463
48457
46432
48452
56794
56793
53471
53470
51669
53454
51668
53446
56792
56791
53396
53413
53430
53445
53444
53429
53428
53427
53411
53393
53394
53412
53395
53377
53378
56790
53350
53349
53361
53360
53359
53376
53375
53392
53410
53409
53391
53374
53358
53357
53344
53343
53342
53326
53308
53307
53325
53341
53340
53324
53306
53291
53278
53277
51663
53290
53304
53305
53323
53339
53356
53355
51666
53338
53337
53336
53354
53365
53366
53401
53418
53435
53434
53433
53432
53431
51434
53447
53455
53472
53473
53489
53488
53504
53521
53530
53531
53532
53522
51674
53506
53505
53490
53491
53507
53523
53533
53549
53548
51676
53565
53582
53591
53600
53601
53592
53583
53566
53567
53550
53534
53535
53536
53552
53551
53568
53569
53553
53537
53538
53539
53540
53556
53557
53541
53542
53514
53513
53497
53498
53515
53499
53483
53484
53500
53516
53526
53543
51675
53544
53527
53528
53519
53518
53517
51673
53501
51671
51672
53502
53486
51670
53487
53503
53520
56795
56796
53529
53546
56797
53563
53562
53545
53561
53560
53577
53578
51677
53588
53579
53580
53589
53598
56798
56799
53607
53606
53597
53605
53614
53613
53604
53595
53596
53587
53586
53576
53559
53558
53575
53574
53573
53572
53555
53554
53571
53570
53585
53584
53593
53594
53603
53602
53611
53612
53621
53620
53628
53629
53638
53648
53658
53657
53647
53637
53627
53610
53619
53618
53609
51678
53626
51679
53635
53636
53646
53645
53644
53654
53665
53655
53656
53666
53675
53676
53667
53668
53677
53687
53686
53697
53696
53695
53685
53684
53674
53694
53693
53709
53710
53711
51682
53737
53738
53755
53754
53753
53736
53735
53752
53769
53751
53750
53768
53775
53776
53783
53782
53788
53789
53796
53795
53812
53813
53815
53816
53817
53800
53790
53784
53777
53770
51687
53799
53798
53797
53814
53831
53830
53846
53829
53828
53845
53862
53869
53883
53884
53870
53864
53863
51689
53847
53848
53849
53832
53833
53850
53865
53852
53851
53834
53835
53818
53801
53802
53803
53804
53820
53819
53836
53853
53854
53837
53855
53838
53821
53822
53805
53806
53807
53824
53823
53839
53856
53857
53840
53841
53842
53859
53860
53843
53844
53861
53868
51690
56816
56815
56814
56813
53793
53792
53809
53810
53827
53826
53825
53808
53791
51688
53785
53778
53771
53762
53761
53744
53727
53726
53725
53724
53742
53743
53760
53759
53758
53757
53756
53739
53740
53741
53723
53722
53721
53720
51683
53712
53713
53698
53699
53700
53701
53702
53703
53704
53688
53678
53669
53659
53649
53650
53640
53639
53630
53622
53623
53631
53624
53615
53616
56800
56801
53625
56802
56803
56804
53652
53642
53633
53632
53641
53651
53661
53662
56805
56806
53672
53671
53660
53670
53679
53689
51681
53705
53714
53715
53706
53690
53680
53681
56807
56808
53691
53707
56809
56810
53716
53731
56811
53748
53747
51684
53730
53729
53728
53746
53745
53763
53764
51685
53772
53765
53766
53773
53780
51686
53786
53779
56812
46439
48600
48609
48608
46440
48624
46441
48632
46442
48640
48656
48674
48692
46443
48709
48715
46444
48693
48695
48677
48659
48660
48678
48661
48662
48663
48664
48646
48645
48644
48643
48642
46709
48634
48633
48641
48658
48657
48675
48676
48694
48710
48716
46711
48722
48729
46713
48745
46714
48750
48755
48760
46715
48765
46716
48770
48769
48764
48759
46446
48754
46445
48749
48744
48727
48721
48728
48730
48723
48717
48711
48696
48697
48679
48680
48698
48699
48681
48682
48700
48701
48683
48665
48647
48648
48649
48666
48684
48702
48703
48704
48705
48687
48686
48685
48667
48668
48650
48651
48652
48636
48669
48670
48688
48689
48671
48672
48653
48637
48630
48629
48628
46708
48621
48605
48597
48598
48591
48590
48582
48574
48583
48575
48560
46706
48567
48568
51226
48576
48584
51227
51228
48592
48599
51229
51230
48607
48606
48622
48623
48631
51231
51232
48639
48638
48654
48655
48673
48691
48690
48708
51233
51234
48714
48713
48707
46710
48706
48712
48718
48724
48741
48740
48739
48738
48737
48736
48735
48734
48733
48732
48731
48746
48751
48756
48761
48766
48771
48777
48778
48779
48780
48781
48782
48783
48784
48785
48786
48787
48788
48772
48767
48762
48757
48752
48747
48742
48725
48719
48720
51235
51236
48726
46712
48743
51237
51238
48748
48753
51239
51240
48758
48763
51241
51242
48768
48773
51243
51244
48789
46717
48794
51245
51246
48799
48804
51247
51248
48809
46718
48826
51249
51250
48832
48831
48825
48824
48823
48822
48821
48820
48819
48818
48817
48816
48815
48808
48803
48798
48793
48807
48801
48802
48797
48796
48791
48792
48776
48775
48774
46447
48790
46448
48795
46449
48800
48805
46450
48806
48811
48810
48827
46451
48828
48829
48812
48813
48814
48830
48836
48841
48848
48847
48863
48862
48864
48882
48892
48893
48907
48906
48923
46726
48924
48947
48948
48949
48950
48951
48968
48967
48966
48965
48964
48981
48982
48983
48984
48985
48986
48987
48988
48989
48999
49009
46730
49026
49008
48998
48997
49007
48969
48952
48953
48970
48971
48954
48955
48972
48973
48990
49000
49010
49027
49037
51258
51257
49028
49011
51256
51255
49001
48991
48974
48957
48956
48938
48927
48926
48937
48936
48925
48915
48914
48913
48912
48911
48910
48909
48908
48894
48895
48896
48897
48898
48899
48900
46723
48901
48916
48917
48918
48928
48939
48940
51254
51253
48929
48919
48903
48902
46724
48885
48884
48883
46722
48872
48871
48870
48869
48868
48867
46721
48866
48865
48849
48850
48851
48852
48853
48854
48855
48856
48873
48874
48875
48857
46720
48858
48842
48837
48838
51251
51252
48843
48859
48877
48876
48886
48887
43608
43621
40893
43637
43653
43663
43673
43690
43707
43724
43733
43741
43749
40894
43757
43750
43742
43743
43751
43759
43760
41179
41178
41177
43727
43710
43693
43676
43675
43692
43709
43726
43735
43734
43725
43708
43691
43674
43664
41174
43654
43665
43677
43666
43678
43695
43694
43711
41176
43712
43696
43679
43680
43681
43698
43697
43713
43714
43715
43699
43682
43683
43684
43667
43657
43646
43647
41173
43658
43648
43649
43650
43660
43659
43669
43668
43686
43687
43688
43670
43689
43703
43702
43685
43701
43700
43716
43717
43728
43736
43744
43752
43761
43777
43778
43779
41182
43762
43753
43745
43737
43729
43718
43719
43720
43730
43731
43747
43748
46271
46272
43756
43765
46273
46274
43782
43781
43780
41180
43763
43764
43755
43754
43746
43738
43739
43740
46270
46269
43732
43723
43722
43721
43704
41175
43705
43706
46268
46267
46266
43672
43671
43661
43662
43652
43651
43635
43634
43633
43618
43604
43603
43602
43616
43617
43632
43631
43630
43629
43645
43644
43628
41170
43627
43643
43642
43641
43640
43625
43626
43614
43613
43612
43611
43610
43623
43624
41171
43639
43656
43655
41172
43638
43622
43609
43591
43590
43574
43557
43542
43527
43528
43512
43513
43514
43515
43498
43497
43481
43482
43483
41158
43499
43516
41161
43531
41163
43546
43547
43548
43564
43580
43579
43563
43562
43561
43577
43576
43560
43545
43530
43529
43544
43543
43558
43559
41166
43575
43592
43593
43594
43595
43578
43596
43597
41168
43598
43599
43581
43582
43600
43601
43615
43583
43568
43567
43566
43565
41167
43549
43534
43519
43518
43533
43532
43517
43500
43501
43485
43484
43451
43452
43435
43436
43453
43470
43487
43488
41159
43504
43489
43490
43505
43520
41160
43503
43502
43486
43469
43468
43467
43466
43465
43464
43463
43480
43479
43496
43511
43495
43478
43461
43462
43445
43446
43447
43430
43414
43429
43428
43413
43412
43396
43380
43350
43365
43366
43381
43397
43398
43382
43367
43368
43383
43399
43415
43432
43431
43448
43449
43450
43433
43434
43417
41153
43416
43400
41152
43384
41150
43369
41149
43354
41148
43339
43322
43323
43340
43355
43370
43385
43401
43402
43418
43419
43403
43404
43420
43437
43454
43455
43471
43472
43456
43457
43473
43474
43458
43441
43442
43424
43408
43392
43393
43377
43362
43363
43364
46258
46259
43379
43378
43394
43395
46260
43411
43410
43426
43425
43409
43407
43423
43422
43440
43439
43438
43421
43405
43406
43390
43391
43360
43359
43374
43375
43376
43361
43346
43330
43315
43314
43313
43329
43345
43344
43343
43358
43373
43389
43388
43387
43386
41151
43356
43371
43372
43357
43342
43341
41147
43325
43326
43310
43309
43292
43275
43291
43290
43308
43324
43307
43306
43289
43272
43255
43256
43257
43274
43273
43271
43254
43253
43252
43268
43269
43270
43287
43288
43305
43304
43286
43285
43302
43303
43319
41146
43320
43321
43338
43353
43337
43336
43352
43351
43335
43334
43318
43301
43284
43267
43250
43251
43235
43234
43216
43200
43184
43185
43201
43217
43218
43236
43237
43238
43239
43240
43222
43221
43204
43203
43220
43219
43202
41138
43186
43187
43188
43189
41139
43205
43223
43241
43258
43259
43276
43293
43294
43277
43260
43261
43262
43244
43243
41141
43226
43225
41140
43242
43224
43206
43207
43208
43193
43178
43192
43191
43190
43177
43161
43162
43146
43160
43159
43176
43175
43158
43174
43173
43142
43141
40891
43140
43154
40892
43171
43172
43155
43156
43157
43143
43129
43130
43144
43145
43131
43132
43119
43105
43091
43077
43063
43050
43034
43035
43036
43051
43064
43078
43092
43106
43120
43133
43147
43163
43164
43165
43166
43167
43181
43196
43197
43212
43211
43210
43195
43180
43179
43194
43209
43227
43228
43229
43230
43246
43245
43263
43264
43281
43280
43279
43278
43295
41145
43311
43327
43328
43312
43296
43297
43298
43299
43282
43265
43247
43248
43231
43213
43232
43233
43249
41142
43266
41143
43283
41144
43300
43316
43332
43331
43347
43348
43349
46257
46256
43333
43317
46255
46254
46253
46252
37790
37791
37792
37805
37804
37803
37816
37829
37846
37863
37873
37882
37892
37904
37903
37914
37926
37915
37916
35735
37927
37941
37940
37957
37958
35739
37970
37971
37983
37982
37993
38004
38015
38014
38003
37992
37981
37969
37956
37939
35493
37938
37955
37968
35494
37980
35495
37991
35496
38002
35497
38013
38024
38040
38056
38074
35498
38090
35499
38101
38102
38113
38112
38127
43636
43620
43619
41169
43605
43606
43607
43589
46265
43573
41165
43572
43588
43587
43586
43571
43570
43585
43584
43569
43551
43550
41164
41162
43535
43536
43521
43522
43537
43552
43553
43538
43539
43554
43555
43556
43541
43540
43525
43526
43510
43494
46264
46263
43477
41156
43476
41157
43493
43509
43508
43524
43523
43507
43506
43491
43492
43475
43459
43443
41155
43460
46262
43444
41154
43427
46261
37925
37913
37902
37891
35492
37881
35491
37872
35490
37862
35489
37845
35488
37828
35487
37815
35486
37802
35485
37789
35484
37773
37757
37741
37742
37725
37724
37712
35483
37699
37700
37686
35482
37685
37672
35718
37659
35481
37658
37644
35480
37630
35479
37616
37617
37603
35715
37591
37578
37590
37577
37564
37565
37551
37550
37536
37537
37538
37539
37554
37581
37568
37567
37553
37552
37566
37579
37580
37593
37592
37604
37618
37632
37631
37645
37646
37660
37673
37674
37661
37662
37675
37689
37690
37676
37663
37649
37648
37647
37633
37634
37635
37621
37620
37619
37605
37606
37594
37595
37607
37608
37609
35716
37622
37636
37650
37664
37677
37691
37704
35719
37717
37731
37732
37749
37765
37766
37782
37781
37780
37764
37748
37750
37733
37734
37735
37752
37751
37767
37768
35725
37783
37796
37795
37808
37821
37838
37839
37822
37809
37810
37823
37840
37857
37856
35728
37867
37868
37858
37841
37842
37859
37869
35729
37879
37889
37888
37887
37878
37877
37876
37866
37855
37854
37837
37836
37835
37852
37853
37885
35730
37886
37897
37896
37895
37907
37919
37931
37947
37946
37945
37996
37985
37973
37961
35737
37944
35736
37930
37918
35733
37906
37894
37884
37875
37865
37851
37850
37849
37832
37833
37834
37820
37807
37794
37779
37778
37763
37747
37730
37729
37746
37762
37761
37760
37744
37745
37728
37716
37703
37702
37688
37687
37701
37714
37713
37715
37727
37726
37743
37759
37758
37774
37775
37776
37777
37793
37806
37819
37831
35726
37818
37817
37830
35727
37847
37848
37864
37874
37883
37893
35731
37905
37917
37928
37929
37943
37942
37959
37960
37972
37984
37995
37994
38005
38016
38006
38017
38029
38045
38046
38047
38063
38081
38095
38106
38104
38103
38092
38077
38059
38058
38076
38091
38075
38057
38041
38025
38026
38042
38043
38027
38028
38044
38060
38061
38062
38080
38079
38078
38093
38094
38105
38116
38117
38133
38135
35753
38134
38118
38119
38120
38136
38137
38121
38122
38123
35752
38138
38139
38140
38125
38124
38107
38108
38109
38098
38097
38096
38085
35747
38068
38067
38051
38050
38066
38084
38083
38082
38064
38065
38049
38048
38007
38018
35745
38030
38031
38032
38033
38034
38035
35746
38052
38036
38037
38038
38054
38053
38071
38072
38073
38055
38039
38023
38022
38021
38010
38011
37999
38000
38001
38012
35744
35743
35742
35741
37979
37978
37990
37989
37988
37987
37998
38009
38020
38019
38008
37997
37986
37974
37962
37948
37949
37950
37951
37965
37964
37963
35740
37975
37976
37977
37966
37967
35738
37954
37953
37952
37935
37922
37921
37910
37911
37899
37898
37909
37908
35734
37920
37932
37933
37934
37936
37937
40730
37924
37923
37912
37900
37901
35732
40729
37890
37880
37871
37870
37860
37843
37844
37861
37827
40728
37826
37825
37824
37811
37812
37813
37814
40727
40726
37801
37800
37799
37798
37797
37784
37785
37786
37787
37788
37772
37756
35723
37771
37770
35724
37755
35722
37739
37738
37737
37754
37753
37769
37736
37719
37718
37705
37692
37693
35720
37706
37707
37694
37680
37679
37678
37665
37651
37637
37596
35713
37582
37569
35712
35711
37556
37555
37541
37540
37525
37526
37512
37498
37499
37513
37527
35708
35709
35710
37542
37543
37544
37545
37546
37532
37531
37530
37529
37528
37514
37515
37501
37500
37486
37473
37474
37461
37448
37447
37434
37421
37420
37419
37418
37417
37416
37433
37446
37445
37444
37443
37442
37441
35476
37428
35475
37411
37398
37381
37382
37399
37412
37429
37413
37400
37401
37414
37431
37430
37432
37415
37402
37368
37367
37353
35697
37341
35695
37329
35694
37312
37298
37299
37281
37266
37252
37238
37225
37212
37213
37226
37239
37253
37267
37282
37283
37301
37284
37268
37254
37240
37227
37214
37200
37201
37202
37215
37228
37229
37230
37243
37244
37231
37245
37259
37260
37261
37262
37248
40701
37234
37233
37247
37246
37232
35689
37219
37206
37191
37179
37180
37192
37207
37220
37221
40700
40699
37208
37193
40698
40697
37181
37169
40696
40695
37157
37156
37168
37167
37155
35684
37166
37178
37190
37189
37177
37165
37154
37140
37129
37117
37100
37083
37064
37065
37052
37051
37037
37038
37039
37053
37054
37067
37066
37118
37101
37102
37103
35680
37119
37130
37141
37131
37142
35683
37132
40694
40693
37121
37120
37084
35678
37085
37068
37055
37041
37040
37026
37025
37024
37023
37022
37021
37020
37004
36986
36985
36984
37002
37001
36983
36981
36982
36964
36948
36949
36965
36966
36950
36933
36934
36935
36936
36953
36970
36954
36955
36971
37007
37008
36990
36989
36988
37006
37005
36987
36969
36968
36952
36951
36967
37003
37019
37018
37035
37036
35676
37050
37063
37078
37079
37080
37081
37082
37099
37116
37139
37128
37115
37114
37098
37097
37096
37113
37112
37111
37110
37109
37108
37124
37135
35682
37136
37125
35681
37126
37137
37148
37149
37163
37175
37187
37199
37198
37197
37185
37186
37174
37161
37162
37147
37146
37145
37160
37172
37173
35685
37184
37196
35687
37211
35688
37224
35690
37237
35691
37251
37265
37280
37279
37297
37311
37310
37309
37295
37296
37278
37277
37263
35473
37249
37264
37250
37236
37235
37222
37223
37210
37195
37183
37171
37159
37144
37134
37123
37122
37105
37106
37107
37090
37091
37092
37093
37076
37075
37074
37073
37089
37088
37071
37072
37060
37046
37045
37059
37058
37044
37029
35470
37030
37031
37032
37047
37061
35677
37048
37033
37017
37034
37049
37062
37077
37094
37095
37127
37138
37150
37151
37152
37153
37164
37176
37188
37203
35686
37204
37205
37218
37217
37216
37242
37241
37256
37255
37269
37287
37286
37285
35692
37302
37303
37288
37270
37271
37257
37258
37272
37273
37274
37275
37276
40703
40702
32033
32016
32008
31992
31993
31994
30582
32009
32010
31995
31996
31997
31998
32011
32038
32021
32022
32039
32075
32057
32058
32076
32077
32078
32060
32059
32041
32040
32023
32024
32025
32042
32044
32043
32026
32027
32028
32045
32046
32047
32030
32031
32014
32006
30581
31990
30580
31989
31973
31972
31964
31965
31958
31951
31950
31957
31943
31944
31937
31938
31945
31952
31959
31966
31974
32013
32029
32012
32005
32004
31988
31987
32003
32002
32001
31986
31985
31984
32000
31999
31983
31982
31971
31981
31980
31979
31978
31970
31969
31977
31976
31968
31961
30347
31954
30346
31947
30345
31940
30344
31923
31915
31908
30343
31899
31891
31875
31874
31857
31840
31824
31825
31841
31858
31859
31842
31826
31827
31816
30565
30563
31807
31798
30561
31790
31772
31789
31771
31754
31755
31756
31773
31774
30559
31791
31799
31808
31817
31829
31828
31844
31861
31843
31860
31877
31878
31879
31862
31845
31846
31830
31831
31847
31863
31864
31865
31848
31832
31834
31833
31849
31850
31868
31851
31852
31835
30567
31818
31809
31800
31801
30564
30566
31819
30568
31836
31837
31838
31822
31823
31839
30569
35244
35245
35246
30571
31890
31873
30570
31856
31855
31872
31889
31896
31897
31898
35247
31914
31907
31906
31905
31895
31904
30574
31894
31887
31888
31871
31854
31853
31870
31869
31886
31885
31884
31867
31866
31883
31882
31881
31880
31893
31902
30573
31892
30572
31876
31901
31900
31916
31924
31925
31941
31948
31955
31962
30579
31963
31956
31949
31942
31928
31917
31909
30576
31926
31927
31929
31930
31931
31932
31933
31934
31935
31936
31918
30577
30575
31903
31910
31911
31919
31920
31912
31913
31921
31922
30578
31939
35248
35249
31946
31953
35250
35251
31960
31967
35252
35253
31975
31991
35254
35255
32007
32015
30583
35256
35257
32032
32050
32049
32048
32066
32083
32084
30584
32095
32085
32068
32067
32065
32082
32081
32064
32063
32062
32061
32079
32080
32091
32092
32093
32094
32109
32110
32111
35258
32122
32121
32120
32119
32108
32107
32106
32105
32104
32103
32102
32101
32100
32099
30586
32090
32074
32056
32055
32073
32072
32054
32036
32037
32020
32019
32018
32017
32034
32052
32051
32069
32070
32071
32053
32035
32089
32098
32116
32115
32114
30588
32125
32126
32127
32128
32143
32153
32163
32164
32165
32166
32167
32129
32130
32131
32132
32117
32118
32135
32136
32146
32147
32137
32138
32148
32158
32157
32173
32172
32156
30592
32145
30590
32134
32133
32144
32154
32155
32168
32169
32179
32190
32191
32180
32170
32171
32181
32192
32193
32182
32183
32194
32205
32204
32203
32202
32211
32228
32227
32236
32237
32238
32229
32212
32210
32201
32226
32225
32224
32223
32222
32221
32220
32219
32208
30597
32207
32198
32199
32209
32200
32189
32178
32162
30594
32152
32142
32141
32140
30589
32124
30587
32113
32097
30585
32088
32087
30348
32086
32096
30349
32112
32123
32139
32149
32150
30591
32151
30593
32161
30595
32177
32188
32187
32186
32176
32160
32159
32175
30350
32185
32196
30351
32197
32216
32242
32232
32215
32206
40711
37493
37492
37478
37479
37466
37465
37464
37477
37491
37490
37504
37503
37502
37516
37517
37518
37519
37505
37506
37507
40712
40713
37521
37520
37534
37548
37562
37576
37563
37549
40715
40714
37535
37533
37547
37561
37560
37559
37558
37557
37570
37571
37572
37573
37587
37574
37575
37588
37601
37600
37599
37586
37585
35714
37598
37584
37583
37597
35717
37623
37610
37611
37624
37638
37652
37666
37667
37653
37639
37625
37640
37654
37668
37681
37682
37683
37697
37710
37709
37696
37695
37708
37720
37721
37722
37723
35721
37740
40725
40724
37711
37698
40723
40722
37684
37671
40721
40720
37657
37656
37670
37669
37655
37641
37627
37626
37612
37613
37614
37628
37642
37643
40719
37629
40718
37615
37602
37589
40717
40716
32252
32262
32278
32279
32280
32264
32265
32266
32282
32281
32292
32302
32311
32321
32331
32341
32351
32360
32370
32380
32390
32400
32411
32427
30611
32410
32409
32399
32389
32379
32369
30357
32368
30358
32378
30359
32388
30360
32398
32408
32425
32426
32441
32442
32443
32444
32461
32478
32477
32460
32476
32459
32458
32440
32457
32474
32475
32492
32493
32509
32519
32491
30361
32508
30362
32518
30363
32527
30364
32536
30365
32545
32554
30366
32570
30367
32587
32604
32605
32588
32606
32607
32623
32639
32624
32625
32608
32590
32573
32574
32559
32558
32557
32572
32589
30620
32571
30619
32555
32556
32546
32547
32538
32537
32528
32529
32520
32510
32494
32495
32496
32479
32480
32481
32482
32465
32448
32449
32466
32483
32500
32499
32498
32497
32463
32462
32445
32446
32447
32464
32429
32430
32431
32416
32415
32414
32413
32428
30612
32412
32401
32391
32381
32371
32361
32352
32342
32332
32322
32312
32303
32293
32291
30352
32289
32300
30353
32319
30354
32329
30355
32339
30356
32349
32359
30610
32350
32340
32330
32320
32310
30609
32301
32290
32263
32253
32254
30602
32244
32243
30601
32233
30600
32217
32218
32234
32235
32245
32255
32267
32268
30605
30607
32269
32270
32271
32272
32246
32247
32248
32258
32257
32256
30603
32273
32274
32285
32286
32287
32276
32275
32259
32260
32277
32288
32299
32309
32318
32328
32338
32348
32347
32357
32356
32355
32345
32344
32343
32333
32323
32313
32314
32324
32334
32335
32325
32315
32307
32306
32305
32304
32294
32283
32284
32295
32296
32297
32298
32308
32317
32316
32326
32327
32337
32336
32346
32365
32364
32354
32353
32362
32363
32383
32373
32372
32382
32392
32393
32403
32404
32394
32395
32385
32384
32374
32375
32366
32358
32367
32377
32387
32376
32386
32396
32397
32407
32406
32405
32421
32422
32423
32424
35275
35274
35273
35272
35271
35270
35269
35268
35267
35266
35265
30608
30606
30604
32261
35264
35263
32251
32241
35262
35261
30599
32231
32240
32250
32249
32239
32230
32213
32214
30598
30596
32195
35260
35259
32184
32174
27077
27061
27062
27063
27054
27045
27055
27046
27037
27036
27026
27027
27012
27011
27010
27009
27025
27035
27044
27053
27052
25490
27043
25489
27034
25488
27024
25487
27008
26998
25486
26980
26964
25485
26954
26938
26921
25484
26915
25483
26907
25482
26900
25481
26885
25480
26878
25479
26871
25478
26863
25477
26856
25476
26840
26831
25475
26821
25474
26812
25473
26803
25472
26794
25471
26785
25470
26776
25469
26767
25468
26750
25467
26733
25466
26716
25465
26698
26680
26673
25464
26674
26681
26682
26675
26683
26701
26719
26736
26737
26738
26739
26756
26755
26754
26753
26752
25651
25650
26735
26718
25649
26700
26699
26717
26734
26751
26768
26769
26770
26779
26788
26787
26778
26777
26786
26795
26804
26813
26822
26823
26814
26805
26796
26797
26806
26815
26824
26834
26842
26843
26844
26845
26846
26847
26848
26849
26858
26865
26873
26880
26892
26891
26890
26889
26888
26887
26886
25664
26879
26872
26864
26857
26841
25659
26833
26832
26901
26908
26916
26923
25667
26922
26956
26940
26939
26955
26965
26999
26981
26982
26983
27000
27001
26984
26966
25672
26957
26941
26942
25670
26943
26944
26924
26925
26926
26927
26928
26946
26945
26969
26987
26986
26968
26967
26985
27013
27014
27015
27016
27017
27018
27019
27020
27003
27002
26991
26973
26972
26971
26970
26988
26989
26990
26992
26974
26975
26993
26994
27022
27031
27041
27032
27042
27051
27060
25678
27076
27087
27098
27109
27119
27136
27135
27118
27108
27097
27086
27075
27085
27084
27083
27095
27096
27107
27106
27105
27094
27093
27104
27115
27132
27133
27116
25684
27117
25685
27134
25686
27150
27161
27160
27182
27181
27193
27210
27212
27195
27196
27213
27222
27223
27241
27252
27263
27262
27261
27249
27250
27251
27240
27239
27221
27211
27194
27183
27184
27185
27173
27172
27171
27170
25689
27159
27149
27148
27158
27169
27180
27191
27192
27209
27208
27218
27219
27220
27238
27237
27248
27259
27260
27271
27281
27280
27270
27269
27279
27290
27291
27306
27305
27304
27303
27302
27301
27300
27299
27298
27289
27278
27268
27257
27246
27229
27230
27231
27232
27233
27234
27258
27247
27236
27235
27207
27206
27205
27204
27203
27202
27200
27199
27187
27188
27189
27178
27179
27190
27201
27217
27216
27228
27245
27256
27267
27277
25694
27288
27287
27286
27297
27313
27339
27338
27322
27312
25500
27296
27285
25499
27264
25498
27253
25497
27242
25496
27225
27226
27243
27254
27265
25693
27275
27276
27266
27255
27244
27227
27215
27214
25692
27198
27197
27186
25495
27175
25494
27164
25493
27153
27154
27165
27176
27177
27166
27167
27168
27157
27156
27155
27140
27141
27142
27143
25687
27144
27145
27146
27147
27131
27130
27129
27128
27127
27126
27114
27103
27092
27102
27101
25683
27112
27113
27125
27124
27123
27139
27138
27122
27137
27121
27110
27111
27100
27099
25492
27088
25491
27089
27078
27079
27090
27091
27081
27080
27064
27065
27066
25680
27067
27068
27069
27070
27071
27082
27072
27056
27047
27038
27028
27029
27039
27048
27057
27073
27074
27058
27059
27050
27049
27040
27030
27021
27004
27005
27006
26995
26978
26979
26963
26962
26961
26977
26976
26960
26959
26958
25671
26949
26950
26932
26931
26948
26947
26929
26930
26917
26918
26910
26919
26933
26951
25668
26934
26935
25669
26952
26953
26937
26936
26920
25666
26914
26913
26912
26911
26904
26882
26875
26867
26868
26860
25660
26852
26853
26854
26861
26862
26855
25658
26830
26820
26819
26811
25655
26802
26801
25654
26810
26818
26828
26829
26839
26838
26837
26827
26826
25657
26817
26816
26825
26835
26836
26850
26851
26859
25661
26866
26874
26881
26894
26893
26902
25665
26909
26903
26895
26896
26897
26898
26905
26906
30117
26899
26884
26883
25663
26876
26877
26869
26870
25662
20590
21938
20591
21948
20592
21958
21959
21949
21939
21940
21950
21960
21969
21984
21983
21968
21967
20593
21982
21991
20594
21992
21993
21994
21985
21970
21971
21986
21995
22006
20787
22021
22005
22003
22004
22020
22019
22035
22034
22018
22002
22001
22017
22033
22044
22045
22062
22061
30118
26997
26996
27007
25673
27023
25674
30119
27033
25675
25676
25677
25679
25681
25682
30120
27120
30121
30122
25688
27152
27151
27162
27163
27174
25690
25691
30123
30124
27224
30125
30126
30127
30128
30129
30130
27274
27284
27295
27294
27283
27273
27272
27282
27293
27292
27307
27318
27317
27316
27331
27332
27333
27349
27348
27347
27377
27386
27387
27397
27396
27406
27416
27431
27430
27429
27428
27427
27426
27425
27439
27448
27457
27466
27477
27476
27475
27474
27498
27499
27500
27501
27502
27503
27504
27505
27506
27507
27490
27478
27479
27480
27481
27482
27483
27458
27467
27468
25702
27484
27469
27460
27459
27441
27440
27449
27450
27451
27452
27461
27462
27463
25701
27472
27464
30138
22567
20618
22583
20619
22600
22611
22621
22632
22633
22622
22612
22601
22584
22568
22552
22551
22536
22525
20617
22513
20616
22496
20615
22485
20614
22474
20613
22464
22448
22430
22414
30131
27337
27353
27352
27369
27351
27335
27336
27321
27311
27310
27309
27308
27319
27320
27334
27350
27368
27367
27380
27381
27382
27370
27371
25699
30132
27392
27391
27390
27389
27399
27409
27418
27419
27434
27435
27420
27421
27411
27410
27400
27401
27402
30133
30134
27412
27422
30135
27437
27436
27445
27446
30136
30137
27455
27454
27453
27444
27443
27442
27433
27432
27417
27407
27408
27398
27388
27379
27378
27366
27365
27364
27363
27362
27344
27345
27346
27330
27329
27328
27327
27326
27325
25697
27342
27343
27361
25698
27360
27359
27376
27385
27395
27405
27415
27424
25700
27414
27404
27394
27384
27375
27358
27341
27324
27315
27314
25695
27323
25696
27340
27357
27356
27374
27373
27355
27354
27372
25501
27383
25502
27393
25503
27403
25504
27413
25505
27423
25506
27438
25507
27447
25508
27456
25509
27465
27473
25510
27489
27497
25511
27514
25512
27521
25513
27528
25514
27535
25515
27543
27549
25516
27565
25517
27572
27579
27580
27598
27597
27615
25518
27633
25519
27642
25520
27649
25521
27656
25522
27663
25523
27670
25524
27677
25525
27684
35288
35287
32848
32839
35286
35285
32830
32821
35284
35283
32810
32800
35282
35281
32790
32780
32764
32763
32745
32746
32744
32743
32727
32728
32729
32730
32713
32703
32693
32692
32691
32674
32659
32660
32675
32676
32661
32644
30622
32636
32635
32620
35280
32603
32586
32569
32553
32544
32543
30615
30614
32534
32535
32526
32525
32516
32517
35279
35278
35277
35276
32439
32456
32455
32438
32437
32436
32454
32453
32470
32471
32488
32487
32504
32513
32523
32532
32541
32540
30616
32549
32550
32542
32533
32524
30613
32515
32506
32507
32490
32473
32472
32489
32505
32514
32512
32503
32486
32485
32468
32469
32452
32434
32435
32420
32419
32418
32402
32417
32432
32433
32451
32450
32467
32484
32501
32502
32511
32521
32522
32531
32530
32539
32548
30617
32565
32566
32567
32568
32551
32552
30618
32585
32602
32601
32584
32583
32582
32599
32598
32581
32580
32597
32615
32616
30621
32617
32600
32618
32619
32634
32633
32632
32641
32642
32643
32658
32657
32656
32671
32672
32673
32690
32701
32702
32712
32711
30627
32700
30626
32689
32688
32710
32726
32742
32760
32761
32762
32778
32788
32789
32779
32799
32809
32820
32819
32828
32829
32838
32837
32836
32845
32844
32835
32826
32827
32818
32817
32806
32807
32808
32798
32797
32796
32786
32787
32777
32776
32775
32759
32758
32740
32741
32725
32724
32709
32699
32686
32687
32670
32669
32654
32655
32640
32631
32614
32596
32579
32564
32563
32578
32595
32594
32577
32562
32561
32560
32575
32576
32593
32592
32591
32609
32626
32627
32610
32611
32612
32613
32630
32629
32628
32653
32668
32685
32684
32667
32652
32651
32650
30624
32666
32683
32682
32698
32708
32720
32719
32718
32734
30630
32717
32707
32697
32696
32695
32663
32678
32679
32664
32665
30625
32680
32681
32649
32648
32647
30623
32646
32638
32622
32621
30368
32637
30369
32645
30370
32662
30371
32677
30372
32694
30373
32704
30374
32714
32731
32732
32715
32705
32706
30628
32716
30629
32733
32750
32751
32767
32783
32793
32803
32802
32792
32782
32766
30631
32749
32748
32747
32765
30375
32781
30376
32791
30377
32801
32811
30378
32822
30379
32831
30380
32840
32849
30382
32858
30381
32812
32813
32814
32823
32832
32841
32850
32859
30633
30634
32875
32876
32860
32861
32877
32893
32892
32891
30635
32909
32920
32937
32938
32921
32939
32922
32910
32923
32924
32925
32926
32927
32928
32911
32898
32882
32866
32865
32864
32880
32881
32897
32896
32895
32894
32878
32879
32863
32862
32851
32842
32833
32824
32815
30632
32804
32794
32784
32770
32771
32772
32756
32755
32754
32769
32768
32752
32753
32735
32736
32721
32737
32738
32722
32723
32739
32757
32773
32774
32785
32795
32805
32816
32825
32834
32843
32852
32867
32883
32899
32900
32901
32902
32903
32887
32886
32885
32884
32868
32869
32853
32854
32870
32871
32855
32846
32847
32856
32857
32873
32872
32889
32888
32904
32915
32905
35289
32916
32933
30636
35290
35291
32948
32958
30638
32947
32957
32973
32974
32975
27759
25529
27742
27725
27726
27743
27760
25713
27744
27745
27728
27727
25710
27716
27708
25528
27699
25527
27691
25526
27717
27709
27700
27692
27685
27678
27671
27664
27657
27650
27643
27634
27618
27616
27617
27599
27581
27582
27600
27602
27584
27585
27603
27604
27586
27587
27605
27606
27588
27589
27590
27608
27626
27627
27628
27629
27611
27612
27594
27595
27613
27596
27614
27632
27631
27630
27647
27638
27639
27640
27641
27648
30146
30147
27655
27662
30148
30149
27669
27676
30150
30151
27683
27690
25707
27698
30152
27707
27715
27714
27706
27697
25708
27682
27675
27668
27674
27673
27680
27681
27688
27689
27696
27695
27703
25709
27704
27705
27713
27712
27721
27720
27738
27755
27771
27770
27754
27753
27752
27735
27736
27737
27719
27711
27702
27694
27687
27718
27710
27701
27693
27686
27679
27672
27665
27658
27651
27644
27659
27666
27667
27660
27661
27654
27653
27652
27645
27646
27637
27636
27635
25706
27625
27624
27623
27622
27621
27620
27619
27601
27583
27573
27566
27553
27544
27536
27529
27522
27515
27550
27551
27552
27554
27555
27556
27557
27558
27567
27574
27607
27609
27591
27592
27610
27593
27577
27570
27569
27576
27575
27568
27559
25705
27545
27537
27538
27531
27532
27524
27530
27523
27516
27517
27509
27508
27491
27492
27493
27510
27518
27525
27526
27527
27534
25703
27541
27542
25704
27571
27578
30145
30144
27564
27563
27562
27548
27561
27560
27546
27547
27539
27540
27533
27519
27520
27512
27513
27495
27494
27511
27485
27470
27471
27486
27487
27488
27496
30139
30140
30141
30142
30143
22643
22644
22654
22653
22663
20620
22664
22676
22675
22692
22709
22693
22710
22727
22726
22754
22736
22737
22738
22728
22711
22694
22677
22665
22645
22634
22623
22635
22646
20830
22655
22656
22647
22636
22624
22613
20825
22603
22602
22585
22586
22569
20822
22570
20824
22587
22588
22604
22614
20826
22625
20827
20828
22657
22668
22667
22666
22678
22679
22680
22697
22714
22713
22696
22695
22712
22729
22730
22740
22739
22757
22756
22755
22773
22772
20621
22787
22788
22774
22789
22790
22775
22776
22758
22759
22741
22742
22760
20834
22793
22777
20835
22761
22743
22744
22762
22745
22718
22719
22702
22701
22700
22699
22716
22717
20833
22715
22698
22681
22682
22683
22684
22685
22686
22703
22704
22720
22748
22749
22767
22768
22750
22732
22731
22721
20832
22705
22688
22687
22669
22670
22659
22658
22648
22637
22626
22627
22638
22649
22650
22660
22671
22672
22690
22689
22706
22722
22723
22707
22708
22691
22673
22661
20831
20829
22640
22639
22628
22629
22630
22631
25247
25248
22642
22641
22651
22652
22662
22674
25249
25250
25251
25252
22725
22724
22734
22733
22751
22769
22770
22752
25253
22735
22753
22771
22786
25254
25255
22815
20836
22798
22797
22785
22784
22796
22783
22795
22794
22782
22781
22766
22765
22747
22746
22764
22763
22778
22779
22780
22809
22808
22823
22824
22825
22810
22811
22826
22827
22812
22813
22814
22829
22830
22841
22852
22853
22842
22831
25256
25257
25258
22864
22863
22861
22877
22876
20842
22860
22849
22838
22828
22840
22839
22850
22851
22862
22878
22890
22891
22879
22880
25259
25260
22892
22908
22907
22906
22905
22889
22888
22887
22875
22874
22873
22872
22871
22886
20843
22898
22899
22900
22901
22902
22903
22904
22920
22921
22932
22944
22945
22943
20849
22931
20847
22919
22918
22917
22916
22915
22914
22913
20846
22929
22930
22942
22941
22940
22952
22953
20853
22954
20850
20851
22955
22971
22972
22956
22984
22997
22985
22973
22957
22958
22959
22946
22934
22933
22922
22923
22924
22935
22947
22960
22976
22975
22974
22986
22987
22988
25261
25262
23000
22999
22998
23014
23027
23043
20858
23015
23016
23028
23044
23059
23070
25263
23058
23057
23042
23041
23040
23039
23024
23023
23010
22994
22995
22996
23012
23013
23026
23025
23011
22983
22982
22970
22969
22968
22967
22966
22965
22981
22993
23005
23006
23007
23008
23009
23036
23037
23038
23064
23075
23076
23087
23086
23097
23108
23118
23119
23109
23098
23099
23110
23120
23131
23130
23140
20865
23129
20866
23183
23184
23185
23203
23202
23201
23200
23182
20868
23199
23198
23181
23180
23179
23194
23195
23196
23197
23213
23214
23223
23222
23231
23240
23241
23232
23250
20871
23259
23249
20869
23212
23221
23230
23239
23238
20635
23229
20634
23220
20633
23211
20632
23193
23177
23178
23168
23169
23170
23171
23159
23158
23148
23149
23139
23128
23117
23107
23096
23095
23106
23116
23127
23138
23137
23147
23157
23167
23166
23156
20631
23146
20630
23136
20629
23125
20628
23126
23115
20864
23105
23104
20627
23093
20626
23094
23083
23072
23071
20625
23082
30162
30161
27857
27866
27875
30163
30164
27884
27893
30165
30166
27901
27910
30167
27919
27926
25723
30168
27918
25722
27909
27925
27917
27908
27899
27900
27892
27883
27882
27891
27873
27874
27865
27864
27855
27856
27847
27846
27845
27827
27826
27809
27808
27825
27843
27844
27854
27863
27872
27881
27890
27898
27907
27916
27924
27939
27938
27951
27950
27949
27936
27937
27923
27915
27906
27897
27889
27880
27871
27862
27853
27842
27841
27840
27824
27807
27806
27823
27822
27839
27838
27821
27804
27805
27820
27837
27836
27819
27818
27817
27834
27835
27851
27852
27861
27870
27888
27879
27878
27887
27904
27903
27902
25534
27885
25533
27876
25532
27867
25531
27858
35299
35300
33065
33075
35301
35302
35303
35304
33105
33095
33085
33094
33084
33074
33063
33064
33054
33053
33051
33061
33062
33052
33042
33041
33031
33032
33043
33044
33055
33045
35298
35297
33035
33034
33033
33023
33024
33025
35296
35295
33015
33014
33013
33012
33022
33021
33011
33001
33002
33003
33004
33005
35294
32995
35293
35292
32985
32984
32994
32993
32983
32982
32992
32991
32981
32972
32956
32946
32931
32932
32914
32913
32912
32930
32929
30637
32945
32955
32971
32970
32969
32954
32944
32943
32942
32941
32940
32953
32963
32962
32952
32936
32919
32908
32907
30383
32874
32890
32906
32917
32918
32935
32934
30384
32949
30385
32959
30386
32976
30387
32986
30388
32996
30389
33006
30390
33016
30391
33026
30392
33036
30393
33046
30394
33056
30395
33066
30396
33076
30397
33086
30398
33096
33106
30399
33107
33097
33087
33077
33067
33057
33047
33037
33027
33017
33007
32997
32987
32977
32960
32950
32951
30639
32961
32978
32988
32998
33008
33018
33028
33038
33048
33058
33068
33078
33088
33098
33108
33119
33120
33138
33139
33155
33154
33152
33169
33177
33185
33193
33201
33202
33218
33234
33233
33250
33256
33262
33268
33274
33280
33279
33273
30409
33267
30408
33261
30407
33255
30406
33249
30405
33232
33216
33217
33210
30404
33209
33200
33192
30403
33184
30402
33176
30401
33168
30400
33150
33151
33135
33134
33116
33117
33118
33136
33137
33153
33170
33178
33186
33194
30643
33203
33211
33223
33239
33240
33241
33242
33226
33225
33224
33195
33187
33179
33171
33156
33140
33141
33157
33158
33159
33143
33125
33142
33124
33123
33122
33121
33109
33099
33089
33079
33069
33059
33049
33039
33029
33019
33009
32999
32989
32979
32964
32965
32966
32967
32968
32980
32990
33000
33010
33020
33030
33040
33050
33060
33070
33080
33090
33100
33110
33126
33127
33145
33144
33160
33161
33172
33180
33188
33196
33204
33212
33227
33243
33252
33258
33264
33270
33276
33282
33290
30651
30649
33283
30647
33277
33285
33284
33291
33292
33293
33302
33301
33300
33328
33355
33356
33392
33409
33419
33434
33433
33443
33435
33410
35316
33376
30656
33393
33411
35317
33420
33436
35318
33444
33461
30660
35319
35320
35321
35322
35323
35324
35325
35326
33572
30666
33555
30665
33538
30664
33521
30663
33504
30662
33487
30661
33470
33469
33468
33460
33459
33467
33484
33485
33486
33503
33502
33519
33536
33537
33520
33554
33553
33552
33535
33534
33551
33568
33584
33583
33567
33566
33582
33580
33597
33615
33616
33617
33618
33600
33599
33598
33581
33565
33548
33549
33550
33533
33532
33531
33514
33515
33497
33480
33481
33498
33499
33516
33517
33518
33501
33500
33483
33482
33456
33455
33454
33453
33452
33441
33451
33450
33466
33477
33478
33479
33496
33513
33530
33547
33564
33563
33579
33578
33562
33561
33577
33594
33595
33596
33614
33613
33627
33612
33593
33611
33610
33624
33633
33642
33658
33668
33678
33679
33669
33659
33660
33670
33680
33689
33688
33698
33699
33709
33719
33718
33708
33707
33697
33687
30672
33677
30419
33667
30418
33657
30417
33641
30416
33632
30415
33623
30414
33607
33608
33609
33591
33592
33576
33560
33543
33544
33527
33528
33545
33546
33529
33512
33495
33494
33511
33510
33493
33476
33475
33465
33464
33474
33473
33490
33507
33508
33491
33492
33509
33526
33525
33524
33541
33542
33559
33575
30667
33558
33557
33574
30668
33590
30413
33573
30412
33556
33539
33540
33523
33506
33505
33522
40769
40768
40767
40766
40765
40764
38798
35795
38815
35796
38832
35797
38849
35798
38866
35799
38883
38894
38893
38905
38906
40770
38918
38934
38951
38949
38966
38965
38964
35805
38947
38930
38948
38931
38932
38933
38950
35806
38967
38982
38981
38980
38979
38993
38978
38977
38991
38992
35810
39004
39014
39039
39048
39057
39065
39074
39083
39091
39131
39130
39114
39115
39116
39099
39100
39092
39084
39075
39066
39067
39059
39058
39049
39040
39042
40772
39033
40771
39017
39007
39006
39016
39015
39005
38994
38995
38996
30420
33696
30421
33706
30422
33716
30423
33726
33717
33727
33736
30673
30424
33745
30425
33755
30426
33771
30427
33780
33789
33790
33807
30676
33825
33843
33859
33858
33857
33874
30429
33883
33892
30430
33909
33917
30431
33918
33919
33911
33910
33893
33894
33895
33896
33897
33898
33899
33900
33901
33902
33903
33933
33934
33935
33936
33937
33939
33922
33914
33906
33888
33887
33904
33905
33913
33921
33938
33945
33952
33960
33961
33953
33946
33947
33954
33962
33969
33968
33967
33974
33975
33991
33992
33976
33993
30684
35348
35349
35350
35351
34009
34018
35352
35353
34027
34037
35354
35355
34047
34063
30690
34062
34061
34060
34045
34035
34034
34033
34043
34044
34059
34077
30691
34087
34106
34107
30692
34124
34141
34151
34152
35358
35357
35356
34108
34090
34089
34088
34078
34079
34046
34036
34026
34025
34024
34023
34014
34015
34016
34017
34008
34007
34006
30685
33990
33989
33988
34005
34003
34004
33987
33986
33985
34002
34001
33984
33983
33973
33972
33965
33958
33964
33971
33979
33996
33995
33978
33977
33970
30434
33963
30433
33955
33956
33957
33950
33943
30680
33927
33949
30432
33942
33925
33926
33928
33929
33930
30683
33966
33959
33951
33944
33932
33931
33920
33912
33886
33878
33863
33864
33865
33866
33867
33833
33849
33850
33868
33869
33879
33870
33871
33853
33837
33836
33852
33851
33835
33834
33817
33816
33815
33832
33848
33847
33831
33830
33829
33846
33845
33844
30677
33827
33826
33809
33792
33793
33794
33811
33810
33828
33862
30678
33861
33860
33877
33876
33885
33884
33875
33842
33841
33824
30428
33806
33808
33791
33781
33782
33773
33772
33756
33757
33747
33746
33737
33728
33729
33738
33748
30674
33758
33759
33760
33761
33762
33763
33764
33765
33766
33767
33776
33785
30675
33802
33820
33819
33818
33801
33784
33775
33800
33799
33798
33797
33814
33813
33812
33796
33795
33783
33774
33749
33739
33730
33720
33710
33700
33690
33681
33671
33661
33636
33635
33626
33625
33634
30671
33643
33644
33645
33646
33647
33648
33649
33650
33651
33652
33653
33663
33662
33672
33673
33683
33682
33691
33701
33711
33721
33731
33740
33750
33751
33741
33732
33722
33712
33713
33703
33702
33692
33693
33684
33674
33664
33654
33639
33630
33621
30669
33604
33603
33586
33587
33605
33606
33589
33588
33571
33570
33569
33585
33602
33601
33619
33620
33628
33637
33638
33629
30670
33622
35327
35328
33631
33640
33656
33655
33665
33666
35329
35330
33676
33675
33685
33694
33695
33686
35331
35332
35333
33705
33704
33714
33715
35334
35335
33725
33724
33723
33733
33742
33734
33735
35336
35337
33744
33743
33753
33752
33768
33769
35338
33754
33770
35339
33779
33788
35340
35341
33805
33804
33787
33778
33777
33786
33803
33821
33822
33823
33840
33856
35342
30679
33882
33873
33855
33839
33838
33854
33872
33880
33881
33889
33907
33915
35345
35344
35343
33891
33890
33908
33916
33924
33923
33940
33941
30681
30682
33948
35347
35346
28797
28796
28784
28772
28773
28785
28786
28798
28799
28812
28826
28825
28824
28811
28810
28809
28822
25553
28823
25554
28835
25555
28849
28863
28864
28850
28836
28837
28838
28839
28853
28852
28851
28865
28866
28880
28879
28878
28877
28891
28892
28893
28894
28908
28909
28895
28881
28867
28869
28855
28854
25783
28868
25784
28882
25785
28896
25786
28910
28911
28897
28883
28927
28928
28929
28942
28943
28931
25787
28930
28913
28912
28898
28884
28870
28856
28857
28858
28859
28860
28874
28873
28872
28871
28885
28886
28900
28899
28914
28932
28944
28956
28968
28967
28955
28954
28966
28978
28979
28980
28981
28997
29015
29016
29034
29051
29052
30229
29035
29017
28999
28998
28982
28983
30228
30227
28971
28959
30226
30225
28947
28946
28958
28970
28969
28957
28945
28933
28934
28935
30224
30223
28918
28904
30222
30221
28890
28876
28889
28902
28903
28917
28916
28915
28901
28887
28888
28875
28861
28847
28833
25782
28832
28845
28846
28844
28831
28830
28843
28842
28829
28815
28816
28803
28802
28790
28778
28779
25779
28791
28804
28817
28818
28805
28806
28819
28820
28807
28794
28793
28792
28780
25777
28767
28754
28753
28766
28765
28752
28740
28729
28711
28710
28728
28727
28726
28725
28739
28751
28764
28777
28789
28801
28814
28828
28841
28840
28827
25781
28813
28800
25780
25778
28788
28776
25775
28763
28750
28738
28724
28723
28722
28721
25773
28737
25774
28749
28762
25776
28774
28787
28775
28761
28760
28759
28747
28748
28736
28735
28718
28720
28719
28703
28702
28688
28689
28690
28704
28705
25771
28706
28693
28692
28691
28674
28657
28658
25768
28675
28676
28694
28707
28708
28709
25769
28678
28679
28663
28662
28661
28677
28660
28659
28645
28644
28631
28619
28620
28632
28646
28633
28621
28609
28608
28607
28606
28618
25765
28630
28643
28642
28656
28673
28672
25552
28671
28654
28655
28641
25551
28640
28628
28629
28617
28616
25550
28605
25764
28594
25549
28593
28581
25548
28569
25547
28553
28554
28543
25762
28527
28526
28509
28492
28478
28465
25546
28466
28479
28480
28481
28467
28451
28452
28453
28436
28435
28434
28433
28420
28421
28409
28393
28377
28394
28395
28410
28422
25753
28423
28437
28438
28456
25757
28471
28455
28454
28470
28469
28468
28482
28496
28497
28483
28484
28498
28499
28500
28501
28517
28534
28533
28516
28515
28514
28513
28530
28529
28528
28511
28510
28493
28494
28495
28512
28544
28556
28571
28555
28570
28582
28583
28595
28596
28597
28598
28574
28586
28585
28584
28572
28573
28558
28557
28545
28546
28531
28532
28547
28559
28560
28561
28562
28563
28564
25763
28548
28538
28539
28540
28522
28521
28520
28537
28536
28535
28518
28519
28502
28503
28504
28486
28485
25758
28472
28458
28457
28440
28439
28424
28412
28411
28396
28397
28398
28399
28400
28413
28425
28441
28442
28459
28460
28473
28474
28461
28462
28475
28487
28505
28488
28489
28476
28477
28490
28507
25759
28506
25760
28523
28524
25761
28541
28551
28552
30203
30202
28542
28525
30201
30200
28508
28491
25756
30199
30198
28447
28430
28406
25752
28405
28388
25751
28371
25750
28354
25749
28337
28326
28327
28338
28355
30193
30194
28372
28389
30195
30196
30197
28417
28416
28429
25755
28446
28464
28463
28428
28445
28444
28443
28426
25754
28427
28415
28404
28387
28370
28369
28368
28385
28386
28403
28402
28414
28401
28383
28384
28367
28350
28351
28352
28353
28336
25748
28324
28325
28310
28283
28295
28311
28312
28296
30192
30191
28284
28273
30190
30189
28262
28272
25739
28261
28246
25737
25738
28230
28219
30188
30187
30186
30185
30184
30183
28142
28132
30182
30181
28122
28121
28131
28141
28159
28158
25734
28174
28183
28192
28201
28218
28229
25736
28217
28215
28214
28199
28190
28181
28172
28171
28154
28155
28139
28129
28119
28109
28100
28091
28082
28073
28064
28055
28030
28022
28011
28000
27987
27968
27969
27952
27970
27988
27989
27971
27972
27954
27955
27953
27940
27941
27942
27956
27957
27975
27974
27973
27991
27990
28001
28012
28023
28031
28048
28049
28032
28024
28013
28002
27992
27993
30169
30170
30171
30172
30173
30174
28058
28067
28057
28066
28075
28084
28093
28102
28111
28112
30180
30179
28103
28094
30178
30177
28085
28076
30176
30175
23256
23247
23248
23257
23258
23266
23277
23294
23311
23310
23293
23276
23265
23264
23274
23275
23292
23309
23308
23291
23325
23342
23359
23376
23377
23360
23343
23326
23327
23344
23361
23378
23395
23412
23411
23394
23393
23410
23427
20636
23428
20637
23444
20638
23461
20639
23477
23478
23462
23445
23447
23446
23429
20883
23413
23396
23398
23415
23431
23432
23433
23434
23435
23436
23420
23419
23402
23401
23400
23399
23416
23417
23418
23451
23450
23449
23466
23481
23493
23492
23491
23480
23490
23507
23506
23505
23488
23489
23479
23463
23464
20885
23465
23448
20884
23430
23414
23397
23380
23379
23362
23345
23328
23329
23330
23346
23363
23381
23364
23347
23348
23331
23332
23314
23297
23296
23313
23312
23295
23278
20872
23267
23279
23280
23281
23298
23315
23316
23317
23300
23299
23282
23283
23284
23285
23286
23287
23269
20873
23268
23303
23304
23321
23322
23323
23340
23339
23338
23320
23337
23354
23353
23336
23319
23302
23301
23318
23335
23352
23351
23334
23333
23350
23349
23366
23365
23382
23383
23384
23367
23368
23385
23386
23387
23404
23403
23369
23370
23371
23372
23355
23356
23357
23374
23373
23390
23407
23406
23423
23439
23456
23457
23440
23424
23425
23408
23391
23389
23388
23405
23422
23421
23454
23437
23438
23455
23471
23483
23470
23469
23453
23452
23467
23468
23497
23514
23513
23527
20888
23512
23496
23495
23482
23494
23511
23510
23509
23508
23524
23523
23537
23551
23565
23579
23606
23605
23618
23619
23620
23607
23608
23621
23635
23652
23654
23653
23636
23622
23609
23610
23623
23637
23638
23639
23640
23641
23642
23625
23612
23599
23598
23584
23585
23586
23600
20893
23613
23614
23627
23626
20894
23643
23644
23659
23658
23673
23674
23675
23660
23661
23676
23691
23690
23689
23706
23705
23688
23687
23704
23720
23719
23721
23722
23723
23707
23708
23724
23740
23739
20900
23738
20898
23737
23748
23758
23759
23769
20901
23768
23784
23785
20905
23810
23809
23807
23792
23781
23780
23779
23778
23806
23805
23804
23803
23802
23800
23799
23790
23775
23774
23789
23764
23765
23754
23753
23743
23744
23745
20899
23729
23730
23731
23714
23715
23699
20895
23684
23669
23668
23683
23682
23667
23666
23665
23664
23679
23680
23681
23696
23713
20896
23697
23698
20897
23755
23766
23777
23776
20904
23791
23801
23816
20908
23825
23834
23843
23852
23860
23869
23877
23878
23879
23880
23881
23882
23894
23893
23876
20911
23867
23868
23859
23858
23857
20910
23849
23848
20653
23839
20652
23840
23841
23850
23851
23842
23833
23832
23831
20651
23830
23822
23823
23824
23815
23814
20907
23798
23797
23788
23773
23763
20650
23752
20649
23742
23726
23710
23711
23727
23728
23712
23695
23694
23693
20648
23678
20647
23663
20646
23648
20645
23649
23650
23651
23634
23633
23632
23631
23617
20644
23604
23591
23577
20643
23563
20642
23549
20641
23535
20640
23521
23522
23536
23550
23564
23578
23592
23593
23594
23580
23566
23552
23538
23525
23526
23539
23540
23541
23555
23554
23553
23567
23568
23569
23583
23582
23581
20890
23595
23596
23597
20892
23611
23624
23655
23656
23657
23672
23671
23670
23685
23686
23703
23702
23701
23700
23716
23733
23732
23734
23717
23718
23735
23736
23747
23757
23756
23746
23767
23782
23783
23793
23808
23818
23817
23826
23827
23836
23845
23844
23835
23853
23854
23862
23871
23870
23861
23883
23884
23885
23886
23887
23888
23889
23890
23873
25305
25304
23864
23856
25303
25302
23847
23838
25301
23829
20909
23820
23812
23821
25300
25299
23813
23796
23795
23787
20903
23772
23771
23761
23762
25298
23751
23750
23749
23760
23770
20902
23786
23794
20906
23811
23819
23828
23837
23846
23855
23863
23872
23897
23905
23922
23931
23948
23956
23947
23946
23945
23921
23920
23919
23904
23896
23895
23903
23918
23930
23944
23955
23943
23929
23917
23916
23915
23914
23913
23912
23911
23902
23901
23910
20912
23927
23928
23937
23938
23939
23940
23941
23942
23954
23967
23966
23965
23964
23963
23962
23961
23977
23985
23984
23976
23960
23953
23952
23936
23935
23951
20915
23950
23959
23975
23983
23992
23993
23994
24009
24010
23995
23996
23997
23998
23999
24000
24001
24011
24023
24035
24036
24024
24012
24002
24003
23987
23986
23978
23979
23968
23969
23970
23971
23972
23980
20916
23981
23973
23957
25308
20914
23932
20913
23923
23924
25307
23906
23898
25306
18867
15691
18857
15690
18847
15689
18837
15688
18838
18848
18858
18868
15922
18877
18887
15692
18886
18896
15693
18907
15694
18917
18927
18928
18918
18908
18897
18898
18899
18900
18909
18910
15923
18888
18878
18869
18859
18849
18839
18829
18815
18814
18813
18811
18828
15921
18812
18803
18802
15687
18793
15686
18784
15685
18776
18777
18785
18794
18786
18795
18804
18816
18817
18818
18819
18820
18821
18822
18830
18831
18841
18840
18860
18850
18851
18861
18862
18852
18842
18832
18823
15920
18824
18833
18843
18853
18863
18874
18883
18884
18875
18876
20410
20409
18866
18865
18864
18854
18844
18834
18825
18808
18799
18800
18809
18826
18835
18845
18855
18856
20408
18846
20407
20406
18836
18827
20405
20404
18810
18801
20403
20402
18792
18791
18790
18789
18788
18797
18798
18807
18806
18805
18796
18787
18779
18771
18762
18751
18750
18749
18748
18747
18746
18745
18744
15914
18761
15916
18770
18778
15918
18769
18768
18767
18758
18759
18760
18743
18742
18732
18723
18733
15913
18734
18724
15912
18714
15911
18704
15909
18688
18678
18677
15906
18668
15904
18659
18648
18658
18657
18667
18676
18675
18666
18656
15682
18646
18647
18637
18636
18626
18627
18610
18611
18628
18638
18612
18613
15900
18629
15901
18639
15902
18649
18660
18669
18692
18691
18690
18689
18687
18686
18685
18684
18711
18701
18702
18703
18713
18712
18722
18721
15683
18731
18741
15684
25297
23741
23725
23709
25296
23692
23677
25295
25294
23662
23647
25293
25292
23630
23629
23646
23645
23628
23615
23616
23603
23602
23601
20891
23587
23588
23574
23560
23561
23575
23573
23559
23545
23546
23532
23518
23502
20886
23485
23486
23503
23519
23517
20887
23531
23530
23529
23544
23543
23557
23558
23572
23571
23570
23556
23542
23528
23516
20889
23515
23498
23499
23500
23501
23484
23472
23473
23474
23475
23459
23458
23441
23442
23443
23460
23476
23487
25286
25287
23504
23520
23534
23533
23547
23548
25288
25289
23562
23576
23589
23590
25291
25290
18609
18573
18591
18592
18593
18594
18595
18577
18578
18596
18614
18615
18616
18617
18599
18598
18597
18579
18580
18581
18582
18600
18618
18619
18601
18583
18584
18568
18558
18549
18540
18531
18522
18513
18504
15897
18494
18495
18505
18506
18507
18516
18525
18524
18515
18514
18523
18533
18532
18541
18542
18551
18550
18559
18560
18587
18605
18623
18622
18621
18603
18602
18620
18630
18640
18650
18661
18670
18679
18695
18694
18693
18705
18715
18725
18735
18752
18753
18736
18726
18727
18737
18738
18739
18756
18755
18754
18763
18772
18780
18781
18773
18764
15915
18765
18774
15917
15919
18782
18783
18775
18766
18757
20401
18740
18730
20400
20399
18720
18710
20398
18700
18699
18709
18719
18729
18728
18718
18717
18716
15910
18706
18707
18708
18698
18673
18674
15905
15903
18655
20397
20396
18645
18635
20395
20394
18625
15899
18608
18607
18606
18588
18589
18590
20393
18572
18562
20392
20391
18553
18544
20390
20389
18535
18534
18543
18552
18561
18571
18570
18569
18585
18586
18604
18631
18641
18662
18651
18652
18653
18643
18642
18632
18633
18624
18634
18644
18654
18665
18664
18663
18672
18671
18680
18696
15908
18697
18681
18682
18683
15907
14191
11556
14187
11555
14184
14181
14178
14175
14170
14152
14153
14154
14155
14156
11797
14157
14139
14140
14158
14159
14141
14142
14160
14161
14143
14144
14162
14163
14145
14146
14164
14165
14147
14148
14166
14167
14149
14132
14133
14150
14168
11798
14173
14176
14179
14182
14185
14189
14193
14210
14227
14226
14225
14224
14207
14208
14209
14211
14232
14231
14235
14236
14269
14284
14282
14267
14251
14252
14268
14283
14291
14298
14305
14322
14323
14306
14299
15409
15408
14292
14285
15407
11807
11806
11804
14228
11803
15406
15405
14194
15404
15403
14190
14186
15402
15401
14183
14180
15400
15399
14177
14174
14169
14151
14134
15398
15397
14128
14127
14126
14121
14122
15396
15395
14116
14115
14099
14098
14091
11791
14097
11792
14114
14120
14113
14112
14111
14110
14109
14108
14107
14106
14105
14104
14103
14119
14125
14131
14138
14137
11796
14130
11795
14124
11794
14118
11793
14102
14101
14100
14117
14123
14129
14135
11554
14136
14171
14172
11799
11800
11801
11802
14188
14192
14197
14196
14195
14212
11557
14229
14230
14213
14214
14215
14198
14199
14216
14217
14200
14201
14202
14203
14204
14205
14206
14223
14222
14221
14220
14219
14218
11805
14256
14255
14239
14240
14241
14242
14243
14259
14258
14257
11808
14273
14274
14275
14260
14244
14245
14246
14247
14248
14264
14265
14249
14250
14266
14281
14280
14279
14278
14263
14262
14261
14276
14277
14319
14318
14317
14334
14351
14368
14369
14370
14371
14354
14355
14356
14373
14372
14379
14385
14391
14398
14405
14406
14399
14392
14393
15416
15417
14400
15418
14407
14413
15419
15420
14420
15421
15422
15423
11815
14453
14452
14460
14459
14451
14450
14442
14443
14444
14445
14437
14436
11813
14435
14418
14419
14412
14411
14434
14433
14432
14431
14430
14429
14428
14427
14426
14425
14424
14423
14415
14416
14417
14441
14449
11814
11816
14464
14457
14463
14462
14461
14468
11567
14486
14469
14493
14492
11568
14509
14516
14532
14539
14546
14552
14553
14547
14540
14533
11818
14510
14494
14487
14470
14471
14472
14473
14474
14475
14476
14477
14478
14479
14480
14481
14482
14458
11817
14465
14466
14467
14491
14490
14483
14484
14485
15424
15425
15426
14515
14514
14513
14529
14536
14543
14550
14566
14565
14564
14563
14562
14561
14560
14559
14558
14557
14556
14572
14571
14554
11824
14570
14578
14579
14595
14602
11829
14608
14624
14625
14626
14627
14628
14629
14630
14614
14613
14612
14611
14610
14609
14580
14581
14582
14583
14584
14585
14586
14587
14588
14589
14590
14573
14567
14551
14544
14537
14528
14527
14526
14525
14524
14523
14522
14521
14520
14519
14512
14518
14535
14542
14549
14555
14548
11821
14541
11820
14534
11819
14517
14511
14495
14488
14489
14496
14497
14498
14499
14500
14501
14502
14503
14504
14505
14506
14507
14508
14530
14531
14538
15427
15428
14545
11822
11823
14568
15429
15430
14574
11825
14591
15431
15432
14598
14604
11828
14597
14596
14603
14618
14617
14616
14615
14631
14632
14633
14634
14635
14639
14642
14645
14648
14650
14667
14666
14665
14681
14682
14683
14684
15437
15436
15435
11832
14646
14643
15434
15433
14640
14636
14619
14620
10719
10702
10693
7794
10684
7793
10667
10650
10641
10624
10614
7792
10597
10587
10576
7791
10559
10560
10577
10588
10578
10579
8045
10589
10590
10580
10563
10564
10547
10546
10545
10562
10561
10544
10527
10526
10543
10542
10525
10493
10509
10510
10511
10512
10528
10529
10530
10531
10548
10565
10566
10567
10533
10534
10535
10552
10553
10536
10537
10519
10503
10487
10502
10518
10517
10516
10515
10499
10500
10501
8038
10498
8040
10486
8039
10475
10474
10463
10453
10444
10443
10452
8036
10451
10442
7789
10441
10450
7790
10459
10470
10482
10483
10494
10495
10484
10472
10471
10460
10461
10462
10473
10485
10496
10497
8041
10513
10514
10532
10549
10550
10551
10568
10569
10570
10571
10554
10555
10538
10539
10556
10573
10572
10581
10591
10608
10607
10606
10605
10604
10603
10602
10601
10617
10616
10600
10599
10598
10615
10625
10651
10668
10669
10652
10653
10642
8048
10626
10627
10628
10630
10629
10643
10654
10671
10670
10685
10686
10695
10694
10705
10706
10723
10724
10725
10749
10750
10751
10752
10753
10754
10755
10739
10731
10714
10713
10730
10729
10728
10712
10711
10710
10727
10726
10709
10708
10707
10672
10655
10656
10673
10674
10675
10676
10677
10678
10679
10662
10661
10660
10659
10658
10657
10631
10632
10633
10634
10635
10644
10645
10637
10636
10618
10619
10609
8046
10592
10582
10583
10593
10610
10611
10594
10584
10585
10595
10612
10596
11314
11315
10613
10623
11316
11317
10640
11318
10649
10647
10648
10639
8047
10622
10621
10620
10638
10646
10664
10663
10680
10681
10689
10690
10691
10682
8050
10665
8049
10666
11319
11320
10683
10692
11321
11322
10701
10700
10717
10718
11323
11324
10735
10743
11325
11326
10759
10758
10766
10765
10757
10741
10742
10734
8052
10733
10716
8051
10699
10698
10688
10687
10696
10697
10715
10732
10740
8054
10756
10764
10771
10778
10793
10794
10779
10772
10773
10780
10802
10808
10809
11331
11332
10815
10832
11333
10866
8058
10849
10848
10831
10814
10813
10807
10801
10795
10796
10797
10803
11330
10781
11329
11328
10774
10767
11327
6938
4773
6937
4772
6936
4771
6935
4770
6934
4769
6933
4768
6932
4767
6931
4766
6930
4765
6929
4764
6928
4763
6927
4762
6926
4761
6925
4760
6924
4759
6923
4758
6922
4757
6921
4756
6920
4755
6919
4754
6901
6902
6903
6904
6905
6906
6907
6889
6888
6887
6886
6885
6884
6883
6882
4753
6865
6866
6867
6868
6869
6870
6871
6872
6873
6874
6875
6876
6877
6878
6879
6880
6881
4963
7521
7520
7519
7518
7517
7516
7515
7514
7513
7512
7511
7510
7509
7508
7507
7506
7505
7504
7503
7502
7501
7500
7499
7498
7497
7496
7495
7494
7493
7492
7491
6836
6835
6834
6833
6832
6831
6830
6829
6828
6827
6826
6825
6824
6823
6822
6821
6820
6803
6804
6787
6770
6771
6772
6789
6788
6805
6806
6807
6808
6809
6810
6811
6794
6777
6760
6759
6758
6775
6776
6793
6792
6791
6790
6773
6774
6757
6756
6755
6754
6753
6734
6735
6736
6737
6738
6721
6704
6705
6722
6723
6739
6740
6741
6724
6706
6689
6690
6707
6725
6726
6742
6743
6744
6745
6728
6711
6694
6677
6678
6695
6712
6729
6727
6710
6693
6676
6675
6692
6709
6708
6691
6674
6673
6672
6671
6688
6687
6670
6669
6686
6702
6703
6720
6719
6718
6717
6700
6701
6684
6685
6668
6667
6683
6666
6665
4957
6655
4718
6654
6658
4719
6660
6662
6679
6696
6713
6714
6697
6680
6663
6664
6681
6682
6699
6698
6715
6716
6733
6732
6731
6730
4720
6746
4721
6747
4722
6748
6749
6750
6784
6783
6766
6767
6768
6751
6752
6769
6786
6785
6802
6801
6800
4723
6817
4724
6818
6819
4725
6837
4726
6838
4727
6839
4728
6840
4729
6841
4730
6842
4731
6843
4732
6844
4733
6845
4734
6846
4735
6847
4736
6848
4737
6849
4738
6850
4739
6851
4740
6852
4741
6853
4742
6854
4743
6855
4744
6856
4745
6857
4961
4746
6858
4747
6859
4748
6860
4749
6861
4962
4750
6862
4751
6863
4752
6864
11309
10492
10508
10524
11310
10541
10558
11311
11312
11313
10586
10575
8044
10574
10557
8043
10540
8042
10523
10507
10491
10490
10489
10505
10506
10522
10521
10520
10504
10488
10477
10476
10464
10465
10455
10454
10445
10446
10447
10456
10466
10478
10479
10467
10468
10480
10481
11308
11307
10469
10458
10449
11306
11305
10440
10432
11304
11303
10423
10422
10431
10439
10448
10457
8037
10438
10430
10421
10420
10419
10428
10436
10437
10429
10411
10410
10400
10399
10398
10397
10396
10395
10394
10393
8034
10392
10391
10407
10416
10417
10408
10409
10418
10427
10435
10434
10426
10425
10433
8035
10424
7788
10415
7787
10406
7786
10390
7785
10366
10349
10332
10315
10316
10333
10350
10351
10368
10367
8033
10383
10384
10369
10370
10371
10354
10353
10352
10335
10334
10317
10318
10301
10302
10285
10286
10287
10288
10305
10304
10303
10320
10319
10336
10337
10338
10321
10322
10306
10323
10340
10339
10356
10355
10372
10373
10374
10357
10358
10375
10376
10359
10342
10341
10324
10307
10308
10325
10343
10326
10309
10292
10291
10274
10273
10290
10289
10272
10271
10270
10269
10268
10284
10267
10259
10258
10242
10235
10229
10230
10236
10243
10244
10245
10246
10247
10248
10249
10250
10251
10260
10276
10275
10293
10294
10311
10328
10327
10310
10312
10295
10296
10279
10278
10277
10261
10253
10252
10237
10231
10232
10226
10225
10219
10220
10213
10214
10215
10221
10227
10233
10239
10238
10254
10262
10255
10256
10297
10313
10314
10331
10348
10365
10364
10363
10346
10329
10330
10347
10345
10344
10361
10360
10377
10378
10385
10386
10379
10362
10380
10387
10381
10382
10388
10404
10403
10402
10401
10412
10413
10414
11302
10405
10389
11301
11300
11299
11298
11297
11296
11295
11294
8032
10280
10263
11293
11292
11291
11290
11289
11288
11287
11286
11285
11284
11283
11282
11281
11280
10156
10138
11279
10131
10114
11278
11277
10107
10100
11276
11275
10093
10086
10085
10069
10052
10070
10053
10044
11274
11273
10037
10022
11272
11271
10007
10000
11270
9993
9992
9991
9999
9998
9997
10004
10005
8022
10020
10021
10006
10035
8023
10036
10043
8026
10051
10068
10084
10083
10092
10091
10105
10104
10111
10112
10127
10136
10137
10154
10172
10173
10155
10130
10129
10128
10113
10106
10099
10098
10097
10090
10081
10082
10066
10067
10050
10042
10041
10049
10065
10064
10080
10079
10063
10062
10078
10077
10061
10060
10076
10075
10059
10058
8027
8029
10074
10073
10089
10096
10103
10110
10109
10102
10095
10088
10072
8028
10057
10056
10055
7767
10054
10071
7768
10087
7769
10094
7770
10101
7771
10108
7772
10115
10132
10139
10140
10141
10133
8031
10116
8030
10117
10118
10119
10120
10121
10122
10123
10124
10125
10126
10135
10151
10152
10153
10171
10170
10169
10177
10178
10179
10185
10184
10190
10191
10197
10196
10202
10203
10209
10208
10207
10201
10195
10189
10183
10166
10167
10168
10150
10149
10148
10147
10165
10163
10164
10146
10145
10144
10162
10161
10143
10134
10142
10160
10176
10182
10188
10194
10200
10206
10212
10218
10224
10223
10217
10211
10205
10199
10193
10187
10181
10175
10159
10158
10157
7773
10174
7774
10180
7775
10186
7776
10192
7777
10198
7778
10204
7779
10210
7780
10216
7781
10222
7782
10228
7783
10234
10241
10240
7784
10257
10264
10265
10266
10283
10282
10300
10299
10298
10281
15410
15411
15412
15413
15414
15415
14380
14386
11811
14374
14357
14340
14339
14338
14321
14320
14337
14336
14353
14352
14335
14333
14316
14315
14332
14331
14330
14313
14314
14312
14329
14346
14363
14364
14347
14348
14365
14366
14349
14350
14367
14378
14384
14377
14383
14389
14390
14397
14404
14410
14409
14408
11812
14402
14403
14396
14395
14388
14382
11810
14376
11809
14375
14359
14360
14361
14362
14345
14344
14343
14342
14325
14308
14301
14294
14295
14302
14303
14310
14309
14326
14327
14328
14311
14304
14297
14296
14289
14290
14288
14287
14272
14271
14254
14238
14234
14233
14237
14253
14270
11558
14286
11559
14293
11560
14300
14307
14324
14341
14358
14381
11561
14387
11562
14394
11563
14401
11564
14414
14422
14439
14440
14448
14447
14456
14455
14454
14446
11566
14438
11565
14421
18906
18885
20411
20412
18895
18894
18893
18892
18903
18902
18891
18890
18880
18881
18882
18873
18872
18871
18870
18879
18889
15924
18901
18911
18921
15926
18931
18932
18950
18965
18964
18949
18948
18947
18962
18963
15930
18973
18974
18991
18990
18989
18988
18999
19016
19017
19018
19028
19029
19030
15935
19047
15936
19064
19065
15937
19082
20419
20418
20417
19048
19031
20416
20415
19020
15933
19019
19002
18993
18994
19003
18977
18976
18967
18968
18953
18952
18934
18925
18924
18923
18922
18912
18913
18914
18904
18905
18915
18916
20413
20414
18926
18935
18933
18951
18966
18975
18992
15932
19001
19000
19027
19026
19043
19015
19014
19013
19012
19011
15934
19010
19009
19008
19025
19024
19023
19006
19007
18998
18981
15931
18972
18971
18956
18939
18940
15927
15929
18982
18983
18984
18985
18986
18987
18960
18961
18946
18945
18944
18959
18958
18943
18942
18957
15928
18941
18930
15925
18920
18919
18929
18938
18937
18936
18954
18955
18970
18969
15695
18978
18995
15696
18979
18980
18997
18996
19005
19022
19033
19035
19034
19051
19052
19069
19070
19072
19073
19074
19057
19040
19039
19056
19055
19038
19037
19036
19053
19054
19071
19087
19086
19095
19096
19105
19104
15939
15938
19094
19093
19083
15697
19084
19085
19068
19067
19066
19050
19049
19032
19021
19004
25309
23990
24006
25310
24017
24029
25311
25312
24041
24040
24028
24027
24039
24038
24026
20917
24004
23988
23989
24005
24016
24015
24014
24013
24025
24037
20920
24050
24049
24048
24059
24060
24072
24089
24088
24071
24087
24086
24085
24084
24099
24111
24110
24098
24082
24083
24070
24069
24068
20922
24056
20921
24045
24046
24057
24058
24047
24034
20918
24022
24033
20919
24032
24021
24020
24019
24018
24030
20663
24042
24054
24066
24067
24055
24043
24044
24031
24008
24007
20662
23991
23982
20661
23974
20660
23958
20659
23949
20658
23925
23933
23934
23926
23909
23908
23900
23892
23907
23899
20657
23891
20656
23874
20655
23875
23866
20654
23865
30209
30208
28615
28604
30207
30206
28592
28580
30205
30204
28568
28567
28579
28591
28603
28614
28626
28627
28639
28638
25766
28637
28625
28613
28602
28590
28578
28566
28550
28549
28565
28577
28589
28601
28612
28624
28636
28634
28622
28610
28599
28587
28575
28576
28588
28600
28611
28623
28635
28648
28647
25767
28664
28665
28666
28683
28682
28681
28680
25770
28695
28696
28712
28713
28697
28698
28714
28731
28730
28741
28742
28743
28744
28756
28755
28768
28769
28781
28782
28770
28757
28745
28733
25772
28732
28715
28699
28685
28684
28667
28650
28649
28651
28668
28669
28652
28653
30210
30211
28670
28687
28686
28700
28701
28717
28716
28734
30212
30213
28746
28758
30214
30215
28771
28783
28795
28808
30216
30217
28821
28834
30218
28848
28862
30219
30220
24078
24095
24107
24108
24096
24079
24080
24081
20924
24097
20926
24109
20928
24124
24125
20930
24141
20931
24156
24157
24173
24174
24191
24190
24189
24172
24171
24170
24155
24140
24139
24123
24122
24138
24153
24154
24169
24168
24185
24186
24187
24188
20934
24204
24205
24223
24239
24240
24242
20937
24260
24261
24243
24228
24244
24245
20936
24246
24262
24263
24247
24248
24264
24277
24276
24275
24274
24290
24289
24306
24336
24335
24334
24333
24357
24356
24355
24371
24381
24392
24409
24426
24427
24428
24411
24394
24393
24410
24444
24459
24476
24475
24491
24499
20946
24507
20947
24515
24514
24513
24505
24497
24506
24498
24490
24489
24473
24474
24457
24458
24443
24442
24425
24408
24391
24380
24379
24389
24390
24407
24406
24388
24405
24422
24423
24424
24441
24440
24439
24454
24455
24456
24472
24471
20668
24488
20669
24496
24504
24512
24520
24521
20948
24537
24538
24522
24523
24524
24525
24526
24527
24528
24529
24530
24531
24532
24533
24534
24516
24508
24500
24501
24509
24517
24535
24542
24550
24551
24559
24558
24567
24568
24569
25337
24560
25336
20949
25335
25334
25333
24519
24511
25332
25331
24503
24495
25330
25329
25328
24453
25327
25326
24421
24420
24419
24403
24386
24376
24375
24365
24364
24363
24374
24373
24383
24400
24382
24372
24362
24361
24360
24359
24358
24395
24396
24397
24413
24412
24429
24445
24446
24461
24460
24477
24478
24430
24447
24462
24479
24480
24463
24464
24465
24466
24467
24484
24483
24482
24481
24449
24448
24431
24414
24415
24398
24399
24416
24433
24432
24434
20944
20945
24435
24417
20943
24401
24384
24385
24402
24418
24436
24437
24438
24452
24470
24469
24451
24450
24468
24485
24492
24493
24486
24487
24494
24502
24510
24518
24536
24543
24541
24549
24557
24566
24575
24576
24577
24578
24585
24584
24583
24592
24600
24608
24609
24616
24615
24632
24631
24648
24649
20955
24666
24675
24674
24682
24683
24684
24676
24667
24633
24650
24651
24652
25343
24634
20954
24617
25342
25341
24610
24601
24593
24594
20952
24602
25340
24595
24586
25339
25338
19567
15709
19577
19578
15974
19587
19597
15710
19596
19606
15711
19622
19632
15712
19640
19641
19633
15978
19634
15976
19625
19624
19623
19607
19608
19598
19588
19579
19569
19559
19549
19548
19558
19568
15708
19557
15707
19547
15706
19528
19529
19538
15973
19539
19530
19513
19512
19511
19495
19496
19480
19479
19462
19463
19446
19445
19436
19437
15965
19395
19396
19397
19398
19399
19400
19401
19384
19383
19382
19381
19380
19369
19359
19349
19339
19322
15958
19338
15959
19348
15960
19358
15961
19368
19379
19378
19377
19394
19411
19420
15705
19419
19410
19393
19376
19366
19367
19357
19356
19346
19347
19337
19336
19319
15704
19302
19292
15703
19283
15702
19274
15701
19275
19258
19257
19240
19241
19243
19233
19222
19221
19232
19242
19259
19276
19277
19286
19285
19284
19293
19303
19320
19321
19304
19294
19295
19305
19306
15957
19323
19324
19325
19326
19327
19328
19330
19329
19313
19312
19311
19310
19309
19308
19307
19296
19287
19278
19260
19261
19244
15952
19223
19206
15950
19190
15948
19175
19174
19173
19161
19150
19172
19160
19159
19171
19187
19188
19189
19205
19204
19203
19219
15700
19220
19231
19230
25319
24201
24217
24233
24251
24267
24266
20938
24279
24296
24313
25320
24325
20941
25321
25322
25323
25324
25325
24404
20942
24387
24377
24367
24366
24350
24349
24348
24347
24346
24337
24338
24320
24319
24307
24308
24291
24292
24293
24310
24311
24322
24309
24321
24339
24340
24341
24323
24324
24312
24295
24294
24278
24265
24249
24250
24232
24216
24215
24231
24230
24214
24198
24197
20933
24180
20932
24181
24182
24199
24200
24183
24184
25318
25317
24167
24166
24165
24151
24150
24135
24119
24105
24092
24093
20925
24120
24136
24137
24152
25316
24121
24106
24094
25315
24077
25314
25313
24065
24053
24052
24051
24063
24064
24076
24075
24074
24062
24061
24073
24090
20923
24091
24104
24118
24117
24103
24102
24101
24100
24114
24115
24116
24132
24133
24134
24149
24164
24148
24163
24162
24147
24146
24131
24130
24113
24112
20927
20929
24126
24142
24143
24158
24159
24144
24127
24128
24129
24145
24160
24161
24179
24178
24177
24194
24195
24196
24213
24229
20935
24212
24211
24210
24209
24227
24226
24208
24193
24176
24175
24192
24207
24206
24224
24225
24241
24259
24258
24273
24285
24286
24287
24288
24305
24304
24303
20940
24332
24331
24330
24345
24329
24327
24343
24352
24351
24342
20665
24326
24314
24315
24298
24297
24280
24268
20664
24281
24269
24254
24270
20939
24282
24283
24271
24256
24255
24237
24236
24235
24253
24252
24234
24218
24202
24203
24219
24220
24221
24222
24238
24257
24272
24284
24302
24301
24318
24317
24300
24299
24316
24328
24344
24353
24354
24370
24369
20666
24368
20667
24378
30232
29122
29113
29098
30231
30230
29089
29080
29066
29065
29064
29050
25792
29033
29032
29014
28996
28995
28994
29012
29013
29031
29030
29048
29049
29062
29061
29060
29047
29046
29059
29058
29045
29044
29057
29071
29072
29073
29074
29075
29076
29077
29063
29078
29079
29088
29087
29096
29097
29112
29121
29137
29138
29146
30233
29155
29180
30234
29171
29170
29179
29178
29169
29168
29177
29185
29186
29202
29201
29200
25810
29184
25809
29175
29166
29167
29176
29151
29143
29142
29150
29165
29164
29163
29162
29161
29160
29159
29158
25807
25806
29149
25805
29141
25803
29125
25801
29117
29116
29102
25798
25800
25802
29126
29127
29128
29129
29130
29131
29132
29133
29118
29119
29134
29135
25804
29152
29153
29154
29145
29144
29136
29120
29111
29110
29109
29095
29086
29085
29094
29108
29107
29106
29105
29104
29103
25799
29093
29084
29070
25796
29041
29040
25793
25795
25797
29083
29092
29101
29100
29091
29082
29068
29069
29055
29054
29037
29038
29039
29021
29020
29002
29003
28987
28975
28963
28951
28939
28938
28950
28949
28961
28962
28976
29007
29006
29005
28989
28988
29004
29022
29023
29024
29042
25794
29056
29043
29025
29026
29008
29009
29027
29029
29028
29010
29011
28993
28992
28991
28990
25791
28977
28965
28964
25790
25789
28952
28953
28941
28926
28925
28940
25788
28924
28923
28922
28921
28907
28906
28905
28919
28920
28937
28936
28948
28960
28972
25556
28973
28974
28986
28985
28984
29000
29001
29019
29018
29036
29053
29067
29081
25557
29090
29099
29114
29115
29124
29123
29139
29140
29148
29147
29156
29157
29173
29172
29181
29182
29190
29191
29174
25808
29183
29192
29209
29210
29193
29194
29211
29212
29195
29213
29196
29197
29214
29215
29198
29199
29216
29242
29241
29240
29239
29238
29237
25814
29236
29253
29235
29226
29225
29208
29207
29224
25813
29234
29251
29252
29262
29263
29264
29275
29285
29284
29274
29273
29283
25815
29272
25561
29261
25560
29250
29233
25559
29223
25558
29206
29189
30704
34259
34251
35367
35366
34242
34233
35365
35364
34224
34214
35363
35362
34206
34197
35361
35360
34188
34187
34186
34176
34160
34161
34162
35359
34178
34177
34196
34195
34194
34203
34211
34221
34222
34212
34204
34205
34213
34223
34232
34231
34240
34241
34250
34249
30702
34258
34266
34272
34273
34274
34283
35368
34308
34324
35369
30712
35370
34343
34350
35371
35372
34357
34363
35373
35374
34370
34369
34362
34356
34349
34342
34336
34330
34323
34322
34306
34307
34291
34282
34281
30707
30706
34265
34257
34248
34239
34230
34229
34238
34247
34256
34264
34271
34280
34289
34303
34302
34301
34317
34318
34316
34300
34299
34315
34314
34298
34297
34313
30709
34296
34295
30708
34287
34288
34279
34278
34269
34270
34263
34262
34254
34255
34246
34245
34236
34237
34228
34227
34218
34201
34209
34219
30698
34220
34210
34202
34193
34184
34174
34185
34175
34159
34149
34150
34140
34139
34138
34122
34123
34105
34104
34103
34086
34076
34058
34057
34056
34055
34054
34053
34052
34051
34042
34032
30686
34022
34013
34000
33999
33982
33981
33980
33997
33998
34012
34021
34011
34020
34029
34030
34031
30687
34041
30689
34050
34068
34069
34070
34085
34071
34072
34073
34074
34075
34102
34121
34120
34118
34134
34133
34132
34130
34114
34115
34131
34147
34167
30695
34183
34192
30696
34191
34190
34189
34179
34180
34154
34164
34163
34153
34142
30438
34125
34143
34126
34110
34092
34109
34091
34080
30437
34081
34082
34093
34111
34112
34113
34129
34128
34127
34144
34155
34165
34181
34182
34166
34156
34145
34146
30693
34157
30694
34168
34169
34170
34171
34172
34173
34158
34148
34137
34136
34135
34119
34101
34100
34099
34117
34116
34098
34097
34096
34095
34094
34083
34084
34067
34066
34065
34064
34048
34049
30688
34040
34039
34038
34028
34019
30436
34010
30435
33994
40784
35833
39337
39321
39320
35831
39302
39294
39303
39304
39295
39285
39284
39283
39293
35829
39282
39272
39256
39244
39232
39233
39221
39206
39207
39196
39195
39185
35822
39220
35824
35823
39205
39194
39184
39174
39165
39155
39141
39132
39133
39134
39135
40778
39158
35820
39166
39175
39176
40779
39186
39197
40780
39208
39223
39222
39234
39246
39247
40782
40781
39235
39258
40783
39274
39273
35827
39257
35826
39245
39243
39231
39230
39242
39254
39255
35828
39271
39270
39281
39280
39291
39292
39301
39300
39315
39314
39331
39332
39316
39317
39318
39319
35832
39335
39336
39346
39358
35837
39359
39347
39348
40785
39360
39375
39374
39385
39401
35839
39418
39402
39386
40786
39403
39419
40787
39437
39436
39435
35841
39445
39446
39461
39477
39476
39460
39459
39458
35842
39444
39433
39432
39416
39398
39397
39415
39414
39430
39431
39443
39457
39456
39455
39429
39413
39412
39428
39427
39426
39425
39442
39441
39465
39493
39495
39496
39497
39514
39515
39498
39499
39500
39482
39483
39484
39485
39474
39473
39472
39471
39470
39469
39454
39453
39468
39467
39452
39451
39466
39481
39494
39511
39510
39527
39541
39553
39555
39556
39557
39558
39559
39560
39570
39571
39572
39573
39563
39546
35847
39547
35848
39564
39574
35849
39584
39585
39575
40793
40792
39565
39548
39538
40791
39537
39521
35845
39522
40790
40788
40789
39505
35844
39488
39487
39475
39486
39504
39503
39520
35846
39536
39519
39502
39501
39518
39535
39544
39545
39562
39561
39543
39534
39517
39516
39533
39532
39531
39530
39513
39512
39529
39528
39542
39554
39569
39579
39589
39600
39599
39588
39578
39568
39552
39551
39550
39540
39567
39577
39587
39598
39609
39610
39627
39626
39643
39654
35850
39628
39611
39612
39613
39614
39615
39632
39631
39630
39629
39644
39655
39673
39684
39682
39671
39672
39683
39694
39695
39705
39704
35853
39703
39693
39692
35570
39681
35569
39670
35568
39653
35567
39642
35566
39625
39608
39597
35565
39586
35564
39576
35563
39566
35562
39549
39539
35561
39523
39506
39489
39478
35560
39462
35559
39447
39438
39439
39448
39463
39479
39490
39491
39508
39507
39524
39525
39526
39509
39492
39480
39464
35843
39449
39450
39440
35840
39423
39422
39421
39420
39404
39405
39406
39407
39389
35838
39378
39379
39380
39381
39392
39391
39390
39408
39424
39409
39410
39411
39393
39394
39395
39396
39382
39383
39399
39417
39434
39400
39384
39373
35836
39357
39345
35835
39334
39333
39343
39344
39356
39355
39372
39371
39370
39369
39368
39367
39366
39354
39342
39327
39328
39329
39330
39313
39312
39311
39310
39299
35830
39290
39309
39326
39341
35834
39340
39352
39353
39365
39364
39363
39351
39350
39362
39377
39388
35558
39387
39376
35557
39361
39349
35556
39338
39339
39323
39307
39324
39325
39308
39298
39289
39288
39277
39276
39260
39261
39262
39278
39263
39250
39249
35825
39237
39238
39227
39239
39251
39264
39279
39265
39252
39266
39267
39268
39269
39253
39241
39229
39219
39204
39193
39183
39173
39164
39152
39151
39150
39149
39148
39147
39163
39172
39182
39192
39203
39216
39217
39218
39240
39228
39215
39214
39213
39202
39201
39190
39191
39181
39180
39179
39178
39160
39159
35548
39143
35547
39136
35546
39118
39119
39120
39121
39104
39103
39102
39094
35545
39086
35544
39078
35543
39069
35542
46322
44558
44574
44592
44591
44573
44557
44556
44572
44571
44590
44609
44610
44618
46323
44627
44626
44636
44648
44647
44664
44665
44681
44682
44666
44649
46324
44637
44635
44625
41236
44616
44617
44608
44607
44589
44588
44587
44569
44570
44555
44548
44549
44533
44524
44525
44534
44550
44551
46321
44535
44526
46320
46319
46318
44500
46317
46316
44491
44490
44499
44508
44509
44518
44517
44516
44507
44498
44489
44480
44481
44482
46315
44474
44457
46314
44447
44437
44436
44435
44419
44411
44395
44394
44410
41224
44434
44445
44446
44456
44473
44472
44455
44471
44454
44444
41228
44433
44432
44431
44418
44390
44406
44407
44391
44374
44375
44392
44408
44409
44393
44376
44377
44360
44352
44345
44346
44353
44361
44378
44379
44396
44380
44397
44413
44412
44420
44421
38919
35536
38935
38952
35537
38968
38983
35538
38997
38984
38985
38969
38953
38954
38970
38955
38956
38938
38937
38936
35804
38920
38908
38907
35535
38895
35534
38884
38885
38886
38887
38898
38899
38900
38888
35800
38872
38873
38874
38875
38876
38877
38860
38861
38844
38843
38842
38859
38858
38857
38856
38855
38838
38839
38822
38821
38837
38820
38803
38804
38805
38806
38823
38840
38841
38824
38825
38808
38791
38790
38807
38789
38788
38787
38786
38777
38768
35791
38758
38748
38738
38737
38747
38757
38756
38767
38776
38775
35792
38766
38765
38755
38745
38746
38736
38735
38721
38711
35788
38694
38712
38722
38723
38713
38697
38698
38699
38700
38701
38702
38703
38724
38725
38726
38727
38728
38729
38739
38749
38759
38760
38770
38769
35793
38778
35794
38795
38813
38830
38847
38846
38829
38812
38811
38810
38793
38794
38792
38809
38826
38827
38828
38845
38862
38863
38880
38879
38878
35801
38889
35802
38901
38913
38928
38927
38926
38943
38944
38945
38946
38929
38914
38915
38916
38917
38904
38903
38902
38890
38891
38892
38882
38881
38864
38865
38848
38831
38814
38796
38797
38780
38781
38773
40763
40762
38763
38772
38771
38779
38750
38740
38741
38751
38761
38762
38752
38753
40761
40760
38743
38742
38732
38733
38718
38709
38691
40759
38681
38680
38690
38708
38717
35789
38707
38706
38689
38688
38705
38715
35790
38730
38731
38716
38714
38704
38687
38676
38675
38674
38673
38672
38671
38670
35787
38659
38658
38669
38686
38696
38695
38685
38668
38667
38656
38666
38655
38644
38634
38633
35527
38643
35528
38654
35529
38665
38682
35530
38683
38684
38693
38692
38710
38719
35531
38734
38720
35532
38744
35533
38754
38764
38774
38782
38783
38800
38799
38816
38833
38850
38867
38869
38870
38871
38854
38853
38852
38835
38836
38819
38802
38785
38784
38801
38818
38817
38834
38851
38868
38896
38897
38909
38921
38922
38910
38911
38923
38912
38924
38939
38957
38959
38960
38942
38925
35803
38941
38940
38958
35807
38973
35808
38974
38975
38961
38962
38963
38976
35809
38990
39003
39013
39027
39028
39029
39030
39031
39032
39041
39050
39051
40773
40774
39060
39068
40775
40776
39077
39076
35815
39085
40777
39093
35816
39101
35818
35817
39117
39142
39157
39156
39154
39153
39140
39129
39128
39127
39126
39125
39139
39124
39108
39107
39096
39088
39080
39071
39062
39054
39045
39036
39021
39011
39022
39023
39037
39046
39055
39063
39072
39081
39089
39097
39109
39110
39111
39112
39113
39098
39090
39082
39073
39064
39056
39047
39038
39026
39025
39024
39012
39002
38989
39001
39000
38988
38972
38971
38987
38986
38999
38998
35811
39008
39019
39018
35539
39034
35540
39043
35541
39052
35814
35813
39010
39009
35812
39020
39035
39044
39053
39061
39070
39079
39087
39095
39105
39106
39122
39123
39138
39171
35821
39162
39146
39145
39137
35819
39144
39161
39170
39169
39168
39167
35549
39177
35550
39187
39198
35551
39199
39188
39189
39200
39212
39226
39225
39211
39210
39209
35552
39224
35553
39236
39248
39259
35554
39275
35555
39286
39296
39287
39297
39306
39305
39322
46329
44889
44876
44875
44859
44858
44857
44872
44871
44855
44856
44841
44828
44829
44842
44843
44860
46328
44844
44830
41252
44815
44816
46327
46326
44754
44742
44726
44725
44724
44712
44711
44695
44696
44680
44697
44698
46325
44714
44713
44741
44740
44752
44753
44769
44770
44787
44802
44801
44786
44785
44768
44767
44751
44739
44723
41244
44710
41243
44694
44677
44660
44661
44662
44678
44679
44663
44646
44645
44644
41238
44633
44634
44624
44615
44606
44605
44604
44586
44568
44566
44584
44602
44601
44643
44632
44623
44614
44603
44585
44567
44554
44531
44522
44514
44505
44496
44487
44478
44453
44443
44430
44429
44428
41227
44426
44427
44403
44402
44417
44425
41226
44416
44401
41222
44367
41221
44385
44368
44369
44386
44387
44370
44371
44388
44404
44405
44389
44372
44373
44359
44351
44344
44337
44330
44323
44316
44309
44302
44279
44267
44266
44265
44264
44263
44262
41214
44278
44284
41216
44277
44261
44238
44237
44221
44212
44196
44197
44189
44180
44181
44190
44198
44213
44222
44223
44224
44214
41209
44199
44200
44225
44226
44227
44243
44242
44241
41212
44240
44239
44255
44254
44253
40908
44260
40909
44276
40910
44283
40911
44300
40912
44307
40913
44314
40914
44321
40915
44328
44335
44342
44349
40916
44356
40917
44364
40918
44381
40919
44398
44399
44382
44365
44357
44383
44384
44366
41220
44358
44350
41219
41218
44343
44336
41217
44329
44322
44315
44308
44301
44285
44286
44287
44288
44289
44290
44291
44292
44293
44294
44295
44296
44280
44298
44297
44311
44312
44305
44304
44303
44310
44317
44324
44331
44338
44339
44332
44325
44318
44319
44326
44333
44340
44347
44354
44362
44363
46313
46312
44355
44348
46311
44341
46310
46309
44334
44327
46308
46307
44320
44313
46306
46305
44306
44299
44282
44281
44274
44275
44259
44258
44257
44273
44272
41215
44271
44270
44269
44268
44256
44247
44246
44245
44244
44228
44229
44230
44215
41210
44231
41211
44248
44249
41213
44250
44251
44252
44236
46304
44220
44211
46303
46302
44195
44187
46301
46300
44178
44177
44186
44194
44210
44209
44193
44185
44176
44159
44160
44150
44140
44130
44113
44096
44095
41200
44094
41201
44111
44112
44129
44139
44149
44148
44147
44157
44158
41206
44175
44184
44192
44208
44217
44218
44219
44235
44234
44233
44232
44216
44207
41208
44191
44183
44206
44205
44204
44203
44202
44201
41207
44182
44166
44165
44164
44154
44143
44133
44116
44115
44132
44142
44152
44153
44163
44162
40907
44179
44188
51288
51289
51290
46756
46755
49508
49492
49484
49483
49491
49524
49525
49526
49544
49543
49542
49541
49523
49507
49506
49522
49540
49550
49558
49566
49591
49600
49609
49624
49623
49622
49621
49620
49619
49618
49608
49607
49617
49634
49635
49643
49651
49659
49658
46766
49657
49649
49650
49642
49641
49633
49631
49639
49630
46481
49613
49614
49605
49604
56862
56861
54705
54695
56860
56859
56858
54652
54642
54626
54625
54614
54615
56857
54605
54588
56856
56855
54579
54570
56854
56853
54561
54560
51732
54559
54542
51731
54525
51730
54526
54543
54544
56852
54527
56851
56850
54510
54509
54508
51729
54492
54475
54459
54443
54434
54435
54444
54460
54458
54474
54473
54457
54442
54432
54433
54416
54399
54382
54365
54364
54381
54398
54415
54417
54418
54401
54400
54383
54366
54349
54331
54348
54347
54346
54363
54362
54361
54344
54343
54360
54359
54342
54341
54358
54357
54374
54375
54376
54377
54378
54395
54396
54413
54430
54431
54414
54397
54380
54379
54345
54318
54317
54299
54298
54316
54315
54297
54296
54314
54313
54295
54277
54269
54263
54257
54251
54245
54239
54233
54227
54221
54215
54209
54203
54197
54191
54185
54172
54155
54145
54139
54133
54127
54113
54112
54095
54096
54088
54081
54074
54060
54051
54043
54028
54004
53988
53989
54005
54006
54007
53990
53991
53992
54008
53993
53994
54009
54029
54030
54031
54032
54033
54034
54068
54067
54066
54065
54064
54063
54062
54061
54059
54058
54057
54056
54072
54073
54080
54087
51714
54094
54079
54078
54071
54055
54054
51460
54070
51461
54077
54084
51462
54085
54086
54093
54110
54111
54153
54152
54169
54170
54171
54154
54156
54173
54174
54157
54158
54175
54159
54176
54177
54178
54160
54161
54162
54179
54181
54192
54186
51719
54180
54163
54146
54140
54134
54128
54120
54119
54118
54117
54116
54115
54114
54097
54098
54099
54100
54101
54102
54103
54104
54121
54122
54105
54106
54123
51716
54129
54135
54136
54142
54148
54141
54147
54164
54165
54182
54187
54193
54205
54210
54204
54198
54199
54200
56828
56827
54194
54188
56826
56825
56824
56823
51717
54130
54124
54107
54090
51712
54083
54076
51711
54089
51713
54082
54075
54069
54052
54044
51709
54035
54036
54019
54018
51707
54010
51704
54011
53995
51702
53979
53980
51703
51705
54020
54037
54045
54053
51710
56822
54046
54038
54021
54012
53996
56821
51701
51700
53959
56820
51699
51698
51697
51696
53923
56819
56818
51694
53906
53889
56817
53882
51692
53888
53887
53881
51691
53867
53866
53858
53880
53879
53878
53877
53899
53900
53901
53902
53903
53904
53905
53921
51695
53922
53930
53937
53944
53951
53958
53966
53973
53972
53965
53957
53950
53943
53936
53929
53920
53919
53918
53917
53916
53915
53914
53913
53928
53935
53942
53949
53956
53964
53971
53978
53987
54003
53986
54002
51706
54017
54027
54026
51708
54000
54001
53985
53984
53977
53970
53963
53962
53961
53953
53946
53939
53932
53933
53940
53947
53954
53955
53948
53941
53934
53927
53926
53925
53908
53909
53910
53911
53912
53895
53894
53896
53897
53898
53876
53875
53886
53874
53873
53872
53871
51693
53885
53893
53892
53891
53890
53907
51449
53924
51450
53931
51451
53938
51452
53945
51453
53952
51454
53960
51455
53967
51456
53974
53975
53968
53969
53976
53983
53999
53998
53997
53981
53982
54014
54015
54016
54025
54024
54023
54040
54041
54042
54050
54049
54048
54047
51459
54039
51458
54022
51457
54013
59923
59922
57262
59931
59947
57263
57264
59963
57265
59980
62420
62421
59988
59996
62422
62423
60004
60012
62424
62425
60019
60027
62426
62427
60036
60052
62428
60068
57271
60067
60051
60035
60034
60050
60066
60082
60083
60084
60101
60085
62429
62430
60102
60113
62431
62432
60124
60123
60112
60111
60100
60099
60110
60109
60120
60121
60122
60132
60142
60143
60159
60160
60144
62434
62433
60134
60133
60131
60130
60140
60141
60157
60158
60169
60170
60171
62435
62436
60182
60193
62437
62438
60204
60203
60192
60181
60180
60191
60202
60190
60189
60178
60179
60168
60167
60156
60155
60154
60153
60152
60151
60150
57275
60129
60119
60108
60091
60092
60093
60076
60077
60094
60095
60096
60079
60078
60062
60061
60060
60044
60045
60046
60047
60048
60064
60063
60080
60097
60098
57273
60081
57272
60065
57270
60049
57269
60033
60024
60025
60026
60018
60017
60016
60009
60010
60011
60003
60002
60001
59993
59985
59961
59962
59946
59979
59987
59995
59994
59986
59978
59977
59976
59960
59959
59943
59942
59958
59974
59975
59973
59957
59941
59940
59939
59955
59956
59972
59971
59970
59954
59938
59953
59969
59984
59992
60000
60008
60015
60023
57268
60032
60042
60043
60058
60059
60075
60074
60073
60057
60056
60055
60071
60070
60054
60038
60037
60053
60069
68081
68082
68083
60135
60125
60114
57034
60103
57033
60086
60104
60087
60088
60089
60072
60090
60107
60118
60128
57274
60127
60117
60106
60105
60116
60115
60126
60136
60137
60138
60139
57276
60149
60177
60166
60165
60176
60187
60188
60199
60198
60175
60164
60148
60147
60163
60174
60173
60162
60146
60145
57035
60161
57036
60172
57037
60183
57038
60194
57039
60205
57040
60216
57041
60227
57042
60238
57043
60249
57044
60260
60271
60261
60272
60282
60281
60299
57045
60317
60318
60300
60301
60319
60320
60302
60303
60285
60286
60304
60305
60306
60307
60289
60288
60287
60276
57277
60265
60264
60275
60274
60284
60283
60273
60262
60263
60252
60241
60240
60251
60250
60239
60228
60217
60206
60195
60184
60185
60186
60197
60196
60207
60208
60219
60218
60229
60230
60220
60231
60242
60253
60254
60243
60232
60221
60210
60209
60255
60256
60245
60244
60233
60222
60211
60200
60201
60212
60213
60214
60225
60226
60215
62439
62440
62441
60237
60236
60234
60223
60224
60235
60246
60257
57278
60267
60266
60277
60294
60295
60296
60297
60279
60278
60268
60269
60258
60247
60248
62442
62443
60259
60270
62444
60280
60298
60316
60325
62445
60342
60358
62446
62447
60375
60392
62448
62449
60409
57282
60408
57283
60425
60424
60407
60390
60391
57281
60374
57280
60357
57279
60341
60324
60315
60314
60323
60313
60312
60322
60339
60340
60356
60373
60372
60355
60354
60353
60370
60387
60371
60388
60389
60406
60423
60433
60441
60455
60454
60453
60452
60451
60450
60449
60484
60485
60486
60487
60488
60489
60506
60505
60504
60503
60502
60501
60514
60521
60520
60513
60499
60500
60483
60472
60463
60448
60440
60432
60431
60439
60447
60446
57286
60438
60430
60429
60428
60411
60394
60395
60412
60437
60436
60444
60445
60461
60462
60471
60482
60481
60498
60497
60480
60479
60470
60469
60478
60495
60496
60512
60511
60518
60519
60526
60525
60532
60533
60540
60539
60546
60547
60554
60553
60570
60569
60552
60545
57056
60538
57055
60531
57054
60524
57053
60517
57052
60510
57051
60494
60477
60468
57050
60460
57049
60459
60443
57048
60435
57047
60427
57046
60410
60393
60376
60377
60378
60379
60396
60413
60414
60415
60416
60399
60382
60381
60398
60397
60380
60363
60347
60346
60329
60330
60331
60321
60332
60333
60334
60350
60351
60335
60308
60290
60291
60309
60310
60292
60293
60311
60338
60337
60336
60352
60369
60368
60367
60384
60401
60402
60385
60386
60403
60404
60405
60422
60421
60420
60419
60418
60417
60400
60383
60366
60349
60348
60365
60364
60362
60361
60345
60328
60327
60344
60360
60359
60343
60326
62883
65703
65685
65684
65702
65719
65718
62882
65701
65683
65682
65700
65717
65715
65697
65679
65678
65696
65695
65713
65714
65730
65731
65748
65749
65733
65732
65716
65698
65699
65681
65680
65664
65663
65662
65661
65677
65676
65660
65659
65658
65674
65692
65691
65690
65672
65671
65670
65689
65706
65688
65687
65669
65668
65652
65653
65654
65644
65643
65642
62682
65632
62681
65622
62680
65612
62679
65602
62678
65592
62677
65582
62676
65572
62675
65573
65583
65584
65574
65575
65565
65564
65554
65553
65563
65562
62674
65552
62673
65535
65536
65537
65526
65515
65514
65525
65524
62672
65513
62671
65496
62670
65497
65487
65470
65471
65454
65437
65438
65456
65455
65472
65489
65488
65498
65499
65500
65517
65516
65527
65528
65529
65530
65519
65518
65501
65491
65474
65473
65490
62880
65502
65503
65504
65505
65506
65507
65508
65509
65510
65493
65492
62879
65482
65465
65466
65467
65484
65483
65481
65480
65463
65446
65445
65444
65443
65442
65441
65458
65459
65460
65461
65462
65479
65478
65477
65476
65475
65457
65440
65439
65429
65430
65420
62878
65405
65394
65384
65374
65358
65347
65337
65327
65317
65308
65291
65290
65289
65307
65316
65315
65325
65324
65314
65305
65306
65288
65272
65254
65255
65256
62874
65273
65274
65292
65293
65275
65259
65260
65261
65262
65263
65279
65278
65277
65276
65294
65295
65296
65297
65298
65280
65264
65265
65266
65239
65248
65267
65268
65250
65249
65240
65241
65233
65232
65231
65230
65229
65228
65227
65226
65225
65224
65223
65222
65238
65247
65257
65258
65246
65237
62873
65220
65211
65212
65221
65195
65194
65183
65184
65163
65164
65154
65141
65140
65139
65138
62869
65153
65137
65152
65136
65127
65118
65101
65091
65090
65100
65117
65126
65135
65134
65125
62655
65116
62654
65099
65089
65079
65070
65061
65062
65053
62653
65052
65036
65037
65028
65015
65016
65029
65038
65054
65063
65072
65071
65080
65081
65082
62865
65073
62863
65064
62862
65055
65056
65065
65074
65083
65093
62866
65092
65103
65102
65119
65128
65129
65120
65104
65105
65106
65107
65108
65109
65110
65111
65094
65084
65112
65121
65130
65145
65144
65143
65142
65146
65147
65131
65122
65113
65095
65096
65097
62867
65114
65123
65124
68060
68059
65115
65098
68058
68057
65088
65087
65086
65085
65076
65067
65058
65049
65034
65023
65022
65033
65021
65020
62861
65006
64989
62858
64973
64972
64956
64942
64941
64940
64939
64955
64954
64953
64937
64936
64935
64934
64921
64922
64923
64938
64924
64925
64911
64910
64909
64908
64895
64896
64897
64898
64884
64870
64856
64855
64854
64853
64867
64868
64869
64883
64882
64881
64879
64865
62649
64892
64878
62648
64864
62647
64850
64851
64835
62852
64820
62646
64819
64804
64805
64788
64787
64772
62645
64755
62644
64742
62643
64730
64719
64708
62642
64691
64692
64693
64710
64711
64712
64723
64722
64733
64745
64758
64775
64774
64757
64744
64732
64721
64720
64709
64731
64743
64756
64773
64789
64790
62849
64806
64822
64837
64838
64839
64824
64808
64792
64793
64794
64810
64809
64825
64840
64841
64826
64827
64842
62853
64857
64858
64843
64828
64811
62850
64796
64795
64779
64778
64777
64760
64747
64748
64761
62847
64762
64763
64764
64765
64780
64781
64766
64749
62846
64736
62845
62843
64724
64713
64702
64701
64700
64699
64698
64697
62842
62844
64735
64734
64746
64759
64776
64791
64807
64823
64821
64836
64852
64866
64880
64894
64907
64893
62855
64906
64920
62650
64919
64933
64949
62651
64950
64951
64952
64966
64983
64999
65000
64984
64967
64965
64964
64963
64980
64981
64982
64998
64997
64996
65014
62652
65027
73857
70790
70789
70775
70776
70759
70758
70740
70741
70723
70707
73856
73855
70693
70692
70706
70722
70721
70739
70757
70774
70773
70788
70787
70802
70803
70818
70817
70816
70831
70830
70815
70800
70785
70786
70801
70799
70798
70797
68537
70814
70829
70828
70843
70858
70873
70874
70859
70844
70842
70827
70813
68536
70783
68535
70766
70749
70731
70714
70701
70700
70713
70730
70748
70765
70764
70747
70729
70712
70711
70698
70699
70684
70670
70685
70686
70687
68533
70715
70716
70734
70733
70732
70750
70767
70784
70768
70751
70752
70769
70770
70771
70772
70755
70756
70738
70737
70718
70736
70754
70753
70735
70717
70702
70703
70704
70719
70720
70705
70691
70690
70676
70662
70661
70675
70689
70688
70674
70660
70646
70633
70647
70648
70649
70663
70677
70664
70678
70679
73854
73853
70665
70651
73852
73851
70638
70624
73850
73849
70610
70609
70623
70637
70650
70636
70635
70634
70620
70621
70622
70608
70594
70576
70575
70593
70607
70606
70592
70574
70573
70591
70605
70619
70590
70589
70588
70557
70556
68528
70524
70525
70526
70527
70558
70559
70560
70543
70542
70528
70529
70499
70500
70501
70485
70470
70471
70472
70455
70439
70423
73844
70424
70440
73845
70456
70473
70488
70487
70504
70517
70534
70548
73846
70533
70516
70503
70486
70502
70515
70532
70563
70577
70578
68530
70595
70596
73848
73847
70579
70565
70564
70547
70546
70545
70562
70561
70544
70530
70531
70514
70513
70512
70511
68526
70497
70498
70482
70467
70466
70465
70480
68523
70464
70448
70447
70463
70479
68525
70495
70496
70481
70449
70433
70432
68521
68519
68515
68517
70402
70417
70434
70450
70435
70451
70468
70483
70484
70469
70452
70453
70454
70438
70422
70407
70406
70421
70437
70436
70420
70405
70389
70375
70376
70390
70388
70404
70419
70418
70403
70387
68516
70372
68514
70356
70357
70342
70329
70330
70343
70358
70373
70374
70359
70360
70361
70362
70377
70391
70392
68518
70408
70393
73843
70378
70363
70348
68512
68510
70335
73842
70321
70307
68509
68507
70291
70276
68505
70260
70247
70248
70231
70230
70218
68500
70202
70186
70185
70184
70200
70201
68499
70217
68502
68501
70216
70215
70213
70196
70195
70212
70211
70239
70240
70241
70228
70227
70226
70225
70238
70256
70255
70237
70224
70209
70210
70194
68498
70193
70208
70207
70223
70222
70221
70234
70235
70264
70263
70251
70252
70253
70236
70254
70266
70265
70280
70295
70311
70312
70313
70314
70283
70268
70267
70282
70281
70296
70297
70298
70299
70300
70285
70284
70269
70270
70271
70286
70287
70288
70272
70257
68504
70258
70274
70273
70289
70305
70304
70303
70301
70302
70315
70316
70317
70331
70344
70345
70332
70318
70319
70333
70346
70347
70334
70320
70306
68508
70290
68506
70275
70259
68503
70246
70245
70244
70243
70242
70229
70214
70197
70198
70199
70173
70172
70171
70170
70169
70168
70167
70183
70182
70192
70191
70181
68496
70180
70190
70206
70205
70204
70220
70233
68279
70250
70262
70277
70278
70279
70294
70293
70292
68280
70308
68281
70322
70336
70349
70350
70337
70323
70309
70310
70324
70325
70326
70340
70353
70354
70369
70384
70383
70382
70381
70366
70367
70368
70352
70351
70338
70339
70341
70327
70328
68511
70355
68513
70370
70371
70386
70385
70400
70401
70416
70415
70431
70430
68520
70429
70445
70446
70462
70478
70494
70476
70459
70460
70461
70477
68524
70493
70509
70510
70523
70541
70540
70522
70520
70492
70491
70490
70475
70458
68522
70442
70426
70410
70411
70427
70443
70444
70428
70412
70413
70414
70399
70398
70397
70396
70395
70380
70365
70364
70379
70394
70409
70425
68282
70441
68283
70457
68284
70474
70489
68285
70505
68286
70518
68287
70535
68288
70549
78979
76154
76166
78980
78981
76178
76190
78982
78983
76202
76201
76213
76214
78984
78985
76226
76225
76238
78986
78987
76250
78988
70625
68291
70611
68290
70597
68289
70580
70566
68529
70550
70551
70567
70582
70581
70598
70599
70600
70614
70615
70601
70569
70584
70583
70568
70552
70538
70537
70536
68527
70519
70506
70507
70508
70521
70539
70553
70554
70570
70585
70602
70603
70586
70571
70555
70572
70587
70604
70618
70617
70616
70629
70628
70627
70613
70612
70626
68531
70639
70640
70641
70642
70643
70630
70631
70632
70645
70644
70658
70659
70673
70672
70671
70657
70656
70655
70669
70683
70697
70710
70709
68532
70696
70695
70681
70682
70668
70654
70653
70667
68292
70652
68293
70666
68294
70680
68295
70694
70708
70724
70725
70726
70744
70745
70727
70728
70746
70763
70762
70780
70781
70782
70796
70795
70811
70812
70826
70825
70824
70823
70809
70810
70794
70793
70778
70779
70761
68534
70743
70742
68296
70760
70777
70791
70792
70808
70822
70837
70807
68297
70821
68298
70836
70851
68299
70852
70853
70838
70839
70840
70855
70870
70854
70869
70868
70867
68300
70866
68301
70881
68302
70898
68303
70911
70912
70913
70900
70899
70882
70883
70884
70885
70902
70901
70914
70915
68538
70871
70856
70841
70857
70872
70886
70903
70916
68540
70930
70931
70917
70904
70887
70888
70889
70890
70891
70875
70860
70845
70846
70861
70876
70877
70892
70907
70906
70905
70918
70932
68541
70946
68543
70960
70974
68545
68546
70975
70976
70961
70947
70933
70919
70920
70934
70948
70949
70950
70936
70937
70923
70895
68539
70909
70922
70935
70921
70908
70893
70894
70878
70863
70862
70847
70832
70833
70848
70879
70864
70849
70834
70819
70804
70805
70806
70820
73858
73859
70835
70850
73860
73861
70865
73862
70880
70897
70896
70910
70924
73863
73864
70938
70952
68542
70951
70965
70980
68544
70966
70981
68547
70998
73865
71014
71031
73866
73867
71048
71064
71080
68554
71063
71062
71079
71078
71061
71045
71046
71047
71030
71013
70997
71012
71029
71028
71011
70996
70979
70964
70963
70962
70977
70978
70995
70994
70993
71008
68549
70992
70991
71007
71023
71024
71025
71026
71009
71010
71027
71044
71043
71042
71041
71057
68552
71040
71039
68551
71022
68550
71006
68548
70990
70989
70973
70988
71005
71021
71038
71037
71036
71035
71052
71053
71069
71070
71054
71055
71056
71072
71071
71087
71105
71104
71086
71085
71084
71083
71082
71100
71101
71119
71118
71132
71133
71146
71147
71148
71149
71165
71164
71180
71181
71182
68563
71197
71183
71166
68560
68561
71151
68559
71150
68558
71137
68556
71124
71107
71108
71109
71091
71092
71093
71077
71060
71059
71076
68553
71075
71058
71090
71074
71073
71089
71088
71106
71123
71122
71136
71135
71134
71120
71121
71103
71102
71068
71067
71051
71050
71066
71081
71065
71049
71032
71015
70999
71000
71016
71033
71034
71018
71017
71001
71002
71003
71019
71020
71004
70987
70972
70957
70958
70959
70945
70944
70943
70929
70928
70942
70941
70927
70926
70925
70939
70940
70954
70953
70967
70968
70969
70955
70956
70970
70971
70986
70985
70984
70983
70982
79001
79000
78999
78998
78997
78996
74361
74360
74359
78995
78994
78993
76411
78992
78991
76400
74358
78990
76364
74356
76352
76353
76335
76317
76301
78989
74353
76262
76261
76260
76272
76273
76284
76283
76282
76281
76270
76271
76259
76258
76246
76234
76222
76210
76211
76223
76235
76247
76248
76249
76237
76236
76224
76212
76200
76199
76198
76186
76187
76188
76189
76177
76176
76175
76162
76174
76161
76173
76185
76197
76209
76221
76233
76245
76257
76269
76280
76294
76293
76311
76327
76326
76310
76292
76291
76309
76325
76343
76344
76345
76346
76359
76375
76385
76395
76406
76422
76423
76424
76441
76458
76457
76440
76439
76438
76421
76420
76419
76436
76435
76452
76453
76437
76454
76455
76456
76468
76478
76488
76498
76508
76518
76528
76538
76547
76557
76567
76577
76592
76593
74366
76605
76623
76622
76621
74367
76638
76647
76648
76656
76655
76663
76664
76672
76680
76671
76679
76678
76670
76662
76654
76646
76639
76640
74368
76627
76626
76608
76607
76625
76624
76606
76595
76596
76597
76609
76598
79004
79003
79002
76561
76551
76542
76532
76531
76541
76550
76560
76570
76571
76581
76580
76579
76594
76578
76568
76569
76559
76558
76548
76549
76540
76539
76529
76530
76520
76519
76509
76510
76511
76521
76522
76512
76502
76501
76491
76492
76482
76472
76471
76481
76480
76490
76500
76499
76489
76479
76469
76470
76459
76442
76425
76408
76397
76398
76388
76378
74357
76362
76361
76360
76377
76386
76387
76396
76407
76409
76426
76444
76443
76460
76461
76462
76445
76428
76427
76410
76399
76389
76379
76363
76351
76350
76349
76331
76332
76333
76334
76316
76300
76299
76315
76314
74355
76297
76298
76296
76295
76313
76312
76328
76329
76330
76348
76347
76376
76374
76373
76372
76371
76370
76384
76394
76405
76404
76393
76383
76382
76392
76403
76414
76415
76432
76431
76413
76412
76429
76430
76448
76449
76450
76433
76416
76417
76418
76434
76451
76467
76477
76487
76486
76476
76466
76465
76475
76485
76495
76496
76497
76507
76517
76516
76506
76505
76515
76525
76535
76536
76545
76526
76527
76537
76546
74363
76566
76576
76587
76588
76589
76590
76591
76604
76620
76637
76619
76618
76636
76635
76617
76616
76615
76603
74365
76586
76585
76584
76574
76575
76565
76556
76555
76544
74362
76543
76534
76524
76514
76504
76494
76484
76474
76464
76447
76446
74114
76463
74115
76473
74116
76483
74117
76493
74118
76503
74119
76513
74120
76523
74121
76533
80967
79543
80959
80966
80974
80981
80989
80988
80980
80979
79548
80987
81003
81004
81012
81011
81010
81002
81001
81000
80999
80998
80997
80996
80995
79547
79544
80955
80946
80945
80936
80920
80903
79539
80935
80919
80918
80917
80933
79275
80934
79276
80942
79277
80951
80952
80943
80944
80954
80953
80962
80963
80971
80978
80985
80986
80993
80994
81009
81019
81020
81021
81022
81023
81024
81025
81026
81027
81036
81037
81028
81029
81038
81046
81045
81044
81077
81078
81079
81062
81061
81060
81059
81058
81057
81074
81092
81093
81075
81076
81094
81095
81096
81097
81106
81116
81115
81105
81104
81114
81125
81126
81127
81144
81160
81176
81175
81174
81173
81189
81188
81205
81206
81223
81224
81241
81240
81239
81238
81237
81236
81219
81218
81200
81201
81168
81152
81153
81169
81170
81154
81155
81139
81140
81138
81137
81136
81103
81113
81124
81134
81135
81151
81167
79561
81183
81184
81185
81202
81220
81221
81222
81204
81203
81186
81187
81171
81172
81156
81157
81141
81142
81158
81159
81143
81145
81128
81129
81146
81162
81161
81177
81178
81194
81211
81209
81192
81193
81210
81228
81243
81244
81260
81259
81268
81269
79568
79569
82766
82767
82768
82769
82770
82771
82772
82773
82774
82775
82776
82777
81369
79570
81363
81357
81351
81345
81339
81333
81327
81321
81315
81309
81303
81297
81291
81285
81284
81267
81266
79566
81256
81257
81258
79563
81227
81226
81208
81191
81190
81207
81225
81242
81255
81254
81253
81252
81251
81250
81249
81235
81248
81234
81217
81199
81198
81182
81181
81197
79562
81180
81164
81165
79559
81166
79560
81150
79558
79556
81123
81112
81102
81086
81087
81088
81089
81071
81072
81090
81091
81073
81056
81055
81054
81053
81070
81069
79553
81051
81052
81043
81035
81018
81017
81016
79550
81033
81041
81049
79552
81050
81042
81034
81008
80992
79549
80984
80977
79546
80970
80969
80961
80960
79278
80968
80976
80983
79279
80991
79280
81007
79281
81015
79282
81032
79283
81040
79284
81048
81065
79285
81066
81083
81082
79286
81098
79287
81108
79288
81119
81120
81109
81099
81100
81084
81067
81068
81085
81101
81111
81110
81121
81122
81133
81149
79557
81148
81132
81131
79289
81130
81147
81163
79290
81179
81195
79291
81196
81213
81212
81229
81230
81231
81214
81215
81216
81233
81247
79565
81232
81246
79564
81245
79292
81261
79293
81270
79294
81286
79295
81292
79296
81298
79297
81304
79298
81310
79299
81316
79300
81322
79301
81328
79302
81334
79303
81340
79304
81346
79305
81352
79306
81358
79307
81364
79308
81370
79309
81375
79310
81381
79311
81387
79312
81393
81394
81388
81382
81376
81371
81365
81359
81353
81347
81341
81335
81329
81323
81317
81311
81305
81299
81293
81287
81271
81262
81263
79567
81272
81273
81274
81289
81295
81307
81306
81312
81318
81324
81330
81336
81342
81348
81354
81360
81361
81355
81349
81343
81337
81331
81325
81319
81313
81301
81300
81294
81288
81264
81265
81275
81276
81277
81278
81279
81280
81281
81282
81283
81290
81296
81302
81308
81314
81320
81326
81332
81338
81344
81350
81356
81362
81368
81374
81379
81385
81391
81397
81410
81411
81427
81443
81460
81459
81458
81457
81456
81455
81438
81437
81454
81453
81436
81435
81452
81468
79580
81451
81434
81450
81433
81417
81401
81418
81419
81402
81403
81420
81421
81422
81423
81439
81440
81424
81425
81441
81442
81426
81409
81408
81407
81406
81405
81404
81378
81377
81372
81366
81367
81373
81384
81383
81389
81390
81396
81395
79576
79575
79577
81416
79578
79579
81449
81467
81475
81495
81504
81505
81496
81497
81487
81477
81476
81486
81485
81484
81483
81473
81474
81466
81465
81448
81432
81415
81400
81399
79313
81414
79314
81431
79315
81447
81464
79316
81472
79317
81482
81492
79318
81493
81494
81503
81502
81518
81501
79319
81517
81524
81525
81526
81519
81520
81527
81543
81544
81561
81568
81575
81574
81581
81580
81573
81567
81560
81559
81542
81566
81565
81558
81541
81540
79320
81557
79321
81564
81571
79322
81572
81579
79323
81578
79324
81585
79325
81593
79326
79327
81626
81610
81594
81586
81587
81595
81611
81627
81628
81612
81596
81588
81582
81589
79587
81597
81598
81599
81615
81616
81600
81633
81632
81631
81614
81613
81630
81629
81646
81645
79588
81644
81652
81667
81668
81669
81676
81683
81691
81692
79596
81693
81694
81695
81696
81697
81698
81699
81700
81684
81677
81670
81671
81672
81665
79589
81648
81649
82785
79590
79591
81679
81686
82786
82787
81731
79598
81714
81708
81702
79595
79593
79592
81678
81685
79594
81701
81707
79597
81712
81713
81730
79600
81736
81737
81741
81742
81746
81745
81744
79603
81740
79602
81735
81729
81728
81727
81726
81725
81724
81723
81722
81721
81720
81719
79599
81718
81711
81706
81690
81682
81675
81674
81681
81689
81705
81688
81704
81716
81710
81717
81734
81733
81739
79601
79604
81755
79335
81751
79334
81747
79333
81743
79332
81738
81732
81715
81709
79331
81703
81687
81680
79330
81673
79329
81666
79328
81650
81643
81651
81653
81654
81655
81656
81657
81658
81659
81660
81661
81662
81663
81664
81647
81639
81638
81621
81605
81604
81620
81637
81636
81619
81618
81635
81634
81617
81601
81602
81603
81551
81552
81553
81536
81535
81534
81533
81550
81549
81532
81531
81548
81547
81530
81529
81546
81545
81528
81521
81522
81506
81507
81508
81509
81510
81511
81512
81513
81514
81516
81489
79582
81499
81500
79583
82780
82781
82782
82783
81563
81570
79584
79585
81577
81584
79586
81591
81592
82784
81609
81625
81642
81641
81640
81623
81607
81608
81624
81622
81606
81590
81583
81576
81569
81562
81554
81555
81556
81539
81538
81537
81523
81515
81498
81488
81478
81469
81479
81480
81490
81491
82779
82778
81481
81471
81463
81462
81470
79581
81461
81444
81428
81429
81445
81446
81430
81413
81412
81398
81392
81386
79571
81380
79572
79573
79574
77027
77028
77029
77041
77040
77039
77038
74152
77026
74151
77015
74150
77002
74149
76985
76974
74148
76956
76945
74147
76934
74146
76923
74145
76912
74144
76901
74143
76890
74142
76879
74141
76868
74140
76857
74139
76846
74138
76830
76819
74137
76808
74136
76797
74135
76786
74134
76775
76776
76767
76766
76749
74133
76750
76751
76752
76742
76743
74372
76733
76732
76731
76741
76768
76769
76779
76790
76789
76778
76777
76788
76787
76798
76799
76810
76809
76820
76831
76847
76858
76869
76870
76881
76892
76891
76880
76882
76893
76904
76905
76894
76883
76872
76871
76860
76849
76848
76859
76861
76850
76834
76833
76832
76821
76822
76811
76800
76801
76812
76823
76835
76837
76838
76839
76840
76841
76852
76863
76864
76865
76876
76887
76888
76889
76900
76911
76910
76909
76908
76919
76920
76931
76930
76941
76942
76953
76970
76971
76954
76943
76944
76955
76972
76973
79031
79030
79029
79028
76922
76933
76932
76921
76899
76898
76897
76886
76875
76874
76885
76896
76907
76918
76929
76940
76951
76952
76969
76968
74377
76980
76981
76999
76998
76997
76996
76995
74378
77008
77009
77010
74379
77011
77012
77013
77001
77000
76982
76983
76984
77014
77025
77024
77023
77022
77034
77046
77047
77035
77036
77037
79032
79033
77049
77048
77064
77063
77075
77076
77065
77077
77090
79034
77103
77115
77129
79035
79036
77144
77143
77157
77158
79037
77172
77171
77185
77184
77183
77169
77170
77156
77155
77141
77142
77127
77126
77112
77113
77128
77114
77102
77089
77088
77101
77100
77099
77111
74386
77098
77110
77123
77122
77109
77097
77084
77071
74382
74384
77085
77086
77087
77074
77062
77045
77033
77061
77073
77072
77060
74380
77044
77032
77021
76992
76993
76994
76967
76966
76965
76964
76963
76962
76979
76991
77007
77020
77031
77043
77056
77070
74381
77055
77057
77058
77059
74383
77121
74387
77108
77096
77083
77082
77095
77107
77106
77094
77092
77079
77067
77068
77052
77051
77050
77066
77078
74153
77091
77104
77116
74154
77130
74155
77145
74156
77159
74157
77173
74158
77187
74159
77201
74160
77214
74161
77228
74162
77242
77243
77229
77230
77244
77258
77257
77256
77273
77274
77275
77276
77292
77277
77278
77261
77260
77259
77245
77246
77247
77233
77219
77206
77205
77218
77232
77231
77217
77204
77190
77191
77192
77193
77207
77220
77234
77248
77262
77279
77294
77295
77296
77297
77315
77317
77299
77298
77316
74395
77333
77334
77318
77300
77301
77302
77303
77285
77286
77287
79041
77272
77271
77270
77253
77254
77255
79040
77241
77240
77239
77225
77211
77210
77224
77238
77237
77223
77222
74390
77221
77235
77236
77250
77249
74392
77265
77263
77264
74393
74394
77280
77281
77266
77282
77268
77267
74391
77251
77252
77269
77284
77283
77319
77320
77321
77322
77304
77305
77323
77339
77338
77337
77352
77336
77335
77351
77350
77349
77365
77366
74396
77381
77396
77411
77425
77439
74400
77440
77426
74398
77412
77397
77398
74397
77383
77382
77367
77368
77370
77385
77400
77414
77415
77401
79044
77386
77371
79043
79042
77355
77354
77353
77369
77384
77399
77413
77427
77428
77429
77444
77460
77473
77487
79045
79046
77501
77500
77486
77472
77459
77443
77442
77441
74402
77458
77471
77485
77499
77513
77512
77498
77484
77470
74404
77457
74401
77456
77469
77468
77453
77454
77455
74399
77424
77410
77395
77380
77364
77348
77332
77314
77331
77313
77312
77293
77311
77329
77330
77346
77362
77361
77345
77347
77363
77379
77394
77409
77423
77438
77437
77452
77436
77422
77408
77407
77420
77421
77435
77450
77451
74403
77466
77467
77481
77495
77509
77523
77537
77551
77565
77578
77564
77550
77536
77535
77521
77522
77508
77507
77506
77520
77519
77505
77504
77489
77490
77491
77492
77493
77494
77480
77479
77465
77478
77477
77476
77475
77462
77463
77464
77448
77449
77434
77433
77419
77405
77406
77391
77392
77393
77378
77377
77376
77360
77344
77342
77326
77325
77341
77356
74164
77340
74163
77324
77306
77288
77289
77307
77308
77290
77291
77309
77310
77328
77327
77343
77359
77358
77357
77373
77374
77375
77390
77389
77404
77403
77388
74165
77372
74166
77387
74167
77402
77416
74168
77417
77418
77432
77447
77446
77431
77430
77445
77461
74169
77474
74170
77488
77502
74171
77503
74172
77516
74173
77530
74174
77544
74175
77558
77572
77573
77559
77560
77587
77604
77618
77632
77633
77647
77646
77645
77631
77617
77603
77586
77585
74176
77602
74177
77616
74178
77630
74179
77644
77658
74180
77659
74181
77672
74182
77686
74183
77700
77701
77687
77673
77674
77688
77702
77716
77715
74184
77714
74185
77728
74186
77742
74187
77756
77757
77743
77729
77730
77731
77717
77703
77689
77675
77660
77661
77662
77676
77690
77704
77718
77719
77705
77691
77677
77663
77635
77636
77650
77649
77648
77634
77620
77619
77605
77588
77575
77574
74405
77561
77562
77548
77534
77533
77532
77518
77517
77531
77545
77546
77547
77549
77563
77576
77577
77591
77590
77589
77606
77607
77621
77622
77608
77609
77592
77593
77594
77595
77596
77597
77580
77579
77566
77567
77553
77552
77538
77539
77525
77524
77510
77496
77482
77483
77497
77511
77526
77540
77541
77527
77542
77528
77514
77515
79047
79048
77529
77543
79049
79050
77557
77571
79051
79052
79053
77601
74406
77584
77583
77570
77556
77569
77555
77554
77568
77581
77582
77600
77599
77598
77611
77610
77624
77625
77639
77653
77652
77638
77623
77637
77651
77664
77665
77679
77693
77678
77692
77706
77707
77721
77720
77735
77734
77733
77732
77746
77747
77748
77749
74407
77763
77781
77799
77800
77801
77802
77803
77804
77786
77768
77769
77752
77738
77724
77710
77711
77725
77739
77753
77770
77788
74408
77805
77806
77789
77771
77754
77740
77726
77712
77698
77697
77683
77682
77696
77709
77723
77737
77736
77722
77708
77694
77695
77681
77680
77666
77667
77668
77654
77640
77641
77642
77656
77655
77669
77670
77657
77643
77629
77628
77627
77626
77612
77613
77614
77615
79054
79055
79056
79057
79058
77671
77684
77685
79059
79060
77699
77713
79061
79062
77727
77741
79063
79064
77755
77772
77790
74409
77818
77817
77834
77835
77852
77862
79065
74412
77891
77890
77899
77907
77915
77930
77929
77938
77954
77955
77972
77971
77979
77986
77993
74422
78000
78001
78010
78009
78018
78019
78036
74426
78052
78053
78071
78089
78099
78098
78088
78070
78069
78035
78034
78051
78068
78067
78085
78086
78087
78097
78107
78096
78106
78117
78127
78143
78142
78141
78140
78139
74428
78105
74427
78116
78126
78138
78153
78162
78137
78136
78134
78133
78132
74195
78149
74196
78158
78159
78150
78123
74194
78122
78111
78101
78102
78103
78113
78112
78092
74193
78091
78073
78074
78056
78055
78038
78021
78022
78039
78040
78023
78024
78014
74424
78005
74423
77996
74421
77989
74419
77982
77983
77990
77997
78006
78015
78025
78042
78041
78043
78060
78061
78044
78027
78026
78016
78007
77998
77991
77984
77977
77962
77963
77946
77947
77964
77965
77948
77949
77966
77967
77950
77952
77969
77970
77953
77928
77927
77925
77924
77923
77922
77921
77920
74417
77912
77904
77905
77897
77896
77895
77903
74414
77902
74415
77910
74416
77918
74418
77934
77942
77943
77935
77919
77911
77913
77936
77945
77944
77961
77960
77976
77975
77959
77958
77941
77957
77940
77933
77917
77909
77901
77893
74190
77892
77900
77908
77916
77932
77939
77956
74191
77973
74192
77980
77987
77994
78003
78012
78013
78004
77995
77988
77981
77974
82813
79619
82021
82016
82812
82811
82810
82809
82808
81928
81912
82807
81911
79614
81910
79613
81894
79611
79612
81895
81879
82806
82805
81873
79610
81853
81857
79609
81852
81835
81836
81834
81833
81832
81831
81830
81829
81828
81827
79605
79339
81789
81792
79340
79341
81795
81798
79342
79343
81801
81804
79344
79345
81807
81810
79346
79347
81813
81816
79348
79349
81819
81822
79350
79351
81837
81854
81855
81859
81860
81876
81875
81881
81882
81898
81899
81883
81877
81861
81862
81863
81864
81865
81866
81867
81844
81843
81842
81841
81840
81838
81856
79608
81839
79607
81823
81824
81825
81826
81845
81846
81847
81848
81849
81850
81851
81878
81872
81871
81870
81869
81868
81892
81908
81909
81893
81891
81890
81889
81888
81904
81903
81887
81886
81885
81884
81900
81901
81918
81919
81902
81920
81936
81937
81938
81922
81905
81921
81923
81906
81907
81924
81925
81926
81942
81941
81940
81939
81954
81955
81956
81957
81958
81959
79615
81927
79616
81943
79617
81960
79618
81977
81976
81993
81994
82011
82010
82009
81992
81975
81974
81991
82008
82007
81990
81973
81972
81989
82006
82005
82004
82003
82002
82001
81984
81985
81968
81969
81986
81987
81988
81971
81970
81953
81952
81951
81967
81966
81983
82000
81999
81982
81965
81948
81949
81950
81935
81934
81933
81917
81916
81932
81915
81913
81929
81944
81961
81962
81945
81963
81980
81997
82014
82013
81996
81979
81978
81995
79353
82012
79354
82017
79355
82022
79356
82026
82027
79621
82030
82031
82032
82029
82025
82028
82024
82023
82018
82019
82020
82015
81998
81981
81964
81947
81946
81931
81930
81914
81897
81896
81880
81874
79352
81858
85811
85174
85171
85810
85809
85168
85165
85808
85807
85162
85159
85806
85805
85156
85153
85804
85803
85150
85147
85802
85801
85144
85141
85800
85799
85138
85135
85798
85797
85113
83364
85109
85110
85106
85102
85101
85098
85094
85090
85086
85085
85089
85093
85097
83361
83362
85105
83363
85132
85131
85130
85129
85128
85127
85126
85125
85124
85123
85122
85121
85120
85119
85118
85117
85116
85108
85112
85115
85134
85137
85140
85143
85146
85149
85152
85155
85158
85161
85164
85167
85170
85173
83148
85172
83147
85169
83146
85166
83145
85163
83144
85160
83143
85157
83142
85154
83141
85151
83140
85148
83139
85145
83138
85142
83137
85139
83136
85136
83135
85133
83134
85114
85111
83133
85107
83132
85103
83131
85104
85100
85096
85092
85088
85099
83130
85095
83129
85091
83128
85087
83127
85083
83126
85084
85064
83125
83124
83123
83122
85018
83121
85012
83120
85006
83119
85002
84998
83118
84980
83117
84976
83116
84972
83115
84968
83114
84964
83113
84960
83112
84941
83111
84937
83110
84933
83109
84929
83108
84925
83107
84920
83106
84915
83105
84896
83104
84877
84858
83103
84839
83102
84820
83101
84816
83100
84813
83099
84810
83098
84807
83097
84804
83096
84785
83095
84766
83094
84747
83093
84743
83092
84739
83091
84735
83090
84731
83089
84712
84709
83088
84706
83087
84703
83086
84700
83085
84697
83084
84694
83083
84691
83082
84688
83081
84685
83080
84681
83079
84677
83078
84673
83077
84668
83076
84662
83075
84656
83074
84652
84648
83073
84644
83072
84640
83071
84636
83070
84617
83069
84613
83068
84609
83067
84605
83066
84610
84614
83327
84615
84611
84607
84606
84602
84603
84599
84598
84594
84595
84591
84590
83065
84601
84597
83064
84593
83063
84589
83062
84584
83061
84579
83060
84574
83059
84570
84571
84575
84580
84585
84586
84581
84576
83319
84543
84544
84545
84546
84547
84548
84549
84550
84551
84552
84553
84554
84555
84556
84557
84562
84563
84564
84569
85760
85759
84559
85758
84540
84536
84533
84532
83316
83317
84535
84538
84539
84558
84568
84567
83320
84572
84573
85761
84578
84583
85762
85763
84588
83321
84577
84582
84587
84592
84596
84600
83323
83322
85764
83324
83325
84604
84608
84612
84616
83326
84635
84639
85765
85766
84643
84647
83329
84651
84655
84654
84650
83328
84646
84642
84638
84634
84633
84632
84631
84630
84629
84628
84627
84626
84625
84624
84623
84622
84621
84620
84619
84618
84637
84641
84645
84649
83330
84653
84658
84657
84663
84669
84674
84664
84670
84675
84679
84678
84686
84682
84683
84687
84690
84689
84693
84696
84692
84695
84698
84699
84702
84701
84704
84707
84708
84705
84711
84710
84713
84732
84736
84737
84733
84714
84715
84716
84717
84718
84719
84720
84721
84722
84723
84724
84725
84726
84727
84728
84729
84730
83335
83334
83332
84665
84659
84660
84661
83331
85767
85768
84667
84666
84672
84671
83333
84676
84680
84684
83336
85769
85770
85771
85772
85773
85774
85775
85776
85777
85778
84734
84738
85779
85780
84742
84746
85781
84765
84784
84783
84764
84763
84782
84781
84762
84761
84780
84799
84800
84801
84802
84803
84806
85782
84809
83340
83341
84812
84815
83342
84818
84819
85783
84838
84837
84836
84835
84854
84855
84856
84857
84876
84895
85784
84914
84913
84918
84919
85785
85786
84924
84923
83348
84928
84932
83349
83350
84936
84940
83351
84939
84935
84931
84927
84922
84917
84912
84894
83346
84875
84874
84873
84893
84911
84910
84892
84872
84853
84834
84798
84797
84778
84779
84760
84759
84758
84777
84796
84795
84794
84756
84757
84776
84775
84774
84755
84754
84773
84793
84792
84791
84790
84771
84772
84753
84752
84751
84750
84769
84770
84789
84788
84787
83339
83338
84768
84749
83337
84745
84741
84740
84744
84748
84767
84786
84805
84808
84811
84814
84817
83343
84821
83344
83345
84859
84840
84841
84860
84861
84842
84822
84823
84843
84824
84825
84826
84845
84846
84847
84866
84886
84887
84904
84905
84888
84906
84907
84908
84909
84891
84871
84870
84890
84889
84869
84850
84851
84852
84833
84832
84831
84830
84849
84868
84867
84848
84829
84828
84827
84865
84864
84844
84863
84862
84882
84883
84884
84885
84903
84902
84901
84900
84899
84898
84881
84880
84879
84878
83347
84897
84916
84921
84926
84930
84934
84938
83352
84942
84943
84944
84945
84946
84947
84948
84949
84950
84951
84952
84953
84954
84955
84956
84957
84961
84965
84969
84973
84977
84978
84974
84970
84966
84962
84958
84959
85787
84963
84967
85788
85789
84971
84975
85790
85791
84979
84997
84996
83354
85001
85005
83356
85004
85000
84995
84994
84993
84992
84991
84990
84989
84988
84987
84986
84985
84984
84983
84982
84981
83353
84999
83355
85003
85008
85007
85013
85019
85014
83357
85020
85021
85022
85023
85024
85025
85026
85027
85046
85045
85044
85043
85042
85041
85040
85039
85038
85037
85056
85060
85065
85066
85067
85068
85069
85070
85071
85072
85073
85074
85075
85076
85077
85078
85079
85080
85061
85057
85053
85052
85051
85050
85049
85048
85047
85028
85029
85030
85031
85032
85033
85034
85015
85009
85010
85016
85017
85793
85792
85011
85036
85035
85054
85055
85794
85795
85063
85059
85058
85062
85081
85082
83358
83359
83360
85796
81783
79338
81779
79337
79336
81762
81763
81764
81765
81766
81767
81768
81769
81770
81771
81772
81773
81774
81775
81776
81759
81756
81752
81748
81749
81750
82788
82789
81754
81753
81757
81758
82790
82791
81761
81760
81777
81778
81782
82792
82793
81786
81788
81791
82794
82795
81794
81785
81781
81780
81784
79606
81787
81790
81793
81796
81799
81800
81797
82796
82797
82798
81803
81802
81805
81808
81811
81812
81809
81806
82799
82800
82801
82802
81815
81814
81817
81820
81821
81818
82803
82804
77773
77774
77792
77791
74188
77807
77819
77836
74189
77853
77854
77864
77863
77876
77877
77865
77878
77894
77879
77880
77868
77869
74413
77881
77882
77883
77884
77885
77874
74411
77860
77859
77846
77873
77872
77871
77870
77843
77842
77858
77857
77856
77867
77866
77855
77838
77837
77820
77808
77758
77744
77745
77759
77776
77775
77793
77809
77810
77821
77839
77840
77841
77823
77812
77811
77822
77795
77794
77777
77760
77761
77762
77780
77798
77779
77778
77796
77797
77813
77824
77825
77826
77844
77845
77827
77828
77829
77847
77848
77830
77815
77814
77784
77783
77782
77764
77765
77766
77750
77751
77767
77785
77787
74410
77816
77833
77832
77831
77849
77850
77851
77861
77875
77889
77888
77887
77886
77898
77906
77914
77926
77937
77951
77968
77978
77985
77992
77999
78008
78017
78033
78032
78050
78049
78066
78084
78083
78082
78081
78063
78046
78047
78064
78065
78048
78031
78030
78029
78028
78045
78062
78080
78095
78079
78078
78076
78075
78057
78058
78059
78077
78094
78093
78104
78114
78115
78125
78124
78135
78151
78152
78161
78160
78170
78169
78168
78185
78202
78201
78184
78167
82819
82146
82141
79626
82135
82136
82119
82118
79623
82102
82097
82080
82062
82818
82817
82816
82815
79620
82814
82033
82037
82041
82045
79622
82061
82078
82079
82096
82095
82094
82077
82060
82059
82076
82093
82092
82091
82090
82074
82075
82058
82057
82056
82073
82089
82111
82110
82109
82108
82085
82086
82087
82088
82070
82071
82072
82055
82054
82053
82052
82069
82068
82051
82050
82067
82084
82083
82066
82049
82044
82043
82039
82040
82036
82035
82034
79357
79358
82038
82042
79359
82046
82063
79360
82081
82064
82047
82048
82065
82082
82100
82101
82105
82122
82123
82106
82107
82124
82125
82126
82127
82128
82129
82112
82113
82114
82131
82130
82132
82115
82116
82133
82134
82117
79628
82145
82150
82155
82156
82151
82152
79630
79631
82820
82176
82179
82821
82822
82184
82189
82823
82824
82194
82199
79634
79635
82204
82220
82226
82243
82259
82263
82279
82282
82825
82826
82285
82288
82827
82828
82291
82294
82829
82830
82297
82300
82303
82832
82831
78394
74209
78384
74208
78374
74207
78364
74206
78354
74205
78345
74204
78336
74203
78327
74202
78317
74201
78300
78292
78282
74200
78272
74199
78262
74198
78252
74197
78253
78236
78235
78218
78219
78220
78237
78238
78221
78222
78239
78240
78223
78224
78207
78225
78242
78241
78256
78266
78276
78286
78295
78305
78304
78303
78294
78285
78275
78265
78255
78254
78264
78274
78284
78263
78273
78283
74429
78293
78302
78301
78318
78328
78337
78346
78355
78365
78375
78385
78395
78405
74210
78404
74211
78420
74212
78429
78438
74213
78446
74214
78455
74215
78472
74216
78482
74217
78492
78493
78483
78484
78485
78486
78496
78495
78494
78504
78505
78514
78515
78516
78518
78519
78520
78521
78522
78523
78524
78507
78508
74442
78525
78532
78533
78526
78509
78510
78527
79104
79105
78534
78541
79106
78547
74444
78540
78539
78546
78552
78567
78566
78565
78564
78563
78562
78561
78560
78559
78551
78545
78538
78531
78517
78506
74440
78497
78487
78477
78460
78450
78441
78432
78423
78409
78410
78411
78412
78413
78414
78424
78433
78442
78451
78452
78443
78453
78444
78434
78435
78426
78425
78415
78399
78389
78379
78369
78359
78360
78370
78380
78390
78391
78401
78400
78416
78417
78418
78402
78392
78393
79099
79100
78403
78419
78427
78428
79101
79102
78437
78436
74435
78445
78454
79103
78471
78481
74437
78470
78469
78468
78479
78489
78490
78480
74438
78491
78501
74439
78500
78499
74441
78498
78488
78478
78467
78466
78465
78464
78463
78462
78461
78459
78476
78475
78474
78473
78456
78447
78439
78430
78421
78448
78457
78458
74436
78449
78440
74434
78431
78422
78406
78396
78386
78376
78366
78356
78347
78338
78329
78319
78320
78330
78339
78348
78357
78367
78377
78387
78397
74433
78407
78408
78398
78388
78378
78368
78358
78349
78340
78331
78321
78306
78307
78308
78309
78310
78311
74431
78322
78312
78313
78314
78324
78325
78334
78343
78342
78333
78323
78332
78341
74432
78350
78361
78351
78352
78362
78372
78371
78381
78382
78383
79098
78373
79097
79096
78363
78353
78344
79095
79094
78335
78326
78316
78315
78299
78298
78297
78289
78279
78280
78290
78291
79093
79092
78281
78271
79091
78261
79090
79089
79088
79087
79086
79085
79084
79082
79083
78157
78166
78183
78182
78181
78180
78196
78195
78194
78211
78212
78213
78214
78197
78198
78199
78200
78217
78216
78215
78232
78233
78234
78251
78260
78270
78269
78259
78250
78249
78258
78268
78278
78288
74430
78296
78287
78277
78267
78257
78247
78230
78231
78248
78246
78229
78228
78245
78244
78243
78226
78227
78210
78209
78208
78191
78190
78189
78206
78205
78204
78203
78186
78187
78188
78171
78172
78173
78174
78175
78192
78193
78176
78177
78178
78179
78163
78154
78144
78145
78155
78164
78165
78156
78129
78120
78109
78108
78119
78118
78128
78146
78147
78148
78130
78131
79081
79080
78121
78110
79079
79078
78100
78090
78072
78054
79077
79076
78037
74425
78020
79075
79074
78011
78002
74420
79073
79072
79071
79070
79069
77931
79068
79067
79066
72539
72528
72511
72512
72513
72529
72540
68627
72541
72530
68626
72514
72497
72496
72495
72494
72485
68350
72468
72454
72438
72439
72455
72469
72486
72487
72488
72498
72489
72473
72459
72472
72474
72490
72517
72533
72532
72531
72515
72516
72499
72500
72501
72518
72519
72520
72521
72504
72503
72502
72476
72475
72460
72461
72446
72447
72462
72477
72478
72463
72448
72449
72464
72465
72480
72479
72505
72522
72523
72534
72557
72558
72559
72560
72561
72562
72545
72546
72535
72524
72525
72526
72536
68628
72547
72564
72563
68629
68631
72574
72586
72575
72587
72603
72614
72624
72625
72615
73921
72604
72588
73920
72576
72565
72549
72548
72537
72510
72509
72493
72484
68625
72527
72538
73919
73918
73917
73916
73915
68624
72453
72437
72436
72452
72451
68623
72467
72483
72482
72508
72507
72506
72491
72492
72481
72466
72450
68622
68621
72423
72424
72434
72435
72425
72426
72427
72409
72408
72390
72391
73914
73913
73912
73911
73910
73909
73908
73907
73906
73905
73904
68619
68618
68617
72221
68616
72208
72209
72192
73903
72178
72177
72191
72190
72176
72175
72174
72207
72220
72232
72231
72219
72206
72189
72188
72187
72173
68614
72159
72160
72161
72162
72149
72134
72117
72118
72103
72088
72089
72090
72105
72104
72119
72120
72136
72135
72150
72163
72164
72151
68613
73902
72137
73901
73900
73899
73898
73897
72058
72057
72075
72074
72056
72055
72040
72039
72038
72037
72051
72067
72068
72069
72071
72073
72072
72054
72053
72052
72070
72085
72086
72087
72102
72101
72100
72115
72116
72132
72133
72148
72147
72146
72131
72130
72129
72128
72127
68611
72144
72157
72156
72184
72170
72169
72183
72182
72181
68615
72195
72196
72197
72198
72199
72215
72216
72228
72239
72238
72227
72226
72214
72212
72213
72225
72224
72235
72236
72237
72248
72247
72246
72257
72258
72259
72270
72269
72268
72289
72278
72267
72256
72245
72234
72223
72211
72194
72180
72167
72168
72166
72153
72152
68331
72165
68332
72179
68333
72193
68334
72210
68335
72222
68336
72233
68337
72244
68338
72255
68339
72266
68340
72277
68341
72288
68342
72299
68343
72310
68344
72321
68345
72332
68346
72343
68347
72354
68348
72365
72366
72377
72376
72392
72410
68349
72428
72429
72411
72393
72394
72378
72379
72395
72413
72412
72430
72441
72440
72456
72470
72471
72457
72458
72442
72431
72414
72396
72380
72367
72368
72357
72358
72369
72381
72382
72398
72397
72415
72432
72443
72444
72445
72417
72416
72399
72400
72418
72419
72420
72421
72422
72433
72403
72404
72387
72405
72406
72407
72389
72388
72374
72375
72364
72363
72362
72351
72352
72353
72342
72331
72320
72319
72318
72317
72328
72329
72330
72341
72340
72339
72350
72361
72373
72372
72386
72385
72384
72402
72401
72383
68620
72371
72360
72349
72338
72327
72316
72315
72326
72337
72348
72359
72370
72347
72336
72325
72324
72323
72334
72335
72346
72345
72356
72355
72344
72333
72322
72311
72300
72301
72312
72313
72302
72291
72290
72279
72280
72281
72292
72303
72314
72304
72305
72294
72293
72282
72271
72260
72249
72250
72261
72272
72283
72251
72262
72263
72274
72273
72284
72295
72306
72307
72296
72285
72286
72297
72308
72309
72298
72287
72276
72275
72264
72265
72254
72243
72242
72253
72252
72241
72240
72230
72229
72217
72218
72205
72204
72203
72202
72201
72200
72186
72185
72171
72172
72158
72145
72114
72113
72112
72126
72097
72098
72099
72084
72083
72082
72065
72066
72050
68609
72035
72036
72019
72018
72017
72034
72016
72000
72001
72002
72003
72004
72021
72020
71986
71985
71968
71950
71952
71951
71969
71970
71971
71953
71939
71954
71972
71973
71955
71940
71941
71942
71943
71976
71977
71993
73894
72010
72027
73895
73896
72043
72042
72041
72025
68608
72026
72009
71992
72008
72007
68607
72006
72024
72023
72022
72005
71987
71988
71989
71990
71991
71975
71974
71956
71957
71958
71959
71944
73893
71928
71927
71926
71912
68602
71913
71898
68601
68599
71882
73892
71866
71852
73891
73890
71839
71826
71825
71809
71808
71823
71824
71838
71837
71850
71851
71865
71881
71897
71896
71880
68598
71864
71863
71849
71836
71835
71834
71847
71848
71862
71879
71894
71909
71910
71895
71911
71925
71924
71923
71922
71938
71937
68604
71920
71921
71907
71892
68600
71877
71876
71875
71874
71873
71859
71858
71872
71888
71889
71905
71904
71903
71887
71886
71902
71885
71869
71855
71854
71841
71828
71812
71811
71797
68322
71784
71770
71771
71756
71755
68321
71740
71726
68320
71709
68319
71692
68318
71676
71659
71642
68317
71625
68316
71609
71610
71592
71591
71575
71560
68315
71545
68314
71530
68313
71515
68312
71500
68311
71485
68310
71470
68309
71455
68308
71440
68307
79027
79026
79025
79024
79023
79022
74376
76829
79021
79020
76818
76807
79019
79018
76796
76795
76794
76805
76804
76793
76782
76783
76772
76773
76747
76764
76763
76762
76771
76770
76781
76792
76803
76814
76825
74375
76842
76843
76853
76854
76855
76866
76877
76878
76867
76856
76845
76844
76827
76826
76815
76816
76817
76828
76806
76784
76785
79017
79016
76774
76765
76748
79015
79014
76738
76737
76727
76728
79013
79012
76718
76708
79011
79010
76698
74371
76681
79009
79008
76673
76665
79007
79006
76657
76649
79005
71099
68304
71117
71131
71144
71145
71160
71159
71175
71191
71205
71220
71236
71237
71221
71206
71192
71176
71177
71161
71162
71163
71179
71178
71194
71208
71209
71195
71193
71207
71222
71223
71224
71240
71255
71271
71272
71273
71274
71275
71257
71256
71241
71242
71226
71225
71210
71196
68565
71211
68567
71227
71243
68568
71258
71259
71260
71244
71228
71212
68566
71198
71213
71199
71200
71185
71184
68562
71167
71152
71168
71169
71154
71153
71138
71139
71140
71141
71142
71129
71114
71113
71128
71127
71126
71125
71110
71111
71112
71094
71095
71096
71097
71098
71116
71115
68555
71130
71143
68557
71158
71174
71190
71189
68564
71204
71219
71218
71217
71216
71202
71203
71188
71187
71171
71172
71173
71157
71156
71155
71170
71186
71201
71215
71232
71247
71246
71231
71214
71230
71229
68569
71245
71277
71276
68572
71292
71293
71294
68573
71310
71328
71344
71345
71346
71330
71312
71313
71314
71298
71299
71283
73869
73868
71266
71250
71235
71234
71233
71248
71249
71265
71264
71263
71262
68570
71261
68571
71278
71279
71280
71281
71282
71297
71296
71295
71311
71329
71327
71326
71309
71308
71325
71324
71307
71306
71291
71290
71289
71304
71305
71322
71321
71320
71303
71288
71287
71286
71285
71268
71269
71270
71254
71239
71238
71253
71252
71251
71267
71284
71300
71316
71317
71334
71333
71349
71365
71379
71394
68305
71410
68306
71425
71411
71426
71427
71412
71413
71428
71443
71442
71441
71456
71457
71472
71471
71486
71501
71516
71531
71546
71561
71577
71576
71593
71611
71626
71643
71677
71693
68588
71727
71741
71757
71742
71729
71728
71710
71694
71678
71660
68584
71661
71644
71627
71628
71629
71614
71630
71647
71646
71645
71662
71663
71664
71682
68587
71698
71683
71665
71648
71631
71615
68582
71598
71597
71596
71595
71613
71612
71594
71578
71562
71579
71580
71581
71564
71563
71548
71547
71532
71517
71518
71549
71534
71533
71519
71504
71503
71502
71487
71488
71489
71474
71473
71458
71459
71444
71429
71414
71397
71398
71399
71383
71354
71353
71369
71368
71382
71381
71396
71395
68580
71380
68579
68577
71366
71367
71351
71337
71336
71319
71302
71301
71318
71335
68576
71350
71352
71338
71339
71323
71340
71341
71355
71356
71370
71384
71400
71401
71416
71431
71432
71417
71415
71430
71445
71446
71447
71448
71463
71464
71479
71478
71493
71494
71509
71508
71523
71524
71538
71537
71522
71507
71506
71491
71492
71477
71462
71460
71461
71476
71475
71490
71505
71520
71521
71536
71535
71550
71551
71552
71567
71566
71565
68581
71582
71600
71599
68583
71616
71617
71601
71583
71585
71586
71587
71588
71589
71607
71623
71622
71606
71572
71573
71558
71543
71528
71527
71542
71557
71555
71569
71570
71571
71556
71541
71526
71511
71496
71481
71482
71497
71512
71513
71498
71483
71468
71467
71466
71451
71436
71437
71452
71453
71438
71423
71422
71421
71406
71407
71408
71392
71393
71409
71424
73873
73874
71439
71454
73875
73876
71469
71484
73877
73878
71499
71514
73879
73880
71529
73881
71544
71559
73882
73883
71574
71590
71608
71624
73884
71641
71640
71639
71638
71655
71656
71657
71658
73885
73886
71675
71691
68586
71674
71673
71672
71689
71705
71722
71721
71720
71736
71750
71751
71752
71737
71738
71739
71723
71724
68589
71725
71708
71707
71706
71690
71688
71704
71703
71687
71686
68585
71685
71701
71702
71719
71735
71749
71748
68590
71734
71718
71717
71716
71699
71700
71684
71666
71667
71668
71669
71652
71651
71650
71649
71632
71633
71634
71635
71636
71653
71670
71671
71654
71637
71620
71621
71605
71604
71603
71619
71618
71602
71584
71568
71553
71554
71539
71540
71525
71510
71495
71480
71465
71450
71449
71419
71420
71435
71434
71433
71418
71403
71402
71386
71385
71371
71372
71357
71342
68575
71343
71358
71359
71374
71373
71387
71388
71404
71405
71389
71390
71391
71377
71376
71375
71360
71361
71362
71347
71331
71332
68574
71315
73870
73871
73872
71348
71364
71363
68578
71378
65486
62669
65469
65452
65453
65435
65436
65426
62668
65425
65416
65417
65401
65400
65390
62667
65380
62666
65370
62665
65353
65343
62664
65333
62663
65323
62662
65313
62661
65304
62660
65286
65287
65271
65270
65252
65253
65244
62659
65243
65234
65235
65245
65236
65219
65210
65193
65192
65209
65218
65217
65208
65191
65180
62658
65169
62657
65159
62656
65150
65151
65160
65170
65181
65182
65171
65161
65162
65172
65173
65174
65185
65196
65197
62872
65198
65199
65200
65201
65202
65203
65186
65175
62870
65165
65155
65156
65166
65168
68063
65158
65149
68062
68061
65133
65132
62868
65148
65157
65167
65178
65179
68064
68065
65190
65189
65188
65177
65176
65187
62871
65204
65205
65214
65213
65215
65206
65207
68066
68067
65216
68068
65242
68069
68070
65251
65269
65285
65284
65311
65302
65303
65312
65322
68071
68072
65332
68073
65342
65331
65321
65320
65310
65301
65283
65300
65282
65281
65299
62875
65309
65319
65318
65328
65330
65329
65339
65338
65348
65366
65365
65364
65363
65362
65361
65360
65359
65357
65356
65346
65345
65336
65326
65335
65334
65344
65354
65355
65373
65372
65371
65381
65391
65382
65383
65393
65392
65402
65418
65427
65428
65419
65403
65404
65406
65407
65408
65409
65410
65411
65412
65447
65464
65448
65449
65431
65421
65413
65414
65396
65395
65385
65375
65376
65377
65368
65369
65378
65388
65398
62876
65415
65397
65387
65386
65367
65349
65350
65340
65341
65351
65352
68074
68075
68076
65379
65389
68077
68078
65399
62877
68079
68080
65434
65424
65423
65422
65432
65433
65450
65451
65468
65485
65494
65495
65512
65511
65522
65523
68084
68085
65534
68086
68087
68088
68089
68090
68091
68092
68093
68094
68095
68096
65667
65666
65651
65650
65649
62881
65665
65640
65641
65631
65630
65629
65639
65619
65609
65599
65600
65610
65620
65621
65611
65601
65591
65590
65589
65579
65569
65580
65581
65571
65570
65560
65561
65551
65533
65532
65521
65520
65531
65550
65559
65549
65548
65547
65546
65545
65544
65543
65542
65541
65558
65568
65567
65557
65540
65539
65538
65555
65556
65566
65576
65577
65578
65588
65587
65597
65596
65586
65585
65595
65594
65604
65603
65593
65613
65614
65624
65623
65633
65634
65635
65645
65655
65656
65646
65636
65626
65625
65615
65605
65606
65616
65617
65607
65608
65598
65618
65628
65627
65637
65638
65648
65647
65657
65673
65675
65693
65694
65712
65711
65710
65709
65708
65707
65723
65722
65721
65720
65704
65686
65705
65738
65739
65755
65754
65737
62683
65753
62684
65765
65777
65793
62685
65805
65823
65822
65838
62686
65851
65852
65866
65882
65884
65868
65869
65885
65898
65897
65896
65883
65867
65853
65839
62890
65824
65825
65807
65806
62888
65794
65778
65766
65767
65768
65769
65757
65756
65740
65741
65724
65725
65742
65758
65770
65781
65780
65779
65795
62887
65796
65797
65798
65810
65809
65827
65826
65808
65841
65840
65854
65855
65856
65857
65842
65843
65828
65829
65811
65812
65830
65831
65844
65858
65875
62896
65887
65876
65859
62892
62891
65845
65846
65847
65878
65890
65891
65908
65922
65907
62897
65921
65949
65961
65962
62902
65950
65951
65935
65934
65933
65932
65931
62900
65920
65919
65918
65917
65902
65901
65900
65899
65886
65870
65871
65872
62895
65873
65874
65903
65904
65905
65906
65888
65889
65877
62893
65860
65861
65862
65879
65880
65863
65848
65835
65834
65833
65832
62889
65815
65814
65813
65784
65783
65782
65771
65759
65743
65726
65727
65744
65745
65728
65729
65747
65746
65785
65786
65787
65788
65799
65816
65817
65818
65819
65820
65803
65802
65801
65800
65789
65773
65772
65760
65761
65762
65763
65751
65750
62885
65734
62884
65735
65736
68097
68098
65752
65764
68099
68100
65776
65775
65774
65790
62886
65791
65792
68101
68102
65804
65821
65837
65836
65849
65850
65864
62894
68103
65893
65892
65909
62898
65923
65924
65936
65953
65952
65963
65964
65981
65980
65996
62905
65979
65978
65977
65975
65974
65973
65991
65992
66006
66005
66023
66039
66040
66051
66052
66053
66041
62908
66024
62907
66007
66008
66009
66025
66042
66054
66065
66064
66075
66076
66087
66099
66098
66086
66097
66096
66084
66085
66074
66073
66062
66063
66038
66037
66036
66035
66050
66034
66049
66048
62910
66033
66032
66016
66017
66018
66000
65986
65968
65969
65987
65988
65989
66003
66002
66001
66019
66020
66021
66022
66004
65990
65972
65971
65970
65959
65958
65957
65956
62903
65967
65985
65999
62906
65984
65983
65966
65955
65938
65939
65927
65926
65925
62687
65937
62688
65954
62689
65965
65982
65998
66015
66014
66030
66046
66057
66031
66047
62912
66058
66070
66069
66068
66079
66080
66081
66093
66094
66082
66071
66059
66060
66061
62914
66072
62916
66083
62917
66095
62919
66107
62920
66120
62922
66136
62924
66149
66150
66137
62921
66121
66122
66123
66124
66125
66109
66108
66138
66151
62928
66168
62926
66152
62925
66139
66140
66126
66110
66111
66127
66128
66112
66113
66100
62918
66088
66089
66077
62915
62913
66066
66067
66078
68104
66090
66102
66115
68105
66131
66144
66143
62923
66129
66130
66114
66101
66142
66141
66153
66169
66170
66154
66155
66156
66157
62927
66171
66187
68106
62929
62931
62932
68107
68108
66257
66248
66232
66222
66213
66205
66196
66186
66185
66184
66183
66194
66195
66204
66203
66211
66212
66220
66221
62933
66230
66231
66247
66256
66255
66264
66273
66274
66265
66266
62936
68109
68110
68111
68112
68113
68114
68115
68116
68117
68118
66346
66337
66328
66319
66310
66301
66292
66283
66282
66291
66300
66309
66318
66327
66336
66345
66354
66355
66364
66382
66396
66412
68119
62940
66438
66437
66447
66458
66459
66475
66491
66503
62950
66502
66490
66474
66473
66457
66446
66456
66455
66445
66435
66436
66420
66421
66411
66410
66394
66395
66381
66380
66363
66362
66353
66344
66335
66326
66317
66308
66299
66290
66281
66272
66263
66254
66246
66229
66245
66244
66243
66241
66240
66239
66238
66252
66261
66270
66279
66288
66297
66306
66315
66324
66333
66342
66351
66360
66370
66388
66402
66417
66418
66427
66426
66425
66442
66451
66463
66479
66495
66506
66521
66522
66523
66507
66508
66509
66497
66496
62947
66480
62945
66464
62943
66452
62941
66443
66444
66453
62944
66465
66481
62946
66428
66429
66430
66431
66432
66433
66434
66419
66409
66408
66407
66406
66405
66404
66403
62939
66389
66371
66372
62937
66373
66374
66376
66377
66378
66379
66393
66392
66391
66390
62938
66375
66361
66352
66343
66334
66325
66316
66307
66298
66289
66280
66271
66262
66253
66242
66228
66219
66210
66202
66193
66182
66167
66166
66181
66180
66165
66164
66179
66178
66177
66192
66201
66209
66218
66227
66237
66236
66251
66260
62935
66269
66278
66287
66296
66295
66304
66305
66314
66323
66332
66341
66340
66350
66349
66348
66339
66330
66331
66313
66322
66321
66312
66303
66294
66285
66286
66277
66276
66268
66259
66250
66234
66224
66225
62934
66235
66226
66217
66208
66200
66199
62930
66207
66216
66215
66198
66189
66173
66159
66160
66174
66190
66191
66175
66176
66162
66163
66161
66148
66135
66133
66132
66116
66117
66104
66092
66091
66103
66105
66106
66119
66118
66134
66147
66146
66145
66158
66172
62690
66188
62691
66197
66206
62692
66214
62693
66223
62694
66233
62695
66249
62696
66258
66267
62697
66275
62698
66284
62699
66293
62700
66302
62701
66311
62702
66320
62703
66329
62704
66338
62705
66347
66356
62706
66357
66358
66359
66368
66367
66366
66365
66383
66384
66385
66398
66397
62707
66413
66414
66415
66399
66400
66401
66387
66369
66386
66416
66424
66423
66441
66450
66449
66440
66422
62708
66439
66448
66460
66476
66492
66477
66461
66462
66478
66494
66493
66505
66504
62709
66520
66531
62710
66532
66533
66534
66535
66524
66525
66510
66511
66512
66513
66514
66484
66483
66482
66466
66467
66468
66469
62942
66454
66470
62948
66486
66485
66498
66515
62951
66516
66517
66500
66499
66487
66471
66472
66488
66489
66501
62949
66518
66519
66530
62952
62953
68120
68121
66581
66580
66569
66552
66541
66551
66540
66529
66528
66527
66526
66537
66536
66547
66546
66558
66559
66560
62954
66561
66562
66563
66564
66566
66577
62955
66594
66605
66615
66604
66614
66631
66632
66649
66648
66664
66665
66675
66691
62959
62960
66692
66676
66666
62958
66650
62957
66633
62956
66634
66651
66667
66677
66693
66711
66710
66709
66727
66728
66729
66742
68129
66730
66712
66694
66678
68128
68127
66668
66652
68126
68125
66635
68124
66618
66608
68123
68122
66598
66597
66607
66617
66616
66606
66596
66595
66578
66579
66568
66567
66550
66539
66538
66549
66548
66565
66576
66593
66592
66591
66590
66589
66588
66587
66603
66613
66623
66622
66621
66611
66610
66620
66600
66601
66612
66602
66585
66586
66574
66575
66557
66556
66573
66545
66544
66555
66572
66584
66583
66571
66554
66543
62711
66542
66553
66570
66582
62712
66599
62713
66609
66619
66636
66637
66638
66639
66640
66641
66624
66625
66642
66643
66626
66627
66628
66645
66646
66629
66630
66647
66663
66662
66661
66644
66660
66659
66673
66658
66657
66656
66672
66671
66655
66654
66653
66670
62714
66669
66679
66695
66696
66680
66681
66697
66715
66733
66732
66714
66713
66731
66743
66754
66766
66779
66793
66807
66808
62968
66794
62967
66781
66780
66767
66768
66756
66755
66744
66745
66746
66734
66716
66717
66699
66698
66682
66683
66684
66700
66701
66685
66686
66687
66703
66704
66688
66689
66674
66690
66705
66723
66722
66721
66702
66720
66719
66718
62961
66735
62962
66747
62964
66771
62965
66770
66758
66757
66769
66782
66795
66809
66824
66823
66822
66821
66835
66836
66837
66838
66839
66840
66854
66853
66867
66866
66852
66851
66865
66864
66850
66849
66863
62715
66877
62716
66892
66907
66924
66941
66954
66942
66925
66908
66893
66878
66879
66880
66881
66868
66882
66897
66896
66895
66894
66909
66910
66911
66928
66912
66898
66913
66930
66929
66946
66945
66958
66957
66944
66927
66926
66943
66956
66955
66970
66969
66981
62717
66996
62718
67011
62719
67026
62720
67043
62721
67059
67060
67044
67027
67028
67029
67014
67015
66999
66998
67013
67012
66997
66982
66983
66971
66972
66973
66974
66986
66985
66984
67000
67001
67016
67031
67030
67047
67063
67065
67049
67048
67064
67080
67079
67078
67062
67046
67045
67061
67077
67076
62722
67075
62723
67091
62724
67107
62725
67123
62726
67140
62727
67155
67171
67172
67156
67141
67124
67108
67092
67093
67094
67095
67096
67097
67081
67082
67098
67114
67129
67130
67113
67128
62981
67112
67127
67126
67111
67110
67109
67125
67142
67157
67158
67143
67144
67159
67175
67174
67173
67190
67206
62985
67223
67224
67207
67208
67209
67210
67194
67177
67178
67195
67196
67212
67211
67227
62987
67239
67226
67225
67238
67250
67249
62989
67248
67236
67237
67261
67260
67273
67285
67297
62992
67309
62994
67320
62995
67331
67319
67308
67296
62731
67284
62730
67272
62729
67259
62728
67247
67235
67222
67188
67204
67205
67189
67191
67192
67193
67176
62982
67160
67145
67146
67161
67179
67180
67162
67147
67131
67132
67115
67116
67117
67101
67100
67099
67083
67084
67085
67069
67053
67054
67070
67086
67102
67103
67104
67088
67087
67071
67072
67056
67055
67039
67038
67022
67023
67040
67024
67041
67057
67073
67089
67105
67121
67120
67119
67118
67136
67135
67134
67133
67148
67149
67150
67166
67183
67182
67165
67164
67163
67181
67198
67197
67213
67214
67228
67240
67252
67264
67277
67289
67301
67313
67324
67335
67346
67358
62998
67359
67360
67375
67392
67391
67390
67374
67373
67372
67388
67389
67403
67404
67419
67429
67430
67431
67421
67420
67405
67394
67393
62999
67376
67377
67361
67362
67363
67351
67340
67329
67328
67317
67305
67304
67316
67315
67303
67302
67290
67314
67325
67336
67347
67348
67349
67327
67326
67337
67338
67339
67350
67378
67379
67396
67395
67406
67407
67422
67432
67440
67439
67438
67437
67445
67446
67455
67447
67448
67456
67473
63009
67505
67506
67489
63008
67472
67471
67454
67453
67470
67488
67469
67487
67503
67504
67510
67517
67533
67532
67531
67530
67546
67545
67529
67528
67544
67543
67542
67541
63015
67540
67524
67525
67526
67527
67498
67499
67500
67501
67502
67486
67485
67484
67483
67482
67481
67497
67496
67495
67494
67478
67479
67480
67461
67462
67463
67464
67465
67466
67467
67468
63006
63004
67428
67418
67417
67416
67415
67414
67413
63001
67402
67387
67371
67357
67345
67334
67323
67312
67300
67288
67276
67263
67251
67262
67274
67275
67287
67286
67310
67298
67299
67311
67322
67321
67332
67333
67344
67356
67369
67370
67386
67385
67401
67400
67384
67368
67355
67343
62997
67342
67354
67367
67366
67382
67383
67399
67410
63000
67411
67412
63002
67427
67436
67444
67443
63005
67435
63003
67426
67425
67424
67409
67398
62733
67381
67365
67353
62732
67341
67330
73229
73953
73952
73219
73208
73207
73198
73197
73187
73188
73177
73176
73164
73165
73148
73951
73950
73137
73126
73110
73109
73108
73107
73106
73091
73090
73089
73088
73087
73086
73085
73100
73101
73102
73103
73104
73105
73121
73120
73119
73118
73117
73116
68665
73099
73084
73083
73098
73115
73114
68664
73097
68663
73081
73082
73073
73074
73067
73066
73050
73049
73041
73042
73051
73052
73053
73054
73055
73056
73057
73058
73059
73068
73075
73069
73076
68662
73092
73093
73949
73077
73070
73948
73947
73946
73046
73062
73061
68660
73045
73037
73038
73945
73944
73943
73023
73031
73030
73029
73036
73044
73060
73043
73035
73028
73020
73012
73004
72996
68657
72989
72990
72997
72991
72998
73006
73005
73013
73021
73022
73014
73015
73942
73941
73007
72999
73940
72992
72984
73939
73938
72976
72975
72983
72982
68655
72974
72958
72949
72940
72941
72950
72959
72960
73937
73936
72951
72942
73935
72909
73934
73933
73932
73931
68648
72842
72825
73930
73929
72817
72816
72824
72841
72840
72839
72856
72857
72874
72875
72858
72859
72876
72893
72908
72924
72925
68652
72933
72932
72923
72907
72892
72891
72890
72873
72872
72889
72888
72887
72870
72869
72868
72851
72834
72833
72850
72849
72832
72831
72822
72814
72806
72790
72791
72792
72775
72774
72773
72756
72757
72758
72741
72740
72739
72722
72704
72703
72721
72738
72755
72754
72737
72720
72702
72701
72719
72718
72736
72752
72769
72753
72770
72771
72772
72789
72805
72804
68644
72788
72787
72786
72803
72811
72819
72818
72810
72802
72785
72768
72751
72735
72717
72699
72700
72691
68353
72690
72681
72682
72692
72693
72683
68641
72673
68640
72684
72694
72695
72685
72675
72674
72658
72647
72648
72659
72660
72661
72662
72663
72664
72665
72707
72706
72705
72723
72724
72725
72726
72708
72709
72710
72711
72712
72696
72686
72676
72666
72649
72638
72637
72636
72635
72634
72633
72632
72631
72630
72620
72619
72629
72628
72646
72657
72656
72645
72644
72655
72672
72671
72654
72643
68352
72626
68351
72627
68638
72617
72616
72605
72606
72589
72590
72578
72567
72577
72566
72550
72551
72552
72553
68630
72568
68632
72579
68633
72591
68635
72607
68636
72618
72608
72592
72609
72593
72581
72580
72569
72570
72555
72554
72542
72543
72544
72556
72571
72582
68634
72594
72595
72596
72597
72598
72599
72583
72572
72573
72584
72585
72601
72600
72611
72610
68637
72621
72622
72612
72602
72613
72623
72640
72651
72652
72653
73922
72642
72641
72639
72650
68639
72667
72677
68642
72687
72678
72668
72669
72670
73923
73924
72680
72679
72688
72689
68643
72716
72715
72698
72697
72714
72713
72731
72732
72749
72748
72747
72730
72729
72746
72763
72762
72745
72728
72727
72744
72761
72777
72760
72743
72742
72759
72776
72793
72794
72795
72778
72779
72796
72797
72780
72781
72764
72765
72766
72783
72784
72767
72750
72733
72734
73925
73926
73927
73928
72809
68645
72801
72800
72808
72782
72799
72798
72807
72815
72823
72838
72855
72854
72837
72836
72835
72852
72853
72871
72903
72919
72920
72904
72905
72906
72922
72921
72931
72939
72948
72957
72973
72972
72971
72970
72969
72968
72967
72966
72956
72947
72938
72930
72913
72914
72898
72899
72900
72885
72886
72901
72902
72918
72917
72916
72915
72884
72867
72866
72883
72882
72897
72896
68649
72880
72881
72864
72865
72848
72847
72830
72821
72813
68646
72812
68647
72820
72829
72846
72863
72862
72861
72844
72845
72828
72827
72826
72843
72860
72877
72894
72910
72926
72934
72935
72927
72911
72895
72878
72879
68650
72912
72929
68651
72928
68653
72936
72937
68654
72946
72955
72963
72964
72965
72980
72981
72988
72995
73003
73002
73010
73011
73019
73018
73026
73027
73034
73033
73017
73009
72994
72987
68656
72979
72978
72962
72953
72954
72945
72944
72943
68354
72952
72961
68355
72977
72985
72986
68658
72993
73001
68356
73000
68357
73008
68358
73016
68359
73024
73025
68659
73032
73040
68360
73039
73047
68361
73063
73048
73064
73065
68661
73072
73071
73078
73079
73080
73096
73095
68362
73094
73111
68363
73127
68364
73138
68365
73149
73150
73139
73128
73112
73113
73129
73140
73151
73168
73167
73166
68366
73189
73178
73179
73180
73181
73182
73183
73194
73204
73214
73215
73203
73193
73192
73202
73201
73191
73190
73200
73199
68367
73209
73220
73231
73248
73249
73232
73221
68674
73222
73233
73250
73251
73252
73262
73261
73276
73287
73286
68679
73275
68678
73260
73259
73258
73274
73273
73257
73247
68368
73230
73210
73211
73212
73213
73223
73234
73235
73224
73225
73236
73253
73237
73238
73239
73240
73241
73242
73243
73244
73254
73226
73227
73216
73205
73195
73185
68669
73173
73184
68671
68673
68672
68670
68668
73172
73171
73170
73169
68666
73152
73153
73142
73141
73130
73131
73132
73143
73154
73155
73156
73157
73158
73159
73160
68667
73161
73144
73133
73122
73123
73124
73125
73136
73147
73146
73135
73134
73145
73162
73163
73175
73174
73186
73196
73206
73217
73218
73228
68675
73245
73246
73954
73955
73256
73255
73271
68677
68676
73270
73280
73281
73282
73283
73956
73272
73300
68681
73957
73958
73959
73350
73349
73357
73358
73960
67434
67442
67450
62734
67451
67452
67460
67459
67477
67493
67492
67476
67458
67457
67475
67491
62735
67507
67514
67520
67536
67537
67521
67522
67515
63011
67508
67509
67516
67523
67539
67538
67554
67553
67562
67563
67555
67556
67565
67564
67581
67590
67589
67580
67579
67588
67605
67622
67639
67656
67673
67681
67698
67715
67699
67682
67683
67674
67675
67658
67657
67640
67623
67606
67607
67608
67609
67592
67582
67591
67625
67624
67641
67642
67659
67660
67643
67626
67627
67644
67661
63022
67686
67703
67704
67687
67688
67705
67706
67689
67690
67691
67692
67693
67710
67709
67708
67707
67732
67748
67747
67731
67730
67746
67745
67729
67728
67727
67743
67744
67761
67762
67763
67764
67765
67766
67767
67768
67751
67750
67749
67733
67734
67735
67719
67711
67694
67677
67669
67670
67653
67636
67619
67618
67617
67616
67615
67632
67633
67650
67667
67668
67651
67652
67635
67634
67600
67599
67598
67597
67614
67613
67596
67595
67612
67629
67630
67631
67648
67649
67666
67665
67664
67647
67646
67663
67662
67645
67628
67611
67610
67593
67594
63016
67566
67567
67568
67569
67570
67571
67572
67573
67547
67548
67549
67557
67559
67558
67550
63013
67534
63014
67551
67560
67561
68164
68163
67552
67535
67519
67518
63012
67511
67512
67513
68162
63010
67490
67474
63007
67449
67441
67433
68161
67423
67408
68160
68159
67397
67380
68158
68157
67364
67352
68156
62996
68155
62993
67307
68154
68153
67283
67295
67318
67306
67294
67282
67270
67271
68152
62990
62988
62986
67221
67220
67203
67186
67185
67202
67219
67218
67217
67231
67232
67244
67256
67258
67246
67234
67233
67245
67257
67269
67281
67293
67292
67291
67279
67280
67268
67267
67255
67254
67266
67278
62991
67265
67253
67241
67243
67242
67230
67229
67215
67216
67199
62983
67200
67201
67184
67168
67167
67151
67152
67137
67138
67153
67169
62984
67187
67170
68151
67154
67139
67122
68150
68149
67106
67090
68148
68147
67074
67058
68146
67042
67025
68145
68144
67010
67009
66994
66993
67008
67007
67006
67021
67020
67037
67036
67052
67068
67067
67051
67035
67034
67033
67066
67050
67032
62980
67017
67002
66987
66988
66989
67003
67018
67019
67004
67005
66990
62979
62978
66964
66965
66977
66976
66991
66992
66978
66966
66951
66938
66921
66922
66939
66940
66968
66995
66980
66979
66967
66952
66953
68143
68142
66923
68141
68140
66906
66905
66904
66889
66890
66891
68139
68138
66876
66875
66874
66873
66888
66903
66920
66937
66950
66949
66936
62974
66935
66948
66963
66962
66961
66960
66959
62977
66975
62976
66947
62975
66931
66932
66933
66934
66917
66916
66915
66914
66899
66884
66883
66869
62972
66855
62971
66841
62970
66827
62969
66813
66812
66811
66810
66825
66826
66797
66796
66783
66784
66785
66798
66799
62966
66786
66800
66801
66787
66788
66774
66773
66772
66759
66760
66761
66749
66748
62963
66736
66737
66725
66724
66706
66707
66708
66726
66738
66750
66739
66740
66741
66764
66791
66805
66804
66818
66817
66803
66802
66816
66815
66814
66828
66842
66856
66870
66885
66900
66901
66918
62973
66919
66902
66887
66886
66871
66872
66858
66857
66843
66829
66830
66844
66845
66846
66860
66859
66831
66832
66833
66834
68135
68136
66848
68137
66862
66861
66847
66819
66820
68134
68133
66806
66792
68132
68131
66778
66777
66776
66790
66789
66775
66762
66763
66751
66752
66753
66765
68130
61341
61325
61343
61342
61354
61353
61364
61372
61380
61388
61396
57085
61412
57086
61422
57087
61432
57088
61442
57089
61452
57090
61469
57091
61483
61497
57092
61498
61499
61485
61484
61453
61470
61471
61454
57349
61445
61455
61456
61457
57350
61472
61486
57351
61500
61512
61511
61510
61509
61525
61533
61532
61524
61508
61507
61506
57093
61523
57094
61531
61539
61540
57354
61555
61564
57095
61563
57096
61572
57097
61581
61590
57098
61591
61599
57355
61600
61592
61583
61582
61573
61574
61565
61556
61541
61542
61543
61544
61546
61547
61548
61549
61550
61551
61558
61568
61567
61576
61585
61586
61577
61578
61579
61588
61597
61605
61587
61596
61604
61613
61614
61625
61635
57357
61652
61636
61626
61615
62498
62499
62500
61670
61669
61668
57359
61685
61686
61704
61712
61720
57361
57360
61703
61702
57362
61744
61743
61727
61719
61711
61701
61684
57358
61667
61666
61650
61651
61634
61624
61623
61612
61603
61595
61594
61602
61611
61622
61632
61633
61649
61648
61647
61663
61662
61680
61679
61661
61645
61646
61644
61660
61659
61658
61642
61643
61631
61630
61641
61657
61656
61674
61675
61691
61692
61676
61677
61678
61694
61693
61709
61708
61695
61696
61697
61681
61664
61665
61683
61682
61698
61699
61700
61710
61718
61726
61741
61742
61758
61757
61756
61755
61772
61771
61754
61738
61739
61740
61773
61774
61791
61790
61789
61788
61787
61786
61769
61770
61752
61753
61737
61736
61725
61717
61716
61724
61735
61751
61734
61733
61732
57364
61749
61750
61768
61767
61783
61784
61785
61800
61799
61782
61766
61765
61748
61731
61723
61722
61730
61747
61764
61780
61781
61798
61808
61807
61806
57106
61822
61831
61848
61857
61867
61883
57107
61893
61910
61918
61934
57108
61935
61919
61944
61936
61920
61921
61913
61912
61911
61894
61895
61885
61884
61868
61858
61849
61850
61859
61869
61870
61860
61851
61834
61835
61861
57372
61852
57370
61836
61837
61838
61839
61840
61841
61842
61875
61874
61873
61872
61871
57374
57375
61887
57376
61886
61896
61897
61898
57377
61899
61900
61901
61902
61903
61904
61914
61938
61946
61962
57381
61963
61964
57382
61980
57384
61987
62004
62003
62002
62020
62021
62027
62043
62042
62026
62019
62018
62001
62000
62017
62016
61999
61998
62015
62014
62013
62012
62034
62035
62053
62052
62069
62070
62071
62054
62036
62037
62038
62039
62057
62056
62055
62072
62073
62074
62075
62076
62059
62041
62040
62058
62060
62061
57386
62077
62080
62083
62087
62091
62095
62099
62116
62115
62132
62131
62114
62113
62130
62129
62112
62111
62128
62127
62126
62143
62142
62125
62108
62109
62110
62144
62145
62146
62147
62148
62149
62133
62150
62154
57390
62158
62159
62155
62521
62520
62519
62518
62517
62516
62515
62514
62513
62512
62511
62510
62044
62028
62509
62022
62005
61988
61982
61981
61966
61967
61949
62508
56058
56043
51544
56028
51543
56013
51542
55998
51541
55981
55964
51540
55948
51539
55932
51538
55917
55902
55887
55871
51537
55856
55842
55843
55857
55858
55859
55860
55875
55874
55873
55872
55888
55889
55890
55905
55920
55919
55904
55903
55918
55933
55949
55965
55982
55999
56014
56029
56044
56059
56072
56087
56088
56073
56075
56074
56089
56090
56122
56121
56120
56136
56152
56153
56137
56138
56154
56170
56185
56184
56169
56168
56183
56200
56201
56217
56216
56233
56249
56265
56282
56299
56313
56314
56315
56301
56300
56283
56266
56250
56234
56235
56218
56219
51841
56252
56251
56267
56284
51844
51845
56332
56333
56350
56367
56368
56369
56352
56335
56334
56351
56349
51846
51847
56366
56384
56398
56415
56414
56431
56447
56446
56430
56429
56428
51851
56444
56445
56412
56413
56397
56383
56381
56364
56347
56346
56329
56330
56331
56348
56365
56382
56396
56395
56394
56393
56427
56410
56411
56380
56363
56379
51553
56362
51552
56345
51551
56328
51550
56312
51549
56298
51548
56281
51547
56264
51546
56248
51545
56232
56215
56199
56182
56167
56151
56135
56119
56105
56106
56107
56108
56109
56110
56124
56123
56139
56155
56171
56172
56156
56140
56141
56125
56126
56127
56142
56158
56157
56173
56187
56186
56202
56203
56204
56220
51839
56236
56237
56221
56205
56188
56174
56189
56206
56207
56190
56175
56191
56208
56224
56223
56222
51840
56238
56239
56240
56241
56242
56243
56227
51838
56226
56258
56259
56260
56261
56245
56229
56228
56244
56277
56278
56279
56262
56263
56280
56297
56296
56295
56294
56308
56324
56341
56358
56357
56374
56373
56387
56388
56389
56390
56375
56376
56359
56342
56325
56309
56310
56311
56913
56327
56326
56343
56344
56361
56360
56377
56391
56408
56409
56915
56378
56392
56914
50916
46551
50907
46550
50898
46549
50889
46548
50880
50871
46547
50862
46546
50854
46545
50846
46544
50838
50830
46543
50814
50808
50791
46542
50775
46541
50768
56134
56150
56148
56147
56131
56115
56113
51831
56112
56098
56099
56100
56114
56130
56129
51832
56146
51833
56163
56164
56165
56180
56179
56196
56211
56212
56197
56213
56230
56246
56247
56231
56912
56214
56198
51836
56181
56910
56911
56166
51834
56149
56133
56132
56116
56117
56118
56104
56086
56085
56103
56102
56101
56069
56055
56056
56041
51821
56026
51822
56042
56027
51823
56057
56071
51825
56070
56084
56083
56082
51827
56067
56068
56054
56053
56038
56039
56040
56025
56010
55994
55993
56009
56024
56023
56008
55992
51819
55975
55958
55942
55941
55926
55911
55896
55897
55898
55913
55912
55927
55928
55914
55929
55944
55943
55960
55959
55976
55977
55978
55961
55945
55946
55962
55979
55996
55995
51820
56011
56012
55997
56909
55980
55963
56908
56907
55947
55931
55930
51817
51815
55915
55916
55901
55886
56906
55870
55855
55826
55841
55840
55825
51805
55810
55797
55782
55781
55780
55796
55795
55779
55763
55745
55744
55730
55731
55719
55720
55732
55746
55764
55765
55766
55748
55747
55721
55733
55734
56905
56904
55694
51798
55683
55682
55693
55704
55703
55692
55691
55680
55681
55669
55658
55659
55670
55671
55660
55648
55636
55624
55607
55606
55594
55595
55583
55582
55581
55605
55593
55592
55591
55579
55580
55568
55567
55555
55542
55527
55541
51786
55554
55566
55578
55590
55602
55603
55604
51794
55621
55622
55623
55635
55647
55646
55634
55633
55645
55657
55668
55656
55644
55632
55620
55619
55618
55617
55616
55601
55589
55577
55565
55553
55540
55539
55538
55551
55552
55564
55576
55588
55600
55614
55615
55631
55630
55642
55643
55667
55679
55690
55701
55702
55718
55717
55716
55715
55727
51802
55742
55728
55729
55743
55761
55762
55778
55794
55793
55806
55807
55822
55821
55837
55838
55839
55823
55808
55809
55824
51808
51810
55854
55869
55885
55900
51813
55899
55884
55868
55853
55852
55851
55850
55836
55835
55834
55848
55849
55864
55865
55866
55867
55883
55882
55881
55880
55879
55863
55862
51811
51809
55833
51807
55816
55817
55818
55819
55820
55805
55792
55804
55803
55775
55774
55757
55756
55773
55772
51804
55788
55789
55790
55791
55776
55777
55760
55759
55758
55741
51800
55714
55713
55711
55712
51799
51801
55755
55754
55753
51803
55771
55787
55802
51806
55815
55832
55831
55830
55814
55813
55829
55844
55845
55846
55847
55861
55876
51812
55891
51814
55906
51816
55921
55936
55952
55953
55954
55955
55972
55971
55970
55988
55989
55990
55991
55973
55974
55957
55956
55940
55939
55924
55925
55910
55895
55894
55909
55908
55893
55878
55877
55892
55907
55922
55923
55938
55937
55969
55987
55986
55968
51818
55935
55934
55950
55951
55967
55966
55983
56000
56015
56030
56045
56060
56061
56062
56046
56031
56032
56047
56048
56049
56050
51824
56064
56080
56095
56096
51829
51828
56094
56079
56078
56093
56092
56091
56076
56077
56063
56033
56018
56017
56016
56001
55984
55985
56002
56003
56004
56019
56034
56035
56020
56005
56006
56007
56022
56021
56036
56037
56052
56051
56065
56066
51826
56081
56097
56111
51830
56128
56145
56144
56143
56159
56160
56176
56177
56161
56162
51835
56178
56195
56210
51837
56194
56193
56192
56209
56225
56256
56257
56274
56291
56305
56321
56338
56337
56320
56319
56336
56318
56303
56317
56316
56302
56285
51843
51842
56268
56269
56286
56287
56270
56253
56254
56255
56271
56288
56289
56272
56273
56290
56304
56307
56293
56276
56275
56292
56306
56322
56323
56340
56339
56356
56355
56354
56353
56370
56371
56372
56386
56385
56403
56420
56438
56404
51848
51849
56421
56422
56405
56406
56407
56424
56423
56425
56426
56916
56917
56443
56454
56918
56919
56465
56464
56475
56476
56920
56921
56487
56486
56497
56498
56922
56923
56508
56507
56496
56495
56484
56485
56474
56463
56473
56462
56451
56452
56453
56442
56441
56440
51850
56439
56450
56461
56472
56483
56494
56504
56505
56506
56517
56528
56538
56537
56527
56516
56515
56526
56536
56546
51856
56564
56580
56579
56563
56562
56560
56559
56575
56576
56594
51858
56578
56577
56561
56545
56535
56525
56514
56503
56493
56482
56471
56460
56449
56437
56436
56419
56402
56401
56400
56399
56416
56417
56418
56435
56434
56433
56432
56448
51852
56459
56470
56481
56492
56502
56513
56524
56534
51855
56544
56556
56557
56558
56574
56593
56592
56591
56573
56572
56590
56605
56617
56629
56628
56640
56651
56663
56662
56650
56649
56661
56673
56674
56675
56676
56664
56652
56641
56653
56665
56677
56689
56688
56687
56686
56685
56684
51567
56672
51566
56660
51565
56648
51564
56637
51563
56636
56624
51562
56612
51561
56600
51560
56585
56567
56551
56540
56530
51559
56520
51558
56509
51557
56510
56499
51853
56489
51556
56488
56477
51555
56466
51554
56455
56456
56457
56458
56469
56480
56479
56478
56467
56468
56490
56491
56501
56512
56511
56500
56522
56521
56531
56532
56523
56533
56543
56542
56553
56554
56555
56571
56589
56604
56616
56615
56627
56639
56638
56626
56625
56613
56601
56586
56587
56602
56614
56603
56588
56570
56569
56568
56552
56541
62534
62535
62536
62537
62538
62539
62540
62541
62300
62297
62294
62291
62288
62285
62282
62279
62275
62276
62258
62257
62274
62273
62272
62271
62270
62252
62251
62269
62268
62250
62249
62267
62266
62248
62247
62229
62230
62231
62232
62233
62234
62235
62253
62254
62236
62237
62255
62256
62238
62239
62240
62222
62219
62215
57393
62211
62207
62204
62205
62208
62212
62533
62532
62216
62531
62530
62529
62528
62527
62526
62525
62524
62169
62523
62522
62164
62163
62162
62167
62168
62186
62189
62193
62197
62201
62200
62196
62192
62188
62185
62184
62183
62182
62181
62180
62179
62178
62177
62176
62175
62174
62173
62172
62170
62171
57391
62187
62191
62195
62199
57118
62190
57119
62194
57120
62198
57121
62202
62203
57392
62206
62210
62214
62218
62221
62224
62243
62225
62226
62227
62245
62228
62246
62265
62264
62263
62244
62262
62261
62278
62281
62284
62287
62290
62293
62296
62299
62298
57133
62295
57132
62292
57131
62289
57130
62286
57129
62283
57128
62280
57127
62277
57126
62259
62260
62242
62241
62223
62220
57125
62217
57124
62213
57123
62209
57122
68181
68180
68179
68178
68177
63031
67789
67788
63030
67805
67812
67819
67826
67832
67839
67846
67845
63034
67838
67837
67844
67850
67856
67872
67890
67891
67909
67910
67892
67873
67874
67875
67857
67851
67852
68182
68183
67858
67876
67894
67893
67912
67911
67918
67919
68184
68185
67926
67925
67939
67946
67953
67960
67932
67933
68186
68187
67940
67947
68188
68189
67954
67961
68190
68191
67968
67967
67966
67959
67952
67945
67938
67931
67924
67917
67908
67907
67889
67871
67870
67869
67887
67905
67906
67888
67886
67868
63033
67836
67835
67834
67843
67849
67842
67848
63035
67854
67855
67862
67880
67898
67899
67881
67863
67864
67865
67866
67867
67885
67884
67883
67882
67900
67901
67902
67903
67904
67937
67944
67942
67949
67963
67956
67957
67964
67965
67958
67951
67950
67943
67936
67935
67928
67929
67930
67923
67916
67922
67921
67914
67915
67897
67896
67878
67879
67861
67860
67859
67853
67847
62742
67840
67841
67833
62741
63032
67820
62740
67813
62739
67806
62738
67790
67791
67773
63029
67782
67792
67807
67814
67816
67823
67829
67828
67827
67821
67822
67815
67808
67793
67783
67775
63028
67774
67757
63027
62737
67756
67739
62736
67722
67723
63026
67740
67724
67716
63023
67700
67701
67684
67676
67685
67702
67718
67717
67725
67726
67742
67741
67758
67759
67760
67776
67784
67794
67809
67795
67796
67797
67798
67799
67800
67801
67802
67804
67811
67818
67825
67831
67830
67824
67817
67810
67803
67785
67777
67778
67786
67787
67779
67780
67781
68175
68176
67772
67771
67754
67753
67770
67769
67752
67736
63025
67720
67712
67695
67696
67678
67671
63021
67654
63020
67637
63019
67620
63018
67603
67602
63017
67585
67576
67575
67574
67583
67601
67584
67586
67577
67578
68165
67587
67604
68166
68167
67621
67638
68168
68169
67655
67672
68170
68171
67680
67679
67697
67714
67713
67721
67737
67755
67738
68174
63024
68173
68172
62117
62134
62135
62118
62119
62136
62153
62152
57115
62151
62156
57116
62160
57117
62165
62166
62161
62157
57389
62137
62138
62139
62140
62141
62124
62123
62107
62106
62122
62105
62104
62121
62120
62103
62102
62098
62094
62090
62089
62093
62097
62101
62100
62096
57114
62092
57113
62088
57112
62084
57111
62081
62078
62062
62045
62029
62030
62046
62047
62048
57387
62065
62064
62063
62079
62082
62085
62086
57388
62066
62067
62068
62051
62033
62032
62050
62049
62031
57385
62025
62008
61992
61991
61990
62007
62024
62023
57110
62006
61989
61983
61984
61985
61970
61969
61968
61950
61942
57109
61943
61951
61952
61953
61971
61972
57383
61986
61993
62009
62010
62011
61994
61995
61996
61997
61978
61979
61961
61960
61959
61977
61976
61958
61957
61975
61956
61974
61973
61955
61954
61945
61937
61922
61923
61924
61925
61926
61927
61928
61929
61930
61931
61939
61947
61965
61948
61940
61941
61933
61932
57379
57380
57378
61905
61888
61876
61877
61862
61853
61843
61827
61828
61844
61854
61863
61878
61889
61890
61906
61915
61907
61908
61916
61917
61909
61882
62507
61892
61891
61881
61880
61879
61864
57373
61845
57371
61855
61865
61866
61856
61847
62506
62505
61830
61846
57369
61829
61820
57368
57367
61793
61776
61777
61794
61804
62504
61821
61805
62503
61795
61778
62502
62501
61728
57363
61745
61762
61761
61760
61759
57365
61775
57366
61792
61803
61819
61802
61801
61818
61817
61816
61815
61814
61813
61812
61826
61811
61810
61809
61825
61824
61833
61832
61823
61797
61796
57105
61779
61763
61746
57104
61729
61721
57103
61713
57102
61705
57101
61687
61671
61653
61637
61627
57100
61628
61638
61654
61672
61688
61706
61714
61715
61707
61690
61689
61673
61655
61639
61640
61629
61618
61617
61616
61607
57099
61608
61609
61619
61620
61621
57356
61610
61601
61593
61584
61575
61566
61557
61545
61534
61526
61513
61514
61515
61516
61517
61518
61527
61535
61528
61536
61552
61559
61560
61569
61570
61561
61553
57353
61537
61529
61530
62488
62489
61538
61554
62490
62491
61562
61571
62492
62493
61580
61589
62494
62495
61598
61606
62496
62497
55672
51531
55673
55674
55686
55685
55684
55695
51532
55696
55697
55707
55709
55710
55726
55740
55739
55738
55737
55751
55752
55770
55786
55801
55800
55785
55769
55768
55784
55799
55812
55828
51536
55827
55811
55798
51535
55783
51534
55767
51533
55749
55750
55736
55735
55722
55705
55706
55723
55724
55725
55708
55698
55687
55675
55663
55676
55677
51797
55688
55699
55700
55689
55678
55666
55655
55654
55665
55664
55653
55641
55629
55628
55627
55611
55612
55613
55599
55587
55574
55575
55563
55562
55550
55537
55509
55496
55483
55484
55467
51780
55457
55458
55468
55485
55497
55510
55511
55498
55486
55499
55512
55526
55525
55524
55523
55522
51783
55536
51785
55549
51787
55561
51789
55573
51791
55585
55586
55598
55597
51793
55596
55610
55626
55638
55639
55640
55652
55651
55662
55661
51796
55650
55649
51530
55637
51529
55625
51528
55609
55584
55572
55560
55548
55535
55521
51527
55508
55495
55482
55466
55456
55446
55435
55404
55395
51774
55384
51772
55373
55394
55383
55372
51519
55355
55340
51518
55322
55304
55288
55277
51517
55260
51516
55244
55234
51515
55224
51514
55214
51513
55204
51512
55205
55195
55186
55176
55166
55156
55146
55136
55125
55113
55102
55091
55080
55063
51502
55062
51503
55079
51504
55090
51505
55101
51506
55112
55124
55135
51507
55145
51508
55155
51509
55165
51510
55175
55185
51511
55194
62474
62473
62472
61170
61159
61148
61147
57325
61135
61136
61137
61120
61119
61101
61102
61084
61068
61058
61057
61042
61020
57319
61028
61041
61040
61018
61019
61008
60992
60993
61009
61010
60994
60976
60966
60956
62471
62470
62469
62468
62467
62466
62465
62464
62463
62462
62461
57314
60851
60850
60866
60876
60886
60896
60906
60916
60926
60936
60946
60935
60925
60915
60914
60904
60905
60895
60894
60924
60934
60944
60945
60955
60965
60975
60974
60990
60991
57315
57317
61017
61027
61054
61066
61080
61081
61099
61098
61116
61134
61117
61118
61100
61082
61083
61067
57322
61056
61055
61039
61038
61037
61026
61016
61007
61006
60988
60989
60973
60963
60964
60954
60953
60943
60933
60923
60913
60903
60893
60883
60884
60885
60875
60874
60873
60861
60862
60844
60845
60828
60827
60814
60815
60829
60846
57313
60863
60864
60847
60848
60865
60849
60832
60831
60830
60816
60817
60806
60807
60808
57311
60834
60833
60818
60805
60804
60803
60802
60787
60788
60789
60772
60771
60770
60754
60753
60752
60767
60785
60768
60769
60786
60801
60800
60799
60784
60783
60766
60751
60737
60722
60723
60705
60707
60706
60724
60725
60727
60709
60710
60696
60695
60683
57301
60694
60708
60726
57305
60738
57306
60755
60756
60757
60773
60790
60791
60774
60775
60792
60793
60776
60759
60743
60742
60758
57307
60741
60730
60740
60739
60728
60729
60711
60697
60698
60712
60713
57303
60714
62460
60699
60687
60665
57296
60632
60622
62459
62458
60612
60602
60586
60585
60601
60611
60621
60631
57294
60647
57295
60648
60664
60676
60674
60684
60685
60686
60675
60663
60662
60661
60673
60672
57299
60659
60660
60645
60646
60630
60620
60610
60598
57293
60581
60582
60583
60599
60600
60584
60567
60566
60565
60550
60543
60536
60529
60522
60515
60507
60490
60456
60464
60473
60491
60508
60509
57287
60493
60475
60476
60467
60458
62451
62452
62453
62454
62455
62456
57288
57289
57290
62457
60568
57292
60551
57291
60544
60537
60530
60523
60516
60492
60474
60465
60466
60457
60442
60434
57285
57284
60426
62450
54436
51480
54437
54438
54421
54422
54439
54447
54463
54464
54448
54440
54423
54424
54425
54426
54427
54428
54394
54393
54392
54391
54408
54409
54410
54411
54412
54429
54454
54470
54487
54488
54471
54455
54456
54472
54489
54490
54491
54507
54524
54541
54540
54539
54522
54523
54506
54505
54504
54521
54503
54520
54536
54553
54554
54537
54538
54555
54556
54557
54558
54567
54576
54585
54586
54577
54568
54569
54578
54587
54604
54603
54602
54613
54624
54623
51736
54640
54650
54641
54651
54668
54669
54685
54684
54683
54667
51738
54649
54666
54682
54691
54692
54702
54701
54711
54712
54722
54721
54720
54710
54700
54690
54681
54680
54664
54665
54648
54639
51735
54622
54612
54601
54600
54599
54598
54597
54596
54595
54552
54535
54518
54519
54502
54501
54484
54483
54500
54517
54534
54551
54550
51733
54566
54575
54584
54594
54611
54621
54633
54634
54635
54636
54637
54638
54662
54663
54679
54678
54677
54661
54660
54676
54675
54689
54699
54709
54719
54729
54742
54741
54740
51739
54718
54708
54698
54688
54672
54655
54654
54653
54670
51486
54686
51487
54696
51488
54706
51489
54716
54726
54736
51490
54753
51491
54770
51492
54779
51493
54788
51494
54797
54806
54821
51495
54836
54837
54822
54807
54798
54789
54780
54771
54772
54781
54790
54799
54809
54808
54823
51747
54838
54839
54824
54825
54840
54857
54858
54873
54872
54888
54887
54886
54869
54870
54871
54856
54855
54854
54853
54868
51496
54885
54894
54895
51751
54911
54919
54936
54945
54954
51753
54962
54953
51499
54944
51498
54935
51497
54918
54920
54896
54897
54912
54913
54898
54899
54900
54901
54902
54903
54904
54905
54906
54907
54908
54915
54916
54933
54932
54931
54930
54929
54928
54927
54926
54925
54914
54889
54874
54859
54860
54842
54841
54826
54827
54828
54829
54830
54831
54845
54863
54862
54844
54843
54861
54876
54875
54877
54878
54879
54864
54846
54847
54832
54833
54848
51748
51749
54849
54850
54851
54866
54865
54883
54882
54881
54880
54890
54891
54909
54892
54884
54893
51750
54910
54917
51752
54934
56873
56872
56871
56870
56869
54867
54852
54835
54820
51744
51742
54805
54796
56868
56867
54787
54778
56866
54769
54768
54767
54766
54776
54785
54786
54777
54775
54765
54749
54750
54751
54723
54724
54714
54713
54703
54693
54694
54704
54715
54725
56863
56864
56865
54752
51740
54735
54734
54733
54732
54731
54730
54748
54747
54746
54762
54763
54764
54774
54783
54784
54793
54792
54794
54795
54804
51746
54834
51745
54819
54818
51743
54803
54802
54801
54817
54816
54815
54814
54813
54812
54810
54811
54800
54791
54782
54773
54759
54760
54761
54745
54744
54743
54758
54757
54756
54755
54739
54728
54738
51741
54754
54737
54727
54717
54707
54697
54687
54671
54644
54643
54627
54628
54645
54629
54630
54631
54632
51737
54647
54659
54658
54674
54673
54657
54656
54646
54619
54620
54610
54593
51734
54592
54609
54591
54581
54572
54590
54607
54608
54618
54617
54616
51485
54606
51484
54589
51483
54580
51482
54571
51481
54562
54563
54564
54573
54582
54583
54574
54565
54547
54546
54545
54528
54529
54530
54548
54549
54532
54531
54514
54513
54512
54511
54494
54477
54461
54445
54446
54462
54478
54495
54496
54479
54480
54497
54515
54533
54516
54499
54498
54481
54482
54465
54449
54450
54466
54467
54468
54485
54486
54469
54453
54452
54451
54441
54390
54407
54406
54405
54404
54420
54419
54402
54403
54369
54370
54371
54354
54355
54356
54373
54372
54389
54388
54387
54386
54385
54368
54351
54352
54353
54336
54327
54309
54310
54328
54337
54338
54339
54340
54329
51725
54312
54311
54293
54294
54292
54291
54290
54308
54326
54335
54334
54325
54307
54289
54273
54267
51479
54261
51478
54255
51477
54249
51476
54243
51475
54237
51474
54231
51473
54225
51472
54219
51471
54213
51470
54207
51469
54201
54195
54189
54183
54166
54149
54143
51468
54137
51467
54131
51466
54125
51465
54108
51464
54091
51463
54092
51715
54109
54126
54132
54138
54144
54151
54150
54167
54168
51718
54184
51720
54190
51721
54196
51722
54202
54208
54214
54220
54226
54232
54238
54244
54250
54256
54262
54268
54274
51723
51724
54275
54276
54278
54279
54280
54281
54282
54300
54283
54284
54302
54301
54319
54320
51726
54330
54321
54303
54285
54286
54287
54305
54323
54322
54304
54270
54271
54264
54265
54259
54258
54252
54253
54254
54248
54242
54236
54230
54224
54223
54229
54235
54241
54247
54246
54240
54234
54228
54222
54216
54217
54211
54212
56830
56829
54206
54218
56831
56832
56833
56834
56835
56836
56837
56838
54260
54266
56839
56840
54272
54288
54306
54324
54333
54332
54350
54367
54384
56841
56842
56843
56844
56845
56846
56847
56848
51727
54476
54493
51728
56849
46479
49380
49372
46478
49364
46477
49356
46476
49348
46475
49340
46474
49332
46473
49325
46472
49308
49303
49288
49272
46471
49254
49255
49273
49237
49236
49228
49220
46470
49212
46469
49204
46468
49196
46467
49188
46466
49180
46465
49172
46464
49164
46463
49156
46462
49148
46461
49131
49132
49116
49115
49106
49107
49082
49083
49073
46735
49064
46734
49048
49047
49039
49038
49046
49063
49072
46460
49081
49091
49092
49093
49108
49117
49133
49149
49157
49165
49173
49181
49189
49197
49198
49190
49182
49174
49166
49158
49150
49134
49135
49151
49159
49167
49175
49183
49191
49199
49207
49215
49223
46741
49241
49259
49258
49240
49242
49243
49261
49260
49277
49291
49290
49276
49275
46743
49257
49239
49231
49222
49214
49206
49205
49213
49221
49229
49230
49238
49256
49274
46744
46745
49304
49289
49305
49313
49314
49315
49316
49317
49318
49319
49320
49321
49322
49306
49299
49298
49284
49283
49266
49248
49249
49250
49268
49285
49267
49265
49247
49246
49264
49263
49280
49281
49282
49297
49296
49295
49294
49293
49292
49278
49279
49262
49244
49245
49216
49224
46742
49232
49225
49217
49209
49210
49202
49201
49208
49200
49192
49184
49185
49193
49194
49186
49178
49170
49162
49154
49146
49145
49153
49161
49169
49177
49176
49168
49160
49152
49144
49143
49142
49141
49140
49122
49121
49139
49138
49120
49119
49137
49136
49118
46739
49109
46738
49094
46736
49085
49084
49074
49065
49066
49075
49076
49067
49051
49042
49033
49032
46731
49041
49050
49049
49040
49031
49030
46459
49029
49012
49013
49003
49002
46458
48992
46457
48975
46456
48958
46455
48941
46454
48930
46453
48920
48904
48888
48889
48879
48861
48845
48846
48840
46719
48835
48834
46452
48833
48839
48844
48860
48878
48880
48881
48891
48890
46725
48905
48922
48921
48931
48932
48943
48942
46728
48959
48976
46729
48993
48994
49004
49014
49015
49016
49005
48995
48978
48977
48960
48961
48944
46727
48933
48934
48935
48945
48946
48963
48980
48979
48962
48996
49006
49017
49018
49019
49020
49021
49022
49023
49024
49025
49034
49043
49060
49059
49068
49077
49087
49102
49110
49101
49100
49099
49058
49057
49056
49055
49054
49053
49052
49086
46737
49095
49096
49097
49098
49123
49124
49125
49126
49127
49111
49112
49128
49129
49113
49104
49103
49088
49078
49069
49061
49044
49035
49036
46732
49045
46733
49062
51259
51260
49071
49070
49079
49089
49090
51262
51261
49080
49105
49114
51263
51264
49130
46740
49147
49155
51265
51266
49163
49171
51267
51268
49179
49187
51269
51270
49195
49203
51271
51272
49211
49219
51273
51274
49227
49234
49235
49253
49252
49218
49226
49233
49251
49269
49270
49286
49271
49287
49302
49301
49300
49329
49323
46747
49330
49338
49339
51277
49331
49324
46746
49307
51275
51276
44004
44005
43995
43994
43979
43964
43965
43980
43996
43981
43967
43968
43966
43950
43949
43948
40906
43930
43923
43907
43902
40905
43897
40904
43892
40903
43887
40902
43882
40901
43877
40900
43872
40899
43867
40898
43862
40897
43857
40896
43850
43844
40895
43827
43810
43801
43792
43783
43766
43784
43758
43767
43768
43785
41183
43793
43803
43802
43811
43828
43829
43812
43813
43830
43831
43814
43804
41185
43795
43794
43786
43769
43770
41181
43771
43772
43773
43774
43775
43776
43787
43796
43805
43821
43838
43839
43822
43823
43824
43841
43842
43843
43849
43856
43861
43866
43871
43876
43881
43886
43891
43896
43901
43906
43921
43929
41191
43922
46288
46287
46286
46285
46284
46283
46282
46281
46280
46279
46278
46277
46276
46275
43826
43809
43800
43791
43790
43789
43798
43799
43808
41187
43825
43807
41186
43797
43788
41184
43806
43840
43848
43855
43860
43865
43870
43875
43880
43885
43890
43895
43900
43905
43918
43917
43916
43904
43899
43894
43889
43884
43879
43874
43869
43864
43859
43854
43847
43837
43820
43819
43836
43835
43818
43817
43834
43833
43816
43815
43832
41188
43846
43853
43845
43851
43852
43858
43863
43868
43873
43878
43883
43888
43893
43898
43903
43908
43909
41190
43924
43931
43932
43933
41192
43951
43934
43926
43925
41189
43910
43911
43912
43913
43914
43915
43927
43941
43942
43943
43928
43919
43920
43945
43944
43961
43960
41193
43976
43991
41197
44000
44018
44017
44034
44035
44036
44020
44019
44001
44002
43992
41195
41194
43977
43962
43946
43947
43963
43978
43993
44003
46289
46290
46291
46292
44063
44062
44053
44052
44051
44050
44049
44033
44016
43998
43999
43990
43989
43988
43987
43973
43974
43975
43959
43958
43940
43957
43956
43939
43938
43937
43936
43935
43952
43969
43970
43953
43954
43955
43971
43972
43986
43985
43984
43983
43982
41196
43997
44008
44006
44007
44024
44025
44041
44042
44026
44009
44010
44027
44043
44044
44028
44011
44012
44013
44014
44015
44032
44048
44047
44031
44030
44029
44045
44046
44074
44091
44090
44073
44072
44071
44070
44088
44105
44089
44106
44107
44108
44125
44124
44123
44122
44135
44119
44102
44101
44083
44066
44067
44084
44085
44103
44120
44121
44104
44087
44086
44069
44068
44057
44056
41198
44040
44039
44023
44022
44021
44054
44037
44038
44055
44065
44064
44098
44081
44082
44099
44100
44117
44118
41203
44134
44144
41204
44145
41205
44155
44167
44168
44169
44170
44171
44172
44173
44174
44156
44146
44136
44137
44138
44128
44127
44126
41202
44110
44109
44092
44075
44058
44059
44076
44093
44077
41199
44060
44061
44078
44079
44080
46293
46294
44097
44114
46295
46296
44131
44141
46297
46298
44151
44161
46299
38623
38613
38614
38624
38625
35785
38635
38645
38646
38657
38647
38648
38636
38637
38626
35784
38616
38593
38601
38602
38603
38604
38605
38606
38607
38608
38594
38586
38578
38570
38562
38552
35776
38542
38541
38540
38539
38538
38537
38536
38534
38533
38549
38550
38560
38559
38567
38575
38583
38591
35781
38600
35783
38615
35782
38592
38584
38585
38577
38576
38568
38569
38561
38551
38535
38527
38526
38525
38502
38503
38511
38510
38509
38508
35775
38532
38548
38558
38566
38574
38582
38590
38599
38598
38589
35526
38581
35525
38573
35524
38565
35523
38557
35522
38547
35521
38531
35520
38524
35519
38507
38501
35518
38495
35517
38479
38461
38445
38462
38480
38481
38482
38496
38497
38498
38504
38512
38513
38514
38515
38516
38517
38518
38519
38520
38521
38528
38543
38544
38553
38554
38555
38545
38529
38523
38522
38505
38506
38500
38499
38494
38477
38476
35774
38493
38492
38491
38490
38489
38488
38487
38486
38485
38467
38466
38484
38483
38465
38464
38448
38437
35770
38438
38449
38447
38463
38446
38436
38435
38426
35516
38417
35515
38408
35514
38399
35513
38390
35512
38381
35511
38372
35510
38363
35509
38354
35508
38345
35507
38329
35506
38319
35505
38309
35504
38299
35503
38289
35502
38277
35501
38266
35500
38250
38251
38252
38267
38278
38290
38291
38279
38280
38281
38270
38271
38282
38294
38293
38292
38269
38268
38253
38237
38236
38235
38234
38222
38209
38193
38181
38166
38155
38143
38144
38145
35754
38156
38128
38129
38130
38114
38115
38131
38132
38148
38147
38146
38157
38158
38159
38185
38184
38196
38195
38194
35757
38182
35756
38167
38183
38168
38169
38170
38171
38172
38173
38174
38175
35755
38160
38149
38150
38161
38162
38151
38152
38163
38178
38190
38191
38206
38219
38205
38189
38188
38176
38177
38179
38164
38153
38141
38126
38110
38111
38100
38099
38086
35748
38069
38070
38087
38088
38089
35749
35750
35751
40731
38142
38154
40732
40733
38165
38180
40734
40735
38192
38208
38207
38220
38221
40736
38233
35762
40737
40738
38288
35765
35766
35767
35768
38328
38318
38308
38298
38286
38287
38276
38265
35763
38249
38232
38231
38218
38217
38204
38203
38216
38229
38246
38245
38261
38260
38259
38243
38244
38242
38258
38257
38256
38240
38241
38227
38214
38212
38211
35759
38210
35761
38223
38224
38225
38238
38254
38255
38239
38226
38213
38197
35758
38198
38199
38200
38186
38187
38202
38201
35760
38215
38228
38230
38247
38248
38264
38275
38285
38297
38296
38284
38274
38263
38262
38273
38272
35764
38283
38295
38305
38315
38325
38326
38316
38306
38307
38317
38327
38341
38342
38343
38344
40739
40740
40741
40742
40743
40744
40745
40746
40747
40748
38444
38443
38434
38425
38416
38407
38398
38389
38380
38371
38362
38353
38352
38361
38360
38369
38370
38379
38378
38396
38387
38388
38397
38406
38405
38414
38415
38424
38433
38432
38431
35771
38440
38423
38422
38413
38404
38395
38386
38377
38368
38359
38350
38351
38340
38339
38338
38337
38336
38335
38334
35769
38324
38323
38333
38349
38358
38357
38348
38332
38322
38321
38311
38312
38313
38314
38304
38303
38302
38301
38300
38310
38320
38330
38331
38347
38356
38355
38346
38364
38365
38383
38392
38401
38402
38410
38411
38420
38429
38428
38427
38418
38419
38409
38400
38391
38382
38373
38374
38375
38366
38367
38376
38385
38384
38393
38394
38403
38412
38421
38430
38439
38450
38451
38452
38468
38469
38453
38454
38470
38471
38472
38456
38455
38457
38473
38474
38475
38458
35772
38441
38442
35773
38459
38460
38478
40749
40750
40751
40752
40753
38530
38546
38556
40754
38564
38563
35777
35778
38579
38571
38572
38580
38597
38588
38587
35779
35780
38595
38596
38611
38612
38622
40755
40756
38632
38631
38621
38620
38610
38609
38619
38618
38628
38617
38627
38639
38638
38649
38660
38661
38677
38678
38679
38662
38650
38651
38640
38629
38630
35786
38641
38642
38653
38652
38663
38664
40758
40757
33295
30410
33287
33288
33296
33297
30650
30648
33237
33236
33235
33219
33220
33221
33222
33238
33251
33257
33263
33269
33275
33281
33289
33298
30652
33309
33320
33308
33307
33319
33318
33306
33305
33304
33316
33317
33350
33349
33333
33334
33335
33351
30655
33352
30654
33336
33353
33364
33382
33399
33416
33398
33381
33363
33362
33361
33379
33396
33414
33423
33422
33421
33437
33445
30411
33462
33471
33488
33489
33472
33463
33446
33447
33439
33438
33413
33395
33394
33412
33377
33359
33360
33378
33380
33397
33415
33424
33448
33449
33440
30659
30658
33425
33417
30657
33400
33383
33384
33401
33402
33385
33386
33387
33369
33368
33367
33366
33365
33354
33337
33321
33322
33338
33339
33323
33324
33340
33341
33342
33370
33388
33406
33405
33404
33403
33426
33427
33428
33429
33430
33431
33457
33458
33442
33432
33418
33407
33408
33391
33390
33389
33371
33372
33373
33374
33375
33357
33358
35315
33348
33347
33346
33345
33344
33343
33327
33326
33325
33299
30653
33310
33311
33312
33329
33330
33313
33314
33331
33332
33315
35314
33303
33294
33286
33278
35313
33272
33271
33265
33266
35312
35311
33260
33259
33253
33254
35310
35309
33248
33231
33215
35308
33208
33199
33198
30642
33182
33174
30641
33165
33166
33167
33175
33183
35306
35307
33191
33190
33207
33206
30644
33214
30645
33230
30646
33247
33246
33245
33244
33228
33229
33213
33205
33197
33189
33181
33173
33164
33163
33162
33146
33128
33129
33111
33112
33113
33103
33093
33092
33082
33083
33073
33072
33071
33081
33091
33101
33102
33104
33114
33132
33131
33130
30640
33147
33148
33149
33133
33115
35305
27943
27958
27976
27977
27995
28004
28005
28016
28015
28025
25536
28014
28003
27994
27996
28006
28017
28018
28007
27998
27997
27979
27978
27961
27960
27959
27944
27928
27927
27920
25535
27911
27912
27913
27921
27929
27930
25724
27962
27980
27981
25726
27982
27983
25727
28020
25728
28009
28008
28019
28026
28038
28037
28036
28035
28034
28033
25537
28050
25538
28059
28068
28077
28086
28095
28104
25539
28113
25540
28123
25541
28133
28143
28160
25542
28175
25543
28184
28193
28194
28203
28204
28205
28206
28207
28196
28197
28188
28187
28186
28195
25735
28185
28176
28161
28144
28134
28124
28114
25733
25732
25731
25730
25729
28078
28087
28096
28105
28115
28125
28126
28127
28117
28116
28106
28107
28089
28098
28097
28088
28079
28080
28071
28070
28069
28060
28051
28052
28053
28062
28061
28039
28027
28028
28040
28041
28042
28054
28063
28072
28081
28090
28099
28108
28118
28128
28138
28153
28152
28151
28150
28137
28136
28149
28166
28165
28147
28148
28135
28146
28145
28162
28163
28164
28177
28178
28179
28167
28168
28169
28170
28180
28189
28198
28212
28211
28210
28209
28208
28237
28253
28254
28255
28239
28238
28225
28224
28223
28236
28252
25741
28250
28234
28235
28251
25740
28266
28267
28268
28279
28278
28277
25742
28289
25743
28301
25746
28302
28290
28291
25744
28303
28304
28319
28318
28317
28333
28346
28363
28362
28345
28332
28331
28316
28299
28298
28297
28285
28286
28275
28274
28263
28264
28248
28232
28231
28247
28220
25544
28202
28221
28222
28233
28249
28265
28276
28287
28288
28300
25745
28315
25747
28330
28342
28341
28358
28357
28340
28329
28314
28313
28328
28339
28356
28373
28390
25545
28407
28418
28431
28448
28449
28450
28432
28419
28408
28391
28374
28375
28392
28376
28359
28360
28343
28344
28361
28378
28379
28380
28381
28382
28348
28347
28364
28365
28366
28349
28334
28320
28321
28322
28335
28323
28308
28309
28294
28282
28271
28260
28258
28242
28241
28240
28256
28257
28269
28280
28292
28305
28306
28307
28293
28281
28270
28259
28243
28227
28213
28226
28244
28245
28228
28216
28200
28191
28182
28173
28156
28157
28140
28130
28120
28110
28101
28092
28083
28074
28065
28056
28047
28046
28045
28044
28043
28029
28021
28010
27999
27986
27985
27984
27966
27967
27948
27935
27934
27933
27932
27946
27947
27965
27964
27963
27945
25725
27931
27922
27914
25721
27905
27896
27895
27894
25720
27886
27877
27868
27869
27860
25719
27859
27850
25718
27849
27833
27816
27832
27815
27798
27787
27776
25530
27777
27778
27789
27788
27799
27800
27801
27802
27803
27790
25714
27779
27761
27762
27746
27729
27730
27747
27763
27764
27765
27766
27750
27749
27748
27731
27732
27733
27734
27751
27767
27768
27780
27791
27769
27781
27792
27810
27793
27782
27783
27794
27795
27784
27785
27796
27813
27812
25715
27811
25716
27828
27829
27830
27831
25717
27848
30160
30159
30158
27814
27797
30157
30156
27786
27775
27774
27773
27757
27772
27756
27739
27740
27722
27723
27724
25711
27741
25712
27758
30155
30154
30153
22948
22949
22950
22937
22936
22925
22909
22910
22926
22894
20623
22893
22881
20622
22882
22866
22865
22854
22843
22832
22816
22799
22800
22801
22818
22817
22833
22844
22855
22856
22857
22867
22868
22858
22847
22846
22845
22834
22835
22836
22819
20837
22803
22802
22791
22792
20838
22804
22805
22806
22807
22822
22821
22837
20839
22820
20840
22848
22859
20841
22870
22869
22885
22897
20845
22896
22884
22883
22895
20844
22911
22912
22928
22939
20848
22927
22938
22951
20852
22963
22964
22980
22992
20856
23004
23020
20860
23047
23048
23063
23074
23085
23084
23073
20863
23062
23061
20862
23060
23046
23045
23029
23030
23018
23002
23017
23001
22989
22990
22977
20624
22961
22962
22978
22979
20854
22991
20855
23003
20857
23019
20859
23031
23032
23021
23022
23033
20861
23049
23034
23035
23050
23051
23052
23053
23054
23065
23066
23055
23056
23067
23068
23069
23080
23079
23078
23077
23088
23089
23100
23111
23121
23132
23142
23141
23152
23153
23143
23144
23154
23165
23176
20867
23164
23163
23175
23190
23189
23174
23162
23161
23151
23150
23160
23172
23173
23188
23187
23186
23204
23233
23242
20870
23251
23252
23244
23245
23254
23253
23262
23271
23272
23273
20874
23290
25277
25278
25279
25280
25281
25282
25283
25284
25285
23426
20882
23409
20881
23392
20880
23375
20879
23358
20878
23341
20877
23324
20876
23307
23306
20875
23305
23289
23288
23270
23261
23260
23243
23234
23225
23216
23217
23218
23227
23236
23235
23226
23224
23215
23205
23206
23207
23208
23209
23191
23192
23210
23219
25272
25273
23228
23237
25274
25275
23246
23255
23263
25276
18415
15669
18426
18441
15670
18458
15671
18466
15672
18474
15673
18482
15674
18490
18483
18475
18467
18459
18460
18468
18476
18484
18492
18491
18501
18502
18511
18520
18529
18528
18519
18510
15675
18500
15676
18509
15677
18518
15678
18527
18536
15679
18537
18538
18547
18556
18555
18546
15680
18545
18554
15681
18563
18564
18574
18575
18576
18565
18566
18567
18557
15898
18548
18539
18530
18521
18512
18503
18493
18485
18477
18469
18461
18445
18446
18429
18430
18447
18448
18431
18432
18449
18450
18451
18452
18435
18453
18454
18436
18422
18421
18409
18410
18393
18392
18391
18376
18377
18378
18361
18362
18379
18380
18395
18396
18397
18414
18413
18412
18394
18411
18423
18437
18455
18464
18456
18438
18439
18424
18425
18440
15896
18457
20381
20382
18465
18473
20383
20384
20385
18489
18481
18472
18480
18479
18471
18463
18462
18470
18478
18486
18487
18488
18496
18497
18498
18499
18508
20386
20387
18517
18526
20388
14094
14088
14083
14077
11553
14073
14056
14039
14034
14017
14014
11552
13998
13981
13976
11551
13971
13966
13960
13961
13943
13944
13926
13927
13945
11780
13962
13967
11781
11782
13972
13977
13983
13982
13999
14000
13984
13985
13986
14003
14002
14001
14015
14019
14018
14035
14041
14040
14057
14078
14079
11787
14084
11789
14089
11790
14095
14096
14090
14085
14080
14075
14074
11785
14058
14059
14060
14061
14062
14063
14064
14065
14066
14067
14068
14069
14070
14071
14072
14076
14081
11786
14086
14087
14092
14093
15394
11788
14082
15393
15392
15391
15390
14038
14037
14055
14054
14053
14052
14051
14050
14049
14048
14047
14046
14045
14044
14043
14042
14036
11784
14020
14021
14022
14023
14024
14025
14026
14027
14028
14029
14030
14031
14032
14033
14016
14013
11783
13997
13979
13974
13973
13978
13996
13995
13994
13993
14012
14011
14010
14009
13992
14008
13991
13990
13989
14006
14007
14005
14004
13987
13988
13950
13932
13914
13898
13899
13900
13916
13934
13935
13917
13901
13902
13918
13936
13937
13919
13903
13904
13920
13938
13956
13955
13954
13953
13952
13951
13933
13915
13913
13931
13949
13948
13930
13912
13897
13896
13895
13911
13929
13947
13946
13928
13910
13909
13908
13892
13893
13894
13887
13886
13882
11778
13877
13873
13870
13866
13862
13841
13820
13816
13812
13807
13802
11770
13796
11769
13795
13801
13800
11540
13806
11541
13811
11542
13815
11543
13819
11544
13823
11774
13824
13825
13826
13827
13828
13829
13830
13831
13832
13833
13834
13835
13836
13837
13821
13817
13813
13808
13803
13804
13809
11771
11772
13818
13814
13810
15372
15371
13805
13799
15370
15369
13793
13792
13798
13797
13791
13785
13780
13775
11768
13786
13781
15368
15367
13771
13776
11766
13770
13769
13764
11765
13765
13760
13755
11762
11763
13759
13754
13748
13742
13735
11760
13730
13729
11758
13714
13713
13712
13728
13734
13733
13739
11532
13740
13741
13747
13746
11533
13745
11534
13751
11535
13756
13757
13752
13753
13758
13762
11764
13763
13768
13767
13773
13774
13779
13778
11767
13783
13784
13790
13789
13788
13794
13787
11539
13782
13777
11538
13772
11537
13766
11536
13761
20362
17982
17997
18012
15872
17996
17981
17980
17979
17978
17993
17994
17995
18011
15874
18026
18027
18042
18056
20363
18070
18083
20364
18099
18098
18082
18069
18055
18041
18040
18039
18054
18067
18081
18096
18095
18080
18079
18094
18110
18122
18133
18134
18135
18146
18145
18123
18111
18112
18124
18113
18097
18068
18066
18065
18064
15877
18050
15875
15873
18004
17989
18005
18020
15876
18035
18036
18037
18023
18022
18021
18006
17990
17975
15870
17961
17960
17974
17988
17987
17986
18002
18003
18019
18018
18017
18016
18015
18030
17984
17999
18014
18013
17998
15655
17983
17969
17955
17956
17957
17943
17927
17926
17925
17941
17942
17970
17971
17985
18000
18001
15871
15869
17972
17973
17959
17958
15867
15865
17944
17945
17946
17930
17929
17928
15864
17912
17913
17914
17898
15863
17882
15862
17867
17849
17831
17830
17829
17816
17803
17790
17789
17788
17801
17802
17815
17814
17826
17827
17828
17847
17846
17864
17865
17881
17880
17879
17863
17845
17844
17862
17878
17894
17893
17909
15654
17910
17911
17895
17896
17897
17866
17848
17850
17832
17833
17754
15856
17766
15857
17779
15858
17792
15859
17805
17817
15860
17804
17791
17778
17777
17776
17775
17762
17763
17764
17765
17753
17739
17723
17722
17705
17706
17689
17690
17675
15850
15849
17659
17660
17645
15848
17628
17627
17625
17643
17642
17641
15847
17624
17611
17598
17583
17584
17570
17557
17556
17569
17582
22599
22610
25245
25246
22620
22619
22609
22598
22581
22582
22566
22550
22535
20818
22523
22522
22510
22494
22493
22492
22508
22520
22519
22491
22507
22506
22505
22504
22503
22502
22501
20817
22490
22479
22478
22477
22476
22466
22467
22450
20811
22433
22432
22416
22405
22376
22364
22363
20809
22352
22351
20609
22339
20608
22327
20607
22328
22340
22341
22353
22354
22365
22366
22355
22342
22330
22329
22317
22303
20806
22302
22316
22315
22286
22287
22288
22289
22275
22274
22260
22259
22273
20606
22272
22258
20605
22241
20604
22229
20603
22217
22218
22206
22205
22192
20602
22180
22181
22182
22164
22165
22183
22196
22209
22221
22233
22245
20804
22246
22263
22262
22261
22244
22232
22231
22243
22242
22230
22219
22207
22193
22194
22195
22208
22220
22197
22184
22166
22152
22142
22133
22132
22131
22140
22141
22151
22150
20799
20601
22163
22149
20600
22139
20599
22130
20598
22121
20597
22112
20596
22103
22093
20595
22077
22078
22094
22095
20796
22104
22105
22114
22113
22122
22123
22124
22115
22106
22097
22096
22079
22063
22046
22047
22036
22037
22048
20791
22064
20793
22080
20794
22081
22065
20792
22049
22038
20789
20788
22007
22008
22022
22023
22009
22010
22011
22025
22024
22052
22053
22069
22068
22067
22051
22050
22066
22082
22083
22084
22085
22086
22087
22088
22089
22073
22072
22071
22070
22054
22055
22056
22057
22040
22041
22058
22074
22075
22059
22042
22043
22060
22076
22092
22102
22091
22090
20795
22101
22110
22111
25226
25227
22120
22119
22128
22129
25228
22138
25229
22148
22147
22137
20797
22136
22135
22126
22117
22118
22127
22109
22100
22099
22098
22107
22108
22116
22125
22134
22143
22144
22158
22175
22176
22159
22145
22146
22160
22161
22162
22179
25230
22191
22190
22178
22177
22189
22188
22187
22186
22174
22157
22156
22173
22172
22171
22170
22169
22155
22154
22153
20798
22167
22168
20800
22185
22198
22210
20801
20802
22222
22234
22247
22264
22248
22249
22250
20803
22235
22252
22251
22265
22294
22293
22292
20805
22278
20807
22307
22306
22291
22277
22276
22290
22305
22304
22318
22319
22320
22332
22331
22343
22344
22356
22367
22379
20810
22390
22378
22377
22389
22388
22387
22375
20610
22374
20611
22386
22403
20612
22404
22415
22431
22449
22465
22475
22486
22487
22488
22489
22500
22499
22516
22517
22518
22555
22540
20820
22530
22529
22539
22537
22526
22514
22497
22498
22515
22527
22528
20819
22538
20821
22553
22554
20823
22571
22572
22556
22541
22542
22557
22573
22589
22590
22591
22592
22575
22574
22558
22543
22544
22545
22559
22560
22576
22593
22594
22595
22596
22607
22606
22605
22615
22616
22617
22618
22608
22597
22580
22579
22563
22564
22565
22549
22534
22532
22531
22546
22561
22577
22578
22562
22547
22548
22533
22521
22509
22511
25244
22524
22512
22495
20816
22483
22473
22462
22446
22429
22412
22401
22402
22413
25242
25243
22447
22463
20814
22484
22482
22472
22461
22460
22445
22428
22427
22444
22443
22426
22409
22408
22425
22424
22422
22423
22440
22441
22442
22458
22459
22470
22471
22481
22480
20815
22469
22457
22456
22439
22455
22454
22438
22421
22420
22437
22453
22452
22468
20813
22451
20812
22434
22418
22407
22406
22417
22435
22436
22419
22391
22392
22393
22394
22395
22396
22397
22398
22381
22380
22368
22357
22358
22369
22370
22359
22346
22345
22333
22334
22335
22347
22360
22371
22383
22382
22399
22410
22411
22400
22384
22372
22361
22349
22348
22336
22337
22325
22324
22323
22322
22310
22309
22321
20808
22308
22295
22279
22281
22297
22296
22280
22266
22267
22253
22254
22255
22256
22238
22237
22236
22224
22223
22211
22199
22200
22201
22202
22203
22204
25231
25232
22216
25233
22228
22227
22215
22214
22213
22212
22225
22226
22239
22240
22257
25234
25235
22285
22271
22270
22284
22313
22312
22311
22298
22282
22268
22269
22283
22299
22300
22301
25236
22314
22326
25237
22338
22350
22362
22373
22385
25241
25240
25239
25238
17347
15638
17335
17318
17305
15637
17292
15636
17266
17279
17280
17267
17254
17253
17240
17226
15635
17210
15634
17211
17196
17179
15633
17180
17197
17198
17199
17182
17168
17167
17153
17152
17138
17139
17140
17154
17126
17125
17124
17123
15632
17122
17137
17151
17165
17166
17181
17183
17200
17214
17230
17229
17213
17212
17228
17227
17241
17255
17242
17243
17244
17231
17245
15830
15831
17258
17271
15832
15833
17284
17297
17310
17324
17325
17326
17327
17328
17329
17330
17342
17354
17355
17356
17344
17343
17331
17314
17301
17288
17275
17262
17263
17264
17251
17250
17237
17238
17224
17223
17222
17221
17220
17219
17233
17234
17235
17236
17249
17248
17247
17246
17259
17272
17285
17298
17311
17312
17299
17286
17273
17260
17261
17274
17287
17300
17313
17315
17332
17333
17316
17317
20333
20332
17304
17303
17302
17289
17276
17277
17290
17291
20331
20330
17278
17265
20329
20328
17252
17239
17225
17209
17208
15827
17193
17192
17207
17206
17205
17204
17218
17232
15829
17217
17203
17188
17189
17190
17191
17174
17175
17176
17162
17163
17149
17135
17148
17134
17133
17147
17161
17160
17146
17145
17159
17173
17172
17158
17144
17130
17115
17116
17131
17132
17117
17102
17103
17118
17119
17104
17088
17089
17072
17056
17041
17028
17017
17005
17004
17003
17002
16990
16978
16977
16976
16975
16974
16973
16959
16943
15808
16931
16932
16920
16944
16945
16946
16947
16948
16949
16950
16951
16952
16953
15810
16993
16992
16991
16979
16980
16981
16964
16963
16962
16961
16960
16989
17001
17013
17014
17015
17016
17027
17026
17039
17040
17055
17054
17053
17038
17025
17024
15814
17037
17052
17051
17083
17084
17068
15816
17069
17070
17071
17087
17086
17085
17101
17100
17099
17114
17129
17143
17157
17171
17187
17186
17185
17202
17216
17215
15828
17201
15826
17184
15825
15824
17169
17170
17156
17155
15823
15822
17141
17142
17128
17127
17113
17112
17111
17095
17094
17110
17109
17108
17107
17091
15631
17092
17093
17075
17061
17046
17047
17062
17076
17077
17063
17048
17034
17033
17032
17031
17045
17060
15818
17074
15630
17059
17044
17030
17019
17007
15629
17008
17009
17020
15812
17021
17010
16998
16999
16987
17011
17022
17035
17049
17064
17078
17079
15819
17096
17097
15820
15821
17098
17082
17067
17066
17081
17080
17065
17050
15815
15813
17036
17023
17012
17000
16988
16972
16971
16970
16958
16957
16956
15809
16940
15807
16928
15806
16916
16917
16901
16902
16887
16888
16903
16919
16918
16929
16930
16942
16941
16969
16986
16997
16996
16995
15628
16983
15627
16984
16985
16968
16967
16966
16955
16939
16927
16915
15626
16899
16883
15625
16870
15624
16853
15623
16838
15622
16824
15621
16809
16810
16825
16826
16840
16839
16854
16855
16872
16871
16884
16900
15803
16885
16886
16873
16874
16875
16858
16861
16860
16859
15800
16844
16830
16815
16816
16817
16818
16787
16788
16789
16790
16803
16819
16831
16845
16862
16876
16891
16890
16889
15802
15804
16904
16905
16906
16907
16908
16892
16893
16909
16922
16921
16933
16934
16935
16923
16924
16936
16937
16925
16912
16896
16880
16881
16882
16869
20317
16852
16837
15799
15798
16808
20316
20315
16795
16779
16767
16750
16737
16721
16697
20313
20314
16707
16706
16720
16736
16749
16766
16778
15796
16794
16807
16777
16764
16765
16748
16747
16763
16746
16745
16744
15792
16731
16716
16717
15790
16732
16733
16734
16735
16719
16705
16704
16703
16718
15789
16693
16694
16684
16668
16669
16670
16685
16695
16696
16686
16687
20312
16671
16662
20311
20310
16654
16653
16661
16660
16652
16643
16635
16644
16645
20309
20308
16636
16627
16626
16625
16634
16632
16616
16617
16618
16619
16620
16621
16622
16623
16624
16633
16642
16641
16650
16651
16659
16658
16667
16683
16682
16681
16680
16679
16678
16677
16676
16692
16702
16713
16714
16715
16730
15791
16729
16728
16727
16743
16755
16754
16753
16752
15793
16739
16740
16741
16742
16726
16725
16724
16710
16699
16700
16711
16712
16701
16691
16690
16689
16673
16674
15788
16675
16666
16657
16649
16640
16631
16615
16606
16592
16591
16590
16589
15786
16614
16630
16639
16638
16629
16613
16605
15785
15611
16612
15612
16628
15613
16637
15614
16646
15787
16655
16647
16648
16656
16665
16664
15615
16663
15616
16672
15617
16688
15618
16698
16708
16709
16723
16722
16738
15619
16751
16768
16769
16781
16780
16796
15620
16797
16798
16811
16812
16827
16841
16856
16857
16842
16843
16828
16829
16814
16813
16800
16799
16783
16782
16770
16771
16772
16784
16785
16801
16802
16786
16773
15794
16756
16757
16758
16759
16760
15795
16774
16791
16761
16762
16775
16776
16793
16792
16804
16805
16806
16822
16823
16836
16835
16834
16821
15797
16820
16833
16832
16846
16847
16848
16849
16850
16851
16868
16867
16866
16865
16864
16863
15801
16877
16878
16879
16895
16894
16910
16911
15805
16913
16897
16898
16914
16926
20318
16938
16954
16965
15811
16982
20319
20320
16994
17006
20321
20322
17018
17029
20323
17043
17042
17057
15817
17058
17073
17090
17106
17105
17120
17121
17136
20324
20325
17150
17164
20326
20327
17178
17177
17194
17195
13095
13096
13106
13105
13115
13116
13125
13142
13159
13176
13175
13158
13141
13124
11516
13114
11515
13104
11514
13094
11513
13077
13068
13052
13051
13041
13031
11512
13014
11511
13004
11510
12988
12972
12955
12956
12973
12974
12957
12945
12935
12946
12947
12936
12924
12923
12911
12910
12909
12921
12922
12934
12933
12944
12943
11509
12932
11508
12920
11507
12908
11506
12897
12898
12899
12900
12884
12885
11707
12886
12887
12888
12871
12870
12869
12868
12859
12858
11705
12857
12882
12881
12880
11505
12865
12854
12855
12856
11704
12866
12867
11706
12883
12901
12912
12913
12925
12937
12948
12959
12975
11711
12958
12992
12991
12989
12990
13006
13005
11715
13015
13032
11716
13042
13054
13053
11717
13069
13078
13079
13080
13097
13082
13083
13084
13085
13086
13087
13072
13073
13063
13046
13036
13025
13026
13010
13000
12999
12981
12980
12998
12997
12996
12995
12977
12978
12979
12963
12964
12965
12949
12938
12926
12962
12961
12960
12976
12994
12993
13008
13007
13016
13017
13033
13043
13044
13034
13018
13019
13020
13021
13022
13023
13009
13024
13035
13045
13062
13061
13060
13059
13058
13057
13056
13055
13070
13071
13081
13098
13108
13107
13117
13118
13128
13146
13145
13162
13179
13178
13194
13195
13206
13205
13204
13221
13237
13238
13222
13223
13224
11727
13239
11728
13251
11730
13262
13272
13283
13282
13293
13292
13303
13304
13305
13294
13316
13326
13337
13348
13347
13336
13335
13334
13323
13324
13325
13315
13314
13313
13302
13301
11519
13300
11520
13311
13312
11733
13322
13333
11521
13332
13343
11522
13359
13369
13360
13344
13345
13361
13362
13346
13363
13373
13372
13388
13389
13390
13408
13425
13424
13407
13406
13423
13433
13434
13435
13445
13443
13444
13454
13471
13472
13455
13456
13457
13458
13459
13460
13461
13462
13473
13491
13490
13489
13488
13487
13486
13485
13500
11744
13484
13483
13482
13470
13453
11742
13442
11741
13432
11739
13422
11737
13405
13387
13371
13370
13386
13385
13403
13404
13421
13431
13441
13452
20347
17580
17579
17566
17565
17564
17563
17576
17575
17562
17561
17560
17573
17574
17590
17603
17602
17615
17616
17633
17647
17664
17665
17679
17678
17677
17695
17696
17697
17698
17715
17716
17733
17732
17746
17745
17744
17730
17731
17714
17713
17712
17711
17694
17693
17710
17727
17741
15854
17726
17709
17725
17740
17724
17707
17708
17691
17692
17676
17661
17662
17663
17646
17632
17631
17630
17629
17614
17601
17586
17585
17559
17572
17587
17588
17589
17591
17592
17605
17604
17617
17618
17635
17634
17648
17649
17666
17680
17681
17699
17682
17668
17667
17650
17636
17619
17606
17593
17577
17578
17594
17595
17608
17607
17620
17637
17651
17652
17653
20350
17639
17638
17621
17622
20349
20348
17609
17596
17567
20346
20345
17554
17537
17524
17508
17492
20344
20343
17475
17462
20342
20341
17449
17448
17447
17460
17461
17474
15838
17491
17473
17472
17490
17505
17506
17507
17523
17522
15844
17536
17553
17552
17551
17550
17549
15845
17548
17547
17546
17515
17516
17517
17501
17500
17485
17484
17499
17498
17497
15842
17514
15843
17531
17545
17544
17543
17558
17571
15846
17600
17599
17612
17613
17626
17644
17658
17657
17674
17688
17686
17672
17671
17685
17702
17703
17737
17720
17719
15652
17736
17750
15653
17751
17752
17738
17721
17704
17687
17673
17656
17655
17654
15651
17640
17623
15650
17610
15649
17597
15648
17581
17568
15647
17555
15646
17538
17539
17540
17541
17542
17529
17530
17513
15841
17496
17481
17467
17454
17441
17428
17416
17403
17390
15836
17374
17375
17362
17351
17339
17323
15834
17322
17309
17296
17283
17270
17257
17256
17269
17268
17281
17282
17295
17294
17293
17306
17319
17320
17307
17308
17321
17338
17350
17361
17360
17349
17337
17336
17348
15835
17359
17370
15639
17371
17373
17372
17388
17387
15640
17386
15641
17399
15642
17412
17413
15837
17425
17426
17414
17400
17401
17389
17402
17415
17427
17440
17439
17438
15643
17437
15644
17450
15645
17463
17476
17493
17477
17479
17466
17453
17452
17451
17464
17465
17478
15839
17494
17511
17510
17509
17525
17526
17527
17528
17512
17495
15840
17480
17482
17483
17468
17455
17442
17429
17417
17404
17391
17376
17377
17378
17379
17363
17352
17340
17341
17353
17364
17380
17406
17419
17431
17432
17433
17421
17420
17407
17408
17395
17382
17383
17396
17409
17422
17423
17424
20339
20340
17436
17435
17434
17446
17459
17471
17470
17488
17489
17504
17503
17519
17520
17521
17535
17534
17533
17532
17518
17502
17487
17486
17469
17456
17457
17458
17445
17444
17443
17430
17418
17405
17392
17393
17394
17381
17365
17366
17367
17368
17357
17345
17334
20334
17346
17358
20335
20336
17369
17385
17384
17397
17410
17411
20338
17398
20337
13289
11518
13278
11517
13279
13290
13291
13280
13281
13270
13271
13261
13250
13249
13260
13269
13268
11732
13259
13258
13247
13248
13236
13220
13235
13219
13202
13203
13192
13193
11723
13177
13160
13161
13144
13143
13126
11719
13127
13129
13147
13148
13130
13131
13149
13166
13165
13167
13168
13151
13150
13132
13133
13134
13152
13119
13120
13110
13109
13099
13100
13088
13089
13090
13101
13111
13112
13122
13121
13137
13155
13156
13138
13139
13140
13123
15334
15333
13113
13103
15332
13093
13092
13102
13091
13075
13074
13065
13064
13066
11718
13076
13067
13050
15331
15330
13040
13049
13048
13047
13037
13027
13028
13038
13039
13029
13030
13013
13003
12987
12986
12970
12953
12952
12941
12929
12917
12904
12942
12930
12918
11709
12905
12906
12896
12907
12919
12931
11710
15328
15329
12954
12971
8915
7722
8897
8898
8880
8879
8863
8864
8854
8844
7721
8828
8811
7720
8803
8786
8787
8779
7719
8778
8770
7718
8762
7717
8753
8763
8771
8772
8764
8780
8781
8773
8765
8756
8755
8754
8745
8744
8735
7716
8718
8710
8719
8736
8720
8721
8737
7942
8746
8747
8748
7944
8757
8766
8774
8782
8791
8806
8815
8814
7950
8831
8832
8816
8817
8833
8834
8818
8792
8793
8794
8795
8796
8797
8798
8799
8783
8784
8801
8800
8808
8807
8823
8822
8821
8820
8819
8835
8836
8837
8838
8839
8840
8824
8825
8841
8842
8826
8809
8802
7946
8785
11198
11199
11200
8810
8827
8843
11201
11202
8862
8853
8852
8861
7952
8878
8896
8914
8913
8895
8894
8893
8877
8859
8860
8851
8850
8875
8876
8892
8910
8921
8911
8912
8922
7953
8938
7954
8954
8963
8971
8979
8978
8977
8969
8970
8962
8961
8953
8952
8951
8950
8949
8933
8934
8935
8936
8937
8920
8909
8891
8889
8888
8887
8871
8872
8873
8874
8890
8908
8907
8906
8905
8904
8903
8885
8886
8870
8869
8868
8858
8849
8848
8847
8830
7949
8813
8805
8790
8789
8788
7947
8804
8812
7948
8829
8845
8846
7951
8855
8856
8857
8867
8883
8884
8902
8901
8900
8882
8866
8865
8881
8899
8916
8917
8918
8928
8944
8943
8927
8926
8925
8924
8940
8941
8942
8959
8958
8957
8956
7723
8965
7724
8973
8982
8981
8989
8996
9005
9004
7725
9021
9028
9035
9043
9051
13267
13257
13246
15340
11726
13218
11724
13201
15338
15339
13191
11722
13174
15337
15336
15335
11720
13157
13173
11721
13190
13200
13199
13189
13188
13171
13172
13154
13136
13135
13153
13170
13169
13186
13187
13198
13197
13185
13184
13183
13182
13181
13164
13163
13180
13196
13207
13208
13209
13210
13225
13226
13227
13228
13211
13229
13212
13213
13214
13215
13231
13230
13240
11729
13252
13241
13242
13243
13232
11725
13216
13217
13234
13233
13244
13245
13256
13265
13275
13286
13297
13296
13307
13308
13319
13329
13328
13318
13339
13340
11734
13356
13366
13382
11735
13355
13365
13381
13380
13396
13397
13415
13414
13413
13395
13412
13411
13410
13409
13391
13392
13393
13394
13378
13379
13377
13376
13375
13374
13364
13349
13350
13351
13352
13353
13354
13338
13327
13317
13306
13295
13284
13285
13274
13273
13263
13264
13253
13254
13255
11731
13266
13276
13277
15341
15342
13288
13287
13298
13309
13310
13299
15343
15344
15345
13321
13320
13330
13341
13357
13367
11736
13383
13401
13400
13418
13428
13438
13439
13437
11740
13427
13417
13399
13398
13416
11738
13426
13436
13446
13447
13463
13474
13475
13493
13477
13476
13494
13504
13513
13521
13512
13503
13492
13502
13501
13510
13511
13518
13526
13527
13519
13520
13528
13529
13537
13554
13553
13552
13536
13535
13534
13551
13568
13585
13586
13601
13600
13617
13618
13619
13626
13632
13638
13654
13653
13651
13650
13649
13648
13647
13646
13645
13668
13644
13660
13666
13667
13684
13702
13715
13716
13717
13718
13704
13703
13685
13686
13669
13670
13671
13688
13687
13719
13705
13706
13720
13721
13707
13689
13672
13673
13690
13708
13722
13723
13709
13724
13725
13710
11755
13693
13676
13662
13677
13678
13663
13656
13655
13639
13640
15363
13657
13664
15364
13679
13697
13711
11757
11759
13732
13738
13744
15365
15366
13750
13749
13743
13737
13736
11761
13731
13726
13727
11756
13696
13695
13694
13692
13691
13674
13675
13661
13652
13637
13631
13625
13616
13599
13584
13567
13550
13549
13548
13565
13566
13583
13598
13615
13614
13613
13597
13582
13581
13596
13595
13612
13611
13594
13579
13580
13564
13563
13562
13545
13546
13547
13509
13517
13525
13533
13544
13543
13560
13561
13578
13577
13593
13592
11750
13575
13576
13559
13558
13540
13541
13542
13532
13524
11746
13516
11745
13507
13508
13499
13498
13481
13479
13468
11523
13469
13480
13497
13496
11524
13506
13515
11525
13523
13531
13539
13556
13557
13591
13574
13573
11526
13590
13606
11527
13607
11752
11751
13608
13610
13609
13624
13630
13636
13643
13642
11753
13659
11754
13681
13682
13683
13701
13700
13699
13698
13680
13665
13658
11531
13641
11530
13635
11529
13629
11528
13623
20359
20358
17813
17800
20357
20356
20355
17761
20354
20353
17718
17701
20352
20351
17684
17670
17669
17683
15851
17700
15852
17717
17734
15853
17735
17749
17748
17760
17759
17747
17758
17757
17756
17769
17768
17755
17743
17729
17728
17742
15855
17767
17780
17793
17806
17818
17836
17853
17835
17834
17852
17851
15861
17868
17884
17883
17899
17915
17931
17916
17917
17901
17900
17885
17869
17870
17854
17855
17871
17886
17887
17903
17902
17918
17934
17933
17932
17947
17948
17962
17963
17949
17950
17935
17919
17920
17905
17904
17888
17889
17874
17873
17872
17856
17857
17839
17821
17822
17823
17811
17798
17785
17784
17797
17810
17809
17796
17795
17808
17820
17838
17837
17819
17807
17794
17781
17782
17783
17770
17771
17772
17773
17774
17787
17786
17799
17812
17824
17825
17843
17842
17841
17840
17858
17859
17860
17861
17877
17892
17908
20360
20361
17924
17907
17891
17876
17875
17890
17906
17938
17953
17952
15868
17967
17968
17954
17940
17939
17923
17922
17921
17937
17936
15866
17951
17966
17965
17964
17977
17976
18007
17991
17992
18008
18009
18010
18025
18024
18038
18053
18052
18051
18078
18093
18092
18091
18090
18106
18105
15881
18089
18088
15879
18075
15878
18076
18077
15880
18063
18049
18048
18047
18061
18062
18034
18033
18032
18031
18046
18060
18074
18087
18086
18085
18084
18071
18072
18058
15657
18057
18043
15656
18028
18029
18044
18045
18059
18073
18102
18103
18104
18120
18107
18108
18109
18121
18132
18143
18144
18155
18154
18164
18165
18166
18156
18157
18167
18182
18183
18184
18185
18196
20370
20369
18169
18159
20368
20367
18148
18137
20366
20365
18126
18115
18114
18125
18136
18147
18158
18168
18195
18206
18207
20371
20372
18218
18217
18238
18227
18228
20373
20374
18239
20375
20376
20377
18278
15886
18261
18250
18249
18260
18277
18276
18259
18248
18247
18246
18245
18234
18235
18224
18223
18213
18214
18203
18204
18215
18225
18236
18237
18226
18216
18205
18194
18193
18181
18180
18192
18191
18202
18179
18178
18177
18176
18175
18174
15884
15883
18173
18163
18162
18152
18151
18139
18128
18129
18140
18141
18153
18142
18131
18130
18119
18118
18117
18101
18100
15658
18116
15659
18127
15660
18138
18149
15661
18150
18160
15882
18161
18171
18172
18188
18199
18210
18211
18200
18189
18190
18201
18212
18222
18221
18232
18233
18244
18255
18254
18243
18242
18241
18252
18253
18264
18263
18262
18251
15667
18240
15666
18229
15665
18230
18231
18220
18219
15885
18209
18208
15664
18197
15663
18198
18187
15662
18186
18170
25264
23081
23092
25265
25266
23103
23114
25267
25268
23124
23123
23113
23102
23091
23090
23101
23112
23122
23133
23134
23135
25269
23145
23155
25270
25271
18279
18280
18281
18297
18265
18266
15887
18282
18283
18267
18268
18269
18284
18286
18304
18322
18321
18339
18340
18341
18323
18305
18306
18288
18287
18272
18271
18270
18285
18303
18302
18320
18338
18355
18353
18370
15891
18371
18354
18337
18319
18301
18300
18318
18336
18334
18335
18317
18299
18298
18316
18315
18333
18350
18349
18332
18314
18296
18295
18313
18331
18348
18365
18366
18367
18368
18351
18352
18369
18386
18401
15892
18385
18384
18383
18382
18398
15668
18399
18416
18427
18442
18443
18444
18428
18417
18400
18418
15895
18419
18420
18402
18403
15893
18404
18405
18406
18407
18408
15894
18434
18433
18388
18387
18372
18373
18356
18357
18374
18389
18390
18375
18358
18359
18360
18343
18342
18324
18325
18326
18344
18345
18363
18346
18328
18310
18311
18329
18327
18309
18308
18307
18289
18274
18273
18256
18257
18258
18275
18290
18291
18292
18293
18294
18312
18330
15888
18347
15889
18364
15890
18381
20380
20379
20378
13942
13925
13924
13907
13890
13891
13885
11550
13880
13881
13876
11549
11777
13869
11548
13865
11547
13861
11546
13844
11545
11776
13840
11775
13845
13846
13847
13848
13849
13850
13851
13852
13853
13854
13855
13856
13857
13859
13868
13872
13875
13879
13884
13889
11779
13906
15381
15380
15379
15378
15377
15376
15375
15374
13864
13860
15373
13843
13839
13822
11773
13838
13842
13858
13863
13867
13871
13874
13878
13883
13888
13905
13921
13939
13957
13963
13968
13969
13964
13958
13940
13922
13923
13941
13959
13965
15382
15383
13970
13975
15384
15385
13980
15386
15387
15388
15389
9994
7766
9977
7765
9969
7764
9960
7763
9951
7762
9936
7761
9921
7760
9911
7759
9902
9885
9874
9875
9876
9877
9878
9879
9863
9862
9861
9860
9850
9851
9842
8011
9833
9824
9816
9815
9806
9807
9798
9797
9787
7753
7754
9796
7755
9805
7756
9814
8010
9823
9832
9841
7757
9831
9840
7758
9849
9858
9859
9886
9887
9903
8016
9904
9888
9889
9914
9913
9912
9922
9937
9952
9961
9970
8020
9978
9995
9996
8021
10003
10012
10013
10027
10026
10011
10010
10009
10002
10001
10008
10023
10038
10045
10046
10047
10039
8024
10025
10024
10040
10048
8025
10028
10029
10014
10015
10030
10031
10032
10033
10034
10019
10018
10017
10016
9986
9985
9984
9983
9982
9981
9980
9979
9972
9963
9962
9971
9953
9938
9923
9924
9939
9954
8018
9940
9941
9942
9943
9944
9955
9964
9973
9987
9988
9989
9990
9975
9974
9965
9966
9956
9957
9958
8019
9967
9968
9976
11269
9959
11268
9950
9949
9948
9947
9946
9945
9930
9916
9929
9928
9927
9926
9925
8017
9915
9905
9890
9891
9892
9893
9894
9895
9896
9906
9897
9880
9870
9869
9868
9867
9866
8013
9865
9864
9852
9843
9834
9825
9817
9808
9799
9790
9781
9773
9759
8008
9758
9744
9735
9726
9725
9734
9743
9757
9771
9772
9780
9789
9788
9779
8009
9770
7752
9756
7751
9742
7750
9733
7749
9724
7748
9708
7747
9700
7746
9692
7745
9684
7744
9667
9658
7743
9649
9640
7742
9631
7741
9622
7740
9614
9605
9615
9623
9632
9641
9668
9659
9650
8004
9642
9633
9624
8001
9606
8000
9597
9589
9581
9566
9567
9568
9550
9533
9534
9551
9569
9570
9582
9590
9598
9607
9616
9625
9634
9643
9651
9660
9673
9672
9671
9670
9669
9685
9693
9701
9709
8006
9710
9711
9712
9713
9714
9715
9716
9717
9718
9719
9729
9728
9737
9750
9749
9764
9763
9762
9748
9747
9761
9760
9746
9745
8007
9736
9727
9702
9694
9686
9674
9675
9676
9677
9678
9703
9695
9696
9704
9705
9706
9698
9697
9681
9689
9690
9682
9664
9655
9646
8003
9647
9638
9629
9630
9621
9613
11243
11242
9604
9595
9594
9587
9579
7997
9562
9561
9560
9578
9585
9586
9593
9592
9601
9602
9603
9612
9620
8002
9611
9610
9619
9628
9637
9636
9645
9653
9654
9663
9662
9680
9688
9687
9679
9661
9652
9644
9635
9626
9627
9618
9617
9599
9608
9609
9600
9591
7999
9583
9584
9577
9576
9575
9574
9556
9539
9540
9541
9523
9524
9525
9543
9542
9559
9558
9557
9555
9538
9537
9536
9553
9554
9572
9573
9571
9552
9535
9522
9514
9500
9501
9502
9503
9504
9505
9506
9515
9516
9517
9518
9509
9508
9507
9489
9477
9476
9475
9474
9473
9488
7993
9472
9460
9459
9471
9470
9487
9499
9498
9486
9469
9468
9458
9447
9448
9431
9432
9449
9450
9433
9420
7990
9409
9398
9387
9388
9399
9410
9421
9434
7991
9435
9436
9437
9438
9439
9440
7992
9451
9462
9461
9478
9479
9490
9491
9480
9463
9452
9442
9443
9453
9464
9465
9482
9481
7994
9492
9510
9519
7995
9528
9527
9526
9544
9545
9563
7998
11241
11240
11239
11238
9493
11237
11236
9455
9454
9444
9426
9415
9416
9427
11235
11234
11233
9405
11232
11231
9394
9393
9392
9403
9404
9383
9367
11230
11229
9356
9355
9354
9365
9366
9382
9381
9391
9390
9402
9401
9412
9413
9414
9425
9424
9441
9423
9422
9411
9400
9389
9379
9380
9364
9353
9352
9363
9362
9351
9378
9377
9376
9375
9374
9373
9372
7986
9361
9350
9340
9324
7981
9308
9307
9306
9322
9323
9339
9338
9348
9349
9360
9359
9358
7985
9347
7984
9337
7982
9321
7980
9305
9289
9270
7733
9279
9288
7734
9304
9320
9336
9346
9357
9368
9369
9384
9395
9406
9417
9418
9408
9397
9386
9371
9370
7987
9385
7988
9396
7989
9407
9419
9430
9429
9428
9446
9445
7735
9456
9457
9467
9484
9485
9496
9497
9513
7996
9521
9531
9532
9549
9548
9565
9596
7739
9588
7738
9580
7737
9564
9546
9547
9530
9529
9520
9511
7736
9512
9495
9494
9483
9466
15361
15362
13634
13633
13627
13628
13622
13605
13604
13621
13620
13603
13602
13587
13569
11748
13570
13571
13588
11749
13589
15360
13572
15359
15358
11747
13555
13538
15357
15356
13530
13522
15355
15354
13514
13505
15353
15352
11743
13495
13478
15351
13467
13466
13465
13464
13448
13449
13450
13451
15350
13440
13430
13429
13419
13420
13402
13384
13368
15349
15348
13358
13342
13331
15346
15347
7731
9187
9188
9198
9197
7732
9214
9215
9226
9225
9242
9252
9253
9243
9227
9228
9245
9244
9254
9271
7977
9272
9255
9256
9257
9258
9259
9260
9261
9262
9263
9247
9220
9221
9238
9237
9236
9235
9234
9233
9232
7975
9231
9230
9219
9202
9201
9200
9190
9191
9181
9180
9171
9172
9162
9163
9173
9182
9192
9203
9204
9205
9206
9207
9208
9209
9193
9194
9210
9211
9222
9239
9249
9248
9265
9264
9274
9275
9276
9266
9267
7976
9250
9240
7974
9223
9224
11225
11226
9241
9251
9269
9268
9277
9278
11227
11228
9287
9286
9302
9303
9319
9318
9334
9335
9345
9344
7983
9333
9343
9342
9341
9330
9298
9297
9283
9284
9299
9285
9300
9301
9317
9316
9332
9331
9315
9314
9313
9329
9328
9312
9296
9295
9294
9310
9311
9327
9326
9325
7979
9309
9293
7978
9292
9291
9290
9280
9281
9282
9273
9246
9229
9218
9217
9216
9199
9189
9179
7973
9178
9169
7730
9168
9158
7729
9148
7728
9132
9149
9159
9170
9160
9150
9151
9161
9152
9153
9136
9137
9138
9139
9140
9141
9165
9166
9177
9167
9157
9146
9147
11219
11220
11221
11222
11223
11224
9186
9196
9213
9212
9195
9185
9176
9175
9184
9183
9174
9164
9154
9142
9128
9129
9130
9144
9156
9155
9143
9145
9131
9124
11218
11217
9116
9100
9099
9115
7970
9098
9097
9114
9123
9122
9113
7969
9096
7968
9087
9088
9089
9073
9072
9071
9070
9086
9085
9069
9068
9067
9083
9084
9121
9112
9111
9110
9109
9108
9107
9120
9127
9135
7972
9081
9082
9066
9065
9064
9063
9062
9078
7967
9079
9080
9095
9106
9105
9104
9103
9119
9126
9134
9133
9125
7971
9118
9117
7727
9101
9102
9094
9093
9076
7726
9059
9060
7966
9077
9061
9052
7965
9044
7964
9036
7963
9029
7961
9022
9006
8997
7959
8990
7957
8983
8974
8966
8967
8975
7956
8946
8947
8948
8932
8931
8930
8929
8919
8945
7955
8960
8968
8976
8984
8991
8998
9009
9023
9030
9037
9045
9053
9007
9008
9010
9011
9012
9013
9014
9015
9016
9038
9039
9032
9031
9024
9017
8999
9000
9001
9019
9018
9025
9026
9033
9040
9041
9049
9048
9047
9046
9054
9055
9056
9057
9075
9074
9090
9091
9092
11216
11215
9058
9050
11214
11213
9042
9034
7962
9027
11212
11211
7960
9020
9003
11210
9002
8994
8993
8992
8985
8986
8987
7958
8995
8988
11209
11208
8980
8972
11207
11206
8964
8955
11205
11204
8939
8923
11203
5795
5785
5774
5758
5748
5738
5721
5713
5706
5689
4678
5690
5691
5682
5681
5680
4677
5670
4676
5660
4675
5650
4674
5640
4673
5641
5651
5661
5671
5672
5662
5652
5653
5663
5673
5683
4888
5692
5693
5709
5716
5726
5727
4893
5728
5729
5730
5731
5732
5733
4894
5743
5734
5717
5718
5711
5702
5703
5704
4890
5705
5712
5719
5735
5736
5745
4896
5756
5771
5792
5782
5781
5770
5755
5744
5754
5753
5769
5780
4901
5791
5801
5800
5790
5779
5768
5767
5766
5765
5764
5763
5762
5761
4898
5752
4895
5742
5725
5741
5751
5740
5724
5715
5708
4889
5707
4891
5714
5723
5722
5739
5749
5750
5759
4897
5760
4899
5775
4900
5786
4902
5796
5797
5798
5788
5787
5776
5777
5778
5789
5799
5813
5814
5815
5816
5817
5818
5819
5829
5830
5840
5839
5828
5838
5849
5850
5851
5852
5841
5831
5821
5820
5802
5803
5804
5822
5832
5842
5853
5868
5869
7411
5878
5877
5867
5866
5876
5865
5864
5863
5862
5861
5860
5859
5858
5907
5922
4911
4910
5899
5891
5882
5873
5857
4906
5847
5848
4904
4903
5812
5811
5810
5809
5826
5827
5837
5836
5846
5856
5872
5881
5890
5898
5906
5905
5897
5889
5880
4908
5871
4907
5855
4905
5845
5844
5834
5835
5825
5824
5807
5808
5806
5823
5833
4679
5843
5854
5870
5879
4680
5888
4681
5896
4682
5904
4683
5919
4684
5934
5942
5941
4685
5956
5972
5978
4686
6000
4687
6006
4688
6012
4689
6018
4918
4690
6029
6035
4691
6052
6059
6036
6037
6053
4920
6060
6067
6085
6086
6103
6104
6087
6088
6105
6123
6124
6089
6106
6107
6125
6126
6108
6109
6092
6091
6090
6072
6073
6074
6075
6093
6110
6111
6094
6076
6077
6095
6112
6127
6128
6129
6130
6131
6113
6096
6078
6079
6097
6098
6080
6062
6055
6049
6032
6048
6047
6046
6045
6044
6043
6042
6041
6040
6039
6071
6070
6069
6068
6061
6054
6038
6031
6030
6024
6025
6020
6019
6013
6007
6001
5995
4917
5979
5973
5935
5920
5921
5936
5945
5946
5947
5948
5949
5950
5951
5952
5927
5926
5925
5924
5923
5908
5909
5910
5911
5912
5913
5900
5892
5883
5874
5875
4909
5884
5893
5901
5902
5903
5895
5894
5885
5886
5887
7412
7413
7414
5940
5932
5933
5918
5917
5916
5915
5914
5929
5928
5937
4912
5953
5938
5930
5931
5939
4913
5954
5955
5971
5977
4916
5970
5969
5976
5975
5968
5967
5966
5965
5964
5963
5962
5961
5960
5959
4915
5958
4914
5944
5943
5957
5974
5980
6014
6008
6002
5996
5981
5982
5983
5984
5985
5986
5987
5988
5989
5990
5991
5992
5993
5998
5997
6004
6003
6009
6015
6010
6016
6022
6021
6026
6027
6033
6050
6056
4921
6063
6057
6058
6064
6082
6081
6099
6100
6117
6134
4923
7425
7426
7427
7428
7429
6154
6149
6144
6139
6116
6114
6115
6133
6132
6138
6143
6148
6153
6175
6179
6184
6189
6194
6199
4926
6195
6200
7435
7436
6215
6220
7437
7438
6225
7439
4928
6242
7440
6248
6265
4929
7441
7442
6270
6247
6241
6224
6219
6214
6213
6212
6211
6210
6209
6208
6207
6206
6205
4927
6218
6204
6198
6193
6192
6197
6202
6203
6217
6222
6223
6229
6230
6231
6232
6233
6234
6235
6236
6237
6238
6239
6240
6246
6263
6264
6286
6284
6283
6282
6281
6280
6279
6278
6277
6276
6275
6298
6299
6300
6301
6302
6303
6304
6305
6306
6307
6314
6309
6308
6291
6285
6269
6262
6261
6260
6259
6258
6257
6256
6255
6254
6253
6245
6244
6228
6227
6250
6251
6252
4930
6268
6274
6273
6289
6290
6297
6313
6319
6320
6321
6322
6323
6324
6325
6342
6341
6340
6339
6338
4933
6337
6336
6335
6334
6317
6318
6312
6296
6295
6333
6316
6311
4705
6294
6288
4704
6271
6272
6267
6266
6249
6243
4703
6226
6221
6216
4702
6201
6196
4701
6191
4700
6186
4699
6181
4698
6176
4697
6172
6155
6150
4696
6145
4695
6140
4694
6135
4693
6118
6101
4692
6083
6065
6066
6084
4922
6102
6120
6119
6136
6141
6122
6121
6137
6142
6147
6146
6151
6152
6157
6156
6173
6187
6188
6183
6182
6177
6178
6174
4924
6158
6159
6160
6161
6162
6163
6164
6165
6166
6167
6168
6169
6170
6171
7430
4925
6180
7431
7432
6185
6190
7433
7434
3253
1956
3246
3239
1955
3240
3247
3248
3241
2202
3224
3225
3226
3227
3228
3229
3230
3231
3232
3233
3234
3216
3215
3207
3208
3209
3210
3211
4371
4372
3219
4373
3238
3237
3218
3217
2201
3235
3242
3249
3255
3261
3267
3272
3277
3282
3287
3292
3297
3302
3307
3312
3317
3322
3341
3346
3350
3340
3339
3338
3337
3336
3335
3334
3333
3332
3331
3330
3329
3328
3327
3326
3321
3316
3311
3306
3301
3296
3291
3286
3281
3276
3271
3266
3260
3254
1957
3259
1958
3265
1959
3270
1960
3275
1961
3280
1962
3285
1963
3290
1964
3295
1965
3300
1966
3305
1967
3310
1968
3315
1969
3320
3325
1970
3344
1971
3348
3345
3349
3353
2204
3357
3358
3376
3377
3378
3379
3359
3380
3360
3361
3381
3382
3362
3363
3383
3384
3364
3365
3385
3387
3386
3366
3367
3368
3388
3389
3369
3390
3370
3354
3371
3372
3373
3355
3351
3347
3342
3343
3323
3318
3313
3308
3303
3298
3293
3288
3283
3278
3273
3268
2203
3262
3263
3257
3251
3252
4375
4374
3245
3244
3236
3243
3250
3256
3258
4376
4377
3264
3269
3274
4378
4379
3279
3284
4380
4381
3289
3294
4382
4383
3299
3304
4384
4385
3309
3314
4386
4387
3319
3324
4388
4389
4390
4391
4392
3374
2205
4393
4394
4395
4396
4397
4398
4399
4400
3421
3420
3419
3415
3416
3417
3398
3395
3392
3391
3394
3397
3414
3413
3412
3411
3410
3409
3408
3407
3406
3405
3404
3403
3402
3401
3400
3418
1976
3399
3396
1975
3393
1974
3375
3356
1973
3352
1972
7449
6361
6360
4935
6377
6384
4937
6378
7450
7451
6400
6399
6405
6410
7452
6430
7453
6447
6446
6463
6480
4945
6485
6486
7455
7454
4943
6464
4944
6481
7456
7457
6497
6502
6503
7458
7459
7460
6526
4948
6509
6508
6507
6525
6506
6501
6500
6494
6495
6496
6491
6490
6489
6488
6484
6479
6462
6461
6478
6477
6460
6442
6443
6444
6445
6427
6426
6425
6424
6422
6423
6441
6458
6459
6476
6475
6474
6473
6456
6457
6440
6439
6421
6420
6419
6418
6417
6402
4939
6407
4941
6412
4942
6416
6434
6433
6432
6449
6448
6431
6415
6411
6406
6401
4706
6385
6386
6379
6362
6363
6364
6380
4936
6381
4938
6387
6388
6389
6390
6391
6392
6393
6394
6395
6396
6397
6403
6408
6413
6428
6429
6414
6409
4940
6404
6398
6383
6382
6376
6359
6353
6347
6348
6349
6354
6355
7448
7447
7446
4932
7445
7444
7443
4931
6287
6293
6292
6310
6315
6332
6331
6330
6329
6328
6327
6326
6343
6344
6345
6346
6375
6374
6373
6372
6371
6370
6369
6368
6367
6366
6365
6358
6357
4934
6352
6351
6350
6356
11244
11245
9639
9648
9656
9665
9657
11246
11247
9666
9683
8005
11248
11249
9691
9699
11250
11251
9707
9723
9722
9721
9720
9730
9739
9738
9751
9752
9753
9740
9731
9732
11252
11253
9741
9755
9769
9754
9768
9767
9777
9785
9794
9803
9802
9801
9810
9809
9800
9791
9792
9783
9782
9774
9775
9765
9766
9776
9784
9793
9811
9812
9821
9820
9828
9829
9838
9847
9856
8012
9872
9855
9846
9845
9837
9836
9827
9819
9818
9826
9835
9844
9853
9854
9871
9881
9898
9907
9908
9899
9882
9883
9900
9909
9919
9918
9917
9931
9932
9933
9934
9935
9920
11267
11266
9910
11265
9901
8015
9884
8014
9873
11264
11263
9857
9848
11262
11261
9839
9830
11260
11259
9822
9813
11258
11257
9804
9795
11256
11255
9786
9778
11254
6510
6504
4709
6498
4708
6492
6487
6482
4707
6465
6466
6483
6467
6450
6451
6468
6469
6452
6435
6436
6437
6438
6455
6472
6471
6454
6453
6470
4947
4946
6493
6499
6505
6512
6527
4949
6511
6513
6514
6515
6516
6517
6518
6519
6520
6521
6522
6523
6524
6528
6529
6546
6550
6551
4950
6530
7461
7462
7463
7464
7465
7466
3541
1982
3537
1981
3533
1980
3529
1979
2212
3522
3521
3517
3513
3509
3505
3501
1978
3482
3463
3444
3441
1977
3422
3423
3424
3425
3426
3427
3428
3429
3430
3431
3432
3433
3434
3435
3436
3437
3438
3439
3440
3443
3462
3461
3480
3479
3498
3502
3506
3510
3514
3518
2211
3523
3524
3527
3528
4408
3525
3520
4407
4406
3516
3512
4405
4404
3508
3504
4403
4402
4401
3481
3499
3500
3503
3507
3511
3515
3519
3497
3478
3442
3460
3459
3458
3457
3456
3455
3474
3475
3476
3477
3496
3495
3494
3493
3492
3473
3454
3453
3452
3471
3472
3491
3490
3489
3470
3451
3450
3449
3468
3487
3488
3469
3467
3448
3447
3446
3445
3464
3465
3466
3486
3485
3484
3483
2206
2207
2208
2209
2210
3526
3530
3534
3538
3542
3545
2213
1983
3548
1984
3552
1985
3556
3560
1986
3579
1987
3582
1988
3585
1989
3588
1990
3591
1991
3594
7474
7473
7472
7471
7470
7469
7468
7467
6586
6585
6591
6584
6583
6589
6590
6606
4953
6607
4954
6623
6626
6629
6631
6633
6622
6621
6605
6604
6620
6619
6603
6601
6602
6618
6617
6616
6600
6599
6615
6614
6598
6597
6558
4951
6562
6567
4952
6572
6573
6574
6575
6576
6577
6578
6579
6580
6581
6582
6568
6563
6564
6569
6570
6565
6561
6556
6555
6560
6559
6554
6549
6545
6544
6543
6542
6541
6540
6539
6538
6537
6536
6535
6534
6553
6548
6533
6532
6531
4710
6547
4711
6552
4712
6557
4713
6566
6571
4714
6587
6592
6608
4715
6624
4716
6627
6628
6625
6609
6593
6588
6594
6610
6611
6595
6596
6612
6613
4955
6630
4717
6632
6651
6634
6635
6636
4956
6637
6638
6639
6640
6641
6642
6643
6644
6645
6646
6647
6648
6649
6650
6652
6653
7475
7476
6657
4958
6656
6659
6661
4959
7477
7478
7479
7480
7481
4960
7482
7483
7484
7485
6765
6782
6799
6798
6797
6796
6779
6780
6781
6764
6763
6762
6761
6778
6795
6812
6813
6814
6815
6816
7490
7489
7488
7487
7486
3684
2000
3680
1999
3676
1998
3672
1997
3668
1996
3664
1995
3665
3669
3666
3670
3678
3674
3673
3677
3681
3682
3686
3690
3689
3685
2001
3688
2002
3692
2003
3696
2004
3700
2005
3704
2006
3708
2007
3713
3718
2008
3737
2009
3741
2010
3745
2011
3749
2012
3753
2013
3757
2014
3761
2015
3765
2016
3769
2017
3773
2018
3777
2019
3781
2020
3785
2021
3789
2022
3794
2023
3799
2024
3804
2025
3809
2026
3814
2027
3819
2028
3824
3829
2219
3825
3820
3815
3810
3805
3800
3795
3790
3786
3782
3778
3774
3770
3766
3762
3758
3754
3750
3746
3747
3751
3755
3759
3763
3767
3771
3775
3779
3783
3787
3791
3796
3801
3806
3811
3816
3821
3826
3830
2220
3842
3838
3834
3833
2029
3837
2030
3841
2031
3845
3846
2221
3849
3853
2032
3852
3856
2033
3874
3878
3881
3885
3904
3923
3927
3906
3905
3886
3887
3888
3907
3908
3909
3910
3911
3912
3913
3914
3915
3916
3917
3918
3899
3898
3897
3896
3895
3894
3893
3892
3891
3890
3889
2224
2223
3875
3857
3858
3859
3860
3861
3862
3863
3864
3865
3866
3867
3868
3869
3870
3871
3872
3854
3850
3847
3843
3839
3835
3831
3827
3822
3817
3812
3807
3802
3797
3792
3788
3784
3780
3776
3772
3768
3764
3760
3756
3752
3748
3744
3740
3735
3716
3711
3707
3712
4438
2217
4437
4436
4435
4434
4433
4432
4431
4430
4429
4428
4427
4426
4425
4424
4423
3616
2216
3634
3639
3644
3663
3643
3638
3633
3632
3631
3630
3629
3628
3627
3626
3625
3624
3623
3622
3621
3620
3619
3618
3614
3615
3596
3597
3598
3599
3600
3601
3602
3603
3604
3605
3606
3607
3608
3609
3610
3611
3612
3593
4422
4421
3590
3587
4420
4419
3584
3581
4418
4417
2214
3578
3559
4416
4415
3555
3551
4414
4413
3547
3544
4412
4411
3540
3536
4410
4409
3532
3531
3535
3539
3543
3546
3550
3554
3558
3577
3576
3575
3574
3573
3572
3571
3570
3569
3568
3567
3566
3565
3564
3563
3549
3553
3557
3562
3561
3580
3583
3586
3589
3592
3595
2215
1992
3613
3617
1993
3635
1994
3640
3645
3646
3641
3636
3637
3642
3647
3648
3649
3650
3651
3652
3653
3654
3655
3656
3657
3658
3659
3660
3661
3662
3667
3671
3675
3679
3683
3687
3691
3695
3699
3703
3702
3698
3694
3693
3697
3701
3705
3706
3710
3709
3714
3715
3739
3743
3742
3738
3719
3720
3721
3722
3723
3724
3725
3726
3727
3728
3729
3730
3731
3732
3733
3734
3736
3717
4439
4440
4441
4442
4443
4444
4445
4446
4447
4448
4449
4450
4451
4452
2218
4453
3793
3798
4454
4455
3803
3808
4456
4457
3813
3818
4458
4459
3823
3828
4460
4461
3832
3836
4462
4463
3840
3844
4464
4465
3848
3851
4466
4467
3855
3873
2222
3876
3879
3882
3901
3900
3919
3920
3921
3902
3883
3880
3877
4468
4469
4470
4471
4472
4473
3925
3929
4474
4475
3933
3932
3924
3928
3937
4476
4477
3941
3936
3940
3944
3948
3949
3945
4478
4479
4480
3953
3952
3956
3957
4481
4482
3961
3960
3982
3985
3988
3991
3994
3997
4000
4003
4006
4025
4024
4023
4022
4021
4020
4019
4018
4017
4016
4015
4014
4013
4012
4011
4010
4009
3963
2225
3959
2043
3958
2044
3962
2045
3981
2046
3984
2047
3987
2048
3990
2049
3993
2050
3996
2051
3999
2052
4002
2053
4005
4008
2054
4027
2055
4029
2056
4031
2057
4033
2058
4035
2059
4037
2060
4039
2061
4042
2062
4045
2063
4048
2064
4051
2065
4054
2066
4057
2067
4060
2068
4063
2069
4066
2070
4069
2071
4072
2072
4075
2073
4078
2074
4081
2075
4084
2076
4086
2077
4088
2078
4090
2079
4092
2080
4094
2081
4096
2082
4098
2083
4100
2084
4102
2085
4104
4106
4107
4108
4109
4110
4128
4127
4126
4125
4124
2086
4143
2087
4145
2088
4147
2089
4149
2090
4150
2091
4151
2092
4152
2093
4153
2094
4154
2095
4155
2096
4156
2097
4157
2098
4158
2099
4159
2100
4160
2101
4161
2102
4162
2103
4163
2104
4164
2105
4165
2106
4166
2107
4167
2108
4168
2109
4169
2110
4170
2111
4171
2112
4172
2113
4173
2114
4174
2115
4175
2116
4176
2117
4177
2118
4178
2119
4179
2120
4180
2121
4181
2122
4182
2123
4183
2124
4184
2125
4185
2126
4186
2127
4187
2128
4188
2129
4189
2130
4190
2131
4191
2132
4192
2133
4193
2134
4194
2135
4195
2136
4196
2137
4197
2138
4198
2139
4199
2140
4200
2141
4201
2142
4202
2143
4203
2144
4204
2145
4205
2146
4206
2147
4207
2148
4208
2149
4209
2150
4210
7638
7637
7636
7635
7634
7633
7632
7631
7630
7629
7628
7627
7626
7625
7624
7623
7622
7621
7620
7619
7618
7617
7616
7615
7614
7613
7612
7611
7610
7609
7608
7607
7606
7605
7604
7603
7602
7601
7600
7599
7598
7597
7596
7595
7594
7593
7592
7591
7590
7589
7588
7587
7586
7585
7584
7583
7582
7581
7580
7579
7578
7577
7576
7575
7574
7222
4977
7219
7220
7573
7572
7571
7179
7570
7569
7175
7172
7568
7168
7567
7566
7164
7163
7167
7171
7174
7178
7181
7182
7185
7184
7202
7201
7218
7217
7200
7199
7216
7215
7198
7197
7214
7213
7212
7211
7210
7209
7196
7195
7194
7193
7192
7191
7208
7207
7206
7189
7190
4976
7177
4791
7176
7180
4792
7183
7186
7187
7188
7205
7204
7203
4793
7221
4794
7223
4795
7224
4796
7225
4797
7226
4798
7227
4799
7228
4800
7229
4801
7230
4802
7231
4803
7232
4804
7233
4805
7234
4806
7235
4807
7236
4808
7237
4809
7238
4810
7239
4811
7240
4812
7241
4813
7242
4814
7243
4815
7244
4816
7245
4817
7246
4818
7247
4819
7248
4820
7249
4821
7250
4822
7251
4823
7252
4824
7253
4825
7254
4826
7255
4827
7256
4828
7257
4829
7258
4830
7259
4831
7260
4832
7261
4833
7262
4834
7263
4835
7264
4836
7265
4837
7266
4838
7267
4839
7268
4840
7269
4841
7270
4842
7271
4843
7272
4844
7273
4845
7274
4846
7275
4847
7276
4848
7277
4849
7278
4850
7279
4851
7280
4852
7281
4853
7282
4854
7283
4855
7284
4856
7285
4857
7286
4858
7287
11423
11422
11421
11420
11419
11418
11417
11416
11415
11414
11413
11412
11411
11410
11409
11408
11407
11406
11405
11404
11403
11402
11401
11400
11399
11398
11397
11396
11395
11394
11393
11392
11391
11390
11389
11388
11387
11386
11385
11384
11383
11382
11381
11380
11379
11378
11377
11376
11375
11374
11373
11372
11371
11370
11369
11368
11367
11366
11365
11364
11363
11362
11361
11360
11359
11358
8064
11357
11356
11355
11354
11353
11352
11351
11350
10961
10960
10959
10991
10990
10989
10974
10972
10970
10968
10967
10965
10963
10953
10954
10955
10956
10957
10958
10943
10941
10938
10935
10932
10929
10926
10923
10920
10917
10914
10911
10908
10905
10899
10885
10880
10881
10865
10864
10862
10845
10827
10826
10824
10825
10842
10859
10858
10841
10840
10823
10822
10839
10856
10872
10857
10873
10874
10875
10876
10860
10843
10844
10861
10877
10878
10879
10863
10846
10847
10830
10829
10828
10812
10806
10800
10792
10791
10790
10789
10788
10787
10786
10785
8057
10777
10776
8056
8055
10769
10770
10763
10748
10738
10737
8053
10721
10722
10704
10703
10720
10736
10744
10745
10746
10747
10762
10761
7795
10760
10768
10775
10782
7796
10798
7797
10804
7798
10810
10811
10805
10799
10783
10784
10819
10820
10821
10838
10837
10836
10835
10818
10817
10816
10833
10834
10852
10853
10854
10855
10871
10870
10869
10868
8059
10851
10850
7799
10867
7800
10884
7801
10887
8060
8061
10888
10889
10890
10891
10892
10893
10894
10895
10896
10897
10898
10900
10901
10902
10882
10883
11334
10886
10903
11335
10906
10909
11336
11337
10912
10915
11338
11339
10918
10921
11340
11341
10924
10927
11342
11343
10930
10933
11344
11345
10936
10939
11346
11347
10942
10944
11348
11349
7144
4788
7161
4789
7165
4790
7169
7173
4975
7170
7166
7162
7145
7146
7147
7148
7149
7150
7151
7152
7153
7154
7155
7156
7157
7158
7141
7137
7132
7133
7134
7562
7563
7139
7143
7564
7565
7160
4974
7159
7142
7138
7128
7129
7561
7560
7124
7119
7559
7558
7114
7113
7118
7123
7127
7122
7117
7112
7107
7102
7103
7108
7109
7557
7556
7104
7099
7555
7554
7082
7065
7553
7552
7048
7031
7551
7550
7014
7010
7549
7548
6993
6988
7547
7546
6971
6967
7545
6963
7544
7543
6960
6959
6962
6966
6970
4966
6987
6992
4967
7009
7013
4968
7030
4969
7047
4970
7064
4971
7081
4972
7098
7063
7080
7097
7096
7079
7062
7061
7060
7059
7042
7041
7040
7057
7058
7075
7074
7073
7072
7055
7056
7039
7038
7037
7020
7021
7022
7023
7024
7025
7026
7027
7028
7029
7046
7045
7044
7043
7077
7078
7095
7094
7076
7093
7092
7091
7090
7089
7088
7071
7054
7053
7036
7019
7018
7017
7034
7033
7035
7052
7069
7070
7087
7086
7085
7084
7101
7106
7111
7116
7121
7126
7131
7136
4973
7140
7135
4787
7130
4786
7125
4785
7120
4784
7115
4783
7110
4782
7105
4781
7100
4780
7083
7066
7067
7068
7051
7050
7049
7032
7015
7016
7012
7011
4779
6994
6989
4778
6990
6995
6996
6997
6998
6999
7000
7001
7002
7003
7004
7005
7006
7007
7008
6991
6986
6985
6984
6983
6982
6981
6980
6979
6978
6977
6976
6975
6974
6973
6972
4777
6968
6969
6965
4965
6964
4776
6961
6958
4775
6955
4774
6939
6940
6941
6942
6943
6944
6945
6946
6947
6948
6949
6950
6951
6952
6953
6954
6956
6957
7542
4964
7541
7540
7539
7538
7537
7536
7535
7534
7533
7532
7531
7530
7529
7528
7527
7526
7525
7524
7523
7522
6918
6917
6916
6915
6914
6913
6912
6911
6910
6909
6908
6890
6891
6892
6893
6894
6895
6896
6897
6898
6899
6900
3884
3903
2034
3922
2035
3926
2036
3930
2037
3934
3938
2038
3931
3935
3939
3943
3947
3951
2039
3942
2040
3946
2041
3950
2042
3954
3955
3964
3965
3966
3967
3968
3969
3970
3971
3972
3973
3974
3975
3976
3977
3978
3979
3980
4483
3983
3986
4484
4485
3989
3992
4486
4487
3995
3998
4488
4489
4001
4004
4490
4491
4007
4026
2226
4492
4493
4028
4030
4494
4495
4032
4034
4496
4497
4036
2227
4038
4041
4498
4499
4044
4043
4040
4046
4047
4500
4501
4050
4049
4052
4055
4112
4111
4129
4130
4131
4113
4114
4132
4133
4134
4116
4115
4117
4135
4136
4118
4119
4137
4138
4139
4121
4120
4122
4123
4141
4140
4142
4105
4103
4101
4099
4097
4095
4093
4091
4089
4087
4085
4082
4079
4076
4073
4070
4067
4064
4061
4058
4056
4053
4502
4503
4504
4059
4062
4505
4506
4065
4068
4507
4508
4071
4074
4509
4510
4077
4080
4511
4512
4083
2228
4513
4514
4515
4516
4517
4518
4519
4520
4521
4522
2229
4523
4524
4525
4144
4146
4526
4527
4148
2230
4528
4529
4530
4531
4532
4533
4534
4535
4536
4537
4538
4539
4540
4541
4542
4543
4544
4545
4546
4547
4548
4549
4550
4551
4552
4553
4554
4555
4556
4557
4558
4559
4560
4561
4562
4563
4564
4565
4566
4567
4568
4569
4570
4571
4572
4573
4574
4575
4576
4577
4578
4579
4580
4581
4582
4583
4584
4585
4586
4587
4588
6
7
8
9
150
151
149
148
146
147
145
144
142
143
141
140
138
139
137
136
134
135
133
132
130
131
129
128
126
127
125
124
122
123
121
120
118
119
117
116
114
115
113
112
110
111
109
108
4254
2324
2322
4253
4252
2320
2318
4251
4250
2316
2314
4249
4248
2312
2310
4247
4246
2308
2306
4245
4244
2304
2302
4243
2152
4242
4241
4240
4239
4238
4237
4236
4235
4234
4233
4232
4231
4230
4229
2268
2287
2286
2285
2284
2283
2282
2281
2280
2279
2278
2277
2276
2275
2274
2273
2272
2271
2270
1843
2265
1844
2267
2269
1845
2288
1846
2289
1847
2290
1848
2291
1849
2292
1850
2293
1851
2294
1852
2295
1853
2296
1854
2297
1855
2298
1856
2299
1857
2300
1858
2301
1859
2303
1860
2305
1861
2307
1862
2309
1863
2311
1864
2313
1865
2315
1866
2317
1867
2319
1868
2321
1869
2323
1870
2325
1871
2327
1872
2329
1873
2331
1874
2333
1875
2336
1876
2339
2154
1877
1878
1879
1880
1881
1882
1883
1884
1885
1886
1887
1888
2366
2367
2368
2369
2370
2371
2372
2373
2374
2375
2376
2377
2378
2379
2380
2381
2382
2383
2386
2364
2362
2360
2358
2356
2357
4268
4267
4266
4265
2349
4264
4263
2347
2345
4262
4261
2343
2341
4260
4259
2338
2335
4258
2332
2328
2326
4255
4256
4257
2330
2153
2334
2337
2340
2342
2344
2346
2348
2350
2351
2353
2352
2354
2355
2359
4269
4270
2361
2363
4271
4272
2365
2384
4273
2387
2390
4274
4275
2393
2392
2389
2398
2401
2395
2396
4276
4277
2399
2402
4278
4279
2405
2404
2407
2408
4280
4281
2411
2410
2412
2431
2450
2449
2448
2429
2430
2428
2447
2446
2427
2426
2445
2444
2425
2424
2443
2442
2441
2440
2423
2422
2421
2420
2439
2438
2437
2418
2419
2417
2416
2435
2436
2434
2415
2414
2433
1898
1899
1900
1901
1902
1903
1904
1905
1906
1907
1908
1909
1910
1911
1912
1913
1914
1915
1916
1917
2160
2522
2159
2505
2506
2507
2508
2509
2510
2511
2512
2513
2514
2515
2516
2517
2518
2519
2502
2499
2496
2497
2494
2493
2490
2491
2488
2487
2484
2485
2479
2476
2477
2480
4294
4293
4292
2474
2473
2470
2471
4291
4290
2468
2467
2464
2458
2158
2456
2457
4287
4286
4283
4282
2413
2156
2432
2451
2157
4284
4285
2453
2452
2454
2455
2459
4288
4289
2465
2462
2461
2460
2463
2466
2469
2472
2475
2478
2481
2482
2483
4295
4296
2486
2489
4297
4298
2492
2495
4299
4300
2498
2501
4301
4302
2504
2503
2500
2521
2520
2525
4303
4304
2544
2550
4305
4306
2556
2555
2549
2543
2524
2523
2161
2542
2548
2554
2560
2532
2533
2534
2535
2536
2537
2538
2539
2540
2541
2547
2553
2559
2564
2565
2571
2570
2577
2578
2584
2585
2593
2586
2579
2572
2566
2561
2562
4307
4308
2567
2573
4309
4310
2580
2587
4311
4312
2594
2602
4313
4314
2609
2608
2607
2614
2613
2606
2599
2591
2592
2600
2601
2615
2616
4315
4316
4317
2629
2623
2622
2621
2620
2626
2632
2633
2627
2628
2167
2634
2639
4318
4319
4320
4321
2169
2658
2170
2677
2171
2696
2714
2715
4322
4323
2734
2740
4324
4325
4326
4327
4328
2775
2780
4329
4330
2785
2790
4331
4332
2795
4333
4334
4335
2813
2806
2800
2176
2799
2811
2810
2830
2849
2855
2850
2880
2874
2873
2872
2871
2870
2869
2868
2867
2866
2865
2864
2863
2862
2861
2860
2885
2886
2887
2888
2889
2890
2891
2892
2893
2894
2895
2896
2897
2879
2181
2898
2903
2904
4342
4341
4340
2899
2881
4339
4338
2875
2180
2856
4337
4336
2851
2179
2832
2831
2178
2812
2805
2804
2803
2798
2793
2794
2789
2788
2783
2784
2779
2778
2773
2768
2762
2763
2743
2737
2738
2744
2764
2769
2774
2770
2765
2175
2746
2745
2739
2733
2732
2173
2713
2172
2695
2694
2675
2676
2657
2638
2637
2656
2655
2654
2673
2692
2711
2710
2728
2727
2708
2709
2691
2671
2690
2689
2688
2707
2726
2725
2724
2723
2722
2703
2683
2702
2721
2720
2701
2682
2663
2662
2661
2642
2643
2168
2644
2645
2646
2664
2665
2684
2704
2705
2706
2687
2668
2667
2686
2685
2666
2647
2648
2649
2650
2669
2670
2651
2652
2653
2672
2674
2693
2712
2731
2730
2729
2761
2760
2759
2758
2757
2756
2755
2754
2753
2752
2751
2750
2749
2748
2747
1928
2766
1929
2771
1930
2776
1931
2781
1932
2786
1933
2791
1934
2796
2801
1935
2807
2814
2815
7404
7403
5720
4892
5737
5746
5747
5757
5773
5772
5783
5793
5794
5784
7405
7406
5805
7407
7408
7409
7410
2915
1941
2910
1940
2905
1939
2911
2916
2920
1942
2921
2926
2925
2929
1943
2930
2934
2933
2937
1944
2956
1945
2963
2964
2957
2938
2939
2958
2965
2971
2970
1946
2989
1947
2997
1948
3005
3013
7416
7415
5994
5999
6005
7417
7418
6011
6017
7419
7420
6023
6028
7421
7422
6034
6051
4919
7423
7424
1953
3103
3085
3077
1952
3070
2190
3071
3064
3063
1951
3062
3054
1950
3046
1949
3038
3039
3047
3055
3056
3048
3040
3041
2189
3049
3057
3065
3072
3080
3079
3078
3086
3104
3105
3087
3088
3089
3106
3114
3123
3142
3141
3122
3121
3113
3112
1954
3111
3119
3120
3139
3140
3159
3160
3178
3187
3196
3205
3204
3195
3186
3177
3158
3138
3157
3176
3185
3194
3203
3212
3220
3213
3221
3222
3223
3214
2200
3206
2199
3197
2198
3188
2197
3179
2196
3161
3162
3163
3164
3145
3126
3125
3144
3143
3124
3090
3091
3092
3093
3094
3095
3096
3097
3098
3099
3133
3132
3151
3150
3131
3130
3129
3148
3167
3166
3165
3146
3127
3128
3147
3149
3168
3169
3170
3171
3152
3153
3172
3180
3181
3182
3183
3191
3190
3189
3198
3199
3200
3201
3192
3193
3202
4370
4369
3184
4368
4367
4366
4365
3137
3118
4364
4363
3110
3109
3108
3116
3117
2193
3136
3155
2194
3156
3175
3174
2195
3173
3154
3135
3134
3115
3107
3100
3082
3081
3066
3073
3074
3067
3060
3068
3075
3083
3101
2191
2192
3102
3084
4362
4361
3076
3069
4360
4359
3061
3053
4358
4357
3045
3037
4356
4355
3031
2187
3012
4354
4353
4352
2996
2988
4351
4350
2969
2962
4349
4348
2955
2954
2961
2936
2932
4347
2928
4346
4345
2924
2919
4344
4343
2914
2909
2908
2913
2918
2923
2927
2931
2935
2184
2185
2953
2960
2967
2968
2987
2986
2186
2985
2993
2992
3000
3001
3002
2994
2995
3003
3004
3011
3010
3030
3036
3035
3043
3044
3052
3051
3059
3058
3050
3042
3034
3028
3029
3009
3008
3027
3026
3025
3024
3023
3022
3021
3020
3019
3018
3017
3016
3015
3033
2188
3032
3014
3006
3007
2999
2998
2990
2991
2972
2973
2974
2975
2976
2977
2978
2979
2980
2981
2982
2983
2984
2966
2959
2952
2951
2950
2949
2948
2947
2946
2945
2944
2943
2942
2941
2940
2183
2182
2922
2917
2912
2907
2906
2901
2902
2884
2878
2877
2883
2900
1938
2882
2876
1937
2857
2858
2859
2854
2853
2852
1936
2833
2834
2835
2816
2817
2836
2837
2818
2819
2838
2839
2820
2821
2840
2841
2842
2843
2844
2845
2846
2847
2848
2829
2828
2827
2826
2825
2824
2823
2822
2177
2809
2808
2802
2797
2792
2787
2782
2777
2772
2767
2742
1927
2741
2735
2736
2717
2716
2697
2698
2699
2718
2719
2174
2700
2681
2680
2679
2678
2659
2660
2641
2640
2635
2636
2631
1926
2630
2624
1925
2617
2610
1924
2603
2595
1923
2588
2581
1922
2574
2568
1921
2575
2576
2582
2164
2589
2597
2596
2604
2611
2625
2618
2619
2166
2612
2605
2165
2598
2590
2583
2163
2569
2563
2162
2558
2552
2546
2531
2530
2529
2528
2527
2526
1918
2545
1919
2551
1920
2557
7385
7384
7383
7382
7381
7380
7379
7378
7377
7376
7375
5359
5376
5383
5389
5396
5403
5402
5409
5416
5410
5417
5423
5430
5422
5429
5445
5452
5478
4881
5487
5497
5498
5499
5509
5510
5526
5525
5551
5550
5560
5570
5581
5582
5572
5562
5563
5571
5561
5552
5553
7391
7392
7393
5573
5583
7394
7395
5593
5592
5602
5603
7396
7397
5613
5630
5639
7398
7399
5649
5659
7400
7401
5669
5679
7402
5688
5687
4887
5677
5678
5668
5658
5648
5638
5637
5628
5627
5636
5646
5647
5657
5667
5666
5656
5645
5655
5665
5675
5676
5686
5685
5701
5710
5700
5699
5698
5697
5696
5695
5694
5684
5674
5664
5654
5644
5634
5619
5620
5621
5622
5623
5624
5625
5635
5626
5609
5599
5589
5600
5610
5611
5629
5612
5601
5591
5590
5580
5579
5569
5559
5549
5539
5538
5537
5521
5522
5523
5507
5508
5524
5540
5541
5542
5543
5527
5511
7390
7389
5501
5500
5489
5480
5479
5488
5490
5481
7388
7387
7386
5455
5472
4878
5471
5454
5447
5446
5453
5470
5469
5468
5467
5466
5465
5464
5463
5462
4879
5461
5460
5459
5476
5477
5485
5486
5518
5519
5520
5536
5535
5534
5533
5517
5516
4883
5506
4882
5496
5495
5484
5494
5493
5483
4880
5475
5458
5457
5474
5473
5456
5448
4663
5431
5432
5424
4662
5411
4661
5404
4660
5397
4659
5390
4658
5377
5360
5361
5344
5343
4657
5320
5321
5322
5337
5338
5346
5345
5362
5363
5364
5347
5348
5349
5350
5351
5352
5353
5370
5369
5368
5367
5366
5365
4875
5386
5393
5400
5407
5414
5420
5419
5413
5406
5399
5392
5385
5380
5379
5378
4876
5384
5391
5398
5405
5412
4877
5418
5425
5426
5427
5435
5451
5450
5449
5433
5434
5436
5437
5438
5439
5440
5441
5442
5443
5444
5428
5421
5415
5408
5401
5394
5387
5381
5395
5388
5382
5375
5374
5357
5358
5340
5335
5319
5336
5341
5342
7374
7373
7372
7371
5302
5301
5300
5318
5317
5334
5333
5339
5356
5373
5372
5371
5354
5355
5332
5294
5289
4873
5269
5274
5275
5290
5295
5296
7370
4874
4872
5270
4870
5264
5265
5249
7369
7368
7367
7366
7365
7364
7363
7362
5183
5180
5179
5178
5182
5199
5200
5217
5245
5248
5263
5262
5261
5260
5259
5258
5257
5256
5255
5254
5253
5252
4868
5268
5273
5279
5280
5281
5282
5283
5284
5285
5286
5287
5288
5293
5299
5316
5315
5314
5331
5330
5313
5312
5329
5328
5311
5310
5309
5326
5327
5325
5308
5307
5324
5323
5306
5298
5292
5291
5297
5305
5304
5303
4656
4655
5276
5277
5278
5272
4871
5267
4869
5251
4867
5247
5246
4866
5230
5231
5232
5233
5234
5235
5236
5237
5238
5239
5240
5241
5242
5243
5244
5228
5224
5220
5216
5215
5214
5213
5212
5211
5210
5209
5192
5193
5194
5195
5196
5197
5198
5177
5159
5160
5161
5162
5144
5141
5143
4863
5140
5139
5138
5137
5136
5157
5158
5176
5175
5174
5156
5155
5173
5172
5154
5153
5152
5170
5171
5191
5208
5207
5190
5189
5206
5205
5188
5187
5204
5222
5218
4653
5221
4654
5225
5229
5226
5227
5223
5219
4865
5203
5186
5185
5202
5201
5184
5163
5145
4652
5125
5126
4651
4650
4649
5120
5103
5121
5122
5123
5124
5127
5142
5147
5146
5164
4864
5181
5165
5166
5167
5168
5169
5151
5150
5149
5148
5128
5129
5130
5131
5132
5133
5134
5135
4862
5106
5089
5071
5088
5105
5104
5087
5086
5052
5069
5070
5053
5054
5055
5072
5073
5074
5057
5056
5058
5059
5060
5077
5076
5075
5092
5091
5090
5107
5108
5109
5110
5093
5094
5111
5112
5095
5096
5113
5114
5097
5080
5079
5078
5061
5062
5063
5064
5065
5066
5067
5068
5085
5102
5101
5084
5083
5082
5081
5098
5115
5116
5099
5100
5117
5118
5119
7356
7357
7358
7359
7360
7361
2155
2409
1897
2406
1896
2403
1895
2400
1894
2397
1893
2394
1892
2391
1891
2388
1890
2385
1889
7355
7354
7353
7352
7351
7350
7349
5034
5051
5050
5049
5048
5047
5046
5045
5044
5043
5042
5041
5040
5039
5038
5037
5036
4860
4861
5035
4859
4648
4647
4646
5014
5015
5016
5017
5018
5019
5020
5021
5022
5023
5024
5025
5026
5027
5028
5029
5030
5033
7348
7347
5032
5031
7346
7345
7344
7343
7342
7341
5013
5012
5011
5010
5009
5008
5007
5006
5005
5004
5003
5002
5001
5000
4999
4998
4997
7340
7339
7338
7337
7336
7335
7334
7333
7332
7331
7330
7329
7328
7327
7326
7325
7324
7323
7322
7321
7320
7319
7318
7317
7316
7315
7314
7313
7312
7311
7310
7309
4979
4980
4981
4982
4983
4984
4985
4986
4987
4988
4989
4990
4991
4992
4993
4994
4995
7308
7307
7306
7305
7304
7303
7302
7301
7300
7299
7298
7297
7296
7295
7294
7293
7292
7291
7290
7289
7288
1824
1825
1826
1827
1828
1829
1830
1831
1832
1833
1834
1835
1836
1837
1838
1839
1840
1841
1842
2246
2247
2248
2249
2250
2251
2252
2253
2254
2255
2256
2257
2258
2259
2260
2261
2262
2263
2266
4228
2264
2245
4227
4226
2244
2243
4225
4224
2242
2241
4223
4222
2240
2239
4221
4220
2238
2237
4219
4218
2236
2235
4217
4216
2234
2233
4215
4214
2232
2231
4213
2151
4212
4211
1005
1004
1003
1002
1001
1000
999
998
997
996
995
994
993
992
991
990
989
988
987
986
985
984
983
982
981
980
979
978
977
976
975
974
973
972
971
970
969
968
967
966
965
964
963
962
961
960
959
958
957
956
955
954
953
952
951
950
949
948
947
946
945
944
943
942
941
940
939
938
937
936
935
934
933
932
931
930
929
928
927
926
925
924
923
922
921
920
919
918
616
917
916
915
914
913
912
911
910
909
908
907
906
905
904
903
902
901
900
899
898
614
897
896
895
894
893
892
891
890
889
888
887
886
885
884
883
882
881
880
879
878
877
876
613
875
874
873
872
871
870
869
612
868
867
866
865
864
863
862
861
860
859
858
857
856
855
854
853
852
851
850
849
848
610
847
846
845
844
843
842
841
840
839
838
837
836
835
834
833
832
831
830
829
828
827
609
607
789
788
787
786
785
784
783
782
781
780
779
778
777
776
775
774
773
772
771
770
769
768
767
766
765
606
764
763
762
761
760
604
759
758
757
756
755
754
753
51869
51870
56699
51867
51568
51865
56698
56697
51863
51861
56696
46866
46883
46900
46391
46917
46921
46924
46925
46922
46918
46901
46902
46885
46868
46867
46884
46886
46869
46870
46871
46872
46873
46874
46875
46876
46893
46910
46909
46892
46891
46908
46907
46890
46906
46889
46888
46887
46905
46904
46903
46573
46575
46577
46932
46931
46928
46927
46392
46930
46393
46935
46394
46940
46395
46945
46950
46955
46396
46971
46397
46976
46981
46997
46398
47001
46399
47005
46400
47009
47014
47032
47033
46588
47049
47053
47052
46401
47068
47072
46402
47094
56709
52068
52075
56710
56711
52081
52088
56712
56713
52095
52102
56714
56715
52110
52109
52101
52094
52093
52086
52087
52080
52079
52100
52108
52116
51596
52133
52150
52149
51598
52158
52159
52166
52167
52174
52173
52180
52187
52188
52181
52182
56720
56719
52175
52168
56718
52160
52152
52151
52134
52135
56717
56716
52118
52117
52132
52115
52107
52099
52092
52085
52078
52072
52065
51587
52058
52059
52066
52073
52074
52067
52060
52061
52053
56708
56707
52047
52046
52052
52051
52045
52040
51999
52000
51582
52007
52023
51583
52024
51584
52041
52025
51585
56706
52009
52008
52002
52003
51987
51970
51579
51964
51578
51576
51954
56705
56704
51948
51959
51953
51947
51942
51937
51573
51921
51920
51919
51918
51917
51916
51915
51914
51913
51912
51911
51910
51909
51926
51925
51927
51928
51929
51930
51931
51932
51933
51934
51935
51936
51941
51946
51952
51958
51963
51969
51986
52001
51985
51984
51983
51982
51998
51997
51996
51981
51980
51979
51994
51995
52017
52018
52019
52020
52021
52022
52039
52038
52037
52036
52035
52034
52033
52016
52015
52032
52031
52014
52013
52030
52044
52050
52049
52043
52028
52029
52012
52006
51581
51989
51990
51991
51992
51993
51978
51977
51976
51975
51974
51973
51971
51972
51580
51988
52005
52004
52010
52011
52027
52026
51393
52042
51586
52048
52054
51394
52055
52056
52057
52064
52071
52077
52084
51593
52125
52124
52123
52122
52121
52137
52155
52163
52170
52177
52184
52176
51600
52169
51599
52162
51396
52161
51397
52183
52190
51601
52191
52207
52206
52216
52217
52227
52228
52229
52238
52237
52236
52246
52247
52248
52258
52268
52277
52286
52285
52284
51606
52275
52255
52256
52257
52267
51605
52276
52266
52265
52264
51403
52254
51402
52244
51401
52245
52235
51604
52226
52225
51400
52215
51399
52205
51398
52197
52198
52199
52200
52208
52218
52219
52209
51602
52192
52185
52178
52171
52164
52156
52138
52139
52140
51597
52141
52142
52126
52127
52143
52144
52128
52129
52145
52146
52130
52131
52147
52148
52157
52165
52172
52179
52186
52193
52201
52210
52211
52212
52213
52203
52202
51603
52194
52195
52196
56722
56721
52189
52204
52214
56723
56724
52224
52234
52242
52252
52251
52261
52262
52263
56728
56727
52253
52243
56726
56725
46408
47251
46409
47262
46410
47273
47284
46411
47285
47295
46609
47296
47297
47308
47319
47317
47333
47334
46611
47344
47355
47354
47353
47343
47332
46413
47316
47305
46412
47306
47307
47318
47320
47310
47309
47298
47299
47289
47288
47286
47287
47276
47275
47274
47263
47264
47253
47252
47242
46607
47233
46407
46406
47223
47224
47234
47243
47244
47254
47265
47266
47277
47278
47267
47256
47255
47245
47246
47237
47236
47235
47225
47215
47214
47213
46405
46404
47203
47187
46403
47179
47180
47188
47204
47205
47189
47181
47174
47159
47190
47206
47207
47217
47216
47226
47227
47195
47194
47193
47192
47191
46605
46604
47160
47161
47162
47163
47164
47165
47166
47167
47168
46603
47175
47183
47182
47196
47197
47198
47199
47209
47208
47218
47219
47220
47210
47200
47184
47185
47170
47171
51138
51139
47186
47178
47177
47176
47169
46601
47152
47146
47145
47144
47143
47142
47141
47140
47139
47138
47137
47136
47120
47121
47122
47123
47124
47125
47126
47127
47128
47129
47130
47131
47132
47133
47148
51137
47154
47153
47147
47116
47112
46594
47107
47102
47097
47091
47092
47098
47103
47108
51136
47117
47113
47109
51135
51134
47104
47099
51133
51132
47093
47088
47071
51131
46589
51130
51129
47031
47048
47051
47050
47066
47067
47069
47070
47087
47086
47085
47084
47083
47082
47081
47080
47079
47078
47077
47076
47075
47090
47096
47101
47106
47111
47115
47119
46597
46599
47135
46600
47151
47158
47157
47173
47172
46602
47156
47155
47149
47150
47134
46598
47118
46596
47114
46595
47110
46593
47105
46592
47100
46591
47095
47089
46590
47073
47074
47054
47055
47056
47057
47058
47059
47060
47061
47062
47063
47064
47065
47042
47043
47044
47045
47046
47047
47029
47030
47012
47003
46586
46587
47007
47008
47004
47000
46583
51127
51126
51125
51124
46954
46949
46944
46943
46579
46938
46939
51123
51122
46934
46933
46578
46929
46926
46576
46923
46574
46920
46919
46915
46914
46913
46911
46912
46895
46894
46877
46878
46879
46896
46897
46898
46880
46881
46882
46571
46899
51118
51119
51120
46916
46572
51121
40844
40843
40842
40841
790
791
792
793
794
795
796
797
798
799
800
801
802
803
804
805
806
807
808
809
810
811
812
813
814
815
816
817
818
819
820
821
822
823
824
825
826
40603
40604
40605
40606
40607
40608
40609
40610
40611
40612
40613
40614
40615
40616
40617
40618
40619
40620
40621
35935
35933
35932
35931
35930
35929
35928
35927
35926
35925
35924
35923
35922
35921
35920
35919
35937
35936
35433
35953
35956
35434
35974
35977
35979
35980
35981
35997
35996
35995
36011
36027
36028
36044
36060
36077
36079
36082
36081
35436
35437
36084
35620
36087
36085
36088
36093
36098
36103
36108
36112
36116
36121
36136
36120
35631
36115
35629
36111
35627
36107
35625
36102
35624
36097
35623
36092
35438
36091
46176
41526
41533
46177
46178
46179
41583
46180
35439
36135
36142
35633
36143
36151
36158
36165
36164
36157
36150
35440
36149
35441
36156
35442
36163
36170
35443
36171
35635
36177
36172
36178
36185
36184
35444
36183
36190
35445
36196
36202
35446
36218
36204
36191
36197
36203
36219
36225
36226
36227
36242
36251
36250
36268
35640
36284
36283
36267
36266
36249
36241
36224
35447
36240
36248
36265
36282
35448
36290
35449
36299
35450
36308
36309
36310
36311
36312
36303
36302
36301
36300
36291
36292
36293
36294
36285
36269
36270
36271
36272
36273
36274
36275
36336
36353
36354
36337
36338
36355
36356
36339
36340
36357
36358
36367
36378
36388
36405
36404
36403
36402
36401
36400
36399
36398
36397
36387
36377
35642
36351
36352
36335
36334
36333
36332
36322
36350
36349
36366
36376
36375
36365
36348
36331
36321
36320
36319
35451
36318
36328
36329
36330
36347
36364
36363
36346
36345
36362
35452
36372
36383
36393
36410
36419
36420
35646
36411
35644
36395
36394
36373
36374
35643
36384
36385
36386
36396
36414
36413
36412
36421
36422
36423
36434
35647
35649
36446
35650
36463
36447
36448
36464
36465
36466
36478
36490
36489
36501
36502
36503
36519
40660
36537
36550
40661
40662
36563
36576
40663
40664
36589
36602
40665
40666
36615
36614
36601
36588
36575
36562
36561
36548
36549
36536
36518
35654
36517
36535
36534
36500
36499
36516
36533
36532
36515
36498
36486
36487
36488
36477
36476
36475
35651
36462
36461
36460
36459
36458
36445
36444
36457
36456
36455
36454
36442
36443
35648
36433
36432
36431
36430
36429
36440
36441
36453
36452
35453
36468
36480
36492
36504
36506
36505
36493
36481
36469
36470
36471
36483
36482
36494
36495
36507
36508
36524
36523
36522
36540
36539
36521
36520
35454
36538
35455
36551
35456
36564
35457
36577
35458
36590
35459
36603
36616
35460
36632
35461
36645
36658
35462
36659
36672
36673
36674
35657
36690
36691
36692
36676
36675
36661
36648
36635
36636
36649
36662
36663
36650
36637
36621
36622
36623
36624
36625
36626
36610
36597
36598
36599
36586
36585
36584
36609
36596
36583
36570
36569
36582
36581
36568
36567
36580
36579
36592
36605
36593
36594
36595
36608
36620
36619
36607
36606
36618
36634
36647
36660
36646
36633
36617
36604
36591
36578
36565
36552
36566
36553
36554
36541
36542
36555
36556
36557
36544
36543
36525
36509
36496
36484
36472
36473
36474
35652
36485
35653
36497
36510
36526
36527
36511
36512
36528
36529
36513
36514
36530
36531
36545
36546
36547
36560
36559
36558
36571
36572
36573
36574
36587
36600
36613
35655
36629
36642
36655
36656
36669
36668
36685
36698
36710
36709
36725
36724
36740
36741
36742
36755
36771
36787
36786
36770
36754
36753
36769
36768
36767
36783
36784
36785
36798
36816
36817
36799
36800
36801
36788
36789
40675
40674
36802
35668
36819
36830
40676
40677
36842
36854
40678
40679
36866
36878
40680
40681
36889
36901
40682
40683
36913
40685
40684
36926
35672
36943
36959
36977
40686
40687
37028
35675
37011
35674
36995
36994
36976
36975
36993
36991
36973
36972
35673
36940
36939
36938
36937
36922
36909
36897
36885
36874
36862
36850
36838
36826
36815
36827
36839
36851
36863
36875
36876
36864
36852
36840
36828
36818
36829
36841
36853
36865
36877
36888
36887
36886
36898
36899
36900
36912
36911
36910
36923
36924
36941
36925
36942
36957
36958
36956
36974
36992
37009
37010
37027
37042
37056
37057
37070
37069
37086
37087
35679
37104
40692
40691
40690
40689
37043
40688
31815
31806
31797
31788
31770
31753
31746
30342
31739
30341
31724
31716
30340
31717
30557
31740
31747
31757
31758
31759
31776
31775
31748
31741
31726
31727
31728
31729
31730
31731
31732
31733
31721
31713
31714
31722
31734
31735
31736
31723
31715
31708
31700
31692
31683
31684
35236
35237
35238
35239
35240
35241
31738
31737
31745
31752
31768
31785
31769
35242
35243
31787
31786
30560
31796
31805
31814
31813
31812
31811
31820
31821
31803
31804
31795
30562
31802
31810
31794
31784
31767
31766
31783
31782
31793
31792
31781
31780
31779
31778
31777
31760
31761
31762
31763
31749
31764
31765
31750
31751
31744
31743
31742
31720
31712
31705
31706
31707
31699
31698
31697
31689
31690
31691
31679
30555
31671
31664
31665
31672
31680
31681
31682
31673
31666
31658
31657
31640
31639
31656
31655
31638
31637
31654
31653
31636
31635
31652
31651
31634
31633
31650
31649
31632
31631
31620
31619
31618
31629
31628
31627
31626
40673
36757
36773
36772
36756
36743
36744
36726
36727
36728
36712
36711
36699
36700
40672
40671
36687
36686
36670
40670
40669
36657
36644
36643
36630
36631
40667
40668
31485
31502
31503
31520
31519
31526
31527
31537
31536
31546
31547
31564
31563
30334
31578
30335
31588
31598
31615
30336
31616
31599
31589
31579
31580
31565
31548
31538
31528
31521
31504
31505
31488
31472
31474
31475
31476
31492
31491
31490
31507
31508
31509
30544
30546
31552
31551
31568
31569
31570
31553
31554
31555
31572
31571
31573
31556
31557
31558
31574
31584
31585
31575
30549
31559
31560
31532
31533
31534
31544
31545
30548
31562
35226
35227
31577
31587
35228
35229
31597
30550
31614
35230
35231
31625
31624
31623
31641
31642
30551
35232
35233
35234
35235
26586
25457
26587
25643
26593
26606
26612
26600
25458
26599
25459
26605
25460
26611
26617
25461
26618
25645
26623
26628
25462
26629
26630
26624
26619
26613
26607
26601
26594
26588
26572
25641
25640
26556
26557
26573
26558
26559
26574
26575
26576
26560
26561
26577
26578
26562
26563
26579
26580
26589
26595
26602
26608
26614
26620
26625
26631
26645
26644
26643
26642
26641
26640
26639
26638
26653
26637
26636
26652
26635
26634
25463
26651
26658
26659
26660
26661
26662
26663
26664
26665
26666
26667
26668
26690
26689
26707
26724
26723
26706
26688
26687
26686
26685
26684
26702
26703
26720
26721
26704
26705
26722
26740
26757
26758
26741
26742
26743
26726
26709
26708
26725
26727
26710
26711
26728
26745
26744
26761
26772
26760
26759
26771
26780
26781
26790
26789
26798
26807
26799
26808
25656
26809
26800
26791
26782
26773
26762
26763
26764
26765
26774
26783
25652
25653
26792
26793
26784
30116
26775
26766
26749
26732
26731
26748
26747
26746
26729
26712
26730
26713
26695
26696
26714
26715
26697
30115
26672
26679
25648
26671
26656
26657
30114
30113
26650
25646
26633
30112
30111
30110
30109
30108
26610
26616
26622
26627
26649
26655
26670
26678
26694
26693
26692
26691
26676
26677
26669
25647
26654
26646
26647
26648
26632
26626
26621
26615
26609
26603
26596
26590
26582
26581
26597
25644
26604
30107
26598
26592
26585
26584
26591
25642
26583
26567
26568
26569
30106
26553
26552
25639
26546
26540
30105
30104
26534
25638
25637
26507
26501
26495
30103
30102
26489
25634
26488
26494
26500
25635
25636
26506
26523
26528
26527
26532
26533
26539
26538
26544
26545
26551
26550
26566
26565
26564
26549
26543
26537
26531
26526
26504
26498
26492
26485
26486
26470
26469
26454
26449
26444
26439
26433
26467
26468
26484
26483
26482
26481
26465
26466
26464
26463
26462
26480
26479
26478
26477
26461
26476
26460
26459
26458
26474
26475
26491
26497
26503
26502
25449
26496
25448
26490
25447
26473
26457
26452
25446
26453
26448
26443
26438
26432
26425
26407
25441
26424
25442
26431
25443
26437
25444
26442
25445
26447
35223
30536
31460
31443
30535
31442
31425
30534
31408
30533
31409
31426
35222
35221
35220
31392
30532
31375
31376
31359
35219
35218
30530
31351
31334
31333
31326
31325
31324
30529
31331
31332
31350
31358
31374
31372
31356
31371
31370
31388
31389
31390
31406
31423
31422
31421
31404
31405
31403
31387
31369
31368
31367
31385
31401
31386
31402
31420
31437
31438
31455
31456
31439
31440
31457
31465
30538
31458
31459
31441
31424
31407
31391
31373
31357
31349
31348
31347
31346
31345
31344
31343
31342
31341
31340
31339
31330
31323
31316
31308
30526
31292
31294
31293
31277
31278
31279
31295
31296
31280
31281
31297
31298
31282
31283
31299
31301
31300
31284
31285
31286
31302
31303
31287
31269
30523
31261
30522
31262
31246
30521
31247
35215
31263
31270
31271
30524
31304
30525
35216
35217
31312
31311
31310
31309
30527
31317
31318
31319
30528
26333
26326
25436
26319
25435
26313
26298
26299
26293
25434
26292
26275
25433
26258
26253
26248
26259
26276
26294
26277
26278
26262
26261
25618
26260
25616
25615
26233
26232
26231
26226
25432
26209
26192
26193
26175
26176
26177
26194
26178
26195
26212
26211
26210
26227
26234
26235
26236
26237
26238
26239
26240
26241
26242
26243
26244
26267
26266
26265
26264
26263
26279
26280
26281
26282
26283
26284
26268
26269
26285
26286
26287
26271
26270
26272
26273
26255
26250
26251
26252
30090
30089
26247
25614
26246
26229
26230
30088
30087
25613
26225
26208
25612
26191
25611
26174
26173
26190
26207
26224
26228
26245
26249
26254
26256
26257
30091
30092
25617
26274
26291
26290
26289
26288
26296
26295
25619
26310
26311
26316
26317
26323
26324
26312
26297
30093
30094
30095
26318
26325
26332
26331
26330
26337
26355
26362
26361
25625
26367
26374
25626
26380
26386
26403
26404
26387
26388
26381
25628
26375
26376
26382
30098
26369
26368
30097
30096
26339
26338
26356
26354
26353
26335
25624
25622
26328
26329
26336
26322
26321
25621
26315
26309
26308
26307
26306
26305
26304
26303
26302
26301
26300
25620
26314
26320
26327
25623
26334
26342
26343
26344
26345
26346
26347
26348
26349
26350
26351
26352
26360
26366
26373
26379
26385
26400
26399
26398
26397
26396
26395
26394
26393
26392
26391
26384
26378
25627
26359
26365
26372
26371
26364
26358
26341
26340
25437
26357
25438
26363
25439
26370
26377
25440
26383
26389
26390
26408
26409
26410
26411
26412
26413
26414
26415
26416
26417
26418
26426
26419
26401
26402
26420
26421
26427
26434
26440
26441
26435
26428
26422
26423
26405
26406
30099
30100
26430
26429
25629
26436
25630
30101
25631
25632
25633
26472
26456
26451
26446
26445
26450
26455
26471
26487
26493
26499
26505
26522
26521
26520
26519
26518
26517
26516
26515
26514
26513
26512
26511
26510
26509
26525
26530
26536
26542
26548
26555
26571
25456
26570
26554
25455
26547
25454
26541
25453
26535
25452
26529
25451
26524
25450
26508
31535
31525
31518
35225
35224
31501
30540
30539
31468
31467
31466
31484
31483
31482
31481
31497
31496
31480
31479
31478
31477
31493
31510
31511
31494
31495
31512
31513
31514
31515
31516
30543
31524
31517
30541
31500
31499
31498
31523
31531
30545
30547
31541
31542
31543
31561
31576
31586
31596
31613
31612
31594
31595
31611
31622
31621
31610
31609
31608
31607
31606
31605
31604
31603
31593
31583
31582
31592
31602
31630
31647
31648
31663
31662
31669
31670
30554
31678
31688
31696
31704
31711
31719
31725
30558
31718
31710
31703
31695
31687
31677
31668
31676
31686
31694
31702
30556
31709
31701
30339
31693
30338
31685
30337
31674
31675
31667
30553
31660
31659
31643
31644
31661
30552
31646
31645
31617
31601
31600
31590
31591
31581
31566
31567
31540
31550
31549
31539
31529
31530
31522
30542
31506
31489
31473
31464
30537
31448
31431
31432
31449
31450
31451
31452
31453
31454
31436
31419
31418
31435
31434
31433
31416
31417
31400
31399
31398
31415
31414
31413
31447
31430
31429
31446
31444
31461
31469
31470
31486
31487
31471
31463
31462
31445
31428
31427
31410
31411
31412
31395
31394
31393
31377
31378
31361
31353
31354
31362
31379
31380
31396
31397
31381
31382
31383
31384
31366
31365
31364
31363
30531
31355
31338
31337
31329
31322
31321
31314
31315
31307
31291
31290
31274
31273
31265
31249
31241
31233
31209
31193
31192
31208
31225
31232
31240
31248
30328
31264
31272
31288
31289
31306
31305
30329
31313
30330
31320
31327
30331
31328
31336
31335
30332
31352
31360
30333
40659
40658
36491
36479
36467
36451
36450
36449
36437
36436
36435
36415
36424
36425
36416
36417
36407
36406
36389
36379
36368
36369
36343
36325
36324
36314
36315
36316
36317
40649
40650
36327
36326
36344
40651
40652
40653
36371
36382
40654
40655
36392
36409
35645
40656
40657
36439
36428
36427
36438
36426
36418
36408
36391
36390
36380
36381
36370
36361
36360
36359
36342
36341
36323
36313
36304
36305
36296
36295
36286
36278
36261
36260
36277
36276
36259
36258
36257
36256
36255
36254
36253
36252
36243
36228
36229
36230
36231
36232
36233
36234
36235
36236
36244
36245
36262
36246
36263
36264
36281
36280
36279
36287
36288
36297
36306
35641
36307
40648
36298
36289
40647
40646
40645
40644
36247
36239
36238
36237
35639
36222
36216
36215
36214
36213
36212
36211
36210
36209
36208
36207
36206
36221
36220
36205
36198
36199
36192
35636
36186
36179
36173
36166
36159
36152
36144
36137
35632
36122
36123
36124
36125
36126
36127
36128
36129
36130
36131
36138
36139
36132
36133
36118
36117
36113
36114
36110
36109
36104
36105
36100
36099
36094
35622
35621
36089
36095
36096
36101
40632
40633
36106
35626
35628
35630
36119
36134
36141
40634
40635
36148
36140
36147
36161
36162
36169
36168
36175
36176
40638
40637
40636
36155
36154
35634
36146
36145
36153
36160
36167
36174
36180
36187
35637
36193
36200
36194
36188
36181
36182
40639
40640
36189
36195
40641
36201
35638
36217
36223
40643
40642
31060
30324
31054
30323
31047
30322
31048
31055
31061
31067
31066
30325
31082
31087
31083
31084
31107
31112
31111
31105
30326
31106
31088
31089
31090
31091
31092
31093
31094
31095
31096
31097
31098
31099
31100
31085
31080
31079
31078
31077
31076
31075
31074
31073
31072
31071
31070
31069
31068
31062
31056
31049
31042
30508
31041
31035
30321
31034
31027
30320
31020
30319
31014
30318
31015
31021
31028
31029
31036
31022
31016
31010
30506
31009
30993
30987
30986
30992
30970
30971
30972
30988
30994
30995
30996
30997
30998
30999
31000
31001
31002
31003
31004
31005
31006
30989
30983
30982
30981
30980
30979
30978
30977
30976
30975
30503
30974
30973
30967
30966
30961
30962
30946
30929
30928
30945
30944
30960
30965
30317
30316
30943
30926
30927
30921
30315
30314
30916
30912
30495
30913
30914
30918
30917
30922
30923
30930
30947
30948
30949
30931
30932
30933
30950
30934
30951
30952
30935
30953
30936
30937
30954
30955
30956
30957
30958
30963
30968
30501
30984
30990
31007
30504
30502
30969
30964
35197
35196
35195
35194
30920
30925
30497
30942
30498
30959
30499
30500
30985
30991
30505
31008
35198
35199
31013
31019
30507
31018
31012
31011
31017
31023
31030
31037
31043
31050
31057
31063
31064
31065
30510
31081
31086
31103
31109
30511
31102
31101
31108
31125
31143
31126
31127
31144
31161
30513
31174
31190
31206
31223
31222
31205
30515
31189
30514
31173
31166
31167
31160
31159
31142
31124
31123
31122
31121
31138
31139
31140
31141
31158
31157
31156
31155
31154
31184
31185
31186
31202
31201
31200
31199
31183
31182
31198
31197
31181
31180
31179
31172
31165
31148
31149
31150
30512
31151
31134
31135
31152
31153
31136
31137
31120
31119
31118
31117
31116
31133
31132
31115
31114
31113
31130
31131
31147
31164
31171
31170
31163
31146
31129
31128
31145
31162
30327
31169
31176
31177
31178
31194
31210
30516
31226
31234
31242
31250
31266
31267
31275
31276
31268
31252
31251
31243
30520
31235
30518
31227
31212
31211
31195
31196
31213
31214
31215
31216
31217
31218
31219
31203
31187
31188
31204
31220
31221
31228
31229
31236
31253
31254
31255
31256
31257
31258
31259
31260
31244
31245
31237
31238
31230
30517
31224
30519
31239
31231
35214
35213
31207
31191
35212
35211
31175
31168
35210
35209
35208
31110
31104
35207
35206
35205
30509
31053
35204
35203
31046
31045
31052
31059
31058
31051
31044
31039
31038
31031
31024
31032
31025
31026
35200
35201
31033
31040
35202
26088
25427
26082
25426
26076
25425
26070
25424
26071
26077
26083
26089
25608
26094
26100
25428
26099
25429
26105
25430
26111
26106
26112
26118
26119
26120
26121
26122
26123
26124
26125
26126
26127
26128
26129
26130
26136
26153
26152
26170
26188
26187
26169
26151
26150
26149
26148
26147
26165
26166
26167
26168
26186
26203
26202
26185
26184
26183
26200
26199
26182
26164
26146
26145
26144
26143
26142
26141
26140
26135
26117
25431
26134
26139
26157
26158
26159
26160
26161
26179
26196
26213
26214
26197
26180
26162
26163
26181
26198
26215
26216
26217
26201
26218
26219
26220
26221
26204
26205
26222
26223
26206
26189
26171
26172
26154
26155
26156
30085
30086
21200
20547
20548
21203
20549
21206
21209
21212
21215
21218
20550
21221
21224
21225
21226
21227
21228
21229
21230
21231
21232
21249
21248
21247
21246
21245
21244
21243
20732
20733
21261
21262
21263
21264
21265
21266
21267
21268
21269
21253
21252
21251
21250
21233
21234
21235
21236
21237
21254
21255
21238
21239
21240
21257
21256
21274
21273
21272
21271
21270
21295
21294
21293
21292
21291
21308
21309
21310
21311
21312
21313
21296
21298
21297
21314
21315
21316
21299
21300
21317
21320
21324
21328
21344
21345
21329
25209
25208
21325
21321
25207
25206
25205
25204
21283
21282
21279
20734
21275
21276
21259
25203
25202
25201
25200
21223
21220
25199
25198
21217
21214
25197
25196
21211
21208
25195
25194
21205
21202
25193
25192
21199
21196
21178
21160
25191
25190
21144
21140
25189
21135
20725
21129
21128
21134
21139
20727
21143
21157
21174
21158
21159
21175
21176
21177
21195
21194
21193
21192
21190
21191
21173
21172
21156
21155
21171
21189
21188
21187
21169
21168
21186
21185
21167
21166
21184
21183
21165
21149
21150
21151
21152
21153
21170
21154
20724
21127
21120
21113
21114
21107
21100
21075
21076
21077
21078
21079
21080
21081
21082
21083
21084
21085
21086
21087
21070
21067
21064
21060
21058
21056
21054
21053
21052
21051
21050
21049
21048
21047
21046
21045
21044
21043
21042
21041
21040
21055
20536
21039
21038
20535
20534
21037
21036
20533
20532
21035
21034
20531
20530
21033
21032
20529
20528
21031
21030
20527
20526
21029
21028
20525
30061
30062
30063
30064
30065
30066
30067
30068
30069
30070
30071
30072
25989
30073
26027
26022
26005
26004
26021
26020
26003
26002
26019
26024
26040
26039
26054
26055
26057
26043
26026
26025
26042
26041
26056
26061
26066
26072
26073
26080
26079
26078
26084
26090
26095
26096
26091
26085
26086
26092
26097
26103
26102
26101
26107
26108
26109
26115
26114
26113
26131
26132
25610
26137
26138
30084
26133
25609
26116
30083
30082
26110
26104
30081
30080
26098
26093
30079
30078
26087
26081
30077
30076
26075
26074
26068
26067
26062
26063
26058
26059
26044
30074
26064
26069
30075
20538
20537
21057
21059
20719
21066
21069
21063
21062
21061
20539
21065
21068
20540
21071
21072
20720
21088
21073
21074
21089
20721
21094
21099
21106
21105
21098
21093
21092
20541
21097
20542
21104
21111
20543
21112
21118
20723
21119
21126
21133
21138
20726
21142
21147
21148
21164
21163
21162
21146
21137
21132
21125
20544
21124
21131
20545
21136
21141
21145
21161
21179
20546
21197
21180
21181
21182
21198
21201
21204
21207
20728
21210
20729
21213
20730
21216
20731
21219
21222
21242
21241
21258
20551
21260
20552
21277
20553
21280
21281
21278
21284
21285
21286
21287
21288
21289
21290
21307
21306
21305
21304
21303
21302
21319
21323
21327
20554
21301
21318
20555
21322
20556
21326
21330
20557
21331
21347
21346
21364
20558
21365
20736
21348
21349
21350
21332
20735
21333
21351
21352
21334
21335
21353
21354
21336
21337
21338
21339
21357
21374
21375
21376
21377
21360
21359
21358
21340
21341
21342
21343
21361
21362
21363
21380
21379
21378
20737
21395
21396
21413
21412
20739
21420
25210
21427
21443
21442
21426
21425
21424
21418
21419
21411
21410
21409
21394
21393
21408
21407
21392
21391
21390
21405
21406
21404
21389
21372
21373
21356
21355
21371
21370
21369
21387
21388
21403
21402
21401
21400
21399
21385
21386
21368
21367
21366
21384
21383
21398
20738
21382
21381
20559
21397
20560
21414
21421
21415
21422
21423
21416
21417
20740
20741
21431
21447
21445
21452
21458
21457
21451
20563
21444
20562
21428
20561
21429
21430
21446
21453
21454
20743
21459
21466
21465
21464
21463
20564
21471
20565
21479
20566
21496
20567
21513
21529
21514
21530
21538
21537
21545
20568
21546
21563
21562
20569
21578
20570
21588
21598
20571
21599
21608
20758
21609
21620
21621
21610
21601
21600
21580
21579
21589
21590
21591
21581
21582
21583
21567
21566
21565
21564
21547
21548
21539
20753
21531
20751
21516
21515
21498
21497
21480
21472
20748
21473
21481
21499
20749
21482
21474
20745
21432
21433
21434
21435
21436
21437
21438
21439
21440
21441
20742
21448
21449
21450
21456
25211
21462
21461
21455
21460
20744
20746
21467
21468
20747
21477
21469
21470
21478
21495
21494
21493
21492
21476
21475
21491
21508
21509
21525
21534
21542
21558
20756
21575
21585
21576
21577
21561
21544
21536
21535
21527
21528
21512
21511
21510
21526
20752
20754
21543
21560
21559
21557
21541
21533
21524
21523
21522
21506
21489
21490
21507
21505
21504
21487
21488
21486
21485
21502
21518
21517
20750
21500
21483
21484
21501
21503
21519
21520
21521
21554
21553
21552
21551
21550
21549
20755
21540
21532
21568
21569
21570
21571
21572
21573
21555
21556
21574
21584
21594
21604
21613
21614
21615
21605
20757
21595
21596
21586
21587
25212
25213
21597
21607
21606
21616
21633
21632
21631
21641
21651
21661
21660
21650
21640
21630
21629
21628
21627
21626
21625
21624
21623
21612
21603
21593
21592
21602
21611
20759
21622
21639
21649
21659
21668
21678
20761
21687
21696
21695
21704
21705
21725
21726
21727
21745
21744
21743
21742
21724
21713
20765
21712
21722
21723
21741
21740
21739
21721
21711
21685
21693
20763
21703
21694
21686
21676
21677
21667
21666
21657
21658
21648
21638
21637
21647
21646
21636
21619
20572
21618
20573
21635
20574
21645
21655
20575
21656
20760
21665
21675
20576
21674
21684
20577
21692
21702
21710
21719
21720
21738
21737
20578
21755
20579
21763
20580
21780
21796
20581
21805
20582
21822
20583
21838
20584
21855
21872
20585
21879
20586
21894
20587
21909
20588
21918
21928
20589
21929
21919
21930
21920
21911
21910
21896
21881
21895
21880
21873
21874
21839
20774
20775
21856
21857
21840
21824
21823
20773
20772
21797
21798
21799
21800
21783
21784
21767
21758
21757
21766
20769
21765
20768
21756
21764
21781
21782
21806
21807
21808
21825
21826
21809
21810
21811
21844
21843
21827
21828
21829
21845
21862
21861
21860
21859
21842
21841
21858
20776
21875
20778
21882
20779
21883
21884
21885
21886
21887
21888
21902
21901
21900
21899
21898
21897
21912
21921
21931
21941
21951
21961
21972
21973
21974
21975
21976
21977
21978
21987
21996
22013
22012
22026
22027
20790
22039
22028
22029
22030
22031
22032
22016
20786
21999
21998
22015
20785
22014
21997
21988
21979
20782
21964
21963
21962
21952
21953
21954
21944
21943
21942
21932
21922
21913
21903
21904
21905
21915
21914
21889
21890
21891
21892
21907
21906
20780
21916
21925
21926
21936
21935
21924
21923
21933
21934
21945
21946
21956
21955
20781
21965
21980
20783
20784
21989
21990
25225
22000
21981
21966
21957
25224
25223
21947
21937
25222
25221
21927
21917
21908
21893
21878
21871
21870
21853
21854
21837
21821
21804
21795
21779
21778
21794
20771
21820
21869
20777
21877
21876
21867
21850
21849
21832
21831
21830
21846
21863
21864
21847
21848
21865
21866
21868
21851
21852
21836
21819
21802
21803
21793
21792
21791
21801
21817
21818
21835
21834
21833
21816
21815
21814
21813
21812
21787
21786
20770
21785
21768
21769
21770
21771
21788
21789
21790
21773
21774
21775
21776
21777
21762
21752
21734
21735
21736
20767
21754
21753
21751
21761
21760
21759
21748
21772
21746
21747
21729
21728
21730
21731
21749
21750
21732
21733
21715
21707
21708
21716
21717
21718
21709
20764
21700
21699
21698
21697
21706
21714
20766
21689
21680
21679
21688
21669
21670
21671
21662
21652
21642
21643
21653
21663
21672
21673
25220
21701
21691
21690
20762
21681
21682
21683
25219
25218
21664
25217
21654
25216
25215
21644
21634
21617
25214
16579
15610
16588
15784
16580
16581
16573
16564
16555
16554
16563
16572
15781
16571
16562
15609
16553
15608
16544
15607
16536
15606
16528
15605
16520
15604
16521
16529
16537
16545
16546
16538
16530
16522
16514
16507
16492
16485
16470
16469
16484
15777
16491
16506
16513
16512
15603
16505
15602
16490
16468
16467
16483
16482
15601
16466
16450
16442
15600
16433
16434
16443
16451
16452
16444
16445
16453
16454
16455
16456
16457
16473
16472
16471
15778
16493
16508
16515
16523
16531
16539
16547
16556
16565
16574
15783
16582
16593
16594
16595
16596
16597
16598
16599
16600
16607
16608
16601
16583
16575
16584
16585
16602
16609
16610
16603
16586
16577
16576
16567
16566
16557
16558
16550
16549
16548
16540
16532
16533
16541
16542
16534
16526
16525
16524
16516
16517
16518
16511
16510
16501
16500
16509
16499
16498
16497
16476
16475
16496
16495
16494
16474
16458
16459
16460
16461
16477
16478
16462
16463
16479
16486
16487
16465
16481
15776
16489
20299
20298
15773
16441
16440
16449
16448
15774
16464
15775
16480
16488
16502
16503
16504
15779
20300
16519
16527
20301
20302
16535
15780
16543
20303
20304
20305
16570
16561
16552
16551
16560
16559
16568
16569
15782
16578
20306
16587
16604
16611
20307
11491
12468
11492
12484
11493
12500
11494
12516
12517
12501
12485
12469
12453
11683
12438
12437
11490
12422
12406
11489
12390
12407
12408
12409
12393
12394
12395
12379
12378
12377
12376
12392
12391
12375
12374
12358
12343
11488
12329
12312
12313
12314
12315
12300
12299
12284
12267
12255
12254
12266
12283
12298
12297
12282
11487
12265
11486
12253
11485
12237
12225
12214
11484
12203
11483
12192
11482
12181
11481
12165
12156
12138
12131
12130
12123
12106
12107
12108
11662
12124
12132
12140
12139
12157
12158
12159
12166
12167
12168
12169
12170
12184
12183
12182
12193
12194
12195
12206
12217
11670
12228
12227
12216
12205
12204
12215
11667
12226
11669
12238
12239
12256
11671
12268
12269
12240
12241
12257
12270
12285
11672
11673
12301
12302
12286
12271
12258
12274
12273
12272
12287
12288
12303
12321
12335
11675
12320
12319
12318
12334
12346
11677
12333
12317
12316
12332
12331
12330
12344
12359
11678
11679
12360
12345
12361
12362
12380
12381
12396
12412
12427
12426
12411
12410
12425
12441
12440
12424
11682
12423
12439
12454
12470
12471
12472
12488
12504
12503
12502
12486
12487
12455
12456
12457
12458
12443
12442
12473
12489
12490
12474
12506
12505
12521
12522
12537
12536
12552
12553
12551
12549
12565
12564
12580
12579
11497
12563
11496
12547
11495
12548
12532
11684
12533
12518
12519
12520
12535
12534
12550
12566
12567
12568
12569
12585
12601
12602
12618
12617
12635
12651
12650
12665
12682
12700
12683
12666
12667
12668
12669
12670
12686
12704
12719
12734
12718
11694
12702
12703
12685
12684
12701
12717
12716
12715
11693
12699
12698
12681
12664
12648
12649
12634
12616
12615
12633
12631
12630
12645
12646
12647
12632
12614
12598
12599
12600
12584
12583
12582
12581
12597
12613
12612
12596
12595
12611
12629
12644
12660
12677
11498
12678
12661
12662
12663
12680
12679
12696
12697
12714
12730
12729
12713
12712
12695
12694
12711
11499
12727
12728
11500
12742
12759
11501
12776
12777
12760
12743
12744
12761
12778
12779
12762
12745
11695
12746
12731
12732
12733
12748
12749
12750
12751
12769
12784
12785
12786
12787
12788
12804
12817
12818
12805
11697
12789
12774
11696
12757
12756
12740
12741
15325
12726
12758
12775
15326
15327
12790
11698
12819
12836
12853
12864
12879
12878
12895
12894
12893
12892
12875
12874
12891
11708
12903
12916
12928
12940
12951
12967
12968
12969
12985
11713
13002
13012
13011
11714
13001
11712
12984
12983
12982
12966
12950
12939
12927
12915
12914
12902
12890
12889
12872
12873
11703
12847
12848
12849
12860
12861
12876
12877
12862
12863
12852
12835
12834
12851
12850
12833
12816
12803
12802
12801
11699
12814
12815
12832
12831
12830
12829
12846
12845
12828
12800
12799
12813
11700
12827
12844
12843
11702
12842
12826
12825
12841
11701
12824
12823
12840
12839
12838
11504
12837
12820
11503
12806
11502
12791
12807
12821
12822
12808
12792
12793
12794
12809
12810
12811
12812
12797
12798
12783
12782
12796
12781
12780
12795
12763
12764
12765
12747
12766
12767
12768
12770
12752
12735
12736
12753
12771
12772
12773
12755
12754
12737
12738
12739
12724
12725
12709
12710
15324
15323
12693
12676
15322
12659
12643
12642
12627
12626
12625
12640
12639
11689
12656
11691
12672
12689
12688
11692
12705
12706
12707
12690
12673
12674
12657
12641
11690
12658
12675
12692
12691
12708
12723
12722
12721
12720
12687
12671
12655
12654
12653
12652
12636
11687
12619
12603
12586
12570
12554
12538
12523
12507
12491
12475
12459
12444
12428
12413
12397
12398
12382
12364
12363
12347
12348
12349
12350
12351
12337
12352
12353
12369
12368
12367
12366
12365
12383
12384
12399
12414
12415
12400
12385
12386
12401
12416
12417
12402
12387
12388
12403
12370
12371
12354
12355
12356
12341
15308
12296
12311
11674
12328
12342
12357
12373
12372
11680
12389
12404
11681
12405
15309
15310
12421
12420
12419
12418
12433
12449
12463
12462
12446
12447
12448
12432
12431
12430
12429
12445
12460
12461
12477
12478
12476
12492
12493
12509
12508
12524
12525
12526
12541
12557
12589
12588
12606
12622
12638
12637
12621
12620
12604
12605
12587
12571
12555
12539
12540
12556
12572
12573
12574
12590
11685
12607
12624
11688
12623
12608
12591
12575
12543
12528
12527
12542
12558
12559
12560
12576
12577
12593
12592
11686
12609
12610
12628
12594
15321
12578
15320
15319
12562
12561
12545
12544
12529
12513
12481
12497
12496
12512
12511
12510
12494
12495
12479
12480
12464
12465
12450
12434
12435
12436
15311
15312
12452
12451
12466
12482
12498
12514
12530
12531
12546
15318
15317
15316
12515
12499
15315
15314
12483
12467
15313
8498
7709
8490
8491
8499
8508
7710
8507
8516
7711
8517
7928
8525
8534
7712
8533
8542
8559
7713
8560
8543
8544
8535
8545
8561
7930
8569
8579
8578
8577
8576
8568
8592
8593
8594
7933
8611
8595
8596
8612
8622
8621
8620
8654
8653
7937
8670
8688
8689
8671
8672
8690
8704
8703
8711
7939
8687
8702
7715
8686
8669
7714
8652
8635
8610
8618
8619
8636
8637
8638
8655
8656
8639
8640
8641
8658
8674
8692
8693
8675
8676
8694
8695
8677
8661
8660
8643
8626
8627
8628
8629
8646
8647
8630
8631
8648
8649
8632
8615
8614
8605
8604
8603
8587
8588
8586
8585
8602
8601
8584
8600
8599
8583
8582
8598
8625
8624
8623
8613
8597
8581
8580
8570
8571
8563
8562
8546
8536
8537
8528
8547
8548
8549
8550
8551
8552
8553
8554
8555
8538
8529
8521
8522
8530
8531
8540
8539
8557
8556
8564
8565
8566
8574
7932
8573
8572
7931
8589
8606
8607
8608
8609
8617
7934
8634
7935
8651
7936
8668
11191
11190
11189
11188
5482
4664
5491
5502
5492
5503
5504
5505
5515
5531
4884
5532
5548
5558
5568
5578
5588
5598
5608
5618
5617
5606
5607
5616
5633
5643
5642
5632
4886
5615
4885
5605
5595
5596
5597
5587
5586
5585
5575
5565
5555
5556
5566
5576
5577
5567
5557
5547
5546
5545
5529
5530
5514
5513
5512
5528
4665
5544
4666
5554
4667
5564
4668
5574
4669
5584
4670
5594
4671
5604
4672
5614
5631
11197
8777
8769
11196
8761
8752
8743
8742
8751
8760
8759
8750
8741
8733
8716
8708
8717
7940
8734
11195
11194
11193
8709
8701
11192
8685
8684
8700
8683
8682
7938
8699
8707
8706
8714
8715
8732
8749
8758
8768
8776
8775
8767
7945
7943
8740
7941
8731
8730
8729
8728
8727
8726
8725
8724
8723
8722
8738
8739
8713
8712
8705
8691
8673
8657
8659
8642
8644
8645
8662
8663
8664
8679
8678
8696
8697
8698
8680
8681
8665
8666
8667
8650
8633
8616
8590
8591
8575
11187
11186
8567
8558
7929
8541
11184
11185
8532
11183
11182
8524
8523
8515
11181
11180
8506
8505
8514
8513
8512
8503
8504
8496
8489
8497
7927
11179
11178
11177
11176
8457
8456
8465
8464
8472
8473
8481
8480
8488
8495
8487
8479
8471
8463
8439
8432
8433
8434
8441
8440
8455
8454
8453
8452
8451
8450
8449
8448
8447
8446
7921
8445
7920
8444
7922
8460
7923
8468
7924
8476
8477
8478
8470
8462
8461
8469
8485
8486
8494
8502
8511
8520
8519
8527
8526
8518
8509
8510
8501
8493
8500
8492
7926
8484
8483
7925
8482
8475
8467
8459
8474
8466
8458
8442
8443
8435
7708
7707
8428
8421
7706
7918
8390
8389
8385
7705
8381
7704
8377
7703
8361
8362
8363
8364
8365
8378
8382
8386
8391
7917
8406
8423
8405
8422
8429
8436
8437
8438
8430
8431
8424
8407
8408
8409
8392
8393
8394
8410
8395
8396
8411
8412
8413
8397
8373
8372
8371
8370
8369
8368
8367
8366
8359
8356
7912
7911
7910
7909
7908
8309
8310
8292
8291
8285
8290
8308
8307
8289
8284
7700
8280
8277
8274
8259
7699
8255
8251
7698
8234
8230
7697
8226
8221
7696
8204
8187
8182
8178
8174
8159
7695
8155
7694
8152
8153
8156
8160
7893
8175
7895
8179
8183
8188
8189
7897
8180
8176
8184
8194
8196
8213
8214
8215
8217
8200
8201
8218
8216
8199
8198
8197
8195
8212
8211
8210
8193
8192
8209
8223
8208
8191
8190
8207
8206
8205
8222
7899
8227
8231
8237
8236
8235
7901
8260
7903
7905
7907
8275
8278
8281
8286
8293
8294
8295
8296
8297
8315
8314
8313
8312
8311
8326
8330
8334
8338
7913
8342
8343
8344
8345
8346
8347
8348
8349
8350
8351
8352
8353
8339
8374
8375
8379
8383
8384
8388
8387
8402
8418
8425
7919
8417
8416
8415
8414
8398
8399
8400
8401
8403
8404
8420
8419
8426
8427
11174
11175
11173
5271
5266
5250
11170
11171
11172
8380
8376
7916
8360
8357
7915
7914
8354
8340
11169
11168
8336
8335
8331
8332
11167
11166
8328
8324
8327
8323
8322
8321
8320
8319
8318
8317
8316
8298
8299
8300
8301
8302
8303
8304
8305
8306
8287
8282
8283
8288
11165
11164
8279
7906
7904
8272
8273
8276
8258
11163
11162
11161
11160
11159
8229
8233
7900
8250
8254
8253
8257
8271
8270
8269
8268
8267
8266
8265
8264
8263
8262
8261
7902
8256
8252
8238
8239
8240
8241
8242
8243
8244
8245
8246
8247
8248
8249
8232
8228
8224
8220
7898
11157
11158
8225
8219
8202
8203
8185
8186
11155
11156
8181
7896
8177
11154
8158
8173
8172
7894
8171
8170
8169
8168
8167
8166
8165
8164
8163
8162
8161
7892
8157
7890
8154
8151
7888
7886
7887
8136
8137
8138
8139
8140
8141
8142
8143
8144
8145
8146
8147
8148
7889
7891
11153
4645
4644
4643
4642
4996
4641
4640
4639
4638
4637
4636
4635
4634
4633
4632
4631
4630
4629
4628
4627
4626
4625
4624
4623
4622
4621
4620
4619
4618
4617
4616
4615
4614
4613
4612
4611
4610
4978
4609
4608
4607
4606
4605
4604
4603
4602
4601
4600
4599
4598
4597
4596
4595
4594
4593
4592
4591
4590
4589
11100
11101
11102
11103
11104
11105
11106
11107
11108
11109
11110
11111
11112
11113
11114
11115
11116
11117
11118
11119
11120
8071
8072
8073
8074
8075
8076
8077
8078
8079
8080
8081
8082
11121
11122
11123
11124
11125
11126
11127
11128
11129
11130
11131
11132
11133
11134
11135
11136
11137
11138
11139
11140
11141
11142
11143
11144
11145
11146
11147
11148
11149
11150
11151
11152
8132
8131
8130
8129
8128
8127
8126
8125
8124
8123
8122
8121
8120
8119
8118
8117
8116
8135
8150
8149
8134
8133
7693
8115
8114
7692
8113
7691
8112
7690
8111
7689
8110
7688
8109
7687
8108
7686
8107
7685
8106
7684
8105
7683
8104
7682
8103
7681
8102
7680
8101
7679
8100
7678
8099
7677
8098
7676
8097
7675
8096
7674
8095
7673
8094
7672
8093
7671
8092
7670
8091
7669
8090
7668
8089
7667
8088
7666
8087
7665
8086
7664
8085
7663
8084
7662
8083
7661
8070
8069
8068
8067
8066
7660
7659
7658
7657
7656
7655
7654
7653
7652
7651
7650
7649
7648
7647
7646
7645
7644
7643
7642
7641
7640
7639
15233
15234
15235
15236
15237
15238
15239
15240
15241
15242
15243
15244
15245
15246
15247
15248
15249
15250
15251
15252
15253
15254
15255
15256
15257
15258
15259
15260
15261
15262
15263
15264
15265
15266
15267
15268
15269
15270
15271
15272
15273
15274
15275
15276
15277
15278
11894
11892
11891
11890
11889
11888
11887
11886
11885
11884
11896
15279
15280
11898
11899
15281
15282
11901
11903
15283
15284
11905
11907
15285
15286
11909
11927
11926
11925
11924
11923
11922
11921
11920
11919
11918
11917
11916
11915
11914
11913
11644
11645
11932
11936
11935
11939
11940
11944
11943
11648
11958
11974
11980
11987
12004
11651
12011
11652
12018
12019
12012
11988
11990
11992
11993
11994
11995
11996
11997
11998
11983
11977
11971
11970
11969
11968
11967
11966
11949
11950
11951
11952
11953
11954
11955
11937
11933
11930
15287
15288
15289
15290
11941
11956
11972
15291
11978
11984
15292
15293
12009
15294
11653
15295
12032
12031
12023
12016
12008
12001
12000
11999
11650
12007
12015
12022
12030
11655
12055
12038
12056
11656
12039
12040
15296
12057
11657
15297
12073
12072
12065
12064
12071
12087
11659
12070
12063
12054
12053
12052
12051
12050
12049
12048
12047
12062
12069
12080
12081
12082
12083
12084
12085
12100
12099
12098
12097
12114
12115
12116
12117
12118
12119
12086
12101
12102
12103
12104
12121
12120
12126
12127
12135
12136
12128
12129
15300
15299
11661
12122
12105
11660
12088
15298
15301
12137
12155
12164
12163
12154
12153
12152
12134
12151
11665
12161
12162
12178
12179
12180
15302
8325
8329
8333
8337
8341
7701
8355
8358
7702
15307
12264
12281
12280
12263
12251
12252
12236
12224
15306
15305
12213
12202
15304
15303
12191
12190
12189
12211
12222
12221
12210
12209
12220
12232
12233
12249
12261
12260
12248
12247
12231
12230
11668
12219
12208
12197
12186
12175
12174
12173
12172
12171
12185
12196
12207
12218
12229
12242
12243
12244
12245
12246
12259
12275
12276
12291
12290
12289
12304
12322
12336
12323
12305
12306
12324
11676
12338
12339
12340
12327
12309
12310
12295
12294
12293
12308
12326
12325
12307
12292
12277
12278
12279
12262
12250
12234
12235
12223
12212
12201
12200
12199
12198
12187
12188
12177
12176
11666
12150
12149
12148
12147
12146
12145
12144
12160
11664
12143
12142
12141
11663
12133
12125
12111
12112
12113
12096
12095
12094
12110
12093
12092
12109
12091
12076
12077
12078
12079
11658
12045
12046
11654
12037
12029
12021
12014
12006
11991
11982
11976
11962
11963
11964
11965
11948
11947
11946
11647
11646
11961
11960
11959
11945
11975
11981
11989
11649
12005
12013
12020
12028
12027
12036
12044
12061
12060
12068
12067
12075
12090
12089
12074
12066
12058
11480
12059
12042
12043
12035
12026
12025
12034
12041
12033
12024
11479
12017
12010
12002
12003
11986
11985
11979
11478
11973
11477
11957
11476
11942
11938
11475
11934
11474
11931
11910
11928
11929
11911
11912
11908
11473
11906
11472
11904
11471
11902
11470
11900
11469
11643
11897
11468
11895
11467
11893
11466
11876
11877
11878
11879
11880
11881
11882
11883
11642
11465
11464
11463
11462
11461
11460
11459
11458
11457
11456
11455
11454
11453
11452
11451
11450
11449
11448
11447
11446
11641
11875
11445
11874
11444
11873
11443
11872
11442
11871
11441
11870
11440
11869
11439
11868
11438
11867
11437
11866
11436
11865
11435
11864
11434
11863
11433
11862
11432
11861
11431
11860
11430
11859
11429
11858
11428
11857
11427
11856
11426
11855
11425
11854
11424
20236
20237
20238
20239
20240
20241
20242
20243
20244
20245
20246
20247
20248
20249
20250
20251
20252
20253
20254
20255
20256
20257
20258
16082
16081
16080
16079
16078
16077
16076
16075
16074
16073
16072
16071
16070
16069
16068
16067
16064
16063
15550
15549
16061
16062
16060
16058
16056
16055
15547
16057
16059
15548
15546
15545
16053
16054
16052
16050
16048
16046
16044
16042
16040
16038
16036
16034
16032
16030
16029
16031
16033
16035
16037
16039
16041
16043
16045
16047
16049
16051
15544
15543
15542
15541
15540
15539
15538
15537
15536
15535
15534
15533
15532
16027
16028
16026
16024
16022
16025
15531
15530
16023
16021
15529
25141
25142
25143
25144
25145
25146
25147
25148
25149
25150
25151
25152
25153
25154
25155
25156
25157
25158
25159
25160
25161
25162
16065
15551
16066
16083
16084
16086
16088
16090
16089
16087
16085
15552
15553
15554
15555
16091
16093
15556
15557
16095
16092
16094
16096
16098
16100
16102
16101
16099
16097
15558
15559
15560
15561
16103
16104
16106
16105
15562
15563
16107
16109
15564
15565
15566
16113
16111
16108
16110
16112
16114
16116
16115
15567
15568
16117
16118
16120
16122
16119
15569
15570
16121
16123
15751
16124
16127
16130
16129
16126
15571
16125
15572
16128
15573
16131
16132
16133
16136
16138
16141
16144
16143
16150
16166
15578
16149
16165
16169
16173
15579
16191
15580
16207
15581
16212
15582
16217
15583
16223
15584
16229
15585
16235
15586
16241
15587
16248
15588
16255
15589
16262
15590
16269
15591
16275
15592
16281
16287
16303
15593
16310
15594
16316
15595
16323
15596
16330
16337
16355
16356
16338
16331
16332
16333
16326
16319
16318
16325
16324
16317
16311
16305
16304
16288
16289
16282
16276
16270
16263
16256
16249
16242
16236
16230
16224
16218
16213
16214
16219
16225
16231
16237
16243
16250
16257
16264
16271
16277
16283
16312
16313
16306
15765
15764
16290
16291
16292
16293
16294
16295
16296
16297
16298
16284
16299
16314
16307
16308
16315
16321
16320
16327
16328
16335
16334
16351
16352
16368
16369
16387
16386
16403
16414
16413
16429
16428
16412
16411
16400
16383
16384
16401
16402
16385
16367
15767
16350
16349
16348
16366
16365
16381
16382
16399
16398
16397
16396
16380
16364
16347
16346
16345
16363
16379
16378
16395
16394
16377
16361
16362
16344
16343
16342
16341
16340
16339
16357
16372
16371
15597
16389
15768
16390
16373
16358
16359
16360
16376
16393
16392
16375
16374
16391
16409
16408
16407
15598
16406
15599
16416
16417
16418
16435
16436
16419
15770
16410
16420
15771
16421
16422
16423
16424
16425
16426
16427
15772
16437
16446
16447
16438
16439
16430
16431
16432
16415
15769
16404
16405
16388
16370
16354
16353
16336
20297
20296
16329
16322
20295
15766
16309
20294
16280
20292
20293
16286
16302
16301
16300
16285
16279
16278
16272
16273
16266
16265
16258
16251
16244
16238
16239
16245
16246
16253
16252
16259
16260
16267
15763
16274
16268
20291
20290
16261
16254
20289
20288
16247
16240
15762
15761
16234
16228
15760
16222
20287
16216
16211
16206
16205
15758
16233
16232
16226
16227
16221
16220
15759
16215
16210
16204
16203
16202
16201
16200
16199
16183
16181
16180
16167
16170
15755
16174
16208
16209
16192
15757
16175
16176
16177
16193
16194
16178
16179
16195
16196
16197
16198
16182
16184
16185
16186
16187
16188
15756
16171
16189
16190
16172
16168
20286
20259
20260
20261
20262
20263
20264
20265
20266
20267
20268
20269
20270
20271
20272
20273
20274
20275
20276
20277
20278
20279
20280
20281
20282
20283
20284
15753
20285
16148
16164
16163
16162
16161
16160
16159
16158
16157
16156
16155
16154
16153
16152
16151
15754
16147
16146
16145
15577
16142
15576
16139
15575
16140
16137
15752
16135
15574
16134
25188
21130
21123
25187
25186
25185
25184
21096
21103
21110
21117
21116
21122
21121
21115
21108
21109
21102
21101
20722
21095
21090
21091
25183
25182
25181
25180
25179
25178
25177
25176
25175
20718
25174
25173
25172
25171
25170
25169
25168
25167
25166
25165
25164
25163
21026
21025
21024
21023
21022
21021
21020
21019
21018
21017
21016
21015
21014
21013
21012
21011
21010
21027
20524
21009
21008
20523
20522
21007
21006
20521
20520
21005
21004
20519
20518
21003
21002
20517
20516
21001
21000
20515
20514
20999
20998
20513
20512
20997
20996
20511
20510
20995
20994
20509
20508
20993
20992
20507
20506
20991
20990
20505
20504
20989
20988
20503
20987
20502
30038
30039
30040
30041
30042
30043
30044
30045
30046
30047
30048
30049
30050
30051
30052
30053
30054
30055
30056
30057
30058
30059
25905
30060
25904
25906
25907
25908
25910
25912
25914
25916
25931
25600
25934
25937
25940
25601
25956
25973
25988
25987
25986
25985
26000
26001
26018
26017
26016
25999
25983
25984
25969
25968
25967
25982
25981
25966
25965
25980
25996
26013
26014
25997
25998
26015
26037
26038
26053
26052
26051
26036
26035
26050
26049
26048
26047
26046
26031
26032
26033
26034
26010
26011
26012
25995
25979
25978
25947
25946
25962
25963
25964
25948
25949
25950
25951
25952
25953
25954
25970
25971
25972
25955
25939
25936
25933
25930
25929
25928
25927
25926
25925
25924
25923
25922
25921
25920
25919
25945
25961
25960
25944
25943
25942
25958
25602
25974
25603
25959
25975
25991
25976
25977
25994
25993
25992
26009
26008
26023
26030
26045
25605
25606
25607
26065
26060
26029
25423
26028
25422
25990
25421
26006
26007
25604
25957
25941
25938
25420
25419
25935
25932
25418
25917
25918
25915
25417
25416
25913
25599
25911
25415
25909
25414
25413
25412
25888
25889
25890
25891
25892
25893
25894
25895
25896
25897
25898
25899
25900
25901
25902
25903
25887
25886
25885
25884
25883
25882
25881
25880
25879
25878
25877
25876
25875
25874
25873
25872
25871
25870
25869
25868
25867
25866
25390
25391
25392
25393
25394
25395
25396
25397
25398
25399
25400
25401
25402
25403
25404
25405
25406
25407
25408
25409
25410
25411
35191
35190
30794
30792
35189
35188
30790
30788
35187
35186
30786
30784
35185
35184
30782
30780
35183
35182
30778
30776
35181
35180
30774
30772
35179
35178
30770
30768
35177
35176
30766
30764
35175
35174
30762
30760
35173
35172
30758
30756
35171
35170
30754
30753
30755
30757
30759
30761
30763
30765
30767
30769
30771
30773
30775
30777
30779
30781
30783
30785
30787
30789
30791
30793
30810
30811
30827
30826
30825
30843
30842
30824
30809
30808
30807
30806
30805
30820
30804
30289
30290
30291
30292
30293
30294
30295
30296
30297
30298
30299
30300
30301
30302
30303
30304
30305
30306
30307
30308
30309
30795
30310
30482
30796
30797
30798
30813
30812
30830
30831
30832
30833
30834
30835
30817
30816
30815
30814
30799
30800
30801
30802
30803
30818
30836
30819
30837
30838
30839
30821
30822
30823
30840
30841
30861
30862
30863
30864
30850
30848
30846
30844
30483
30484
35192
30866
30865
30882
30898
30899
30883
35193
30492
30494
30496
30907
30911
30915
30919
30924
30941
30940
30939
30938
30893
30894
30895
30896
30903
30897
30881
30880
30879
30878
30877
30860
30859
30858
30857
30874
30875
30876
30892
30891
30890
30889
30888
30872
30873
30856
30855
30854
30871
30887
30886
30489
30487
30870
30853
30486
30869
30885
30901
30902
30906
30910
30905
30909
30908
30493
30904
30491
30900
30490
30884
30488
30868
30867
30313
30851
30852
30849
30485
30847
30845
30829
30828
30311
30312
40625
35615
35616
40626
35617
35618
36075
40627
40628
40629
40630
36083
40631
36086
36090
36080
36078
36074
36073
36072
36071
36070
36069
36068
36067
36051
36035
36019
36052
36036
36037
36053
36054
36038
36039
36055
36056
36040
36024
36025
36041
36057
36058
36042
36026
36010
35994
35993
36009
36008
35992
35969
35968
35967
35966
35965
35964
35963
35962
35961
35960
35959
35611
35957
35958
35938
35939
35940
35941
35942
35943
35944
35945
35946
35947
35948
35949
35950
35951
35954
35955
40623
40622
35610
35952
40624
35973
35976
35612
35613
35614
35978
35975
35972
35971
35970
35991
36007
36023
36022
36021
36020
36004
36005
36006
35990
35989
35988
35987
36003
36002
35986
35985
35984
36000
36001
36018
36034
36050
36066
35619
36061
36062
36046
36030
36031
36032
36048
36047
36063
36064
36065
36049
36033
36017
36016
36015
35999
35983
35982
35998
36014
36013
36012
36029
36045
36043
36059
36076
35435
46172
41443
41012
41438
46171
46170
41434
41430
46169
46168
41426
41422
46167
46166
41419
41416
46165
46164
41413
41410
41394
46163
46162
41382
41380
41379
41362
41361
41378
41377
41360
41359
41342
41341
41340
41339
41338
41337
41336
46151
46152
46153
46154
46155
46156
46157
46158
41343
41344
46159
46160
41345
41363
41346
46161
35934
35432
35917
35918
35609
35431
35430
35429
35428
35427
35426
35425
35424
35423
35422
35421
35420
35419
35418
35417
35416
46145
46146
46147
46148
46149
46150
41335
41334
41333
41332
41331
41330
41329
41328
41327
41326
41325
41324
41323
41322
41321
41320
41319
41318
40845
40846
40996
40997
40847
40848
40998
40999
41000
41001
40849
40850
40851
41347
41002
41365
41003
41384
41383
41005
41395
41411
41417
41006
41414
40855
40854
40853
41381
41364
40852
51128
47013
47011
47028
47027
47026
47025
47024
47023
47041
47040
47022
47021
47039
47038
47037
47020
47019
47018
47036
47034
47035
47017
47016
47015
47010
47006
47002
46998
46982
46977
46978
46973
46983
46584
46984
46985
46986
46987
46988
46989
46990
46991
46992
46993
46994
46995
46585
46999
46996
46582
46980
46979
46974
46975
46970
46953
46948
46580
46952
46969
46968
46967
46966
46965
46964
46963
46962
46961
46960
46959
46958
46957
46581
46937
46936
46941
46942
46947
46946
46951
46956
46972
51575
51574
56703
56702
51905
51904
51572
51901
51898
51571
51570
51895
51892
51876
56701
56700
51873
51872
51875
51891
51890
51889
51888
51887
51886
51885
51884
51883
51882
51881
51880
51879
51878
51569
51894
51897
51900
51903
51908
51907
51923
51924
51939
51940
51945
51944
51950
51951
51957
51956
51961
51577
51962
51968
51967
51966
51965
51392
51960
51955
51391
51949
51390
51943
51389
51938
51388
51922
51906
51902
51387
51899
51386
51896
51385
51893
51384
51877
51383
51874
51382
51871
51381
51868
51380
51866
51379
51864
51378
51862
51377
51860
51376
62301
57397
57396
57395
57399
57403
57407
57411
57415
57419
57420
57416
57413
57412
57408
57404
57400
57401
62302
62303
57405
57409
62304
62305
62306
57417
57421
62307
62308
57425
62309
62310
57433
57429
57427
57423
57424
57428
57432
57431
57435
57439
57440
57436
57437
62311
62312
57441
57445
62313
62314
57449
57482
57465
57464
57448
57444
57443
57447
57463
57480
57481
57498
57499
57516
57515
57514
57497
57496
57513
57512
57529
57563
57545
57544
57528
57527
57543
57542
57526
57509
57508
57525
57541
57540
57524
57523
57507
57491
57473
57474
57492
57493
57475
57476
57494
57510
57511
57495
57477
57478
57479
57462
57461
57460
57459
57458
57457
57456
57455
57472
57490
57506
57505
57522
57521
57135
57538
57556
57555
57554
57570
57136
57571
57539
57557
57558
57559
57560
57561
57562
57137
57572
57590
57591
57573
57574
57592
57602
57603
57593
57575
57566
57548
57547
57565
57564
57546
57530
57531
57532
57533
57549
57567
57576
57594
62315
57604
57614
57613
57601
57600
57589
57588
57587
57586
57585
57584
57583
57582
57581
57580
57597
57596
57578
57579
57569
57551
57552
57553
57537
57520
57503
57504
57489
57488
57487
57469
57470
57471
57454
57453
57452
57451
57450
57134
57446
57442
57438
57434
57430
57426
57422
57418
57414
57410
57406
57402
57398
57394
56934
56935
56936
56937
56938
56939
56940
56941
56942
56943
56944
56945
56946
56947
56948
56949
57466
57467
57468
57486
57485
57484
57483
56950
57500
57517
57518
57501
57502
57519
57536
57535
57534
57550
57568
57577
56951
57595
56952
57605
56953
57630
57641
57657
57673
56954
56955
56956
57709
57710
57700
57701
57692
57691
57682
57674
57675
57683
57684
57693
57694
57685
57686
57677
57676
57143
57661
57662
57646
57645
57633
57634
57632
57644
57660
57659
57658
57642
57643
57631
57615
57139
57606
57607
57140
57616
57608
57598
57599
57609
57617
57618
57619
57620
57621
57622
57623
57610
57624
57635
57636
57141
57653
57637
57626
57625
57611
57138
57612
57627
57628
57629
57640
62316
57656
57672
62317
62318
57681
62319
57690
57689
57680
57671
57655
57639
57638
57654
57142
57670
57679
57688
57706
57697
57698
57699
62320
62321
57708
57707
57723
57733
57744
57743
57732
57722
62322
57724
57734
57745
62324
62323
52103
52096
52089
52082
52069
52062
51588
52063
51589
52070
51590
52076
51591
52083
52090
51592
52091
52098
52097
52104
51594
52105
52106
52114
52113
52112
51595
52111
52120
52119
51395
52136
52154
52153
62325
57756
57768
57781
62326
57797
57796
57794
57793
57808
57806
57790
57789
57805
57804
57788
57150
57775
57774
57786
57787
57152
57803
57819
57831
57843
57858
57872
57886
57887
57888
57902
57901
57900
57913
57927
57942
57941
57940
57157
57926
57912
57899
57885
57871
57857
57856
57855
57870
57884
57883
57869
57868
57882
57896
57895
57881
57880
57866
57867
57853
57854
57840
57828
57816
57800
57799
57815
57827
57839
57841
57842
57830
57829
57817
57818
57802
57801
57785
57784
57783
57149
57782
57151
57798
57153
57814
56959
57826
57155
57838
57852
56960
57851
56961
57865
56962
57879
56963
57893
57894
57156
57907
57921
56964
57920
56965
57934
56966
57950
57951
57935
57936
57952
57953
57158
57965
57966
57954
57938
57937
57922
57908
57923
57909
57911
57898
57897
57910
57924
57925
57939
57955
57967
57980
57997
57998
58016
58030
57162
58015
58014
58029
58028
58044
57163
58045
58056
58068
58078
58077
58066
58067
58055
58054
58053
58065
58076
58093
58094
58095
58079
58080
58069
58081
58083
58082
58099
58100
58101
58084
58085
58086
58070
58087
58104
58114
58113
58103
58102
58128
58127
58126
58125
58124
58112
58098
58097
58096
57168
58111
58122
58123
57170
58139
58156
58157
58158
58159
58140
58141
58142
58160
58161
58143
58144
58145
58129
57169
58130
58131
58115
58105
57167
58089
58088
58071
58072
58060
58059
58058
57165
58046
58047
58048
58049
58023
58039
58038
58037
58036
58021
57160
58022
58005
57987
57970
57957
57928
57914
57915
57929
57931
57917
57918
57932
57948
57949
57933
62334
62333
57919
57906
62332
62331
57892
57878
62330
62329
57864
57863
57862
57848
57849
57836
57837
57850
62328
57825
62327
57813
57812
57811
57795
57779
57780
57767
57755
57754
57766
57765
57764
57763
57148
57752
57753
57742
57741
57730
57731
57721
57144
57705
57696
57687
57678
57669
57668
57652
57651
57650
57649
57648
57647
57663
57664
57665
57666
57667
57720
57719
57718
57717
57716
57715
57695
57704
57703
57702
57727
57738
57737
57747
57758
57759
57748
57749
57760
57762
57750
57761
57773
57772
57771
57770
57769
56958
57757
57746
57735
56957
57736
57725
57145
57726
57711
57712
57713
57714
57729
57728
57739
57740
57751
57146
57147
57776
57777
57778
57792
57791
57807
57820
57821
57833
57832
57844
57845
57859
57873
57874
57860
57846
57834
57822
57809
57810
57823
57824
57835
57154
57847
57861
57875
57876
57877
57891
57905
57904
57890
57889
57903
57916
57930
57946
57947
57961
57962
62335
62336
62337
57991
57974
57973
57972
57971
57988
58006
58007
57161
58024
58040
58050
58061
58062
58073
58090
58106
58116
58132
58149
58148
58165
58166
58150
58133
62343
62342
58117
58107
62341
62340
57166
58091
58074
62339
58063
58051
62338
58041
58025
58009
58008
57990
57989
57960
57959
57958
57945
57944
57943
57956
57968
57969
57159
57986
58004
58003
58002
57985
57984
58001
57999
58017
58031
57164
58057
58032
58033
58034
58035
58020
58019
58018
58000
57983
57982
57981
57979
57978
57977
58012
58013
57996
57995
57994
57993
58011
58027
58026
56967
58010
57992
57975
57976
57964
57963
68001
68000
63511
63522
63532
63542
68002
68003
63551
63562
63561
63560
63549
63540
63550
63541
63531
63521
63520
63530
62776
63519
63509
63510
63500
63501
67999
67998
63490
63479
67997
63468
63467
63466
63477
63478
63489
63488
63487
63486
63497
63498
63499
63508
63507
63518
63529
63539
63548
63558
63559
63575
63594
63576
63577
63578
63596
63595
63623
63622
63621
63638
63639
63649
63659
63660
63650
63640
63641
63624
63607
63606
63605
62781
63593
63592
63574
62780
63557
62779
63573
63572
63571
63570
63569
63585
63586
63587
63588
63589
63590
63591
63603
63604
63620
63619
63618
63635
63634
63633
63617
63616
63615
63632
63631
63614
63613
63612
63602
63584
63568
63567
63566
63554
63555
63556
63547
63538
63528
63517
63506
63496
63495
63505
63504
63503
63525
63524
63534
63535
63514
63515
63516
63527
63526
63536
63537
63546
63545
62777
63544
62778
63553
63565
63564
63580
63581
63582
63583
63601
63611
63628
63630
63629
62783
63646
63655
63665
63675
63685
63699
63698
63697
63696
63712
63722
63732
63742
63752
63753
63754
63755
63756
63773
63772
63771
63770
63769
63751
63749
63750
63741
63731
63729
63719
63709
62785
63693
63683
63673
63663
63664
63674
63684
63694
63695
63710
63711
63721
63720
63730
63740
63739
63748
63765
63782
62789
63793
63794
63784
63783
63766
63767
63768
63785
63795
63812
63823
63822
63811
63810
63821
63832
63833
63850
63849
63848
63831
62596
63820
62595
63809
62594
63792
62593
63781
62592
63764
63747
63738
62591
63728
62590
63718
62589
63708
62588
63692
62587
63682
62586
63672
62585
63662
62584
63652
62583
63642
63625
62582
63608
63609
62782
63626
63643
63653
63644
63645
63654
63627
63610
63600
63599
63598
63597
62581
63579
63563
63552
63543
63533
62580
63523
62579
63512
62578
63513
63502
62775
63492
63491
62577
63480
62576
63469
62575
63458
62574
63459
63447
62773
63437
62573
63427
62771
63428
63429
63419
63408
62770
63391
63382
63372
63371
63370
63369
62571
63389
63379
63380
63381
62769
63390
63407
63392
63409
63410
63421
63431
63441
63451
63463
63462
63473
63474
63485
63484
63483
63494
63493
63482
63481
63470
63471
63472
63461
63460
63448
63438
63439
63449
63450
63440
63430
63420
63418
63417
62572
63416
63406
73817
69028
69020
73816
69012
69011
69010
69018
69026
69035
69027
69019
68994
68995
73815
63354
62570
63346
62569
63329
62568
63312
62567
63304
62566
63295
62565
63296
63278
62564
63261
62563
63244
62562
63245
63262
63263
63279
63280
63281
63282
63283
63298
63307
63314
62763
63306
63297
63305
63313
63330
62764
63331
63349
63348
63347
63355
62765
63362
63363
63356
63357
63364
63373
62768
63383
63393
63394
63395
63396
63397
63398
62767
63333
63332
63315
63316
63317
63334
63335
63336
63319
63318
63320
63337
63338
63321
63322
63339
63340
63342
63343
63351
63359
63366
62766
63376
63377
63367
63360
63352
63344
63327
63310
63311
63303
67988
63294
63277
63276
63275
63258
63241
63242
63243
67987
63260
63259
63235
63229
63230
63236
63214
63196
63190
63189
63195
63213
63212
63194
62757
63187
63186
63185
63168
63167
63150
63149
63148
63147
63146
63145
63144
63161
63162
63179
63180
63163
63164
63181
63182
63165
63166
63183
63184
63208
63207
63224
63225
63226
63209
63210
63211
63227
63228
63234
62759
63233
63239
63240
63257
63274
63292
63293
63302
63301
63309
62762
63300
63291
63290
63299
63308
63325
63326
63328
63345
63353
67989
67990
63361
63368
63378
67991
67992
63388
63405
67993
63415
63426
67994
67995
63436
63446
67996
63457
63456
63455
63453
63452
62774
63464
63475
63476
63465
63454
63443
63442
62772
63432
63433
63434
63444
63445
63435
63425
63414
63404
63387
63386
63403
63413
63424
63423
63422
63411
63412
63402
63401
63400
63399
63384
63385
63375
63374
63365
63358
63350
63341
63324
63323
63288
63271
63272
63289
63273
63256
63255
63254
63253
63252
63269
63270
63287
63286
63285
63284
63267
63268
63251
63250
63249
63266
63265
63264
62761
63246
62760
63247
63248
63221
63222
63223
63206
63205
63204
63202
63203
63220
63219
63218
63201
63200
63217
62758
63199
63193
63175
63176
63178
62756
63177
63160
63159
63142
63143
63141
63158
63174
63192
63198
63216
63232
63238
63237
62561
63231
62560
63215
62559
63197
63191
63173
68791
68774
68773
68772
68756
68757
68758
73811
68740
68739
73810
73809
68738
68737
68736
68735
68734
68733
68732
68731
68730
68729
68728
68727
68726
68725
68724
68723
68722
68208
68721
68207
68720
68206
68719
68205
68718
68204
68717
68203
68716
68202
68715
68201
68714
68200
68713
68199
68712
68198
68711
68197
68710
68196
68709
68195
68708
68194
68707
68193
68192
68706
78885
78884
74475
74476
74477
78886
78887
74478
74479
78888
78889
74480
74481
78890
78891
74482
74483
78892
78893
74484
74485
78894
78895
74486
74487
78896
78897
74488
74489
78898
78899
74490
74491
78900
78901
74492
74493
78902
78903
74494
74510
74511
74515
78904
78905
74518
74521
78906
78907
74536
74542
78908
78909
74547
74554
78910
78911
74569
74584
74590
74583
74270
74269
74568
74553
74546
74541
74535
74265
74520
74517
74514
74509
74508
74507
74506
74505
74504
74503
74502
74501
74500
74499
74498
74264
74497
74496
74495
74014
74013
74012
74011
74010
74009
74008
74007
74006
74005
74004
74003
74002
74001
74000
73999
73998
73997
73996
73995
82668
82669
82670
82671
82672
82673
82674
82675
82676
82677
82678
82679
82680
82681
82682
82683
82684
82685
82686
82687
79698
79697
79696
79695
79694
79711
79709
79710
79693
79692
79691
79708
79707
79706
79725
79724
79723
79722
79721
79720
79445
79738
79739
79740
79741
79742
79743
79744
79745
79746
79747
79726
79727
79728
79729
79730
79731
79732
79712
79713
79714
79715
82688
79444
82689
79736
82690
82691
79773
79776
79448
79772
79756
79752
79735
79751
79750
79749
79748
79771
79770
79769
79768
79767
79766
79765
79764
79763
79762
79761
79760
79755
79446
79759
79447
79779
79778
79775
79758
79757
79159
79753
79158
79754
79737
79734
79733
79717
79718
79719
79716
79157
79156
79681
79699
79682
79683
79700
79701
79684
79685
79702
79703
79686
79687
79704
79705
79688
79689
79690
79441
79442
79443
79680
79679
79155
79678
79677
79676
79675
79154
79674
79153
79673
79152
79672
79151
79671
79150
79670
79149
79669
79148
79668
79147
79667
79146
79666
79145
79665
79144
79664
79143
79663
79142
79662
79141
79661
79140
79139
79660
85648
83397
83398
85649
85650
83399
83400
85651
85652
83401
83402
85653
85654
83403
83404
85655
85656
83405
83406
85657
85658
83407
83408
85659
85660
83409
83410
85661
85662
83411
83412
85663
85664
83413
83414
85665
85666
83415
83434
83453
85667
83456
83459
85668
85669
83462
83465
85670
85671
83468
83471
83259
83261
83473
83475
85672
79774
79160
79777
79161
79780
79162
79783
79163
79787
79784
79781
79782
79785
79789
79788
79792
79793
79450
79797
79798
79799
79800
79801
79802
79803
79804
79805
79806
79807
79808
79809
79810
82696
79451
79814
79811
79794
82695
82694
79790
79786
82693
79449
82692
74592
74585
74017
74570
74571
74556
74557
74558
74573
74572
74586
74593
74594
74587
74588
74271
74595
74603
74604
74620
74621
74605
74606
74622
74623
74624
74608
74607
74577
74562
74561
74560
74268
74576
74575
74574
74559
74551
74544
74543
74550
74549
74555
74548
74537
74538
74267
74539
74519
74516
74513
74512
74015
74016
74522
74523
74524
74525
74526
74266
74527
74528
74529
74530
74531
74532
74533
74534
74540
74545
74552
74567
74566
74565
74564
74563
74578
74579
74580
74581
74582
74589
74596
74612
74611
74610
74609
74625
74626
74627
74628
74597
74272
74613
74273
74629
74637
74651
74650
74636
74635
74649
74648
74647
74646
74645
74644
74643
74642
74641
74640
74656
74663
74662
74655
74661
74654
74275
74632
74633
74639
74634
74619
74618
74602
74601
74617
74616
74600
74599
74615
74018
74631
74274
74019
74020
74021
74668
74669
74670
74671
74672
74673
74674
74675
74676
74677
74678
74679
74689
74680
74664
74657
74658
74659
74666
74665
74681
74690
74706
74705
74704
74703
74702
74701
74700
74699
74698
74697
74688
74687
74686
74694
74693
74023
74685
74022
74024
74025
74026
74732
74027
74741
74028
74750
74029
74759
74278
74760
74751
74742
74743
74734
74733
74724
74277
74717
74710
74711
74695
74696
74712
74719
74718
74725
74726
74735
74744
74753
74752
74762
74754
74755
74756
74747
74738
74746
74745
74737
74736
74727
74720
74713
74714
74721
74728
74729
74730
74731
78922
78923
74740
74739
74748
74749
78924
78925
78926
78927
78928
74793
74792
74802
74819
74281
74818
74835
74848
74866
74878
74879
74867
74849
74836
78930
74820
74803
78929
74784
74775
74767
74758
74757
74766
74765
74764
74763
74771
74780
74280
74789
74790
74781
74772
74773
74774
74783
74782
74791
74801
74800
74799
74798
74816
74831
74844
74862
74845
74832
74817
74815
74814
74830
74843
74284
74829
74828
74813
74812
74827
74826
74283
74825
74842
74855
74854
74841
74824
74282
74808
74807
74805
74795
74806
74822
74823
74840
74839
74838
74837
74821
74032
74804
74794
74031
74785
74786
74787
74788
74796
74797
74809
74810
74811
74279
74770
74779
74778
74769
74761
74768
74777
74776
74030
79869
79870
79871
79872
79873
79874
79875
79876
79877
79878
79879
79880
79881
79882
79883
79459
79884
82706
82705
82704
82703
82702
82701
82700
82699
82698
79458
79846
82697
79457
79456
79455
79454
79453
79819
79452
79835
79834
79833
79832
79831
79830
79829
79828
79827
79826
79825
79824
79823
79822
79821
79837
79839
79841
79843
79845
79848
79850
79852
79854
79856
79858
79860
79862
79864
79866
79868
79886
79888
79891
79894
79897
79914
79913
79188
79896
79893
79187
79890
79186
79887
79185
79885
79184
79867
79865
79183
79863
79182
79861
79181
79859
79180
79857
79179
79855
79178
79853
79177
79851
79176
79849
79175
79847
79174
79844
79173
79842
79172
79840
79171
79838
79170
79836
79169
79820
79817
79168
79818
79816
79813
79796
79164
79791
79165
79795
79166
79812
79167
79815
83627
83608
83589
83588
83587
83586
83567
83548
83549
83568
83569
83570
83551
83550
83531
83532
83494
83513
83512
83493
83492
83511
83530
83529
83528
83509
83510
83491
83490
83489
83488
83487
83525
83524
83523
83542
83541
83522
83521
83520
83482
83481
83480
83479
83478
83477
83496
83514
83533
82913
82912
82911
83495
83476
82910
83474
82909
83472
83260
83455
83458
83461
83464
83467
83470
83469
82908
83466
82907
83463
82906
83460
82905
83457
82904
83454
82903
83435
82902
83417
83418
83419
83420
83422
83423
83424
83425
83426
83428
83447
83448
83449
83450
83451
83452
83433
83432
83431
83430
83429
83427
83446
83445
83444
83443
83442
83441
83421
83440
83439
83438
83437
83436
83258
83416
82901
82900
82899
82898
82897
82896
82895
82894
82893
82892
82891
82890
82889
82888
82887
82886
82885
82884
82883
82882
617
618
619
620
621
622
623
624
625
626
627
628
629
630
631
632
633
634
635
588
636
637
638
639
640
641
642
643
644
645
646
647
648
649
650
651
652
653
654
655
656
657
658
659
660
661
662
663
664
665
666
667
668
669
670
671
672
673
674
675
676
677
678
679
590
229
230
231
232
233
234
235
236
237
238
239
240
241
242
243
589
244
245
246
247
248
249
250
251
252
253
254
255
256
257
258
259
260
261
262
263
264
265
266
267
268
269
270
271
272
273
274
275
276
277
278
279
280
281
282
283
284
285
286
287
288
289
290
291
292
293
294
295
296
297
298
299
300
301
302
303
599
597
594
595
719
718
717
716
715
714
713
712
711
710
596
709
708
707
706
705
704
703
702
701
700
699
698
697
696
593
695
694
693
692
691
690
689
688
687
686
685
684
683
682
681
680
591
592
73793
73794
73795
73796
73797
73798
73799
73800
73801
73802
73803
73804
73805
73806
73807
73808
62557
63111
63106
62556
62555
63101
63096
62554
62553
63091
63086
62552
62551
63081
63076
62550
62549
63071
63066
62548
62547
63061
63056
62546
62545
63051
63046
62544
62543
62542
63036
63041
63037
63042
63047
63052
63057
63062
63067
63072
63077
63082
63087
63092
63097
63102
63107
63112
63117
62751
63116
62558
63139
63156
63157
63140
63132
62752
63133
63134
63118
63119
63120
63121
63122
63123
63124
63125
63126
63127
62753
63152
63151
62755
63169
63188
63171
63172
67986
67985
63155
63154
63170
63153
62754
63136
63135
63128
63129
63113
63108
63103
63098
63093
63094
63099
63104
63109
63114
63130
63137
63138
63131
63115
67984
67983
63110
63105
67982
63100
67981
67980
63095
63090
67979
67978
63085
63080
67977
67976
63075
63074
63079
63084
63089
63088
63083
63078
63073
63068
63069
63064
63063
63058
63059
63065
63070
67975
67974
67973
63060
63055
67972
67971
63050
63045
63049
63054
63053
63048
63043
63044
63039
63038
63040
67970
67969
598
720
721
722
723
724
725
726
600
727
728
729
730
731
732
733
734
735
736
737
738
602
603
739
740
741
742
743
744
745
746
747
748
749
750
751
752
601
304
305
306
307
308
309
310
311
312
313
314
315
316
317
318
319
320
321
322
323
324
325
326
327
328
329
330
331
332
333
334
335
336
337
338
339
340
341
342
343
344
345
346
347
348
605
349
350
351
352
353
354
355
356
357
358
359
360
361
362
363
364
365
366
367
368
369
370
371
372
373
374
375
376
377
378
379
380
381
382
383
384
385
386
387
388
389
390
391
392
393
608
394
395
396
397
398
399
400
401
402
403
404
405
406
407
408
409
410
411
412
413
414
415
416
417
418
419
420
421
422
423
424
425
426
427
428
429
430
431
432
433
434
435
436
437
438
611
439
440
441
442
443
444
445
446
447
448
449
450
451
452
453
454
455
456
457
458
459
460
461
462
463
464
465
466
467
468
469
470
471
472
473
474
475
476
477
478
479
480
481
482
483
615
484
485
486
487
488
489
490
491
492
493
494
495
496
497
498
499
500
501
502
503
504
505
506
507
508
509
510
511
512
513
514
515
516
517
518
519
520
521
522
523
524
525
526
527
528
529
530
531
532
533
534
535
536
537
538
539
540
541
542
543
544
545
546
547
548
549
550
551
552
553
554
555
556
557
558
559
560
561
562
563
564
565
566
567
568
569
570
571
572
573
574
575
576
577
578
579
580
581
582
583
584
585
586
10
11
13
12
14
15
106
107
105
104
102
103
101
100
98
99
97
96
94
95
93
92
90
91
89
88
86
87
85
84
82
83
81
80
78
79
77
76
74
75
73
72
70
71
69
68
66
67
65
64
228
227
226
225
224
223
222
221
220
219
218
217
216
215
214
587
213
212
211
210
209
208
207
206
205
204
203
202
201
200
199
198
197
196
63
62
61
60
59
58
57
56
55
54
53
52
51
50
49
48
47
46
45
44
43
42
41
40
39
38
37
36
34
35
33
32
30
31
29
28
26
27
25
24
22
23
21
20
18
19
83208
83207
83206
83205
83204
83203
83202
83201
83200
83199
83198
83197
85456
85457
85458
85459
85460
85461
85462
85463
85464
85465
85466
85467
85468
85469
85470
85471
85472
85454
85451
85432
85428
85425
85450
85449
85448
85447
85446
85445
85444
85443
85442
85441
85440
85439
85438
85437
85436
85435
83387
85431
83388
85453
83196
85434
83195
85430
83194
85427
85424
83193
85421
83192
85418
83191
85415
83190
85412
83189
85409
83188
85406
83187
85403
83186
85401
83185
85399
83184
85397
83183
85395
83182
85392
83181
85389
83180
85386
83179
83382
83178
83177
83176
83175
83174
83173
83172
83171
83378
85355
83170
83169
83168
83167
85349
85351
85353
85357
85358
85359
85360
85361
85362
85363
85364
85365
85366
85367
85368
85369
85370
85371
85372
85375
85376
85377
85378
85380
85382
85383
85384
85387
85390
85393
85396
85398
85400
85402
85404
85407
85408
85833
85832
85405
83386
83385
83384
83383
85394
85831
85830
85391
85388
85829
85828
85385
83381
83380
85381
85827
85826
85379
83379
85825
85824
85374
85373
85356
85354
85352
85350
85347
85345
85344
85322
85321
85339
85340
85341
85342
85323
83374
85304
83373
83372
83371
85294
85275
85255
85236
85235
85234
85233
85252
85251
85232
85250
85231
85230
85229
85228
85227
85226
85225
85224
85243
85244
85245
85246
85247
85266
85265
85264
85263
85282
85283
85284
85285
85286
85267
85248
85249
85268
85269
85270
85271
85272
85253
85254
85273
85274
85293
85292
85291
85290
85289
85288
85287
85319
85320
85338
85337
85335
85336
85318
85317
85315
85316
85334
85333
85331
85332
85314
85313
85312
85330
85328
85329
85311
85310
85309
85327
85326
85325
85346
83166
83165
85343
85324
83164
85305
85306
85307
85308
85279
85280
85281
85262
85261
85260
85241
85242
85223
85222
85221
85215
85218
83367
83368
85240
85259
83369
83370
85278
85297
85300
85303
85302
83163
85299
83162
85296
83161
85277
83160
85258
83159
85239
83158
85220
83157
85217
83156
85214
83155
85211
83154
85212
85209
85206
85203
85200
83153
85208
85205
83152
85202
83151
85199
83150
85196
83149
85197
85194
83365
85175
85176
85177
85178
85179
85180
85181
85182
85183
85184
85185
85186
85187
85188
85189
85190
85191
85192
85193
85195
85812
85813
85198
85201
85814
85815
85204
85207
85816
85817
85210
85213
85818
85819
85216
83366
85219
85238
85237
85256
85257
85276
85295
85298
85301
85820
85821
85822
85348
83375
83376
83377
85823
82137
79364
82120
79363
82103
79362
82098
79361
82099
79624
82104
82121
79625
82138
82139
82140
79627
82160
82161
82162
82163
82164
82165
82166
82167
82168
82169
82170
82171
82172
82175
82178
82183
82188
82193
82198
82203
82219
79637
82225
82241
82242
82258
82262
79640
82257
82256
82240
82239
82255
82254
82238
82237
82253
82252
82251
82250
82249
82233
82232
82248
82247
82231
82230
82246
79639
82229
82224
82223
82228
79638
82222
82206
82201
82196
82191
82186
82181
82182
82187
82192
82197
82202
79636
82207
82208
82209
82210
82211
82212
82234
82235
82236
82218
82217
82216
82215
82214
82213
79633
79632
82174
82158
82159
82154
79629
82149
82144
82143
82142
79365
82147
82148
82153
82157
79366
82173
82177
82180
79367
82185
79368
82190
79369
82195
79370
82200
79371
82205
79372
82221
79373
82227
79374
82244
79375
82260
79376
82264
79377
82280
79378
82283
79379
82286
79380
82289
79381
82292
79382
82295
79383
82298
79384
82301
79385
82304
79386
82307
82310
79387
82328
79388
82333
82351
79644
79389
82350
79390
82367
82384
79391
82388
79392
82393
82394
82400
82395
82390
82389
82385
79645
82368
82369
79646
82370
82371
82354
82372
82355
82356
82373
82374
82375
82376
82377
82360
82343
82342
82341
82359
82358
82357
82340
82339
82338
82337
82336
82353
82352
82335
82334
79643
79642
82311
82312
82313
82314
82315
82316
82317
82318
82319
82320
82321
82322
82323
82324
82325
82326
82308
82329
82331
82348
82349
82332
82836
82835
82330
82327
82309
82834
82833
82306
82305
82302
82299
82296
82293
82290
82287
82284
82281
82278
82277
82276
82275
82274
82273
82272
82271
82270
82269
82268
82267
82266
82265
79641
82261
82245
85835
85834
85411
85410
85413
85416
85414
85417
85836
85837
85420
85419
85422
85423
85838
85839
85426
85429
85840
85841
85433
85452
85842
85455
85474
85473
83389
85475
85476
83390
83391
85477
85843
85478
85479
85844
85845
85480
85481
85846
85847
85482
83392
85848
85849
85850
85851
85502
85501
85500
85499
85498
85497
85496
85495
85494
85493
85492
85491
85490
85489
85488
85487
85486
85485
85484
85483
83209
83210
83211
83212
83213
83214
83215
83216
83217
83218
83219
85512
85513
85514
85515
85516
85517
85518
85519
85520
85521
85522
85523
85524
85525
85526
85527
85528
85529
85530
85532
85861
85862
85534
85536
85863
85864
85538
85557
83393
85865
85866
85560
85559
85556
85555
85554
85553
85552
85551
85550
85549
85548
85547
85546
85545
85544
85543
85542
85541
85540
83220
85531
83221
85533
83222
85535
83223
85537
85539
83224
85558
83225
85561
83226
85564
83227
85567
83228
85570
83229
85573
83230
85576
83231
85579
83232
85582
83233
85585
83234
85588
83235
85591
83236
85594
83237
85597
83238
85600
83394
83239
83240
83241
83242
83243
83244
83245
83246
83247
83248
83249
83250
83251
83252
83253
85625
83254
83255
83256
83257
85626
85627
85628
85629
85630
85631
85632
85633
85634
85635
85636
85637
85638
85639
85640
85641
85642
85643
85894
85895
85896
85644
85645
85897
85898
85646
85647
85899
79440
79439
79438
79437
79436
79435
79434
79433
79432
82650
82651
82633
82635
82634
82652
82653
82654
82636
82637
82655
82656
82657
82638
82639
82640
82658
82641
82659
82660
82642
82643
82661
82662
82663
82644
82645
82646
82664
82665
82647
82648
82666
82667
82873
82874
82875
82876
82877
82878
82879
82880
82881
78883
74263
78882
74262
78881
74261
78880
74260
78879
74259
78878
74258
78877
74257
78876
74256
78859
74255
78841
78842
74474
78843
78860
78861
78862
78863
78864
78865
78866
78867
78850
78852
78834
78835
78836
78837
78838
78839
78840
79130
79129
78818
74473
78815
78812
78809
78806
78803
78800
78797
78794
78790
79128
79127
79126
79125
79124
79123
79122
74472
78791
79121
79120
78787
78786
74471
78783
79119
78780
78777
79118
79117
78774
78771
79116
78765
78768
74470
78764
74469
74468
78760
78761
78757
78753
78752
78756
74467
78751
78747
78744
78741
78738
78734
74464
78730
78731
78735
79113
79114
74465
74466
78748
79115
73502
73503
73511
68694
73518
68695
73525
68696
73532
73526
73519
73512
73504
73495
73494
73486
73487
73473
73480
73479
68693
73472
73465
73466
73467
73474
73481
73489
73488
73496
73497
73505
73513
73520
73527
73534
73533
73542
73540
73541
73557
73558
73568
73584
73599
73598
73583
73567
73566
73582
73612
73611
73610
68381
73627
68382
73633
68383
73639
73628
73634
73635
73641
73640
68703
73645
73651
73657
73663
73664
73671
73688
73687
73686
73704
73705
73670
73669
68384
73650
68385
73656
68386
73662
73668
73685
73703
73721
68387
73737
68388
73744
68389
73751
68390
73758
68391
73765
68392
73772
68393
73779
68394
73786
73787
73780
73773
73774
73781
73788
73789
73782
73775
73768
73761
73760
73767
73766
73759
73752
73753
73754
73747
73740
73739
73746
73745
73738
73722
68704
73723
73706
73708
73709
73725
73724
68705
73707
73689
73690
73673
73672
73665
73659
73658
73646
73652
73653
73647
73642
73636
73630
73629
73613
73605
73604
68702
73597
68380
73581
73565
73556
68379
73539
73531
73524
73517
73510
73509
68378
73501
68377
73493
68376
73485
68375
73478
73471
68374
73464
68373
73447
73430
73431
73448
73449
73432
73424
73417
73409
68691
73410
73418
73425
73426
73434
73433
73450
73451
73452
73435
73436
73453
73454
73437
73438
73455
73457
73456
73439
73440
73442
73441
73458
73459
73460
73443
73427
73444
73445
73428
73421
73420
73404
73403
68692
73412
73413
73405
73406
73414
73422
73429
73446
73463
73470
73477
73476
73469
73462
73461
73468
73475
73482
73483
73484
73492
73491
73490
73498
73506
73514
73515
73507
73499
73500
73508
73516
73523
73530
73529
73522
73521
73528
68697
73535
73536
73537
73555
73554
73563
73579
73595
68701
68699
73562
73560
73593
73577
73576
73575
73574
73573
73589
73590
73591
73592
73622
73621
73620
73619
73618
73617
73616
73615
73614
73606
73600
73585
73586
73587
73588
73572
73571
73570
73569
73559
73543
73544
73545
73546
73547
73548
73549
73550
73551
73552
73553
73561
68698
73578
68700
73594
73601
73607
73624
73623
73648
73643
73637
73631
73625
73626
73632
73638
73644
73649
73655
73661
73667
73684
73701
73719
73718
73700
73683
73654
73660
73666
73682
73681
73680
73679
73696
73695
73678
73677
73694
73712
73711
73693
73676
73675
73674
73691
73692
73710
73726
73727
73728
73729
73713
73714
73730
73731
73715
73697
73698
73699
73717
73716
73732
73733
73734
73735
73736
73743
73987
73988
73750
73757
73989
73990
73764
73771
73991
73992
73778
73785
73784
73777
73770
73763
73756
73749
73742
73741
73748
73755
73762
73769
73776
73783
73790
73791
73792
73994
73993
67962
62750
67955
62749
67948
62748
67941
62747
67934
62746
67927
62745
67920
62744
67913
62743
67895
67877
73720
73702
73986
73985
73984
73983
73982
73981
73980
73979
73978
73602
73608
73609
73977
73976
73603
73596
73580
73564
73975
73974
73538
73973
73972
73971
73970
73969
73968
73967
73966
73965
73964
73963
73962
73961
73415
73407
73391
73390
73375
68687
73366
73365
68685
73356
73364
73373
73374
73389
73388
73387
73372
73363
73355
73347
73348
73340
73341
73342
73325
73316
68680
73299
73298
73297
73315
73324
73323
73339
73338
73337
73312
73311
73310
73292
73293
73294
73295
73313
73314
73296
73279
73269
73268
73267
73266
73265
73264
73263
73278
73277
73288
73306
73307
73289
73290
73291
73309
73308
68682
73322
73305
73304
73303
73302
73285
68369
73284
73301
73317
73318
73327
73326
73343
73351
73352
73344
73328
73329
73319
73320
73321
73330
73345
68683
73346
73331
73332
73333
73334
73335
73336
73386
73402
73401
73385
73384
73400
73398
73399
73383
73382
73381
73397
73396
73380
73362
73354
68684
73353
73361
73370
68686
73371
73379
68690
73419
73411
73395
68689
73378
68688
73369
73360
68370
73359
73367
73368
73377
73376
73394
73393
73392
73408
68371
73416
68372
73423
79112
78710
74460
78688
78687
78704
78703
74459
78686
78685
78684
78702
74462
78708
78709
78715
78714
78729
78728
78727
78726
78725
78724
78723
78722
78721
78720
78719
78718
74463
78713
78707
78695
78696
78679
78697
78698
78699
78700
78701
78683
78682
78681
78680
78678
78677
78676
78694
78693
74461
78692
78674
78675
78668
74457
78664
78649
78650
78651
78652
78653
78654
78655
78638
78637
78636
78635
78634
78633
78632
78626
78610
78611
78612
78613
78614
78615
78616
78617
78618
78619
78620
78621
78627
78643
78642
78641
78640
78639
78656
78657
78658
78659
78660
78665
78669
74458
78670
78666
79111
78662
78661
78644
78645
78628
79110
79109
74454
78622
78605
78600
79108
79107
78553
78569
78568
74448
78575
74449
78592
74451
78604
74453
78599
78574
78591
78590
78589
78588
78587
78586
78585
78584
78583
74450
78598
78581
78582
78573
78558
78557
78556
74446
78550
78572
78571
74447
78555
74445
78549
78543
78536
78537
78544
78530
74443
78529
78513
78512
78503
78502
78511
78528
74218
78535
74219
78542
74220
78548
78554
78570
78576
78577
78578
78594
78593
78601
78606
74221
78623
78624
78607
78609
78603
78597
78580
78579
78596
78595
74452
78602
78608
78625
74455
78631
78648
78647
74456
78630
74222
78629
74223
78646
74224
78663
78667
78671
78672
78673
78691
78690
78706
78705
78689
82847
82848
82604
82607
82849
82850
82610
79659
79658
82612
79657
82609
82606
82603
82600
82601
82598
82597
82596
82578
82579
82580
82563
82562
82545
82546
82846
82541
82524
82507
82490
82486
82845
82844
82482
82481
82477
82478
82843
82842
82474
82841
82840
82436
82419
82402
82839
82397
82392
82838
82837
82387
82383
82366
82365
82364
82347
82346
82345
82344
82361
82378
82379
82362
82363
82380
82381
82382
82386
82391
82396
79647
82401
82418
82435
82453
82470
82473
82469
82452
82434
82433
82416
82417
82415
82414
82413
82412
82429
82447
82446
82428
82411
82410
82409
82426
82427
82445
82444
82425
82408
82407
82406
82405
82404
79648
82399
79393
82398
79394
82403
79395
82420
82421
82422
82423
82441
82458
82459
82442
82424
82443
82460
82461
82462
82463
82464
82465
82466
82467
82450
82449
82448
82430
82431
82432
82451
82468
82472
82476
82480
82485
82484
79654
82489
82506
82505
82522
82521
82504
82503
82520
82519
82502
82501
82500
82516
82499
82498
82515
82514
82497
82496
82495
82511
82494
82493
82510
82527
82528
82529
82512
82513
82530
82531
82532
82533
82534
82517
82518
82535
82536
82537
82538
82539
82540
82523
82561
82560
82559
82576
82577
82595
82594
82593
82592
82591
82590
82589
82571
82572
82573
82574
82575
82558
82557
82556
82555
82554
82553
82570
82588
82587
82569
82552
82551
82550
82567
82568
82586
82585
82584
82583
82582
82548
79656
82565
82566
82549
79655
82544
82526
82509
82492
82488
79653
82483
79652
82479
79651
79650
82475
82471
79649
82455
82456
82457
82440
82439
82438
82437
82454
85852
85503
85504
85853
85854
85505
85506
85855
85856
85507
85508
85857
85858
85509
85510
85511
85860
85859
82487
79396
82491
82508
79397
79398
82525
82543
79399
82542
79400
82547
79401
82564
82581
79402
82599
79403
82602
79404
82605
79405
82608
79406
82611
79407
82613
79408
82614
79409
79410
79411
79412
79413
79414
79415
79416
79417
79418
79419
79420
79421
79422
79423
79424
79425
79426
79427
79428
79429
79430
79431
82632
85893
85892
85891
85624
83396
85623
85621
83395
85622
85890
85889
85620
85619
85617
85618
85888
85887
85616
85615
85613
85614
85886
85885
85612
85611
85609
85610
85884
85883
85608
85607
85605
85603
85604
85606
85882
85881
85602
85880
85879
85599
85601
85598
85595
85596
85878
85877
85593
85592
85589
85590
85876
85875
85587
85584
85874
85873
85581
85586
85583
85580
85577
85578
85575
85574
85571
85568
85565
85562
85563
85867
85868
85566
85569
85869
85870
85572
85871
85872
82615
82616
82617
82618
82619
82620
82621
82622
82623
82624
82625
82626
82627
82628
82629
82630
82631
82851
82852
82853
82854
82855
82856
82857
82858
82859
82860
82861
82862
82863
82864
82865
82866
82867
82868
82869
82870
82871
82872
82649
78823
78821
74254
78819
74253
78816
74252
78813
74251
78810
74250
78807
74249
78804
74248
78801
74247
78798
74246
78795
74245
78792
74244
78788
74243
78784
74242
78781
74241
78778
74240
78775
74239
78772
74238
78769
74237
78766
74236
78762
74235
78758
74234
78754
74233
78749
74232
78745
74231
78742
74230
78739
74229
78736
74228
78732
74227
78716
74226
78711
74225
78712
78717
78733
78737
78740
78743
78746
78750
78755
78759
78763
78767
78770
78773
78776
78779
78782
78785
78789
78793
78796
78799
78802
78805
78808
78811
78814
78817
78820
78822
78824
78825
78826
78844
78827
78845
78846
78828
78829
78830
78847
78848
78849
78831
78832
78833
78851
78868
78869
78870
78853
78854
78871
78872
78873
78856
78855
78857
78874
78875
78858
79131
79132
79133
79134
79135
79136
79137
79138
16
17
0
