0
1
3
2
4
5
194
195
193
192
190
191
189
188
186
187
185
184
182
183
181
180
178
179
177
176
174
175
173
172
170
171
169
168
166
167
165
164
162
163
161
160
158
159
157
156
154
155
153
152
1429
1427
1428
1285
1284
1283
1282
1281
1280
1279
1278
1277
1276
1275
1274
1273
1272
1271
1270
1269
1268
1267
1266
1265
1264
1425
1263
1262
1261
1260
1259
1258
1257
1256
1255
1254
1253
1252
1251
1250
1249
1248
1247
1246
1245
1244
1243
1423
1242
1241
1240
1239
1238
1237
1236
1235
1234
1233
1232
1231
1230
1229
1228
1227
1226
1225
1224
1223
1222
1420
1221
1220
1219
1218
1217
1216
1215
1214
1213
1212
1211
1210
1209
1208
1207
1206
1205
1204
1203
30035
30031
30027
30023
30019
30015
30011
30007
29989
29990
29971
29953
29954
29972
29973
29991
29992
29993
29975
29994
29995
29996
29997
29998
29980
29979
29978
29977
29976
29958
29957
29956
29974
29955
29937
29938
29939
29940
29941
29959
29960
29942
29943
29944
29961
29962
29945
29963
29981
29999
30000
30001
30002
29985
30003
30008
30012
30016
30020
30024
30028
30032
30036
30037
30288
30033
30287
30286
30029
30025
30285
30284
30021
30017
30283
30282
30013
30009
30281
30005
29987
30004
29986
29968
29969
29951
29950
29949
29967
29966
29984
29983
29982
29964
29965
29946
29947
29948
29934
29929
29930
29935
30280
29913
30279
29907
30278
30277
29902
29896
30276
30275
29890
29884
25862
29877
29876
29883
29889
29895
29901
29906
29912
29928
29927
29926
29925
29924
29923
29922
29921
29920
29919
29918
29917
25864
29911
29905
29904
29903
25863
29898
29897
25587
29891
25586
29885
25585
29879
25584
29856
29858
29851
29850
29841
29842
29843
25859
25858
29813
29812
29803
29802
29811
29810
29809
29800
35396
34910
34893
34883
34882
34892
34909
34908
34925
34924
34923
34934
34951
34950
34966
34983
35001
35000
34999
34998
34997
34996
34995
34994
34993
34976
34977
34978
34979
34980
34963
34962
34961
34960
34959
34958
34975
34992
34991
34990
34973
34974
34957
34940
34956
34955
34938
34939
34930
34929
34912
34895
34913
34914
34931
34932
34941
34942
34943
34944
34945
34946
34947
34964
34981
34982
34965
34948
34949
34933
34922
34905
34906
34907
34891
34890
34889
34904
34903
34902
34921
34920
34919
34901
34900
34918
30747
34917
34899
34872
34855
34871
34854
34838
34839
34826
34812
34800
34801
34813
34827
34840
34856
30746
34873
34874
34875
34859
34858
34857
34841
34842
34843
34844
34860
34876
34877
34878
34879
34863
34862
34861
34845
34828
34829
34846
34847
34848
34864
34880
34881
34865
34866
34867
35395
34850
34849
30745
34832
34818
34831
34830
30744
34816
34817
30742
34805
34793
34794
34806
34819
34833
34820
35394
34807
34795
35393
34783
34782
34766
34767
35392
35391
34756
34745
35390
35389
34734
34733
34732
34743
34744
34755
34754
34765
34781
34780
34779
34778
34777
34790
34791
34792
34804
34803
34815
34814
34802
34774
34775
34776
34762
34751
34740
34741
34752
34763
34764
34753
34742
34731
34730
34729
34719
34718
34717
34716
34688
34689
34690
34702
34703
34720
34721
34704
34692
34693
30736
34705
30737
34722
34723
34707
34696
34678
35388
34667
35387
34633
30731
34608
35386
34598
35385
35384
34588
34587
34577
34578
35383
34568
34553
34544
35382
34528
34543
34527
34519
34520
34504
34495
35381
34489
34473
35380
35379
34456
34455
30720
34472
34488
34487
34494
34503
34502
34518
30725
30726
34542
30727
34552
34567
34566
34565
34551
34541
34550
34563
34564
34576
34586
34596
34575
34574
34584
34585
34595
34594
34604
34621
34605
34606
30730
34597
34607
34622
34632
34650
34666
34677
34695
34706
34694
34665
34664
34648
34649
34631
34630
30733
34629
34646
34662
34647
34663
34676
34691
34675
34674
34661
34660
34659
34643
34644
34645
34628
34620
34619
34618
34617
34616
34615
34614
34627
34639
34638
34626
30732
34613
34612
34611
34625
34637
34654
34672
34673
34655
34656
34640
34641
34657
34642
34658
34687
34686
30735
34685
34684
34713
34714
34715
30738
34773
34789
30741
34761
34750
34739
34728
34727
34711
34712
34701
34683
34671
34653
30734
34636
34635
34652
34669
34670
34681
34682
34700
34699
34698
34680
34679
34668
30459
34651
30458
34634
34623
34624
34610
34609
34599
30457
34589
30456
34579
30455
34569
30454
34554
34545
30453
34529
34521
30452
34505
34522
34506
34497
34498
34507
34508
34499
34492
34491
34496
34490
30451
34474
34475
34476
34477
34460
34459
34458
34441
34440
34457
40808
40809
39913
39929
39928
39944
39943
39951
35867
39942
39926
39910
39911
39927
39912
39901
39902
39903
39893
39892
39891
39890
39873
39874
39875
39876
39865
39847
39846
39831
39830
39818
39803
39802
39791
39801
39800
39815
39816
39817
39829
39828
39827
39842
39843
39844
39845
39864
39863
39862
39861
39860
39872
39871
35862
39859
39841
39826
39814
39799
39788
39789
39790
39774
39763
39764
39765
39755
39756
39766
39777
39776
39775
39792
39793
39804
39819
35859
39820
40807
39794
40806
40805
40804
40803
40802
40801
40800
40799
35852
35851
39669
39652
40798
40797
40796
39607
40795
40794
39596
39595
39606
39605
39623
39640
39650
39667
39668
39680
39691
39702
39712
39711
39701
39690
39689
39700
39710
39709
39699
39688
39677
39687
39686
39675
39676
39664
39663
39662
39661
39660
39659
39658
39657
39645
39656
39674
39685
39696
39706
39717
39728
39739
39750
39760
39771
39782
39781
39780
35855
39769
39758
39770
39759
39749
39738
39727
39726
39725
39736
39737
39748
39757
35854
39747
39746
35574
39735
35573
39724
35572
39713
35571
39714
39715
39716
39705
39704
39703
35853
39693
39682
39683
39694
39695
39684
39673
39672
39671
39654
39643
35850
39655
39644
39629
39630
39631
39632
39615
39614
39613
39612
39611
39628
39627
39626
39625
35566
39642
35567
39653
35568
39670
35569
39681
35570
39692
46335
45231
45248
46336
45258
45257
45267
45268
46337
46338
45278
45287
46339
46340
45297
45286
45285
45284
45275
45276
45277
45266
45265
45255
45256
45246
45247
45230
45229
45219
45218
45217
45216
45227
45243
45254
45264
45274
45283
45293
45309
45308
45307
45306
45305
45304
45303
45318
41287
45327
45328
45346
45347
45329
45330
45348
45366
45367
45368
45349
45331
45319
45310
45294
45295
45296
45313
45314
46341
45323
45337
45355
45373
45391
45400
46342
46343
45409
45408
45399
45390
45372
45371
45389
45388
45370
45352
45353
45354
45336
45335
45321
45322
45312
45311
45320
45334
45333
45332
45350
45351
45369
45387
45386
45385
45384
45383
45365
45364
45382
45381
45380
45379
45361
45362
45363
45345
45344
45343
45342
45341
45359
45360
45378
45377
45376
45394
45395
45404
45413
45422
45431
45441
45442
45443
45444
45445
45446
45447
45448
45458
45467
45476
45491
45490
45489
45488
45487
45504
45521
45505
45506
45507
45524
45525
45508
45509
45526
45543
45544
45527
45510
45493
45492
45477
45468
45469
45478
45494
45495
41289
45470
45461
45452
45451
45460
45459
45450
45449
45432
45423
45414
45405
45396
45406
45397
45398
45407
45416
45415
45424
45433
45434
45425
45417
45418
46344
46345
45427
45426
45435
45436
46346
45453
45462
46347
46348
45471
45479
45496
45512
45511
41292
45528
45529
46349
46350
46351
46352
41294
46353
46354
46355
46356
41295
45620
45612
45604
45596
45579
45571
41293
45555
45546
45545
45554
45553
45570
45578
45569
45552
45542
45541
45540
45523
45522
45539
45538
45537
45520
45503
45486
45485
45502
45519
45536
45535
45534
45551
45550
45533
45516
45515
45498
45499
45481
41290
45473
45464
45455
45456
45465
45474
45482
41291
45500
45517
45518
45501
45484
45483
45475
45466
45457
45440
45439
45438
41288
45429
45430
45421
45420
45411
45412
45403
45402
45393
45375
45357
45358
45340
45339
45325
45316
40955
45315
45324
45338
45356
45374
40956
45392
40957
45401
40958
45410
40959
45419
40960
45428
40961
45437
40962
45454
40963
45463
40964
45472
40965
45480
40966
45497
45513
45514
45532
45531
45530
40967
45547
45548
45549
45558
45559
45575
45574
45582
45599
45600
45583
45584
45601
45609
45608
45607
45606
45598
45581
45573
45557
45556
40968
45572
45580
40969
45597
40970
45605
40971
45613
45614
45615
45616
45617
45625
45626
45627
45628
45629
45630
45631
45632
45618
45610
45602
45592
45591
45590
45589
45588
45587
45586
45585
45576
45560
45561
45562
45563
45564
45565
45566
45567
45568
45577
45593
45594
45595
45603
45611
45619
45636
41297
45635
45634
45633
45641
45657
45656
45655
45654
45653
45652
45651
45650
45666
45674
45665
45664
45672
45673
45681
45699
45698
45697
45680
41298
45646
45647
45648
45649
45640
45624
45639
45638
41296
45623
45622
45621
45637
45645
40972
45663
40973
45671
40974
45679
40975
45696
40976
45705
45706
45715
45714
45731
40977
45748
45749
45732
45733
45750
45751
45734
45735
45736
45719
45718
45717
45716
45707
45708
45709
45700
45682
45683
45684
45685
45686
45687
45688
45689
45675
45667
45658
45659
45642
45660
45669
45668
45676
45677
45693
45694
45661
45643
45644
45662
45670
46357
46358
45678
45695
45704
46359
46360
46361
45713
41299
45730
41300
45747
46362
46363
45757
45774
46364
46365
45783
45782
45773
41301
45756
45755
45746
45729
45712
45703
45711
45702
45692
45691
45690
45701
45710
45726
45725
45724
45723
45722
45721
45720
45737
45738
45739
45740
45741
45742
45743
45744
45727
45728
45745
45754
45772
45781
45790
41302
45806
41303
45822
41304
45838
41305
41306
45839
45824
45823
45807
45791
45792
46366
46367
45808
46368
46369
45840
45855
46370
40348
35590
40365
35591
40375
35592
40392
35593
40401
40402
35910
40410
40419
35594
40418
35595
40426
35596
40434
35597
40442
40443
40435
40436
40444
40445
40452
40451
40459
40460
40467
40466
35913
40458
40450
35912
35598
40457
35599
40465
35600
40482
40483
35914
40490
40491
40484
40468
40469
40470
40471
40472
40473
40474
40475
40485
40492
40509
40517
40508
40507
40506
40505
40504
40503
40502
40501
35915
40500
40499
40498
40497
40516
40515
40514
40496
40489
46382
46028
41315
46011
46381
46003
41314
45994
45995
46380
46379
46378
45978
45986
45977
45985
46002
45993
45984
45976
45967
45958
45948
41312
45938
45939
45930
45929
45919
45920
45931
45940
45949
45950
45959
45968
45969
46377
46376
45960
45951
45941
46375
45932
46374
46373
45922
45921
41310
45904
41309
45905
46372
46371
45888
41308
45871
45870
45887
45903
45886
45869
41307
45854
45837
45821
45820
45804
45805
45789
45780
45770
45771
45753
45769
45768
45767
45766
45765
45764
45763
45752
45762
45779
45778
45761
45760
45759
45758
40978
45775
45776
45777
45787
45796
45795
45786
45785
40979
45784
45793
45809
45810
45794
45811
45827
45826
45825
45841
45842
45857
45856
45872
45889
45906
40980
45923
45924
41311
45933
45934
45925
45926
45935
45944
45945
45955
45954
45953
45943
40981
45942
40982
45952
40983
45961
40984
45970
45971
45962
45963
45972
45973
45981
45990
45999
45998
45997
45988
45989
45980
41313
45979
40985
45987
40986
45996
40987
46004
51367
51366
51032
51037
51043
51061
51077
46865
51060
51042
51041
46863
51036
51031
51025
51024
51023
51022
51021
51020
51019
51018
51017
51016
51015
46861
51009
51003
50998
50997
50984
50990
50996
51002
51008
51014
46862
51050
51049
51048
51066
51067
51068
51069
51051
51052
51070
51071
51053
51054
51072
51073
51055
51056
51074
51075
51057
51058
51059
46864
51076
51080
51081
51086
51085
51090
51095
51100
51101
51106
51111
51105
51110
51115
51116
51117
51375
51112
51374
51373
51107
51102
51097
51096
51091
51092
51087
51082
51368
51369
51370
51371
51372
46127
40995
46136
46137
46138
46139
46130
46121
46112
46103
46094
46085
46076
46060
46061
46062
46063
46064
46065
46066
46039
46022
46021
46020
46038
46037
46036
46019
46018
46035
46034
46017
46016
46033
41316
46050
46059
46058
46057
46049
46056
46074
46083
46075
46084
46093
46092
46101
46102
46111
46110
46119
46120
46129
46128
40994
46118
40993
46109
40992
46100
40991
46091
40990
46082
40989
46073
40988
46055
46047
46048
46030
46029
46012
46005
46006
46014
46013
46031
46032
46015
46007
46008
46000
45991
45982
45974
45965
45964
45956
45946
45936
45927
45909
45892
45891
45908
45907
45890
45873
45874
45858
45843
45844
45828
45812
45813
45797
45788
45798
45814
45830
45829
45845
45860
45859
45875
45876
45893
45910
45911
45912
45913
45914
45897
45898
45915
45916
45899
45882
45883
45867
45866
45865
45864
45881
45880
45879
45878
45896
45895
45894
45877
45861
45862
45847
45846
45831
45815
45799
45800
45801
45802
45803
45819
45818
45834
45833
45817
45816
45832
45848
45863
45849
45850
45851
45835
45836
45852
45853
45868
45884
45885
45902
45901
45900
45917
45918
45928
45937
45947
45957
45966
45975
45983
45992
46001
46009
46024
46023
46040
46041
46051
46068
46067
46077
46086
46095
46104
46113
46122
46131
46140
46141
46132
46133
46142
46143
46134
46125
46116
46115
46124
46123
46114
46105
46096
46087
46078
46079
46088
46080
46071
46070
46069
46052
46042
46025
46026
46010
46027
46043
46044
41317
46053
46045
46046
46054
46072
46081
46383
46384
46090
46089
46098
46097
46106
46107
46108
46099
46385
46386
46387
46117
46126
46388
46389
46135
46144
46390
40579
35607
40587
35608
40595
40596
40597
40589
40588
40580
40581
40573
40565
40564
40572
35606
40571
35605
40563
35604
40555
35603
40547
35602
40539
35601
40521
40522
40540
40548
40556
40557
40549
40541
40523
40524
40525
40526
40527
40528
40529
40530
40531
40532
40533
40534
40542
40550
40558
40566
40574
40582
40590
40598
40599
40600
40601
40602
40840
40839
40594
40593
40592
40591
40584
40583
40575
40567
40559
40560
40561
40569
40568
40576
40577
40585
40586
40838
40837
40578
40570
40836
40835
40562
40553
40554
40834
40833
40546
40538
40520
40513
40495
40832
40831
40488
40481
40464
40830
40456
40829
40828
40449
40441
40827
40826
40433
40432
40424
40431
40439
40440
40448
40447
40454
40455
40463
40480
40487
40494
40512
40519
40537
40545
40544
40552
40551
40543
40535
40536
40518
35916
40510
40511
40493
40486
40479
40462
40478
40477
40476
40461
40453
40446
40438
40430
40422
40413
40405
40396
40387
40397
40406
40414
35911
40423
40415
40416
40425
40417
40825
40409
40824
40823
40400
40399
40408
40407
40398
40388
40371
40372
40389
40390
40373
40391
40374
40822
40821
40364
40347
40820
40819
40337
40336
40346
40363
40362
40361
35908
40344
40343
40342
40332
40323
40314
40298
40313
40312
40311
40310
40309
40308
40307
40306
35906
35907
40331
40341
40351
40352
40353
40354
40355
40356
40357
40358
40359
40360
40370
40386
40385
40384
40383
40382
40381
40380
40379
35909
40369
40368
40378
40395
40404
40412
40421
40429
40437
40428
40427
40420
40411
40403
40394
40393
40376
40377
40366
40367
40350
40349
40340
40330
40329
40339
40338
40328
40320
40303
35589
40294
35588
40285
35587
40276
35586
40259
40260
40277
40286
40295
35903
40304
35904
40321
40322
40305
40296
40287
40278
40279
40288
40297
40265
40266
40267
40268
40269
40270
40254
40245
40246
40255
40272
40271
40280
40289
40290
40281
40282
40291
40300
40299
40315
40324
40333
40334
40345
40335
40325
40316
40317
35905
40326
40327
40318
40319
40302
40818
40817
40293
40301
40292
40283
35902
40273
35901
40256
35900
35898
40247
40238
35896
40228
40227
40237
40236
40226
40216
40217
40218
40208
40191
40167
40166
40152
40151
40150
40165
40179
40190
40207
40206
40189
35892
40178
40164
40163
40162
40161
40148
40132
40149
40133
40117
40116
40115
40131
40147
40146
40160
35889
40177
35891
40205
40204
40203
40202
40201
40188
40187
40200
35894
35895
35897
35899
40264
40263
40262
40261
40252
40253
40244
40243
40234
40235
40225
40215
40224
40214
40213
40223
40233
40242
40251
40250
40241
40232
40222
40212
35585
40195
40182
40183
40196
40197
40184
40174
40173
40172
40156
40140
40124
40108
40109
40125
40126
40141
40142
35887
40157
40175
40185
40198
40199
40186
40176
40159
40145
40144
40158
35888
40143
40127
40128
40129
40130
40114
40097
40082
40070
35881
40095
40096
40113
40112
40111
40110
40094
40093
40081
40080
40092
40091
40079
40067
35584
40051
40036
40035
40023
40007
39990
35583
39980
39981
35872
39991
39992
40010
40009
40008
40024
40025
40026
40037
35878
40052
40068
40069
40053
40038
40039
35879
40054
40040
40028
40027
40012
40011
39993
39983
39982
39965
39964
39963
39954
39946
39947
39948
35868
39955
39956
39966
39967
39957
39968
35870
39984
39994
39995
39969
39970
39971
39972
39973
39974
39975
39985
40002
40001
40000
40016
35875
40017
40018
40030
40047
40046
40060
40072
35880
40059
40045
40044
40058
40057
40056
40042
40043
40015
39999
39998
40014
40013
39997
39996
35873
35874
40029
40041
40055
40071
40083
40098
40099
40100
40101
40118
40134
40135
40136
40153
40154
40137
35884
40120
40119
35883
40103
40102
40084
40085
40104
40086
40087
40088
35882
40105
40121
40122
40106
40089
40076
40075
40074
40073
40061
40062
40063
40048
35876
40031
40019
40020
40032
40049
40064
40065
40050
40033
40034
35877
40066
40077
40078
40090
40811
40812
40107
40123
40139
35886
40138
35885
40155
40169
40168
40180
40192
35893
40209
40219
40229
40230
40239
40248
40257
40274
40284
40275
40816
40258
40249
40240
40231
40815
40814
40221
40220
40210
40211
40813
40194
40193
40181
40170
40171
35890
34697
34708
30460
34724
34735
34746
34747
34736
34725
34709
34710
34726
34737
34738
30739
34748
34749
30740
34760
34771
34772
34788
34787
34799
30743
34811
34825
34824
34823
34836
34837
34853
34870
34886
34887
34888
34898
34916
34915
34897
34896
34885
34869
34852
34835
34822
34809
34810
34798
34786
34785
34769
34770
34759
34758
34757
30461
34768
30462
34784
30463
34796
34797
34808
30464
34821
34834
34851
30465
34868
30466
34884
34894
34911
34928
34937
34954
34971
34988
34972
34989
30749
35005
35006
30750
35012
35013
35014
35015
35016
35017
35018
35019
35020
35021
35022
35028
35033
35038
35069
35068
35067
35066
35065
35064
35081
35080
35079
35063
35062
35061
35078
35077
35060
35056
35051
35046
35041
30751
35037
35032
35027
35011
30467
35010
30468
35026
30469
35031
30470
35036
30471
35045
30472
35050
30473
35055
35059
35076
35094
35095
35113
35112
30474
35130
30475
35135
30476
35140
30477
35145
30478
35150
30479
35155
30480
35160
30481
35165
35166
35161
35156
35151
35146
35141
35136
35131
35114
35115
35096
35097
35098
35116
35117
35099
35118
35100
35082
35083
35101
35119
35120
35121
35122
35123
35105
35104
35103
35102
35084
35085
35086
35087
35070
35071
35072
35089
35088
35106
35124
35125
35107
35108
35109
35092
35110
35111
35093
35407
35406
35058
35075
35074
35091
35090
35073
35057
35052
35047
35042
35043
35044
35049
35048
30752
35053
35054
35405
35404
35040
35039
35034
35035
35030
35029
35023
35007
35002
35003
35008
35024
35009
35004
34986
34985
34984
34967
34968
34969
34952
30748
34935
34926
34927
34936
35397
35398
34953
34970
34987
35399
35400
35025
35401
35402
35403
25588
29908
29909
29910
29916
29933
25865
29932
29915
25589
29914
25590
29931
29936
29952
29970
29988
25591
30006
25592
30010
25593
30014
25594
30018
25595
30022
25596
30026
25597
30030
25598
30034
35412
35413
35159
35164
35414
35415
35169
35168
35163
35158
35153
35148
35154
35149
35411
35410
35144
35143
35138
35139
35409
35408
35134
35129
35128
35133
35127
35126
35132
35137
35142
35147
35152
35157
35162
35167
1198
1199
1200
1201
1202
1415
1416
1414
1197
1196
1195
1194
1193
1192
1191
1190
1189
1188
1187
1186
1185
1408
1184
1183
1182
1181
1180
1406
1405
1179
1178
1177
1176
1175
1174
1173
1172
1171
1170
1402
1401
1169
1168
1167
1166
1165
1399
1398
1164
1163
1162
1161
1160
1159
1158
1157
1156
1396
1397
1394
1393
1391
1155
1154
1153
1152
1151
1390
1388
1387
1150
1149
1148
1147
1146
1145
1144
1143
1142
1141
1140
1139
1138
1385
1137
1136
1135
1134
1133
1383
1380
1379
1132
1131
1130
1129
1128
1127
56690
56691
56692
56680
56679
56667
56655
56656
56657
56658
56646
56623
56927
56926
56611
56599
56584
56583
56565
56547
56548
56549
51857
56566
56550
56539
56925
56529
51854
56518
56507
56496
56495
56484
56485
56474
56463
56473
56462
56451
56452
56443
56917
56916
56426
56425
56424
56423
56407
56406
56422
56405
51848
56404
51849
56421
56438
56420
56403
56385
56386
56372
56371
56354
56353
56370
56369
56352
56335
56334
56351
56368
56367
56350
56349
51846
51847
56366
56384
56398
56415
56414
56431
56447
56446
56430
56429
56445
56444
51851
56428
56412
56413
56397
56383
56382
56396
56395
56394
56411
56427
56410
56393
56379
51553
56362
51552
56345
51551
56328
51550
56312
51549
56298
51548
56281
51547
56264
51546
56248
51545
56232
56215
56199
56182
56167
56151
56135
56119
56105
56106
56107
56108
56122
56121
56120
56136
56152
56153
56137
56138
56154
56170
56185
56184
56169
56168
56183
56200
56201
56202
56203
56204
56186
56187
56173
56188
56205
56221
56237
56236
51839
56220
56219
56218
56235
56234
56217
56216
56233
56249
56265
56282
56299
56313
56329
56330
56347
56346
56363
56380
56381
56364
56365
56348
56331
56314
56315
56301
56300
56283
56284
56267
56266
56250
56251
51841
56252
56268
51842
51843
56285
56302
56316
51844
51845
56332
56333
56317
56303
56318
56336
56319
56320
56337
56321
56338
56355
56356
56339
56340
56323
56322
56306
56307
56293
56292
56275
56276
56277
56278
56279
56262
56263
56280
56297
56296
56295
56294
56308
56324
56341
56358
56357
56374
56373
56387
56388
56389
56390
56375
56376
56359
56342
56325
56309
56310
56311
56913
56327
56326
56343
56344
56361
56360
56377
56391
56408
56409
56915
56392
56378
56914
50926
50927
50917
50908
50899
50890
50891
50881
46855
50873
50872
50863
50864
50856
50855
50847
50848
50849
50850
50841
50840
50839
46851
50831
50832
50833
50817
50818
50819
50820
50796
50795
46843
50763
50762
50761
50760
56104
56086
56085
56103
56102
56084
56069
56070
51825
56071
56057
51823
56041
56056
56055
56040
56025
51821
56026
51822
56042
56027
56012
56011
51820
55995
55996
55997
56909
55980
55963
55979
55962
55946
55945
55961
55978
55977
55994
56010
56009
55993
55976
55959
55960
55943
55944
55929
55914
55928
55927
55926
55941
55942
55958
55975
51819
55992
56008
56023
56024
56039
56038
56053
56054
56068
56067
51827
56082
56083
56101
56100
56114
56130
56115
56131
56147
56148
51834
56149
56133
56132
56116
56117
56118
56134
56150
56166
56910
56911
56181
51836
56198
56214
56912
56231
56247
56246
56230
56213
56197
56212
56211
56196
56179
56180
56165
56164
56163
51833
56146
51832
56129
56113
56099
56098
56112
51831
56111
51830
56128
56145
56144
56143
56159
56160
56176
56177
56161
56162
51835
56178
56195
56210
51837
56194
56193
56192
56209
56225
56240
56241
56242
56226
51838
56227
56243
56244
56228
56229
56245
56261
56260
56259
56258
56257
56274
56291
56305
56304
56290
56273
56272
56289
56288
56271
56270
56287
56286
56269
56253
56254
56255
56256
56239
56238
51840
56222
56223
56224
56208
56191
56190
56207
56206
56189
56175
56174
56157
56158
56142
56127
56126
56125
56141
56140
56156
56172
56171
56155
56139
56123
56124
56110
56109
56090
56089
56074
56075
56061
56060
56045
56046
56031
56030
56015
56000
55983
55984
56001
56016
56017
56032
56047
56048
56063
56077
56062
56076
56091
56092
56093
56078
56079
56094
56095
51828
51829
56096
56097
56081
51826
56066
56052
56037
56022
56021
56036
56051
56065
56080
56064
51824
56050
56049
56033
56018
56019
56034
56035
56020
56005
56004
56003
56002
55985
51818
55968
55986
55987
55969
55953
55954
55955
55972
55971
55970
55988
55989
55990
56006
56007
55991
55973
55974
55957
55956
55940
55939
55924
55925
55910
55895
55894
55909
55908
55893
55878
55877
55892
55907
55922
55923
55938
55937
55952
55936
55921
51816
55906
51814
55891
51812
55876
55861
55847
55846
55845
55844
55857
55858
55859
55860
55875
55874
55873
55872
55888
55889
55890
55905
55920
55935
55934
55919
55904
55903
55918
55933
55949
55950
55951
55967
55966
55965
55982
55999
56014
56029
56044
56059
56073
56088
56087
56072
56058
56043
51544
56028
51543
56013
51542
55998
51541
55981
55964
51540
55948
51539
55932
51538
55917
55902
55887
55871
51537
55856
55842
55843
55828
55827
51536
55811
55798
51535
55783
51534
55767
51533
55749
55750
55736
55735
55722
55705
55706
55723
55724
55707
55697
55696
55695
51532
55684
55685
55686
55674
55673
51531
55672
62496
62497
61615
61626
62498
62499
61636
62500
61652
61670
61669
61685
57359
61668
57357
61635
61625
61614
61613
61604
61596
61587
61586
61585
61576
61567
61558
61568
61577
61578
61579
61588
61597
61605
61606
61598
62495
62494
61589
61580
62493
62492
61571
61562
62491
62490
61554
61538
62489
62488
61530
61529
61537
57353
61553
61561
61570
61569
61560
61559
61552
61536
61528
61527
61535
61551
61550
61549
61548
61547
61546
61545
61534
61526
61513
61514
61515
61516
61517
61518
61501
61502
61519
61520
61521
61503
61493
61479
61480
61494
61495
61504
61505
57352
61522
62487
62486
61496
61482
61468
61481
61467
61450
61451
62485
62484
61441
61431
62483
62482
61421
61420
61419
61409
61408
61407
61391
61392
61384
61383
61375
61367
61368
61376
61377
61378
61386
61385
61393
61394
61410
61411
61395
62481
62480
61387
61379
62479
62478
61371
61370
61369
61361
57342
61349
61350
61351
61362
61363
61352
62477
61340
61339
61338
61337
61321
61320
61336
61348
61360
61359
61347
61334
61335
61319
61318
61300
61301
61283
61266
61267
61284
61302
61303
61285
61286
61304
61322
61323
61305
61324
61306
61288
61287
61269
61270
61263
61249
61243
61228
62476
62475
61220
61219
61212
61196
61211
61210
61209
61218
61226
61239
61240
61241
61227
61242
57334
61262
61268
57338
61261
61248
61247
61260
61259
61258
61257
61256
61255
61279
61280
61281
61282
61299
61298
61316
61317
61333
61332
61331
61314
61315
61297
61296
61278
61254
61253
61265
61277
61276
61294
61295
61313
61312
61293
61275
61274
61292
61310
61311
61327
61345
61357
61358
61346
61328
61329
61330
57340
57341
61366
61374
61382
61390
61401
61402
61403
61404
61405
61406
61417
61418
61428
61427
61437
61438
61429
61430
61440
61439
61449
61466
61465
61464
61448
61447
61463
61462
61476
61477
61478
61492
61491
61490
61489
61488
61487
61473
61474
61475
61461
61460
61459
61458
61446
61436
61426
61416
61400
61399
61398
57348
61415
61425
61435
61434
61444
61443
61433
61423
61413
61424
61414
61397
57347
61389
57346
61381
57345
61373
57344
61365
57343
61355
61356
61344
61326
57339
61309
61308
61343
61342
61354
61353
61364
61372
61380
61388
61396
57085
61412
57086
61422
57087
61432
57088
61442
57089
61452
57090
61469
57091
61483
57092
61497
61498
61499
61485
61484
61470
61453
61471
61454
61445
57349
61455
61456
61457
57350
61472
61486
57351
61500
61512
61511
61510
61509
61525
61533
61532
61524
61508
61507
61506
57093
61523
57094
61531
61539
61540
57354
61555
61564
57095
61563
57096
61572
57097
61581
57098
61590
61591
57355
61599
61600
61592
61583
61582
61573
61574
61565
61556
61541
61542
61543
61544
61557
61566
61575
61584
61593
61601
61610
57356
61621
61620
61619
61609
61608
57099
61607
61616
57100
61627
61637
61653
61671
61687
57101
61705
57102
61713
57103
61721
61729
57104
61746
61763
61779
57105
61796
61797
61807
61806
57106
61822
61831
61848
61857
61867
61868
61858
61849
61832
61823
61808
61798
61781
61780
61764
61765
61747
61748
61731
61730
61722
61723
61715
61714
61706
61688
61672
61654
61638
61628
61617
61618
61629
61640
61639
61655
61673
61674
61656
61657
61641
61630
61631
61643
61642
61658
61659
61660
61644
61645
61661
61679
61680
61662
61646
61647
61648
61664
61663
61681
61697
61696
61695
61678
61694
61693
61709
61708
61692
61677
61676
61675
61691
61690
61689
61707
61716
61724
61717
61725
61736
61737
61753
61752
61751
61735
61734
61733
61732
57364
61749
61750
61768
61784
61783
61767
61766
61782
61799
61810
61809
61825
61824
61833
61850
61859
61869
61870
61860
61851
61834
61835
61836
57370
61852
57372
61861
57374
57375
61887
61871
61872
61873
61837
61838
61839
61840
61841
61842
61827
61843
61853
61862
61877
61876
61875
61874
61888
61904
61903
61902
61901
61900
61899
57377
61898
61897
61896
61886
57376
61913
61921
61920
61912
61911
61894
61895
61885
61884
61883
57107
61893
61910
61918
57108
61934
61935
61919
61936
61944
61943
61951
61952
61953
61971
61972
57383
61986
61993
62009
62010
62011
61994
61995
62012
62013
62014
62015
61998
61997
61996
61976
61977
61959
61958
61957
61975
61974
61973
61956
61955
61954
61945
61937
61922
61923
61924
61925
61926
61927
61928
61929
61914
57378
61905
61906
61890
61889
61878
61863
61854
61844
61828
61819
61802
61801
61818
61817
61816
61815
61814
61813
61812
61826
61811
61800
61785
61786
61769
61770
61787
61788
61789
61790
61791
61774
61773
61756
61755
61772
61771
61754
61738
61739
61740
61757
61758
61742
61741
61726
61718
61710
61700
61699
61698
61682
61683
61665
61649
61632
61622
61611
61602
61594
61595
61603
61612
61623
61633
61624
61634
61651
61650
61666
61667
57358
61684
61701
61711
61702
57360
61703
61686
61704
61712
57361
61720
61728
62501
57363
61745
57362
61719
61727
61743
61744
61760
61759
57365
61775
57366
61792
61803
57367
61793
61794
61777
61776
61761
61762
61778
62502
62503
61795
62504
61821
61805
61804
57368
61820
61829
57369
61846
61830
62505
62506
61847
61856
61866
61865
61855
57371
61845
57373
61864
61879
61880
61881
61891
61882
62507
61892
61909
61917
61916
61908
61907
61915
61931
61930
61938
61946
61947
61939
57380
57379
61932
61933
61941
62508
61967
61949
61940
61948
61965
61966
61981
61982
61988
61987
57384
61980
57382
61964
57381
61963
61962
61961
61960
61978
61979
61999
62016
62017
62000
62001
62018
62019
62026
62042
62043
62027
62021
62020
62002
62003
62004
62005
62022
62509
62028
62044
62510
62511
62512
62513
62514
62515
62516
62517
62518
62519
62520
62521
62155
62159
62158
57390
62154
62150
62133
62149
62148
62147
62146
62145
62144
62128
62127
62126
62143
62142
62125
62108
62109
62110
62111
62112
62129
62130
62113
62114
62131
62132
62115
62116
62099
62095
62091
62087
62083
62080
62077
57386
62061
62060
62059
62041
62040
62058
62076
62075
62074
62073
62072
62055
62056
62057
62039
62038
62037
62036
62054
62071
62070
62069
62052
62053
62035
62034
62033
62032
62050
62051
62068
62067
62066
57388
57387
62065
62064
62063
62079
62082
62085
62086
62090
62094
62089
62093
62097
62098
62102
62103
62120
62121
62104
62105
62122
62106
62107
62123
62124
62141
62140
62139
62138
62137
57389
62161
62157
62135
62134
62117
68172
68173
63024
67721
68174
67738
67755
67737
67736
63025
67720
67712
67695
67696
67713
67714
67697
67679
67680
68171
68170
67672
67655
68169
68168
67638
67621
68167
68166
67604
67587
68165
67578
67577
67586
67585
63017
67602
67603
63018
67620
63019
67637
63020
67654
63021
67671
67678
67670
67653
67636
67619
67618
67617
67616
67615
67632
67633
67650
67667
67666
67665
67664
67647
67646
67663
67662
67645
67628
67611
67610
67593
67594
63016
67566
67567
67568
67569
67570
67571
67572
67573
67547
67548
67549
67557
67575
67574
67583
67601
67584
67576
67559
67558
67550
63013
67534
63014
67551
67560
67561
68164
68163
67552
67535
67519
67518
67512
67513
68162
63010
67490
63009
67473
67456
67448
67447
67455
67446
67445
63006
63004
67428
67418
67417
67416
67415
67414
67413
63001
67402
67387
67371
67357
67345
67334
67323
67312
67300
67288
67276
67263
67251
67262
67274
67275
67287
67286
67299
67298
67310
67311
67322
67321
67332
67343
67355
67368
67367
67354
67342
62997
67331
62995
67320
62994
67309
62992
67297
67285
67273
67260
67261
67250
67249
67248
62989
67236
67237
67238
67225
67226
67239
62987
67227
67211
67195
67196
67212
67213
67197
67198
67181
67163
67164
67165
67182
67183
67166
67150
67149
67148
67133
67134
67135
67116
67115
67099
67083
67084
67100
67101
67117
67118
67119
67120
67121
67105
67089
67090
67106
67122
68150
68149
68148
68147
67074
67058
68146
67042
67025
68145
68144
67010
67009
66994
66993
67008
67024
67041
67057
67073
67072
67056
67055
67039
67040
67023
67022
67007
67006
67021
67020
67038
67037
67036
67052
67053
67054
67070
67071
67087
67088
67104
67103
67102
67086
67085
67069
67068
67067
67051
67035
67034
67033
67066
67050
67032
62980
67017
67002
66987
66988
66989
67003
67018
67019
67004
67005
66990
62979
62978
66976
66991
66992
66977
66964
66965
66978
66966
66951
66938
66921
66922
66939
66940
66952
66967
66979
66995
66980
66968
66953
68143
68142
66923
68141
68140
66906
66905
66904
66889
66890
66891
68139
68138
66876
66875
66874
66873
66859
66860
66846
66845
66844
66830
66831
66832
66847
66861
66862
68137
66848
68136
68135
66834
66833
66819
66820
68134
68133
66806
66792
68132
68131
66778
66791
66805
66804
66818
66817
66803
66802
66788
66774
66773
66787
66786
66800
66801
66816
66829
66815
66814
66828
66842
66843
66857
66858
66872
66886
66871
66856
66870
66885
66900
66901
62973
66918
66919
66902
66887
66888
66903
66920
66937
66950
66949
66936
62974
66935
66948
66963
66962
66961
66960
66975
62977
66959
62976
66947
62975
66931
66932
66933
66934
66917
66916
66915
66914
66899
66884
66883
66869
62972
66855
62971
66841
62970
66827
62969
66813
66812
66826
66825
66810
66811
66797
66796
66783
66784
66785
66798
66799
62966
66772
66759
66760
66761
66749
66748
62963
66736
66737
66725
66724
66706
66707
66708
66709
66727
66726
66738
66750
66739
66740
66741
66752
66751
66763
66762
66775
66789
66790
66776
66777
66764
66765
66753
68130
61341
61325
61307
61289
61290
61291
61273
61272
61271
61264
61250
61244
61229
61221
61213
61197
61198
61199
57329
61214
61222
57330
57331
61230
61245
57333
57335
57337
57336
61251
61252
61246
61233
61234
61235
61236
61237
61238
61225
61217
61208
61194
61195
61184
61185
61186
61187
61169
61158
57326
57327
61168
61167
61183
61182
61181
61180
61179
61178
61207
61206
61205
61204
61203
61202
61216
61224
61232
61231
57332
61223
61215
61201
61191
61200
61190
57328
61174
61173
61189
61188
61171
61172
61161
61160
57084
61149
57083
61138
57082
61121
57081
61103
61104
57324
61122
61123
61141
61140
61139
61150
61151
61162
61163
61152
61142
61153
61164
61175
61176
61192
61193
61177
61166
61165
61154
61143
61155
61144
61126
61125
61124
61107
61108
61090
61072
57323
61062
61045
61046
61047
61063
61064
61048
57321
57320
61025
61015
57316
61001
61000
60982
60983
61002
61003
61004
61005
60987
60986
60985
60984
60972
60962
60952
60942
60932
60922
60912
60902
60892
60882
60872
60913
60903
60893
60883
60873
60874
60875
60885
60884
60894
60895
60905
60904
60914
60915
60925
60935
60945
60944
60934
60924
60923
60933
60943
60953
60963
60973
60964
60954
60955
60965
60975
60974
60990
60989
60988
61006
61007
61016
61026
61027
61017
57317
57315
60991
60992
60993
60976
60966
60956
60946
60936
60926
60916
60906
60896
60886
60876
60866
60850
60851
57314
62461
62462
62463
62464
62465
62466
62467
62468
62469
62470
62471
60994
61010
61009
61008
61018
61019
61020
57319
61028
61040
61041
61042
61058
61057
61067
57322
61056
61055
61039
61038
61037
61054
61066
61065
61053
61036
61052
61051
61035
61034
61033
61049
61050
61077
61078
61096
61095
61113
61112
61094
61076
61075
61074
61073
61091
61109
61127
61110
61092
61093
61111
61128
61129
61130
61131
61114
61097
61079
61080
61081
61099
61098
61116
61115
61132
61145
61156
61157
61146
61133
61134
61117
61118
61100
61082
61083
61068
61084
61102
61101
61119
61120
61137
61136
61135
57325
61147
61148
61159
61170
62472
62473
62474
55194
51511
55185
55175
51510
55165
51509
55155
51508
55145
51507
55135
55124
55112
51506
55101
51505
55090
51504
55079
51503
55062
51502
55044
55031
55013
54996
54987
51501
54979
54970
51500
54971
54980
54989
54988
54997
55014
55032
55033
55015
54998
54999
55016
55017
55018
55001
55000
54991
54990
54981
51754
54972
54982
54973
54964
54963
54955
54956
54947
54946
54937
54921
54922
54938
54923
54924
54939
54948
54957
54965
54974
54983
54992
55002
55003
55004
55005
55006
55007
55008
55025
55024
55037
51758
55023
55022
55021
55020
55019
51757
55036
55035
55034
55047
55048
55049
55066
55065
55082
55083
55095
55084
55069
55068
55067
55050
55051
55052
55053
55070
55054
55055
55056
55038
55039
55040
55058
55057
55074
55073
55072
55071
55085
55096
55107
55118
55130
55140
55149
55159
55169
55179
55189
55199
55209
55219
55229
55239
55254
55269
55253
55268
55281
55315
55314
55332
55331
55313
55297
55296
55295
55294
55293
55309
55310
55311
55312
55330
55345
55363
55364
55365
55346
55347
55348
55333
55334
55349
55350
55368
55367
55366
55377
55388
55399
55400
55414
55413
55429
55428
55412
55411
55427
55426
55410
55409
55398
55387
55376
55361
55362
55344
55329
55343
55328
55327
55308
55292
55291
55307
55325
55326
51771
55342
55360
55375
55386
55397
55396
55385
55374
55359
55358
55357
55356
55341
55324
55306
55323
55305
55289
55290
55278
55261
51768
55245
55235
55225
55215
55216
55226
55236
55246
55247
55248
55262
55263
55279
55264
55249
55250
55265
55280
55266
55267
55252
55251
55238
55237
55227
55228
55218
55208
55198
55197
55187
55188
55178
55177
55167
55168
55158
55148
55139
55129
55117
55116
51761
55128
51763
55138
55147
55157
55137
55126
55127
55114
55103
55104
55115
55105
55106
55094
55093
55092
55081
55064
51759
55046
55045
55063
55080
55091
55102
55113
55125
55136
55146
55156
55166
55176
55186
55195
55196
51765
55207
55217
55206
55205
51512
55204
51513
55214
51514
55224
51515
55234
55244
51516
55260
51517
55277
55288
55304
55322
51518
55340
55355
51519
55372
55383
55394
55403
55418
51520
55434
51521
55445
51522
55455
51523
55465
51524
55481
51525
55494
51526
55507
51527
55521
55535
55548
55560
55572
55584
55609
51528
55625
51529
55637
51530
55649
55650
51796
55661
55662
55663
55651
55652
55640
55639
55627
55611
55638
55626
55610
55596
51793
55597
55598
55586
55585
51791
55573
51789
55561
51787
55549
51785
55536
51783
55522
55523
55524
55525
55526
55512
55499
55486
55511
55510
55497
55498
55485
55468
55458
55457
51780
55467
55484
55483
55496
55509
55508
55495
55482
55466
55456
55446
55435
55420
55419
55404
55395
51774
55384
55373
51772
55405
55421
55436
55437
55423
55422
55406
55407
55408
55424
55425
55438
55449
55448
55447
55459
55469
55470
55471
55472
55473
51781
55487
55488
55502
55503
55516
55517
55531
55530
55515
55501
55500
55513
55514
55528
55529
55543
55544
55556
55557
55545
55546
55558
55570
55569
55581
55582
55594
55595
55583
55571
55559
51788
51790
51792
56898
55608
51795
56899
56900
56901
56902
56903
55671
55660
55648
55636
55624
55607
55606
55605
55593
55592
55591
55579
55580
55568
55567
55555
55542
55527
55541
51786
55554
55566
55578
55590
55602
55603
55604
51794
55621
55622
55623
55635
55647
55646
55634
55633
55645
55657
55668
55669
55658
55659
55670
55681
55680
55691
55692
55703
55704
55693
55682
55683
51798
55694
56904
56905
55734
55733
55721
55720
55732
55746
55747
55748
55766
55765
55764
55763
55779
55795
55796
55780
55781
55782
55797
55810
51805
55825
55826
55841
55840
51810
51808
55824
55809
55808
55823
55839
55838
55837
55821
55822
55807
55806
55793
55794
55778
55762
55745
55744
55730
55731
55719
55702
55718
55717
55701
55690
55679
55667
55656
55644
55632
55620
55619
55618
55617
55616
55615
55614
55600
55601
55589
55577
55565
55553
55540
55539
55538
55551
55537
55550
55562
55574
55575
55563
55552
55564
55576
55588
55587
55599
55613
55612
55628
55629
55641
55653
55664
55665
55654
55642
55630
55631
55643
55655
55666
55678
55689
55700
55699
55688
51797
55677
55676
55675
55687
55698
55708
55725
55709
55710
55726
55740
55739
55738
55737
55751
55752
55770
55786
55801
55814
55813
55800
55785
55769
55768
55784
55799
55812
55829
55830
55831
55832
55815
51806
55802
55787
55771
51803
55753
55754
55755
51801
51799
55711
55712
55713
55741
55758
55759
55760
55742
51802
55727
51800
55714
55715
55716
55728
55729
55743
55761
55777
55776
55775
55774
55757
55756
55773
55772
51804
55788
55789
55790
55791
55803
55804
55792
55805
55820
55819
55818
55817
55816
51807
55833
51809
51811
55862
55863
55879
55880
55881
55882
55897
55896
55911
55912
55913
55898
55883
55867
55866
55865
55864
55849
55848
55834
55835
55836
55850
55851
55852
55853
55868
55884
55899
51813
55900
55885
55869
55854
55855
55870
56906
55886
55901
55916
55915
51815
51817
55930
55931
55947
56908
56907
50592
46534
50575
46533
50569
50570
46827
50571
50565
50564
50563
46532
50557
46531
50551
46530
50545
46529
50529
50523
46528
50517
46527
50524
50518
50501
50500
50499
50494
50476
50471
50472
50477
50478
46823
50495
50502
50503
50504
50505
50506
50507
50508
50509
50510
50511
50512
50490
50489
50488
50487
50486
50485
50484
50483
50482
50481
50480
50479
46821
50466
50449
50465
46526
50448
46525
50441
46524
50442
50435
46819
50436
50443
46820
50450
50451
50452
50453
50454
50455
50456
50457
50458
50459
50460
50461
50467
50473
50474
50468
50462
50445
50444
50437
50431
50424
50417
50410
50409
50408
50407
50406
50405
50404
50403
50402
50401
46818
50393
50386
50400
50399
50415
50416
50423
50430
50422
50429
50428
46523
50421
46522
50414
46521
50398
46520
50391
46817
50392
50385
50376
50359
50341
50358
50375
50384
50383
46519
50374
46518
50357
46517
50340
46516
50324
46515
50325
50310
50309
56897
55534
51784
55547
55533
55532
55518
55519
55505
55504
55489
55490
55477
55478
55491
55492
51782
55506
55520
56896
55493
55480
55479
55464
55454
55453
55463
55462
55476
55475
55474
55460
55461
55451
55452
55440
55450
55439
51778
55430
55431
55415
55416
55417
55433
55432
55441
55442
55443
51779
56895
55444
51777
51776
51775
55392
55391
55402
55401
55390
55389
51773
55378
55379
55380
55381
55370
55369
55351
55352
55353
55371
55382
55393
56894
56893
55354
55339
55321
50116
50098
50099
50117
50132
50131
46505
50139
50147
50140
50148
50156
50155
46506
50171
46507
50188
46508
50197
46509
50206
46510
50215
50232
46511
50241
46512
50251
46513
50261
50262
50252
50242
50233
50216
50207
50198
50208
50199
50200
50209
50210
50201
50192
50175
50176
50177
50178
50161
50160
50159
50158
46804
50174
50191
50190
50189
50172
50173
50157
46802
50149
46800
46803
50150
50143
50142
50141
50133
50134
50119
50118
50100
50093
50086
50079
50078
50085
50092
50091
46504
50084
46503
50077
46502
50060
50061
50054
50047
50053
46501
50046
46500
50029
46499
50023
46498
50017
46497
50010
50003
50004
50011
50012
50005
49997
49989
49996
49988
49987
49995
56886
56887
55184
55174
55173
55172
55162
55161
55171
55181
55182
55183
51766
55193
55203
56888
56889
55213
55223
56890
56891
55233
56892
55243
55259
55276
55275
51769
55287
55303
55302
55320
55338
55337
55319
55301
55286
55285
55273
55272
55284
55299
55300
55318
55336
55335
55317
55316
55298
51770
55282
55283
55271
55270
51767
55255
55256
55257
55274
55258
55242
55232
55222
55231
55241
55240
55230
55221
55220
55210
55211
55212
55202
55192
55191
55201
55200
55190
55180
55170
55160
55150
55151
55141
51764
51762
55119
55131
55132
55122
55133
55143
55142
55152
55153
55163
55164
56885
56884
55154
55144
55134
55123
56883
55111
55110
55109
55121
55120
55108
51760
55097
55086
55075
55076
55087
55088
55098
55099
55100
56882
56881
55089
55078
55077
55060
55059
55041
55042
55061
55043
55030
55012
54995
56879
56880
49883
49865
49866
49884
49894
49895
49885
49867
49868
49869
46778
49886
49887
49898
49899
49900
49901
49902
49903
49904
49876
49875
49874
49873
49872
49871
49870
49854
49853
49852
49851
49843
49844
49836
49829
49828
49827
49835
49834
49842
49850
49849
49841
46492
49833
46491
49825
46490
49826
49818
46775
49819
49820
49821
49813
49814
49806
49807
49815
49822
49830
49838
49837
49845
49846
49855
49856
49857
49858
49859
49860
49861
49877
46779
49878
49888
46780
49905
49906
49907
49890
49889
49879
49880
49881
49882
49864
49863
46777
49862
46776
49847
49839
49831
49823
49816
49808
49800
49801
49809
49817
49824
49832
49840
49848
51311
51310
51309
51308
51307
51306
51305
46774
49777
51304
49768
49767
49776
46773
49793
49775
49766
49750
49733
49734
49751
49752
49735
49718
49717
49716
49705
49704
49715
49732
49731
49748
46771
49749
49765
49774
49792
49791
49790
49789
49788
49787
49786
49785
49784
49799
49783
49760
49761
49762
49743
49742
49741
49759
49758
49773
49772
49782
49798
49797
49781
49780
49796
49804
49805
49812
49811
49810
46489
49802
46488
49803
49795
49794
46487
49778
49779
49769
46772
49754
49753
49736
49719
49708
46486
49709
49720
49737
49755
49770
49771
49756
49738
49721
49710
49711
49712
49722
49739
49757
49740
49723
49724
49725
49726
49727
49744
49728
49729
49746
49745
49763
49764
49747
49730
49713
49714
49703
49692
49693
49676
46769
46768
49668
49677
49694
49695
49678
49669
49662
49661
49653
49654
49646
49645
49637
49638
49629
49611
49602
49593
49584
46760
49567
49559
49551
49552
51291
51292
49560
49568
51293
51294
49585
49594
51295
51296
49603
49612
51297
51298
51299
51300
51301
46767
49670
49679
49696
49706
49707
51302
51303
44438
40920
44448
40921
44458
44459
44449
44440
44439
44422
44414
44398
40919
44399
44400
41223
44415
41225
44423
44424
44441
44442
44452
44461
41229
44451
44450
44460
44476
41230
44475
44484
40922
44483
40923
44492
40924
44501
40925
44510
44519
41231
44511
44502
44493
44485
44494
44503
44512
44520
44529
41232
44528
40926
44527
44536
40927
44552
40928
44559
44575
44576
44577
44595
41234
44612
44594
44593
44611
44620
44619
44628
44629
44639
44638
40929
44650
44651
44652
44640
44641
41240
44653
44654
44642
41239
44631
41237
44630
44621
44622
44613
41235
44600
44599
44581
44562
44563
44582
44564
44565
44583
44601
44602
44584
44566
44567
44585
44603
44614
44623
44632
44643
44659
44658
44657
44656
44655
41241
44672
44673
44674
44675
44676
44693
44692
44691
44690
44689
44688
44687
44703
44719
41245
44731
44720
44704
44705
44706
44707
44708
44721
44709
44722
44738
44737
44736
44750
41247
44766
44783
44784
44799
44800
44814
44813
41251
44827
44811
44812
44797
44798
44782
44781
44796
44780
44795
44810
44826
44825
44824
44794
44793
41250
44777
44762
44763
44778
44779
44764
44765
44749
44735
44734
44733
44732
44748
44747
44746
41246
44730
44718
44717
44716
44700
44701
44702
44686
44671
41242
44670
44669
44685
44684
44668
44667
40930
44683
44699
40931
44715
44727
44743
44755
40932
44771
44788
40933
44803
44804
44817
44818
44819
44805
44789
44790
44806
44820
44834
44846
41254
41253
44833
44832
40934
44831
44845
44861
44862
44878
44891
44908
41256
44879
44880
44892
41257
44909
44910
44893
44881
44863
44864
44882
41255
44865
44849
44837
44822
44836
44848
44847
44835
44821
44807
44791
44773
44772
41248
44756
44744
44728
44729
44745
44757
44758
44759
44774
44775
44760
44761
44776
41249
44792
44808
44809
44823
44838
44850
44866
44883
44896
44897
44913
44912
44895
44894
44911
44925
44924
44923
44941
44942
44956
44967
44968
44985
44986
44996
44997
44998
45012
44995
44984
44994
44993
44983
44966
41260
44954
44955
44940
44922
44921
44920
44907
44890
40935
44877
51322
51321
46794
51320
50045
50044
50052
50059
50058
50051
50043
50042
50027
50028
51319
51318
51317
50009
50002
49994
51316
49986
49985
49993
49992
49983
46787
50000
50001
50008
50015
50016
46792
50022
50021
50014
50007
49999
46789
49991
49982
49974
49975
49976
49984
49977
46785
51315
49952
49936
51314
51313
49927
49918
51312
46781
49892
49891
49908
49917
49926
49916
49925
49924
49915
49914
49923
49932
49933
49934
49935
49951
49969
49968
49950
49967
49949
49948
49966
49965
49947
49946
49945
49964
49963
49962
49944
49943
49961
49960
49942
49941
49959
49958
49940
46784
49931
49922
49913
49912
49897
49896
49911
46782
49921
49930
46783
49929
49920
49910
49893
46493
49909
49919
49928
46494
49937
49938
49939
49955
49954
49953
46495
49970
46496
49978
49979
49980
49971
49972
49956
49957
49973
49981
46786
49990
46788
49998
46790
50006
46791
50013
50020
50026
50032
46793
50025
50019
50018
50024
50030
50031
50048
50049
50056
50055
50062
50063
50081
50080
50087
50088
50095
50094
50101
50102
50103
50120
46797
50121
50104
50105
50122
50123
50124
50125
50126
50127
50110
50109
50108
50107
50106
50069
50068
50067
50066
50065
50064
50057
50050
50033
50034
50035
50036
50037
50038
50039
50040
50041
50070
50071
50072
50073
50074
50075
50076
50083
50082
50089
50090
51323
46795
50097
50096
50113
50114
50115
50130
50129
50137
50136
50128
46796
50112
50111
46798
50135
50144
50145
50146
50138
46799
50154
50153
50152
50151
46801
50164
50163
50162
50179
50180
50181
50182
50165
50166
50167
50168
50169
50186
50185
50195
50194
50184
50183
50193
50202
50211
50227
50226
50225
50224
50223
50222
50221
46806
50220
46805
50219
50236
50245
50255
50264
46808
50254
50244
50235
50218
50217
50234
50243
50253
50263
50280
50279
46514
50278
50294
50295
46810
46809
50281
50265
50266
50282
50297
50298
50299
50300
50315
50314
50330
50331
50348
50347
50329
50313
50312
50296
46811
46812
50311
46813
50326
46814
50342
46815
50360
50377
50361
50362
50344
50343
50327
50328
50345
50346
50363
50364
50365
50366
50349
50332
50333
50350
50367
50368
50351
50352
50353
50354
50355
50338
50337
50321
50306
50305
50290
50291
50292
50293
50277
50260
51328
51327
50250
50240
46807
50231
50214
50230
50239
50248
50249
50259
50276
50258
50275
50274
50289
50273
50272
50256
50257
50247
50246
50237
50238
50228
50229
50213
50212
50203
50204
50205
50196
50187
50170
51324
51325
51326
45071
45062
40941
45045
40940
45033
45018
45008
44991
40939
44981
40938
44964
40937
44952
40936
44938
44939
44953
44965
44982
41262
44992
41263
41264
45009
41265
45019
45010
45011
45020
45038
41266
45021
45022
45023
45024
45025
45026
41267
45039
45027
45013
45001
45000
44999
44987
45002
45003
45004
45014
45029
45030
45015
45016
45006
45007
44990
41261
44979
44980
44963
46331
44951
44937
46330
44919
44918
44936
44950
44962
44961
44949
44960
44977
44978
44989
44988
44976
44975
44959
44974
44973
44972
44971
44970
44969
44958
44957
44943
44944
44926
44927
44928
41258
44929
44930
41259
44945
44946
44947
44948
44934
44935
44917
44916
44933
44932
44931
44915
44914
44899
44898
44868
44867
44851
44852
44853
44839
44840
44854
44870
44869
44884
44885
44900
44901
44902
44903
44886
44873
44874
44888
44887
44904
44905
44906
44889
46329
44876
44875
44859
44858
44857
44872
44871
44855
44856
44841
44828
44829
44842
44843
44860
44844
46328
44830
41252
44815
44816
46327
44802
44801
44787
44770
44754
46326
44742
44726
44725
44713
44714
46325
44698
44697
44680
44696
44695
44711
44712
44724
44741
44740
44752
44753
44769
44786
44785
44768
44767
44751
44739
44723
41244
44710
41243
44694
44677
44660
44661
44662
44678
44679
44663
44646
44645
44644
41238
44633
44634
44624
44615
44606
44605
44604
44586
44568
44554
44544
44543
44542
44541
44540
44539
44538
44553
44561
44579
44580
44598
44597
44596
44578
44560
41233
44537
44530
44521
44513
44504
44495
44486
44477
44462
44463
44464
44465
44466
44478
44487
44496
44505
44514
44522
44531
44545
44546
44547
44532
44523
44515
44506
44497
44488
44479
44470
44469
44468
44467
44453
44443
44430
44429
44428
44427
41227
44426
44403
44402
44417
44425
41226
44416
44401
41222
44385
41221
44367
44368
44369
44386
44387
44370
44371
44388
44404
44405
44389
44372
44373
44359
44351
44344
44337
44330
44323
44316
44309
44302
44292
44291
44290
44289
44288
44287
44286
44285
44301
44308
44315
44322
44329
41217
44336
44343
41218
41219
44350
44358
41220
44366
44384
44383
44382
44365
44357
40918
44381
44364
40917
44356
40916
44349
44342
44335
44328
40915
44321
40914
44314
40913
44307
40912
44300
40911
44283
40910
44276
40909
44260
40908
44253
44238
44237
44221
44212
44196
44197
44189
44180
44181
44190
44198
44213
44222
44223
44224
44214
41209
44199
44200
44225
44226
44227
44243
44242
41212
44241
44240
44239
44255
44254
44261
44277
41216
44284
44278
41214
44262
44263
44264
44265
44266
44267
44279
44293
44294
44295
44296
44271
44270
44269
44268
44256
44247
44246
44245
44244
44228
44229
44230
44215
41210
44231
41211
44248
44249
41213
44257
44273
44272
41215
44280
44298
44297
44303
44304
44305
44312
44311
44310
44317
44324
44331
44338
44339
44332
44325
44318
44319
44326
44333
44340
44347
44354
44362
44363
46313
46312
44355
44348
46311
44341
46310
46309
44334
44327
46308
46307
44320
44313
46306
46305
44306
44299
44282
44281
44274
44275
44259
44258
44250
44251
44252
44236
44220
46304
44211
46303
46302
44195
44187
46301
46300
44178
44177
44186
44194
44210
44209
44193
44185
44176
44159
44160
44150
44140
44130
44113
44096
44095
41200
44094
41201
44111
44112
44129
44139
44149
44148
44147
44157
44158
41206
44175
44184
44192
44208
44217
44218
44219
44235
44234
44233
44232
44216
44207
41208
44191
44183
44206
44205
44204
44203
44202
44201
41207
44182
44166
44165
44164
44154
44143
44133
44116
44115
44132
44142
44152
44153
44163
44162
40907
44179
44188
51287
51286
51285
51284
46748
49404
46749
49421
46750
49438
49455
49454
49461
46752
49453
49436
49437
49420
49403
49386
49387
51283
51282
49379
49371
51281
51280
49363
49355
51279
51278
49347
49346
49354
49353
49345
49337
49336
49344
49352
49360
49368
49369
49361
49362
49370
49378
49377
49385
49376
49384
49400
49417
49401
49402
49419
49418
49435
49434
49433
49432
49416
49399
49398
49415
49431
49430
49413
49414
49397
49396
49395
49412
49429
49428
49427
49444
49443
49426
49425
49442
49441
49440
49423
49424
49408
49407
49406
49389
49388
49405
49422
49439
49456
49457
49463
46480
49477
49485
49493
49509
49527
49545
49553
49561
49569
49562
49554
49546
49529
49528
49510
49511
49512
49496
49495
49494
49486
49478
49464
49465
49458
49459
49460
49467
49468
49481
49489
49488
49480
49466
49479
46754
49487
49497
49498
49514
49513
49531
49530
46757
49547
46758
49555
46759
49563
49556
49557
49549
49548
49532
49533
49534
49516
49515
49499
49500
49501
49502
49518
49517
49535
49536
49537
49538
49539
49521
49520
49519
49503
49504
49505
49490
49482
49474
49473
49472
49471
49470
49469
46751
49445
49446
49447
49448
49449
49450
49451
49452
46753
49475
49476
49462
51288
51289
51290
46756
49508
46755
49492
49484
49483
49491
49524
49525
49526
49544
49543
49542
49541
49523
49507
49506
49522
49540
49550
49558
49566
49581
49582
49583
49592
49601
49610
49628
49627
49626
49625
49636
49644
49652
49660
49667
49675
49691
49702
49690
49689
49688
49687
49686
49685
49674
49666
49665
49664
49672
49673
49683
49684
49701
49700
49699
49682
49681
46770
49698
49697
46485
49680
46484
49671
46483
49663
46482
49655
49647
49656
49657
46766
49658
49659
49651
49643
49650
49649
49648
46765
49640
46764
49632
49633
49641
49642
49634
49617
49607
49608
49618
49635
49619
49620
49621
49622
49623
49624
49609
49600
49591
49580
49579
49578
49577
49576
49575
49574
49565
49564
49573
49589
49590
49599
49598
46763
49606
49616
49615
49631
49639
49630
46481
49613
49614
49605
49604
49595
49596
49597
46762
49588
46761
49572
49571
49570
49587
49586
56861
56862
54715
54725
56863
56864
56865
54752
51740
54735
54734
54733
54751
54750
54749
54765
54764
54774
54775
54785
54786
54777
54776
54766
54767
54768
54769
56866
54778
54787
56867
56868
54796
54805
51742
51744
54820
54835
54852
54867
56869
56870
56871
56872
56873
54934
51752
54917
54910
51750
54893
54884
54892
54909
54891
54890
54880
54881
54882
54883
54865
54866
54851
54850
54849
51749
51748
54848
54833
54832
54847
54846
54864
54879
54878
54877
54876
54875
54861
54843
54844
54862
54863
54845
54831
54830
54829
54828
54827
54842
54860
54859
54874
54889
54900
54901
54902
54903
54904
54905
54906
54907
54908
54915
54916
54933
54932
54940
54941
54942
54943
56874
56875
54952
54961
56876
56877
54969
56878
54978
54986
54985
54984
54994
54993
51756
55010
55011
55029
55028
55027
55026
55009
51755
54975
54976
54977
54968
54960
54951
54950
54959
54967
54966
54958
54949
54931
54930
54929
54928
54927
54926
54925
54914
54899
54898
54913
54912
54897
54896
54920
54919
54936
54945
54954
51753
54962
54953
51499
54944
51498
54935
51497
54918
54911
51751
54895
54894
54885
51496
54868
54853
54854
54855
54869
54886
54870
54871
54887
54888
54872
54873
54858
54857
54856
54839
54838
51747
54823
54808
54809
54799
54790
54781
54772
54771
54780
54789
54798
54807
54822
54837
54836
51495
54821
54806
54797
51494
54788
51493
54779
51492
54770
51491
54753
51490
54736
54726
54716
51489
54706
51488
54696
51487
54686
51486
54670
54653
54654
54655
54672
54688
54698
54708
54718
51739
54740
54758
54743
54744
54745
54761
54760
54759
54773
54782
54791
54800
54811
54810
54824
54825
54840
54841
54826
54812
54813
54814
54815
54816
54817
54801
54802
54803
51743
54818
54819
51745
54834
51746
54804
54795
54794
54793
54792
54784
54783
54763
54762
54746
54747
54748
54730
54731
54732
54723
54724
54714
54713
54703
54693
54694
54704
54705
54695
56860
56859
56858
54652
54642
54626
54625
54614
54615
56857
54605
54588
56856
56855
54579
54570
56854
56853
54561
54560
54559
51732
54542
51731
54525
51730
54526
54543
54544
56852
54527
56851
56850
54510
54509
54508
51729
54492
54475
54459
54460
54444
54435
54434
54443
54458
54474
54491
54490
54507
54524
54541
54540
54539
54522
54523
54506
54505
54504
54521
54520
54503
54485
54486
54469
54453
54454
54470
54487
54488
54471
54455
54456
54472
54489
54473
54457
54442
54432
54433
54416
54415
54398
54381
54364
54365
54382
54399
54417
54418
54401
54400
54383
54366
54349
54331
54348
54347
54346
54363
54362
54361
54344
54345
54318
54317
54299
54298
54316
54315
54297
54296
54314
54313
54295
54277
54276
54275
51724
54274
51723
54268
54262
54256
54250
54244
54238
54232
54226
54220
54214
54208
54202
51722
54196
51721
54190
51720
54184
51718
54168
54167
54166
54149
54150
54143
51468
54137
51467
54131
51466
54125
51465
54108
51464
54091
51463
54092
51715
54109
54126
54132
54138
54144
54151
54152
54169
54170
54171
54153
54154
54155
54145
54139
54157
54158
54175
54174
54173
54156
54172
54185
54191
54197
54203
54209
54215
54221
54227
54233
54239
54245
54251
54257
54263
54269
54278
54279
54280
54281
54282
54300
54283
54284
54302
54301
54319
54320
51726
54330
54321
54303
54304
54322
54323
54305
54287
54286
54285
54270
54271
54264
54258
54252
54253
54246
54247
54241
54235
54240
54234
54228
54222
54216
54217
54211
54212
56830
56831
54218
54223
54229
54224
56832
56833
54230
54236
56834
56835
54242
54248
56836
56837
54254
56838
54260
54259
54265
54266
56839
56840
54272
54288
54306
54324
54333
54332
54350
54367
54384
56841
56842
56843
56844
56845
56846
56847
56848
51727
54476
51728
54493
56849
49380
46479
49381
49390
49391
49382
49383
49392
49409
49410
49411
49394
49393
49375
49374
49366
49358
49367
49359
49351
49350
49343
49335
49342
49334
49327
49328
49312
49311
49310
49309
49326
49333
49341
49349
49357
49365
49373
49372
46478
49364
46477
49356
46476
49348
46475
49340
46474
49332
46473
49325
46472
49308
49303
49288
49272
46471
49254
49273
49255
49237
49236
49228
49220
46470
49212
46469
49204
46468
49196
46467
49188
46466
49180
46465
49172
46464
49164
46463
49156
46462
49148
46461
49131
49132
49116
49115
49106
49107
49092
49091
49081
46460
49072
49063
49046
49038
49039
49047
49048
46734
49064
46735
49073
49083
49082
49093
49108
49117
49149
49157
49165
49173
49181
49189
49197
49205
49206
49198
49190
49182
49174
49166
49158
49150
49133
49134
49135
49151
49159
49167
49175
49183
49191
49199
49207
49215
49223
46741
49240
49258
49259
49241
49242
49243
49261
49260
49277
49291
49290
49276
49275
46743
49257
49239
49231
49222
49214
49213
49221
49229
49230
49238
49256
49274
46744
49289
46745
49304
49305
49313
49314
49315
49316
49317
49318
49319
49320
49321
49322
49329
49323
46747
49330
49338
49339
51277
49331
49324
46746
49307
51275
51276
44004
44021
44022
44023
44039
44040
41198
44056
44057
44068
44069
44086
44087
44104
44105
44088
44070
44071
44072
44073
44090
44089
44106
44107
44108
44125
44124
44123
44122
44121
44103
44102
44119
44120
44135
44101
44085
44084
44067
44066
44083
44065
44055
44038
44037
44054
44064
44081
44098
44082
44099
44100
44117
44118
41203
44134
41204
44144
44145
41205
44155
44167
44168
44169
44170
44171
44172
44173
44174
44156
44146
44136
44137
44138
44128
44127
44126
41202
44110
44093
44109
44091
44092
44075
44074
44047
44031
44030
44046
44045
44029
44028
44044
44043
44027
44010
44011
44012
44013
44014
44015
44032
44048
44058
44076
44059
44049
44050
44051
44052
44053
44035
44036
44020
44019
44001
41195
41194
43962
43977
43992
44002
44003
43993
43978
43963
43947
43946
43945
43944
43961
43960
41193
43976
43991
41197
44000
44018
44034
44017
44033
44016
43998
43999
43990
43989
43988
43987
43986
43985
43953
43954
43955
43971
43972
43973
43974
43975
43959
43958
43940
43957
43956
43939
43938
43937
43936
43935
43952
43969
43970
43984
43983
43982
41196
43997
44008
44009
44026
44042
44041
44025
44024
44007
44006
44005
43995
43994
43979
43964
43965
43980
43996
43981
43968
43967
43966
43950
43932
43933
41192
43951
43934
43926
43925
41189
43910
43911
43912
43913
43914
43915
43927
43941
43942
43943
43928
43919
43920
43921
43929
41191
43922
43906
43901
43896
43891
43886
46288
46287
46286
46285
46284
46283
46282
46281
46280
43881
43876
43871
43866
43861
43856
43849
46279
46278
46277
46276
46275
43826
43809
43800
43791
43790
43789
43799
43798
43797
41186
43807
43808
41187
43825
43843
43842
43841
43824
43823
43840
43848
43855
43860
43865
43870
43875
43880
43885
43890
43895
43900
43905
43918
43917
43916
43904
43899
43894
43889
43884
43879
43874
43869
43864
43859
43854
43847
43837
43820
43819
43836
43835
43818
43817
43834
43833
43816
43815
43832
41188
43846
43853
43845
43851
43852
43858
43863
43868
43873
43878
43883
43888
43893
43898
43903
43908
43909
41190
43924
43931
43949
43948
40906
43930
43923
43907
43902
40905
43897
40904
43892
40903
43887
40902
43882
40901
43877
40900
43872
40899
43867
40898
43862
40897
43857
40896
43850
43844
40895
43827
43810
43801
43792
43783
43784
43767
43766
43757
40894
43749
43741
43733
43724
43725
43734
43735
43726
43709
43692
43675
43676
43693
43710
43727
41177
41178
41179
43760
43759
43751
43743
43742
43750
43758
43768
43785
41183
43793
43803
43802
43811
43828
43829
43812
43813
43830
43831
43814
43804
41185
43795
43794
43786
43769
43770
43771
41181
43772
43773
43774
43775
43776
43787
43796
43805
43821
43838
43839
43822
43806
41184
43788
41182
43779
43778
43777
43761
43752
43744
43736
43728
43716
43700
43701
43717
43718
43702
43685
43703
43720
43719
43729
43737
43745
43753
43762
43780
41180
43763
43764
43781
43782
46274
46273
43765
43756
46272
46271
43748
43747
43755
43754
43746
43738
43739
43740
46270
46269
43732
43723
43722
43731
43730
43721
43704
41175
43705
43706
46268
46267
46266
43672
43662
43652
43661
43671
43689
43670
43688
43687
43686
43668
43669
43659
43660
43650
43649
43648
43658
41173
43647
43646
43657
43667
43684
43683
43682
43699
43715
43714
43713
43697
43698
43681
43680
43679
43696
43712
41176
43711
43694
43695
43678
43666
43677
43665
41172
43655
43656
43640
43641
43642
43643
43627
41170
43614
43626
43625
43639
41171
43624
43623
43610
43611
43612
43613
43595
43578
43577
43561
43562
43563
43579
43580
43596
43597
43598
41168
43599
43581
41167
43565
43566
43567
43568
43583
43582
43600
43601
43615
43628
43644
43645
43629
43630
43631
43632
43617
43616
43602
43603
43604
43618
43633
43634
43651
43635
43636
43620
43619
41169
43605
43606
43607
43589
46265
43573
41165
43572
43588
43587
43586
43571
43570
43585
43584
43569
43551
43550
41164
41162
43535
43536
43521
43522
43537
43552
43553
43538
43539
43554
43555
43556
43541
43540
43525
43526
43510
43494
46264
46263
43477
41156
43476
41157
43493
43509
43508
43524
43523
43507
43506
43505
43520
41160
43503
43502
43486
43469
43468
43451
43452
43435
43436
43453
43470
43487
43488
41159
43504
43489
43490
43473
43457
43456
43472
43471
43455
43454
43437
43420
43404
43403
43419
43418
43402
43401
43385
43370
43355
43340
43323
43322
43339
41148
43354
41149
43369
41150
43384
41152
43400
41153
43416
43417
43434
43433
43450
43449
43448
43431
43415
43414
43430
43447
43446
43445
43462
43461
43478
43495
43511
43496
43479
43480
43463
43464
43465
43466
43467
43484
43485
43501
43500
43517
43532
43533
43518
43519
43534
43549
43564
43548
43547
43546
41163
43531
41161
43516
43515
43499
41158
43483
43482
43481
43498
43497
43513
43514
43530
43545
43560
43576
43594
43593
43592
43575
41166
43559
43558
43543
43544
43529
43512
43528
43527
43542
43557
43574
43590
43591
43609
43622
43638
43654
41174
43664
43674
43691
43708
43707
43690
43673
43663
43653
43637
40893
43621
43608
48877
48876
48886
48887
48903
48919
48929
51253
51254
48940
48939
48928
48918
48917
48916
48901
48900
46723
48883
48884
46724
48902
48885
48875
48857
46720
48874
48873
48856
48855
48854
48853
48852
48851
48850
48849
48865
48866
46721
48867
48868
48869
48870
48871
48872
46722
48899
48898
48897
48896
48895
48894
48908
48909
48910
48911
48912
48913
48914
48915
48925
48936
48937
48926
48927
48938
48956
48957
48974
48991
49001
51255
51256
49011
49028
51257
51258
49037
49027
49026
46730
49009
49008
49007
48997
48998
48988
48989
48999
49010
49000
48990
48973
48972
48955
48954
48971
48970
48953
48952
48969
48987
48986
48985
48984
48967
48968
48951
48950
48949
48966
48965
48948
48947
48946
48945
48962
48979
48996
48980
48963
48964
48981
48982
48983
49018
49019
49020
49021
49022
49023
49024
49025
49034
49043
49060
49059
49068
49077
49087
49102
49110
49101
49100
49099
49058
49057
49056
49055
49054
49053
49052
49067
49051
49042
49033
49032
46731
49041
49050
49066
49075
49076
49086
46737
49095
49096
49097
49098
49121
49122
49123
49124
49125
49143
49144
49126
49127
49111
49112
49128
49129
49113
49104
49103
49088
49078
49069
49061
49044
49035
49036
46732
49045
46733
49062
51259
51260
49071
49070
49079
49080
51261
51262
49090
49089
49105
51263
49114
49130
51264
46740
49147
49155
51265
51266
49163
49171
51267
51268
49179
49187
51269
51270
49195
49203
51271
51272
49211
49219
51273
51274
49227
49234
49235
49253
49252
49251
49269
49270
49286
49271
49287
49302
49301
49300
49306
49299
49298
49284
49283
49267
49285
49268
49250
49249
49248
49266
49265
49264
49263
49280
49281
49282
49297
49296
49295
49294
49293
49292
49278
49279
49262
49244
49245
49246
49247
49216
49224
46742
49232
49233
49226
49218
49225
49217
49209
49210
49202
49201
49208
49200
49192
49184
49185
49193
49194
49186
49178
49170
49162
49154
49146
49145
49153
49161
49169
49177
49176
49168
49160
49152
49142
49141
49140
49139
49138
49120
49119
49137
49136
49118
46739
49109
46738
49094
46736
49085
49084
49074
49065
49049
49040
49031
49030
49029
46459
49012
49013
49003
49002
46458
48992
46457
48975
46456
48958
46455
48941
46454
48930
46453
48920
48904
48888
48889
48879
48878
48860
48844
48839
48833
46452
48834
48835
46719
48840
48846
48845
48861
48880
48881
48891
48890
46725
48905
48922
48921
48931
48932
48943
48942
46728
48959
48976
46729
48993
48994
49004
49014
49015
49016
49017
49006
49005
48995
48978
48977
48960
48961
48944
46727
48933
48934
48935
48924
48923
46726
48906
48907
48893
48892
48882
48864
48863
48862
48847
48848
48841
48836
48830
48814
48813
48812
48829
48828
48827
46451
48810
48811
48806
48805
46450
48800
46449
48795
46448
48790
46447
48774
48769
48764
48759
46446
48754
46445
48749
48744
48727
48721
48728
48729
46713
48745
46714
48750
48755
48760
46715
48765
46716
48770
48775
48776
48792
48791
48796
48801
48807
48802
48797
48793
48798
48803
48808
48815
48816
48817
48818
48819
48820
48821
48822
48823
48824
48825
48831
48837
48842
48858
48859
48843
51252
51251
48838
48832
51250
51249
48826
46718
48809
51248
51247
48804
48799
51246
51245
48794
46717
48789
51244
51243
48773
48768
51242
51241
48763
48758
51240
51239
48753
48748
51238
51237
48743
46712
48726
51236
51235
48720
48725
48742
48747
48752
48757
48762
48767
48772
48788
48787
48786
48785
48784
48783
48782
48781
48780
48779
48778
48777
48771
48766
48761
48756
48751
48746
48731
48732
48733
48734
48735
48736
48737
48738
48739
48740
48741
48724
48718
48719
48714
51234
51233
48708
48707
48713
48712
48706
46710
48689
48671
48672
48690
48691
48673
48655
48654
48638
48639
51232
51231
48631
48623
48622
48606
48607
51230
51229
48599
48592
51228
51227
48584
48576
51226
48568
48560
46706
48567
48575
48583
48574
48582
48590
48591
48598
48597
48605
48621
46708
48628
48629
48630
48637
48636
48653
48652
48651
48669
48670
48688
48687
48705
48704
48703
48702
48684
48666
48667
48685
48686
48668
48650
48649
48648
48647
48665
48683
48701
48700
48682
48681
48699
48698
48680
48679
48697
48696
48711
48717
48723
48730
48722
46711
48716
48710
48694
48695
48677
48678
48659
48660
48661
48662
48663
48664
48646
48645
48644
48643
48642
46709
48634
48633
48641
48658
48657
48675
48676
48693
46444
48715
48709
46443
48692
48674
48656
48640
46442
48632
46441
48624
46440
48609
46439
48600
48608
56812
53780
51686
53786
53779
53773
53766
53765
53772
51685
53764
53763
53762
53745
53746
53728
53729
53730
51684
53747
53748
56811
53731
53716
56810
56809
53707
53691
56808
56807
53681
53680
53690
53706
53715
53714
53705
51681
53689
53679
53670
53660
53671
53672
56806
56805
53662
53661
53651
53641
53632
53633
53642
53652
56804
56803
56802
53625
56801
56800
53616
53615
53624
53631
53623
53622
53630
53639
53640
53650
53649
53659
53669
53678
53688
53704
53703
53702
53701
53700
53699
53698
53713
53712
51683
53720
53721
53722
53723
53741
53740
53739
53756
53757
53758
53759
53742
53724
53725
53726
53727
53744
53743
53760
53761
53771
53778
53785
51688
53791
53808
53825
53826
53827
53810
53809
53792
53793
56813
56814
56815
56816
51690
53882
56817
53889
51694
53906
56818
56819
53923
51696
51697
51698
51699
56820
53959
51700
51701
56821
53980
51703
53996
54012
51705
54020
54021
54038
54037
54045
54053
54046
56822
51710
54076
51711
51712
54083
54090
54107
54124
54130
51717
56823
56824
56825
56826
54188
54194
56827
56828
54200
56829
54206
54205
54210
54204
54198
54199
54193
54187
54182
54165
54148
54142
54136
54135
54141
54147
54164
54181
54186
54192
51719
54180
54163
54179
54178
54177
54176
54159
54160
54161
54162
54146
54140
54134
54120
54119
54118
54117
54116
54115
54114
54097
54098
54099
54100
54101
54102
54103
54104
54121
54128
54129
54122
51716
54123
54106
54105
54089
51713
54082
54075
54069
54052
54044
51709
54035
54036
54019
54018
51707
54010
51704
54011
53995
51702
53979
53994
53993
54009
54008
53992
53991
53990
54007
54006
54005
53989
53988
54004
54028
54029
54030
54031
54032
54033
54034
54068
54067
54066
54065
54064
54063
54062
54061
54074
54081
54088
54096
54095
54112
54113
54127
54133
54111
54110
54093
54086
54085
54084
51462
54077
51461
54070
51460
54054
54055
54071
54078
54079
54087
51714
54094
54080
54073
54072
54056
54057
54058
54059
54060
54051
54043
54027
54026
51708
54017
54003
53987
53978
53971
53964
53956
53949
53942
53935
53928
53913
53914
53915
53916
53917
53918
53919
53920
53929
53936
53943
53950
53957
53965
53972
53973
53966
53958
53951
53944
53937
53930
53922
53921
51695
53905
53904
53903
53902
53901
53900
53899
53898
53897
53896
53895
53894
53912
53911
53910
53909
53908
53925
53926
53927
53934
53941
53948
53955
53954
53947
53940
53933
53932
53939
53946
53953
53961
53962
53963
53970
53977
53984
53985
53986
54002
51706
54001
54000
54015
54016
54025
54024
54023
54040
54041
54042
54050
54049
54048
54047
51459
54039
51458
54022
51457
54013
54014
53998
53997
53981
53982
53999
53983
53976
53969
53968
53975
53974
51456
53967
51455
53960
51454
53952
51453
53945
51452
53938
51451
53931
51450
53924
51449
53907
53890
53891
53892
53893
53885
51693
53871
53872
53873
53874
53886
53875
53876
53877
53878
53879
53880
53866
53858
53867
51691
53881
53887
53888
51692
53868
53861
53844
53843
53860
53859
53842
53841
53840
53857
53856
53839
53823
53824
53807
53806
53805
53822
53821
53838
53855
53837
53854
53853
53836
53819
53820
53804
53803
53802
53801
53818
53835
53834
53851
53852
53865
53850
53833
53832
53849
53848
53847
51689
53863
53864
53870
53884
53883
53869
53862
53845
53828
53811
53794
53787
53783
53776
53775
53768
53750
53751
53769
53752
53735
53736
53753
53754
53755
53738
53737
51682
53711
53710
53696
53697
53686
53687
53677
53668
53667
53676
53675
53666
53656
53655
53665
53674
53684
53685
53695
53694
53709
53693
53683
53673
51680
53664
53663
51443
53653
51442
53643
51441
53634
51678
53618
53609
53619
53610
53601
53592
53600
53591
53582
53583
53566
53567
53550
53549
53533
53534
53535
53536
53552
53551
53568
53569
53570
53553
53537
53538
53539
53540
53556
53557
53542
53541
53514
53513
53497
53481
53464
53463
53480
53479
53495
53496
53512
53511
53510
53525
53524
53509
53508
53523
53507
53491
53490
53506
51674
53522
53505
53489
53488
53504
53521
53530
53531
53532
53548
53565
51676
53547
51435
53564
51436
53581
51437
53590
51438
53599
51439
53608
51440
53617
59403
59417
59434
59446
62392
62393
59459
59458
59470
59471
59472
62394
62395
62396
59498
59485
59484
59483
59482
59481
59469
59468
59455
59442
59456
59457
59444
59445
59433
59416
59415
59414
59432
59443
59431
59430
59413
57237
59398
59412
59425
59426
59427
59428
59429
59441
59454
59467
59480
59493
59505
59518
59519
59532
59531
59544
59561
59560
59577
59576
59575
59559
59558
59543
59530
59542
59541
59540
59554
59555
59556
59557
59574
59590
59608
59607
59589
59573
59572
59571
59587
59588
59606
59622
59638
59639
59623
59624
59609
59591
59592
59593
59594
59595
59613
59612
59611
59610
59625
59626
59627
59628
59629
59614
59596
59597
59615
59630
57246
59642
59631
59616
59598
59580
59565
59564
59579
59578
57242
59562
59563
59545
59546
59533
59520
59521
59534
59547
59548
59535
59522
59508
59507
59506
59494
59495
59496
59497
59509
59510
62397
62398
59523
59536
62399
62400
62401
59549
57241
59566
59582
59581
59599
59600
62402
57243
59617
59633
59632
59643
59644
59655
62403
62404
59672
59671
57248
59654
59653
59652
59641
59640
59651
59667
59666
59665
59664
59679
59663
59650
59649
59662
59661
59660
59648
57247
57245
59637
59621
57244
59605
59604
59586
59570
59553
59552
59539
59526
59525
59524
57020
59511
57019
59512
59513
59500
59499
57240
59487
59486
57018
59473
57017
59460
57016
59447
57015
59448
59449
59462
59461
59474
59475
59488
59476
59463
59450
59437
59438
59451
59464
59477
59478
59491
59490
59489
59501
59502
59515
59514
59527
59528
59529
59516
59517
59503
59504
59492
59479
59466
59465
59452
59439
59453
59440
59424
59411
59410
59423
59422
59409
59408
59421
57238
59407
59406
59393
59392
59405
59420
59436
59435
57239
59419
59418
57014
59404
57013
59391
59378
59379
59380
59367
59355
59343
59344
59345
59332
59315
59316
59333
59346
59357
59356
59368
59369
57233
59381
57235
59394
59395
59396
59397
59384
59372
59371
59383
59382
59370
59358
59359
59360
59348
59335
59347
59334
59317
59301
59318
59319
59320
59321
59322
57231
59361
59349
59336
59337
57230
59350
59351
59363
59376
59362
57232
59375
59388
59387
59386
59374
59373
57234
59385
57236
59399
59400
59401
59402
59389
59390
59377
59364
59352
59340
62391
62390
59327
59310
62389
62388
59293
59292
57227
59291
57228
59308
59309
59326
59339
59338
59325
59324
59323
57229
59307
59290
59306
59305
59288
59289
59271
59257
59258
59272
59273
59274
59275
59276
62387
62386
59262
59248
59247
59261
59260
59259
59246
59245
57226
59244
57225
59228
57224
59212
57223
59196
57222
59180
59197
59181
57221
59167
57220
59150
59168
59169
59182
59170
59153
59154
62381
62382
59171
59184
59183
59199
59198
59214
59213
59229
59230
59231
59215
59216
59232
62385
62384
59200
62383
53397
53414
53415
53398
53380
53381
53364
53353
53352
53363
53379
53362
53351
53333
53317
53318
53334
53335
53319
53320
53321
53337
53336
53354
53365
53366
53383
53382
53400
53399
53416
53417
53433
53432
53431
51434
53447
53455
53472
53473
53456
53448
53449
53457
53474
53475
53458
53459
53460
53477
53476
53492
53493
53494
53478
53461
53462
53452
53451
53450
53434
53435
53418
53401
53384
53367
53368
53385
53386
53369
53370
53387
53405
53404
53403
53402
53419
53436
53437
53420
53421
53438
53439
53422
53440
53441
53424
53423
53389
53390
53357
53358
53345
53329
53311
53310
53309
53327
53328
53344
53343
53342
53326
53308
53307
53325
53341
53340
53324
53306
53291
53278
53277
51663
53290
53304
53305
53323
53339
53356
53355
51666
53338
53322
53303
53289
53302
53301
53300
53299
53286
53273
51433
53257
53258
53259
53274
53287
53288
53275
53276
53260
53243
53242
53226
53210
53209
53225
53241
53240
53224
53208
53195
53196
53181
53180
53166
51432
53152
51431
53135
62373
58960
58976
58975
58959
58958
58974
58973
58957
58947
58946
58945
58944
58943
58926
58927
58928
58911
57211
58899
58883
58870
58869
58868
58867
58898
58897
58896
57210
58925
58924
58941
58942
58969
58970
58971
58972
58987
58986
58985
58984
58983
58968
58967
58982
58998
59009
59020
59031
59042
59041
59030
59019
59008
58997
58981
58966
58956
58955
58939
58940
58923
58922
57212
58909
58910
58895
58882
58865
58866
58851
58850
58849
58848
58834
58833
58847
58846
58845
56994
58831
56993
58817
56992
58801
58802
58818
58832
58819
58803
58804
58820
58835
58836
58837
58823
58822
58821
58805
58793
58792
58774
58773
58791
58790
58789
58771
58772
58755
58754
56991
58740
56990
58726
56989
58712
56988
58713
58714
58700
58699
57202
58686
58685
56987
58671
56986
58657
56985
58643
56984
58644
58630
57201
58615
58614
58613
58596
58579
58580
58597
58598
58581
58567
58566
58565
56983
58551
56982
58537
56981
58552
58553
58540
58526
58527
58541
58542
58528
58514
58500
58485
58499
58513
58512
58511
58525
58539
58538
58524
58510
58496
58497
58498
58484
58467
58454
58453
58466
58483
58482
58465
58464
56977
58481
56978
58495
56979
58509
56980
58523
68018
64028
64036
64044
64052
64051
64043
62804
64034
64035
64027
64012
64013
63997
68017
63989
62799
64011
64026
62801
64010
63996
63988
63980
63979
63987
63995
64009
64008
64007
64006
64023
64024
64025
62803
64033
64041
64049
64057
64058
64050
64042
62805
62806
64059
64060
64068
64067
62808
62809
64076
64077
64094
64093
64104
64105
68019
68020
64116
64127
68021
68022
64137
64136
64146
62812
64135
64125
64126
64115
64114
64113
64124
64123
64112
64101
64102
64103
64092
64091
64075
64066
64065
64074
64090
64089
64088
64087
64086
64085
64084
64083
64082
62810
64073
64064
64056
64048
64040
64032
64017
64016
64031
64039
64047
64055
64063
64072
64081
64097
64107
64096
64080
64079
64070
64071
64062
62807
64054
64046
64038
64030
62802
64015
63999
64000
63993
62800
64001
64018
64019
64020
64021
64022
64005
64004
64003
64002
63994
63986
63978
63977
63985
63984
63992
63991
63983
63975
63958
62797
63949
62597
63948
62598
63957
62599
63974
62600
63982
62601
63990
62602
63998
64014
64029
62603
64037
62604
64045
62605
64053
64061
62606
64069
62607
64078
62608
64095
62609
64106
62610
64117
64118
62811
64128
64129
64119
64108
64120
64130
64131
64121
64110
64109
64098
64099
64100
64111
64122
64132
64143
64142
64152
64151
64141
64140
64139
62611
64138
62612
64148
62613
64158
62614
64168
64169
62813
64178
64179
64180
64181
64191
62814
64201
64218
64227
64226
62815
64217
64216
64225
64215
64198
64199
64200
64190
64189
64188
62615
64187
62616
64197
62617
64214
62618
64223
64224
64241
64240
64256
64257
64258
64242
64243
64259
64260
64276
64275
64293
64303
64302
64301
64317
64318
64319
64320
64304
64321
64322
64323
64307
64306
64305
64294
62818
64277
64278
64279
64280
64281
64282
64283
64267
64251
64252
64234
64233
64232
64250
64266
64265
64264
64263
64248
64247
64246
64262
64261
64244
64245
64228
64229
64230
64249
64231
64205
64204
64203
64202
64192
64182
64173
64172
64171
64170
64159
64149
64150
64160
64161
64162
64163
64153
64164
64154
64144
64133
64134
64145
64155
64165
64175
64174
64183
64193
64184
64194
64210
64209
64208
64207
64206
64219
64235
64236
62816
62817
64268
64286
64285
64284
64295
64296
64297
62820
64313
62821
62819
64287
64269
64253
64237
64220
64211
64212
64195
64185
64176
64166
64156
64147
68023
64157
64167
68024
68025
64177
64186
68026
68027
64196
64213
68028
64222
64221
64238
64239
64255
64254
64270
64271
64289
64288
64298
64299
64315
64314
62822
64330
64331
68029
64340
64357
68030
68031
64377
64367
64366
64356
64339
64338
64355
64365
64354
64353
64352
64337
64328
64329
64312
64311
64310
64309
64308
64324
64325
64326
64327
64351
64350
64349
64348
64347
64346
64345
64336
64335
64344
62823
64343
64334
64333
64342
64359
64369
64360
64361
64362
64363
64373
64372
64371
64370
64380
64379
64388
64389
64390
64381
64382
64383
64392
64391
64400
64401
64411
64410
64409
64408
62828
64424
64441
64451
64467
64468
64469
62832
64524
64523
64541
64542
64560
64559
64577
64578
64579
64561
64580
64581
64563
64562
64544
64543
64525
64526
64527
64528
64545
64546
64547
64529
64530
64531
64549
64567
64568
64550
64532
64533
64551
64552
64534
64517
68034
68033
64508
64507
64516
64515
64506
64497
64496
64495
62833
64486
64475
64474
64457
64456
64473
64472
64455
64454
64471
64470
64453
64452
62829
64442
64425
64426
64427
64412
64428
64413
64414
64429
64430
64415
64416
64364
64374
64384
64393
64402
64418
64417
64432
64431
64443
64458
64459
64476
64477
64487
64478
62831
64488
64498
64499
64489
64480
64479
64462
64446
64445
64461
64460
64444
64433
64434
64435
64436
64419
62827
62826
64403
64394
62825
62824
64375
64376
64385
64386
64395
64404
64420
64437
64447
64463
68032
58993
58977
57000
58961
56999
58951
56998
58934
56997
58917
56996
58904
58889
58876
56995
58859
58860
58877
58890
58905
58906
58891
58892
58879
58878
58861
58862
58863
58864
58881
58894
58880
58893
58907
58908
58921
58920
57213
58937
58938
58954
58964
58965
58980
58979
57215
58963
58953
58936
58919
58918
58935
58952
57214
58962
58978
57216
58994
59017
59006
57217
58995
58996
59007
59018
59029
59028
59039
59040
59052
57219
59053
59064
59065
59066
59067
59068
59069
59070
59083
59101
59100
59099
59098
59116
59115
59097
59096
59114
59132
59133
59134
59135
59117
59118
59102
59084
59085
59086
59073
59072
59071
59056
59045
59044
59055
59054
59043
59032
59033
59022
59023
59013
59012
59011
59021
59010
58999
58988
59000
58989
58990
59001
59002
58991
58992
59003
62374
62375
59014
62376
59025
59024
59034
59035
59036
62377
62378
62379
59058
59047
59046
59057
59074
62380
59087
59105
59104
59103
59121
59122
59123
59141
59140
59139
59152
59151
59138
59120
59119
59137
59136
59166
59165
59164
59163
59193
59209
59210
59194
59195
59211
59227
59243
59242
59226
59225
59241
59240
59239
59255
59256
59270
59286
59287
59304
59303
59302
59285
59284
59283
59300
59299
59282
59269
59268
59267
59253
59254
59238
59222
59206
59207
59223
59224
59208
59192
59191
59178
59179
59162
59149
59148
59161
59160
59159
59176
59177
59190
59189
59205
59221
59237
59236
59220
59219
59235
59250
59251
59252
59266
59280
59281
59298
59297
59296
59313
59314
59331
59330
59329
59342
59354
59366
59365
57012
59353
57011
59341
57010
59328
57009
59311
59312
59294
59277
59278
59295
59279
59265
59264
59263
57008
59249
57007
59233
59234
59218
59217
59201
59185
59202
59203
59204
59188
59187
59186
59173
59172
57006
59155
59156
59174
59175
59158
59157
59144
59126
59108
59109
59110
59128
59127
59145
59146
59147
59129
59111
59093
59094
59112
59130
59131
59113
59095
59082
59081
59080
59079
59063
59051
57218
59050
59062
59061
59060
59049
59038
59027
59016
59005
59004
57001
59015
57002
59026
57003
59037
59048
59059
57004
59075
59076
59077
59078
59092
59091
59090
59089
59088
59106
59107
59125
59143
59142
57005
59124
68035
64602
64595
62835
64587
64588
64570
64569
64586
64585
64594
64601
64584
64566
64548
64565
64564
64582
64583
64613
64612
64611
64610
64609
64608
64607
64600
64593
64576
64575
64592
64599
62836
64606
64624
64623
64622
64639
64638
64621
64604
64605
64598
64597
64590
64591
64573
64574
64556
64538
64539
64557
64558
64540
64522
64521
62834
64512
64513
64514
64505
64504
64503
64511
64510
64518
62633
64509
62632
64500
62631
64501
64502
64492
64493
64494
64485
64484
64483
64466
62830
64450
64449
64465
64482
64491
64490
64481
62630
64464
62629
64448
62628
64439
64438
62627
64421
62626
64405
64406
64422
64440
64423
64407
64399
64398
64397
64396
62625
64387
62624
64378
62623
64368
62622
64358
62621
64341
62620
64332
62619
64316
64300
64290
64291
64292
64274
64273
64272
73837
73838
70009
70008
70018
70019
73839
70036
70035
70052
70069
70067
68483
70092
70093
70101
73840
70109
70125
70132
70139
70138
68491
68489
70131
70124
68487
70108
70100
70099
68485
70107
70123
70122
70121
70120
70119
70118
70117
70116
70115
70130
70137
70144
70158
70145
70146
70147
70148
70149
70150
70151
70159
68492
68493
70152
70153
70161
73841
70178
70160
68494
70175
70174
70173
70172
70171
70170
70169
70168
70167
70183
70182
70192
70191
70181
68496
70180
70190
70206
70205
70204
70220
70233
68279
70250
70262
70277
70278
70279
70294
70293
70309
70310
70325
70324
70323
70292
68280
70308
68281
70322
70336
70349
70350
70337
70338
70339
70351
70352
70368
70367
70366
70381
70382
70383
70384
70369
70354
70353
70340
70326
70341
70327
70313
70312
70311
70295
70280
70265
70266
70254
70255
70256
70238
70239
70240
70241
70228
70227
70226
70225
70210
70209
70224
70237
70236
70253
70252
70264
70263
70251
70235
70234
70221
70222
70223
70207
70208
70193
68498
70194
70211
70212
70195
70196
70213
70197
70214
70229
70215
70198
70199
70216
68501
68502
70217
68499
70201
70200
70184
70185
70202
70186
70176
68495
70177
68497
70187
70203
70219
68500
70218
70230
70231
70248
70247
70260
68505
68507
70291
70276
70261
70249
70232
64535
64553
64554
64536
64519
64520
64537
64555
64572
64571
62634
64589
62635
64596
62636
64603
64620
62637
64637
62638
64646
62639
64655
64664
62640
64672
62641
64681
64682
64683
64684
64694
64685
62838
64660
64651
64650
64659
64668
64676
64675
64667
64658
64657
64666
64674
64673
64665
64656
64647
64648
64649
64640
64641
64642
64625
64626
64627
64628
64629
64630
64631
64632
64614
64615
64633
64634
64616
64617
64618
64619
62837
64636
68036
68037
64645
64654
68038
68039
64663
64671
64680
64690
68040
68041
68042
64718
64707
64689
64679
64670
62839
64662
64653
64644
64635
64643
64652
64661
64669
62840
64677
64678
64688
64687
64686
62841
64703
64704
64705
64706
64717
64728
64729
64741
64740
64739
64752
64751
64738
64726
64727
64716
64715
64714
64725
64737
64750
64767
64768
64769
64784
64801
64800
64783
64782
64799
64798
62848
64797
64812
62851
64829
64844
64859
64873
64874
64860
64845
64846
64861
64875
64890
64876
64862
62854
64847
64832
64831
64830
64813
64814
64815
64816
64802
64785
64770
64753
64754
64771
64786
68043
68044
64803
64818
64817
64833
64834
68045
64849
64848
64863
68046
64877
64891
68047
68048
64905
64904
64917
64931
64918
68049
68050
64932
64948
64947
64946
64930
64916
64915
64914
64901
64902
64903
64889
64888
64887
64886
64872
64871
64885
64899
64900
64913
64912
64926
64927
64943
64957
64958
64959
64944
62856
64928
64929
62857
64945
64960
64977
64978
64979
64961
64962
68051
68052
64995
64994
65012
65011
64993
64992
64976
64975
64974
62859
64990
64991
65010
65009
65008
65007
65020
65021
65022
65033
65048
65047
65057
65066
65075
65046
65045
65044
65043
65042
65032
65031
65041
65040
65039
65030
65017
62860
65018
65019
65003
65004
65005
62861
65006
64989
62858
64973
64972
64956
64942
64941
64940
64939
64955
64969
64970
64971
64988
64987
64986
65002
65001
64985
64968
64954
64953
64937
64936
64935
64934
64921
64922
64923
64938
64924
64925
64911
64910
64909
64908
64895
64896
64897
64898
64884
64883
64869
64870
64841
64840
64856
64855
64854
64853
64867
64868
64882
64881
64866
64852
64836
64821
64822
64837
64838
64839
64824
64808
64792
64793
64794
64810
64809
64825
64826
64827
64842
62853
64857
64858
64843
64828
64811
62850
64796
64795
64779
64778
64777
64760
64759
64776
64791
64807
64823
64806
62849
64790
64789
64773
64756
64743
64731
64720
64709
64721
64732
64744
64757
64774
64775
64758
64745
64733
64722
64723
62842
62844
64735
64734
64746
64747
64748
64761
62847
64762
64763
64764
64765
64780
64781
64766
64749
62846
64736
62845
62843
64724
64713
64702
64701
64700
64699
64698
64697
64696
64695
64712
64711
64710
64693
64692
64691
62642
64708
64719
64730
62643
64742
62644
64755
62645
64772
64787
64788
64805
64804
62646
64819
64820
62852
64835
64851
64850
62647
64864
62648
64878
62649
64892
64879
64865
64880
64894
64907
64893
62855
64906
64920
62650
64919
64933
62651
64949
64950
64951
64952
64966
64967
64984
65000
64999
64983
64965
64964
64963
64980
64981
64982
64998
64997
64996
65014
62652
65027
65036
65037
65028
65015
65016
65029
65038
65054
65063
65072
65071
65080
65081
65082
62865
65073
62863
65064
62862
65055
65056
65065
65074
65083
65093
62866
65092
65103
65102
65119
65128
65129
65120
65104
65105
65106
65107
65108
65109
65110
65084
65094
65111
65112
65121
65130
65145
65144
65143
65142
65141
65140
65139
65175
65186
65203
65202
65201
65200
65199
65198
62872
65197
65196
65185
65174
65173
65184
65183
65194
65195
65212
65221
65211
65220
65235
65208
65191
65180
62658
65169
62657
65159
62656
65150
65151
65160
65170
65181
65182
65171
65161
65162
65172
65163
65164
65154
65153
62869
65138
65137
65152
65136
65127
65118
65101
65091
65090
65100
65117
65126
65135
65134
65125
62655
65116
62654
65099
65089
65079
65070
65061
65062
65053
62653
65052
73857
70790
70776
70759
70758
70775
70774
70757
70739
70721
70722
70740
70741
70723
70707
73856
73855
70693
70692
70706
70705
70691
70690
70676
70662
70677
70663
70649
70648
70647
70661
70675
70689
70688
70674
70660
70646
70633
70619
70605
70591
70573
70574
70592
70606
70620
70634
70635
70621
70622
70636
70650
70664
70678
70679
73854
73853
70665
70651
73852
73851
70638
70624
73850
73849
70610
70609
70623
70637
70608
70594
70607
70593
70575
70576
70577
70578
68530
70595
70596
73848
73847
70579
70565
70564
70563
70547
70546
70545
70562
70561
70544
70530
70531
70514
70513
70512
70511
68526
70497
70481
70496
70495
68525
70479
70463
70447
70448
70464
68523
70480
70465
70466
70467
70482
70498
70499
70500
70501
70502
70515
70532
70533
70548
73846
70534
70517
70516
70504
70503
70486
70485
70470
70471
70472
70487
70488
70473
70456
73845
70440
73844
70424
70423
70439
70455
70454
70438
70422
70407
70406
70390
70376
70361
70362
70377
70391
70392
68518
70408
70393
70378
73843
70363
70348
68512
68510
70335
70321
73842
70307
68509
70320
70334
70347
70346
70333
70319
70306
68508
70290
68506
70275
70259
68503
70246
70245
70244
70243
70242
70257
68504
70272
70258
70274
70273
70289
70305
70304
70303
70316
70330
70331
70317
70318
70332
70345
70344
70359
70360
70375
70389
70405
70420
70421
70437
70436
70453
70452
70469
70484
70483
70468
70451
70435
70434
70450
70449
70433
70432
68521
68519
70417
70402
68517
68515
68514
70356
70357
70372
68516
70387
70403
70418
70419
70404
70388
70374
70373
70358
70343
70342
70329
70315
70301
70302
70288
70287
70286
70271
70270
70269
70284
70285
70300
70299
70283
70268
70267
70282
70281
70296
70297
70298
70314
70328
68511
68513
70355
70371
70370
70386
70385
70400
70401
70416
70415
70414
70399
70398
70397
70413
68520
70429
70445
70430
70431
70446
70462
70478
70494
68524
70493
70509
70510
70523
70541
70555
70540
70522
70520
70492
70491
70490
70475
70476
70477
70461
70460
70459
70444
70428
70427
70443
70458
68522
70442
70426
70410
70411
70412
70396
70395
70380
70365
70364
70379
70394
70409
70425
68282
70441
68283
70457
68284
70474
70489
68285
70505
68286
70518
68287
70535
68288
70549
70550
68529
70566
70580
78988
76261
76260
76272
76273
76284
76283
76282
76281
76270
76271
76259
76258
76246
76234
76222
76210
76211
76223
76235
76247
76248
76249
76237
76236
76224
76212
76200
76199
76198
76186
76187
76188
76189
76177
76176
76175
76174
76162
76149
76138
76127
76114
76115
76098
76097
76113
76112
76111
76094
76095
76096
76079
76078
76077
76076
76093
76110
76092
76109
76126
76137
74352
76161
76173
76185
76197
76209
76221
76233
76245
76257
76269
76280
76294
76293
76311
76327
76326
76310
76292
76291
76309
76342
76341
76358
76357
76369
76368
76356
76340
76339
76338
76337
76355
76354
74110
76336
76318
76302
76303
76319
76320
76321
76322
76306
76288
76287
76305
76304
74354
76276
76275
76286
76285
74109
76274
74108
76263
74107
76251
74106
76239
74105
76227
74104
76215
74103
76203
74102
76191
74101
76179
74100
76167
74099
76155
74098
76144
76133
76122
74097
76105
74096
74350
76106
76089
74349
74348
76072
76061
74347
76050
76051
76040
76039
76028
76012
75999
74345
75987
74344
75976
74342
75965
74340
75948
75949
75938
75922
75921
75937
74339
75936
75920
75906
75907
75889
75890
75908
75909
75891
75892
75910
74335
75923
75939
75950
75966
75977
75988
75989
75978
75967
75968
75979
75990
76002
76001
76000
76013
76014
76015
76016
76017
76018
76019
76020
76021
76004
75992
75982
75983
76008
75996
75984
75985
75974
75963
75962
75973
75972
75961
75960
75971
75970
75959
75942
75941
74338
75928
75927
75911
75897
75896
75878
75879
75880
75862
75849
75835
75818
75819
75820
75804
75792
75781
74330
75791
75803
75802
75790
75780
75779
75778
75777
75776
75775
75763
75751
75739
75738
75726
75713
75724
75725
75737
75736
75748
75747
75735
75723
75712
75701
75702
75703
75714
75715
75727
75716
75705
75704
75692
75693
75681
75668
75652
75639
75640
74326
75653
75654
75626
75625
75610
75611
75612
75598
75597
75596
75595
75609
75623
75624
75638
75637
75651
75667
75680
75666
75665
75678
75679
75691
75690
75689
75677
75664
75648
75634
75620
75621
75635
75649
75650
75636
75622
75608
75594
75593
75607
75606
75592
75575
75562
75535
75517
75534
75533
74071
75516
75500
74070
75501
75485
74318
75470
75469
74069
75453
74068
75437
74067
75422
75408
75394
75379
75380
75365
75378
75363
75364
75349
75348
75334
75335
75336
75350
75351
75366
75381
75382
75397
75396
75395
75409
75425
75424
75439
75440
75456
75457
75458
75459
75475
75490
75506
75522
75523
75524
75525
75526
75541
75555
75568
75569
75556
75542
75527
75509
75493
75508
75492
75477
75461
75462
75478
75479
75463
75464
75480
75495
75494
75510
75511
74319
75528
75529
75512
75496
75497
75498
75514
75513
75530
75545
75546
75531
75532
78956
78955
75515
75499
78954
78953
75484
75468
78952
78951
75452
75436
75435
75451
75466
75467
75483
75482
75481
75465
75449
75450
75434
75433
75418
75417
75416
75431
75432
75448
75447
75446
75445
75429
75430
75415
75401
75400
75414
74317
74316
75413
75399
75384
75369
75354
75340
75341
75326
75325
75310
75311
75312
75327
75342
74313
75343
75357
75373
75372
75371
75356
75355
75370
75385
75386
75387
75402
75403
75388
75389
75404
75405
75419
75420
75421
78950
75406
74314
75391
78949
78948
75376
75361
75360
75375
75390
75374
75358
75359
75345
75344
75329
75328
75313
75314
75315
75300
75285
75284
75283
75282
75281
75267
75266
75252
75253
75240
74306
75224
75211
75200
75199
75198
75197
75196
75185
75174
75173
75184
75183
75172
75171
75160
75144
75132
75121
75122
75133
75134
75123
75135
75136
75125
75124
75113
75112
75095
75094
75111
75110
75093
75092
75082
75072
75073
75083
75084
75085
75086
75097
75114
75098
75099
75100
75101
75102
75103
75104
75087
75088
75105
75117
75129
75118
75107
75106
75089
75079
75069
75068
75078
75077
75067
75056
75047
75038
75039
75040
75049
75048
75057
75058
75059
74297
75070
78938
75080
74298
75090
75108
75119
78939
78940
75130
74299
75140
75156
75157
78941
78942
69592
69608
69618
69619
68448
69620
69636
69635
69643
69644
69653
69652
68452
69673
69662
69663
69676
69664
69654
69645
69637
69622
69623
69624
69625
69626
69627
69629
68450
69656
69667
69684
69665
69700
69701
68455
69714
69702
69685
69668
69657
69647
69648
69658
69669
69686
69687
69670
69659
69649
69640
69632
69631
69639
68449
69630
69614
68446
69602
69603
69588
69570
69569
69568
69567
69566
69565
69564
69563
69581
69582
69597
69596
68445
69580
69562
69561
69579
68444
69595
69612
69621
68447
69611
69610
69609
69593
69594
69577
69578
69560
69548
69547
69559
69576
69575
69558
69546
69529
69530
69514
69513
69496
69485
69486
69497
68441
69498
69499
69516
69515
68442
69531
69549
69550
69532
69533
69551
69534
69535
69536
69537
69538
69522
69505
69504
69521
69520
69519
69518
69517
69500
69501
69502
69503
69474
69473
69472
69471
69489
69488
69470
69454
68439
69439
69440
69455
69456
69457
69441
69442
69443
69458
69459
69444
69426
68438
69414
69415
69397
69398
69416
69427
69428
69429
69417
69430
69446
69447
69431
69418
68437
69402
69401
69386
69372
69356
68432
69341
69342
69343
69357
69374
69373
69387
69388
69403
73827
69419
69432
69448
69465
69482
69493
69492
69481
69464
69463
69480
69491
68440
69479
69490
69478
69462
69445
69461
69460
69477
69476
69475
69506
69523
69524
69507
69508
69509
69525
69542
69541
69540
69539
68443
69552
69553
69554
69571
69572
69573
69555
69556
69544
69543
69526
69510
69511
69527
63864
63882
63900
63916
63933
63934
63917
63901
63902
63884
63883
63865
63866
63867
63885
63886
63904
63903
63919
63918
63935
63950
63936
63920
63921
63922
63923
63924
63941
63940
63939
63938
63937
63952
63951
63959
63976
63960
63961
63953
63962
63963
63964
63965
63966
63967
63968
63969
63954
63955
63970
63971
63972
62798
63981
63973
63956
62796
62795
62794
63931
63930
63929
63946
63945
63944
63927
63928
63912
63894
63893
63875
63859
63876
63877
63895
63913
63914
63896
63878
63860
62791
63843
63844
63845
63861
63880
63879
63897
63898
62792
63915
62793
63932
63947
68016
63899
63881
63863
63862
63846
63847
63830
68015
68014
63819
63808
63807
63818
63817
63829
63828
63827
63826
63815
63814
63825
63842
63841
63840
63839
63857
63858
63874
63892
63910
63911
63926
63943
63942
63925
63909
63908
63890
63891
63873
63872
63856
63838
63837
63855
63871
63889
63907
63906
63905
63888
63887
63869
63870
63854
63836
63835
63853
63868
63852
63851
63834
62790
63824
63813
63796
63797
63798
63799
63800
63801
63802
63803
63786
63776
63775
63774
63757
63758
63759
63743
63733
63723
63713
63703
63702
63701
63700
63699
63686
63676
63666
63667
63657
63656
63647
63636
63637
62784
63648
63658
63668
63678
63677
63687
63688
63704
63714
63724
63725
63726
63736
63746
63762
63779
63778
63761
63745
63735
63734
63744
62787
63760
62788
63777
63788
63787
63804
63816
63805
63806
63789
63790
63791
68013
68012
63780
63763
68011
62786
63737
68010
68009
63727
63717
68008
63707
63706
63716
63715
63705
63689
63679
63669
63670
63680
63690
63691
68007
68006
63681
63671
68005
63661
63651
68004
58042
58043
58052
56968
58064
58075
58092
58108
58109
58119
58135
58118
56969
58134
58151
58167
58177
56970
58188
58199
58200
58201
58217
58216
58215
58225
56971
58236
58237
58226
58227
57182
58238
58256
58255
57184
58270
58289
58272
58271
58257
58239
58240
58230
57181
58219
58205
58204
58203
57179
58218
58229
58228
58202
58191
58192
58181
58180
58169
57173
58168
58179
58190
58189
58178
58152
58153
58136
58120
58110
58121
58137
58138
58154
58155
58170
58171
58172
57175
58182
58193
58206
58207
58208
58209
58210
58211
58194
58183
58184
58195
58221
58220
58231
58232
58249
58250
58233
58222
57180
57178
58212
58196
57177
57176
58185
58197
58186
58175
57174
58164
57172
58147
58148
58149
58132
58116
58106
58090
58073
58062
58061
58050
58040
58024
57161
58007
58006
57988
57971
57972
57973
57961
57962
62335
62336
57974
62337
57991
57990
57989
58008
58009
58025
58041
62338
58051
58063
62339
58074
57166
58091
62340
62341
58107
58117
62342
62343
58133
58150
58165
58166
58176
58187
58198
58214
58213
58223
58224
62344
58235
58234
58251
58252
58268
58267
58266
58282
58265
58281
57185
58293
58312
58294
58283
58284
58295
58313
58329
58328
58346
58359
58360
58347
62345
62346
58377
58376
58375
58374
57188
58357
58358
58345
58327
58311
58310
58309
58308
57186
58325
58326
58344
58343
58356
58342
58341
58340
58339
57187
58338
58337
58321
58322
58303
58304
58305
58323
58324
58306
58307
58277
58278
58291
58292
58280
58279
58263
58264
58248
58247
58246
58262
58261
58245
58244
58243
58242
58241
57183
58258
58259
58260
58276
58275
58274
58273
58290
58302
58301
58300
58318
58334
58333
58332
58316
58317
58299
58288
58287
58298
58297
58286
58254
58253
58269
56972
58285
58296
58314
58315
58331
58330
58348
58361
58362
58349
58350
58351
58352
58353
58335
58319
58320
58336
58354
58367
57189
58382
58366
58365
58381
58364
58363
58380
58379
58378
56973
58389
58390
58391
58403
58402
58414
58401
56974
58413
58426
56975
58438
56976
58451
58452
58439
58440
58441
58442
58455
58468
58469
58486
58487
58501
58515
58529
58543
58544
58530
58516
58502
58488
58473
58472
58471
58458
58445
58432
58420
58407
58406
58419
58431
58444
58457
58470
58456
58443
58430
58429
58428
58427
57194
58415
58416
58417
58418
58405
58404
57191
58392
58393
58394
58395
58383
58368
58369
58370
58371
58372
58355
58373
58384
58396
58408
58421
58433
58446
58459
58475
58474
58489
58503
58476
58460
58447
58461
58462
58449
58448
58435
58434
57195
57193
58422
58409
57192
57190
58397
58385
58386
58398
58399
58387
58388
62347
58400
58412
58425
58411
58410
58423
58424
58436
58437
58450
62348
62349
58463
62350
58480
58479
58493
58494
62351
62352
58508
58507
58492
58478
57196
58477
58491
58490
58504
58518
57197
58517
58531
58545
58559
58560
58546
58532
58533
58547
58561
58575
58574
58591
58592
58609
58608
58625
58624
58607
58590
58573
58589
58606
58623
58622
58605
58588
58587
58586
58585
58584
58583
58569
58570
58571
58572
58558
58557
58556
58555
58554
58568
58582
58599
58600
58601
58618
58634
58648
58661
58647
58633
58617
58616
58632
58631
58645
58646
58660
58659
58658
58672
58673
58674
58675
58676
58662
58649
58635
58619
58602
58603
58604
58621
58620
58636
58650
58664
58663
58677
58678
58692
58705
58719
58718
58704
58691
58690
58703
58717
58702
58689
58688
58687
58701
58715
58716
58730
58729
58728
58727
58741
58742
58756
58757
58743
58744
58758
58759
58775
58776
58777
58760
58746
58745
58731
58732
58733
58747
57203
58761
58762
58763
58734
58720
58721
58735
58749
58748
58764
58765
58766
58767
58768
58786
58799
58798
58797
58785
57205
58784
58783
58782
58781
58780
57204
58779
58778
58794
57206
58806
57207
58807
58808
58809
58810
58824
58838
58852
58853
58871
58884
58854
58840
58839
58825
58826
58811
58795
58796
58812
58813
58827
58841
58842
58856
58855
57208
58872
58885
57209
58900
58913
58912
58929
58930
58931
58948
58949
58932
58950
58933
58916
58903
62372
62371
58888
58887
58902
58915
58914
58901
58886
58873
58874
58875
62370
62369
58858
58857
58843
58829
58828
58814
58815
58830
58844
62368
62367
58816
58800
58788
58787
58769
58770
58753
62366
62365
58739
58738
58752
58751
58750
58736
58722
58708
58709
58723
58737
58724
58725
62364
62363
58711
58710
58698
62362
62361
58684
58683
58697
58696
58695
58707
58706
58693
58694
58680
58679
58665
58651
58637
58638
58652
58666
58667
58681
58682
58668
58669
58670
62360
62359
58656
58655
58654
58653
58640
58639
58626
57200
58627
58641
58642
62358
62357
58629
58628
58611
58610
57199
58593
58576
58562
58548
58534
57198
58519
58505
58506
58520
58521
58522
62353
58550
58536
58535
58549
58563
58564
62354
62355
58578
58577
58594
58595
58612
62356
52777
52794
52806
52807
52817
52828
52839
52840
51640
52855
52841
52829
51637
52818
51636
52808
52819
52830
52842
52856
52831
52820
52809
52797
52798
51635
52782
52781
52780
52769
52758
52747
52746
52757
52768
52779
52796
52795
52778
52767
52756
52766
51421
52755
51420
52744
52733
52745
52734
52735
52723
52706
52689
52690
52707
52724
52736
52737
52725
52708
52691
52680
52679
52678
52667
52668
52669
52658
52647
52636
52646
52657
52656
52645
52644
52655
52666
52677
52688
52705
52722
52721
52704
52687
52676
51419
52665
51418
52654
51417
52643
51416
52633
52623
52606
52624
52634
52635
52625
52626
52609
52591
52574
52575
52559
52541
52526
52525
52524
52515
52514
52523
52522
51622
52539
52540
52558
52557
52556
52572
52573
52590
52608
52607
52589
52588
52571
52555
52538
51415
52521
52513
51414
52505
52496
52479
51413
51618
52480
52472
52473
52474
52482
52483
51619
52500
52508
52516
52527
52528
52544
52543
52542
52560
52576
52577
52561
52562
52563
52545
52529
52530
52546
52581
52617
52599
52582
52566
52548
52517
52509
52501
52491
52492
52477
52493
52494
52503
52504
56742
56743
52512
52520
56744
56745
52537
52554
52536
51621
52535
52552
52553
52569
52570
56746
52587
52586
52585
51624
52568
51623
52551
52550
52549
52567
52584
52583
52600
52601
51625
52618
52619
52602
52603
52620
52621
52631
52632
56748
56749
52642
52653
56750
56751
52664
52675
56752
56753
52686
52703
56754
56755
56756
52732
52731
52720
52702
52685
52674
52673
52684
52701
52719
52718
52728
52729
52730
51631
52741
52740
52739
52750
52751
52752
52763
52774
52791
52792
51633
52775
52764
52753
52742
52743
52754
56757
56758
52765
52776
56759
56760
52793
56761
52805
52804
52815
52816
56762
56763
52827
56764
52838
52837
52826
52814
52803
52802
52813
52812
52823
52822
52811
52800
52801
52790
52773
52762
52761
52772
52789
52788
52787
52786
52785
52784
52783
51634
52799
52810
52821
52832
52846
52847
52848
52849
52850
51638
52833
52834
51639
52851
52835
52824
52825
52836
52852
52853
52854
56765
52864
52863
52862
52861
52872
52871
51642
52860
52859
52870
52882
52893
52904
52914
52925
52935
52944
52953
52968
52967
52984
52983
52966
52965
52982
52981
52964
52963
52980
52996
51646
52979
52978
52961
52962
52952
52943
52934
51644
52924
52913
52903
52892
52881
52869
52858
52845
52844
52843
52857
52868
52867
51641
52866
52878
52879
52890
52880
52891
52902
52901
52911
52912
52923
52942
52941
52932
52933
52922
52921
52910
52909
51643
52899
52900
52889
52888
52877
52865
51422
52876
51423
52887
51424
52898
51425
52919
52920
52931
52930
51426
52939
51427
52948
52957
52958
52975
52974
52992
53002
53017
53034
53046
53062
53079
51428
53096
51429
53109
51430
53122
53136
53123
53124
53111
53112
53099
53100
53113
53126
53125
53137
53138
53139
53156
53155
53154
53153
53167
53168
53182
53169
53170
53183
53198
53199
53213
53212
53197
53211
53227
53228
53229
53245
53244
53261
53262
53263
53264
53248
53247
53231
53246
53230
53214
53215
53216
53232
53233
53217
53186
51657
53185
51656
53200
53184
51655
53171
53157
53140
53141
53127
53114
53101
53084
53083
53066
53050
53065
53082
53098
53110
53097
53080
53081
53064
53063
53047
53048
53049
53037
53020
53019
53036
53035
53018
53003
52993
52976
52959
52949
52940
52950
52951
52960
52977
52995
52994
53004
53005
53021
53006
53007
53008
53024
53023
53022
51649
53038
53052
53068
53051
53067
53085
53086
53069
53053
53054
53070
53071
53088
53087
53142
53143
53144
53159
53146
53129
53116
53103
53072
53056
53055
53025
53009
53010
53026
53027
53039
53057
53040
53028
53029
53011
51648
52997
52985
52986
52969
52970
52987
51647
52998
52988
52989
52990
52991
53001
53000
53015
53016
56774
56775
56776
53045
53061
53060
53078
56777
56778
53095
53108
56779
56780
53121
53134
56781
56782
53151
53164
53165
56783
56784
53179
53194
53193
53223
53237
53238
53239
53256
53271
53284
53270
53269
53255
53254
53252
53234
53250
53249
53265
53266
53292
53293
53294
53312
53346
53360
53361
53349
53350
56790
53378
53377
53395
53412
53394
53393
53411
53427
53428
53429
53444
53445
53430
53413
53396
56791
56792
53446
51668
53454
51669
53470
53471
56793
56794
53487
51670
53486
53502
51672
51671
53501
51673
53517
53518
53519
53527
53528
53545
53562
53563
53546
56797
53529
56796
56795
53520
53503
48452
46432
48457
48463
48462
48479
48485
46433
48501
48502
48486
48487
48503
48504
48488
48481
48480
46696
48464
48458
48465
48459
48454
48453
46694
48437
48420
48403
48397
48396
48402
48419
48436
48435
48418
48401
48395
48390
48385
46431
48380
48363
48356
48357
48364
48365
46689
48381
48386
46690
48391
46691
48404
48421
48438
48439
48422
48405
48406
48407
48424
48423
48440
48441
48442
48425
48408
48409
48426
48443
48444
48445
48446
48429
48428
48427
48410
48411
48412
48413
48430
48447
48448
48449
48455
48460
48476
48475
48474
48473
48472
48471
48494
48495
48510
48509
48508
48507
48506
48491
48492
48493
48470
48469
48468
48467
48466
48490
48489
46698
48505
48521
48528
48534
48540
48539
48533
48538
46700
48532
46699
48525
48526
48527
48520
48519
48518
46434
48517
46435
48524
48531
48537
48543
48549
46704
48555
48556
46705
48563
48564
48557
48551
48550
46702
48544
46701
48545
48546
48552
48558
48565
48572
48580
48588
48587
48579
48571
48578
48570
48562
46436
48569
46437
48577
46438
48585
46707
48586
48593
48594
48595
48603
48602
48601
48610
48611
48625
48626
48635
48627
48612
48613
48614
48615
48616
48617
48618
48619
48620
48604
48596
48589
48581
48573
48566
48559
48553
48547
48541
48535
48529
48522
48513
48512
48511
48496
48497
48514
48498
46697
48482
48483
48477
48461
48456
48450
48433
48432
48431
48414
48415
46692
48398
48399
48416
48434
46693
48451
46695
51216
51215
51214
48417
48400
51213
51212
48394
48389
51211
51210
48384
48383
48388
48393
48392
48387
48382
48378
48360
48361
48379
46688
51209
48362
48355
48349
48348
46685
48354
48353
46687
48377
48376
48375
48374
48373
48372
48371
48370
48369
48368
48367
48366
48358
48359
46686
48352
46684
48335
48336
48337
48338
48339
48340
48341
48342
48343
48344
48345
48346
48347
48329
48330
48331
51208
51207
48324
48307
51206
51205
48290
48289
48306
48323
48322
46682
48305
46681
48288
48304
48321
48328
48320
48319
48303
48302
48301
48318
48317
48316
48300
48299
48298
48315
48314
48313
48312
48327
46683
48311
48294
48293
48310
48309
48326
48334
48333
48351
48350
48332
48325
48308
48292
48291
48284
48285
48286
48278
46679
48279
48280
46680
48287
48295
48296
48297
48266
48267
48268
48269
48270
48271
48272
48273
48258
48274
48259
48275
48281
48282
48283
51204
51203
48276
46678
48260
51202
48253
48252
48234
48235
48236
46676
51201
51200
51199
48227
48226
48217
48218
48201
48184
48183
48200
48216
48225
48215
48214
48213
48196
48195
48194
48193
48192
48191
48190
48207
48208
48209
48210
48211
48212
48224
48233
48251
48250
48249
48248
48247
48246
48245
48244
48243
48242
48241
48240
48231
48230
48221
48204
48203
48220
48229
48238
48239
46677
48255
48256
48257
48265
48264
48263
48262
48277
48261
48254
48237
48228
46430
48219
46429
48202
46428
48185
46427
48186
48178
48177
48169
48161
48170
48162
48163
48171
48179
48187
48188
48205
48222
48232
48223
46675
48206
48189
46674
48180
46673
48172
46672
48164
46670
48148
46669
48131
48132
48133
48134
48149
48150
48151
48135
48136
48152
48153
48137
48138
48139
48140
48141
48142
48158
48157
46671
48166
48167
48168
48176
51197
51198
42487
42488
42475
42474
42457
42444
40883
42431
40882
42419
42407
42394
40881
42381
42363
42347
42330
42320
40880
42306
42307
42308
42297
42298
42288
42279
42278
42268
42258
42248
41078
42239
42240
42231
42230
41076
42221
41075
42212
41074
42203
41073
42194
41071
42184
41070
42174
41069
42165
42152
42137
42123
42112
42113
41063
42124
42125
42114
41060
42097
42098
42099
42100
42101
42102
42103
42115
42130
42131
42116
42117
42104
42105
42118
42119
41061
42107
42106
42090
42091
46200
36671
46201
42161
42149
42148
42134
42133
42132
42145
42146
42147
42159
42158
42170
42171
42160
42172
46202
46203
42192
42182
42181
42180
42179
42169
41068
42157
42144
42129
42128
42143
42142
42127
42126
42141
42140
42156
42168
42155
42139
41065
42138
42153
42154
41067
42166
42167
42177
42178
42188
42198
42197
42187
42186
42176
42175
42185
42195
42204
42213
42222
42223
42214
42205
42196
42206
42207
42216
42225
42234
42215
42224
42233
42232
42249
42259
42269
42260
42270
42280
42289
42290
42281
42271
42261
42251
42250
42241
42242
42243
42252
42262
42272
42282
42291
42263
42273
42283
42292
42302
42315
42326
42343
42342
42341
41084
42357
42375
41086
42389
42390
42391
42378
42377
42359
42360
42344
41083
42345
42361
42362
42380
42393
42406
46216
46217
42418
42430
46218
42443
42456
46219
42473
42486
46220
46221
42499
42498
42511
42510
42497
42496
42509
42525
42542
42558
41097
42541
41095
42524
41094
42508
42495
42494
42493
42480
42481
42482
42483
42484
42471
41091
42454
42441
42442
42429
42417
42416
42428
41089
42415
42403
42402
42414
42413
42426
42439
42438
42451
42468
42467
42466
42465
42464
42463
42462
42449
42450
42437
42436
42448
42435
42422
41088
41087
42409
42397
42398
42410
42423
42424
42411
42399
42387
41085
42370
42369
42353
42352
42368
42386
42385
42384
42396
42395
42408
42421
42420
42432
42445
42458
42459
42446
42433
42434
42447
42461
42460
41092
42476
42489
42502
42501
40884
42500
42513
42529
42546
42562
42578
42595
42596
42597
42598
42580
42579
42564
42563
42547
42548
42531
42530
42514
42515
42532
42533
42516
42517
42534
42535
42518
42504
42503
42491
42490
41093
42477
42478
42479
42492
42505
42519
42520
42536
42537
42521
42506
42507
42557
42573
42590
42589
42572
42571
42570
42556
41096
42540
42523
42522
42539
42538
42555
42569
42586
42587
42588
41099
42605
42606
42623
42622
42639
42656
42673
42672
41105
42671
42670
42653
42654
42655
42638
42637
42621
42620
42604
42603
42585
42567
42568
42554
42553
42552
42566
41098
42551
42550
42549
42565
42581
42599
42615
42616
42617
42601
42600
42582
42583
42584
42602
42618
42619
42636
42635
42652
42651
42669
42685
42684
41104
42668
42667
42666
42649
42650
42634
42633
42632
42631
42614
42613
42630
42647
42648
42665
42664
42681
42696
42697
42682
42683
42698
42716
41108
42731
42715
42714
42730
42746
42747
41111
42764
41112
42780
41114
41113
42796
42811
42795
42779
42763
42762
42745
42744
42728
42729
42713
42712
42695
42680
42663
42646
42629
42612
42611
42628
42645
42662
42679
42694
42711
42727
42743
42760
42761
42778
42777
42776
42792
42793
42794
42810
42809
42808
42824
42840
42841
42825
42826
42827
42843
42842
42858
42857
42856
42872
42887
42904
42905
42921
51219
51218
51217
48478
48484
48500
48499
48515
48516
51220
48523
48530
51221
51222
48536
48542
51223
51224
48548
46703
48554
48561
51225
40887
43071
40888
43085
43086
43072
43073
43087
43101
43100
40889
43099
40890
43113
43114
41137
43127
43128
43115
43102
43116
43117
43118
43104
43090
43076
43062
43049
43048
43061
43075
43089
43103
43088
43074
43060
43059
43058
41136
43045
43044
40886
43027
43010
42993
42976
42977
42978
42965
41130
42966
42954
42937
41127
42924
42907
42890
42891
42892
42877
42861
42844
41119
42828
41117
42812
41115
41116
42813
42797
42781
42782
42766
42765
42750
42751
42767
42783
42799
42798
42814
42831
42830
42829
42845
42862
42878
41122
42863
42846
42847
41121
41123
42880
42881
42882
42900
42901
42883
42884
42885
42886
41124
42903
41125
42920
46235
46234
42871
42870
42869
42868
42852
42836
42837
42821
42822
42838
42853
42854
42855
46233
42839
42823
42807
42791
46232
46231
42775
42774
42790
42806
42805
42804
42820
42819
42803
42787
42771
42772
42788
42789
42773
42757
42740
42741
42758
42759
42742
46230
37327
37328
37340
37352
37339
37351
35474
37364
37365
37366
37383
37384
37401
37400
37413
37414
37402
37415
37432
37431
37430
37429
37412
37399
37382
37381
37398
37411
35475
37428
35476
37441
37442
37443
37444
37445
37446
37433
37416
37417
37418
37419
37420
37421
37434
37447
37448
37461
37460
35702
35704
37485
37484
37472
37459
37458
37457
37470
37471
37483
37497
37511
37524
35707
37510
37496
37482
35706
37495
37481
37468
37469
37456
37455
37454
37467
37480
35477
37494
35478
37508
37522
37509
37523
37538
37539
37554
37553
37567
37568
37581
35712
37596
35713
37582
37569
35711
37556
37555
37541
37540
37525
37526
37512
37498
37499
37513
37527
35708
35709
35710
37542
37543
37544
37545
37546
37533
37532
37531
37530
37529
37528
37514
37515
37501
37500
37486
37473
37474
37462
37475
37487
37488
37489
37476
35705
35703
37463
37450
37451
37464
37477
37491
37490
37504
37503
37502
37516
37517
37518
37519
37505
37506
37507
40712
40713
37521
37520
37534
37535
40714
40715
37549
37563
37576
37562
37548
37547
37561
37560
37559
37558
37557
37570
37571
37572
37573
37587
37574
37575
37588
37601
37600
37599
37586
37585
35714
37598
37584
37583
37597
35717
37623
37610
37611
37624
37639
37638
37637
37651
37665
37678
37679
37692
37705
37718
35720
37693
37694
37680
37667
37666
37652
37653
37625
37640
37654
37668
37683
37697
37710
37709
37696
37682
37681
37695
37708
37707
37706
37719
37736
37753
37769
37754
37737
37738
37720
37721
37722
37723
35721
37740
40725
40724
37711
37698
40723
40722
37684
37671
40721
40720
37657
37656
37670
37669
37655
37641
37627
37626
37612
37613
37614
37628
37642
37643
40719
37629
37615
40718
37602
37589
40717
40716
32289
30352
32300
30353
32319
30354
32329
30355
32339
30356
32349
32359
30610
32350
32340
32330
32320
32310
30609
32301
32290
32279
32278
32262
32252
32253
32263
32280
32264
32265
32254
30602
32244
32243
30601
32233
30600
32217
32234
32219
32218
32208
32199
32209
32200
32189
32178
32162
30594
32152
32142
32141
32140
30589
32124
30587
32113
32097
30585
32088
32087
30348
32086
32096
30349
32112
32123
32139
32149
32150
30591
32151
30593
32161
30595
32177
32188
32187
32186
32176
32160
32159
32175
30350
32185
30351
32196
32197
32198
30597
32207
32216
32242
32232
32215
32206
40711
37493
37492
37478
37479
37466
37465
37452
37453
40710
40709
37440
37439
37438
37437
37449
37436
37435
37422
37423
37405
37406
37393
35699
37394
37407
35701
37424
37425
37408
37395
37378
37379
37396
37409
37410
37426
37427
40708
40707
40706
37397
37380
37361
37348
37336
37337
37349
37362
37363
40705
37350
37338
40704
37326
37325
37324
37306
37307
37308
37294
37293
37292
37291
37290
37304
37305
37323
37335
37347
37360
37377
37376
37375
37392
37404
37403
37391
37373
37374
37357
37358
37359
37346
35696
37334
37322
37321
37320
37319
37332
37333
37345
37356
37344
37318
37317
37316
37315
37301
37283
37300
37314
37313
37330
37331
37343
37342
37354
37355
35698
37369
37370
37371
37372
37390
37389
37388
35700
37387
37386
37385
37368
37367
37353
35697
37341
35695
37329
35694
37312
37298
37299
37281
37282
37267
37266
37252
37238
37225
37253
37239
37226
37213
37212
37197
37173
37172
37160
37145
37146
37147
37162
37161
37174
37148
37137
37126
35681
37125
37136
37135
35682
37124
37107
37090
37091
37092
37109
37110
37111
37094
37095
37078
37079
37080
37081
37082
37099
37116
37115
37114
37098
37097
37096
37113
37112
37127
37138
37139
37128
37118
37101
37102
37103
35680
37119
37130
37141
35684
37155
37167
37168
37156
37157
40695
40696
37169
37181
40697
40698
37193
37208
40699
40700
37221
37220
37207
37192
37180
37179
37191
37206
37219
35689
37232
37246
37247
37233
37234
40701
37248
37262
37261
37260
37259
37245
37258
37257
37271
37270
37288
37302
37303
35693
37289
37272
37273
37274
37275
37276
40703
40702
32008
32016
32033
32034
32052
32051
32069
32070
32071
32053
32035
32017
32018
32019
32020
32037
32036
32054
32072
32073
32089
32098
32114
30588
32115
32116
32125
32126
32127
32128
32129
32143
32153
32163
32164
32165
32166
32167
32168
32154
32155
32169
32179
32190
32191
32180
32170
32171
32181
32182
32183
32194
32205
32204
32193
32192
32203
32212
32229
32238
32237
32236
32227
32228
32211
32202
32201
32210
32226
32225
32224
32223
32222
32221
32220
32235
32245
32255
32267
32266
32282
30607
30605
32268
32269
32270
32271
32272
32246
32247
32248
32258
32257
32256
30603
32273
32274
32285
32286
32297
32296
32295
32284
32283
32294
32304
32305
32306
32307
32315
32325
32335
32334
32324
32314
32313
32323
32333
32343
32344
32345
32346
32336
32337
32327
32326
32316
32317
32308
32298
32287
32276
32275
32259
32260
32277
32288
32299
32309
32318
32328
32338
32348
32347
32357
32356
32355
32354
32353
32362
32363
32373
32383
32372
32382
32392
32393
32403
32404
32394
32395
32385
32384
32374
32364
32365
32375
32366
32358
32367
32377
32387
32376
32386
32396
32397
32407
32406
32405
32421
32422
32423
32424
35275
35274
35273
35272
35271
35270
35269
35268
35267
35266
35265
30608
30606
30604
32261
35264
35263
32251
32241
35262
35261
30599
32231
32240
32250
32249
32239
32230
32213
32214
30598
30596
32195
35260
35259
32184
32174
32158
32157
32173
32172
32156
30592
32145
30590
32134
32133
32144
32130
32131
32132
32117
32118
32135
32136
32146
32147
32137
32138
32148
27061
27077
27062
27063
27054
27045
27055
27065
27064
27080
27081
27091
27090
27079
27078
27089
25491
27088
25492
27099
27100
27111
27110
27121
27137
27122
27138
27139
27123
27124
27125
27126
27114
27113
27112
25683
27101
27102
27092
27103
27127
27128
27129
27130
27131
27147
27146
27145
27144
25687
27143
27142
27141
27140
27155
27156
27157
27168
27167
27166
27177
27176
27165
27154
27153
25493
27164
25494
27175
25495
27186
27197
27198
25692
27214
27215
27227
27244
27255
27254
27243
27226
27225
25496
27242
25497
27253
25498
27264
25499
27285
27296
25500
27312
27322
27338
27339
27313
27297
27286
27287
27276
27275
25693
27265
27266
27267
27256
27245
27228
27216
27200
27199
27187
27188
27189
27178
27179
27190
27201
27217
27202
27203
27204
27205
27206
27207
27235
27236
27247
27258
27234
27233
27232
27231
27230
27229
27246
27257
27268
27278
27289
27277
27288
25694
27298
27299
27300
27301
27302
27303
27304
27305
27316
27331
27332
27333
27349
27348
27347
27377
27386
27387
27397
27396
27406
27416
27431
27430
27429
27428
27427
27426
27425
27439
27448
27457
27466
27477
27476
27475
27474
27498
27497
25511
27514
25512
27521
25513
27528
25514
27535
25515
27543
27549
32746
32745
32763
32764
32780
32790
35281
35282
32800
32810
35283
35284
32821
32830
35285
35286
32839
32848
35287
35288
27684
25525
27677
25524
27670
25523
27663
25522
27656
25521
27649
25520
27642
25519
27633
25518
27615
27597
27598
27580
27579
27572
25517
27565
25516
27550
27551
27552
27554
27555
27556
27557
27558
27567
27574
27589
27590
27608
27609
27591
27610
27592
27576
27575
27568
27559
25705
27545
27537
27538
27531
27532
27539
27547
27546
27560
27561
27548
27540
27533
25703
27541
27534
27527
27526
27525
27518
27509
27517
27524
27530
27523
27516
27504
27505
27506
27507
27508
27491
27492
27493
27510
27519
27520
27512
27513
27495
27511
27494
27485
27470
27471
27486
27487
27488
27496
30139
30140
30141
30142
30143
27542
25704
27564
27571
30144
30145
27578
27596
27614
27632
27613
27595
27563
27562
27570
27569
27577
27593
27594
27612
27611
27629
27628
27627
27626
27607
27588
27606
27605
27587
27586
27604
27603
27585
27584
27602
27600
27582
27581
27599
27616
27617
27618
27634
27643
27650
27657
27664
27671
27678
27685
27692
27700
27709
27717
27730
27731
27748
27749
27732
27733
27750
27766
27765
27764
27763
27747
27746
27729
27728
27745
27744
25713
27760
27743
27726
27727
25710
25526
27691
25527
27699
25528
27708
27716
27725
27742
25529
27759
32975
32974
32983
32993
32994
32984
32985
35292
35293
32995
35294
33005
33004
33003
33002
32992
32982
32981
32991
33001
33011
33021
33031
33041
33042
33052
33051
33061
33062
33053
33054
33044
33043
33032
33022
33012
33013
33014
33015
35295
35296
33025
33024
33023
33033
33034
33035
35297
35298
33045
33055
35299
35300
35301
35302
33085
33075
33065
33064
33063
33074
33084
33094
33095
35303
35304
33105
33104
33103
33093
33092
33082
33083
33073
33072
33071
33081
33091
33101
33102
33113
33112
33111
33129
33128
33110
33100
33090
33080
33070
33060
33050
33040
33030
33020
33010
33000
32990
32980
32968
32967
32966
32965
32964
32979
32989
32999
33009
33019
33029
33039
33049
33059
33069
33079
33089
33099
33109
33121
33122
33123
33124
33142
33141
33140
33156
33157
33171
33179
33187
33195
33224
33225
33226
33242
33241
33240
33239
33223
33211
33203
30643
33194
33186
33178
33170
33153
33137
33136
33120
33138
33139
33155
33154
33152
33169
33177
33185
33193
33201
33202
33218
33219
33220
33221
33222
33238
33251
33257
33263
33269
33275
33281
33289
33298
30652
33309
33323
33339
33338
33322
33321
33337
33354
33365
33364
33382
33399
33417
30657
33400
33383
33384
33401
33402
33385
33366
33367
33368
33369
33370
33388
33387
33386
33403
33404
33405
33406
33431
33430
33429
33455
33454
33453
33452
33466
33450
33451
33441
33428
33427
33426
33425
30658
33416
33398
33381
33363
33352
33353
30654
33336
33320
33308
33307
30650
30648
33237
33236
33235
33234
33233
33250
33256
33262
33268
33274
33280
33279
33273
30409
33267
30408
33261
30407
33255
30406
33249
30405
33232
33216
33217
33210
30404
33209
33200
33192
30403
33184
30402
33176
30401
33168
30400
33150
33151
33135
33134
33116
33119
33108
33098
33088
33078
33068
33058
33048
33038
33028
33018
33008
32998
32988
32978
32961
30639
32951
32950
32960
32977
32987
32997
33007
33017
33027
33037
33047
33057
33067
33077
33087
33097
33118
33117
33107
33106
30399
33096
30398
33086
30397
33076
30396
33066
30395
33056
30394
33046
30393
33036
30392
33026
30391
33016
30390
33006
30389
32996
30388
32986
30387
32976
30386
32959
30385
32949
30384
32934
32935
32918
32917
32906
30383
32907
32908
32919
32936
32952
32962
32963
32953
32940
32941
32942
32943
32944
32954
32969
32970
32971
32955
32945
30637
32929
32930
32912
32913
32914
32932
32931
32946
32956
32972
32973
32957
32947
30638
32958
32948
35291
35290
32933
30636
32916
35289
32905
32915
32904
32888
32889
32872
32873
32857
32856
32847
32846
32855
32871
32870
32854
32853
32869
32868
32884
32885
32886
32887
32903
32902
32901
32900
32899
32883
32882
32898
32911
32928
32927
32926
32925
32924
32923
32910
32922
32939
32921
32938
32937
32920
32909
30635
32891
32892
32893
32894
32895
32896
32897
32881
32880
32864
32865
32866
32867
32852
32843
32834
32825
32816
32805
32795
32785
32776
32777
32787
32786
32796
32797
32798
32808
32807
32806
32817
32818
32827
32826
32835
32844
32845
32836
32837
32838
32829
32828
32819
32820
32809
32799
32789
32779
32788
32778
32762
32761
32760
32742
32726
32710
32688
32687
32686
32699
32709
32724
32725
32741
32740
32758
32759
32775
32774
32773
32757
32739
32723
32722
32738
32756
32772
32771
32770
32754
32755
32737
32721
32720
32736
32735
32753
32752
32751
32750
32733
30629
32716
30628
32706
32705
32695
32696
32697
32707
32717
30630
32734
32718
32719
32708
32698
32682
32683
32666
30624
32650
32649
32648
32681
32680
30625
32665
32664
32679
32678
32663
32646
32638
32622
32621
30368
32637
30369
32645
30370
32662
30371
32677
30372
32694
30373
32704
30374
32714
32715
32732
32731
32747
32748
32749
30631
32766
32782
32792
32802
32803
32793
32783
32767
32768
32769
32784
32794
32804
30632
32815
32824
32833
32842
32851
32862
32863
32879
32878
32877
32861
32860
32876
32875
30634
30633
32859
32850
32841
32832
32823
32814
32813
32812
32890
32874
32858
30382
32849
30381
32840
30380
32831
30379
32822
30378
32811
32801
30377
32791
30376
32781
30375
32765
38100
38111
38110
38099
38086
35748
38069
38070
38087
38088
38055
38039
38023
38022
38021
38010
38011
37999
38000
38001
38012
35744
35743
35742
35741
37979
37978
37990
37989
37988
37987
37998
38009
38020
38019
38008
37997
37986
37974
37962
37948
37949
37950
37951
37965
37964
37963
35740
37975
37976
37977
37966
37967
35738
37954
37953
37952
37934
37933
37932
37920
35734
37908
37907
37919
37931
37947
37946
37945
37996
37985
37973
37961
35737
37944
35736
37930
37918
35733
37906
37894
37884
37875
37865
37851
37850
37849
37832
37833
37834
37820
37807
37794
37779
37778
37763
37764
37780
37781
37782
37766
37765
37748
37747
37730
37729
37746
37762
37761
37760
37744
37745
37728
37716
37703
37702
37688
37687
37701
37713
37714
37715
37727
37726
37743
37759
37758
37774
37790
37791
37792
37775
37776
37777
37793
37806
37819
37831
35726
37818
37817
37805
37804
37803
37816
37829
37846
37863
37873
37882
37892
37903
37914
37904
37915
37916
35735
37927
37941
37940
37957
37958
35739
37970
37971
37983
37982
37993
38004
38015
38003
38014
38026
38025
38041
38057
38075
38091
38102
38113
38112
38101
35499
38090
35498
38074
38056
38040
38024
38013
35497
38002
35496
37991
35495
37980
35494
37968
37955
37992
37981
37969
37956
37939
37926
37938
35493
37925
37913
37902
37891
35492
37881
35491
37872
35490
37862
35489
37845
35488
37828
35487
37815
35486
37802
35485
37789
35484
37773
37757
37741
37742
37725
37724
37712
35483
37699
37700
37686
37685
35482
37672
35718
37659
37658
35481
37644
35480
37630
35479
37616
37617
37590
37577
37564
37550
37536
37537
37551
37565
37552
37566
37579
37580
37593
37592
37578
37591
35715
37603
37604
37618
37632
37631
37645
37646
37660
37673
37674
37661
37662
37675
37689
37690
37676
37663
37649
37648
37647
37633
37634
37635
37621
37620
37619
37605
37606
37594
37595
37607
37608
37609
35716
37622
37636
37650
37664
37677
37691
35719
37704
37717
37731
37732
37749
37750
37733
37734
37735
37752
37751
37767
37768
35725
37783
37796
37795
37808
37821
37838
37839
37822
37809
37810
37823
37840
37857
37856
35728
37867
37868
37858
37841
37842
37859
37869
35729
37879
37889
37888
37887
37878
37877
37886
35730
37876
37866
37855
37854
37837
37836
37835
37852
37853
37885
37895
37896
37897
37909
37898
37899
37911
37910
37921
37922
37935
37936
37937
40730
37924
37923
37912
37900
35732
37901
40729
37890
37880
37871
37870
37860
37843
37861
37844
40728
37827
37826
37825
37824
37811
37812
37813
37814
40727
40726
37801
37800
37799
37798
37797
37784
37785
37786
37787
37788
37772
37771
37770
35724
37755
35722
37739
35723
37756
32408
32398
30360
32388
30359
32378
30358
32368
30357
32369
32379
32389
32399
32409
32410
30611
32427
32411
32400
32390
32380
32370
32360
32351
32341
32331
32321
32311
32302
32292
32291
32281
32293
32303
32312
32322
32332
32342
32352
32361
32371
32381
32391
32401
32412
30612
32428
32413
32414
32415
32416
32431
32430
32429
32447
32464
32446
32445
32462
32463
32480
32479
32496
32495
32494
32510
32520
32529
32538
32537
32528
32519
32509
32493
32492
32475
32458
32459
32476
32460
32477
32478
32461
32444
32443
32442
32441
32426
32425
32440
32457
32474
32491
30361
32508
30362
32518
30363
32527
30364
32536
30365
32545
32554
30366
32570
30367
32587
32604
32605
32588
32606
32607
32623
30623
32647
32639
32624
32625
32608
32590
32574
32573
32572
32589
30620
32571
30619
32555
32556
32546
32547
32557
32558
32559
32560
32561
32575
32576
32593
32592
32591
32609
32626
32627
32610
32611
32612
32613
32594
32595
32578
32577
32562
32563
32564
32579
32596
32614
32631
32630
32629
32628
32651
32652
32667
32684
32685
32668
32653
32654
32669
32670
32655
32640
32641
32642
32643
32658
32657
32656
32671
32672
32673
32690
32689
30626
32700
30627
32701
32702
32712
32711
32727
32743
32744
32728
32729
32730
32713
32703
32693
32692
32691
32674
32659
32660
32675
32676
32661
32644
30622
32636
32635
32620
32602
32601
32600
32617
32618
32619
32634
32633
32632
30621
32616
32615
32597
32580
32581
32598
32599
32582
32583
32584
32585
30618
32552
32551
32568
32567
32566
32565
30617
32548
32539
32530
32531
32522
32521
32511
32502
32501
32483
32500
32499
32498
32497
32481
32482
32465
32448
32449
32466
32450
32451
32433
32432
32417
32402
32418
32419
32420
32435
32434
32452
32469
32468
32467
32484
32485
32486
32503
32512
32513
32523
32532
32541
32540
30616
32549
32550
32542
32533
32524
30613
32515
32506
32507
32490
32473
32472
32489
32505
32514
32504
32487
32488
32471
32470
32453
32454
32436
32437
32438
32455
32439
32456
35276
35277
35278
35279
32517
32516
32525
32526
32535
32534
30614
30615
32543
32544
32553
32569
32586
32603
35280
27489
25510
27473
27465
25509
27456
25508
27447
25507
27438
25506
27423
25505
27413
25504
27403
25503
27393
25502
27383
25501
27372
27354
27355
27373
27374
27356
27357
27340
25696
27323
25695
27314
27315
27324
27341
27358
27376
27375
27384
27394
27404
27414
25700
27424
27415
27405
27395
27385
27359
27360
25698
27361
27343
27342
25697
27325
27326
27327
27328
27329
27330
27346
27345
27344
27362
27363
27364
27365
27366
27378
27379
27388
27398
27408
27407
27417
27432
27433
27442
27441
27440
27449
27450
27451
27459
27460
27469
27484
25702
27468
27458
27467
27483
27482
27481
27480
27479
27478
27490
27503
27502
27501
27500
27499
27515
27522
27529
27536
27544
27553
27566
27573
27583
27601
27619
27620
27621
27622
27623
27624
27625
25706
27635
27636
27637
27646
27647
27638
27639
27630
27631
27640
27641
27648
30146
30147
27655
27662
30148
30149
27669
27676
30150
30151
27683
27690
25707
25708
27697
27706
27705
27704
27696
27689
27695
27703
25709
27712
27713
27721
27720
27738
27755
27771
27770
27754
27753
27752
27735
27736
27737
27719
27711
27702
27694
27687
27688
27681
27682
27675
27668
27667
27660
27661
27654
27653
27652
27645
27644
27651
27658
27659
27666
27673
27674
27680
27665
27672
27679
27686
27693
27701
27710
27718
27734
27751
27767
27768
27780
27791
27769
27781
27792
27810
27827
27826
27809
27808
27825
27824
27807
27806
27823
27822
27839
27838
27837
27836
27819
27820
27821
27805
27804
27803
27802
27801
27790
25714
27779
27762
27761
27778
27789
27788
27777
25530
27776
27787
27798
27815
27832
27858
25531
27867
25532
27876
25533
27885
25534
27902
27903
27904
27895
27894
25720
27886
27877
27868
27869
27860
27859
25719
27850
27849
25718
27833
27816
27799
27800
27818
27817
27834
27835
27851
27852
27861
27870
27878
27879
27888
27887
27896
27905
25721
27914
27922
27931
25725
27945
27963
27962
27980
27981
27982
25726
27983
25727
25728
28020
28009
28008
28019
28018
28017
28006
28007
27998
27997
27979
27978
27996
28005
28016
28015
28025
25536
28014
28003
27994
28004
27995
27977
27976
27958
27959
27960
27961
25724
27930
27929
27921
27913
27912
27911
25535
27920
27927
27928
27944
27943
35305
33115
33133
33114
33132
33131
33130
30640
33147
33148
33149
33167
33166
33165
30641
33174
33175
33183
35306
35307
33191
33182
33190
30642
33198
33199
35308
33208
33207
33206
30644
33214
33215
33231
33248
35309
35310
33254
33253
33247
30646
33230
30645
33246
33245
33244
33228
33229
33213
33205
33197
33189
33181
33173
33164
33163
33162
33146
33145
33127
33126
33125
33143
33158
33159
33144
33160
33161
33172
33180
33188
33196
33204
33212
33227
33243
33252
33258
33264
33270
33276
33282
33290
33299
30653
33310
33327
33326
33325
33324
33340
33341
33342
33343
33344
33328
33311
33300
33312
33329
33330
33313
33314
33331
33347
33346
33345
33355
33356
33374
33373
33372
33371
33389
33390
33391
33408
33407
33418
33432
33442
33458
33457
33456
33482
33483
33500
33501
33518
33517
33516
33499
33498
33481
33480
33479
33496
33513
33530
33497
33515
33514
33531
33532
33533
33550
33549
33548
33565
33580
33597
33615
33616
33617
33618
33600
33599
33598
33581
33582
33566
33567
33583
33584
33568
33551
33534
33535
33552
33536
33537
33520
33519
33502
33503
33486
33485
33484
33467
33459
33460
33468
33469
33470
30661
33487
30662
33504
30663
33521
30664
33538
30665
33555
30666
33572
35326
35325
35324
35323
35322
35321
35320
35319
33461
30660
33444
35318
33436
33420
35317
35316
33376
30656
33393
33411
33410
33435
33443
33433
33434
33419
33409
33392
33375
33357
33358
35315
33348
33332
33315
33303
35314
33294
33286
33278
33293
33302
33301
33292
33291
30651
30649
33283
33284
33285
33277
30647
33271
33265
33259
33260
35311
35312
33266
33272
35313
28077
28086
28095
28104
25539
28113
25540
28123
25541
28133
28143
28160
25542
28175
25543
28184
28193
28194
28203
28204
28205
28206
28207
28208
28196
28197
28188
28187
28186
28195
25735
28185
28176
28161
28144
28134
28124
28114
25733
25732
25731
25730
25729
28068
28059
25538
28050
25537
28033
28034
28035
28036
28037
28038
28026
28027
28028
28040
28041
28042
28054
28063
28072
28081
28090
28099
28108
28118
28128
28138
28151
28150
28137
28127
28117
28116
28106
28107
28098
28089
28097
28088
28079
28080
28071
28062
28061
28052
28053
28039
28051
28060
28069
28070
28078
28087
28096
28105
28115
28125
28126
28136
28149
28166
28165
28164
28147
28148
28135
28146
28145
28162
28163
28177
28178
28179
28167
28168
28169
28152
28153
28139
28129
28119
28109
28100
28091
28082
28073
28064
28055
28045
28044
28043
28029
28021
28010
27999
27986
27985
27984
27966
27965
27964
27947
27946
27932
27933
27934
27935
27948
27967
27949
27936
27950
27951
27938
27937
27923
27915
27906
27897
27889
27880
27871
27862
27853
27840
27841
27842
27843
27844
27854
27863
27872
27881
27890
27898
27907
27916
27924
27939
27940
27953
27971
27989
27988
27970
27952
27969
27968
27987
28000
28011
28022
28030
28046
28047
28056
28065
28074
28083
28092
28101
28110
28120
28130
28140
28157
28156
28155
28154
28171
28170
28180
28189
28198
28212
28211
28210
28209
28225
28238
28239
28255
28254
28253
28237
28224
28223
28236
28252
28235
28234
28250
28251
25740
25741
28266
28267
28268
28279
28278
28277
25742
28289
25743
28301
25746
28302
28290
28291
25744
28303
28304
28269
28280
28292
28305
28306
28307
28293
28281
28270
28258
28257
28256
28240
28241
28242
28226
28213
28227
28243
28259
28260
28244
28245
28228
28215
28214
28199
28190
28181
28172
28173
28182
28191
28200
28216
28217
25736
25739
28261
28246
25737
28229
28218
28201
28192
28183
28174
25734
28158
28159
28141
28131
28121
28122
30181
30182
28132
28142
30183
30184
30185
30186
30187
30188
28219
28230
25738
30189
28262
30190
28273
28272
28284
30191
30192
28296
28312
28311
28295
28283
28271
28282
28294
28308
28323
28309
28310
28325
28324
25748
28336
28353
28352
28351
28335
28322
28321
28350
28367
28368
28369
28370
28387
28404
28415
28427
25754
28426
28443
28444
28445
28428
28446
25755
28429
28416
28406
28405
25752
28388
25751
28371
25750
28354
25749
28337
28326
28327
28338
28355
30193
30194
28372
28389
30195
30196
30197
28417
28430
28447
30198
30199
25756
28491
28508
30200
30201
28525
28542
30202
30203
28552
28551
28541
25761
28524
28523
25760
28506
25759
28507
28490
28477
28464
28463
28476
28489
28488
28505
28487
28475
28462
28461
28474
28473
28460
28459
28442
28441
28425
28413
28400
28401
28414
28402
28403
28386
28385
28384
28383
28382
28365
28364
28347
28348
28366
28349
28334
28320
28319
28318
28317
28333
28346
28363
28362
28345
28332
28331
28316
28288
28287
28276
28265
28249
28233
28222
28221
28202
25544
28220
28232
28231
28247
28248
28264
28263
28274
28275
28286
28285
28297
28298
28299
28300
25745
28315
25747
28330
28342
28341
28358
28357
28340
28329
28314
28313
28328
28339
28356
28373
28390
25545
28407
28418
28431
28448
25546
28465
28466
28449
28450
28432
28419
28408
28391
28374
28375
28392
28393
28376
28359
28360
28343
28344
28361
28378
28379
28380
28381
28399
28398
28397
28412
28424
28438
28437
28423
28422
25753
28410
28411
28396
28395
28377
28394
28409
28421
28420
28433
28434
28435
28436
28453
28452
28451
28467
28481
28480
28479
28478
28492
28509
28526
28527
25762
28543
28554
28553
25547
28569
25548
28581
25549
28593
28594
25764
28605
25550
28616
28617
28629
28628
25551
28640
28641
28655
28654
25552
28671
28672
28689
28688
28702
28703
28719
28720
28736
28718
28735
28747
28748
28759
28760
28761
28762
25776
28774
28787
28775
28749
25774
28737
25773
28721
28722
28705
28704
28690
28673
28656
28642
28643
28630
25765
28618
28606
28607
28608
28609
28621
28633
28646
28632
28620
28619
28631
28644
28645
28659
28660
28677
28661
28662
28663
28679
28678
25769
28709
28708
28707
28694
28676
28675
25768
28658
28657
28674
28691
28692
28693
25771
28706
28724
28723
28738
28750
25775
28763
28776
28788
25778
25780
28800
25781
28813
28827
28840
28841
28828
28814
28801
28789
28777
28764
28751
28739
28725
28726
28727
28728
28710
28711
28729
28740
28752
28765
28766
28753
28754
28767
25777
28780
28792
28793
28794
28807
28820
28819
28806
28805
28818
28817
28804
28791
25779
28779
28778
28790
28802
28803
28816
28815
28829
28842
28843
28830
28831
28844
28845
28846
28832
25782
28833
28847
28861
28875
28888
28887
28901
28915
28916
28917
28903
28902
28889
28890
28876
30221
30222
28904
28918
30223
30224
28935
28934
28933
28945
28946
28947
30225
30226
28959
28958
28970
28971
30227
30228
28983
28982
28998
28999
29017
29016
29035
30229
29052
29051
29034
29033
25792
29050
29064
29065
29066
29080
29089
30230
30231
29098
29113
29122
30232
24378
20667
24368
20666
24369
24370
24354
24353
24344
24328
24329
24330
24331
24332
20940
24303
24304
24335
24334
24333
24357
24356
24345
24355
24371
24381
24392
24409
24410
24393
24394
24411
24428
24427
24426
24444
24459
24476
24475
24491
24499
20946
24507
20947
24515
24514
24513
24505
24497
24506
24498
24490
24489
24473
24474
24457
24458
24443
24442
24425
24408
24391
24380
24379
24389
24390
24407
24406
24388
24405
24422
24423
24424
24441
24440
24439
24454
24455
24456
24472
24471
20668
24488
20669
24496
24504
24512
24520
24521
20948
24537
24538
24522
24523
24539
24546
24547
24555
24564
24573
24581
24580
24572
24562
24563
24554
24553
24545
20670
24544
20671
24552
20672
24561
20673
24570
24571
20950
24579
20674
24587
30245
29351
29341
30244
30243
29332
29331
29340
29339
29330
29320
29321
29322
30242
30241
29312
29302
29301
29311
29310
29300
29291
29281
29270
29271
29282
29292
30240
30239
30238
30237
29260
29249
29232
29231
29221
29222
30236
30235
29205
29188
29187
29204
29203
25811
29220
25812
29230
29247
29248
29259
29258
29257
29268
29269
29280
29290
29289
25816
29299
29298
29287
29288
29279
29278
29277
29267
29256
29246
29245
29244
29228
29229
29219
29218
29217
29216
29199
29198
29215
29214
29197
29196
29213
29195
29212
29211
29194
29193
29210
29209
29192
29183
25808
29174
29191
29190
29182
29181
29172
29173
29157
29156
29147
29148
29140
29139
29123
29124
29116
29115
29114
29099
29090
25557
29081
29067
29053
29054
29055
29069
29068
29082
29091
29100
29101
29102
29092
29083
25797
25795
25793
29040
29041
25794
29042
29024
29023
29022
29004
28988
29003
29002
29020
29021
29039
29038
29037
29036
29018
29019
29001
29000
28984
28985
28986
28987
28975
28963
28951
28939
28938
28950
28949
28961
28962
28974
28973
28972
25556
28960
28948
28936
28937
28920
28919
28905
28906
28907
28921
28922
28923
28924
25788
28940
28925
28926
28941
28953
28952
25789
25790
28964
28965
28977
25791
28976
28989
29005
29006
29007
29026
29025
29043
29056
29070
25796
29084
29093
25799
29103
29104
29105
29106
29107
29108
29109
29110
29111
29120
29136
29144
29145
29154
29153
29152
25804
29135
29134
29119
29118
29133
29132
29131
29130
29129
29128
29127
29126
25802
25800
25798
29117
25801
29125
25803
29141
25805
29149
25806
29158
25807
29159
29160
29161
29162
29163
29164
29165
29150
29142
29143
29151
29166
29167
29176
29175
25809
29184
25810
29200
29201
29202
29186
29185
29177
29168
29169
29178
29179
29170
29180
30234
29171
29155
30233
29146
29138
29137
29121
29112
29097
29096
29087
29088
29079
29078
29063
29077
29095
29094
29085
29086
29076
29075
29074
29073
29072
29071
29057
29044
29045
29058
29059
29046
29027
29009
29008
28990
28991
28992
28993
29011
29010
29028
29029
29047
29060
29061
29062
29049
29048
29030
29031
29013
29012
28994
28995
28996
29014
29032
29015
28997
28981
28980
28979
28978
28966
28954
28955
28967
28968
28969
28957
28956
28944
28932
28914
28899
28900
28886
28885
28871
28872
28873
28874
28860
28859
28858
28857
28856
28870
28884
28898
28912
28913
25787
28930
28931
28943
28942
28929
28928
28927
28911
28897
28883
25786
28910
28896
25785
28882
25784
28869
28855
28854
25783
28868
28867
28881
28895
28909
28908
28894
28893
28892
28891
28877
28878
28879
28880
28866
28865
28851
28852
28853
28839
28838
28837
28836
28850
28864
28863
28849
25555
28835
25554
28823
28822
25553
28809
28810
28811
28824
28825
28826
28812
28799
28798
28786
28785
28773
28772
28784
28797
28796
35346
35347
33948
30682
30684
35348
35349
35350
35351
34009
34018
35352
35353
34027
34037
35354
35355
34047
34063
30690
34062
34079
34078
34088
34089
34090
34108
35356
35357
35358
34152
34151
34141
34124
30692
34107
34106
34087
30691
34077
34059
34044
34043
34033
34034
34035
34045
34060
34061
34046
34036
34026
34025
34024
34023
34014
34015
34016
34017
34008
34007
34006
30685
33990
33989
33988
34005
33987
34004
34003
33986
33985
34002
34001
33984
33983
33973
33972
33965
33958
33964
33971
33995
34021
34012
33998
33997
33980
33981
33982
33999
34000
34013
34022
30686
34032
34042
34051
34052
34053
34054
34055
34056
34057
34058
34076
34086
34103
34104
34105
34123
34122
34138
34139
34140
34150
34149
34159
34175
34185
34194
34174
34184
34193
34202
34210
34220
34229
34201
34209
30698
34219
34218
34227
34228
34237
34236
34245
34246
34255
34254
34262
34263
34270
34269
34278
34279
34288
34287
30708
34295
34296
30709
34313
34297
34298
34314
34315
34299
34300
34316
34317
34318
34301
34302
34303
34289
34280
34271
34264
34256
34247
34238
34239
34230
34221
34211
34203
34212
34222
34231
34240
34249
34248
34257
34265
30706
30707
34281
34282
34291
34307
34306
34322
34323
34330
34336
34342
34349
34356
34362
34369
34370
35374
35373
34363
34357
35372
35371
34350
34343
35370
30712
35369
34324
34308
35368
34283
34274
34273
34272
34266
34258
30702
34250
34241
34232
34223
34213
34205
34204
34195
34196
34187
34186
34176
34160
34161
34162
35359
34178
34177
34188
35360
35361
34197
34206
35362
35363
34214
34224
35364
35365
34233
34242
35366
35367
34251
34259
30704
29189
29206
25558
29223
25559
29233
29250
25560
29261
25561
29272
25815
29283
29273
29274
29284
29294
25562
29293
25563
29303
25564
29313
25565
29323
25817
29333
29324
29325
29334
29335
29326
29316
29306
29315
29314
29304
29305
29295
29296
29285
29275
29264
29263
29262
29252
29251
29234
25813
29224
29207
29208
29225
29226
29235
29253
29236
29237
25814
29238
29239
29240
29241
29242
29227
29243
29254
29255
29266
29265
29276
29286
29297
29307
29308
29309
29319
29329
29328
29318
29317
29327
29336
29337
29338
29348
29347
29346
29356
29367
29383
29368
29357
29358
29369
29370
29386
29387
29371
29359
29349
29350
29360
29361
30246
30247
29372
29388
29400
29399
25824
29416
29432
29431
29447
29446
29445
25826
29463
29462
29461
29460
29444
29427
29443
29459
29458
29442
29441
29457
29456
29440
29439
29423
29407
29424
29408
29409
29425
29426
29410
29411
29412
29428
29429
29413
29414
25825
29430
29415
25823
29398
29397
29385
29384
29396
29395
25822
29382
29381
29380
29379
25821
29378
29377
29376
25820
29366
29355
29345
29344
29343
25566
29342
29352
25567
29362
29363
29364
29353
25818
29354
29365
25819
29375
29392
29393
29394
29406
29422
29438
29437
29436
29420
29421
29405
29404
29391
29390
29374
29373
29389
29401
29417
29418
29402
29403
29419
29435
29434
29433
29451
29468
29452
29453
25828
29454
29455
29469
29476
29481
29486
29491
29496
29495
29490
29485
29480
25830
29475
29474
29467
29450
29449
29466
25568
29473
29479
25569
29484
25570
29489
25571
29494
29500
29499
25572
29515
25573
29520
29525
29531
29537
29543
25574
29549
25575
29555
29561
25576
29577
29562
29563
29556
29550
29544
25837
29538
25836
29532
25835
29526
25834
29521
29516
29501
29502
29503
29504
29505
29517
29522
29527
29533
29539
29545
29551
29557
29566
29567
29583
29584
29568
29569
29585
29603
29604
29586
29570
29571
29572
29573
29589
29588
29606
29587
29605
29619
29618
29617
29633
29632
29616
29602
29601
29600
29582
29565
29564
25838
25839
29580
29581
29599
25841
29598
29597
29596
29579
29578
29595
29594
29593
29609
29610
29611
29612
29628
29629
29643
29644
29645
29646
29630
25842
29613
29614
29615
29631
29647
29648
29649
29650
29634
29635
29651
29652
29653
29654
29660
29664
29668
29684
29683
29682
29681
29680
29679
29678
29677
29676
29675
29674
29673
29672
29667
25846
29663
25845
29659
25844
29642
25843
29627
29626
29625
29641
29657
29658
29662
29661
29666
29665
29669
25577
29685
29691
25578
29708
29692
29709
29717
25851
29734
29735
25852
29736
29737
29753
29752
29769
29777
29794
29793
29776
29768
29767
29775
25855
29792
25854
29766
29750
29751
29733
29716
25579
29732
29749
25580
29765
25581
29774
29791
29801
29828
29835
29834
29827
29826
29833
25582
29840
25583
29848
29849
29857
25861
29873
29874
29881
29880
29886
29892
29893
29899
29900
29894
29887
29888
29882
29875
29859
29860
29861
29862
29863
29864
29865
29866
29867
29868
29869
29852
29844
29845
29854
29853
25860
29870
29871
29878
30274
30273
29872
29855
30272
30271
30270
29839
29847
29846
29837
29836
29829
29830
29838
29831
29832
30269
30268
29825
29824
29823
29822
25857
29805
29804
29821
29820
29819
29818
29817
29816
29815
29814
25856
29778
29779
29780
29781
29782
29783
29784
29785
29786
29795
29796
29787
29788
29798
29797
29806
29807
29808
30267
30266
29799
29790
29789
29772
29762
29771
29770
25853
29760
29761
29745
29746
29747
29763
29773
29764
29748
29731
29715
30265
30264
29707
29706
25849
29705
29714
29730
29729
29713
29712
29728
29727
29726
29743
29744
29759
29758
29757
29756
29740
29741
29742
29725
29724
29723
29722
29739
29755
29754
29738
29721
29720
29719
29718
25850
29711
29710
29693
29687
29686
29670
29671
29688
29694
29695
29696
29697
29698
29699
29700
29701
29702
29703
29704
29689
29690
25848
25847
30263
30262
30261
30260
29656
29655
29638
29639
29640
29624
25840
29592
29623
29622
29621
29637
29636
29620
29607
29608
29590
29591
29576
29575
29574
29558
29559
29560
30259
30258
29554
29548
30257
30256
29542
29536
30255
30254
29530
29529
29535
29541
29547
29553
29552
29546
29540
29534
29528
29523
29506
29507
29508
29509
29510
29511
29512
29513
29497
29514
29518
29519
29524
25833
25832
25831
29498
30253
30252
29493
29488
30251
30250
29483
29492
29487
29482
29477
29470
29464
29471
25829
29478
29472
30249
29465
25827
29448
30248
24687
20677
24695
24704
24713
24714
24705
24696
24688
24680
24679
24670
20676
24653
24635
24618
24611
24612
24613
24620
24619
24636
24654
24671
24672
24673
20956
24681
24689
24697
20958
24706
20959
24715
20960
24724
24732
24731
24723
24722
24730
20678
24738
20679
24746
20680
24754
24763
24762
20681
24769
20682
24785
20683
24801
20684
24818
24825
20685
24831
24832
24833
24827
24826
24819
24802
24803
24787
24786
24770
20968
24771
20969
24772
24764
20966
24756
24755
24747
24739
24740
24748
24757
24749
24741
24733
20962
24725
24716
24707
24698
20957
24657
24656
24655
24637
24638
24639
24622
24623
24640
24658
24659
24660
24661
24643
24644
24662
24663
24645
24646
24664
24665
24647
24630
24629
24628
24627
24626
24625
24642
24641
24624
20953
24621
24614
24605
24604
24603
20675
24596
24597
24588
24589
24606
24607
24599
24598
20951
24590
24591
24582
24574
24565
24556
24548
24540
24524
24525
24526
24527
24528
24529
24530
24531
24532
24533
24508
24516
24534
24541
24549
24557
24566
24575
24576
24577
24578
24585
24584
24583
24592
24600
24608
24609
24616
24615
24632
24631
24648
24649
20955
24666
24675
24674
24682
24683
24684
24685
24677
24669
24668
24676
24667
24650
24633
24651
24652
25344
25345
24678
24686
25346
25347
24694
24703
25348
25349
24712
25350
24721
24729
20961
24720
24711
24710
24701
24702
24693
24692
24691
24690
24699
24700
24709
24708
24717
24718
24719
24728
24727
24735
24726
24734
24742
24743
24751
24750
24758
20967
24765
24759
24760
24752
24744
24736
20963
24737
25351
24745
24753
20964
20965
24761
24768
24784
24783
24767
24766
24782
24799
24800
24817
24824
25352
25353
24830
24836
25354
25355
24841
24846
20973
24840
24839
24834
24835
24829
24828
24822
24823
24816
24815
24798
24797
24814
24813
24796
24781
24795
24780
24779
24794
24812
24811
24810
24793
24778
24777
24792
24809
24808
24791
24790
24807
24806
24789
24776
24775
24774
24773
24788
24805
24804
20970
24820
24821
20971
20972
24850
24866
24867
24851
24852
24868
24885
24902
24901
24884
20975
24883
24882
24864
24865
24849
24844
24838
24837
20686
24842
24843
24848
24847
24863
24881
20687
24899
24900
24917
20688
24916
20689
24920
20690
24937
20691
24942
24947
24948
24943
24944
24939
24938
24921
20976
24922
24923
24924
24925
24926
24927
24928
24929
24908
24907
24906
24890
24889
24888
24905
24904
24903
24886
24887
24869
24853
24854
24870
24871
24855
24872
24856
24857
24858
24874
24873
24891
24892
24909
24910
24930
24931
24932
24933
24934
24935
24940
24945
20977
24961
24966
24972
24978
20979
24995
24996
25363
25362
24979
24973
25361
25360
24967
24962
25359
25358
24946
24941
25357
24936
24918
24919
25356
24915
24898
24880
24879
24878
24896
24897
24914
24913
24912
24911
24895
24894
24893
24875
24859
24860
24876
24877
24861
24845
20974
24862
19909
19910
19940
19941
19958
19957
19967
16003
16002
19968
19969
19970
19971
19972
19973
19974
19983
19999
19998
19997
19996
19995
19994
19993
19992
19991
19990
19982
19956
19955
19966
19981
19989
20005
20006
20007
20014
20013
20012
20019
20020
20021
20029
20028
20036
20034
20051
20059
25364
25365
25366
20981
25367
25032
25036
25368
25369
25040
25039
25035
25031
25028
25025
25022
25019
25016
20980
25013
25012
25011
25010
25009
25008
25007
25006
25005
25004
24988
24989
24990
24991
24992
24993
24994
24977
24971
24965
24960
24959
24958
24957
24956
24955
24954
24953
24952
24951
24950
24949
20978
24970
24976
24969
24964
24963
20692
24968
20693
24974
24975
24981
24982
24983
24999
25000
24984
24985
24986
24987
25003
25002
25001
25024
25021
25018
25015
24998
24980
24997
20694
25014
20695
25017
20696
25020
20697
25023
20698
25026
20699
25029
25027
25030
25034
25038
20700
25033
20701
25037
20702
25041
25042
20982
25045
20703
25048
25049
25052
25055
20704
25051
20705
25054
20706
25057
25058
20984
25060
25063
20707
25062
20708
25065
20709
25068
25071
25088
25105
25107
20710
25125
20711
25127
20712
25129
20713
25131
20714
25133
20715
25135
20716
25137
25139
20717
25108
25109
25110
25111
25112
25113
25114
25115
25116
25117
25118
25119
25120
25121
25122
25123
25126
25128
25130
25132
25134
25136
25138
25140
25389
25388
25387
25386
25385
25384
25383
25382
25124
25106
25381
25380
20985
25104
25103
25102
25101
25100
25099
25098
25097
25096
25095
25094
25093
25092
25091
20986
25090
25089
25072
25069
25066
25073
25074
25075
25076
25077
25078
25079
25080
25081
25082
25083
25084
25085
25086
25087
25070
25067
25064
25061
25059
25056
25053
25050
20983
25047
25046
25043
25044
25370
25371
25372
25373
25374
25375
25376
25377
25378
25379
20157
20152
20187
20186
20185
20184
20183
20182
20181
20180
20179
20178
20177
20176
20193
20197
20213
20216
16020
20198
20199
20200
20201
20202
20203
20204
20205
20206
20207
20208
20209
20210
20194
20188
20189
20190
20172
20191
20195
16019
20211
20214
20217
20219
20221
20223
20225
20227
20229
20231
20233
20235
20501
20500
20499
20498
20497
20496
20495
20494
20493
20492
20491
20490
20489
20488
20487
20174
20173
20168
20167
20163
20164
20159
20160
20165
20169
20486
20485
20484
20155
20483
20482
20150
20145
20481
20141
20124
20480
20479
20118
20123
20122
20139
20140
20144
20149
20154
20158
20153
20148
20143
20138
20137
20136
20135
20134
20133
20132
20131
20130
20129
20128
20127
16016
20121
20120
20108
20107
15731
20101
15730
20085
20102
20086
20075
20076
16012
20069
20061
16010
20053
16009
20037
20038
20039
20040
20041
20042
20043
16014
20088
20089
20090
20091
20092
20093
20094
20095
20096
20097
20098
20099
20104
20110
20116
20117
20111
20105
20106
20112
20478
20477
20476
16015
20084
20100
20083
20077
16013
20070
16011
20062
20063
20071
20072
20078
20079
20073
20475
20066
20065
20064
20056
20048
20031
20032
20049
20057
20058
20474
20473
20050
20033
20472
20471
20025
20024
20023
20030
16008
20047
20055
20054
20046
20045
20044
20022
20015
20016
20008
16006
20000
16005
16004
19975
19960
19959
16001
19948
19949
19950
19951
19961
19962
19963
19978
19986
19987
19979
19964
19953
15999
19936
15998
19919
20467
20466
19908
19907
19895
19883
19882
19870
19871
19884
19896
20465
20464
20463
19872
19855
19854
19853
19843
19832
19831
19816
19799
19800
19801
20462
19790
19789
19779
19769
19768
19767
19758
15983
19757
19766
19776
19777
19778
19788
19787
19786
15987
15986
15985
19756
19741
19740
19755
19739
19738
19737
19754
19753
19736
19752
19751
19750
19735
19734
19724
15981
15980
19693
19685
19684
19683
19691
19692
19699
19700
19701
19709
19708
19716
19715
19722
19723
19731
19730
19746
19747
19762
19772
19782
19792
19793
19783
19784
19774
19773
19763
19764
19748
19732
19733
19749
19765
19775
19785
19795
19794
19805
19806
19823
19822
19821
19804
19803
19802
15722
19791
15721
19781
15720
19771
15719
19761
15718
19745
19729
19721
19714
19707
19706
15717
19698
15716
19690
15715
19682
15714
19674
15713
19657
19658
19641
19633
15978
19642
19659
19675
19676
19677
19660
19661
19643
19634
15976
19625
19624
19623
19607
19608
19598
19588
19579
19569
19559
19549
19548
19558
19568
19578
15974
19587
19597
15710
19596
19606
15711
19622
19632
15712
19640
25343
24634
20954
24617
25342
25341
24610
24602
20952
24601
24593
24594
24595
25340
24586
25339
25338
19577
15709
19567
15708
19557
15707
19547
15706
19528
19529
15973
19538
19539
19530
19513
19512
19511
19495
19496
19480
19479
19462
19463
19464
19465
19481
19482
19466
19449
19450
19467
19483
19484
19500
19501
19502
19503
19487
19488
19489
19490
19505
19504
19522
19521
19520
19519
19518
19517
19516
19499
19498
19497
19514
19515
15972
19531
19540
19550
19560
19570
19580
19589
19599
15975
19609
19610
19611
19612
19613
19614
19615
19616
19617
19627
19626
15977
19635
19636
19628
19618
19601
19600
19590
19581
19571
19582
19591
19583
19574
19575
19565
19555
19554
19544
19543
19553
19564
19563
19573
19572
19562
19561
19551
19552
19542
19541
19532
19533
19534
19524
19523
15971
19506
15970
19491
19475
19474
19473
19456
19455
19472
19471
19470
19486
19485
19469
19468
19451
19452
19453
19454
19428
19429
19430
19441
19442
19459
19460
19461
20439
20438
19444
19443
19434
19417
19435
19418
20437
20436
19409
19408
15963
19391
19392
20435
20434
19375
19365
20433
20432
20431
19335
19318
20430
19301
20429
15955
19282
20428
20427
19256
19239
20426
20425
19229
19218
19202
19201
19200
19185
19184
19199
19215
19216
19217
19228
19227
19226
19225
19214
19213
19224
19234
19235
15953
19252
19253
19254
19236
19237
19238
19255
19273
19272
19271
15954
19280
19281
19291
19300
19317
19334
19344
19345
19355
19354
19364
19374
19390
19373
19363
19342
19332
19341
19331
19330
19313
19329
19340
19350
19351
19361
19360
19370
19405
19404
19387
19386
19385
19402
19403
19427
19426
19425
19424
19423
19422
19413
15964
19412
19421
15966
19438
19439
19448
19447
19446
19445
19436
19437
15965
19395
19396
19397
19398
19399
19400
19401
19384
19383
19382
19381
19380
19369
19359
19349
19339
19322
15958
19338
15959
19348
15960
19358
15961
19368
19379
19378
19377
19394
19411
19420
19419
15705
19410
19393
19376
19366
19367
19357
19356
19346
19347
19336
19337
19321
19304
19284
19293
19303
19320
19319
15704
19302
19292
15703
19283
15702
19274
15701
19275
19258
19257
19240
19241
19230
25319
24201
24217
24233
24251
24267
24266
20938
24279
24296
24313
25320
24325
20941
25321
25322
25323
25324
25325
24404
20942
24387
24377
24367
24366
24350
24349
24348
24347
24346
24362
24372
24382
24400
24383
24373
24374
24363
24364
24365
24375
24376
24386
24403
24419
24420
24421
25326
25327
24453
25328
25329
25330
24495
24494
24487
24486
24493
24502
24510
24503
25331
25332
24511
24518
24519
25333
25334
25335
24536
24543
20949
25336
24560
25337
24569
24568
24567
24558
24559
24551
24550
24542
24535
24517
24509
24501
24500
24492
24485
24468
24450
24451
24469
24470
24452
24438
24437
24436
24418
24402
24385
24384
24401
20943
24417
24435
20945
20944
24434
24433
24432
24416
24399
24398
24415
24414
24431
24448
24449
24464
24465
24466
24467
24484
24483
24482
24481
24463
24480
24479
24462
24447
24446
24461
24478
24477
24460
24445
24429
24412
24430
24413
24397
24396
24395
24358
24359
24360
24361
24336
24337
24338
24320
24319
24307
24308
24291
24290
24289
24306
24305
24288
24287
24286
24285
24273
24272
24284
24302
24301
24318
24317
24300
24299
24316
24327
24343
24352
24351
24342
20665
24326
24314
24315
24298
24297
24280
20664
24268
24281
24269
24254
24270
20939
24282
24283
24271
24256
24255
24237
24236
24235
24253
24252
24234
24218
24202
24185
24168
24169
24154
24153
24138
24122
24123
24139
24140
24155
24170
24171
24172
24189
24190
24205
24206
24224
24225
24240
24239
24223
24222
24204
20934
24188
24187
24186
24203
24219
24220
24221
24238
24257
24258
24259
24241
24242
24260
20937
24261
24243
24228
24244
24245
20936
24274
24275
24262
24246
24263
24247
24248
24264
24277
24276
24292
24293
24310
24311
24322
24309
24321
24339
24340
24341
24323
24324
24312
24295
24294
24278
24265
24249
24250
24232
24216
24215
24231
24230
24229
24213
24214
24198
24197
20933
24180
20932
24181
24182
24199
24200
24183
24184
25318
25317
24167
24166
24165
24151
24150
24135
24119
24105
24092
24093
20925
24120
24136
24137
24152
25316
24121
24106
24094
25315
24077
25314
25313
24065
24053
24052
24039
24038
24026
24027
24028
24040
24041
25312
25311
24029
24017
25310
24006
23990
25309
19004
19021
19032
19033
19050
19049
19066
19067
19068
19085
19084
15697
19083
19093
19094
15938
15939
19104
19105
19096
19095
19086
19087
19071
19054
19053
19036
19037
19038
19055
19056
19057
19040
19039
18985
18984
18983
18982
18981
15931
18972
18971
18980
18997
18996
18995
15696
18978
15695
18969
18970
18955
18954
18936
18937
18938
18939
18929
18919
18920
15925
18930
18941
15928
18957
18942
18943
18958
18959
18944
18945
18946
18961
18960
18986
18987
18988
18989
18990
18991
18974
18973
15930
18963
18962
18947
18948
18949
18964
18965
18950
18951
18966
18975
18992
15932
19001
19000
18999
19016
19026
19027
19017
19018
19028
19029
19030
15935
19047
15936
19064
19065
15937
19082
20419
20418
20417
19048
19031
20416
20415
19020
19019
15933
19002
18993
19003
18994
18977
18976
18967
18968
18953
18935
18926
20414
20413
18916
18915
18905
18904
18914
18913
18912
18922
18923
18924
18925
18934
18952
18933
18932
18931
15926
18921
18911
18901
15924
18889
18879
18870
18871
18880
18881
18872
18873
18882
18891
18890
18902
18903
18892
18893
18894
18906
18895
20412
18885
20411
20410
18876
18875
18884
18883
18874
18863
18853
18843
18833
18834
18844
18854
18864
18865
18866
20409
20408
18856
18855
18845
18846
20407
20406
18836
18827
20405
20404
18810
18801
20403
20402
18792
18791
18790
18799
18808
18800
18809
18826
18835
18825
18824
15920
18823
18832
18842
18852
18862
18861
18860
18850
18851
18840
18841
18831
18830
18822
18806
18807
18798
18797
18788
18789
18781
18780
18772
18763
18773
18764
18754
18737
18738
18739
18756
18755
15915
18765
18774
15917
15919
18782
18783
18775
18766
18757
18740
20401
18730
20400
20399
18720
18710
20398
18700
18699
18683
18682
18698
18708
18707
18706
15910
18716
18717
18718
18709
18719
18729
18728
18727
18726
18736
18753
18752
18735
18725
18715
18705
18695
18694
18693
18679
18670
18661
18650
18640
18630
18620
18602
18603
18621
18604
18586
18585
18569
18570
18587
18605
18623
18622
18631
18641
18651
18662
18652
18653
18643
18642
18632
18633
18624
18634
18644
18654
18665
18664
18663
18672
18671
18680
15908
18696
18697
18681
18673
18674
15907
15905
15903
18655
20397
20396
18645
18635
20395
20394
18625
15899
18608
18607
18606
18588
18589
18590
18572
20393
18562
20392
20391
18553
18544
20390
20389
18535
18534
18543
18552
18561
18571
18560
18559
18550
18551
18542
18541
18532
18533
18523
18514
18515
18524
18525
18516
18507
18506
18505
18495
18494
15897
18504
18513
18522
18531
18540
18549
18558
18568
18584
18583
18601
18619
18618
18600
18582
18581
18580
18598
18599
18617
18616
18615
18614
18596
18597
18579
18578
18567
18566
18565
18556
18555
18546
15680
18545
18554
15681
18563
18564
18574
18575
18576
18577
18595
18594
18593
18592
18573
18591
18609
18610
18627
18638
18628
18611
18612
18613
15900
18629
15901
18639
15902
18649
18660
18669
18692
18691
18690
18689
18688
15909
18704
15911
18714
15912
18724
18734
15913
18733
18723
18732
18731
15683
18721
18722
18712
18713
18703
18702
18711
18701
18684
18685
18686
18687
18678
18677
15906
18668
15904
18659
18648
18658
18657
18667
18676
18675
18666
18656
15682
18646
18647
18637
18636
18626
25290
25291
23590
23589
23574
23588
23587
20891
23601
23602
23603
23616
23615
23628
23645
23646
23629
23630
25292
25293
23647
23662
25294
25295
23677
25296
23692
23709
23725
23741
25297
18741
15684
18742
18743
18760
18759
18758
18767
18768
18769
15918
18778
18770
15916
18761
15914
18744
18745
18746
18747
18748
18749
18750
18751
18762
18771
18779
18787
18796
18805
18821
18820
18819
18818
18817
18816
18804
18795
18786
18794
18785
18777
18776
15685
18784
15686
18793
15687
18802
18803
18811
18828
15921
18812
18813
18814
18815
18829
18839
18849
18859
18869
18878
18888
15923
18910
18909
18900
18899
18898
18897
18908
18918
18928
18927
18917
15694
18907
15693
18896
18886
15692
18887
18877
15922
18868
18858
18848
18838
15688
18837
15689
18847
15690
18857
15691
18867
25306
23898
25307
23906
23924
23923
20913
23932
20914
25308
23957
23973
23981
20916
23980
23972
23971
23970
23969
23968
23979
23987
23986
24001
24011
24000
23999
23998
23997
23996
23995
24010
24022
24033
20918
24034
24046
24047
24058
24057
24070
24083
24069
24082
24098
24110
24111
24099
24084
24085
24086
24087
24071
24088
24089
24072
24060
24059
24048
24049
24036
24035
24023
24024
24012
24002
24003
20917
24004
23988
23989
24005
24016
24015
24014
24013
24025
24037
20920
24050
24051
24063
24064
24076
24075
24074
24062
24061
24073
20923
24090
24091
24104
24118
24117
24103
24102
24101
24100
24114
24115
24116
24132
24133
24134
24149
24164
24148
24163
24162
24147
24146
24131
24130
24113
24112
20927
20929
24126
24142
24143
24158
24159
24144
24127
24128
24129
24145
24160
24161
24179
24178
24177
24194
24195
24196
24212
20935
24211
24210
24209
24227
24226
24208
24193
24176
24175
24192
24207
24191
24174
24173
24157
24156
20931
24141
20930
24125
24124
20928
24109
20926
24097
20924
24081
24068
20922
24056
20921
24045
24044
24043
24031
24030
20663
24042
24054
24055
24067
24066
24079
24080
24096
24108
24107
24095
24078
30220
30219
28862
28848
30218
28834
28821
30217
30216
28808
28795
28783
28771
30215
30214
28758
28746
30213
30212
28734
28716
28717
28701
28700
28686
28687
28670
30211
30210
28653
28652
28669
28668
28651
28650
28649
28667
28684
28685
28699
28715
25772
28732
28733
28745
28757
28770
28782
28781
28769
28768
28755
28756
28744
28743
28742
28741
28730
28712
28713
28731
28714
28698
28697
28696
28695
25770
28680
28681
28682
28683
28666
28665
28664
25767
28647
28648
28634
28622
28610
28599
28587
28575
28576
28588
28600
28611
28623
28635
28636
28624
28612
28601
28589
28577
28565
28564
25763
28548
28538
28563
28562
28561
28560
28559
28547
28532
28531
28546
28545
28557
28558
28573
28572
28584
28585
28574
28586
28598
28597
28596
28595
28583
28582
28570
28555
28571
28556
28544
28529
28528
28511
28510
28493
28494
28495
28512
28530
28513
28514
28515
28516
28533
28534
28517
28501
28500
28499
28498
28484
28483
28497
28496
28482
28468
28469
28470
28454
28455
28471
25757
28456
28439
28440
28457
28458
28472
25758
28485
28486
28504
28503
28502
28519
28518
28535
28536
28537
28520
28521
28522
28540
28539
28549
28550
28566
28578
28590
28602
28613
28625
28637
25766
28638
28639
28627
28626
28614
28603
28591
28592
28579
28567
28568
30204
30205
28580
30206
30207
28604
28615
30208
30209
23865
20654
23866
23875
20655
23874
20656
23891
20657
23899
23907
23908
23900
23892
23909
23926
23934
23925
23933
20658
23949
20659
23958
20660
23974
20661
23982
23991
20662
24007
24008
24018
24019
24020
24032
20919
24021
24009
23994
23993
23992
23983
23975
23959
23950
20915
23951
23935
23936
23952
23953
23960
23976
23984
23985
23977
23961
23962
23963
23964
23965
23966
23978
23967
23942
23941
23940
23939
23938
23937
23928
23927
20912
23910
23901
23902
23911
23912
23913
23914
23915
23916
23917
23929
23943
23954
23955
23945
23944
23930
23918
23903
23895
23896
23904
23919
23920
23921
23946
23947
23956
23948
23931
23922
23905
23897
23888
23889
23890
23873
25305
25304
23864
23856
25303
25302
23847
23838
25301
23829
20909
23820
23812
23821
25300
25299
23813
23796
23795
23787
20903
23772
23771
23770
20902
23786
23794
20906
23811
23819
23828
23837
23846
23855
23863
23872
23887
23886
23885
23884
23883
23882
23881
23880
23879
23878
23877
23894
23893
23876
20911
23867
23868
23869
23860
23859
23858
23857
20910
23849
23848
20653
23839
20652
23840
23841
23850
23851
23842
23833
23832
23831
23830
20651
23822
23823
23824
23815
23814
20907
23798
23797
23788
23773
23763
20650
23752
20649
23742
23726
23710
23711
23727
23728
23744
23743
23753
23754
23765
23764
23774
23789
23775
23790
23799
23800
23801
23816
20908
23825
23834
23843
23852
23861
23870
23871
23862
23854
23853
23844
23835
23845
23836
23827
23826
23817
23818
23807
23792
23781
23780
23779
23778
23806
23805
23804
23803
23802
23791
20904
23776
23777
23766
23755
23745
20899
23729
23730
23731
23714
20897
23698
23697
20896
23713
23712
23695
23694
23693
20648
23678
20647
23663
20646
23648
20645
23649
23650
23651
23634
23635
23621
23608
23607
23620
23619
23633
23632
23631
23617
20644
23604
23618
23605
23606
23592
23591
23577
20643
23563
20642
23549
20641
23535
20640
23521
23522
23536
23550
23564
23551
23565
23579
23578
23593
23594
23580
23566
23552
23538
23537
23523
23524
23508
23509
23525
23526
23539
23540
23541
23555
23554
23553
23567
23568
23569
23583
23582
23581
20890
23595
23596
23597
20892
23611
23598
23599
23612
23625
23642
23641
23624
23640
23639
23638
23637
23623
23610
23609
23622
23636
23654
23653
23652
23667
23666
23665
23664
23679
23680
23681
23696
23682
23683
23668
23669
23684
20895
23699
23715
23716
23732
23733
23734
23717
23718
23735
23736
23747
23746
23756
23757
23767
23782
23783
23793
23808
23809
23810
20905
23785
23784
23768
20901
23758
23759
23769
23760
23761
23762
25298
23751
23750
23749
20900
23748
23737
20898
23738
23739
23740
23724
23708
23707
23723
23722
23721
23720
23719
23703
23702
23701
23700
23685
23670
23655
23656
23657
23672
23671
23686
23704
23687
23688
23705
23706
23689
23690
23691
23676
23661
23660
23675
23674
23673
23658
23659
23644
23643
20894
23626
23627
23614
23613
20893
23600
23586
23585
23584
23571
23570
23556
23542
23528
23529
23544
23543
23557
23558
23572
23573
23559
23545
23546
23560
23561
23575
23576
23562
25289
25288
23548
23547
23533
23534
23520
23504
25287
25286
23487
23476
23460
23443
23442
23441
23458
23459
23475
23474
23473
23457
23440
23424
23425
23408
23391
23390
23407
23406
23423
23439
23456
23472
23484
23501
20887
23517
23502
20886
23485
23486
23503
23519
23518
23532
23531
23530
23500
23499
23498
23516
20889
23515
23514
23513
23527
20888
23512
23511
23510
23494
23482
23495
23496
23497
23467
23468
23452
23453
23469
23470
23483
23471
23455
23438
23454
23437
23421
23422
23405
23388
23389
23373
23374
23357
23356
23355
23372
23371
23370
23369
23386
23387
23404
23403
23385
23368
23367
23384
23383
23382
23365
23366
23349
23350
23333
23334
23351
23352
23335
23318
23301
23302
23319
23336
23353
23354
23337
23320
23338
23339
23340
23323
23322
23321
23304
23303
23286
23287
23269
23261
23270
23288
23289
20875
23305
23306
23307
20876
23324
20877
23341
20878
23358
20879
23375
20880
23392
20881
23409
20882
23426
25285
25284
25283
25282
25281
25280
25279
25278
25277
23290
20874
23273
23272
23271
23262
23253
23254
23245
23244
23243
23234
23225
23226
23235
23236
23227
23218
23217
23216
23224
23233
23242
20870
23251
23252
23260
23268
20873
23285
23284
23283
23282
23299
23300
23317
23316
23315
23298
23281
23280
23279
23296
23297
23314
23332
23331
23348
23347
23364
23381
23363
23346
23345
23362
23379
23380
23397
23398
23415
23431
23432
23433
23418
23417
23416
23399
23400
23401
23402
23419
23420
23436
23435
23434
23451
23450
23449
23466
23481
23493
23492
23480
23491
23507
23506
23505
23488
23489
23490
23479
23463
23464
20885
23465
23448
20884
23430
23414
23396
23413
20883
23429
23447
23446
23445
23462
23478
23477
20639
23461
20638
23444
20637
23428
23427
20636
23410
23393
23394
23411
23412
23395
23378
23361
23360
23377
23376
23359
23342
23325
23308
23291
23309
23292
23275
23274
23264
23265
23276
23293
23310
23326
23343
23344
23327
23311
23328
23329
23330
23313
23312
23295
23278
23294
23277
23266
23258
23257
23248
23247
23256
30175
30176
28076
28085
30177
30178
28094
28103
30179
30180
28112
28111
28102
28093
28084
28075
28066
28057
28067
28058
30174
30173
30172
30171
30170
30169
27993
27992
27991
28002
28013
28024
28032
28049
28048
28031
28023
28012
28001
27990
27972
27954
27955
27973
27974
27975
27957
27956
27942
27941
27925
27917
27908
27899
27900
27909
25722
27918
27919
27926
25723
30168
27910
30167
27901
30166
30165
30164
30163
30162
30161
30160
30159
30158
27814
27797
30157
30156
27786
27775
27774
27785
27796
27813
27812
25715
27811
25716
27828
27829
27830
27831
25717
27848
27857
27866
27875
27884
27893
27883
27892
27891
27882
27873
27874
27865
27864
27855
27856
27847
27846
27845
27793
27782
27783
27794
27795
27784
27773
27757
27772
27756
27739
27740
27722
27723
27724
25711
27741
25712
27758
30155
30154
30153
27715
27714
27707
27698
30152
22854
22843
22832
22816
22799
22817
22800
22788
22787
20621
22772
22773
22755
22756
22757
22739
22740
22730
22729
22712
22695
22696
22713
22714
22697
22680
22679
22678
22666
22667
22668
22657
20828
20827
22614
20826
22625
22636
22647
22656
22655
20830
22646
22635
22624
22623
22634
22645
22665
22677
22694
22693
22710
22711
22728
22738
22737
22754
22736
22727
22726
22709
22692
22675
22676
22664
22663
20620
22653
22654
22644
22643
22632
22633
22622
22621
22611
22612
22601
22600
20619
22583
20618
22567
30138
27464
27472
25701
27463
27462
27461
27452
27443
27444
27453
27454
27455
30137
30136
27446
27445
27436
27437
27422
30135
27412
30134
30133
27402
27401
27400
27410
27411
27421
27420
27435
27434
27419
27418
27409
27399
27389
27390
27391
27392
30132
25699
27371
27370
27382
27381
27380
27367
27368
27350
27334
27320
27335
27336
27321
27311
27310
27309
27308
27319
27318
27317
27307
27292
27293
27282
27272
27273
27283
27294
27295
27284
27274
30130
30129
30128
30127
30126
30125
27224
30124
30123
25691
25690
27174
27163
27162
27151
27152
25688
30122
30121
27120
30120
25682
25681
25679
25677
25676
25675
27033
30119
25674
27023
25673
27007
26996
26997
30118
22061
22062
22063
22079
22096
22097
22106
22115
22114
22123
22124
22132
22133
22142
22141
22152
22151
22150
22140
22131
22122
22113
22105
22104
20796
22095
22094
22078
22077
20595
22093
22103
20596
22112
20597
22121
20598
22130
20599
22139
20600
22149
20601
22163
20799
22164
22165
22183
22182
22181
22180
20602
22192
22205
22206
22218
22217
20603
22229
20604
22241
20605
22258
20606
22272
22273
22259
22242
22230
22219
22207
22193
22194
22195
22208
22220
22221
22233
22245
20804
22246
22263
22262
22261
22244
22232
22231
22243
22260
22274
22275
22289
22288
22287
22286
22315
22316
22302
20806
22303
22317
22329
22330
22342
22341
22353
22340
22328
20607
22327
20608
22339
20609
22351
22352
20809
22363
22364
22376
22405
22416
22432
22433
20811
22450
22467
22466
22476
22477
22478
22479
22490
22489
22500
22517
22516
22499
22488
22487
22486
22475
22465
22449
22431
22430
22448
22464
20613
22474
20614
22485
20615
22496
20616
22513
20617
22525
22536
22551
22552
22568
22584
22585
22602
22613
20825
22603
22586
22569
20822
22570
20824
22587
22604
22588
22589
22590
22591
22592
22575
22574
22573
22557
22542
22541
22556
22572
22571
20823
22554
22553
20821
22538
22537
22526
22514
22497
22498
22515
22527
22528
20819
22539
22555
22540
20820
22530
22529
22518
20817
22501
22502
22503
22504
22505
22506
22507
22519
22520
22532
22531
22546
22547
22562
22578
22577
22561
22545
22544
22543
22558
22559
22560
22576
22593
22594
22595
22596
22607
22606
22605
22615
22616
22617
22618
22608
22597
22580
22579
22563
22564
22565
22549
22534
22548
22533
22521
22509
22508
22491
22492
22493
22494
22510
22522
22523
20818
22535
22550
22566
22582
22581
22598
22609
22610
22599
25245
25246
22620
22619
22630
22631
25247
25248
22642
22641
22629
22628
22639
22640
20829
20831
22672
22671
22660
22650
22649
22638
22627
22626
22637
22648
22658
22659
22670
22669
22687
22688
22705
20832
22721
22731
22732
22723
22722
22706
22689
22690
22707
22708
22691
22673
22661
22651
22652
22662
22674
25249
25250
25251
25252
22725
22724
22734
22733
22751
22750
22768
22769
22770
22752
22735
25253
22753
22771
22786
25254
25255
22815
20836
22798
22797
22785
22784
22796
22783
22767
22749
22748
22720
22704
22703
22686
22685
22684
22683
22682
22681
22698
22715
20833
22716
22717
22699
22700
22701
22702
22719
22718
22745
22762
22744
22743
22761
20835
22777
22793
20834
22760
22742
22741
22759
22758
22776
22775
22790
22774
22789
22801
22818
22834
22835
22836
22819
20837
22803
22802
22791
22792
22804
20838
22805
22806
22821
22820
20839
20840
20841
22859
22848
22837
22822
22807
22808
22823
22824
22825
22809
22810
22811
22826
22827
22812
22780
22779
22778
22763
22764
22746
22747
22765
22766
22781
22782
22794
22795
22813
22814
22829
22830
22841
22852
22853
22842
22831
25256
25257
25258
22864
22863
22862
22851
22850
22839
22840
22828
22838
22849
22860
20842
22876
22877
22861
22878
22890
22891
22879
22880
25259
25260
22892
22908
22907
22906
22905
22889
22888
22887
22875
22874
22873
22872
22871
22870
22869
22885
22897
20845
22912
22928
22939
22940
22941
22929
20846
22913
20843
22886
22898
22914
22915
22899
22900
22901
22902
22903
22904
22920
22921
22932
22945
22944
22943
22956
22972
22971
22955
20851
20849
22931
20847
22919
22918
22917
22916
22930
22942
20850
22954
20853
22953
22952
22964
22980
22992
22963
20852
22951
22938
20848
22927
22911
20844
22895
22896
22884
22868
22858
22847
22846
22845
22833
22844
22855
22856
22857
22867
22883
22882
22866
22865
20622
22881
20623
22893
22894
22910
22926
22909
22925
22936
22937
22950
22949
22948
22961
20624
22977
22978
22962
22979
20854
22991
20855
23003
20857
23019
20859
20860
23047
23062
20863
23073
23084
23085
23074
23063
23048
23032
23031
23020
23004
20856
23005
22993
22981
22965
22966
22967
22968
22969
22970
22982
22983
22984
22997
22985
22973
22957
22958
22959
22946
22934
22933
22922
22923
22924
22935
22947
22960
22976
22975
22974
22986
22987
22988
25261
25262
23000
22999
22998
23014
23027
23026
23013
23012
22996
22995
22994
23010
23011
23025
23041
23040
23039
23024
23023
23009
23008
23007
23006
23022
23021
23033
20861
23049
23034
23035
23050
23051
23036
23037
23038
23053
23052
23064
23075
23086
23087
23076
23065
23054
23066
23055
23056
23067
23068
23057
23042
23043
20858
23015
23016
23028
23044
23059
25263
23070
23058
23069
23080
23079
23078
23077
23088
23089
23100
23111
23121
23132
23142
23141
23131
23130
23119
23120
23110
23099
23109
23098
23097
23108
23118
23129
20865
23140
23151
23150
23160
23172
23173
23188
23187
23186
23185
23184
23183
20866
23171
23159
23149
23139
23128
23117
23107
23096
23095
23106
23116
23127
23094
23083
23072
23061
23060
20862
23046
23030
23018
23002
22990
22989
23001
23017
23029
23045
23071
20625
23082
20626
23093
20627
23104
23105
20864
23115
23126
20628
23125
20629
23136
20630
23146
20631
23156
23166
23167
23157
23147
23137
23138
23148
23158
23170
23169
23168
23178
23177
23193
23194
23212
20632
23211
20633
23220
20634
23229
20635
23238
23239
23230
23221
20869
23249
20872
23267
23259
20871
23250
23241
23232
23240
23231
23222
23223
23214
23213
23197
23196
23195
23179
23180
23181
23198
23199
20868
23182
23200
23201
23202
23203
23204
23215
23205
23206
23207
23208
23209
18279
18280
18297
18281
18265
18266
15887
18282
18283
18267
18268
18269
18284
18302
18303
18285
18270
18271
18272
18287
18288
18306
18305
18323
18322
18321
18339
18340
18341
18358
18375
18376
18359
18360
18343
18342
18324
18325
18326
18327
18309
18310
18328
18346
18363
18345
18344
18361
18362
18379
18380
18395
18396
18397
18414
18413
18412
18394
18411
18410
18393
18378
18377
18392
18391
18390
18409
18423
18437
18455
18464
18456
18438
18439
18424
18425
18440
15896
18457
20381
20382
18465
18473
20383
20384
20385
18489
18481
18472
18480
18479
18471
18463
18462
18470
18478
18486
18487
18488
18496
18497
18498
18499
18508
20386
20387
18517
18526
20388
14094
14088
14083
14077
11553
14073
14056
14057
14040
14041
14035
14018
14019
14015
14001
14002
13985
13986
14003
14004
13987
13988
14005
14006
14007
13989
13990
13991
14008
13992
14009
14010
14011
14012
13993
13994
13995
13996
13978
13973
13974
13979
13997
11783
14013
14016
14033
14032
14031
14030
14029
14028
14027
14026
14025
14024
14023
14022
14021
14020
11784
14036
14042
14043
14044
14045
14046
14047
14048
14049
14050
14051
14052
14053
14037
14038
15390
15391
15392
15393
14082
11788
15394
14093
14092
14087
14086
11786
14081
14076
14072
14055
14054
14071
14070
14069
14068
14067
14066
14065
14064
14063
14062
14061
14060
14059
14058
11785
14074
14075
14080
14079
11787
14084
11789
14089
11790
14095
14102
11793
14118
11794
14124
11795
14130
11796
14137
14138
14131
14125
14119
14103
14104
14105
14106
14107
14108
14109
14110
14111
14112
14113
14120
14114
11792
14097
11791
14091
14098
14099
14115
14116
15395
15396
14122
14121
14127
14128
15397
15398
14134
14151
14169
14174
11798
14168
14150
14133
14126
14132
14147
14148
14149
14167
14166
14165
14164
14146
14145
14163
14162
14144
14143
14161
14160
14142
14141
14159
14158
14140
14139
14157
11797
14156
14155
14154
14153
14152
14170
14175
14178
14181
14184
11555
14187
11556
14191
14192
14196
14195
14212
11557
14229
14233
14234
14238
14254
14255
14239
14240
14241
14242
14258
14259
14243
14244
14245
14246
14247
14248
14264
14265
14249
14250
14266
14281
14280
14279
14278
14263
14262
14277
14276
14261
14260
14275
14274
14273
11808
14257
14256
14272
14271
14287
14288
14289
14290
14296
14297
14304
14311
14328
14327
14326
14309
14310
14303
14302
14295
14294
14301
14308
14341
14358
14381
11561
14387
11562
14394
11563
14401
11564
14414
14421
11565
14438
11566
14446
14454
14455
14456
14447
14448
14440
14439
14422
11812
14408
14409
14410
14417
14416
14415
14423
14424
14425
14426
14427
14428
14429
14430
14431
14432
14433
14434
14411
14412
14419
14418
11813
14435
14436
14437
15421
15422
14445
14444
14443
14442
14450
14451
14459
14460
14452
14453
15423
11815
14467
14466
14465
14458
11817
14482
14481
14480
14479
14478
14477
14476
14475
14474
14473
14472
14471
14470
14487
14494
14493
14492
11568
14509
14516
14532
14533
14540
14547
14539
14546
14552
14553
14554
11824
14570
14571
14572
14556
14557
14558
14559
14560
14561
14562
14563
14564
14565
14566
14567
14550
14543
14544
14537
14536
14529
14513
14514
14515
15426
15425
15424
14485
14484
14483
14490
14491
14508
14507
14506
14505
14504
14503
14502
14551
14573
14590
14589
14588
14587
14586
14585
14584
14583
14582
14581
14580
14579
14595
14602
11829
14608
14624
14623
11830
14607
14601
11827
14594
14593
11826
14577
14576
14575
14569
20420
19092
19081
19091
19100
19101
20421
20423
20422
19110
19126
15941
15943
15944
20424
19170
19186
15947
19169
19158
19147
19146
19157
19168
19165
19181
19195
19196
19212
19211
19210
19209
19208
19207
15951
19191
19206
15950
19190
15948
19175
19162
15945
19151
19152
19142
19131
19130
19141
19140
19139
19138
19149
15699
19148
19137
19127
15698
19111
19102
19103
19112
19128
19129
19113
19114
19115
19116
19117
19118
19119
19120
19121
19132
19133
19144
19143
19154
19155
19166
15946
19182
19197
19198
19183
19167
19156
19145
19134
19135
19136
19125
19109
19108
19124
19123
15940
19122
19106
19107
19098
19099
19090
19089
19088
19097
19078
19077
19076
19075
19058
19041
19042
19059
19060
19061
19062
19079
19080
19063
19046
19045
19044
19043
19015
19014
19013
19012
19011
15934
19010
19009
19008
19025
19024
19023
19022
19005
18979
18956
18940
15927
15929
18998
19007
19006
19035
19034
19051
19052
19069
19070
19072
19073
19074
15942
19153
19178
19179
19180
19194
19193
19192
15949
19177
19164
19163
19176
19174
19150
19161
19173
19172
19160
19159
19171
19187
19188
19189
19205
19204
19203
19219
15700
19220
19231
19232
19242
19259
19276
19277
19286
19285
19294
19295
19305
19306
15957
19323
19324
19325
19326
19327
19328
19312
19311
19310
19309
19308
19307
19296
19287
19278
19260
19261
19244
19243
19233
19221
19222
19223
15952
19247
19246
19245
19262
19263
19264
19265
19248
19249
19266
19267
19250
19251
19268
19269
19270
19279
19288
19289
19290
19299
19298
19297
19314
15956
19315
19316
19333
19343
19353
19352
19362
19372
19371
19388
15962
19389
19407
19406
19414
19415
19416
19433
19432
19431
19440
19457
15967
19458
19476
19492
19507
19508
19525
19535
19537
20444
19527
20443
20442
19510
19494
20441
20440
19478
15968
19477
15969
19493
19509
19526
19536
19545
19546
20445
20446
19556
19566
20447
20448
19576
19586
20449
20450
19595
19605
20451
19621
19631
20452
19604
19594
19585
19584
19593
19592
19602
19603
19619
19620
19630
19629
19637
19638
19639
19656
19673
20453
11845
14976
14974
14971
14968
11587
14967
11588
14970
11589
14973
11590
14975
14977
11591
14978
11592
14979
11593
14980
11594
14981
11595
14982
11596
14983
20460
20461
19720
20459
20458
19713
19705
20457
20456
19697
19689
20455
20454
19681
19680
19672
19655
19654
19671
15979
19670
19653
19652
19651
19650
19647
19646
19645
19644
19662
19663
19664
19665
19666
19648
19649
19667
19668
19669
19678
19679
19687
19695
19703
19704
19696
19688
19686
19694
19702
19710
19711
19712
19719
19718
19717
19725
19742
19759
19743
19726
19727
19728
15982
19744
15984
19760
19770
19780
19817
19818
19833
19844
19842
19830
19815
19798
19797
19814
15990
15991
19841
19852
19869
19868
15994
19851
15993
19840
19829
15989
19813
19796
19812
19839
19850
19827
19828
19811
19810
19809
19826
19825
19808
15988
19807
19824
15992
19861
15996
15995
19862
19863
19864
19865
19866
19867
19878
19879
19880
19881
19894
19906
19915
19916
19917
19918
20468
20469
20470
20010
16007
20017
20009
20003
20002
20001
19985
19984
19976
19977
19952
19935
19934
19933
19932
19914
19903
19904
19905
19893
19892
19891
19890
19902
19913
19931
19930
19947
19946
19929
19928
19945
19944
19943
16000
19942
19925
19926
19927
19901
19889
19877
19876
19859
19860
19849
19838
19836
19820
19819
19834
15723
19835
19857
19846
19845
19856
19873
19874
19886
19885
19897
15724
19898
19899
19887
19875
19858
19847
19848
19837
19888
19900
15997
19911
19912
19924
19923
19922
19939
19938
19921
19920
19937
19954
19965
19980
19988
15725
20004
15726
20011
15727
20018
15728
20026
20027
20035
20052
20060
20068
15729
20067
20074
20080
20081
20082
20087
20103
20109
20115
20114
15732
20113
15733
20119
15734
20125
20126
16017
20142
20147
15735
20146
15736
20151
15737
20156
15738
20161
20162
16018
20166
20171
15739
20170
20175
15740
20192
20196
15741
20212
15742
20215
20218
15743
20220
15744
20222
15745
20224
15746
20226
15747
20228
15748
20230
15749
20232
15750
20234
1422
1418
1417
1687
1688
1689
1690
1691
1419
1692
1693
1694
1695
1696
1697
1698
1699
1700
1701
1421
1702
1703
1704
1705
1706
1707
1708
1709
1710
1711
1712
1713
1714
1715
1716
1717
1718
1719
1720
1721
1722
1723
1724
1725
1726
1727
1728
1424
1729
1730
1731
1732
1733
1734
1735
1736
1737
1738
1739
1740
1741
1742
1743
1744
1745
1746
1426
1747
1748
1749
1750
1751
1752
1753
1754
1755
1756
1757
1758
1759
1760
1761
1762
1763
1764
1765
1766
1767
1768
1769
1770
1771
1772
1773
1774
1775
1776
1777
1778
1779
1780
1781
1782
1783
1784
1785
1786
1787
1788
1789
1790
1791
1792
1793
1794
1795
1796
1797
1798
1799
1800
1801
1802
1803
1804
1805
1806
1433
1807
1808
1809
1810
1811
1812
1813
1814
1815
1816
1817
1818
1819
1820
1821
1822
1823
1434
1348
1347
1346
1345
1344
1343
1342
1341
1340
1339
1338
1337
1336
1335
1334
1333
1332
1331
1330
1432
1329
1328
1327
1326
1325
1324
1323
1322
1321
1320
1319
1318
1317
1431
1316
1315
1314
1313
1312
1311
1310
1309
1308
1430
1307
1306
1305
1304
1303
1302
1301
1300
1299
1298
1297
1296
1295
1294
1293
1292
1291
1290
1289
1288
1287
1286
11099
7885
11098
7884
11097
7883
11096
7882
11095
7881
11094
7880
11093
7879
11092
7878
11091
7877
11090
7876
11089
7875
11088
7874
11087
7873
11086
7872
11085
7871
11084
7870
11083
7869
11082
7868
11081
7867
11080
7866
11079
7865
11078
7864
11077
7863
11076
7862
11075
7861
11074
7860
11073
7859
11072
7858
11071
7857
11070
7856
11069
7855
11068
7854
11067
7853
11066
7852
11065
7851
11064
7850
11063
7849
11050
11051
11052
11053
11054
11055
11056
11057
11058
11059
11060
11061
11062
8065
11049
11047
11045
11043
11041
11039
11037
11035
11033
11031
11029
11027
11025
11023
11021
11019
11017
11015
11013
11011
11009
11007
11005
11003
11001
10999
10997
10995
10993
10988
10987
10986
10985
10984
10983
10982
10981
10980
10979
10978
10977
10976
10975
7820
10992
7821
10994
7822
10996
7823
10998
7824
11000
7825
11002
7826
11004
7827
11006
7828
11008
7829
11010
7830
11012
7831
11014
7832
11016
7833
11018
7834
11020
7835
11022
7836
11024
7837
11026
7838
11028
7839
11030
7840
11032
7841
11034
7842
11036
7843
11038
7844
11040
7845
11042
7846
11044
7847
11046
7848
11048
15484
15485
15486
15487
15488
15489
15490
11846
11847
11848
15491
15075
15078
15492
15493
15494
15495
15113
15115
15496
15497
15117
15119
15498
15499
15121
15123
15500
15501
15125
15502
15503
15504
15505
15506
15507
15508
15509
15510
15511
15512
15513
15514
15515
15516
15517
15518
15519
15520
15521
15522
15523
15524
15525
15526
15527
15528
15232
11640
15231
11639
15230
11638
15229
11637
15228
11636
15227
11635
15226
11634
15225
11633
15224
11632
15223
11631
15222
11630
15221
11629
15220
11628
15219
11627
15218
11626
15217
11625
15216
11624
15215
11623
15214
11622
15213
11621
15212
11620
15211
11619
15194
15195
15196
15197
15180
15163
15162
15179
15178
15177
15160
15161
15144
15143
15126
15127
15128
15145
15146
15129
15130
15147
15148
15131
15132
15133
15150
15167
15166
15165
15182
15183
15184
15185
15186
15187
15171
15154
15155
15138
15137
15136
15135
15152
15153
15170
15169
15168
15151
15134
15149
15164
15181
15198
15199
15200
15201
15202
15203
15204
15205
15188
15189
15206
15207
15208
15191
15174
15157
15158
15159
15176
15193
15210
15209
15192
15175
15173
15190
15172
15156
15139
15140
15141
15142
15095
15094
15111
15110
15109
15108
15092
15093
15107
15091
15090
15106
15105
15104
15103
15102
15086
15089
15088
15087
15085
15101
15100
15099
15098
15097
11850
11851
11852
11853
15124
11618
15122
11617
15120
11616
15118
15116
15114
15112
15096
15079
15080
15081
15082
15083
15084
11849
15077
11615
15076
15074
15073
11614
15072
11613
15071
11612
15070
11611
15069
11610
15068
11609
15067
11608
15066
11607
15065
11606
15064
11605
15063
11604
15062
11603
15061
11602
15060
11601
15043
15041
11600
15039
11599
15037
11598
15035
11597
15018
15001
14984
14985
14986
14987
15004
15005
15022
15021
15020
15019
15002
15003
14988
14989
14990
15008
15009
15011
15012
14995
14996
15013
15015
14998
14999
15000
15017
15016
15033
15034
15032
14997
15014
15031
15030
15029
15028
14994
15027
15010
14993
14992
14991
15026
15025
15024
15007
15006
15023
15044
15045
15046
15047
15048
15049
15050
15051
15052
15053
15054
15055
15056
15057
15058
15059
15483
15482
15481
15480
15479
15478
15042
15040
15477
15476
15038
15036
15475
15474
15473
15472
15471
15470
15469
15468
15467
15466
15465
15464
15463
14972
11844
14969
14966
14964
14961
14958
14955
14937
14938
15456
15455
15454
15453
15452
15451
15450
15449
15448
14816
14812
15447
15446
14808
14807
14803
14799
14800
15444
15443
11841
11839
14761
11838
14776
14779
14796
14795
14794
14793
14792
14791
14790
14789
14788
14787
14786
14785
14784
14783
14782
14781
14798
14802
14806
14810
14814
14813
11583
14809
11582
14805
11581
14801
11580
14797
11579
14780
14777
14778
14762
14763
14747
14731
14746
11578
14730
14713
14714
14715
14716
14717
14734
14733
14732
11837
14748
14749
14765
14764
11840
14766
14767
14751
14750
14735
14718
14719
14736
14737
14752
14768
14769
14770
14771
14754
14739
14738
14753
14720
14721
14722
14723
14740
14755
14756
14772
14773
14774
14775
14760
14759
14758
14757
14741
14724
14725
14742
14743
14726
14727
14744
14728
14729
11836
14745
15442
15441
15440
14712
14711
14708
11834
14692
15439
15438
14688
14687
14691
14707
14706
14705
14704
14703
14702
14701
14700
14699
14698
14697
14696
11835
14695
14710
14709
14693
14694
14686
14690
14689
11577
14685
11576
14668
11575
14651
14649
11574
14647
11573
14644
11572
14641
14637
11571
14621
11570
14605
11569
14599
14592
14600
14606
14622
14638
11831
14625
14626
14610
14627
14628
14629
14630
14614
14613
14612
14611
14609
14578
14555
14548
11821
14541
11820
14534
11819
14517
14511
14495
14488
14489
14496
14497
14498
14499
14500
14501
11816
11814
14449
14441
14457
14464
14463
14462
14461
14468
11567
14486
14469
14510
11818
14549
14542
14535
14518
14512
14519
14520
14521
14522
14523
14524
14525
14526
14527
14528
14530
14531
14538
15427
15428
14545
11822
11823
14568
15429
15430
14574
11825
14591
15431
15432
14598
14604
11828
14597
14596
14603
14618
14617
14616
14615
14631
14632
14633
14634
14639
14642
14645
14648
14650
14667
14666
14665
14664
14663
14662
14661
14660
14659
14658
14657
14656
14655
14654
14653
14652
11833
14669
14670
14671
14672
14673
14674
14675
14676
14677
14678
14679
14680
14681
14682
14683
14684
15437
15436
11832
14646
15435
14643
15434
15433
14640
14636
14635
14619
14620
10702
10693
7794
10684
7793
10667
10650
10641
10624
10614
7792
10597
10587
10576
7791
10559
10560
10577
10588
10578
10579
8045
10589
10590
10580
10563
10564
10547
10546
10545
10562
10561
10544
10527
10526
10543
10542
10525
10509
10493
10510
10511
10512
10528
10529
10530
10531
10548
10565
10566
10567
10549
10550
10551
10568
10569
10570
10571
10554
10555
10538
10520
10504
10505
10506
10522
10521
10539
10556
10573
10572
10581
10591
10608
10607
10606
10605
10604
10603
10602
10601
10630
10629
10643
10642
8048
10626
10627
10628
10617
10616
10600
10599
10598
10615
10625
10651
10668
10669
10652
10653
10654
10671
10670
10685
10686
10672
10655
10656
10673
10674
10675
10676
10677
10678
10661
10660
10659
10658
10657
10631
10632
10633
10634
10635
10644
10662
10645
10637
10636
10618
10619
10609
8046
10592
10582
10583
10593
10610
10620
10621
10611
10612
10594
10584
10585
10595
10596
11314
11315
10613
10623
11316
11317
11318
10649
10640
10622
8047
10639
10648
10647
10638
10646
10664
10663
10680
10681
10689
10690
10691
10682
8050
10665
8049
10666
11319
11320
10683
10692
11321
11322
10701
10700
10717
10718
11323
11324
10735
10743
11325
11326
11327
10767
10759
10758
10766
10765
10757
10741
10742
10734
10733
8052
10716
8051
10699
10698
10688
10679
10687
10713
10730
10729
10728
10712
10711
10710
10727
10726
10709
10708
10707
10695
10694
10705
10706
10723
10724
10725
10749
10750
10751
10752
10753
10754
10755
10739
10731
10714
10696
10697
10715
10732
10740
8054
10756
10764
10771
10778
10793
10794
10779
10772
10773
10780
10774
11328
11329
10781
11330
10803
10797
10796
10795
10801
10802
10808
10809
11331
11332
10815
10814
10813
10807
10812
10806
10800
10792
10791
10790
10789
10788
10787
10786
10785
8057
10777
10776
8056
8055
10761
10745
10746
10747
10762
10769
10770
10763
10748
10738
10737
8053
10721
10722
10704
10703
10720
10719
10736
10744
7795
10760
10768
10775
10782
7796
10798
7797
10804
7798
10810
10811
10805
10799
10783
10784
10819
10836
10835
10818
10817
10816
10833
10834
10852
10853
10854
10837
10820
10821
10838
10839
10822
10823
10840
10841
10858
10857
10873
10872
10856
10855
10871
10870
10869
10868
8059
10851
10850
7799
10867
7800
10884
7801
10887
15445
14804
14811
14815
14833
14832
14831
14830
14829
14845
14862
14861
14878
14879
14880
14896
14895
14894
14877
14876
14875
14858
14841
14842
14859
14860
14843
14844
14828
14827
14826
14825
14824
14823
14840
14857
14856
14855
14838
14839
14822
14821
14820
14819
14818
14817
14834
14835
14852
14851
14868
14869
14870
14853
14836
14837
14854
14872
14871
14888
14887
14905
14922
14921
14904
14903
14886
14885
14902
14919
14920
11842
14936
14940
14939
11584
14956
11585
14959
11586
14962
14965
11843
14963
14960
14957
14941
14942
14943
14944
14945
14946
14947
14948
14949
14950
14951
14952
14953
14954
14934
14917
14900
14899
14916
14933
14932
14915
14914
14931
14930
14929
14928
14927
14909
14926
14925
14908
14907
14924
14923
14906
14889
14890
14873
14874
14891
14892
14893
14910
14911
14912
14913
14897
14898
14881
14882
14883
14866
14865
14864
14863
14846
14847
14848
14849
14850
14867
14884
14901
14918
14935
15457
15458
15459
15460
15461
15462
10973
7819
10971
7818
10969
7817
8063
10966
7816
10964
7815
10962
7814
10945
10946
10947
10948
10949
10950
10951
10952
8062
10940
7813
10937
7812
10934
7811
10931
7810
10928
7809
10925
7808
10922
7807
10919
7806
10916
7805
10913
7804
10910
7803
10907
7802
10904
8060
10888
8061
10889
10890
10891
10892
10893
10894
10895
10896
10897
10898
10879
10878
10877
10861
10860
10876
10875
10874
10859
10842
10824
10825
10826
10843
10844
10862
10845
10827
10828
10829
10830
10847
10846
10863
10864
10865
10881
10880
10885
10899
10905
10908
10900
10901
10902
10882
10883
10866
8058
10849
10848
10831
10832
11333
11334
10886
10903
11335
10906
10909
11336
11337
10912
10915
11338
11339
11340
11341
11342
11343
10930
10927
10924
10921
10918
10911
10914
10917
10920
10923
10926
10929
10932
10935
10938
10941
10943
10958
10957
10956
10955
10954
10953
10972
10974
10989
10990
10991
10970
10968
10967
10965
10963
10959
10960
10961
10944
10942
10939
10936
10933
11344
11345
11346
11347
11348
11349
11350
11351
11352
11353
11354
11355
11356
11357
8064
11358
11359
11360
11361
11362
11363
11364
11365
11366
11367
11368
11369
11370
11371
11372
11373
11374
11375
11376
11377
11378
11379
11380
11381
11382
11383
11384
11385
11386
11387
11388
11389
11390
11391
11392
11393
11394
11395
11396
11397
11398
11399
11400
11401
11402
11403
11404
11405
11406
11407
11408
11409
11410
11411
11412
11413
11414
11415
11416
11417
11418
11419
11420
11421
11422
11423
7287
4858
7286
4857
7285
4856
7284
4855
7283
4854
7282
4853
7281
4852
7280
4851
7279
4850
7278
4849
7277
4848
7276
4847
7275
4846
7274
4845
7273
4844
7272
4843
7271
4842
7270
4841
7269
4840
7268
4839
7267
4838
7266
4837
7265
4836
7264
4835
7263
4834
7262
4833
7261
4832
7260
4831
7259
4830
7258
4829
7257
4828
7256
4827
7255
4826
7254
4825
7253
4824
7252
4823
7251
4822
7250
4821
7249
4820
7248
4819
7247
4818
7246
4817
7245
4816
7244
4815
7243
4814
7242
4813
7241
4812
7240
4811
7239
4810
7238
4809
7237
4808
7236
4807
7235
4806
7234
4805
7233
4804
7232
4803
7231
4802
7230
4801
7229
4800
7228
4799
7227
4798
7226
4797
7225
4796
7224
4795
7223
4794
7221
4793
7203
7204
7205
7206
7207
7208
7209
7210
7211
7212
7213
7214
7197
7196
7195
7194
7193
7192
7191
7190
7189
4976
7188
7187
7186
7183
4792
7180
7176
4791
7177
7173
4975
7170
7169
4790
7165
4789
7161
4788
7144
7135
4787
7130
4786
7125
4785
7120
4784
7115
4783
7110
4782
7105
4781
7100
4780
7083
7066
7067
7068
7069
7052
7035
7034
7051
7050
7049
7032
7015
7016
7033
7017
7018
7019
7036
7053
7070
7087
7086
7085
7084
7101
7106
7111
7116
7121
7126
7131
7136
4973
7140
7145
7162
7166
7146
7147
7148
7149
7150
7151
7152
7153
7154
7155
7156
7157
7158
7141
7137
7132
7127
7122
7123
7118
7117
7112
7107
7102
7097
7096
7079
7062
7061
7077
7078
7095
7094
7093
7092
7091
7074
7073
7072
7090
7089
7088
7071
7054
7055
7056
7039
7038
7037
7020
7021
7022
7023
7024
7025
7042
7041
7040
7057
7058
7075
7076
7059
7060
7043
7026
7027
7028
7029
7046
7045
7044
7063
7080
7103
7104
7556
7557
7109
7108
7113
7114
7558
7559
7119
7124
7560
7561
7129
7128
7133
7134
7562
7563
7139
7138
7142
7143
7564
7565
7160
4974
7159
7163
7167
7164
7566
7567
7168
7568
7172
7171
7174
7178
7175
7569
7570
7179
7571
7182
7181
7200
7199
7198
7215
7216
7217
7218
7201
7202
7184
7185
7572
7573
7220
7219
4977
7222
7574
7575
7576
7577
7578
7579
7580
7581
7582
7583
7584
7585
7586
7587
7588
7589
7590
7591
7592
7593
7594
7595
7596
7597
7598
7599
7600
7601
7602
7603
7604
7605
7606
7607
7608
7609
7610
7611
7612
7613
7614
7615
7616
7617
7618
7619
7620
7621
7622
7623
7624
7625
7626
7627
7628
7629
7630
7631
7632
7633
7634
7635
7636
7637
7638
4210
2150
4209
2149
4208
2148
4207
2147
4206
2146
4205
2145
4204
2144
4203
2143
4202
2142
4201
2141
4200
2140
4199
2139
4198
2138
4197
2137
4196
2136
4195
2135
4194
2134
4193
2133
4192
2132
4191
2131
4190
2130
4189
2129
4188
2128
4187
2127
4186
2126
4185
2125
4184
2124
4183
2123
4182
2122
4181
2121
4180
2120
4179
2119
4178
2118
4177
2117
4176
2116
4175
2115
4174
2114
4173
2113
4172
2112
4171
2111
4170
2110
4169
2109
4168
2108
4167
2107
4166
2106
4165
2105
4164
2104
4163
2103
4162
2102
4161
2101
4160
2100
4159
2099
4158
2098
4157
2097
4156
2096
4155
2095
4154
2094
4153
2093
4152
2092
4151
2091
4150
2090
4149
2089
4147
2088
4145
2087
4143
2086
4124
4125
4126
4127
4128
4110
4109
4108
4107
4106
4104
2085
4102
2084
4100
2083
4098
2082
4096
2081
4094
2080
4092
2079
4090
2078
4088
2077
4086
2076
4084
2075
4081
2074
4078
2073
4075
2072
4072
2071
4069
2070
4066
2069
4063
2068
4060
2067
4057
2066
4054
2065
4051
2064
4048
2063
4045
2062
4042
2061
4039
2060
4037
2059
4035
2058
4033
2057
4031
2056
4029
2055
4027
2054
4008
4005
2053
4002
2052
3999
2051
3996
2050
3993
2049
3990
2048
3987
2047
3984
2046
3981
2045
3962
2044
3958
2043
3959
2225
3963
3964
4009
4010
4011
4012
4013
4014
4015
4016
4017
4018
4019
4020
4021
4022
4023
4024
4025
4006
4003
4000
3997
3994
3991
3988
3985
3982
3979
3978
3977
3976
3975
3974
3973
3972
3971
3970
3969
3968
3967
3966
3965
3906
3907
3908
3909
3910
3911
3912
3913
3914
3915
3916
3917
3918
3899
3898
3897
3896
3895
3894
3893
3892
3891
3890
3889
3888
3887
3905
3886
2224
2223
3878
3881
3885
3904
3923
3927
3931
3935
3939
3943
3947
3951
3955
3954
2042
3950
2041
3946
2040
3942
2039
3938
2038
3934
2037
3930
2036
3926
2035
3922
2034
3903
3884
6900
6899
6898
6897
6896
6895
6894
6893
6892
6891
6890
6889
6888
6906
6907
6908
6909
6910
6911
6912
6913
6914
6915
6916
6917
6918
7522
7523
7524
7525
7526
7527
7528
7529
7530
7531
7532
7533
7534
7535
7536
7537
7538
7539
7540
7541
4964
7542
6957
6960
7543
7544
6963
7545
6967
6971
7546
7547
6988
6993
7548
7549
7010
7014
7550
7551
7031
7048
7552
7553
7065
7082
7554
7555
7099
7098
4972
7081
4971
7064
4970
7047
4969
7030
4968
7013
7009
4967
6992
6991
7008
7007
7006
7005
7004
7003
7002
7001
7000
6999
6998
6997
6996
6995
7012
7011
4779
6994
6989
4778
6972
6990
6973
6974
6975
6976
6977
6978
6979
6980
6981
6982
6983
6984
6985
6986
6987
4966
6970
6966
6962
6959
6956
6954
6953
6952
6951
6950
6949
6948
6947
6946
6945
6944
6943
6942
6941
6940
4965
6965
6969
6968
4777
6964
4776
6961
6958
4775
6955
4774
6939
6938
4773
6937
4772
6936
4771
6935
4770
6934
4769
6933
4768
6932
4767
6931
4766
6930
4765
6929
4764
6928
4763
6927
4762
6926
4761
6925
4760
6924
4759
6923
4758
6922
4757
6921
4756
6920
4755
6919
4754
6901
6902
6903
6904
6905
6887
6886
6885
6884
6883
6882
4753
6865
6866
6867
6868
6869
6870
6871
6872
6873
6874
6875
6876
6877
6878
6879
6880
6881
4963
7521
7520
7519
7518
7517
7516
7515
7514
7513
7512
7511
7510
7509
7508
7507
7506
7505
7504
7503
7502
7501
7500
7499
7498
7497
7496
7495
7494
7493
7492
7491
6836
7490
7489
7488
7487
7486
7485
7484
7483
7482
4960
7481
7480
7479
7478
7477
4959
4958
6657
7476
7475
6653
6652
6656
6659
6661
6678
6695
6694
6677
6676
6675
6674
6691
6708
6709
6692
6693
6710
6727
6726
6725
6742
6743
6744
6745
6728
6711
6712
6729
6765
6782
6799
6798
6797
6780
6781
6764
6763
6762
6761
6778
6779
6796
6795
6812
6813
6814
6815
6816
6835
6834
6833
6832
6831
6830
6829
6828
6827
6826
6825
6824
6823
6822
6821
6820
6803
6804
6787
6770
6771
6772
6789
6788
6805
6806
6807
6808
6809
6810
6811
6794
6777
6760
6759
6758
6775
6776
6793
6792
6791
6790
6773
6774
6757
6756
6755
6754
6753
6734
6735
6736
6737
6738
6721
6704
6687
6688
6689
6706
6705
6722
6723
6739
6740
6741
6724
6707
6690
6673
6672
6671
6670
6669
6686
6685
6668
6667
6666
6665
6683
6684
6700
6701
6702
6703
6720
6719
6718
6717
6699
6682
6681
6664
6663
6662
6679
6680
6697
6696
6713
6714
6698
6715
6716
6733
6732
6731
6730
4720
6746
4721
6747
4722
6748
6749
6750
6767
6766
6783
6784
6768
6751
6752
6769
6786
6785
6802
6801
6800
4723
6817
4724
6818
6819
4725
6837
4726
6838
4727
6839
4728
6840
4729
6841
4730
6842
4731
6843
4732
6844
4733
6845
4734
6846
4735
6847
4736
6848
4737
6849
4738
6850
4739
6851
4740
6852
4741
6853
4742
6854
4743
6855
4744
6856
4745
6857
4961
4746
6858
4747
6859
4748
6860
4749
6861
4962
4750
6862
4751
6863
4752
6864
11309
10492
10508
10524
11310
10541
10558
11311
11312
11313
10586
10575
10574
8044
10557
8043
10540
8042
10523
10507
10491
10490
10489
10479
10467
10468
10480
10481
11308
11307
10469
10458
10449
11306
11305
10440
10432
11304
11303
10423
10422
10431
10439
10448
10457
8037
10456
10466
10478
10477
10488
10487
10503
10519
10537
10536
10553
10552
10535
10534
10533
10532
10514
10513
8041
10497
10496
10485
10473
10462
10461
10460
10471
10472
10484
10495
10494
10483
10482
10470
10459
7790
10450
10441
7789
10442
8036
10451
10452
10443
10444
10453
10463
10474
10475
8039
10486
8040
10498
10499
10515
10516
10517
10518
10502
10501
10500
8038
10476
10464
10465
10455
10454
10445
10446
10447
10438
10430
10421
10429
10437
10436
10428
10419
10420
10411
10412
10413
10414
11302
10405
10404
10403
10402
10401
10400
10410
10399
10398
10397
10396
10395
10394
10393
8034
10392
10391
10407
10416
10417
10408
10409
10418
10427
10435
10434
10426
10425
10433
8035
10424
7788
10415
7787
10406
7786
10390
7785
10366
10349
10332
10315
15411
15410
14306
14299
15409
15408
14292
14285
15407
11807
11806
11804
14228
11803
15406
15405
14194
15404
15403
14190
14186
15402
15401
14183
14180
15400
15399
14177
14173
14176
14179
14182
14185
14189
14193
14209
14208
14207
14224
14225
14226
14227
14210
14211
14232
14231
14235
14236
14269
14284
14283
14268
14252
14251
14267
14282
14291
14298
14305
14322
14339
14338
14321
14320
14337
14354
14355
14356
14373
14374
14357
14340
14323
15412
15413
15414
15415
14380
11811
14386
14393
15416
15417
14400
15418
15419
15420
14420
14413
14407
14406
14405
14398
14399
14392
14391
14385
14379
14372
14371
14370
14369
14368
14351
14335
14352
14353
14336
14319
14318
14317
14334
14333
14316
14315
14332
14331
14314
14313
14330
14312
14329
14346
14347
14348
14349
14350
14367
14366
14365
14364
14363
14378
14384
14377
14383
14389
14390
14397
14404
14403
14402
14396
14395
14388
14382
11810
14376
14375
11809
14359
14360
14361
14362
14345
14344
14343
14342
14325
14324
14307
14300
11560
14293
11559
14286
11558
14270
14253
14237
14230
14213
14214
14215
11805
14216
14217
14218
14219
14220
14221
14222
14223
14206
14205
14204
14203
14202
14201
14200
14199
14198
14197
14188
11802
11801
11800
11799
14172
14171
14136
14135
11554
14129
14123
14117
14100
14101
14096
14090
14085
14078
14039
14034
14017
14014
11552
13998
13981
13976
11551
13971
13966
13982
13999
14000
13983
13984
13977
13972
11782
11781
13967
13962
11780
13945
13927
13926
13944
13943
13961
13960
13942
13925
13924
13907
20378
20379
20380
18381
15890
18364
15889
18347
15888
18330
18329
18311
18312
18294
18293
18292
18291
18290
18308
18307
18289
18274
18275
18258
18257
18256
18273
18286
18304
18320
18338
18355
18354
18372
18373
18356
18357
18374
18389
18388
18387
15891
18371
18370
18353
18337
18319
18301
18300
18318
18336
18335
18334
18317
18299
18298
18316
18315
18333
18350
18349
18332
18314
18296
18295
18313
18331
18348
18365
18366
18367
18368
18351
18352
18369
18386
18401
15892
18385
18384
18383
18382
15668
18398
18399
18416
18427
18442
18443
18460
18459
18467
18475
18483
18491
18501
18510
18519
18528
18529
18520
18511
18502
18492
18484
18476
18468
18444
18428
18417
18400
18418
18419
15895
18420
18402
18403
18404
15893
18405
18406
18407
18408
15894
18421
18422
18436
18454
18453
18435
18452
18451
18450
18449
18434
18433
18432
18431
18448
18447
18430
18429
18446
18445
18461
18469
18477
18485
18493
18503
18512
18521
18530
18539
18548
15898
18557
18547
18538
18537
18536
15679
18527
15678
18518
15677
18509
15676
18500
15675
18490
15674
18482
15673
18474
15672
18466
15671
18458
15670
18441
18426
15669
18415
25276
23263
23255
23246
25275
25274
23237
23228
25273
25272
23219
23210
23192
23191
23190
23175
23163
23162
23174
23189
23161
23152
23153
23143
23144
23154
23164
20867
23176
23165
25271
25270
23155
23145
25269
23135
23134
23133
23122
23112
23101
23090
23091
23102
23113
23123
23124
25268
25267
23114
23103
25266
25265
23092
23081
25264
18170
15662
18186
18187
18198
15663
18197
15664
18208
18209
15885
18219
18220
18231
18230
15665
18229
15666
18240
15667
18251
18262
18263
18264
18253
18252
18241
18242
18243
18254
18255
18244
18233
18232
18221
18222
18212
18201
18190
18189
18200
18211
18210
18199
18188
18172
18171
18161
18160
15882
18150
18149
15661
18138
15660
18127
15659
18116
15658
18100
18101
18117
18118
18119
18130
18131
18142
18153
18141
18140
18129
18128
18139
18151
18152
18162
18163
15883
18173
15884
18174
18175
18176
18177
18178
18179
18191
18202
18192
18180
18181
18193
18194
18205
18216
18226
18237
18236
18225
18215
18204
18203
18214
18213
18223
18224
18235
18234
18245
18246
18247
18248
18259
18276
18277
18260
18249
18250
18261
15886
18278
20377
20376
20375
18239
20374
20373
18228
18238
18227
18217
18218
20372
20371
18207
18206
18195
18196
20370
18185
18169
20369
18159
20368
20367
18148
18137
20366
20365
18126
18115
18114
18125
18136
18147
18158
18168
18184
18183
18182
18167
18157
18156
18166
18165
18164
18154
18155
18144
18143
18132
18121
18109
18093
18092
18108
18107
18091
18090
18106
18105
15881
18089
15880
18077
18076
15878
18075
15879
18088
18104
18120
18103
18102
18086
18085
18084
18071
18072
18058
18057
15657
18043
15656
18028
18029
18044
18045
18059
18073
18087
18074
18060
18046
18031
18032
18033
18034
18047
18061
18062
18048
18063
18049
15875
18020
15876
18035
18050
15877
18064
18078
18065
18066
18067
18081
18096
18095
18080
18079
18094
18110
18122
18133
18134
18145
18146
18135
18123
18111
18112
18124
18113
18097
18068
18054
18039
18040
18041
18055
18069
18082
18098
18099
18083
20364
18070
18056
20363
18042
18027
18026
15874
18011
17995
17994
17993
17992
18008
18009
18010
18025
18024
18038
18053
18052
18051
18036
18037
18023
18022
18021
18006
18007
17991
17976
17963
17962
17948
17949
17950
17935
17919
17920
17905
17904
17888
17889
17874
17873
17872
17856
17857
17839
17821
17822
17823
17811
17798
17785
17784
17797
17810
17809
17796
17783
17782
17795
17808
17820
17838
17837
17819
17807
17794
17781
17768
17769
17770
17771
17772
17773
17774
20355
17761
17749
17735
20354
20353
17718
17701
20352
20351
17684
17670
17669
17683
15851
17700
15852
17717
15853
17734
17748
17760
17759
17747
17758
17757
17756
17755
17743
17729
17728
17742
15855
17767
17780
17793
17806
17818
17836
17853
17835
17834
17852
17851
15861
17868
17884
17883
17899
17915
17931
17916
17917
17901
17900
17885
17869
17870
17854
17855
17871
17886
17887
17903
17902
17918
17934
17933
17932
17947
17961
15870
17975
17990
17989
18005
15873
18004
17988
17974
17960
17987
17986
18002
18003
18019
18018
18017
18016
18030
18015
18014
17999
17984
18013
17998
15655
17983
17969
17955
17956
17942
17941
17925
17926
17927
17943
17957
17970
17971
17985
18000
18001
15871
15869
17972
17973
17959
17958
15867
15865
17944
17945
17946
17930
17929
17928
15864
17912
17913
17914
17898
15863
17882
15862
17867
17848
17847
17866
17897
17896
17895
17911
17910
17909
15654
17893
17894
17878
17862
17844
17845
17863
17879
17880
17881
17865
17864
17846
17828
17827
17826
17814
17815
17802
17801
17788
17789
17790
17803
17816
17829
17830
17831
17849
17850
17833
17832
17817
17805
15859
17792
15858
17779
15857
17766
15856
17754
15860
17804
17791
17778
17777
17776
17775
17762
17763
17764
17765
17753
17739
17723
17722
17705
17706
17689
17690
17675
15850
15849
17659
17660
17645
15848
17628
17627
17626
17613
17612
17600
17599
17598
17583
17584
17570
17557
17556
17569
17582
17611
17624
15847
17641
17642
17643
17625
17644
17658
17657
17674
17688
17687
17704
17721
17738
17752
17751
17750
15653
17736
15652
17719
17737
17720
17703
17702
17685
17671
17672
17686
17673
17656
17655
17654
15651
17640
17623
15650
17610
15649
17597
15648
17581
17568
15647
17555
15646
17538
17539
17540
17541
17542
17529
17530
17513
15841
17496
17481
17467
17482
17483
17468
17455
17442
17429
17417
17404
17391
17376
17377
17378
17379
17380
17364
17363
17352
17353
17341
17340
17327
17326
17325
17324
17310
17297
17284
15833
15832
17271
17258
15831
15830
17245
17231
17215
15828
17201
15826
17184
15825
15824
17169
17155
15823
15822
17141
17142
17128
17127
17113
17112
17111
17095
17094
17110
17125
17126
17140
17154
17139
17138
17152
17153
17167
17168
17182
17199
17183
17200
17214
17230
17229
17213
17212
17211
17228
17227
17241
17255
17242
17243
17244
17256
17257
17270
17283
17296
17295
17294
17293
17306
17319
17320
17321
17307
17308
17309
17322
15834
17323
17339
17351
17362
17375
17374
15836
17390
17403
17416
17428
17441
17454
17427
17415
17402
17389
17401
17400
17414
17426
17439
17440
17453
17452
17451
17466
17479
17480
15840
17495
17512
17528
17527
17526
17525
17509
17510
17511
17494
15839
17478
17465
17464
17477
17493
17476
17463
15645
17450
15644
17437
15643
17438
17425
15837
17413
17412
15642
17399
15641
17386
15640
17387
17388
17373
17372
17371
17370
15639
17359
17360
17361
17350
17338
17337
17336
17349
15835
17348
17347
15638
17335
17318
17305
15637
17292
15636
17279
17266
17280
17281
17282
17269
17268
17267
17254
17253
17240
17226
15635
17210
15634
17196
17179
15633
17180
17197
17198
17181
17166
17165
17151
17137
17122
15632
17123
17124
17109
17108
17107
17091
15631
17092
17093
17075
15818
17060
17061
17046
17047
17062
17076
17077
17063
17048
17034
17033
17032
17031
17045
15630
17074
17059
17044
17030
17019
17020
15812
17009
17008
17007
15629
16995
15628
16983
15627
16966
16967
16968
16985
16984
16996
16997
16986
16969
16957
16958
16971
16970
16987
16999
16998
17010
17021
17011
17022
17035
17049
17064
17078
17079
15819
17096
17080
17081
17097
15820
17129
17143
17157
17171
17186
17156
17170
17185
17202
17216
17203
17187
17188
17189
17190
17172
17158
17144
17130
17115
17116
17131
17132
17117
17102
17103
17118
17119
17104
17088
17089
17072
17056
17041
17028
17017
17005
16993
16981
16980
16979
16991
16992
17004
17003
17002
16990
16978
16989
17001
17013
17014
17015
17016
17027
17026
17039
17040
17055
17054
17053
17038
17025
17024
15814
17037
17052
17051
17083
17084
17068
15816
17069
17070
17071
17087
17086
17085
17101
17100
17099
17114
15821
17098
17082
17067
17066
17065
17050
15813
15815
17036
17023
17012
17000
16988
16972
16959
16973
16974
16975
16976
16977
16960
16961
16962
16963
16964
16952
16951
16950
16949
16948
16947
16946
16945
16944
16943
15808
16931
16932
16920
16919
16903
16888
16887
16902
16918
16930
16942
16941
16929
16917
16916
15806
16928
15807
16940
15809
16956
16955
16939
16927
16915
15626
16899
16883
15625
16870
15624
16853
15623
16838
15622
16824
15621
16809
16810
16825
16826
16840
16839
16854
16841
16842
16843
16857
16856
16855
16872
16871
16884
16885
15803
16900
16901
16886
16873
16874
16875
16858
15800
16859
16860
16861
16844
16830
16815
16816
16817
16818
16787
16788
16789
15795
16760
16759
16758
16757
16756
15794
16773
16786
16802
16801
16785
16784
16772
16771
16770
16782
16783
16799
16800
16813
16814
16829
16828
16827
16812
16811
16798
16797
16796
15620
16780
16781
16769
16768
16751
15619
16738
16722
16723
16709
16708
16698
15618
16688
15617
16672
15616
16663
15615
16664
16665
16656
16648
16647
16655
15787
16646
15614
16637
15613
16628
15612
16612
15611
15785
16605
16613
16629
16638
16639
16630
16614
15786
16589
16590
16591
16592
16606
16615
16631
16640
16649
16657
16666
16675
15788
16674
16673
16689
16690
16700
16699
16710
16724
16725
16726
16742
16741
16740
16739
15793
16752
16753
16754
16755
16743
16727
16728
16729
15791
16730
16715
16714
16713
16702
16701
16712
16711
16691
16692
16676
16677
16678
16679
16680
16681
16682
16683
16667
16658
16659
16651
16650
16641
16642
16632
16623
16622
16621
16620
16619
16618
16617
16616
16598
16597
16596
16595
16594
16593
16582
15783
16574
16565
16556
16547
16539
16531
16523
16515
16508
16493
15778
16471
16472
16494
16495
16496
16497
16498
16499
16509
16500
16501
16510
16511
16518
16517
16516
16524
16525
16526
16534
16542
16541
16533
16532
16540
16548
16549
16550
16558
16557
16566
16567
16576
16577
16585
16586
16603
16610
16609
16602
16584
16575
16583
16601
16608
16600
16599
16607
16624
16633
16634
16625
16626
16627
16636
20308
20309
16645
16644
16635
16643
16652
16660
16661
16653
16654
20310
20311
16662
20312
16671
16687
16686
16696
16695
16685
16670
16669
16668
16684
16694
16693
15789
16718
16703
16704
16705
16719
16720
16706
16697
20313
20314
16707
16721
16737
16750
16767
16779
16795
20315
20316
16808
15798
15799
16837
20317
16852
16869
16882
16881
16880
16896
16912
16911
16910
16894
16895
16879
16878
16877
15801
16863
16864
16865
16866
16867
16868
16851
16850
16849
16836
16835
16834
16848
16847
16846
16832
16833
16820
15797
16821
16805
16806
16822
16823
16807
16794
15796
16778
16766
16749
16736
16735
16734
16733
16732
15790
16717
16716
16731
15792
16744
16745
16746
16763
16764
16747
16748
16765
16777
16776
16793
16804
16792
16775
16762
16761
16774
16791
16790
16803
16819
16831
16845
16862
16876
16891
16890
16889
15802
15804
16904
16905
16906
16907
16908
16892
16893
16909
16922
16921
16933
16934
16935
16923
16924
16936
16937
16925
15805
16913
16897
16898
16914
16926
20318
16938
16954
16953
15810
16965
15811
16982
20319
20320
16994
17006
20321
20322
17018
20323
17029
17043
17042
17057
15817
17058
17073
17090
17106
17105
17120
17121
17136
20324
20325
17150
17164
20326
20327
17178
17177
17194
17195
17209
17208
15827
17193
17175
17176
17162
17163
17149
17135
17148
17134
17133
17147
17161
17160
17146
17145
17159
17173
17174
17191
17192
17207
17206
17205
17204
17218
17217
15829
17232
17233
17219
17220
17221
17222
17223
17236
17249
17248
17235
17234
17247
17246
17259
17272
17285
17298
17299
17286
17273
17260
17261
17274
17287
17300
17313
17312
17311
17328
17329
17330
17342
17354
17355
17356
17344
17343
17331
17314
17301
17288
17275
17262
17263
17264
17251
17250
17237
17238
17224
17225
17239
17252
20328
20329
17265
17278
20330
20331
17291
20332
17304
17303
17290
17277
17276
17289
17302
17315
17332
17333
17316
17317
20333
13235
13219
13202
13203
13220
13236
13248
13247
13258
13259
11732
13268
13269
13260
13249
13250
13261
13271
13270
13281
13280
13291
13302
13313
13314
13315
13325
13324
13323
13333
13344
13360
13369
13359
11522
13343
13332
11521
13322
11733
13312
13311
11520
13300
11519
13301
13290
13279
11517
13278
11518
13289
20337
17398
20338
17411
17410
17397
17384
17385
17369
20336
20335
17358
17346
20334
17334
17345
17357
17368
17367
17366
17365
17381
17394
17393
17392
17405
17418
17406
17419
17430
17443
17456
17469
17457
17458
17445
17444
17431
17432
17433
17421
17420
17407
17408
17395
17382
17383
17396
17409
17422
17423
17424
20339
20340
17436
17435
17434
17446
17459
17460
17447
17448
17449
20341
20342
20343
20344
17492
17475
17462
17461
17473
17474
15838
17491
17506
17505
17490
17472
17471
17470
17488
17489
17504
17503
17519
17520
17521
17535
17534
17533
17532
15845
17548
17549
17550
17551
17552
17553
17536
15844
17522
17523
17507
17508
17524
17537
17554
20345
20346
17567
17566
17565
17564
17563
17576
17592
17605
17604
17617
17618
17635
17634
17648
17649
17666
17665
17679
17697
17696
17695
17677
17678
17664
17647
17633
17616
17615
17602
17603
17590
17574
17591
17575
17562
17561
17560
17573
17589
17588
17587
17572
17559
17546
17547
17515
17516
17500
17501
17517
17518
17502
17487
17486
17485
17484
17499
17498
17497
15842
17514
15843
17531
17545
17544
17543
17558
17571
15846
17585
17586
17601
17614
17629
17630
17631
17632
17646
17663
17662
17661
17676
17692
17691
17708
17707
17724
17740
17725
17709
17726
15854
17741
17727
17710
17693
17694
17711
17712
17713
17714
17731
17730
17744
17745
17746
17732
17733
17716
17715
17698
17680
17681
17699
17682
17668
17667
17650
17636
17619
17606
17593
17577
17578
17594
17607
17620
17637
17651
17652
17653
20350
17639
17638
17621
17622
20349
20348
17609
17608
17595
17596
17579
17580
20347
13452
13441
13431
13421
13404
13403
13385
13386
13370
13371
13387
13405
11737
13422
11739
13432
11741
13442
11742
13453
13470
13471
13454
13472
13482
13483
13500
11744
13484
13485
13486
13487
13488
13489
13490
13491
13473
13462
13461
13460
13459
13458
13457
13456
13455
13445
13435
13434
13444
13443
13433
13423
13406
13407
13424
13425
13408
13390
13389
13388
13372
13373
13363
13346
13362
13361
13345
13334
13335
13336
13347
13348
13337
13326
13316
13305
13294
13304
13303
13292
13293
13282
13283
13272
13262
11730
13251
11728
13239
11727
13224
13223
13222
13238
13237
13221
13204
13205
13206
13195
13196
13207
13208
13209
13210
13225
13226
13227
13228
13211
13229
13212
13213
13214
13198
13187
13215
13231
13230
13240
11729
13252
13241
13242
13243
13232
11725
13216
13217
13234
13233
13244
13255
11731
13265
13254
13253
13264
13263
13273
13274
13275
13286
13285
13284
13295
13306
13317
13327
13318
13328
13329
13319
13308
13307
13296
13297
13298
13287
13277
13276
13266
13256
13245
13246
13257
13267
15341
15342
13288
13299
15343
15344
13310
13309
13320
13321
15345
15346
13331
13330
13341
13357
13367
13383
11736
13382
11735
13366
13356
11734
13340
13339
13338
13355
13365
13381
13380
13379
13354
13353
13352
13351
13350
13349
13364
13374
13375
13376
13377
13378
13394
13393
13392
13391
13409
13410
13411
13412
13413
13395
13396
13397
13415
13414
13426
13436
13446
13447
13463
13474
13475
13493
13494
13476
13477
13504
13503
13492
13502
13501
13510
13511
13512
13513
13521
13520
13528
13529
13537
13554
13553
13552
13536
13535
13527
13519
13518
13526
13534
13551
13568
13585
13586
13601
13600
13617
13618
13619
13626
13632
13627
13628
13622
13605
13604
13621
13620
13603
13602
13587
13569
11748
13570
13571
11749
13588
13589
15360
13572
15359
15358
13555
11747
13538
15357
15356
13530
13522
15355
15354
13514
13505
15353
15352
13495
11743
13478
15351
13467
13466
13465
13464
13448
13449
13450
13451
15350
13440
13430
13429
13439
13438
13437
11740
11738
13416
13398
13399
13417
13427
13428
13418
13400
13401
13419
13420
13402
13384
13368
15349
15348
13358
13342
15347
9187
7731
9188
9198
9197
7732
9214
9215
9226
9225
9242
9252
9270
7733
9279
9288
7734
9304
9320
9336
9346
9357
9368
9369
9384
9395
9406
9417
9418
9419
9407
7989
9396
7988
9385
7987
9370
9371
9386
9397
9408
9432
9449
9450
9433
9420
7990
9409
9398
9387
9388
9399
9410
9421
9434
9435
7991
9436
9437
9438
9439
9440
7992
9451
9462
9461
9478
9479
9490
9491
9480
9463
9452
9442
9443
9453
9464
9465
9482
9481
7994
9492
9510
9519
7995
11238
9493
11237
11236
9455
9454
9444
9426
9415
9416
9427
11235
11234
11233
9405
11232
11231
9394
9393
9392
9403
9404
9414
9425
9424
9441
9423
9422
9411
9400
9401
9412
9413
9402
9389
9390
9391
9381
9382
9383
9367
11230
11229
9356
9366
9365
9354
9355
9345
9344
7983
9333
9343
9352
9353
9364
9380
9379
9363
9351
9362
9378
9377
9376
9375
9374
9373
9372
7986
9361
9350
9340
9324
7981
9308
9307
9306
9322
9323
9339
9338
9348
9349
9360
9359
9358
7985
9347
7984
9337
7982
9321
7980
9305
9289
9290
9291
9292
9282
9281
9280
9271
7977
9255
9272
9273
7978
9293
7979
9309
9325
9326
9310
9294
9295
9296
9312
9311
9327
9328
9329
9313
9297
9298
9283
9284
9299
9315
9314
9330
9341
9342
9331
9332
9316
9317
9318
9334
9335
9319
9303
9287
11228
11227
9278
9277
9268
9269
9251
9241
11226
11225
9224
9223
7974
9240
9250
7976
9266
9267
9286
9302
9301
9300
9285
9276
9275
9274
9264
9265
9248
9249
9239
9222
9211
9210
9194
9193
9209
9208
9207
9206
9205
9204
9203
9192
9182
9173
9181
9180
9190
9200
9201
9191
9202
9219
9230
9231
7975
9232
9233
9234
9235
9236
9220
9221
9238
9237
9247
9263
9262
9261
9260
9259
9258
9257
9256
9246
9245
9244
9254
9253
9243
9227
9228
9229
9218
9217
9216
9199
9189
9179
9178
7973
9169
9168
7730
9158
7729
9148
7728
9132
9149
9159
9160
9150
9151
9161
9170
9171
9172
9162
9163
9153
9152
7972
9135
9136
9137
9138
9139
9140
9141
9142
9128
9129
9130
9143
9154
9164
9174
9183
9184
9175
9176
9185
9195
9212
9213
9196
9186
11224
11223
11222
11221
11220
11219
9147
9146
9157
9167
9177
9166
9165
9155
9156
9144
9145
9131
9124
11218
11217
9116
9100
9092
11216
11215
9058
9048
9047
9046
9054
9055
9056
9057
9075
9074
9090
9091
9099
9115
7970
9098
9097
9114
9123
9122
9113
7969
9096
7968
9087
9088
9089
9073
9072
9071
9070
9086
9085
9069
9068
9067
9083
9084
9112
9121
9111
9110
9109
9108
9107
9120
9127
9119
9126
9134
9133
9125
7971
9118
9117
7727
9101
9093
9094
9102
9103
9104
9105
9106
9095
9080
9079
7967
9078
9062
9063
9064
9081
9082
9066
9065
9053
9045
9037
9030
9023
9008
9007
8991
8998
9009
9010
9011
9012
9013
9014
9015
9016
9017
8999
9000
9001
9019
9018
9024
9031
9038
9039
9032
9025
9026
9033
9040
9041
9049
9050
11214
11213
9042
9034
7962
9027
11212
11211
11210
9003
7960
9020
9002
8994
8993
8992
8985
8986
8987
7958
8995
8988
11209
11208
8980
8972
11207
11206
8964
8955
11205
11204
8939
8923
11203
5795
5785
5774
5758
5748
5738
5721
5713
5706
5689
4678
5690
5691
5682
5681
5680
4677
5670
4676
5660
4675
5650
4674
5640
11197
8777
8769
11196
8761
8752
8743
11195
11194
11193
8709
8717
7940
8734
8742
8751
8760
8759
8750
8741
8733
8716
8708
8700
8701
11192
8685
8684
8683
8682
7938
8699
8707
8706
8714
8715
8732
8740
7941
8731
8730
8729
8728
8727
8726
8725
8724
8739
8738
8722
8723
8713
8712
8705
8691
8673
8657
8658
8641
8624
8625
8626
8644
8645
8662
8663
8664
8679
8678
8677
8661
8660
8643
8642
8659
8674
8692
8693
8675
8676
8694
8695
8696
8697
8698
8680
8681
8665
8666
8667
8650
8633
8616
8608
8607
8606
8589
7931
8572
8573
7932
8574
8566
8565
8564
8556
8557
8539
8540
8531
8523
8530
8522
8521
8529
8538
8555
8554
8553
8552
8587
8588
8603
8604
8605
8614
8615
8632
8649
8648
8631
8630
8647
8646
8629
8628
8627
8601
8602
8586
8585
8584
8600
8599
8583
8582
8598
8597
8613
8623
8640
8639
8656
8655
8638
8654
8653
7937
8670
8688
8689
8671
8672
8690
8704
8703
8711
7939
8720
8721
8737
7942
8746
8747
8748
7944
8757
8766
8774
8782
8791
8806
8815
8814
7950
8831
8832
8816
8817
8833
8834
8818
8792
8793
8794
8795
8796
8797
8798
8775
8767
7945
7943
8749
8758
8768
8776
8784
8783
8799
8822
8821
8820
8819
8835
8836
8837
8838
8839
8840
8824
8823
8807
8808
8800
8801
8825
8841
8842
8826
8809
8802
7946
8785
11198
11199
11200
8810
8827
8843
11201
11202
8862
8853
8852
8861
7952
8878
8896
8914
8913
8895
8894
8893
8877
8859
8860
8851
8850
8875
8876
8892
8910
8920
8921
8911
8912
8922
7953
8938
7954
8954
8963
8971
8979
8978
8977
8969
8970
8962
8961
8953
8952
8951
8950
8949
8933
8934
8935
8936
8937
8909
8891
8890
8874
8873
8872
8871
8887
8888
8889
8908
8907
8906
8905
8904
8903
8885
8886
8870
8869
8868
8858
8849
8848
8847
8830
7949
8813
8805
8790
8789
8788
7947
8804
8812
7948
8829
8845
8846
7951
8855
8856
8857
8867
8883
8884
8902
8901
8900
8882
8866
8865
8864
8881
8899
8916
8917
8927
8943
8944
8928
8918
8919
8929
8930
8931
8932
8948
8947
8946
8945
7955
8960
8968
8976
8984
7956
8975
8967
8966
8974
8983
7957
8990
7959
8997
9006
9022
7961
9029
7963
9036
7964
9044
7965
9052
9061
9077
7966
9060
9076
7726
9059
9051
9043
9035
9028
9021
7725
9004
9005
8996
8989
8981
8982
8973
7724
8965
7723
8956
8957
8958
8959
8942
8941
8940
8926
8925
8924
8915
7722
8897
8898
8880
8879
8863
8854
8844
7721
8828
8811
7720
8803
8786
8787
8779
8778
7719
8770
7718
8762
7717
8753
8763
8771
8764
8772
8780
8781
8773
8765
8756
8755
8754
8745
8744
8735
7716
8718
8736
8719
8710
8702
7715
8686
8687
8669
7714
8652
8635
8618
8610
8619
8636
8637
8620
8621
8622
8612
8596
8595
8611
7933
8594
8593
8592
8576
8568
8577
8578
8579
8580
8581
8571
8563
8547
8548
8549
8550
8551
8528
8537
8536
8546
8562
8570
8569
7930
8561
8545
8535
8544
8543
8560
8559
7713
8542
8533
7712
8534
8525
7928
8517
8516
7711
8507
7710
8508
8499
8491
8490
7709
8498
15313
12467
12483
15314
15315
12499
12515
15316
15317
15318
12546
12531
12530
12514
12498
12482
12466
12451
12452
15312
15311
12436
12435
12434
12450
12465
12464
12480
12479
12495
12496
12481
12497
12513
12529
12544
12545
12561
12562
15319
15320
12578
15321
12594
12610
12628
12609
11686
12592
12593
12577
12576
12560
12543
12528
12512
12511
12510
12494
12493
12509
12525
12526
12527
12542
12558
12559
12575
12591
12608
11685
12590
12574
12573
12572
12588
12589
12607
12624
11688
12623
12606
12622
12638
12637
12621
12620
12604
12605
12587
12571
12555
12556
12557
12541
12540
12539
12524
12508
12492
12476
12477
12478
12461
12460
12445
12429
12430
12431
12432
12448
12447
12446
12462
12463
12449
12433
12418
12419
12420
12421
15310
15309
12405
12404
11681
12389
11680
12372
12373
12357
12342
15308
12296
12311
11674
12328
12341
12356
12355
12354
12371
12370
12388
12403
12387
12402
12417
12416
12401
12386
12368
12369
12353
12352
12367
12385
12400
12415
12414
12399
12384
12383
12366
12365
12348
12349
12350
12351
12337
12336
12322
12321
12303
12288
12274
12258
12273
12272
12287
12271
12286
12302
12301
11673
12317
12316
12332
12345
12360
11679
12359
11678
12344
12330
12331
12315
12300
12284
12299
12314
12313
12312
12329
11488
12343
12358
12374
12375
12391
12392
12376
12377
12378
12361
12362
12346
11677
12333
12334
12318
12319
12320
11675
12335
12347
12363
12364
12382
12398
12397
12413
12428
12444
12459
12475
12491
12507
12523
12538
12554
12570
12586
12603
12619
11687
12636
12652
12653
12654
12655
12671
12687
12720
12721
12722
12723
12708
12691
12692
12675
12658
11690
12641
12657
12674
12673
12690
12707
12706
12705
11692
12688
12689
12672
11691
12656
11689
12639
12640
12625
12626
12627
12642
12643
12659
15322
12676
12693
15323
15324
12710
12709
12725
12724
12739
12738
12737
12754
12755
12773
12772
12771
12753
12736
12735
12734
12719
12704
12686
12670
12669
12668
12685
12703
12702
11694
12718
12750
12749
12748
12733
12732
12731
12746
11695
12745
12762
12763
12764
12765
12747
12766
12767
12768
12751
12752
12770
12769
12784
12785
12786
12787
12788
12817
12818
12805
11697
12789
12774
11696
12757
12756
12740
12726
15325
12741
12758
12775
15326
15327
12790
11698
12819
12836
12853
12864
12879
12878
12895
12894
12893
12892
12875
12874
12891
11708
12903
12916
12928
12940
12951
12967
12968
12969
12985
11713
13002
12986
12970
12953
12952
12941
12929
12917
12904
12905
11709
12918
12906
12896
12907
12919
12930
12942
11710
12931
15328
15329
12954
12971
12987
13003
13013
13030
13029
13039
13038
13048
11718
13066
13049
13040
15330
15331
13050
13067
13076
13092
13093
15332
13103
13113
15333
15334
13123
13140
13139
13157
11720
15335
15336
15337
15338
15339
15340
11726
13218
11724
13201
13191
11722
13174
11721
13173
13190
13200
13199
13189
13188
13171
13172
13154
13136
13135
13153
13170
13169
13186
13197
13185
13184
13167
13168
13151
13150
13149
13166
13165
13183
13182
13181
13164
13163
13180
13179
13162
13145
13146
13127
11719
13126
13125
13142
13143
13144
13161
13160
13177
13178
13194
11723
13193
13192
13175
13176
13159
13158
13141
13124
11516
13114
11515
13104
11514
13094
11513
13077
13068
13095
13105
13115
13116
13106
13096
13078
13079
13080
13097
13098
13081
13071
13070
13055
13056
13057
13058
13059
13060
13061
13062
13045
13035
13024
13009
13023
13022
13021
13020
13019
13018
13034
13044
13043
13033
13017
13016
13007
13008
12993
12994
12976
12975
11711
12958
12992
12991
12990
12989
13006
13005
11715
13015
13032
11716
13042
13054
13069
11717
13053
13052
13051
13041
13031
11512
13014
11511
13004
11510
12988
12972
12955
12956
12973
12974
12957
12945
12935
12946
12947
12936
12924
12923
12911
12910
12922
12934
12933
12944
12943
11509
12932
11508
12920
11507
12908
11506
12897
12898
12909
12921
12899
12900
12901
12883
11706
12882
12881
12880
11505
12865
12854
12855
12856
11704
12866
12867
12857
12858
11705
12859
12868
12869
12870
12871
12888
12887
12886
11707
12885
12884
12912
12913
12925
12937
12948
12959
12960
12961
12962
12926
12938
12949
12965
12964
12963
12979
12978
12977
12995
12996
12997
12998
12980
12981
12999
13000
13010
13026
13025
13036
13046
13063
13073
13072
13087
13086
13085
13084
13083
13082
13108
13107
13117
13118
13128
13129
13147
13148
13130
13131
13132
13133
13152
13134
13119
13120
13110
13109
13099
13100
13088
13089
13090
13101
13111
13121
13137
13155
13156
13138
13122
13112
13102
13091
13075
13074
13065
13064
13047
13037
13027
13028
13012
13011
11714
13001
11712
12984
12983
12982
12966
12950
12939
12927
12915
12914
12902
12890
12889
12872
12873
11703
12847
12848
12849
12860
12861
12876
12877
12862
12863
12852
12835
12834
12851
12850
12833
12832
12815
12816
12804
12803
12802
12801
11699
12814
12831
12830
12829
12846
12845
12828
12800
12799
12798
12783
12782
12813
11700
12827
12844
11702
12843
12842
12826
12825
12841
11701
12824
12823
12840
12839
12838
12837
11504
12820
11503
12806
11502
12791
12807
12821
12822
12808
12792
12793
12794
12809
12810
12811
12812
12797
12796
12781
12780
12795
12779
12778
12761
12744
12743
12760
12777
12776
11501
12759
12742
11500
12728
12727
11499
12711
12694
12695
12712
12713
12729
12730
12714
12697
12696
12679
12680
12663
12662
12661
12678
12677
11498
12660
12644
12629
12611
12595
12596
12580
12579
11497
12563
11496
12547
11495
12548
12532
11684
12517
12516
11494
12500
11493
12501
12485
12470
12486
12487
12471
12472
12488
12504
12503
12502
12518
12533
12519
12520
12535
12534
12549
12565
12564
12581
12582
12583
12584
12600
12599
12598
12597
12613
12612
12630
12645
12646
12631
12647
12632
12614
12633
12615
12616
12634
12649
12648
12664
12681
12698
12699
11693
12715
12716
12717
12701
12684
12667
12666
12683
12700
12682
12665
12650
12651
12635
12617
12618
12602
12601
12585
12569
12568
12567
12566
12550
12551
12536
12552
12553
12537
12522
12521
12505
12506
12490
12474
12489
12473
12455
12456
12457
12458
12443
12442
12426
12427
12412
12396
12381
12380
12379
12395
12411
12410
12394
12393
12409
12408
12407
12390
11489
12406
12422
11490
12437
12438
12423
11682
12424
12425
12441
12440
12439
12454
11683
12453
12469
11491
12468
11492
12484
20307
16611
16604
16587
20306
16578
15782
16569
16568
16559
16560
16551
16552
16561
16570
20305
20304
20303
16543
15780
16535
20302
20301
16527
16519
20300
15779
16504
16503
16502
16488
16465
16481
15776
16489
20299
20298
15773
16441
16440
16449
16448
15774
16464
15775
16480
16487
16486
16479
16463
16462
16478
16461
16477
16476
16475
16460
16459
16458
16474
16473
16457
16456
16455
16454
16453
16470
16469
16485
16492
16507
16514
16522
16530
16538
16546
16545
16537
16529
16521
16513
16506
16491
15777
16484
16483
16467
16468
16452
16451
16443
16444
16445
16436
16419
16410
15770
16420
15771
16421
16422
16423
16424
16425
16426
16427
15772
16437
16446
16447
16438
16439
16430
16431
16432
16415
15769
16404
16405
16388
16370
16354
16353
16336
20297
20296
16329
16322
20295
15766
16309
20294
20293
20292
16280
16286
16302
16301
16300
16285
16284
16279
16278
16272
16273
16266
16265
16258
16251
16244
16238
16239
16245
16246
16253
16252
16259
16260
16267
15763
16274
16268
20291
20290
16261
16254
20289
20288
16247
16240
15762
15761
16234
16228
15760
16222
20287
16216
16211
16206
15758
16205
16204
16210
16215
16221
16227
16233
16232
16226
16220
15759
16203
16202
16201
16200
16199
16198
16197
16196
16195
16194
16193
16177
16176
16175
15757
16192
16209
16208
16174
15755
16167
16170
16178
16179
16180
16181
16182
16183
16184
16185
16186
16187
16188
15756
16171
16189
16190
16172
16168
20286
11469
11900
11470
11902
11471
11904
11472
11906
11473
11908
11911
11912
11929
11910
11928
11931
11474
11934
11475
11938
11942
11476
11957
11477
11973
11478
11979
11985
11986
11987
11980
11974
11958
11648
11943
11944
11940
11939
11935
11936
11932
11645
11644
11913
11914
11915
11916
11917
11918
11919
11920
11921
11922
11923
11924
11925
11926
11927
11909
15286
15285
11907
11905
15284
15283
11903
11901
15282
15281
11899
11898
15280
15279
11896
11894
15278
15277
15276
15275
15274
15273
15272
15271
15270
15269
15268
15267
15266
15265
15264
15263
15262
15261
15260
15259
15258
15257
15256
15255
15254
15253
15252
15251
15250
15249
15248
15247
15246
15245
15244
15243
15242
15241
15240
15239
15238
15237
15236
15235
15234
15233
7639
7640
7641
7642
7643
7644
7645
7646
7647
7648
7649
7650
7651
7652
7653
7654
7655
7656
7657
7658
7659
7660
8066
8067
8068
8069
8070
7661
8083
7662
8084
7663
8085
7664
8086
7665
8087
7666
8088
7667
8089
7668
8090
7669
8091
7670
8092
7671
8093
7672
8094
7673
8095
7674
8096
7675
8097
7676
8098
7677
8099
7678
8100
7679
8101
7680
8102
7681
8103
7682
8104
7683
8105
7684
8106
7685
8107
7686
8108
7687
8109
7688
8110
7689
8111
7690
8112
7691
8113
7692
8114
8115
7693
8133
8134
8149
8152
7694
8155
7695
8159
8174
8178
8182
8187
8204
7696
8221
8226
7697
8230
8234
7698
8251
8255
7699
8259
8274
8277
8280
7700
8284
8289
8307
8308
8290
8285
8291
8292
8310
8309
7908
7909
7910
7911
7912
8356
8359
8346
8345
8344
8343
8342
7913
8338
8334
8330
8326
8311
8312
8313
8314
8315
8297
8296
8295
8294
8293
8286
8281
8278
8275
7907
7905
7903
8260
7901
8235
8236
8237
8231
8227
7899
8222
8205
8206
8207
8223
8208
8190
8191
8184
8180
8176
7897
8189
8188
8183
8179
7895
8175
7893
8160
8156
8153
8150
8135
8116
8117
8118
8119
8120
8121
8122
8123
8124
8125
8126
8127
8128
8129
8130
8131
8132
11152
11151
11150
11149
11148
11147
11146
11145
11144
11143
11142
11141
11140
11139
11138
11137
11136
11135
11134
11133
11132
11131
11130
11129
11128
11127
11126
11125
11124
11123
11122
11121
8082
8081
8080
8079
8078
8077
8076
8075
8074
8073
8072
8071
11120
11119
11118
11117
11116
11115
11114
11113
11112
11111
11110
11109
11108
11107
11106
11105
11104
11103
11102
11101
11100
4589
4590
4591
4592
4593
4594
4595
4596
4597
4598
4599
4600
4601
4602
4603
4604
4605
4606
4607
4608
4609
4978
4610
4611
4612
4613
4614
4615
4616
4617
4618
4619
4620
4621
4622
4623
4624
4625
4626
4627
4628
4629
4630
4631
4632
4633
4634
4635
4636
4637
4638
4639
4640
4641
11153
8148
7889
7891
8147
8146
8145
8144
8143
8142
8141
8140
8139
8138
8137
8136
7887
7886
7888
8151
7890
8154
8157
7892
8161
8162
8163
8164
8165
8166
8167
8197
8196
8195
8194
8193
8192
8209
8210
8211
8212
8213
8214
8215
8198
8199
8216
8200
8217
8218
8201
8168
8169
8170
8171
7894
8172
8158
11154
8173
8177
7896
8181
11155
11156
8186
8185
8203
8202
8219
8220
7898
11157
11158
8225
8224
8228
8232
8249
8248
8247
8246
8245
8244
8243
8242
8241
8240
8239
8238
8252
8256
7902
8261
8262
8263
8264
8265
8266
8267
8268
8269
8270
8271
8257
8253
8254
8250
7900
8233
8229
11159
11160
11161
11162
11163
8258
8273
8276
8272
7904
7906
8279
11164
11165
8288
8283
8282
8287
8306
8305
8304
8303
8302
8301
8300
8299
8298
8316
8317
8318
8319
8320
8321
8322
8323
8327
8328
8324
11166
11167
8332
8331
8335
8336
11168
11169
5218
4653
5221
5222
5223
5227
5226
4654
5225
5229
5250
5266
5271
11173
11172
11171
11170
7915
7914
8354
8340
8339
8347
8348
8349
8350
8351
8352
8353
8357
8360
7916
8376
8380
8384
8388
8387
8383
8379
8375
8374
8373
8372
8371
8370
8369
8368
8367
8366
8392
8393
8394
8395
8396
8397
8413
8412
8411
8410
8409
8408
8407
8424
8423
8430
8431
8438
8437
8436
8429
8422
8405
8406
7917
8391
8386
8382
8378
8365
8364
8363
8362
8358
7702
8355
7701
8341
8337
8333
8329
8325
15302
12180
12179
12178
12162
12161
11665
12151
12134
12152
12153
12154
12163
12164
12155
12137
15301
15300
15299
15298
12088
11660
12105
11661
12122
12129
12128
12136
12135
12127
12126
12120
12121
12104
12103
12102
12086
12101
12119
12118
12117
12116
12115
12114
12097
12098
12099
12100
12085
12084
12083
12082
12081
12080
12069
12062
12047
12048
12049
12050
12051
12052
12053
12054
12063
12070
11659
12087
12071
12064
12065
12072
12073
15297
11657
12057
15296
12040
12039
11656
12056
12038
12055
11655
12030
12022
12015
12007
12008
12016
12023
12031
12032
15295
11653
15294
12009
15293
15292
11984
11978
15291
11972
11956
11941
15290
15289
15288
15287
11930
11933
11937
11955
11954
11953
11952
11951
11950
11949
11948
11947
11946
11647
11646
11945
11959
11960
11975
11981
11990
11991
11982
11976
11961
11962
11963
11964
11965
11966
11967
11968
11969
11970
11971
11977
11983
12001
12000
11650
11999
11998
11997
11996
11995
11994
11993
11992
12006
12014
12021
12029
12037
11654
12046
12045
11658
12061
12060
12044
12036
12027
12028
12020
12013
12005
11649
11989
11988
12012
12019
12018
11652
12011
11651
12004
12003
12002
12010
12017
11479
12024
12033
12041
12034
12025
12026
12035
12043
12042
12059
11480
12058
12066
12074
12089
12090
12091
12075
12067
12068
12076
12077
12078
12079
12094
12095
12096
12113
12112
12111
12125
12133
11663
12110
12093
12092
12109
12132
12124
11662
12108
12107
12106
12123
12130
12131
12138
12156
12165
11481
12181
11482
12192
11483
12203
11484
12214
12225
12237
11485
12253
11486
12265
11487
12282
12297
12298
12283
12266
12267
12254
12255
12256
11671
12268
12269
11672
12285
12270
12257
12241
12240
11670
12228
12227
12239
12238
11669
12226
11667
12215
12204
12205
12216
12217
12206
12195
12194
12193
12182
12183
12184
12170
12169
12168
12167
12166
12157
12139
12140
12158
12159
12141
12142
12143
11664
12160
12144
12145
12146
12147
12148
12149
12150
11666
12176
12177
12188
12187
12198
12199
12200
12211
12222
12221
12210
12209
12220
12232
12233
12249
12261
12260
12248
12247
12231
12230
11668
12219
12208
12197
12186
12175
12174
12173
12172
12171
12185
12196
12207
12218
12229
12242
12243
12244
12245
12246
12259
12275
12276
12277
12292
12307
12325
12306
12291
12290
12289
12304
12305
12323
12324
11676
12338
12339
12340
12327
12326
12308
12293
12294
12309
12310
12295
12280
12281
12264
12263
12279
12278
12262
12250
12234
12235
12223
12212
12201
12189
12190
12191
15303
15304
12202
12213
15305
15306
12224
12236
12251
12252
15307
8361
7703
8377
7704
8381
7705
8385
8389
8390
7918
7706
8421
8428
7707
7708
8435
8443
8442
8458
8466
8474
8459
8467
8475
7925
8482
8483
8484
7926
8492
8500
8493
8501
8510
8509
8518
8526
8527
8519
8520
8511
8502
8494
8486
8485
8477
8478
8470
8462
8461
8469
8476
7924
8468
7923
8460
7922
8444
7920
8445
7921
8446
8447
8448
8449
8450
8451
8452
8453
8454
8455
8464
8465
8456
8441
8434
8433
8440
8439
8432
8425
7919
8417
8416
8415
8414
8398
8399
8400
8401
8418
8402
8403
8404
8420
8419
8426
8427
11174
11175
8457
11176
11177
11178
11179
7927
8497
8489
8488
8480
8481
8473
8472
8463
8471
8479
8487
8495
8496
8504
8503
8512
8513
8514
8505
8506
11180
11181
8515
8524
11182
11183
8532
11184
11185
8541
7929
8558
8567
11186
11187
8575
8591
8590
8609
8617
7934
8634
7935
8651
7936
8668
11191
11190
11189
11188
5482
4664
5491
5502
5492
5503
5504
5493
5483
4880
5475
5458
5457
5474
5473
5456
5448
4663
5431
5432
5424
4662
5411
4661
5404
4660
5397
4659
5390
4658
5377
5360
5361
5344
5343
4657
5320
5321
5322
5337
5338
5346
5345
5362
5363
5364
5347
5348
5349
5350
5367
5366
5365
4875
5386
5393
5400
5407
5414
5420
5419
5413
5406
5399
5392
5385
5380
5379
5378
4876
5384
5391
5398
5405
5412
4877
5418
5425
5426
5427
5434
5433
5449
5450
5451
5435
5436
5437
5438
5439
5440
5441
5442
5443
5444
5452
5469
5470
5453
5446
5447
5454
4878
5471
5472
5455
7386
7387
7388
5481
5490
5489
5480
5479
5488
5500
5501
7389
7390
5511
5527
5543
5542
5541
5540
5551
5550
5560
5570
5581
5582
5583
5573
5563
5562
5572
5571
5561
5552
5553
7391
7392
7393
7394
7395
5593
5592
5602
5603
7396
7397
5613
5630
5639
7398
7399
5649
5659
7400
7401
5669
7402
5679
5688
5687
4887
5677
5678
5668
5658
5648
5638
5637
5628
5627
5636
5646
5647
5657
5667
5666
5656
5645
5655
5665
5675
5676
5686
5685
5701
5702
5703
5704
4890
5705
5712
7403
7404
5737
4892
5720
5719
5711
5710
5700
5699
5698
5697
5696
5695
5694
5684
5674
5664
5654
5644
5634
5619
5620
5621
5622
5623
5624
5625
5635
5626
5609
5599
5589
5600
5610
5611
5629
5612
5601
5591
5590
5580
5579
5569
5559
5549
5539
5538
5537
5536
5535
5534
5533
5517
5516
4883
5506
4882
5496
5495
5486
5518
5519
5520
5521
5522
5523
5507
5508
5524
5525
5526
5510
5509
5499
5498
5497
5487
4881
5478
5468
5467
5466
5465
5464
5463
4879
5462
5461
5460
5459
5476
5477
5485
5484
5494
5505
5515
5531
4884
5532
5548
5558
5568
5578
5588
5598
5608
5618
5617
5616
5633
5643
5642
5632
4886
5615
5607
5606
4885
5605
5595
5596
5597
5587
5586
5585
5575
5565
5555
5576
5577
5567
5566
5556
5557
5547
5546
5545
5529
5530
5514
5513
5512
5528
4665
5544
4666
5554
4667
5564
4668
5574
4669
5584
4670
5594
4671
5604
4672
5614
5631
4673
5641
5651
5661
5671
5672
5662
5652
5653
5663
5673
5683
4888
5692
5693
5709
5716
5726
5727
4893
5728
5729
5730
5731
5732
5733
4894
5743
5734
5717
5718
5735
5736
5745
4896
5756
5746
5747
5757
5773
5772
5783
5793
5794
5784
7405
7406
5805
7407
7408
7409
7410
5822
5832
5842
5853
5868
5869
7411
5878
5877
5867
5866
5876
5865
5864
5863
5862
5861
5860
5859
5858
5848
4904
4903
5812
5813
5814
5815
5816
5817
5818
5819
5829
5830
5840
5839
5828
5838
5849
5850
5851
5852
5841
5831
5821
5820
5802
5803
5804
5792
5781
5782
5771
5770
5755
5744
5754
5753
5769
5780
4901
5791
5801
5800
5790
5779
5768
5767
5766
5765
5764
5763
5762
5761
4898
5752
4895
5742
5725
5741
5751
5740
5724
5715
5708
4889
5707
4891
5714
5723
5722
5739
5749
5750
4897
5759
5760
4899
5775
4900
5786
4902
5796
5797
5798
5788
5787
5776
5777
5778
5789
5799
5811
5810
5809
5826
5827
5837
5836
5846
5847
4906
5857
5873
5882
5891
5899
4910
5907
5922
4911
5898
5906
5921
5920
5905
5897
5889
5890
5881
5872
5856
4908
5880
5871
4907
5855
4905
5845
5844
5834
5835
5825
5824
5808
5807
5806
5823
5833
4679
5843
5854
5870
5879
4680
5888
4681
5896
4682
5904
4683
5919
4684
5934
5942
5941
4685
5956
5972
5978
4917
5979
5973
5957
5974
5980
5995
6001
4686
6000
4687
6006
4688
6012
4689
6018
4918
4690
6029
6035
4691
6052
6059
6036
6037
6053
4920
6060
6067
6085
6086
6103
6104
6087
6088
6105
6123
6122
6121
6137
6142
6147
6146
6141
6136
6119
6120
6102
4922
6084
6066
6065
6083
4692
6101
6118
4693
6135
4694
6140
4695
6145
4696
6150
6151
6152
6157
6156
6173
6155
6172
4697
6176
4698
6181
4699
6186
4700
6191
4701
6196
6197
6203
6217
6202
6201
4702
6216
6221
6226
4703
6243
6249
6266
6271
4704
6288
6294
4705
6311
6316
6333
11240
11239
9528
9527
9526
9544
9545
9563
11241
7998
9595
9594
9587
9579
7997
9562
9561
9560
9578
9585
9586
9593
9592
9601
9602
9603
9612
9604
11242
11243
9613
9621
9630
11244
11245
9639
9638
9629
9620
8002
9611
9610
9619
9628
9637
9636
9645
9653
9654
9663
9662
9680
9688
9687
9696
9695
9703
9704
9705
9706
9698
9697
9690
9689
9681
9682
9664
9655
9646
8003
9647
9648
9656
9665
9657
11246
11247
9666
8005
9683
11248
11249
9691
9699
11250
11251
9707
9723
9722
9721
9720
9730
9739
9738
9729
9719
9718
9717
9716
9715
9714
9713
9702
9694
9686
9674
9675
9676
9677
9678
9679
9661
9652
9644
9635
9626
9627
9618
9617
9608
9599
9609
9600
9591
7999
9583
9584
9577
9576
9575
9574
9556
9557
9558
9559
9542
9543
9525
9524
9523
9541
9540
9539
9555
9538
9537
9536
9553
9554
9573
9572
9571
9552
9551
9569
9570
9582
9590
9598
9607
9616
9625
9634
9643
9651
9660
9673
9672
9671
9670
9669
9685
9693
9701
9709
8006
9710
9711
9712
9727
9736
8007
9745
9746
9760
9761
9747
9748
9762
9763
9764
9749
9728
9737
9750
9751
9752
9767
9768
9754
9753
9740
9731
9732
11252
11253
9741
9755
9769
11254
9778
9786
9777
9785
9794
9803
9802
9801
9793
9784
9776
9766
9765
9775
9774
9782
9783
9792
9791
9800
9809
9810
9811
9812
9821
9820
9828
9829
9838
9847
9856
8012
9872
9855
9846
9845
9837
9836
9827
9819
9818
9826
9835
9844
9853
9854
9871
9881
9880
9870
9869
9868
9867
9866
8013
9865
9864
9852
9843
9834
9825
9817
9824
9816
9815
9806
9797
9798
9807
9808
9799
9790
9781
9773
9759
8008
9758
9744
9735
9726
9725
9734
9743
9757
9771
9772
9780
9789
9788
9779
8009
9770
7752
9756
7751
9742
7750
9733
7749
9724
7748
9708
7747
9700
7746
9692
7745
9684
7744
9667
9658
7743
9649
9640
7742
9631
7741
9622
7740
9614
9605
9615
9623
9632
9641
9668
9659
9650
8004
9642
9633
9624
8001
9606
8000
9597
9589
9581
9566
9567
9568
9550
9533
9534
9535
9522
9514
9500
9501
9502
9503
9504
9505
9506
9515
9516
9517
9518
9509
9508
9507
9489
9477
9476
9475
9474
9473
9488
7993
9472
9460
9459
9471
9470
9487
9499
9498
9486
9469
9468
9458
9457
9467
9484
9485
9496
9497
9513
7996
9521
9531
9532
9549
9548
9565
7739
9596
9588
7738
9580
7737
9564
9546
9547
9530
9529
9520
9511
7736
9512
9495
9494
9483
9466
9456
7735
9445
9446
9447
9448
9431
9430
9429
9428
15361
15362
13634
13633
13639
13640
15363
13657
15364
13664
13679
13697
13711
11757
11759
13732
13738
13744
15365
15366
13750
13743
13749
11762
11763
13755
13760
13765
11765
13764
13769
13770
11766
13776
13771
15367
15368
13781
13786
11768
13775
13780
13785
13791
13797
13798
13792
13793
15369
15370
13799
13805
15371
15372
13810
13814
13818
11772
11771
13809
13804
13803
13808
13813
13817
13821
13837
13836
13835
13834
13833
13832
13831
13830
13829
13828
13827
13826
13820
13816
13812
13807
13802
11770
13796
11769
13795
13801
13788
13778
11767
13783
13789
13790
13784
13779
13774
13773
13767
13768
13763
13762
11764
13758
13753
13752
13757
13756
11535
13751
11534
13745
11533
13746
13747
13759
13754
13748
13742
13741
13740
13739
11532
13733
13734
13728
13712
13713
13714
11758
13729
13735
11760
13730
13715
13716
13717
13718
13704
13719
13720
13706
13705
13687
13670
13669
13686
13668
13685
13703
13702
13684
13667
13666
11754
13660
13644
13645
13646
13647
13648
13649
13650
13651
13652
13661
13675
13674
13673
13690
13672
13671
13688
13689
13707
13721
13722
13708
13723
13724
13725
13709
13691
13692
13693
11755
13710
13726
13731
11761
13736
13737
13727
11756
13696
13695
13694
13676
13662
13677
13678
13663
13656
13655
13654
13638
13653
13637
13631
13625
13616
13599
13584
13567
13550
13549
13548
13565
13566
13583
13598
13615
13614
13613
13597
13582
13581
13596
13595
13612
13611
13610
13594
13579
13580
13564
13563
13562
13545
13546
13547
13509
13517
13525
13533
13544
13543
13560
13561
13578
13577
13593
13592
11750
13575
13576
13559
13558
13540
13541
13542
13532
11746
13524
13516
11745
13507
13508
13499
13498
13481
13497
13480
13469
11523
13468
13479
13496
11524
13506
13515
11525
13523
13531
13539
13556
13557
13574
13591
13573
11526
13590
11527
13606
13607
11752
11751
13608
13609
13624
13630
13636
13643
13642
11753
13659
13681
13682
13683
13701
13700
13699
13698
13680
13665
13658
11531
13641
11530
13635
11529
13629
11528
13623
20358
20359
17813
17800
20357
20356
17787
17786
17799
17812
17824
17825
17843
17842
17841
17840
17858
17859
17860
17861
17877
17892
17908
20360
20361
17924
17907
17891
17876
17875
17890
17906
17922
17923
17939
17940
17954
17968
17967
15868
17952
17953
17938
17921
17937
17936
15866
17951
17966
17965
17964
17977
17978
17979
17980
17981
17996
15872
18012
17997
17982
20362
13761
11536
13766
11537
13772
11538
13777
13782
11539
13787
13794
13800
11540
13806
11541
13811
11542
13815
11543
13819
11544
13823
11774
13824
13825
13841
13845
11776
13840
11775
11545
13844
11546
13861
11547
13865
11548
13869
11777
11549
13876
13881
13880
11550
13885
13890
13891
13892
13908
13909
13910
13928
13946
13947
13929
13911
13912
13930
13948
13949
13931
13913
13897
13896
13895
13894
13893
13887
13886
13882
11778
13877
13873
13870
13866
13862
13846
13847
13848
13849
13850
13851
13852
13853
13854
13855
13856
13857
13842
13838
11773
13822
13839
13843
15373
7753
9787
7754
9796
7755
9805
7756
9814
8010
9823
9832
9833
8011
9842
9851
9850
9860
9861
9862
9863
9879
9878
9877
9876
9886
9887
8016
9903
9904
9888
9889
9914
9913
9912
9922
9937
9952
9961
9970
8020
9978
9995
10002
10001
9994
7766
9977
7765
9969
7764
9960
7763
9951
7762
9936
7761
9921
7760
9911
7759
9902
9885
9874
9875
9859
9858
9849
7758
9840
9841
9831
7757
15380
15381
13906
11779
13889
13884
15379
15378
13879
13875
15377
15376
13872
13868
15375
15374
13864
13860
13859
13858
13863
13867
13871
13874
13878
13883
13888
13905
13921
13939
13957
13956
13938
13920
13904
13903
13919
13937
13936
13918
13902
13901
13900
13899
13898
13914
13932
13950
13951
13933
13915
13916
13917
13935
13934
13952
13953
13954
13955
13963
13968
13969
13964
13958
13940
13922
13923
13941
13959
13965
15382
15383
13970
13975
15384
15385
13980
15386
15387
15388
15389
10008
10023
10038
10045
10046
10047
10039
8024
10025
10024
10009
10010
10011
10026
10040
10048
8025
10028
10029
10014
10015
10030
10031
10032
10033
10034
10019
10018
10017
10016
9984
9983
9982
9981
10013
10027
10012
10003
8021
9996
9980
9979
9972
9963
9971
9962
9953
9938
9923
9924
9939
9954
8018
9940
9941
9942
9943
9928
9927
9926
9925
8017
9915
9905
9890
9891
9892
9893
9894
9895
9896
9897
9906
9907
9898
9908
9899
9882
9883
9900
9909
9919
9918
9917
9931
9932
9933
9934
9935
9950
11268
9959
9949
9948
9947
9946
9945
9930
9916
9929
9944
9955
9964
9973
9985
9986
9987
9988
9989
9990
9975
9974
9965
9966
9956
9957
9958
8019
9967
9968
11269
9976
9993
9992
9991
9999
9998
9997
10004
10005
8022
10006
10021
10020
8023
10035
10036
10043
8026
10051
10068
10084
10083
10092
10091
10090
10081
10082
10066
10067
10050
10042
10041
10049
10065
10064
10080
10079
10063
10062
10078
10077
10061
10060
10076
10075
10059
10058
10074
8029
8027
10057
10073
10089
10096
10103
10110
10109
10102
10095
10088
10072
8028
10056
10055
7767
10054
10071
7768
10087
7769
10094
7770
10101
7771
10108
7772
10115
10132
10139
10140
10141
10133
8031
8030
10116
10117
10118
10119
10120
10121
10122
10123
10124
10125
10126
10135
10151
10152
10153
10171
10170
10169
10177
10178
10179
10185
10184
10190
10191
10197
10203
10209
10208
10207
10201
10202
10196
10195
10189
10183
10168
10167
10166
10150
10149
10148
10147
10165
10146
10164
10163
10145
10144
10162
10161
10143
10134
10142
10160
10176
10182
10188
10194
10200
10206
10212
10218
10224
10223
10217
10211
10205
10199
10193
10187
10181
10175
10159
10158
10157
7773
10174
7774
10180
7775
10186
7776
10192
7777
10198
7778
10204
7779
10210
7780
10216
7781
10222
7782
10228
7783
10234
10241
10240
7784
10257
10264
10265
10266
10283
10282
10281
10298
10299
10316
10333
10350
10351
10368
10367
8033
10383
10384
10369
10370
10371
10354
10353
10352
10335
10334
10317
10318
10303
10320
10319
10336
10337
10338
10321
10322
10306
10323
10340
10339
10356
10355
10372
10373
10374
10357
10358
10375
10376
10359
10342
10341
10324
10307
10308
10325
10343
10326
10309
10292
10291
10274
10273
10290
10289
10272
10271
10270
10288
10305
10304
10287
10286
10269
10268
10285
10302
10301
10300
10284
10267
10259
10258
10242
10235
10229
10230
10236
10243
10244
10245
10246
10247
10248
10249
10250
10251
10260
10276
10275
10293
10294
10310
10327
10328
10311
10312
10295
10296
10279
10278
10277
10261
10253
10252
10237
10231
10232
10226
10225
10219
10220
10213
10214
10215
10221
10227
10233
10239
10238
10254
10262
10255
10256
10263
8032
10280
10297
10313
10314
10331
10348
10365
10364
10363
10347
10330
10329
10346
10345
10344
10361
10360
10377
10378
10385
10386
10379
10362
10380
10387
10381
10382
10388
10389
11301
11300
11299
11298
11297
11296
11295
11294
11293
11292
11291
11290
11289
11288
11287
11286
11285
11284
11283
11282
11281
11280
10156
10155
10173
10172
10154
10137
10136
10127
10112
10111
10104
10105
10097
10098
10099
10106
10113
10128
10129
10130
10138
11279
10131
10114
11278
11277
10107
10100
11276
11275
10093
10086
10085
10069
10052
10070
10053
10044
11274
11273
10037
10022
11272
11271
10007
10000
11270
6660
4719
6658
4957
6655
6654
4718
6651
6634
6635
6636
4956
6637
6638
6639
6640
6641
6642
6643
6644
6645
6646
6647
6648
6649
6650
6633
6631
6629
6626
6623
4954
6607
4953
6606
6622
6621
6605
6604
6620
6619
6603
6582
6581
6580
6579
6578
6577
6576
6575
6574
6573
6572
4952
6567
6562
4951
6558
6553
6548
6533
6532
6531
4710
6547
4711
6552
4712
6557
4713
6566
6571
4714
6587
6592
6608
4715
6624
4716
6627
6628
6625
6609
6593
6588
6594
6610
6611
6595
6596
6597
6598
6599
6600
6601
6602
6618
6617
6616
6615
6614
6613
6612
4955
6632
4717
6630
11265
11266
11267
9920
9910
9901
8015
9884
8014
9873
11264
11263
9857
9848
11262
11261
9839
9830
11260
11259
9822
9813
11258
11257
9804
9795
11256
11255
6510
6511
4949
6527
6534
6535
6536
6537
6538
6539
6540
6541
6542
6543
6544
6545
6549
6554
6559
6563
6568
6564
6560
6555
6556
6551
6550
6546
6529
6528
6524
6523
6522
6521
6520
6519
6518
6517
6516
6515
6514
6513
6512
6505
6499
4947
4946
6493
4709
6504
6498
4708
6492
6487
6482
4707
6465
6466
6483
6467
6450
6449
6432
6448
6431
6415
6411
6406
6401
4706
6385
6386
6402
4939
6407
4941
6412
4942
6416
6434
6433
6451
6468
6469
6452
6453
6470
6471
6472
6454
6455
6438
6437
6436
6435
6417
6418
6419
6420
6421
6439
6440
6457
6456
6473
6474
6475
6476
6459
6458
6441
6442
6477
6478
6461
6460
6443
6444
6445
6427
6426
6425
6424
6423
6422
6394
6393
6392
6391
6390
6389
6388
6387
4938
6381
6380
4936
6364
6363
6379
6362
6356
6350
6351
6334
6317
6318
6312
6296
6295
6272
6267
6250
6251
6244
6228
6227
6222
6223
6229
6230
6231
6232
6233
6234
6235
6236
6237
6238
6239
6240
6246
6263
6264
6286
6285
6269
6262
6261
6260
6259
6258
6257
6256
6255
6254
6253
6245
6252
4930
6268
6274
6273
6289
6290
6275
6276
6277
6278
6279
6280
6281
6282
6283
6284
6291
6308
6309
6292
6310
6315
6332
6331
6330
6346
6345
6344
6343
6326
6327
6328
6329
6314
6307
6306
6305
6304
6303
6302
6301
6300
6299
6298
6297
6313
6319
6320
6321
6322
6323
6324
6325
6342
6341
6340
6339
6338
4933
6337
6336
6335
6352
4934
6357
6358
6365
6366
6367
6368
6369
6370
6371
6372
6373
6374
6375
6395
6396
6397
6403
6408
6413
6428
6446
6447
6429
6414
6409
4940
6404
6398
6383
6382
6376
6359
6353
6347
6348
6349
6354
6355
6361
6360
4935
6377
6384
4937
6378
7450
7449
7448
7447
7446
4932
7445
6293
7444
7443
6287
4931
6270
7442
7441
6265
4929
6248
7440
7439
4928
6242
6247
6241
6224
6219
6214
6213
6212
6211
6210
6209
6208
6207
6206
6205
4927
6218
6204
6198
6193
6192
6187
6188
6183
6182
6177
6178
6174
4924
6158
6159
6160
6161
6162
6163
6164
6165
6166
6167
6168
6175
6179
6184
6189
6194
6199
4926
6215
6220
6225
7438
7437
7436
7435
6200
6195
7434
7433
6190
6185
7432
6180
7431
4925
7430
6171
6170
6169
6153
6148
6143
6138
6132
6133
6115
6114
6131
6130
6129
6128
6127
6126
6125
6124
6106
6089
6107
6108
6109
6092
6091
6090
6072
6073
6074
6075
6093
6110
6111
6094
6076
6077
6095
6112
6113
6096
6078
6079
6097
6098
6080
6062
6055
6049
6032
6048
6047
6046
6045
6044
6043
6042
6041
6040
6039
6071
6070
6069
6068
6061
6054
6038
6031
6030
6024
6025
6020
6019
6013
6007
6014
6008
6002
5996
5981
5982
5983
5984
5985
5986
5987
5988
5989
5990
5991
5992
5993
5998
5997
6004
6003
6009
6015
6010
6016
6022
6021
6026
6027
6033
6050
6056
4921
6081
6063
6057
6058
6064
6082
6100
6099
6116
6117
4923
6134
7425
7426
6139
6144
7427
7428
6149
6154
7429
3220
3213
3212
3203
3194
3185
3176
3157
3138
3158
3177
3186
3195
3204
3205
3196
3187
3178
3160
3159
3140
3139
3120
3119
3111
1954
3112
3113
3121
3122
3141
3142
3123
3114
3124
3143
3144
3125
3126
3145
3164
3163
3162
3161
2196
3179
2197
3188
2198
3197
2199
3206
2200
3214
3223
3222
3221
3240
1955
3239
3246
1956
3253
1957
3259
1958
3265
1959
3270
1960
3275
1961
3280
1962
3285
1963
3290
1964
3295
1965
3300
1966
3305
1967
3310
1968
3315
1969
3320
3325
1970
3344
1971
3348
1972
3352
1973
3356
3375
1974
3393
3396
1975
3376
3377
3378
3358
3357
2204
3353
3349
3345
3326
3321
3316
3311
3306
3301
3296
3291
3286
3281
3276
3271
3266
3260
3254
3247
3248
3241
2202
3224
3225
3226
3227
3228
3229
3230
3231
3232
3233
3234
3235
2201
3216
3215
3207
3208
3209
3210
3211
4371
4372
3219
4373
3238
3237
3218
3217
3236
3243
3242
3249
3255
3261
3267
3272
3277
3282
3287
3292
3297
3302
3307
3312
3317
3322
3342
3341
3346
3350
3340
3339
3338
3337
3336
3335
3334
3333
3332
3331
3330
3329
3328
3327
3359
3379
3380
3360
3361
3381
3382
3383
3384
3362
3363
3364
3365
3385
3366
3386
3387
3367
3368
3388
3389
3369
3370
3390
3371
3354
3372
3373
3355
3351
3347
3343
3323
3318
3313
3308
3303
3298
3293
3288
3283
3278
3273
3268
2203
3262
3263
3257
3251
3256
3250
3244
3245
4374
4375
3252
3258
4376
4377
3264
3269
3274
4378
4379
3279
3284
4380
4381
3289
3294
4382
4383
3299
3304
4384
4385
3309
3314
4386
4387
3319
3324
4388
4389
4390
4391
4392
3374
2205
4393
4394
4395
4396
4397
4398
4399
4400
3421
3420
3419
3415
3416
3417
3398
3395
3392
3391
3394
3397
3414
3413
3412
3411
3410
3409
3408
3407
3406
3405
3404
3403
3402
3401
3400
3399
1976
3418
7451
6400
6399
6405
6410
7452
6430
7453
7454
4943
6464
7455
4944
6481
6486
6485
4945
6480
6463
6462
6479
6484
6488
6489
6490
6491
7456
7457
6497
6496
6495
6494
6500
6501
6506
6525
6507
6508
6502
6503
7458
7459
6509
4948
6526
7460
7461
6530
4950
7462
7463
7464
7465
7466
6561
6565
6570
6569
6584
6583
6589
6590
6591
6585
6586
7467
7468
7469
7470
7471
7472
7473
7474
3594
1991
3591
1990
3588
1989
3585
1988
3582
1987
3579
1986
3560
3556
1985
3552
1984
3548
1983
3541
1982
3537
1981
3533
1980
3529
1979
2212
3522
3521
3517
3513
3509
3505
3501
1978
3482
3463
3444
3441
1977
3422
3423
3424
3425
3426
3427
3428
3429
3430
3431
3432
3433
3434
3435
3436
3437
3438
3439
3440
3443
3462
3461
3480
3499
3503
3500
3481
4401
4402
4403
3504
3508
4404
4405
3512
3507
3511
3515
3519
3516
4406
4407
3520
3525
4408
3528
3527
3524
3523
2211
3518
3514
3510
3506
3502
3498
3479
3497
3478
3459
3460
3442
3458
3457
3456
3455
3474
3475
3476
3477
3496
3495
3494
3493
3492
3473
3454
3453
3452
3471
3472
3491
3490
3489
3470
3451
3450
3469
3488
3487
3468
3449
3448
3467
3466
3465
3447
3446
3445
3464
3483
3484
3485
3486
2206
2207
2208
2209
2210
3526
3530
3534
3538
3542
2213
3545
3549
3553
3557
3562
3561
3580
3583
3563
3564
3565
3566
3567
3568
3569
3570
3571
3572
3573
3574
3575
3576
3577
3558
3554
3550
3546
3543
3539
3535
3531
3532
4409
4410
3536
3540
4411
4412
3544
3547
4413
4414
3551
3555
4415
4416
3559
2214
3578
4417
4418
3581
3584
4419
4420
3587
3590
4421
4422
3593
3612
3611
3610
3609
3608
3607
3606
3605
3604
3603
3602
3601
3600
3599
3598
3597
3596
3595
3592
3589
3586
2215
1992
3613
3617
1993
3635
1994
3640
3641
3646
3665
3666
3670
3669
3645
1995
3664
1996
3668
1997
3672
1998
3676
1999
3680
2000
3684
2001
3688
2002
3692
2003
3696
2004
3700
2005
3704
2006
3708
2007
3713
3718
2008
3737
2009
3741
2010
3745
2011
3749
2012
3753
2013
3757
2014
3761
2015
3765
2016
3769
2017
3773
2018
3777
2019
3781
2020
3785
2021
3789
2022
3794
2023
3799
2024
3804
2025
3809
2026
3814
2027
3819
2028
3824
3829
2219
3825
3820
3815
3810
3805
3800
3795
3790
3786
3782
3778
3774
3770
3766
3762
3758
3754
3750
3746
3747
3751
3755
3759
3763
3767
3771
3775
3779
3783
3787
3791
3796
3801
3806
3811
3816
3821
3826
3830
2220
3842
3838
3834
3833
2029
3837
2030
3841
2031
3845
3846
2221
3849
3853
2032
3852
3856
2033
3874
3875
3857
3858
3859
3860
3861
3862
3863
3864
3865
3866
3867
3868
3869
3870
3871
3872
3854
3850
3847
3843
3839
3835
3831
3827
3822
3817
3812
3807
3802
3797
3792
3788
3784
3780
3776
3772
3768
3764
3760
3756
3752
3748
3744
3740
3734
3733
3732
3731
3730
3729
3728
3727
3726
3725
3724
3723
3722
3721
3739
3743
3742
3738
3719
3720
3715
3714
3709
3705
3701
3697
3693
3689
3685
3681
3677
3673
3674
3678
3682
3686
3690
3694
3698
3702
3706
3710
3707
3703
3699
3695
3691
3687
3683
3679
3675
3671
3667
3662
3661
3660
3659
3658
3657
3656
3655
3654
3653
3652
3651
3650
3649
3648
3647
3642
3637
3636
3618
3614
3615
3619
3620
3621
3622
3623
3624
3625
3626
3627
3628
3629
3630
3631
3632
3633
3638
3643
3663
3644
3639
3634
2216
3616
4423
4424
4425
4426
4427
4428
4429
4430
4431
4432
4433
4434
4435
4436
4437
2217
4438
3712
3711
3716
3735
3736
3717
4439
4440
4441
4442
4443
4444
4445
4446
4447
4448
4449
4450
4451
4452
2218
4453
3793
3798
4454
4455
3803
3808
4456
4457
3813
3818
4458
4459
3823
3828
4460
4461
3832
3836
4462
4463
3840
3844
4464
4465
3848
3851
4466
4467
3855
3873
2222
3876
3879
3882
3901
3900
3919
3920
3921
3902
3883
3880
3877
4468
4469
4470
4471
4472
4473
3925
3924
3928
3929
4474
4475
3933
3932
3937
4476
4477
3941
3936
3940
3944
3948
3949
3945
4478
4479
4480
3953
3952
3956
3957
4481
4482
3961
3960
3980
4483
3983
3986
4484
4485
3989
3992
4486
4487
3995
3998
4488
4489
4001
4004
4490
4491
4007
2226
4026
4492
4493
4028
4030
4494
4495
4032
4034
4496
4497
4036
2227
4038
4041
4498
4499
4044
4040
4043
4046
4047
4500
4501
4050
4049
4052
4055
4056
4053
4502
4503
4504
4505
4506
4065
4062
4059
4058
4061
4064
4067
4068
4507
4508
4071
4070
4073
4076
4079
4080
4077
4074
4509
4510
4511
4512
4083
2228
4082
4085
4087
4089
4117
4116
4115
4114
4113
4112
4111
4129
4130
4131
4132
4133
4134
4135
4136
4118
4119
4137
4138
4139
4120
4121
4122
4123
4140
4141
4142
4105
4103
4101
4099
4097
4095
4093
4091
4513
4514
4515
4516
4517
4518
4519
4520
4521
4522
2229
4523
4524
4525
4144
4146
4526
4527
4148
2230
4528
4529
4530
4531
4532
4533
4534
4535
4536
4537
4538
4539
4540
4541
4542
4543
4544
4545
4546
4547
4548
4549
4550
4551
4552
4553
4554
4555
4556
4557
4558
4559
4560
4561
4562
4563
4564
4565
4566
4567
4568
4569
4570
4571
4572
4573
4574
4575
4576
4577
4578
4579
4580
4581
4582
4583
4584
4585
4586
4587
4588
6
7
8
9
150
151
149
148
146
147
145
144
142
143
141
140
138
139
137
136
134
135
133
132
130
131
129
128
126
127
125
124
122
123
121
120
118
119
117
116
114
115
113
112
110
111
109
108
4244
4245
4246
4247
4248
4249
4250
4251
4252
4253
4254
4255
4256
4257
2332
4258
2335
2338
4259
4260
2341
2343
4261
4262
2345
2347
4263
4264
2349
2351
4265
4266
2353
2355
4267
4268
2357
2356
2354
2352
2350
2348
2346
2344
2342
2340
2337
2334
2153
2330
2328
2326
2324
2322
2320
2318
2316
2314
2312
2310
2308
2306
2304
2302
4243
2152
4242
4241
4240
4239
4238
4237
4236
4235
4234
4233
4232
4231
4230
4229
2268
2287
2286
2285
2284
2283
2282
2281
2280
2279
2278
2277
2276
2275
2274
2273
2272
2271
2270
1843
2265
1844
2267
2269
1845
2288
1846
2289
1847
2290
1848
2291
1849
2292
1850
2293
1851
2294
1852
2295
1853
2296
1854
2297
1855
2298
1856
2299
1857
2300
1858
2301
1859
2303
1860
2305
1861
2307
1862
2309
1863
2311
1864
2313
1865
2315
1866
2317
1867
2319
1868
2321
1869
2323
1870
2325
1871
2327
1872
2329
1873
2331
1874
2333
1875
2336
1876
2339
2154
1877
1878
1879
1880
1881
1882
1883
1884
1885
1886
1887
1888
2366
2367
2368
2369
2370
2371
2372
2373
2374
2375
2376
2377
2378
2379
2380
2381
2382
2386
2383
2364
2362
2360
2358
2359
4269
4270
2361
2363
4271
4272
2365
2384
4273
2387
2390
4274
4275
2393
2389
2392
2395
2396
4276
4277
2399
2398
2401
2402
4278
4279
2405
2404
2407
2410
2412
2411
2408
4280
4281
4282
4283
2413
2156
2432
2157
2451
4284
4285
2453
2455
4286
4287
2457
2459
2458
2158
2456
2454
2452
2450
2431
2449
2448
2430
2429
2428
2447
2446
2427
2426
2445
2444
2425
2424
2443
2442
2441
2440
2423
2422
2421
2420
2439
2438
2419
2418
2437
2417
2416
2436
2435
2434
2415
2414
2433
1898
1899
1900
1901
1902
1903
1904
1905
1906
1907
1908
1909
1910
1911
1912
1913
1914
1915
1916
1917
2160
2522
2159
2505
2506
2507
2508
2529
2530
2531
2532
2533
2534
2535
2536
2509
2510
2511
2512
2513
2514
2515
2516
2517
2518
2519
2502
2499
2496
2497
2494
2493
2490
2491
2488
2487
2484
2485
2482
2481
2478
2475
2472
2469
2466
2463
2460
2461
2462
4288
4289
2465
2464
2467
2468
4290
4291
2471
2470
2473
2474
4292
4293
4294
2480
2477
2476
2479
2483
4295
4296
2486
2489
4297
4298
2492
2495
4299
4300
2498
2501
4301
4302
2504
2500
2503
2521
2520
2524
2525
4303
4304
2544
2550
4305
4306
2556
2555
2549
2543
2523
2161
2542
2548
2554
2560
2559
2553
2547
2541
2540
2539
2538
2537
2564
2565
2571
2570
2577
2578
2584
2585
2593
2586
2579
2572
2566
2561
2562
4307
4308
2567
2573
4309
4310
2580
2587
4311
4312
2594
2602
4313
4314
2609
2608
2607
2601
2600
2592
2591
2599
2606
2613
2614
2615
2616
4315
4316
4317
2629
2623
2622
2621
2620
2626
2632
2633
2627
2628
2167
2634
2639
4318
4319
4320
4321
2169
2658
2170
2677
2171
2696
2714
2715
4322
4323
2734
2740
4324
4325
4326
2746
2175
2765
2770
4327
4328
2775
2780
4329
4330
2785
2790
4331
4332
2795
2176
2799
2800
2806
4333
4334
2813
4335
2832
2179
2851
4336
4337
2856
2180
2875
4338
4339
4340
2899
2881
2880
2874
2855
2849
2830
2810
2811
2850
2831
2178
2812
2805
2804
2803
2798
2793
2794
2789
2788
2783
2784
2779
2778
2773
2774
2769
2768
2762
2763
2743
2737
2738
2744
2764
2745
2739
2733
2732
2173
2713
2172
2695
2694
2675
2676
2657
2638
2637
2656
2655
2654
2673
2672
2653
2652
2651
2650
2649
2648
2647
2666
2685
2686
2667
2668
2687
2706
2705
2704
2703
2722
2723
2724
2725
2726
2707
2688
2669
2670
2689
2690
2671
2691
2710
2711
2692
2674
2693
2712
2731
2730
2729
2728
2709
2708
2727
2761
2760
2759
2758
2757
2756
2755
2754
2753
2752
2751
2750
2749
2767
2772
2777
2782
2787
2792
2797
2802
2808
2809
2177
2820
2821
2822
2823
2824
2825
2826
2827
2828
2829
2848
2847
2846
2845
2844
2843
2842
2841
2840
2839
2838
2819
2818
2837
2836
2817
2816
2835
2853
2854
2859
2858
2877
2883
2878
2884
2902
2901
2906
2907
2912
2911
2916
2917
2922
2182
2183
2940
2941
2942
2943
2944
2945
2946
2947
2948
2949
2950
2951
2952
2959
2960
2953
2185
2184
2935
2931
2927
2923
2918
2913
2908
2897
2896
2895
2894
2893
2892
2891
2890
2889
2888
2887
2886
2885
2860
2861
2862
2863
2864
2865
2866
2867
2868
2869
2870
2871
2872
2873
2879
2181
2898
2903
2904
4341
4342
2909
2914
4343
4344
2919
2924
4345
4346
2928
4347
2932
2936
2954
2961
2955
4348
4349
2962
2969
4350
4351
2988
2996
4352
4353
4354
3012
2187
3031
4355
4356
3037
3045
4357
4358
3053
3061
4359
4360
3069
3076
4361
4362
3084
3102
2192
3101
2191
3083
3075
3068
3060
3052
3051
3044
3043
3035
3036
3030
3029
3028
3034
3042
3050
3058
3059
3067
3074
3066
3073
3081
3082
3100
3107
3115
3134
3135
3154
2195
3173
3174
3175
3156
3155
2194
3136
2193
3117
3116
3108
3109
3110
4363
4364
3118
3137
4365
4366
4367
4368
3184
4369
4370
3202
3193
3192
3201
3200
3199
3198
3189
3190
3191
3183
3182
3181
3180
3172
3153
3152
3171
3170
3169
3168
3149
3167
3166
3165
3146
3127
3128
3147
3148
3129
3130
3131
3150
3151
3132
3133
3099
3098
3097
3096
3095
3094
3093
3092
3091
3090
3089
3106
3088
3087
3105
3104
3086
3078
3079
3080
3072
3065
3057
3049
2189
3041
3040
3048
3056
3055
3047
3039
3038
1949
3046
1950
3054
1951
3062
3063
3064
3071
2190
3070
1952
3077
3085
1953
3103
7424
7423
6051
4919
6034
7422
7421
6028
6023
7420
7419
6017
6011
7418
7417
6005
5999
7416
7415
5994
4916
5977
5971
5955
7414
5940
5932
5933
5918
5917
5916
5915
5914
5929
5928
5937
4912
5953
5938
5930
5931
5939
4913
5954
5970
5969
5976
5975
5968
5967
5966
5965
5964
5963
5962
5961
5960
5959
4915
5958
4914
5944
5943
5935
5936
5945
5946
5947
5948
5949
5950
5951
5952
5927
5926
5925
5924
5923
5908
5909
5910
5911
5912
5913
5900
5892
5883
5874
5875
4909
5884
5893
5901
5902
5903
5895
5894
5885
5886
5887
7412
7413
2933
2937
1944
2956
1945
2963
2970
1946
2989
1947
2997
2998
2990
2971
2972
2991
2999
3007
3006
1948
3005
3013
3014
2188
3032
3033
3015
3016
3017
3018
3019
3020
3021
3022
3023
3024
3025
3026
3027
3008
3009
3010
3011
3004
3003
2995
2994
3002
3001
3000
2992
2993
2985
2186
2986
2987
2968
2967
2966
2984
2983
2982
2981
2980
2979
2978
2977
2976
2975
2974
2973
2965
2964
2957
2958
2939
2938
2934
2930
2929
1943
2925
2926
2921
2920
1942
2915
1941
2910
1940
2905
1939
2900
1938
2882
2876
1937
2857
2852
1936
2833
2834
2815
2814
2807
1935
2801
2796
1934
2791
1933
2786
1932
2781
1931
2776
1930
2771
1929
2766
1928
2747
2748
2742
2741
1927
2735
2736
2717
2716
2697
2698
2699
2718
2174
2719
2700
2681
2680
2679
2678
2659
2660
2661
2662
2663
2682
2701
2720
2721
2702
2683
2684
2665
2664
2646
2645
2644
2168
2643
2642
2641
2640
2635
2636
2631
2630
1926
2624
1925
2617
2610
1924
2603
2595
1923
2588
2581
1922
2574
2568
1921
2575
2576
2582
2164
2589
2597
2596
2604
2611
2618
2625
2619
2166
2612
2605
2165
2598
2590
2583
2163
2569
2563
2162
2558
2552
2546
2528
2527
2526
1918
2545
1919
2551
1920
2557
7385
7384
7383
7382
7381
7380
7379
7378
7377
7376
7375
5359
5376
5383
5382
5388
5395
5389
5396
5403
5402
5409
5416
5422
5410
5417
5423
5430
5429
5445
5428
5421
5415
5408
5401
5394
5387
5381
5373
5372
5371
5370
5369
5368
5351
5352
5353
5354
5355
5356
5357
5374
5375
5358
5340
5335
5319
5336
5341
5342
7374
7373
7372
7371
5302
5301
5300
5318
5317
5334
5333
5339
5332
5316
5315
5314
5331
5330
5313
5312
5329
5328
5311
5310
5327
5326
5309
5325
5324
5323
5306
5307
5308
5298
5292
5291
5297
5305
5304
5303
4656
4655
5276
5277
5278
5272
4871
5267
4869
5251
4867
5247
5246
4866
5230
5231
5232
5233
5234
5235
5236
5237
5238
5239
5240
5241
5242
5243
5244
5228
5224
5245
5248
5263
5262
5261
5260
5259
5258
5257
5256
5255
5254
5253
5252
4868
5268
5273
5279
5280
5281
5282
5283
5284
5285
5286
5287
5288
5293
5299
5294
5289
4873
5274
5269
5275
5290
5295
5296
7370
4874
4872
5270
4870
5264
5265
5249
7369
7368
7367
7366
7365
7364
7363
7362
5183
5180
5179
5178
5182
5199
5200
5217
5220
5216
5215
5214
5213
5212
5211
5210
5209
5192
5193
5194
5195
5196
5197
5198
5177
5159
5160
5161
5162
5144
5143
5141
4863
5140
5139
5138
5137
5136
5157
5158
5176
5175
5174
5156
5155
5173
5172
5154
5153
5152
5170
5171
5191
5208
5207
5190
5189
5206
5205
5188
5187
5204
5219
4865
5203
5186
5185
5202
5201
5184
5163
5145
4652
5125
5126
4651
4650
4649
5120
5121
5103
5086
5069
5052
5053
5070
5087
5104
5105
5088
5071
5054
5055
5072
5073
5074
5056
5057
5058
5059
5060
5077
5076
5075
5092
5091
5109
5108
5107
5090
5089
5106
4862
5122
5123
5124
5127
5142
5147
5146
5164
4864
5181
5165
5166
5167
5168
5169
5151
5150
5149
5148
5128
5129
5130
5131
5132
5133
5134
5135
5110
5093
5094
5111
5112
5095
5096
5113
5114
5097
5098
5115
5116
5099
5081
5080
5079
5078
5061
5062
5063
5064
5065
5066
5067
5068
5085
5102
5101
5084
5083
5082
5100
5117
5118
5119
7356
7357
7358
7359
7360
7361
2409
2155
1897
2406
1896
2403
1895
2400
1894
2397
1893
2394
1892
2391
1891
2388
1890
2385
1889
7355
7354
7353
7352
7351
7350
7349
7348
7347
5032
5033
5034
5051
5050
5049
5048
5047
5046
5045
5044
5043
5042
5041
5040
5039
5038
5037
4861
4860
5036
5035
4859
4648
4647
4646
5014
4645
4644
4643
4642
4996
4997
4998
4999
5000
5001
5002
5003
5004
5005
5006
5007
5008
5009
5015
5016
5017
5018
5019
5020
5021
5022
5023
5024
5025
5026
5027
5028
5029
5030
5031
7346
7345
7344
7343
7342
7341
5013
5012
5011
5010
7340
7339
7338
7337
7336
7335
7334
7333
7332
7331
7330
7329
7328
7327
7326
7325
7324
7323
7322
7321
7320
7319
7318
7317
7316
7315
7314
7313
7312
7311
7310
7309
4995
4994
4993
4992
4991
4990
4989
4988
4987
4986
4985
4984
4983
4982
4981
4980
4979
7308
7307
7306
7305
7304
7303
7302
7301
7300
7299
7298
7297
7296
7295
7294
7293
7292
7291
7290
7289
7288
1824
1825
1826
1827
1828
1829
1830
1831
1832
1833
1834
1835
1836
1837
1838
1839
1840
1841
1842
2246
2247
2248
2249
2250
2251
2252
2253
2254
2255
2256
2257
2258
2259
2260
2261
2262
2263
2266
4228
2264
2245
4227
4226
2244
2243
4225
4224
2242
2241
4223
4222
2240
2239
4221
4220
2238
2237
4219
4218
2236
2235
4217
4216
2234
2233
4215
4214
2232
2231
4213
2151
4212
4211
1005
1004
1003
1002
1001
1000
999
998
997
996
995
994
993
992
991
990
989
988
987
986
985
984
983
982
981
980
979
978
977
976
975
974
973
972
971
970
969
968
967
966
965
964
963
962
961
960
959
958
957
956
955
954
953
952
951
950
949
948
947
946
945
944
943
942
941
940
939
938
937
936
935
934
933
932
931
930
929
928
927
926
925
924
923
922
921
920
919
918
616
917
916
915
914
913
912
911
910
909
908
907
906
905
904
903
902
901
900
899
898
614
897
896
895
894
893
892
891
890
889
888
887
886
885
884
883
882
881
880
879
878
877
876
613
875
874
873
872
871
870
869
612
868
867
866
865
864
863
862
861
860
859
858
857
856
855
854
853
852
851
850
849
848
610
847
846
845
844
843
842
841
840
839
838
837
836
835
834
833
832
831
830
829
828
40603
40604
40605
40606
40607
40608
40609
40610
40611
40612
40613
40614
40615
40616
40617
40618
40619
40620
40621
35935
35610
35952
40622
40623
35955
35954
35973
40624
35976
35612
35613
35614
35978
35975
35972
35971
35970
35969
35968
35967
35966
35965
35964
35963
35962
35961
35960
35959
35611
35958
35957
35938
35939
35940
35941
35942
35943
35944
35945
35946
35947
35948
35949
35950
35951
35933
35932
35931
35930
35929
35928
35927
35926
35925
35924
35923
35922
35921
35920
35919
35937
35936
35433
35953
35956
35434
35974
35977
35979
35980
35981
35997
35996
35995
36011
36027
36028
36045
36046
36062
36061
35619
36063
36064
36047
36048
36032
36031
36030
36029
36012
36013
36014
35998
35982
35983
35999
36015
36016
36017
36033
36049
36065
36066
36050
36034
36018
36001
36000
35984
35985
35986
36002
36003
35987
35988
35989
36005
36006
35990
35991
36007
36022
36023
36008
35992
36009
35993
35994
36010
36026
36042
36058
36057
36041
36025
36024
36040
36056
36055
36039
36038
36054
36053
36052
36036
36037
36021
36020
36004
36019
36035
36051
36067
36068
36069
36070
36071
36072
36073
36074
36078
36080
36083
36086
36090
40631
40630
40629
40628
40627
36075
35618
35617
40626
35616
35615
40625
30312
30311
30828
30829
30845
30847
30485
30849
30852
30851
30313
30867
30868
30488
30884
30490
30900
30491
30904
30493
30908
30909
30905
30910
30906
30902
30901
30885
30869
30486
30853
30870
30487
30489
30886
30887
30871
30854
30855
30856
30873
30872
30888
30889
30890
30891
30892
30876
30875
30874
30857
30858
30859
30860
30877
30878
30894
30893
30938
30939
30940
30941
30924
30919
30915
30911
30907
30903
30897
30881
30880
30896
30895
30879
30861
30862
30863
30864
30850
30848
30846
30844
30826
30825
30843
30842
30824
30809
30808
30823
30841
30840
30839
30838
30837
30821
30822
30807
30806
30805
30820
30804
30819
30836
30818
30803
30802
30801
30800
30799
30814
30815
30816
30817
30835
30834
30833
30832
30831
30830
30812
30813
30798
30797
30796
30482
30310
30795
30309
30308
30307
30306
30305
30304
30303
30302
30301
30300
30299
30298
30297
30296
30295
30294
30293
30292
30291
30290
30289
30785
30783
30781
30779
30777
30775
30773
30771
30769
30767
30765
30763
30761
30759
30757
30755
30753
30754
35170
35171
30756
30758
35172
35173
30760
30762
35174
35175
30764
30766
35176
35177
30768
30770
35178
35179
30772
30774
35180
35181
30776
30778
35182
35183
30780
30782
35184
35185
30784
30786
35186
35187
30788
30790
35188
35189
35190
35191
30794
30792
30787
30789
30791
30793
30810
30811
30827
30483
30484
35192
30866
30865
30882
30898
30883
30899
35193
30492
30494
30496
35194
30920
30925
30497
30942
30498
30959
30964
30969
30500
30499
35197
35196
35195
25957
25941
25938
25420
25419
25935
25932
25418
25917
25417
25416
25415
25909
25414
25413
25412
25888
25411
25410
25409
25408
25407
25406
25405
25404
25403
25402
25401
25400
25399
25398
25397
25396
25395
25394
25393
25392
25391
25390
25866
25867
25868
25869
25870
25871
25872
25873
25874
25875
25876
25877
25878
25879
25880
25881
25882
25883
25884
25885
25886
25887
25903
25902
25901
25900
25899
25898
25897
25896
25895
25894
25893
25892
25891
25890
25889
25599
25911
25913
25915
25918
25919
25920
25921
25922
25923
25924
25925
25926
25927
25928
25929
25930
25933
25936
25939
25955
25972
25971
25970
25954
25953
25952
25951
25950
25949
25948
25964
25947
25963
25978
25979
25995
25994
25993
25992
25976
25977
25962
25946
25945
25961
25960
25944
25943
25942
25958
25602
25974
25959
25603
25975
25991
25604
26007
26006
25990
25421
25422
26028
25423
26029
25605
25606
26045
26030
26023
26008
26009
26010
26011
26012
26034
26033
26032
26031
26046
26047
26048
26049
26050
26035
26036
26051
26052
26053
26038
26037
26015
25998
25997
26014
26013
25996
25980
25965
25966
25981
25982
25967
25968
25969
25984
25983
25999
26016
26017
26018
26001
26000
25985
25986
25987
26004
26005
26022
30073
26027
26021
26020
26003
26002
26019
26024
26040
26039
26054
26055
26056
26041
26042
26025
26026
26043
26057
26061
26066
26072
26073
26080
26079
26078
26084
26090
26095
26096
26091
26085
26086
26092
26097
26103
26102
26101
26107
26108
26109
26115
26114
26113
26131
26132
25610
26137
26138
26133
25609
26116
30084
30083
30082
26110
26104
30081
30080
26098
26093
30079
30078
26087
26081
30077
30076
26075
26074
26068
26067
26062
26063
26058
26044
26059
30074
26064
26069
30075
20538
20537
21057
21059
20719
21066
21063
21062
21061
20539
21065
21068
20540
21071
21072
20720
21088
21073
21069
21074
21089
21094
20721
21075
21076
21077
21078
21079
21080
21081
21082
21083
21084
21085
21086
21087
21070
21067
21064
21060
21058
21056
21054
21053
21052
21051
21050
21049
21048
21047
21046
21045
21044
21043
21042
21041
21040
21055
20536
21039
21038
20535
20534
21037
21036
20533
20532
21035
21034
20531
20530
21033
21032
20529
20528
21031
21030
20527
20526
21029
21028
20525
30061
30062
30063
30064
30065
30066
30067
30068
30069
30070
30071
30072
25989
25988
25973
25956
25601
25940
25937
25934
25931
25600
25916
25914
25912
25910
25908
25907
25906
25904
25905
30060
30059
30058
30057
30056
30055
30054
30053
30052
30051
30050
30049
30048
30047
30046
30045
30044
30043
30042
30041
30040
30039
30038
20502
20987
20503
20988
20989
20504
20505
20990
20991
20506
20507
20992
20993
20508
20509
20994
20995
20510
20511
20996
20997
20512
20513
20998
20999
20514
20515
21000
21001
20516
20517
21002
21003
20518
20519
21004
21005
20520
20521
21006
21007
20522
20523
21008
21009
20524
21027
21010
21011
21012
21013
21014
21015
21016
21017
21018
21019
21020
21021
21022
21023
21024
21025
21026
25163
25164
25165
25166
25167
25168
25169
25170
25171
25172
25173
25174
20718
25175
25176
25177
25178
25179
25180
25181
25182
25183
21091
21090
21095
20722
21101
21102
21109
21108
21115
21121
21122
21116
21117
21110
21103
21096
25184
25185
25186
25187
21123
21130
25188
16134
15574
16135
15752
16137
16140
15575
16139
15576
16142
15577
16145
16143
16144
16141
16138
16136
16133
16132
16131
15573
16128
15572
16125
15571
16126
16129
16130
16127
16124
16123
15751
16121
15570
15569
16119
16122
16120
16118
16117
15568
15567
16115
16116
16114
16112
16110
16108
16107
16109
16111
16113
15566
15565
15564
15563
15562
16105
16106
16104
16103
15561
15560
15559
15558
16097
16099
16101
16102
16100
16098
16096
16095
15557
15556
16093
16094
16092
16091
15555
15554
15553
15552
16085
16087
16089
16090
16088
16086
16084
16083
16066
15551
16065
15550
15549
15548
16059
16057
15547
25162
25161
25160
25159
25158
25157
25156
25155
25154
25153
25152
25151
25150
25149
25148
25147
25146
25145
25144
25143
25142
25141
15529
15530
15531
16025
16023
16021
16022
16024
16026
16028
16027
15532
15533
15534
15535
15536
15537
16037
16035
16033
16031
16029
16030
16032
16034
16036
16038
16040
16042
16044
16043
16041
16039
15538
15539
15540
15541
16045
16046
16048
16047
15542
15543
15544
16051
16049
16050
16052
16054
16053
15545
15546
16055
16056
16058
16060
16062
16061
16063
16064
16067
16068
16069
16070
16071
16072
16073
16074
16075
16076
16077
16078
16079
16080
16081
16082
20258
20257
20256
20255
20254
20253
20252
20251
20250
20249
20248
20247
20246
20245
20244
20243
20242
20241
20240
20239
20238
20237
20236
11424
11854
11425
11855
11426
11856
11427
11857
11428
11858
11429
11859
11430
11860
11431
11861
11432
11862
11433
11863
11434
11864
11435
11865
11436
11866
11437
11867
11438
11868
11439
11869
11440
11870
11441
11871
11442
11872
11443
11873
11444
11874
11445
11875
11641
11446
11447
11448
11449
11450
11451
11892
11891
11890
11889
11888
11887
11886
11885
11884
11883
11882
11881
11880
11879
11878
11643
11897
11468
11895
11467
11893
11466
11876
11877
11642
11465
11464
11463
11462
11461
11460
11459
11458
11457
11456
11455
11454
11453
11452
20259
20260
20261
20262
20263
20264
20265
20266
20267
20268
20269
20270
20271
20272
20273
20274
20275
20276
20277
20278
20279
20280
20281
20282
20283
20284
15753
20285
16148
16164
16163
16162
16161
16160
16159
16158
16157
16156
16155
16154
16153
16152
16151
15754
16147
16146
16150
16166
16149
15578
16165
16169
16173
15579
16191
15580
16207
15581
16212
15582
16217
15583
16223
15584
16229
15585
16235
15586
16241
15587
16248
15588
16255
15589
16262
15590
16269
15591
16275
15592
16281
16287
16303
15593
16310
15594
16316
15595
16323
15596
16330
16337
16355
16356
16338
16331
16332
16333
16326
16319
16318
16325
16324
16317
16311
16305
16304
16288
16289
16282
16276
16270
16263
16256
16249
16242
16236
16230
16224
16218
16213
16214
16219
16225
16231
16237
16243
16250
16257
16264
16271
16277
16283
16312
16313
16306
15765
15764
16290
16291
16292
16293
16294
16295
16296
16297
16298
16299
16308
16307
16314
16315
16321
16320
16327
16328
16335
16334
16351
16352
16368
16369
16387
16386
16403
16414
16413
16429
16428
16412
16411
16400
16399
16398
16397
16396
16380
16381
16382
16383
16384
16401
16402
16385
16367
15767
16350
16349
16348
16366
16365
16364
16347
16346
16345
16363
16379
16378
16395
16394
16377
16361
16362
16344
16343
16342
16360
16376
16393
16392
16375
16374
16358
16359
16341
16340
16339
16357
16373
16372
16371
15597
16389
15768
16390
16391
16409
16408
16407
15598
16406
15599
16416
16417
16418
16435
16434
16433
15600
16442
16450
16466
15601
16482
16490
15602
16505
15603
16512
15604
16520
15605
16528
15606
16536
15607
16544
15608
16553
15609
16562
16571
16572
15781
16563
16554
16555
16564
16573
16581
15784
16580
16579
15610
16588
25214
21617
21634
21616
21606
21607
21597
25213
25212
21587
21586
21596
21595
20757
21605
21615
21614
21613
21604
21594
21584
21574
21556
21555
21573
21572
21571
21570
21569
21568
21567
21583
21593
21592
21582
21581
21591
21580
21579
21589
21590
21600
21601
21602
21603
21612
21623
21624
21625
21626
21627
21628
21629
21630
21640
21650
21660
21661
21651
21641
21631
21632
21633
21643
21642
21652
21662
21671
21670
21669
21680
21679
21688
21689
20762
21681
21672
21663
21653
21654
21644
25215
25216
25217
21664
21673
25218
25219
21683
21682
21690
21691
25220
21701
21709
20764
21700
21699
21698
21697
21706
21714
20766
21731
21749
21748
21730
21747
21729
21728
21727
21726
21725
21713
21724
21742
21743
21744
21745
21746
21772
21759
21760
21761
21762
21752
21734
21751
21750
21732
21733
21715
21707
21708
21716
21717
21718
21736
21735
21753
21754
20767
21779
21795
21804
20771
21794
21778
21777
21776
21775
21774
21773
21790
21789
21788
21771
21770
21769
21768
21785
20770
21786
21787
21812
21813
21814
21815
21816
21833
21832
21831
21830
21846
21863
21864
21847
21848
21865
21866
21849
21850
21867
21876
21877
21868
20777
21869
21852
21851
21834
21835
21818
21817
21801
21791
21792
21793
21803
21802
21819
21836
21820
21821
21837
21854
21853
21870
21871
21878
21893
21908
21917
21927
25221
25222
21937
21945
21935
21936
21926
21925
21916
20780
21906
21907
21892
21891
21890
21889
21903
21904
21905
21915
21924
21934
21933
21923
21914
21913
21922
21932
21942
21943
21944
21954
21953
21952
21962
21963
21964
20782
21979
21988
21997
20785
22014
22015
21998
21989
20784
20783
21980
21965
20781
21955
21956
21946
21947
25223
25224
21957
21966
21981
21990
25225
22000
21999
20786
22016
22032
22031
22030
22029
22028
22039
20790
22027
22026
22012
22013
21996
21987
21978
21977
21976
21975
21974
21973
21972
21961
21951
21941
21931
21921
21912
21898
21899
21900
21901
21902
21888
21887
21886
21885
21884
21883
21897
20779
21882
20778
21875
20776
21858
21859
21860
21861
21862
21845
21829
21844
21843
21827
21828
21811
21810
21809
21826
21825
21808
21807
21806
21799
21800
21783
21784
21767
21758
21757
21766
20769
21765
20768
21756
21764
21781
21782
21798
21797
20772
20773
21823
21824
21842
21841
21840
21857
21839
20774
20775
21856
21874
21873
21880
21895
21881
21896
21910
21911
21920
21930
21919
21929
20590
21938
20591
21948
20592
21958
21959
21949
21939
21940
21950
21960
21969
21984
21983
21968
21967
20593
21982
20594
21991
21992
21993
21994
21985
21970
21971
21986
21995
22006
20787
22021
22037
22036
22005
22004
22003
22020
22019
22035
22034
22018
22002
22001
22017
22033
22044
22045
22046
22047
22048
20791
22064
20793
22080
20794
22081
22065
20792
22049
22038
20789
20788
22007
22008
22022
22023
22009
22010
22011
22025
22024
22052
22053
22069
22068
22067
22051
22050
22066
22082
22083
22084
22085
22086
22087
22088
22089
22073
22072
22071
22070
22054
22055
22056
22057
22040
22041
22042
22059
22058
22074
22075
22043
22060
22076
22092
22102
22091
22090
20795
22101
22110
22111
25226
25227
22120
22119
22128
22129
25228
22138
25229
22148
22162
22179
25230
22191
22190
22178
22177
22189
22188
22187
22186
22174
22157
22158
22175
22176
22159
22146
22160
22161
22147
22137
20797
22136
22145
22144
22135
22126
22117
22127
22118
22109
22100
22099
22098
22107
22108
22116
22125
22134
22143
22156
22173
22172
22155
22154
22171
22153
20798
22170
22169
22185
20800
22168
22167
22166
22184
22196
22209
22197
22198
22210
20801
20802
22222
22234
22247
22264
22248
22249
22250
20803
22235
22252
22251
22265
22279
22280
22296
22297
22281
22266
22267
22253
22254
22255
22256
22238
22237
22236
22224
22223
22211
22199
22200
22201
22202
22203
22204
25231
25232
22216
25233
22228
22227
22215
22214
22213
22212
22225
22226
22239
22240
22257
25234
25235
22285
22271
22270
22284
22299
22283
22269
22268
22282
22298
22311
22312
22313
22300
22301
25236
22314
22326
25237
22338
22350
25238
25239
22362
22373
25240
25241
22385
22384
22372
22361
22349
22348
22336
22337
22325
22324
22323
22322
22310
22309
22321
20808
22308
22295
22294
22293
22292
22278
20805
20807
22307
22306
22291
22277
22276
22290
22305
22304
22318
22319
22320
22332
22331
22343
22344
22356
22367
22379
20810
22391
22392
22393
22394
22395
22396
22397
22398
22381
22380
22368
22357
22358
22369
22370
22359
22346
22345
22333
22334
22335
22347
22360
22371
22383
22382
22399
22400
22401
22402
22413
25242
25243
22447
22463
20814
22484
22495
22512
25244
22524
22511
20816
22483
22473
22462
22446
22429
22412
22411
22410
22426
22409
22408
22425
22424
22423
22440
22441
22442
22458
22459
22443
22444
22427
22428
22445
22460
22461
22472
22482
22481
22471
22470
22480
20815
22469
22457
22456
22439
22455
22454
22438
22422
22421
22420
22437
22453
22452
22436
22419
22435
22451
20813
22468
20812
22434
22418
22417
22406
22407
22390
22378
22366
22355
22354
22365
22377
22389
22388
22387
22375
20610
22374
20611
22386
20612
22403
22404
22415
22414
30131
27337
27353
27352
27369
27351
27306
27291
27290
27279
27269
27270
27280
27281
27271
27260
27259
27248
27237
27238
27220
27219
27218
27208
27209
27192
27191
27180
27169
27158
27148
27149
27159
25689
27170
27182
27181
27193
27210
27211
27221
27239
27240
27251
27250
27249
27261
27262
27263
27252
27241
27223
27222
27213
27196
27195
27212
27194
27183
27184
27185
27173
27172
27171
27160
27161
27150
25686
27134
25685
27117
25684
27106
27107
27096
27095
27094
27105
27116
27133
27132
27115
27104
27093
27082
27083
27084
27085
27075
27086
27097
27108
27118
27135
27136
27119
27109
27098
27087
27076
25678
27060
27051
27042
27032
27041
27031
27022
27006
27005
27004
27021
27030
27040
27049
27050
27059
27058
27074
27073
27057
27048
27039
27029
27028
27038
27047
27056
27072
27071
27070
27069
27068
25680
27067
27066
27046
27037
27027
27012
27036
27026
27011
27010
27009
27025
27035
27044
27053
27052
25490
27043
25489
27034
25488
27024
25487
27008
26998
25486
26980
26964
25485
26954
26938
26921
25484
26915
25483
26907
25482
26900
25481
26885
25480
26878
25479
26871
25478
26863
25477
26856
25476
26840
26831
25475
26821
25474
26812
25473
26803
25472
26794
25471
26785
25470
26776
25469
26767
25468
26750
25467
26733
25466
26716
25465
26698
26680
26673
25464
26658
26651
25463
26634
26635
26652
26636
26637
26653
26638
26639
26640
26641
26642
26643
26644
26645
26631
26625
26620
26614
26608
26602
26595
26589
26580
26579
26563
26562
26578
26577
26561
26560
26576
26575
26559
26558
26574
26573
26557
26556
25640
25641
26572
26588
26594
26601
26607
26606
26612
26613
26619
26624
26630
26629
26628
25462
26623
25645
26618
26617
25461
26611
25460
26605
25459
26599
25458
26600
26593
25643
26587
26586
25457
26570
25456
26571
26555
26548
26542
26536
26530
26525
26509
26510
26511
26512
26513
26514
26515
26516
26517
26518
26519
26504
26498
26492
26485
26486
26470
26469
26454
26449
26444
26439
26467
26468
26484
26483
26482
26481
26466
26465
26464
26463
26480
26479
26478
26462
26461
26477
26476
26460
26459
26475
26491
26497
26503
26502
25449
26496
25448
26490
25447
26473
26474
26458
26457
26452
25446
26453
26448
26443
26438
26432
26425
26407
25441
26424
25442
26431
25443
26437
25444
26442
25445
26447
35223
31460
30536
31443
31442
30535
31425
30534
31408
30533
31409
31426
35222
35221
35220
31392
30532
31375
31376
31359
35219
35218
31351
30530
31334
31333
31326
31325
31324
30529
31331
31332
31350
31358
31374
31391
31407
31424
31441
31459
31458
31457
31440
31439
31455
31456
31465
30538
31466
31467
31468
30539
30540
31501
35224
35225
31518
30541
31517
30543
31524
31525
31535
26508
25450
26524
25451
26529
25452
26535
25453
26541
25454
26547
25455
26554
35235
35234
35233
35232
30551
31642
31641
31623
31624
31625
35231
35230
31614
30550
31597
35229
35228
31587
31577
35227
35226
31562
30548
31545
31544
31534
31533
31532
31543
31561
31576
31586
31596
31613
31612
31611
31595
31594
31610
31609
31608
31607
31606
31605
31604
31603
31593
31583
31582
31592
31602
31620
31619
31618
31629
31628
31645
31646
30552
31661
31644
31643
31659
31660
30553
31667
31675
31674
30337
31685
30338
31693
30339
31701
31709
30556
31702
31694
31686
31676
31668
31677
31687
31695
31703
31710
31718
30558
31725
31719
31711
31704
31696
31688
31678
30554
31670
31669
31662
31663
31648
31647
31630
31631
31632
31649
31650
31633
31634
31651
31652
31635
31636
31653
31654
31637
31621
31622
31638
31655
31656
31639
31640
31657
31658
31666
31673
31682
31681
31680
31672
31665
31664
31671
30555
31679
31691
31690
31689
31697
31698
31699
31707
31714
31722
31734
31735
31736
31723
31715
31708
31700
31692
31683
31684
35236
35237
35238
35239
35240
35241
31738
31737
31745
31752
31768
31785
31769
35242
35243
31787
31786
30560
31796
31805
31814
31813
31821
31820
31811
31812
31803
31804
31795
30562
31810
31802
31794
31784
31767
31766
31783
31782
31793
31792
31781
31780
31779
31778
31777
31760
31761
31762
31763
31749
31764
31765
31750
31751
31744
31743
31742
31732
31733
31721
31713
31706
31705
31712
31720
31731
31730
31729
31728
31727
31726
31741
31748
31759
31776
31775
31758
31757
31747
31740
30557
31717
30340
31716
31724
30341
31739
30342
31746
31753
31770
31771
31754
31755
31756
31773
31774
30559
31791
31799
31808
31817
31829
31828
31844
31861
31843
31860
31877
31878
31879
31862
31845
31846
31830
31831
31847
31863
31864
31865
31848
31832
31833
31834
31849
31850
31868
31851
31852
31835
30567
31818
31809
31800
31801
30564
30566
31819
30568
31836
31837
31838
31822
31823
31839
30569
35244
35245
35246
31890
30571
31873
30570
31856
31855
31872
31889
31896
31897
31898
35247
31907
31914
31906
31905
31895
31887
31888
31871
31854
31853
31870
31869
31886
31885
31884
31867
31866
31883
31882
31881
31880
31893
31902
30573
31892
31876
30572
31901
31900
31916
31924
31925
31941
31948
31955
31962
30579
31963
31956
31949
31942
31927
31926
30576
31909
31917
31928
31929
31930
31931
31932
31933
31934
31935
31936
31918
30577
30575
31903
31894
30574
31904
31910
31911
31919
31920
31912
31913
31921
31922
30578
31939
35248
35249
31946
31953
35250
35251
31960
31967
35252
35253
31975
31991
35254
35255
32007
32015
35256
35257
30583
32032
32050
32049
32067
32068
32085
32095
30584
32084
32083
32066
32048
32065
32082
32081
32064
32063
32062
32061
32079
32080
32091
32092
32093
32094
32109
32110
32111
35258
32122
32121
32120
32119
32108
32107
32106
32105
32104
32103
32102
32101
32100
32099
30586
32090
32074
32056
32055
32038
32021
32022
32039
32057
32075
32058
32076
32077
32078
32060
32059
32041
32040
32023
32024
32025
32042
32043
32044
32026
32027
32028
32045
32046
32047
32030
32031
32014
32006
30581
31990
31974
31966
31959
31952
31945
31938
31937
31944
31943
31950
31957
31951
31958
31965
31964
31972
31973
30580
31989
32013
32029
32012
32005
32004
31988
31987
32003
32002
31986
31985
32001
31984
32000
31999
31983
31982
31998
31997
32011
31996
31981
31971
31980
31979
31995
32010
32009
30582
31994
31978
31970
31969
31977
31993
31992
31976
31968
31961
30347
31954
30346
31947
30345
31940
30344
31923
31915
31908
30343
31899
31891
31875
31874
31857
31840
31824
31825
31841
31858
31859
31842
31826
31827
31816
30565
30563
31807
31798
30561
31790
31772
31789
31788
31797
31806
31815
40688
37043
37042
37056
37057
40689
40690
37070
37069
37086
37087
40691
40692
35679
37104
37121
40693
40694
37132
35683
37142
37131
37120
37085
37068
37055
37041
37027
37010
37009
36991
36973
36972
35673
36940
36939
36938
36937
36922
36909
36897
36885
36874
36862
36850
36838
36826
36815
36827
36839
36851
36863
36875
36876
36864
36852
36840
36828
36818
36829
36841
36853
36865
36877
36888
36887
36886
36898
36899
36900
36912
36911
36910
36923
36924
36941
36925
36942
36958
36957
36956
36974
36992
36993
36975
36976
36994
36995
35674
37011
35675
37028
40687
40686
36977
36959
36943
35672
36926
40685
40684
36913
40683
40682
36901
36889
40681
40680
36878
36866
40679
40678
36854
36842
40677
40676
36830
36819
35668
36802
40675
40674
36789
36788
36801
36800
36799
36817
36816
36798
36785
36784
36783
36767
36768
36769
36770
36786
36787
36771
36755
36756
36743
36744
36772
36773
36757
40673
31626
31627
31616
31615
30336
31598
31588
30335
31578
30334
31563
31564
31547
31546
31536
31537
31527
31526
31519
31520
31503
31504
31521
31528
31538
31548
31565
31580
31579
31589
31599
31617
31601
31600
31590
31591
31581
31566
31567
31549
31550
31540
31539
31529
31530
31522
30542
31506
31507
31508
30544
30546
31552
31551
31568
31569
31570
31553
31554
31555
31571
31572
31573
31556
31557
31558
31574
31584
31585
31575
30549
31559
31560
31542
31541
30547
30545
31531
31523
31515
31516
31499
31500
31484
31483
31482
31481
31497
31498
31514
31513
31512
31495
31496
31480
31479
31478
31477
31493
31494
31511
31510
31509
31492
31476
31475
31474
31491
31490
31489
31473
31464
30537
31448
31431
31432
31449
31450
31451
31452
31453
31454
31438
31437
31420
31402
31418
31419
31436
31435
31434
31433
31416
31417
31400
31401
31385
31367
31386
31368
31369
31387
31403
31404
31405
31421
31422
31423
31406
31390
31389
31388
31370
31371
31356
31372
31373
31357
31349
31348
31347
31346
31345
31344
31343
31342
31341
31340
31339
31330
31323
31316
31308
30526
31292
31291
31290
31274
31273
31265
31249
31264
30328
31248
31240
31241
31233
31232
31225
31208
31192
31193
31209
31210
30516
31226
31234
31242
31250
31266
31267
31275
31276
31268
31252
31251
31243
30520
31235
30518
31227
31212
31211
31195
31196
31180
31181
31197
31198
31213
31214
31215
31216
31201
31202
31186
31185
31184
31200
31199
31183
31182
31152
31135
31134
31151
30512
31150
31149
31148
31165
31172
31179
31194
31178
31177
31176
31169
30327
31162
31145
31128
31129
31146
31163
31170
31171
31164
31147
31131
31130
31113
31114
31115
31132
31133
31116
31117
31118
31119
31120
31137
31136
31153
31154
31155
31156
31157
31158
31141
31140
31139
31138
31121
31122
31123
31124
31125
31108
31101
31102
30511
31109
31103
31086
31081
30510
31065
31059
31052
31045
31046
35203
35204
31053
30509
35205
35206
35207
31104
31110
35208
35209
35210
31168
31175
35211
35212
31191
31207
35213
35214
31231
31239
35215
31247
30521
30519
31246
31238
31230
30517
31224
31223
31206
31190
31174
30513
31161
31144
31127
31126
31143
31142
31159
31160
31167
31166
31173
30514
31189
30515
31205
31222
31229
31228
31221
31220
31204
31188
31187
31203
31217
31218
31219
31236
31237
31245
31244
31260
31259
31258
31257
31256
31255
31254
31253
31277
31293
31294
31278
31279
31295
31296
31280
31281
31297
31298
31282
31283
31299
31284
31300
31301
31285
31286
31302
31303
31287
31269
30523
31261
30522
31262
31263
31270
31271
30524
30525
31304
35216
35217
31312
31311
31310
31309
30527
31317
31318
31319
30528
26333
26326
25436
26319
25435
26313
26298
26299
26293
26292
25434
26275
25433
26258
26253
26248
26259
26276
26294
26277
26278
26262
26261
25618
26260
25616
25615
26233
26232
26231
26226
25432
26209
26192
26193
26175
26176
26177
26194
26178
26195
26212
26211
26210
26227
26234
26235
26236
26237
26238
26239
26240
26241
26242
26243
26244
26270
26269
26268
26267
26266
26265
26264
26263
26279
26280
26281
26282
26283
26284
26285
26286
26287
26271
26272
26273
26256
26257
30091
30092
25617
26274
26291
26290
26289
26288
26296
26295
25619
26310
26311
26316
26317
26323
26324
26312
26297
30093
30094
30095
26318
26325
26332
26331
26330
26337
26356
26338
26339
30096
30097
26369
26368
26376
30098
26382
25628
26375
26381
26388
26387
26404
26403
26386
26380
25626
26374
26367
25625
26361
26362
26355
26354
26353
26335
25624
25622
26328
26336
26329
26322
26321
25621
26315
26309
26308
26307
26306
26305
26304
26303
26302
26301
26300
25620
26314
26320
26327
25623
26334
26342
26343
26344
26345
26346
26347
26348
26349
26350
26351
26352
26360
26366
26373
26379
26385
26400
26399
26398
26397
26396
26395
26394
26393
26392
26391
26384
26378
25627
26372
26365
26359
26371
26364
26358
26341
26340
25437
26357
25438
26363
25439
26370
26377
25440
26383
26389
26390
26408
26409
26410
26411
26412
26413
26414
26415
26416
26417
26418
26433
26426
26419
26401
26402
26420
26421
26427
26434
26440
26445
26450
26455
26456
26451
26446
26441
26435
26428
26422
26423
26405
26406
30099
30100
26430
26429
25629
26436
25630
30101
25631
25632
25633
26472
26471
26487
26493
26499
26505
26522
26521
26520
26526
26531
26537
26543
26549
26564
26565
26566
26550
26551
26545
26544
26538
26539
26533
26532
26527
26528
26523
26506
25636
25635
26500
26494
26488
25634
26489
30102
30103
26495
26501
26507
25637
25638
30104
26534
30105
26540
26546
25639
26552
26553
30106
26569
26568
26567
26583
25642
26591
26584
26585
26592
30107
26598
26604
25644
26597
26590
26582
26581
26596
26603
26609
26615
26621
26626
26632
26648
26647
26646
26654
25647
26669
26677
26676
26691
26692
26693
26694
26678
26670
26655
26649
26627
26622
26616
26610
30108
30109
30110
30111
30112
26633
25646
26650
30113
30114
26657
26656
26671
25648
26672
30115
26679
26697
26715
26714
26696
26695
26713
26712
26729
26730
26748
26731
26732
26749
26766
30116
26775
26784
26793
26792
25653
25652
26783
26774
26765
26764
26747
26746
26763
26762
26773
26782
26791
26800
26809
25656
26808
26807
26798
26799
26790
26789
26780
26781
26772
26761
26744
26745
26728
26711
26710
26727
26726
26743
26742
26760
26771
26759
26758
26741
26757
26740
26722
26705
26704
26721
26720
26703
26702
26684
26685
26686
26687
26688
26706
26723
26724
26707
26708
26725
26709
26690
26689
26668
26667
26666
26665
26664
26663
26662
26661
26660
26659
26674
26681
26682
26675
26683
26701
26719
26736
26737
26738
26739
26756
26755
26754
26753
26752
25651
25650
26735
26718
25649
26700
26699
26717
26734
26751
26768
26769
26770
26779
26788
26787
26778
26777
26786
26795
26804
26813
26822
26823
26814
26805
26796
26797
26806
26815
26824
26834
26833
26832
25659
26841
26857
26864
26872
26842
26843
26844
26845
26846
26847
26848
26849
26858
26865
26873
26880
26892
26891
26890
26889
26888
26887
26886
26879
25664
26901
26908
26916
26925
26924
26923
26922
25667
26940
26956
26939
26955
26965
26981
26999
26982
26983
27000
27001
26984
26966
25672
26957
26941
26942
26943
25670
26944
26926
26927
26928
26929
26930
26948
26947
26946
26945
26969
26987
26986
26968
26967
26985
27013
27014
27015
27016
27017
27018
27019
27020
27003
27002
26991
26990
26989
26988
26970
26971
26972
26973
26992
26974
26975
26993
26994
26995
26978
26979
26963
26962
26961
26977
26976
26960
26959
26958
25671
26949
26950
26932
26931
26917
26918
26910
26919
26933
26951
25668
26934
26935
25669
26952
26953
26937
26936
26920
25666
26914
26913
26912
26911
26904
26896
26895
26903
26909
25665
26902
26893
26894
26881
26874
26866
25661
26859
26851
26850
26836
26835
26825
26816
26817
25657
26826
26827
26837
26838
26839
26829
26828
26818
26810
25654
26801
26802
25655
26811
26819
26820
26830
25658
26855
26862
26861
26854
26853
26852
25660
26860
26868
26867
26875
26882
26897
26898
26905
26906
30117
26899
26884
26883
25663
26876
26877
26869
26870
25662
21928
20589
21918
20588
21909
20587
21894
20586
21879
20585
21872
21855
20584
21838
20583
21822
20582
21805
20581
21796
21780
20580
21763
20579
21755
20578
21737
21738
21720
21719
21710
21702
21692
20577
21684
21674
20576
21675
21665
20760
21656
21655
20575
21645
20574
21635
20573
21618
20572
21619
21636
21646
21647
21637
21638
21648
21658
21657
21666
21667
21677
21676
21686
21694
21685
21693
20763
21703
21711
21721
21739
21740
21741
21723
21722
21712
20765
21704
21705
21695
21696
21687
20761
21678
21668
21659
21649
21639
21622
20759
21611
21610
21621
21620
21609
21608
20758
21599
21598
20571
21588
20570
21578
20569
21562
21563
21546
21545
20568
21537
21538
21530
21514
21529
21513
20567
21496
20566
21479
20565
21471
20564
21463
21464
21465
21466
21459
20743
21454
21453
21446
21445
21452
21458
21457
21451
20563
21444
20562
21428
20561
21429
21430
21447
20745
21474
21482
21483
21484
21501
21485
21502
21518
21517
20750
21500
20749
21499
21481
21473
20748
21472
21480
21497
21498
21515
21516
20751
21531
20753
21539
21548
21547
21564
21565
21566
20755
21532
21540
21549
21550
21551
21552
21553
21554
21521
21520
21519
21503
21486
21504
21487
21488
21505
21522
21506
21489
21490
21507
21523
21524
21533
21541
21557
21558
20756
21575
21585
21576
21577
21561
21544
21536
21535
21527
21528
21512
21511
21510
21526
20752
20754
21543
21560
21559
21542
21534
21525
21509
21508
21491
21475
21476
21492
21493
21494
21495
21478
21470
21469
21477
20747
21468
21467
20746
20744
21460
21455
21461
21462
21456
25211
21450
21449
21448
20742
21441
21440
21439
21438
21437
21436
21435
21434
21433
21432
21431
20741
20740
21417
21416
21423
21422
21415
21421
21414
20560
21397
20559
21381
21382
20738
21398
21383
21384
21366
21367
21368
21386
21385
21399
21400
21401
21402
21403
21388
21387
21369
21370
21371
21355
21356
21373
21372
21389
21404
21405
21406
21390
21391
21392
21407
21408
21393
21375
21374
21357
21339
21338
21337
21336
21354
21353
21335
21334
21352
21351
21333
21332
20735
21350
21349
21348
20736
21365
21364
20558
21346
21347
21331
21330
20557
21326
20556
21322
20555
21318
21301
20554
21327
21323
21319
21302
21303
21304
21305
21306
21307
21290
21289
21288
21287
21286
21285
21284
21280
21281
21278
20553
21277
20552
21260
20551
21258
21241
21242
21225
21226
21227
21228
21229
21230
21231
21232
21249
21248
21247
21246
21245
21244
21243
20732
20733
21261
21262
21263
21264
21265
21266
21267
21268
21269
21253
21252
21251
21250
21233
21234
21235
21236
21237
21254
21255
21238
21239
21240
21257
21256
21274
21273
21272
21271
21270
21295
21294
21293
21292
21291
21308
21309
21310
21311
21312
21313
21296
21314
21297
21298
21315
21316
21299
21300
21317
21320
21324
21328
21342
21341
21340
21358
21359
21360
21377
21376
21394
21409
21410
21411
21419
21418
21424
21425
21426
21442
21443
21427
25210
21420
20739
21412
21395
20737
21378
21379
21413
21396
21380
21363
21362
21361
21343
21344
21345
21329
25209
25208
21325
21321
25207
25206
25205
25204
21283
21282
21279
20734
21275
21276
21259
25203
25202
25201
25200
21223
21220
25199
25198
21217
21214
25197
25196
21211
21208
25195
25194
21205
21202
25193
25192
21199
21196
21178
21160
25191
25190
21144
21140
25189
21135
20725
21129
21128
21134
21139
21143
20727
21159
21158
21157
21174
21175
21176
21177
21195
21194
21193
21192
21191
21190
21173
21172
21156
21155
21171
21189
21188
21187
21186
21185
21184
21166
21167
21168
21169
21170
21154
21153
21152
21151
21150
20724
21127
21120
21113
21114
21107
21100
21099
21106
21105
21098
21093
21092
20541
21097
20542
21104
20543
21111
21112
20723
21118
21119
21126
21133
21132
21125
20544
21124
21131
20545
21136
21141
21145
21161
21137
21138
20726
21142
21147
21146
21162
21163
21164
21148
21149
21165
21183
21182
21181
21180
21198
21201
21204
21207
20728
21210
20729
21213
20730
21216
20731
21219
21222
21224
21221
20550
21218
21215
21212
21209
21206
20549
21203
20548
21200
20547
21197
20546
21179
30086
30085
26156
26174
25611
26191
25612
26208
25613
26225
30087
30088
26230
26229
25614
26246
26247
30089
30090
26252
26251
26250
26255
26254
26249
26245
26228
26224
26207
26190
26173
26155
26154
26172
26171
26189
26206
26223
26222
26205
26204
26221
26220
26219
26218
26201
26217
26216
26215
26198
26181
26163
26162
26180
26197
26214
26213
26196
26179
26161
26160
26159
26158
26157
26139
26134
25431
26117
26135
26140
26141
26142
26143
26144
26145
26146
26164
26182
26199
26200
26183
26184
26185
26202
26203
26186
26168
26167
26166
26165
26147
26148
26149
26150
26151
26169
26187
26188
26170
26152
26153
26136
26130
26129
26128
26127
26126
26125
26124
26123
26122
26121
26120
26119
26118
26112
26106
26111
25430
26105
25429
26099
25428
26100
26094
25608
26089
26083
26077
26071
26065
25607
26060
25424
26070
25425
26076
25426
26082
25427
26088
35202
31040
31033
35201
35200
31026
31025
31032
31024
31031
31038
31039
31044
31051
31058
31064
31063
31057
31050
31043
31037
31030
31023
31017
31011
31012
31018
30507
31019
31013
35199
35198
31008
30505
30991
30985
30502
30504
31007
30990
30984
30501
30968
30963
30958
30957
30956
30955
30954
30937
30936
30953
30935
30952
30951
30934
30950
30933
30932
30931
30949
30948
30947
30930
30923
30922
30917
30918
30914
30913
30495
30912
30916
30314
30315
30921
30927
30926
30943
30316
30317
30965
30960
30944
30945
30928
30929
30946
30962
30961
30966
30967
30973
30974
30503
30975
30976
30977
30978
30979
30980
30981
30982
30983
30989
31006
31005
31004
31003
31002
31001
31000
30999
30998
30997
30996
30995
30994
30988
30972
30971
30970
30986
30992
30987
30993
30506
31009
31010
31016
31022
31029
31036
31028
31021
31015
30318
31014
30319
31020
30320
31027
30321
31034
31035
30508
31041
31042
31049
31056
31062
31068
31069
31070
31071
31072
31073
31074
31075
31076
31077
31078
31079
31080
31085
31100
31099
31098
31097
31096
31095
31094
31093
31092
31091
31090
31107
31112
31111
31105
30326
31106
31088
31089
31084
31083
31087
31082
30325
31066
31067
31061
31055
31048
30322
31047
30323
31054
30324
31060
40642
40643
36223
36217
35638
36201
40641
36195
36189
40640
40639
36182
36181
36188
36194
36200
36193
35637
36187
36180
36174
36167
36160
36153
36145
36146
35634
36154
36161
36162
36169
36168
36175
36176
40638
40637
40636
36155
36147
36140
36148
40635
40634
36141
36134
36119
35630
35628
35626
36106
40633
40632
36101
36096
36095
36089
35621
35622
36094
36099
36100
36105
36104
36109
36110
36114
36118
36133
36132
36139
36138
36131
36117
36113
36130
36129
36128
36127
36126
36125
36124
36123
36122
35632
36108
36112
36116
36121
36136
36137
36144
36152
36159
36166
36173
36179
36172
36178
36185
36191
36197
36203
36219
36204
36220
36205
36198
36186
35636
36192
36199
36206
36221
36228
36243
36252
36253
36254
36255
36256
36257
36258
36259
36234
36233
36232
36231
36230
36229
36207
36208
36209
36210
36211
36212
36213
36214
36215
36216
36235
36236
36244
36245
36262
36279
36280
36281
36264
36263
36246
36237
35639
36222
36238
36239
36247
40644
40645
40646
40647
36289
40648
36298
36307
35641
36306
36297
36288
36287
36296
36295
36286
36278
36261
36260
36277
36276
36275
36274
36273
36272
36271
36270
36269
36285
36294
36293
36284
35640
36268
36251
36242
36227
36226
36225
36241
36250
36249
36266
36267
36283
36292
36291
36300
36301
36302
36303
36312
36322
36311
36310
36309
36319
36320
36321
36331
36332
36348
36365
36375
36385
36386
36376
36366
36349
36350
36333
36334
36335
36352
36351
35642
36377
36387
36397
36398
36399
36400
36401
36402
36403
36404
36405
36388
36378
36367
36358
36357
36356
36355
36354
36353
36336
36337
36338
36339
36340
36313
36304
36305
36314
36315
36316
36317
40649
40650
36327
40651
40652
40653
36371
36382
40654
40655
36392
36409
35645
36418
36408
36391
36390
36380
36381
36370
36361
36344
36326
36343
36325
36324
36323
36341
36342
36359
36360
36369
36368
36379
36389
36406
36407
36417
36416
36425
36415
36424
36435
36436
36437
36449
36450
36438
36426
36427
36428
40656
40657
36439
36451
36467
36479
36491
40658
40659
36503
36502
36501
36489
36490
36478
36466
36465
36464
36448
36447
36463
35650
36446
35649
35647
36414
36396
36413
36412
36421
36422
36423
36434
36445
36458
36459
36460
36461
36462
35651
36475
36476
36477
36488
36487
36486
36498
36515
36532
36533
36516
36499
36500
36534
36535
36517
35654
36518
36536
36549
36548
36561
36562
36575
36588
36601
36614
36615
40666
40665
36602
36589
40664
40663
36576
36563
40662
40661
36550
36537
36519
40660
31360
30333
31352
30332
31335
31336
31328
31327
30331
31320
30330
31313
30329
31305
31288
31272
31289
31306
31307
31315
31314
31321
31322
31329
31338
31337
31354
31362
31353
31361
31378
31377
31393
31394
31395
31379
31380
31396
31397
31381
31382
31363
30531
31355
31364
31365
31366
31384
31383
31399
31398
31415
31414
31413
31412
31411
31410
31427
31428
31444
31461
31469
31470
31462
31445
31446
31429
31430
31447
31463
31472
31488
31505
31487
31471
31486
31485
31502
40668
40667
36631
36630
36643
36644
36657
40669
40670
36670
36686
36687
40671
40672
36700
36699
36711
36712
36728
36727
36726
36742
36741
36754
36753
36740
36724
36725
36709
36710
36698
36685
36668
36669
36656
36655
36642
36629
35655
36613
36600
36587
36574
36573
36572
36571
36558
36559
36560
36547
36546
36545
36531
36530
36514
36513
36529
36528
36512
36511
36527
36526
36510
36497
35653
36485
35652
36474
36473
36472
36484
36496
36509
36525
36543
36544
36557
36556
36555
36542
36541
36554
36553
36566
36552
36565
36578
36591
36604
36617
36633
36646
36660
36647
36634
36618
36606
36607
36619
36620
36608
36595
36594
36593
36605
36592
36579
36580
36567
36568
36581
36582
36569
36570
36583
36596
36609
36584
36585
36586
36599
36598
36597
36610
36626
36625
36624
36623
36622
36621
36637
36650
36663
36662
36649
36636
36635
36648
36661
36675
36676
36692
36691
36690
35657
36674
36673
36672
36659
36658
35462
36645
35461
36632
35460
36616
36603
35459
36590
35458
36577
35457
36564
35456
36551
35455
36538
35454
36520
36521
36539
36540
36522
36523
36524
36508
36507
36495
36494
36482
36483
36471
36470
36469
36481
36493
36506
36505
36504
36492
36480
36468
35453
36452
36453
36441
36440
36429
36430
36442
36454
36455
36456
36457
36444
36443
35648
36433
36432
36431
36420
35646
36411
35644
36395
36384
35643
36374
36373
36394
36419
36410
36393
36383
36372
35452
36362
36345
36346
36363
36364
36347
36330
36329
36328
36318
35451
36308
35450
36299
35449
36290
35448
36282
36265
36248
36240
35447
36224
36218
35446
36202
36196
35445
36190
36183
35444
36184
36177
35635
36171
36170
35443
36163
35442
36156
35441
36149
35440
36150
36157
36164
36165
36158
36151
36143
36142
35633
36135
35439
36120
35631
36115
35629
36111
35627
36107
35625
36102
35624
36097
36091
35438
36092
35623
36103
36098
36093
36088
36085
36087
35620
36084
35437
35436
36081
36082
36079
36077
36060
36044
36043
36059
35435
36076
46172
41443
41012
41438
46171
46170
41434
41430
46169
46168
41426
41422
46167
46166
41419
41416
46165
46164
41413
41410
41394
46163
46162
41382
41380
41379
41378
41377
41376
41004
41409
41408
41407
41406
41405
41412
41415
41418
41421
41425
41429
41433
41437
41442
41456
41457
41474
41473
41481
41486
41502
41508
41509
41510
41503
41015
41487
41482
41013
41475
41458
41459
41460
41476
41477
41483
46173
41488
41504
41511
46174
46175
41518
41517
41516
41515
41523
41530
41548
41547
41563
41562
41561
41577
41576
41575
41559
41558
41574
41573
41557
41556
41572
41571
41570
41554
41538
41539
41555
41540
41541
41542
41543
41544
41560
41545
41546
41529
41522
41514
41507
41501
41500
41499
41498
41497
41496
41495
41494
41493
41492
41491
41485
41484
41014
41479
41478
40857
41461
41444
41439
40856
41440
41445
41462
41463
41480
41464
41465
41466
41467
41468
41469
41470
41471
41472
41455
41454
41453
41452
41451
41450
41449
41448
41447
41446
41441
41436
41435
41011
41431
41010
41427
41009
41423
41420
41008
41432
41428
41424
41007
41399
41398
41397
41396
41385
41386
41387
41388
41389
41400
41401
41402
41403
41404
41393
41374
41392
41391
41390
41369
41368
41367
41366
41348
41349
41350
41351
41352
41353
41370
41371
41354
41355
41372
41373
41356
41357
41375
41358
41359
41360
41361
41362
41363
41346
46161
41345
41344
41343
41342
41341
41340
41339
41338
41337
41336
46151
46152
46153
46154
46155
46156
46157
46158
46159
46160
35917
35432
35934
35918
35609
35431
35430
35429
35428
35427
35426
35425
35424
35423
35422
35421
35420
35419
35418
35417
35416
46145
46146
46147
46148
46149
46150
41335
41334
41333
41332
41331
41330
41329
41328
41327
41326
41325
41324
41323
41322
41321
41320
41319
41318
40845
40846
40996
40997
40847
40848
40998
40999
41000
41001
40849
40850
40851
41347
41002
41365
41003
41384
41383
41005
41395
41411
41414
41006
41417
40855
40854
40853
41381
41364
40852
51128
47013
47008
47007
46587
46586
47003
47004
47000
46583
51127
51126
51125
51124
46954
46949
46944
46939
51123
51122
46934
46933
46938
46943
46579
46580
46948
46953
46952
46581
46957
46958
46959
46960
46961
46962
46963
46964
46965
46966
46967
46968
46969
46970
46975
46974
46979
46980
46582
46996
46999
46585
46995
46994
46993
46992
46991
46990
46989
46988
46987
46986
46985
46584
46984
46983
46978
46973
46972
46956
46951
46946
46947
46942
46941
46936
46937
46932
46931
46928
46577
46575
46573
46918
46901
46884
46867
46868
46885
46902
46903
46904
46905
46906
46889
46888
46887
46886
46869
46870
46871
46872
46873
46890
46907
46908
46891
46892
46909
46910
46893
46874
46875
46876
46877
46894
46895
46911
46912
46913
46914
46915
46898
46897
46896
46878
46879
46880
46881
46882
46571
46899
46572
46916
46919
46923
46576
46578
46929
46926
46574
46920
51121
51120
51119
51118
40844
40843
40842
40841
788
789
790
791
792
793
794
795
796
797
798
799
800
801
802
803
804
805
806
807
808
809
810
811
812
813
814
815
816
817
818
819
820
821
822
823
824
825
826
827
609
607
787
786
785
784
783
782
781
780
779
778
777
776
775
774
773
772
771
770
769
768
767
766
765
606
764
763
762
761
760
604
759
758
757
756
755
754
753
51869
51870
56699
51867
51568
51865
56698
56697
51863
51861
56696
46866
46883
46900
46391
46917
46921
46922
46925
46924
46927
46392
46930
46393
46935
46394
46940
46395
46945
46950
46955
46396
46971
46397
46976
46977
46982
46998
47002
47006
47010
47015
47016
47034
47035
47017
47036
47018
47019
47020
47037
47038
47039
47021
47022
47040
47041
47023
47024
47025
47042
47043
47044
47026
47027
47028
47011
47012
47030
47029
47047
47046
47045
47050
47051
47048
47031
51129
51130
46589
51131
47071
47088
47093
51132
51133
51134
51135
51136
47117
47113
47109
47104
47099
47098
47092
47091
47097
47102
47103
47108
47107
46594
47112
47116
47133
47148
51137
47154
47153
47147
47132
47131
47130
47129
47128
47127
47126
47125
47124
47123
47122
47121
47120
47136
47137
47138
47139
47140
47141
47142
47143
47144
47145
47146
47152
46601
47169
47170
47171
51138
41489
40858
41490
41506
41505
41016
41512
41513
41521
41520
40859
41519
41527
41528
41017
41537
41536
41553
41552
41535
41534
41551
40860
40861
41591
41592
41600
41601
41593
41585
41584
41018
41567
41568
41569
41586
41594
41602
41609
41616
41615
41608
41607
40862
41599
40863
41606
40864
41613
41614
41020
41620
41621
41622
41629
41636
41643
41649
41648
41021
41642
41635
41628
41634
41627
40865
41626
40866
41633
40867
41640
41641
41647
40868
41654
41661
40869
41679
41662
41663
41655
41656
41664
41665
41666
41667
41668
41669
41670
41671
41672
41673
41657
41650
41644
41637
41630
41623
41617
41610
41603
41595
41587
41578
41579
41580
41564
41565
41549
41531
41524
41525
41526
46176
46177
46178
46179
41533
41532
41550
41566
41583
46180
41582
41581
41589
41590
41019
41598
46181
46182
46183
46184
46185
46186
46187
41653
41022
41652
41646
41639
41632
41625
41619
41612
41605
41597
41588
41596
41604
41611
41618
41624
41631
41638
41645
41651
41658
41659
41676
41675
41674
41682
41698
41708
41709
41700
41699
41683
41684
41685
41677
41660
46188
41678
46189
46190
46191
41702
41701
41710
41720
41719
41026
41735
41736
41752
41751
41767
41766
41750
41718
41025
41734
41749
41748
41747
41746
41762
41761
41745
41744
41730
41731
41732
41733
41717
41707
41697
41696
41695
41694
41693
41692
41691
41690
41689
41688
41681
41680
41687
41023
40870
41686
40871
41703
41711
41712
41722
41723
41724
41714
41713
41704
41705
41706
41715
41716
41726
41725
41741
41740
41739
41738
41721
41737
41753
41768
41769
41784
41783
41799
41814
41825
41815
41816
41800
41801
41785
41770
41754
41755
41756
41028
41757
41758
41742
41027
41727
41728
41024
41729
41743
41759
41760
41778
41793
41779
41794
41808
41807
41806
41792
41777
41776
41791
41805
41033
41790
41775
41774
41773
41772
41771
41786
41787
41788
41789
41032
41804
41034
41819
41820
41831
41035
41830
41842
41843
41860
41844
41845
41861
41878
41877
41876
41859
41858
41841
41840
41829
41818
41803
41802
41817
41828
41827
41826
41837
41836
41853
41870
41886
41887
41903
41902
40872
41912
40873
41922
40874
41932
40875
41942
41943
41944
41945
41956
41044
41946
41936
41935
41934
41933
41923
41913
41904
41888
41889
41905
41915
41914
41924
41925
41926
41916
41906
41890
41873
41872
41871
41854
41855
41838
41839
41856
41857
41874
41875
41891
41892
41041
41907
41908
41893
41894
41895
41896
41897
41881
41880
41879
41862
41863
41846
41847
41864
41865
41848
41832
41833
41822
41821
41809
41795
41780
41763
41764
41765
41029
41781
41031
41796
41810
41811
41812
41797
41782
41030
46192
41798
41813
46193
41824
41823
41036
41834
41037
41851
41038
41868
41852
41835
46194
46195
41869
41885
41884
41883
41039
41867
41850
41849
41866
41882
41898
41040
41899
41900
41901
46196
46197
41911
46198
41921
41931
41930
41920
41910
41909
41919
41929
41042
41043
41939
41950
41045
41960
41951
41940
41941
46199
41952
41961
41977
41995
41048
42026
42027
42042
42054
42066
42079
42078
42065
42053
42041
42052
42064
42077
42089
42088
42087
42086
42074
41056
42061
42062
42049
41052
42037
42022
42023
42024
42038
42050
42063
42075
42076
41054
42051
42039
42040
42025
42011
41993
41994
41976
41047
41949
41959
41046
41975
41992
42010
42009
42008
42007
41990
41991
41974
41973
41989
41988
41972
41971
41970
41969
41958
41948
41938
41928
41918
41917
41927
41937
41947
41957
41968
41984
42003
41985
41986
41987
42005
42004
42019
42020
42006
42021
42036
42035
42034
42033
42048
42060
41055
42085
42073
42059
42047
42032
42018
42017
42002
42001
42000
42016
41050
42031
42046
42058
41053
42045
42030
42015
41999
41998
41980
41981
41982
41983
41967
41966
41965
41964
41955
41954
41963
41979
41997
42013
42014
41049
42029
41051
42044
42057
42069
41057
42081
41058
42093
42094
42082
42070
42071
42072
42083
42084
42096
42095
41059
42111
42122
41062
42121
41064
42136
41066
42151
42164
42163
42162
42150
42135
42120
42110
42109
42108
42092
42080
42067
42068
42056
42055
42043
42028
42012
41996
41978
41962
41953
51167
47651
47650
47649
47648
47647
47639
47623
47622
47638
47637
47621
47620
47619
47636
47635
47618
47634
47660
47661
47662
47663
47664
47678
47679
47680
47698
47714
47697
47696
47695
47677
47676
47675
47693
47692
47674
47659
47658
47673
47691
47707
47708
47709
47710
47694
47711
47712
47713
46639
47723
47724
47733
47732
47748
47747
47746
47745
47762
47763
47764
47765
47776
47787
47788
47777
47768
47767
47766
47749
47750
47751
47734
47735
47725
47716
47715
47699
47700
47681
47665
47666
47667
47682
47683
47668
47669
47684
47702
47718
47701
47717
47726
47736
47727
46641
46642
51168
51169
51170
51171
47792
47791
47780
47781
47770
46643
47753
47752
47769
47779
47778
47789
47790
47801
47800
46647
47817
47818
47802
47803
51172
51173
47820
47819
46648
47834
47835
47836
51174
51175
51176
47863
46650
47846
47845
47844
47862
47877
47893
47910
47909
47892
47891
47876
46651
47860
47861
47843
47833
47799
47798
47816
47815
47814
47813
47812
47811
47810
47826
47827
47828
47829
47830
47831
47832
47842
47859
47858
47875
47874
47857
47856
47873
47887
47888
47889
47890
47907
47908
47917
47924
47906
47905
47904
47903
47886
47902
47885
47871
47872
47855
47854
47853
47870
47884
47901
47900
46654
47916
47923
47933
47949
47932
47931
47948
47947
47963
46658
47971
47962
46417
47945
47946
47929
47930
47922
47913
47928
47921
47912
47895
47896
47879
47880
47865
47864
47847
47848
47849
47839
47822
47805
47838
47837
47821
47804
47793
47782
47771
47754
47737
47728
47719
47703
47685
47686
47687
46636
47704
46638
47720
46640
47729
47721
47730
47740
47741
47758
47757
47774
47773
47756
47739
47738
47755
47772
47783
47784
46646
47794
47806
47807
47823
47850
47851
47868
47867
47866
47881
47897
47914
46655
47915
47898
47899
47882
47883
47869
47852
47841
47840
46649
47824
47825
47809
47797
47796
47808
47795
47785
47786
46645
47775
46644
47759
47760
47761
47744
47743
47742
47731
47722
47706
47690
47689
47705
46637
47688
47671
47655
47654
47644
46634
47628
47629
47614
47604
47605
47615
47631
47630
47645
47656
46635
47672
47657
47646
47632
47633
47617
47616
46631
47591
47592
47593
47594
47595
47579
47568
47569
47570
47558
47557
47556
47555
47554
47553
47552
47551
46627
46626
46625
46624
46623
47474
47473
47472
47489
47501
47513
47500
47512
47524
47525
47537
47549
47566
47565
46629
47576
47577
47550
47567
47578
47590
47589
47588
47587
47603
47613
47612
47602
47586
47575
47563
47564
47547
47548
47536
47535
47523
47522
47534
47546
47545
47544
46415
47561
47562
47574
47573
47585
47584
47600
47601
47611
47610
47626
47627
47643
47653
47652
46416
47670
56747
52622
52605
52604
52630
52640
52641
52652
52663
52662
52651
52639
52629
52628
52638
52649
52650
52661
52660
52671
52672
52683
52700
52682
51628
52699
52717
52716
52727
52715
52698
52697
52714
52713
52712
52696
52695
52694
52711
52710
51629
52726
51630
52738
52749
52760
52771
52770
52759
52748
51632
52709
52692
52693
52681
52670
52659
52648
52637
51627
52627
51626
52611
52610
52592
52593
52594
52612
52613
52614
52615
52616
52598
52597
52596
52595
52578
52579
52580
52564
52565
52547
52531
52532
52533
52534
52518
52519
52511
52510
52502
52495
51617
56741
52470
52478
52469
52468
52459
52460
52461
56740
56739
52452
52443
56738
56737
52434
52433
52442
52451
52450
52441
52432
52423
51616
52406
52405
52396
52395
52385
52386
52387
52397
52407
52424
52425
56736
56735
52408
52398
56734
52388
52374
52373
52372
52357
52356
52371
52355
52344
52333
52332
52331
52342
52343
52354
52353
52370
52369
52384
52394
52404
52421
52422
52431
52440
52449
52458
52467
52476
52490
52489
52488
52487
52486
52485
52484
52475
52466
52457
52448
52439
52430
52415
52416
52417
52418
52419
52420
52383
52368
52367
52382
52381
52366
52380
52379
52365
52364
51609
52352
52351
52341
52330
52321
52304
52305
52306
52307
52308
52290
52289
52288
52287
52286
52285
52303
51607
52320
52329
52328
52339
52340
52350
52349
51610
52360
51612
52376
51614
52390
51615
52400
52401
52412
52413
52402
52392
52391
52377
52378
52361
52362
51611
52363
51613
52393
52403
52414
52429
52438
52437
52428
52427
52411
52410
52436
52447
52446
52445
52454
52463
52455
52456
52465
52464
52481
52499
52507
52506
51620
52498
52497
52471
51412
52462
51411
52453
51410
52444
51409
52435
51408
52426
51407
52409
52399
52389
52375
52359
52348
51406
52337
52338
52327
51405
52318
52300
52283
51404
52274
52301
52319
52302
52284
51606
52275
52265
52264
51403
52254
51402
52244
51401
52245
52255
52266
52256
52257
52267
51605
52276
52277
52268
52258
52248
52247
52246
52236
52237
52238
52229
52228
52227
52217
52207
52206
52216
52226
51604
52235
52225
51400
52215
51399
52205
51398
52197
52198
52199
52200
52208
52218
52219
52209
51602
52192
52185
52178
52171
52164
52156
52138
52139
52140
51597
52141
52142
52143
52144
52128
52127
52126
52125
52124
52123
52122
52114
52113
52112
51595
52111
52120
52121
52137
52155
52163
52170
52177
52184
52191
52190
51601
52183
51397
52176
51600
52169
51599
52162
52161
51396
52153
52154
52136
51395
52119
52103
52096
52089
52082
52069
52062
51588
52063
51589
52070
51590
52076
51591
52083
51592
52090
52091
52098
52097
51594
52104
52105
52106
51593
52084
52077
52071
52064
52057
52056
52055
52054
51394
52048
51586
52042
51393
52026
52027
52011
52010
52004
52005
51988
51580
51971
51972
51973
51974
51975
51976
51977
51978
51993
51992
51991
51990
51989
51581
52006
52012
52029
52028
52043
52049
52050
52044
52030
52013
52014
52031
52032
52015
52016
52033
52034
52035
52018
52017
51995
51994
51979
51980
51981
51996
51997
51982
51983
51984
51985
52001
51986
51969
51963
51958
51952
51959
51953
51947
51948
56705
51954
51576
51578
51964
51579
51970
51987
52003
52002
52008
52009
56706
52025
51585
52041
51584
52024
52023
51583
52007
51582
52000
51999
51998
52021
52020
52019
52036
52037
52038
52039
52022
52040
52045
52051
52052
52046
52047
56707
56708
52053
52061
52060
52067
52074
52080
52087
52086
52079
52073
52066
52059
52058
51587
52065
52072
52078
52085
52092
52099
52130
52129
52145
52146
52147
52131
52132
52115
52107
52093
52094
52101
52100
52108
52116
51596
52133
52150
52158
51598
52149
52148
52157
52165
52172
52179
52186
52193
52201
52210
52211
52212
52213
52203
52202
51603
52194
52195
52196
52204
52214
56723
56724
52224
52234
56725
56726
52243
52253
56727
56728
52263
52262
52261
52251
52252
52242
52241
52232
52233
52223
52222
52221
52220
52231
52230
52239
52240
52250
52260
52249
52259
52269
52278
52295
52294
52293
52292
52291
52309
52310
52311
52312
51608
52322
52313
52314
52296
52279
52270
52271
52272
52273
56729
56730
52282
52299
52317
52316
52298
52281
52280
52297
52315
52323
52324
52334
52345
52346
52335
52325
52326
56731
52336
52347
52358
56733
56732
47412
47419
46414
47426
47435
47427
47428
47420
46617
47413
47398
47389
47388
47397
47396
47387
47369
47370
47371
47372
47390
47399
47414
47421
47429
47438
47437
47436
47452
47451
47467
47468
47485
47484
47496
47508
47520
47532
47533
47521
47509
47497
47510
47511
47499
47498
47486
47487
47488
47471
47470
47469
47453
47454
47455
47456
46619
47439
47457
47458
47440
47441
47442
47443
47461
47460
47459
47475
47476
47477
47478
47462
47444
47445
47422
47423
47431
47430
47446
46620
47463
46622
47479
47491
47490
47502
47503
47515
47514
47526
47538
47539
47527
47516
47517
47518
47530
47529
47528
47540
47541
47559
47571
47582
47598
47608
47607
47597
47581
47580
46630
47596
47606
47624
47640
47641
46632
47625
46633
47642
51166
51165
47609
51164
51163
47599
47583
51162
51161
47572
47560
46628
47542
47543
51160
51159
51158
47531
47519
51157
51156
47507
47506
47505
47504
47492
47493
47481
47480
47464
47447
47448
46621
47465
47482
47494
47495
51155
51154
47483
47466
47450
47434
51153
47425
47418
47417
46618
47433
47449
47432
47424
47416
47415
46616
47408
47407
47406
47405
47404
47403
47402
46615
47401
47400
47391
47373
47374
47375
46613
47376
47377
47378
47362
47361
47360
47359
47358
47347
47346
47357
47356
47345
47335
47336
47337
47321
47322
47323
47324
47325
47326
47327
47328
47311
47300
47290
47279
47268
46608
47257
47247
47258
47259
47248
47239
47238
46606
47228
47229
47230
47249
47270
47269
47280
47281
47282
47293
47292
47291
47301
47302
47303
47314
47313
47312
46610
47339
47349
46612
47365
47338
47348
47364
47363
47379
47380
47381
47392
47382
47383
46614
47409
47393
47394
47410
47411
47395
51152
47386
47368
51151
47352
51150
51149
47342
47341
47351
47367
47385
47384
47366
47350
47340
47329
47330
47331
47315
51148
47304
51147
51146
47294
47283
51145
51144
47272
47271
47260
47261
47250
51143
47241
47240
47231
47232
51142
51141
51140
47212
47222
47221
47211
47201
47202
47186
51139
47178
47177
47176
47185
47184
47200
47210
47220
47219
47218
47208
47209
47199
47198
47197
47196
47182
47183
47175
46603
47168
47167
47166
47165
47164
47163
47162
47161
47160
46604
46605
47191
47192
47193
47194
47195
47227
47226
47216
47217
47207
47206
47190
47159
47174
47181
47189
47205
47204
47188
47180
47179
46403
47187
47203
46404
46405
47213
47214
47215
47225
47235
47236
47237
47246
47245
47255
47256
47267
47278
47277
47266
47265
47254
47244
47243
47234
47224
47223
46406
46407
47233
46607
47242
47252
47253
47264
47263
47274
47275
47276
47286
47287
47288
47289
47299
47298
47309
47310
47320
47319
47318
47317
47333
47334
46611
47344
47355
47354
47353
47343
47332
46413
47316
47305
46412
47306
47307
47308
47297
47296
47295
46609
47285
47284
46411
47273
46410
47262
46409
47251
46408
56722
56721
52189
52188
52187
52180
52173
52174
52181
52182
56720
56719
52175
52167
52166
52159
52168
56718
52160
52152
52151
52134
52135
56717
56716
52118
52117
52109
52110
56715
56714
52102
52095
56713
56712
52088
52081
56711
56710
52075
52068
56709
47094
46402
47095
46591
47100
46592
47105
46593
47110
46595
47114
46596
47118
46598
47134
47150
47149
47155
47156
46602
47172
47173
47157
47158
47151
46600
47135
46599
46597
47119
47115
47111
47106
47101
47096
47090
47075
47076
47077
47078
47079
47080
47081
47082
47083
47084
47085
47086
47087
47070
47069
47067
47066
47065
47064
47063
47062
47061
47060
47059
47058
47057
47056
47055
47054
47074
47073
46590
47089
47072
47068
46401
47052
47053
47049
46588
47033
47032
47014
47009
46400
47005
46399
47001
46398
46997
46981
56704
51575
51574
56703
56702
51905
51921
51573
51937
51942
51946
51941
51936
51935
51934
51933
51932
51931
51930
51929
51928
51927
51926
51925
51909
51910
51911
51912
51913
51914
51915
51916
51917
51918
51919
51920
51904
51572
51901
51898
51571
51570
51895
51892
51876
56701
56700
51873
51872
51875
51891
51890
51889
51888
51887
51886
51885
51884
51883
51882
51881
51880
51879
51878
51569
51894
51897
51900
51903
51908
51907
51923
51924
51939
51940
51945
51944
51950
51951
51957
51956
51577
51961
51962
51968
51967
51966
51965
51392
51960
51955
51391
51949
51390
51943
51389
51938
51388
51922
51906
51902
51387
51899
51386
51896
51385
51893
51384
51877
51383
51874
51382
51871
51381
51868
51380
51866
51379
51864
51378
51862
51377
51860
51376
62301
57397
57396
57395
57399
57403
57407
57411
57415
57419
57420
57416
57413
57412
57408
57404
57400
57401
62302
62303
57405
57409
62304
62305
62306
57417
57421
62307
62308
57425
62309
62310
57433
57429
57428
57424
57423
57427
57432
57431
57435
57439
57440
57436
57437
62311
62312
57441
57445
62313
62314
57449
57465
57482
57464
57448
57444
57443
57447
57463
57480
57481
57498
57499
57516
57515
57514
57497
57496
57513
57512
57529
57528
57511
57495
57477
57478
57479
57462
57461
57460
57459
57458
57457
57456
57455
57472
57490
57506
57507
57491
57473
57474
57492
57493
57475
57476
57494
57510
57527
57543
57542
57526
57509
57508
57525
57541
57540
57524
57523
57539
57557
57558
57559
57560
57561
57137
57562
57544
57545
57563
57572
57590
57591
57573
57574
57592
57602
57603
57593
57575
57566
57548
57547
57565
57564
57546
57530
57531
57532
57533
57549
57567
57576
57594
62315
57604
57614
57613
57628
57629
62316
57640
57656
62317
62318
57681
57672
57655
57671
57680
57689
57690
62319
62320
57699
57698
57706
57697
57688
57679
57670
57142
57654
57638
57639
57627
57612
57138
57611
57625
57626
57637
57653
57141
57636
57635
57624
57610
57601
57600
57589
57588
57587
57586
57585
57584
57583
57571
57570
57136
57554
57555
57556
57538
57135
57521
57520
57503
57504
57522
57505
57489
57488
57487
57469
57470
57471
57454
57453
57452
57451
57450
57134
57446
57442
57438
57434
57430
57426
57422
57418
57414
57410
57406
57402
57398
57394
56934
56935
56936
56937
56938
56939
56940
56941
56942
56943
56944
56945
56946
56947
56948
56949
57466
57467
57468
57486
57485
57484
57483
56950
57500
57517
57518
57501
57502
57519
57537
57536
57535
57534
57550
57551
57552
57553
57569
57579
57596
57578
57568
57577
56951
57595
56952
57605
56953
57630
57641
57657
57673
56954
56955
56956
57709
57710
57700
57701
57692
57691
57682
57674
57675
57683
57684
57693
57694
57685
57686
57677
57676
57143
57661
57662
57646
57645
57634
57633
57632
57644
57660
57659
57658
57642
57643
57631
57615
57139
57606
57607
57140
57616
57608
57598
57597
57580
57581
57582
57599
57609
57617
57618
57619
57620
57621
57622
57623
57652
57651
57650
57649
57648
57647
57663
57664
57665
57666
57667
57668
57669
57678
57687
57696
57705
57144
57721
57731
57722
57732
57743
57744
57733
57723
57707
57708
62321
62322
57724
62323
57734
57745
62324
62325
57756
57768
62326
57781
57797
57796
57795
57811
57812
57813
62327
57825
62328
57850
57837
57836
57849
57848
57862
57863
57864
62329
62330
57878
57892
62331
62332
57906
57919
62333
62334
57933
57949
57948
57932
57918
57917
57931
57947
57946
57960
57959
57958
57945
57944
57957
57970
57987
58005
58022
57160
58021
58036
58037
58023
58039
58038
58049
58048
58047
58046
57165
58058
58059
58060
58072
58071
58088
58089
57167
58105
58115
58131
58114
58113
57169
58129
58130
58146
58163
58174
58173
58162
57171
58145
58144
58143
58161
58160
58142
58141
58140
58159
58158
58157
58156
58139
57170
58123
58122
58111
57168
58096
58095
58094
58093
58076
58065
58053
58054
58055
58067
58066
58077
58078
58097
58098
58112
58124
58125
58126
58127
58128
58102
58103
58104
58087
58070
58086
58085
58084
58101
58100
58099
58083
58082
58081
58069
58080
58079
58068
58056
58045
58044
57163
58028
58029
58014
58015
57162
58030
58057
57164
58031
58017
58016
57998
57997
57981
57982
57999
58018
58032
58033
58034
58035
58020
58019
58001
58000
57983
57984
57985
58002
58003
58004
57986
57159
57969
57968
57956
57943
57928
57929
57930
57916
57915
57914
57901
57900
57913
57927
57942
57941
57940
57157
57926
57912
57899
57885
57871
57858
57872
57886
57887
57888
57902
57903
57889
57890
57904
57905
57891
57877
57876
57875
57861
57847
57154
57835
57824
57823
57810
57809
57822
57834
57846
57860
57874
57873
57859
57845
57844
57832
57833
57821
57820
57807
57808
57792
57791
57806
57790
57776
57777
57778
57793
57794
57779
57780
57767
57755
57754
57766
57765
57764
57763
57148
57752
57753
57742
57741
57730
57720
57719
57718
57717
57716
57715
57704
57695
57703
57702
57712
57713
57714
57729
57728
57727
57726
57711
57145
57725
57736
56957
57735
57746
57757
56958
57769
57770
57758
57747
57737
57738
57749
57748
57759
57771
57772
57773
57762
57761
57760
57750
57739
57740
57751
57146
57147
57789
57805
57804
57788
57150
57775
57774
57786
57787
57152
57803
57819
57831
57843
57857
57856
57855
57870
57884
57883
57869
57868
57882
57896
57895
57881
57880
57866
57867
57853
57854
57840
57839
57827
57815
57799
57800
57816
57828
57841
57842
57830
57829
57817
57818
57802
57801
57785
57784
57783
57149
57782
57151
57798
57153
57814
56959
57826
57155
57838
57852
56960
57851
56961
57865
56962
57879
56963
57893
57894
57156
57907
57921
56964
57920
56965
57934
56966
57950
57951
57935
57936
57952
57953
57158
57965
57966
57954
57938
57937
57922
57908
57923
57909
57910
57897
57898
57911
57924
57925
57939
57955
57967
57980
57979
57978
57977
57994
57995
57996
58013
58012
57993
58011
58027
58026
56967
58010
57992
57975
57976
57964
57963
68001
68000
63511
63522
63532
63542
68002
68003
63551
63562
63550
63561
63560
63549
63540
63541
63531
63521
63520
63530
62776
63519
63509
63510
63500
63501
67999
67998
63490
63479
67997
63468
63467
63466
63477
63478
63489
63488
63487
63486
63497
63498
63499
63508
63507
63518
63529
63539
63548
63558
63559
63575
63594
63576
63577
63578
63596
63595
63606
63607
63624
63641
63640
63650
63660
63659
63649
63639
63638
63621
63622
63623
63605
62781
63593
63592
63574
62780
63557
62779
63573
63572
63571
63588
63589
63590
63591
63603
63604
63620
63619
63618
63635
63634
63633
63632
63615
63616
63617
63587
63586
63570
63585
63569
63568
63584
63602
63612
63613
63614
63631
63630
63629
62783
63646
63655
63665
63675
63685
63664
63663
63673
63674
63684
63683
62785
63693
63710
63709
63719
63729
63730
63740
63739
63748
63765
63782
62789
63793
63794
63784
63783
63766
63767
63768
63751
63750
63749
63741
63731
63720
63721
63711
63694
63695
63696
63697
63698
63712
63722
63732
63742
63752
63753
63754
63755
63756
63773
63772
63771
63770
63769
63785
63795
63812
63823
63822
63811
63810
63821
63832
63833
63850
63849
63848
63831
62596
63820
62595
63809
62594
63792
62593
63781
62592
63764
63747
63738
62591
63728
62590
63718
62589
63708
62588
63692
62587
63682
62586
63672
62585
63662
62584
63652
62583
63642
63625
62582
63608
62782
63609
63599
63600
63610
63627
63626
63644
63643
63653
63654
63645
63628
63611
63601
63583
63582
63581
63566
63567
63554
63555
63556
63547
63538
63528
63527
63516
63517
63506
63496
63495
63505
63504
63494
63483
63484
63485
63474
63473
63462
63463
63451
63441
63431
63421
63410
63409
63392
63393
63394
63395
63396
63397
63398
63399
63400
63401
63384
63385
63402
63412
63411
63422
63423
63424
63425
63435
63445
63444
63434
63433
63432
62772
63442
63453
63452
62774
63464
63475
63476
63465
63454
63443
63455
63456
63457
67996
63446
63436
67995
67994
63426
63415
67993
63405
63404
63414
63413
63403
63386
63387
63388
67992
67991
63378
63368
63361
67990
67989
63353
63345
63328
63311
63303
67988
63294
63293
63302
63301
63292
63291
63300
62762
63309
63310
63327
63344
63352
63360
63367
63377
63376
63375
63374
63365
63358
62766
63366
63359
63351
63342
63343
63326
63325
63308
63299
63290
63289
63272
63271
63288
63321
63322
63323
63324
63341
63350
63340
63339
63338
63337
63320
63319
63318
63336
63335
63334
62767
62768
63383
63373
63364
63357
63349
63331
62764
63314
63307
63298
63315
63332
63333
63316
63317
63283
63282
63265
63266
63249
63250
63251
63268
63267
63284
63285
63286
63287
63270
63269
63252
63253
63254
63255
63256
63273
63274
63257
63240
63239
63233
63226
63209
63210
63211
63227
62759
63234
63228
63229
63235
63241
63258
63275
63276
63277
63260
63259
63242
63243
67987
63236
63230
63214
63196
63190
63189
63195
63213
63212
63194
62757
63187
63186
63185
63168
63167
63150
63149
63148
63147
63146
63145
63144
63161
63162
63179
63180
63163
63164
63181
63182
63165
63166
63183
63184
63208
63225
63224
63207
63223
63206
63205
63222
63221
63204
63203
63202
63220
63219
63218
63201
63200
63217
63247
63248
63264
63281
63280
63279
63297
63306
62763
63305
63313
63330
63347
63348
63356
63363
63371
63372
63382
63391
62770
63408
63419
63429
63420
63430
63440
63450
63449
63439
63438
63448
63460
63461
63472
63471
63470
63481
63482
63493
63503
63514
63524
63534
63535
63525
63515
63526
63536
63537
63546
63545
62777
63544
62778
63553
63565
63564
63580
63598
63597
62581
63579
63563
63552
63543
63533
62580
63523
62579
63512
62578
63513
63502
62775
63492
63491
62577
63480
62576
63469
62575
63458
62574
63459
63447
62773
63437
62573
63427
62771
63428
63418
63417
63416
62572
63406
63407
63390
62769
63381
63380
63389
62571
63379
63369
63370
63362
62765
63355
63354
62570
63346
62569
63329
62568
63312
62567
63304
62566
63295
62565
63296
63278
63262
63263
62761
63246
62760
63245
62562
63244
62563
63261
62564
68847
68864
68881
68898
68915
68932
73812
68938
68945
73813
73814
68961
68978
73815
68995
68977
68994
69011
69010
69018
69026
69035
69027
69019
69012
73816
69020
69028
73817
69037
69036
69047
69059
69060
69048
73818
73819
69072
69084
73820
73821
69095
73822
69107
69119
69132
73823
73824
69166
69184
69202
73825
69218
69183
69201
69217
69216
69215
69228
69229
69230
69242
68421
73826
69255
69271
69287
69303
69302
69286
69270
69254
69253
69241
69240
69239
69238
69237
69249
69265
69280
69264
69263
69262
69278
69294
69279
69295
69296
69297
69281
69282
69298
69299
69284
69283
69267
69266
69250
69251
69252
69268
69269
69285
69301
69300
68427
69314
69315
69316
69329
69328
69327
68428
69326
69313
69312
69311
69324
69325
69338
69353
69354
69339
69340
69355
69371
69385
69400
69399
69384
69370
69369
69383
68434
69368
69352
69351
69337
68430
68429
68431
69365
69366
69367
69382
69396
69395
69413
69412
69394
68436
69381
69364
68433
69350
69349
69363
69380
68435
69393
69411
69410
69409
69408
69407
69424
69425
69438
69437
69453
69469
69487
69468
69452
69436
69423
69422
69406
69405
69421
69420
68245
69404
69389
69390
69391
69392
69379
69378
69377
69360
69345
69359
69376
69375
68244
69358
68243
69344
69330
69331
69332
69346
69347
69361
69362
69348
69334
69333
69320
69319
69318
69317
68242
69304
68241
69305
69306
69307
69308
69321
69335
69336
69323
69322
69309
69310
69292
69291
69290
68425
69274
69275
69259
69247
69258
69273
69289
69288
69272
68240
69256
68239
69243
69244
69257
69245
69246
69233
69221
69220
69232
69231
68238
69219
68237
69204
69203
68236
69185
69167
69150
69133
69134
69151
69135
69136
69137
69138
69154
69153
69152
69170
69169
69168
69186
69187
69188
69205
69206
69222
69234
69235
69248
69260
69276
68426
69293
69277
68424
68423
69261
68422
69236
69223
69224
69208
69209
69193
69175
69176
69177
69159
69160
69161
69162
69180
69179
69178
69197
69196
69195
69194
69210
69211
69225
69212
69213
69226
69227
69214
69198
69199
69200
69182
69181
69163
69147
69148
69164
69165
69149
69131
69118
69117
69130
69129
69146
69145
69144
69143
69142
69158
69157
69141
69140
69156
69174
69192
69191
69207
68420
69190
69189
69171
69172
69173
69155
69139
69125
69113
69101
69089
69078
69066
69054
69043
69042
69032
69031
69041
69053
69065
69064
69052
69051
69050
69040
69030
69022
69023
69024
69015
68413
68999
69000
69001
68985
68967
68952
68953
68954
68955
68956
68971
68989
68990
68972
68957
68958
68973
68991
69007
69006
69005
69004
69003
68987
68988
68970
68969
68968
68986
69002
68416
69067
69079
69090
69102
69114
68419
69126
69127
69128
69115
69116
69104
69103
69091
69092
69093
69105
69106
69094
69083
69071
69070
69082
69081
69080
69068
69069
69057
69058
69046
68417
69034
69045
69056
69055
69044
69033
68414
69025
69016
69017
69009
69008
68992
68974
68975
68993
68411
68976
68409
68959
68960
68944
68943
68936
68937
68931
68914
68897
68896
68895
68912
68913
68930
68929
68928
68911
68927
68926
68925
68924
68923
68906
68907
68908
68890
68891
68892
68909
68910
68893
68894
68877
68876
68860
68859
68858
68875
68874
68857
68856
68855
68873
68872
68889
68888
68871
68854
68853
68852
68851
68869
68870
68887
68904
68905
68922
68921
68408
68920
68903
68886
68885
68868
68867
68404
68405
68884
68902
68919
68407
68901
68406
68900
68883
68866
68849
68843
68844
68403
68850
68845
68839
68838
68837
68820
68821
68400
68822
68823
68824
68825
68826
68827
68828
68829
68830
68831
68832
68833
68840
68846
68862
68861
68878
68879
68880
68863
68402
68841
68401
68834
68835
68818
68813
68797
68397
68817
68399
68812
68811
68810
68809
68808
68807
68806
68805
68804
68803
68802
68801
68800
68398
68796
68799
68816
68815
68217
68814
68218
68819
68219
68836
68220
68842
68221
68848
68222
68865
68223
68882
68224
68899
68225
68916
68226
68933
68934
68917
68918
68935
68941
68942
68949
68950
68951
68966
68984
68983
68965
68964
68948
68410
68982
68981
68412
68998
69014
68980
68963
68947
68940
68939
68946
68227
68962
68979
68228
68996
68997
69013
68229
69021
68415
69029
69039
69038
68230
69049
68231
69061
68232
69073
69062
69063
69075
69074
68418
69085
69086
69076
69077
69088
69087
69099
69100
69112
69111
69124
69123
69122
69121
69109
69110
69098
69097
68233
69096
68234
69108
68235
69120
78929
74803
78930
74820
74836
74849
74867
74879
74878
74866
74848
74835
74818
74281
74819
74802
74792
74793
74784
78928
74775
78927
78926
74767
74758
78925
78924
74749
74748
74739
74740
78923
78922
74731
74730
74738
74747
74756
74757
74766
74765
74764
74772
74773
74774
74783
74782
74791
74801
74800
74799
74817
74832
74845
74862
74844
74831
74816
74798
74280
74789
74790
74781
74780
74771
74763
74754
74755
74746
74745
74737
74736
74727
74720
74713
74714
74715
74721
74728
74729
74722
74276
74723
74716
78921
78920
74692
74709
74708
74707
74691
74682
74683
74684
74667
78919
78918
74660
74652
74653
74638
78917
78916
74630
74614
78915
78914
74598
74591
78913
78912
74584
74569
78911
78910
74554
74547
78909
78908
68798
68216
68795
68215
68792
68214
68793
68775
68213
68212
68741
68211
68210
68209
68743
68742
68395
68759
68776
68777
68778
68779
68780
68781
68764
68763
68762
68761
68760
68744
68745
68746
68747
68748
68749
68765
68782
68783
68784
68785
68768
68767
68766
68750
68751
68752
68753
68769
68786
68787
68770
68754
68755
68771
68788
68789
68790
68396
68794
68791
68774
68773
68772
68756
68757
68758
68740
73811
68739
73810
73809
68738
68737
68736
68735
68734
68733
68732
68731
68730
68729
68728
68727
68726
68725
68724
68723
68722
68208
68721
68207
68720
68206
68719
68205
68718
68204
68717
68203
68716
68202
68715
68201
68714
68200
68713
68199
68712
68198
68711
68197
68710
68196
68709
68195
68708
68194
68707
68193
68706
68192
78884
74475
78885
74476
74477
78886
78887
74478
74479
78888
78889
74480
74481
78890
78891
74482
74483
78892
78893
74484
74485
78894
78895
74486
74487
78896
78897
74488
74489
78898
78899
74490
74491
78900
78901
74492
74493
78902
78903
74494
74510
74511
74515
78904
78905
74518
74521
78906
78907
74536
74542
74535
74541
74546
74553
74568
74269
74270
74583
74590
74597
74272
74613
74273
74629
74637
74651
74650
74636
74635
74649
74648
74647
74646
74645
74644
74643
74642
74641
74640
74634
74619
74618
74602
74601
74617
74616
74600
74599
74615
74018
74631
74274
74275
74632
74633
74639
74655
74656
74663
74662
74661
74654
74019
74020
74021
74668
74669
74670
74671
74672
74673
74674
74675
74676
74677
74678
74679
74689
74680
74664
74657
74658
74659
74666
74665
74681
74690
74706
74705
74704
74703
74702
74701
74700
74699
74698
74697
74688
74687
74686
74694
74693
74022
74685
74023
74024
74025
74026
74732
74027
74741
74028
74750
74029
74759
74030
74776
74777
74768
74278
74760
74751
74742
74733
74724
74277
74717
74710
74711
74695
74696
74712
74719
74718
74725
74734
74743
74726
74735
74744
74753
74752
74762
74761
74769
74778
74770
74779
74279
74797
74809
74810
74811
74812
74827
74283
74826
74825
74842
74855
74854
74841
74824
74282
74808
74807
74796
74788
74787
74786
74785
74031
74794
74805
74795
74806
74822
74823
74840
74839
74838
74837
74821
74032
74804
82706
82705
82704
82703
82702
82701
82700
82699
82698
79458
79846
82697
79457
79456
79455
79454
79453
79819
79452
79835
79834
79833
79832
79831
79830
79829
79828
79827
79826
79825
79824
79823
79822
79821
79837
79839
79841
79843
79845
79848
79850
79852
79854
79856
79858
79860
79862
79864
79866
79868
79869
79870
79871
79872
79873
79874
79875
79876
79877
79878
79879
79880
79881
79882
79883
79884
79459
82707
79889
79892
82708
82709
79895
82710
79460
79912
79911
79910
79909
79908
79907
79906
79905
79904
79903
79902
79901
79900
79899
79898
79461
79463
79915
79916
79189
79917
79918
79921
79466
79190
79920
79191
79923
79192
79940
79193
79957
79194
79960
79195
79963
79196
79966
79197
79969
79972
79990
79198
80008
79199
80012
79200
80015
79201
80019
79202
80023
80024
80020
80016
80013
80009
79991
79992
79993
79994
79995
79996
79997
79979
79978
79977
79976
79975
79974
79973
79970
79967
79964
79961
79958
79467
79941
79942
79924
79925
79926
79943
79944
79927
79928
79945
79946
79947
79929
79930
79931
79948
79949
79950
79932
79933
79934
79951
79952
79935
79936
79937
79953
79954
79959
79962
79965
79968
79472
79988
79987
79986
79985
79984
79983
79982
79981
79980
79998
79999
80000
80001
80002
80003
80004
80005
79473
80006
80010
79474
80011
80007
79989
79971
79471
79470
79469
79468
79956
79955
79938
79939
79922
79465
79919
82711
79464
79462
74941
74039
74929
74038
74917
74037
74904
74036
74892
74035
74880
74034
74868
74033
74850
74851
74869
74852
74853
74870
74871
74883
74895
74894
74882
74881
74893
74905
74918
74930
74931
74919
74906
74907
74920
74932
74944
74958
74973
74972
74957
74943
74942
74956
74955
74954
74040
74970
74041
74980
74042
74990
74043
75000
74044
75009
74045
75024
74046
75033
74047
75042
75051
75061
74048
75071
75081
74049
75062
75052
75053
75063
75064
75054
75065
75074
75096
75075
75076
75066
74296
75055
74295
75046
75037
75028
75045
75044
75043
75034
75025
75026
75035
75036
75027
75012
75003
75011
75010
75001
75002
74991
74981
74971
74982
74992
74993
74983
74959
74974
74984
74994
75004
74293
75013
75014
75015
75016
75017
75018
75019
75029
75030
75031
75022
75007
75021
75020
75006
75005
74995
74985
74975
74291
74964
74290
74947
74948
74949
74965
74966
74967
74968
74952
74951
74950
74938
74937
74925
74926
74927
74939
74289
74288
74915
74914
74901
74900
74913
74912
74911
74898
74287
74286
74873
74885
74897
74909
74910
74924
74936
74935
74923
74922
74934
74946
74963
74962
74961
74960
74945
74933
74921
74908
74896
74884
74872
74856
74857
74858
74859
74860
74284
74829
74828
74813
74814
74815
74830
74843
74861
74285
74874
74886
74899
74887
74875
74863
74864
74846
74833
74834
74847
74865
74877
74876
74888
74889
74890
74902
74891
74903
78931
74916
74928
74940
78932
74953
74969
74979
74978
74987
74977
74976
74986
74996
74997
74292
74998
74988
74989
78933
78934
74999
75008
75023
75032
78935
78936
75041
74294
75050
75060
78937
69433
68246
69449
69450
69434
69435
69451
69467
69466
68247
69483
69484
69495
69494
68248
69512
68249
69528
68250
69545
69557
69574
69591
68251
69607
68252
69617
69634
68253
69642
68254
69651
68255
69661
68256
69672
68257
69689
69690
69691
69692
69674
69675
68453
69693
69694
69677
69678
69679
69680
69681
69698
69697
69696
69695
68454
69711
69710
68457
69721
69722
69723
69724
69725
69726
69727
69739
69740
69729
69728
69713
69712
69699
69682
69683
69666
69655
68451
69646
69638
69628
69613
69601
69600
69599
69598
69583
69584
69585
69586
69587
69604
69605
69589
69590
69606
69615
69616
69633
69641
69650
69660
73828
69671
69688
69705
69717
69704
69703
69715
69716
69732
69733
73829
69744
69743
69760
69761
69778
69777
69776
69759
69742
69731
69730
69741
69758
69775
69774
69790
69789
69773
69757
69756
69755
69754
69753
69752
69751
69768
69769
69785
69801
69819
69818
69817
69846
69847
69848
69849
69834
69835
69822
69821
69820
69803
69802
69786
69787
69770
69771
69772
69788
69804
69805
69823
69851
69850
69863
69875
69876
69864
69852
69853
69836
69824
69825
69837
69838
69826
69809
69808
69807
69806
69791
69792
69793
69794
69810
69827
73830
69839
73831
69868
69856
69855
69854
69866
69867
69879
69880
73832
73833
69892
69891
69890
69878
69865
69877
69889
69900
69901
69913
69914
69902
69903
73834
73835
69915
69927
73836
69937
69947
69964
69980
69989
69999
69998
70017
70016
70033
68477
70050
70034
68478
70051
70068
70076
70077
70085
70084
68482
70075
68481
70066
70065
70064
70063
70062
70047
70048
70029
70030
70031
70049
70032
70015
70005
69995
69996
70006
70007
69997
69987
69988
69979
69963
69946
69936
69926
69925
69935
69945
69962
69978
69977
69986
68475
69976
69961
69944
69934
69923
69924
69912
69888
69887
69898
69899
69911
69910
68470
69922
69933
68471
69943
69960
69959
69975
69974
69973
69958
69957
69956
69972
69971
69955
69954
69970
69969
68474
69952
69953
69942
68472
68473
69968
69984
69985
69994
69993
70003
70004
70014
70013
70023
68476
70022
70039
70038
70021
70011
70012
70002
70001
69991
69982
69992
69983
69967
69966
69949
69939
69929
69917
69930
69940
69950
69951
69941
69931
69920
69919
69918
69906
69907
69895
69894
69883
69871
69870
69858
69859
69842
69829
69830
69843
69860
69872
69884
69896
69908
69921
69932
68469
69909
69897
69886
69885
69873
69874
69862
69845
69861
69844
68467
69831
69832
69833
69816
69799
69800
69784
69783
69782
68462
68460
69766
69767
69750
69738
69737
69749
68459
69748
69736
69720
69709
69708
68456
69719
68458
69735
69747
69746
69707
69706
69718
69734
68258
69745
68259
69762
69763
69779
69795
68260
69811
69812
69796
68463
69780
68461
69764
69765
69781
68464
69798
69815
68465
69797
69814
69813
68466
69828
69841
68261
69840
68262
69857
68263
69869
68264
69881
69882
68468
69893
69905
68265
69904
69916
68266
69928
68267
69938
68268
69948
69965
68269
69981
68270
69990
68271
70000
68272
70010
68273
70020
70037
68274
70053
70070
68275
70078
68276
70086
70094
70102
70110
70111
70112
68488
70127
68490
70134
70141
70155
70156
70142
70135
70128
70113
70104
70103
68486
70095
68484
70088
70087
70079
70080
70072
70071
70054
70055
70040
68479
70056
68480
70073
70057
70042
70041
70024
70025
70026
70027
70028
70046
70061
70060
70045
70044
70043
70059
70058
70074
70083
70082
70081
70089
70096
70097
70090
70091
70098
70106
70105
70114
70129
70136
70143
70157
70166
70165
70164
70163
70189
70188
68278
70179
70162
70154
68277
70140
70133
70126
78966
78967
75795
74332
75807
75824
75823
75822
75839
75840
75841
75854
78968
75868
75886
75904
78969
75918
75917
75933
75934
75946
75945
75944
75943
75931
75930
75929
75913
75912
75898
75899
75900
75881
75882
75901
75902
75916
75915
75914
75932
75903
75885
75867
75853
75852
75866
75884
75883
75865
75864
75863
75861
75848
75834
75833
75832
75831
75815
75816
75817
75836
74333
75837
75850
75851
75838
75821
75806
75805
75793
75794
75783
75782
75767
75766
75754
75742
75765
75764
75752
75753
75741
75740
75729
75728
75717
75706
75707
75718
75708
75696
75697
75698
75710
75709
75720
75719
75730
75731
75721
75732
75744
75743
75755
75756
75768
75784
75769
78965
78964
75757
75745
78963
75733
78962
74329
74328
75699
78961
75687
75675
78960
75662
75661
75674
74327
75673
75686
75685
75684
75671
75672
75659
75660
75645
75646
75632
75618
74325
74324
74323
78959
75590
78958
78957
75547
74321
75560
75573
75589
75604
75603
75602
75616
75617
75631
75630
75644
75643
75658
75657
75656
75670
75683
75695
75694
75682
75669
75655
75641
75627
75613
75614
75628
75642
75629
75615
75601
75587
75588
75571
75572
75559
75558
75544
75543
75557
75570
75586
75585
75584
75600
75599
75583
75582
75581
75580
74322
75567
75554
74320
75540
75539
75521
75538
75553
75566
75579
75578
75565
75552
75537
75536
75551
75564
75577
75576
75563
75550
75549
75548
74072
75561
74073
75574
74074
75591
74075
75605
74076
75619
74077
75633
75647
74078
75663
74079
75676
74080
75688
74081
75700
74082
75711
74083
75722
74084
75734
74085
75746
74086
75758
75759
75760
75761
75749
75750
75762
75774
75773
75787
75799
75800
75788
75789
75801
75813
75814
75830
75847
75876
75877
75895
74334
75894
75893
75875
75874
75860
75859
75873
75872
75871
75857
75844
75843
75826
75827
75828
75845
75858
75846
75829
75812
75811
75810
75798
75786
74331
75772
75771
75770
75785
74087
75796
75797
75809
75808
75825
74088
75842
74089
75855
75869
75856
75870
75888
75887
75905
75919
75935
74090
75947
75964
75975
75986
75998
76011
76010
74091
76027
74092
76038
74093
76049
76060
74094
76071
74095
76088
76145
76146
76147
76135
76134
74351
76123
76124
76107
76090
76073
76062
76063
76052
76041
76029
76030
76031
76042
76053
76064
76075
76074
76091
76108
76125
76136
76148
76159
76158
76157
76156
76168
76169
76170
76171
76160
76172
76184
76183
76182
76181
76180
76192
76193
76194
76206
76205
76204
76216
76217
76218
76230
76229
76228
76240
76241
76253
76252
76264
76265
76266
76254
76242
76243
76231
76219
76207
76195
76196
76208
76220
76232
76244
76256
76255
76268
76267
76277
76278
76279
76289
76290
76308
76307
76323
76324
76325
76343
76344
76345
76346
76359
76375
76385
76395
76406
76422
76423
76440
76439
76438
76421
76420
76419
76436
76435
76452
76453
76437
76454
76455
76456
76457
76458
76468
76478
76488
76498
76508
76518
76528
76538
76547
76557
76567
76577
76592
76593
74366
76605
76623
76622
76621
74367
76638
76646
76654
76662
76670
76678
76679
76671
76680
76672
76664
76663
76655
76656
76648
76647
76639
76640
76626
76627
74368
79005
76649
76657
79006
79007
76665
76673
79008
79009
76681
74371
76698
79010
79011
76708
76718
79012
79013
76728
76727
76737
76738
79014
79015
76748
76765
76774
79016
79017
76785
76784
76773
76772
76764
76747
76763
76762
76771
76770
76781
76792
76803
76814
76793
76782
76783
76794
76805
76804
76815
76816
76828
76817
76806
76795
76796
79018
79019
76807
76818
79020
79021
76829
74376
79022
76856
76845
76844
76827
76826
76843
76825
74375
76842
76853
76854
76855
76866
76877
76878
76867
79023
79024
79025
79026
79027
68307
71440
68308
71455
68309
71470
68310
71485
68311
71500
68312
71515
68313
71530
68314
71545
68315
71560
71575
71591
71592
71610
71609
68316
71625
68317
71642
71659
71676
68318
71692
68319
71709
68320
71726
71740
68321
71755
71756
71771
71770
71784
68322
71797
71811
71812
71798
71785
71799
71813
71814
71830
71831
71832
71816
71815
71800
71801
71802
71788
71774
71773
71787
71786
68593
71772
68592
71758
71743
71744
71759
71760
71745
71731
71730
71712
71711
71695
71679
71680
71681
71697
71696
71713
71714
71715
71732
71733
71747
71746
71761
71775
71789
71803
68595
71817
68596
68597
71845
71844
71857
71871
71870
71856
71843
71842
71829
71828
71841
71854
71855
71869
71885
71901
71900
71899
68324
71883
71884
71868
71867
71853
68323
71840
71827
79038
77186
79039
77200
77213
77227
77226
77212
77199
77198
77197
77209
74389
77195
77196
77182
77181
77167
77168
77154
77140
77125
77124
77139
77153
74388
77138
77137
77152
77166
77180
77194
77208
77221
74390
77222
77223
77237
77251
74391
77236
77235
77249
74392
77265
77250
77267
77268
77282
77266
77281
77280
74394
74393
77264
77263
77262
77279
77294
77295
77296
77297
77315
74395
77316
77298
77299
77317
77333
77334
77318
77300
77301
77283
77284
77269
77252
77238
77224
77210
77211
77225
77239
77240
77241
79040
77255
77254
77253
77270
77271
77272
79041
77287
77286
77285
77303
77302
77319
77320
77321
77322
77304
77305
77323
77339
77338
77337
77352
77336
77335
77351
77350
77349
77365
77366
74396
77381
77396
77411
77425
77439
74400
77440
74402
77441
77426
74398
77412
77397
74397
77398
77383
77382
77367
77368
77369
77353
77354
77355
79042
79043
77371
77386
79044
77401
77415
77414
77400
77385
77370
77384
77399
77413
77427
77428
77429
77444
77460
77473
77487
79045
79046
77501
77500
77486
77472
77459
77443
77442
77458
77471
77485
77499
77513
77512
77498
77484
77470
74404
77457
74401
77456
77469
77468
77455
77454
77453
74399
77424
77410
77395
77380
77364
77348
77332
77314
77331
77313
77312
77293
77311
77329
77330
77346
77345
77361
77362
77347
77363
77379
77394
77409
77408
77422
77423
77438
77437
77452
77436
77407
77420
77421
77435
77450
77451
74403
77466
77467
77481
77495
77509
77523
77537
77551
77565
77578
77564
77550
77549
77563
77576
77577
77591
77590
77589
77606
77607
77621
77622
77608
77609
77592
77593
77594
77595
77596
77597
77580
77579
77566
77567
77553
77552
77538
77539
77525
77524
77510
77496
77482
77483
77497
77511
77526
77540
77541
77527
77542
77528
77514
77515
79047
79048
77529
77543
79049
79050
77557
77571
79051
79052
79053
77601
74406
77584
77583
77570
77556
77555
77554
77568
77569
77582
77581
77600
77599
77598
77612
77626
77627
77613
77614
77628
77629
77615
79054
79055
79056
77643
77657
79057
79058
77671
77670
77669
77655
77656
77642
77641
77640
77654
77668
77684
77685
79059
79060
77699
77713
79061
79062
77727
77741
79063
79064
77755
77772
77790
74409
77789
77771
77754
77740
77726
77712
77698
77697
77683
77682
77696
77709
77723
77737
77736
77722
77708
77694
77695
77681
77680
77666
77667
77653
77652
77638
77639
77625
77611
77610
77624
77623
77637
77651
77650
77636
77635
77649
77648
77634
77620
77619
77605
77588
77575
77574
74405
77561
77562
77548
77547
77546
77545
77531
77517
77518
77532
77533
77534
77535
77536
77521
77522
77508
77507
77506
77520
77519
77505
77504
77489
77490
77491
77492
77493
77494
77480
77479
77465
77478
77477
77476
77475
77462
77463
77464
77448
77449
77434
77433
77419
77405
77406
77391
77392
77393
77378
77377
77376
77360
77344
77343
77359
77358
77374
77375
77390
77389
77404
77403
77388
77373
77357
77341
77325
77326
77342
77327
77328
77310
77309
77291
77290
77308
77307
77289
77288
77306
77324
74163
77340
74164
77356
74165
77372
74166
77387
74167
77402
74168
77416
77417
77418
77432
77447
77446
77431
77430
77445
77461
74169
77474
74170
77488
74171
77502
77503
74172
77516
74173
77530
74174
77544
74175
77558
77572
77573
77559
77560
77587
77604
77618
77633
77632
77645
77631
77617
77603
77586
77585
74176
77602
74177
77616
74178
77630
74179
77644
74180
77658
77659
74181
77672
74182
77686
74183
77700
77701
77687
77673
77674
77688
77702
77716
77715
74184
77714
74185
77728
74186
77742
74187
77756
77757
77743
77729
77730
77731
77717
77703
77689
77675
77660
77646
77647
77661
77662
77676
77690
77704
77718
77719
77705
77691
77677
77663
77664
77665
77679
77693
77678
77692
77706
77707
77721
77720
77734
77733
77732
77746
77747
77748
77735
77749
74407
77763
77781
77799
77800
77801
77784
77783
77782
77764
77765
77766
77750
77751
77767
77785
77768
77786
77804
77803
77802
77814
77815
77830
77848
77847
77829
77828
77827
77845
77844
77826
77825
77824
77813
77797
77798
77780
77779
77796
77778
77762
77761
77760
77777
77794
77795
77811
77822
77812
77823
77841
77840
77839
77821
77810
77809
77793
77775
77776
77759
77745
77744
77758
77774
77792
77808
77820
77837
77838
77855
77866
77867
77856
77857
77858
77842
77843
77870
77871
77872
77873
77846
77859
77860
74411
77874
77885
77884
77883
77882
77881
74413
77869
77868
77880
77879
77894
77878
77865
77877
77876
77863
77864
77854
77853
74189
77836
77819
77807
74188
77791
77773
82804
82803
81818
81821
81820
81817
81814
81815
82802
82801
82800
82799
81806
81809
81812
81811
81808
81805
81802
81803
82798
82797
82796
81797
81800
81799
81796
81793
81790
81787
79606
81784
81780
81781
81785
81786
81788
81791
81794
82795
82794
82793
82792
81782
81778
81777
81760
81761
82791
82790
81758
81757
81753
81754
82789
82788
81750
81749
81748
81752
81756
81759
81776
81775
81774
81773
81772
81771
81770
81769
81768
81767
81766
81765
81764
81763
81762
79336
79604
81755
79335
81751
79334
81747
79333
81743
79332
81739
81733
81734
79601
81717
81716
81710
81705
81704
81688
81689
81681
81682
81690
81706
81711
81718
81719
79599
81720
81721
81722
81723
81724
81725
81726
81727
81728
81729
81735
79602
81740
79603
81744
81745
81746
81742
81741
81737
81736
79600
81730
81713
81712
79597
81707
81701
79594
81685
81678
79592
79593
79595
81708
81714
79598
81731
82787
82786
81702
81686
81679
79591
79590
82785
81649
81648
79589
81665
81672
81671
81670
81677
81684
81700
81699
81698
81697
81696
81695
81694
81693
79596
81692
81691
81683
81676
81669
81668
81675
81674
81667
81653
81654
81655
81656
81657
81658
81659
81660
81661
81662
81663
81664
81647
81639
81638
81621
81605
81604
81603
81602
81618
81619
81620
81637
81636
81635
81634
81617
81601
81551
81552
81553
81536
81535
81534
81533
81550
81549
81532
81531
81548
81547
81530
81529
81546
81545
81528
81521
81522
81506
81507
81508
81509
81510
81511
81512
81513
81514
81515
81516
81523
81537
81538
81539
81556
81555
81554
81562
81569
81576
81583
81590
81606
81622
81623
81607
81608
81624
81640
81641
81642
81625
81609
82784
81592
81591
79586
81584
81577
79585
79584
81570
81563
82783
82782
82781
82780
79583
81500
81499
79582
81489
81498
81488
81478
81469
81479
81480
81490
81491
82779
82778
81481
81471
81463
81462
81470
79581
81461
81444
81428
81429
81445
81446
81430
81413
81412
81398
81392
81386
79571
81380
79572
79573
79574
77026
74152
77038
77039
77040
77041
77029
77028
77027
74151
77015
74150
77002
74149
76985
76974
74148
76956
76945
74147
76934
74146
76923
74145
76912
74144
76901
74143
76890
74142
76879
74141
76868
74140
76857
74139
76846
74138
76830
76819
74137
76808
74136
76797
74135
76786
74134
76775
76776
76767
76766
76749
74133
76750
76751
76741
76731
76732
76733
76743
74372
76742
76752
76768
76769
76779
76790
76789
76778
76777
76788
76787
76798
76799
76810
76809
76820
76831
76847
76858
76869
76880
76891
76892
76881
76870
76882
76893
76904
76905
76894
76883
76872
76871
76860
76859
76848
76849
76861
76850
76834
76833
76832
76821
76822
76811
76800
76801
76812
76823
76835
76836
76851
76862
76873
76884
76895
76906
76917
76928
76939
76950
76961
76960
76949
76938
76927
76916
76915
76926
76937
76948
76947
76936
76925
76914
76903
76902
76913
76924
76935
76946
76957
76958
76959
76977
76978
76990
76989
77006
76988
77005
77004
76987
76976
76975
76986
77003
77016
77017
77018
77019
77030
77042
77054
77053
77069
77081
77080
77092
77079
77067
77068
77052
77051
77050
77066
77078
74153
77091
77104
77116
74154
77130
74155
77145
74156
77159
74157
77173
74158
77187
74159
77201
74160
77214
74161
77228
74162
77242
77243
77229
77230
77244
77258
77257
77256
77273
77274
77275
77276
77292
77277
77278
77261
77260
77259
77245
77246
77247
77233
77248
77234
77220
77207
77219
77206
77205
77218
77232
77231
77217
77204
77190
77191
77192
77193
77179
77178
77164
77163
77177
77176
77189
77203
77216
77215
77202
77188
77174
77175
77161
77162
77149
77150
77165
77151
77136
77135
77134
77120
77119
77133
77148
77147
77160
77146
77132
77131
77117
77118
77105
74385
77093
77094
77106
77107
77095
77082
77083
77121
74387
77108
77096
74383
77059
77058
77057
77056
77070
74381
77055
77043
77031
77020
77007
76991
76979
76962
76963
76964
76965
76966
76967
76996
76997
76998
76999
76981
76980
74377
76968
76969
76970
76971
76954
76953
76952
76951
76940
76929
76918
76907
76896
76885
76874
76875
76886
76897
76898
76899
76909
76908
76919
76920
76931
76930
76941
76942
76943
76944
76955
76972
76983
76982
77000
77001
77013
77012
77011
77023
77024
77036
77035
77047
77046
77045
77033
77034
77022
74379
77010
77009
77008
74378
76995
76994
76993
76992
77021
77032
77044
74380
77060
77072
77073
77061
77062
77074
77087
77086
77085
74384
74382
77071
77084
77097
77109
77122
77123
77110
77098
74386
77111
77099
77100
77112
77126
77113
77127
77142
77141
77155
77156
77170
77169
77183
77184
77185
77171
77172
79037
77158
77157
77143
77144
79036
79035
77129
77128
77114
77101
77088
77089
77102
77115
77103
79034
77090
77077
77065
77076
77075
77063
77064
77048
77049
79033
79032
77037
77025
77014
76984
76973
79031
79030
79029
79028
76922
76933
76932
76921
76910
76911
76900
76889
76888
76887
76876
76865
76864
76863
76852
76841
76840
76839
76838
76837
76824
76813
76802
76791
74374
76780
74373
76753
76754
76755
76756
76757
76758
76759
76760
76761
76744
76745
76746
76736
76726
76716
76717
76707
76706
76697
76696
76705
76715
76725
76735
76734
76724
76714
76704
76695
76694
76693
76692
76691
76690
76689
76688
76687
76686
76703
76713
76723
76722
76712
76702
76685
76677
76669
76661
76653
76645
74369
76634
76633
76632
76614
76613
76602
76601
76600
76583
74364
76573
76563
76564
76554
76553
76552
74122
76562
74123
76572
74124
76582
76599
76610
76628
76641
74125
76650
74126
76658
76659
76651
76642
76629
76611
76612
76630
76631
76643
76644
76652
76660
76668
74370
76676
76684
76701
76700
76710
76711
76721
76720
76730
76740
76739
74132
76729
74131
76719
74130
76709
74129
76699
74128
76682
76683
76675
76667
74127
76666
76674
82765
82764
81118
81117
81107
79555
79554
81081
81080
81063
81064
81047
82763
81039
81031
82762
81014
79551
81030
81013
81005
81006
80990
80982
82761
82760
80975
80974
80966
80959
80958
80965
80972
80973
80981
80989
80988
80980
80979
79548
80987
81003
81004
81012
81029
81038
81037
81028
81011
81010
81002
81001
81000
80999
80998
80997
80996
80995
79547
79544
80955
80946
80945
80936
80920
80903
79539
80919
80935
80918
80917
79275
80933
80934
79276
80942
79277
80951
80952
80943
80944
80954
80953
80962
80963
80971
80978
80985
80986
80993
80994
81009
81019
81020
81021
81022
81023
81024
81025
81026
81027
81036
81044
81045
81046
81062
81079
81078
81061
81060
81059
81058
81057
81074
81092
81093
81075
81076
81094
81077
81095
81096
81097
81106
81116
81115
81105
81104
81114
81125
81126
81143
81159
81158
81142
81141
81157
81156
81172
81171
81187
81186
81203
81221
81220
81202
81185
81168
81152
81153
81169
81170
81154
81155
81140
81139
81138
81137
81136
81135
81151
81167
79561
81183
81184
81201
81200
81218
81219
81236
81237
81238
81239
81222
81204
81205
81188
81189
81173
81174
81175
81176
81160
81144
81127
81145
81128
81129
81146
81162
81161
81177
81178
81194
81211
81228
81210
81193
81192
81209
81191
81190
81207
81208
81226
81227
79563
81243
81244
81260
81259
81258
81268
81269
79568
79569
82766
82767
82768
82769
82770
82771
82772
82773
82774
82775
82776
82777
81369
79570
81363
81357
81351
81345
81339
81333
81327
81321
81315
81309
81303
81297
81291
81285
81284
81267
81266
79566
81256
81257
81242
81225
81206
81223
81224
81241
81240
81255
81254
81253
81252
81251
81250
81249
81235
81248
81234
81217
81199
81198
81182
81166
79560
81150
79558
79556
81123
81134
81124
81113
81103
81112
81102
81086
81087
81088
81089
81071
81072
81090
81091
81073
81056
81055
81054
81053
81070
81069
79553
81051
81052
81043
81035
81018
81034
81042
81050
79552
81049
81041
81033
79550
81016
81017
81008
80992
79549
80984
80977
79546
80970
80969
80961
80960
79278
80968
80976
80983
79279
80991
79280
81007
79281
81015
79282
81032
79283
81040
79284
81048
79285
81065
81066
81083
81082
79286
81098
79287
81108
79288
81119
81120
81109
81099
81110
81100
81084
81067
81068
81085
81101
81111
81122
81121
81133
81132
81131
79289
81130
81147
81148
79557
81149
79559
81165
81181
81197
79562
81180
81164
81163
79290
81179
79291
81195
81196
81213
81212
81229
85768
84667
84666
84672
81292
79295
81286
79294
81270
79293
81261
79292
81262
81271
81287
81293
81299
79296
81298
79297
81304
79298
81310
79299
81316
79300
81322
79301
81328
79302
81334
79303
81340
79304
81346
79305
81352
79306
81358
79307
81364
79308
81370
79309
81375
79310
81381
79311
81387
79312
81393
81394
81388
81382
81376
81371
81365
81359
81353
81347
81341
81335
81329
81323
81317
81311
81305
81318
81324
81330
81336
81342
81348
81354
81360
81366
81372
81377
81383
81389
81390
81384
81378
81373
81367
81361
81355
81349
81343
81337
81331
81325
81319
81313
81312
81306
81307
81301
81295
81300
81294
81288
81289
81274
81273
81272
79567
81263
81245
79564
81230
81231
81214
81215
81216
81233
81247
79565
81232
81246
81264
81265
81275
81276
81277
81278
81279
81280
81281
81282
81283
81290
81296
81302
81308
81314
81320
81326
81332
81338
81344
81350
81356
81362
81368
81374
81379
81385
81391
81397
81410
81411
81427
81443
81460
81459
81458
81457
81456
81455
81438
81437
81454
81453
81452
81435
81436
81420
81421
81422
81423
81439
81440
81424
81425
81441
81442
81426
81409
81408
81407
81406
81405
81404
81403
81402
81419
81418
81401
81396
81395
79576
79575
79577
81416
79578
79579
81449
81467
81466
81465
81448
81432
81415
81400
81399
79313
81414
79314
81431
79315
81447
81464
79316
81472
79317
81482
79318
81492
81493
81494
81495
81486
81485
81484
81483
81473
81474
81475
81476
81450
81433
81417
81434
81451
79580
81468
81477
81487
81497
81496
81505
81504
81503
81502
81518
81501
79319
81517
81524
81525
81541
81558
81540
79320
81557
79321
81564
79322
81571
81572
81565
81566
81573
81567
81560
81559
81542
81526
81519
81520
81527
81543
81544
81561
81568
81575
81574
81581
81580
81579
79323
81578
79324
81585
79325
81593
79326
79327
81626
81610
81594
81586
81587
81595
81611
81627
81628
81612
81596
81588
81582
81589
79587
81597
81598
81599
81615
81600
81616
81633
81632
81631
81614
81613
81630
81629
81646
81645
79588
81644
81652
81651
81643
81650
79328
81666
79329
81673
79330
81680
81687
81703
79331
81709
81715
81732
81738
85796
83360
83359
83358
85082
85081
85062
85058
85059
85063
85795
85794
85055
85054
85035
85036
85017
85793
85792
85011
85016
85010
85009
85015
85034
85053
85052
85033
85032
85031
85030
85029
85028
85047
85048
85049
85050
85051
85057
85061
85080
85079
85078
85077
85076
85075
85074
85073
85072
85071
85070
85069
85068
85067
85066
85065
85060
83124
83125
85064
85084
83126
85083
83127
85087
83128
85091
85095
83129
85088
85092
85096
85100
85104
83130
85099
83131
85103
83132
85107
83133
85111
85114
83134
85133
83135
85136
83136
85139
83137
85142
83138
85145
83139
85148
83140
85151
83141
85154
83142
85157
83143
85160
83144
85163
83145
85166
83146
85169
83147
85172
83148
85173
85170
85167
85164
85161
85158
85155
85152
85149
85146
85143
85140
85137
85134
85115
85112
85108
85116
85117
85118
85119
85120
85121
85122
85123
85124
85125
85126
85127
85128
85129
85130
85131
85132
83364
85109
83363
85105
83362
83361
85097
85093
85089
85085
85086
85090
85094
85098
85101
85102
85106
85110
85113
85797
85798
85135
85138
85799
85800
85141
85144
85801
85802
85147
85150
85803
85804
85153
85156
85805
85806
85159
85162
85807
85808
85165
85168
85809
85810
85171
85174
85811
81858
79352
81874
81880
81896
81913
81914
81897
81881
81882
81898
81899
81883
81877
81861
81862
81863
81864
81865
81866
81867
81868
81869
81870
81871
81872
81878
81851
81850
81849
81848
81847
81846
81845
81844
81843
81842
81841
81840
81839
79608
81856
81838
81860
81876
81875
81859
81855
81854
81837
79351
79350
81822
81819
79349
79348
79347
79346
79345
79344
79343
79342
79341
79340
79339
81783
79338
81779
79337
79605
81789
81792
81795
81798
81801
81804
81807
81810
81813
81816
79607
81823
81824
81825
81826
81827
81828
81829
81830
81831
81832
81833
81834
81835
81836
81852
79609
81853
81857
79610
81873
82805
82806
81879
81895
79612
79611
81894
79613
81910
79614
81911
81912
82807
81928
82808
82809
82810
82811
82812
82016
82011
82010
82009
81992
81975
81974
81991
82008
82007
81990
81973
81972
81989
82006
82005
82004
82003
82002
82001
81984
81985
81968
81969
81986
81987
81988
81971
81970
81953
81952
81937
81938
81921
81905
81922
81923
81906
81907
81924
81925
81926
81942
81941
81940
81939
81954
81955
81956
81957
81958
81959
81976
81993
81994
81977
79618
81960
79617
81943
79616
81927
79615
81909
81908
81893
81892
81891
81890
81889
81888
81904
81903
81887
81886
81885
81884
81900
81901
81918
81919
81902
81920
81936
81951
81967
81966
81965
81948
81949
81950
81935
81934
81933
81917
81916
81932
81915
81930
81931
81946
81947
81964
81981
81982
81983
82000
81999
81998
82015
82014
81997
81996
81979
81980
81963
81945
81929
81944
81961
81962
81978
81995
79353
82012
82013
79354
82017
79355
82022
79356
82026
82027
79621
82030
82031
82028
82024
82023
82018
82019
82020
82025
82029
82032
82036
82040
82039
82035
82034
79357
79358
82038
82042
79359
82046
82063
79360
82081
82064
82047
82043
82044
82050
82051
82068
82069
82052
82053
82054
82070
82071
82072
82055
82073
82056
82057
82058
82059
82076
82093
82092
82075
82074
82091
82090
82089
82088
82087
82086
82085
82067
82084
82083
82066
82049
82048
82065
82082
82100
82101
82105
82122
82123
82106
82107
82124
82125
82108
82109
82110
82111
82126
82127
82128
82129
82112
82113
82114
82130
82131
82132
82115
82116
82117
82134
82133
79628
82145
82150
82155
82156
82151
82152
79630
79631
82820
82176
82179
82821
82822
82184
82189
82823
82824
82194
82199
79634
79635
82204
82220
82226
82243
82259
82263
82279
82282
82825
82826
82285
82288
82827
82828
82291
82294
82829
82830
82297
82300
82303
82832
82831
78394
74209
78384
74208
78374
74207
78364
74206
78354
74205
78345
74204
78336
74203
78327
74202
78317
74201
78300
78292
78282
74200
78272
74199
78262
74198
78252
74197
78253
78236
78235
78218
78219
78220
78237
78238
78221
78222
78239
78240
78223
78224
78207
78225
78242
78241
78256
78266
78276
78286
78295
78305
78304
78303
78294
78285
78275
78265
78255
78254
78264
78274
78284
78263
78273
78283
74429
78293
78320
78330
78339
78348
78357
78367
78377
78376
78366
78356
78347
78338
78329
78319
78302
78301
78318
78328
78337
78346
78355
78365
78375
78385
78395
78405
74210
78404
74211
78420
74212
78429
78421
78430
78439
78438
74213
78446
74214
78455
74215
78472
74216
78482
74217
78492
78493
78483
78484
78485
78475
78474
78473
78456
78447
78448
78457
78458
74436
78449
78440
74434
78431
78422
78406
78396
78386
78387
78397
74433
78407
78408
78398
78388
78378
78368
78358
78349
78340
78331
78321
78306
78307
78308
78309
78310
78311
74431
78322
78312
78313
78314
78324
78325
78334
78343
78342
78333
78323
78332
78341
74432
78350
78361
78351
78352
78362
78372
78371
78381
78382
78383
79098
78373
79097
79096
78363
78353
78344
79095
79094
78335
78326
78316
78315
78299
78298
78297
78289
78279
78280
78290
78291
79093
79092
78281
78271
79091
78261
79090
79089
79088
79087
79086
79085
79084
79083
79082
78157
78166
78183
78182
78181
78180
78196
78195
78194
78211
78212
78213
78214
78197
78198
78199
78200
78217
78216
78215
78232
78233
78234
78251
78260
78270
78269
78259
78250
78249
78258
78268
78278
78288
74430
78296
78287
78277
78267
78257
78248
78231
78230
78247
78246
78229
78228
78245
78244
78243
78226
78227
78210
78209
78208
78191
78190
78189
78206
78205
78204
78203
78186
78187
78188
78171
78172
78173
78174
78175
78192
78193
78176
78177
78178
78179
78163
78154
78144
78145
78155
78164
78165
78156
78146
78128
78118
78119
78108
78109
78120
78129
78147
78148
78130
78131
79081
79080
78121
78110
79079
79078
78100
78090
78072
78054
79077
79076
78037
74425
78020
79075
79074
78011
78002
74420
79073
79072
79071
79070
79069
77931
77930
77929
77938
77954
77955
77972
77971
77979
77986
77993
74422
78000
78001
78010
78009
78018
78019
78053
78071
78089
78099
78098
78088
78070
78069
78052
74426
78036
78035
78034
78051
78068
78067
78085
78086
78087
78097
78107
78096
78106
78117
78127
78143
78142
78141
78140
78139
74428
78105
74427
78116
78126
78138
78153
78162
78137
78136
78124
78125
78115
78114
78104
78093
78094
78078
78079
78095
78080
78062
78061
78060
78043
78059
78077
78076
78075
78057
78058
78041
78042
78025
78015
78006
77997
77990
77983
77982
74419
77989
74421
77996
74423
78005
74424
78014
78024
78023
78040
78039
78022
78021
78038
78055
78056
78074
78073
74193
78091
78092
78101
78102
78103
78113
78112
78111
74194
78122
78123
78132
74195
78149
74196
78158
78159
78150
78133
78134
78135
78151
78152
78161
78160
78170
78169
78168
78185
78202
78201
78184
78167
82819
82146
82141
79626
82135
82136
82119
82118
82102
79623
82096
82095
82094
82077
82060
82061
82078
82079
82097
82080
82062
79622
82818
82817
82045
82041
82816
82815
82037
82033
82814
79620
79619
82021
82813
77956
74191
77973
74192
77980
77987
77994
78003
78012
78013
78004
77995
77988
77981
77974
77957
77940
77939
77932
77916
77908
77900
77892
74190
77893
77901
77909
77917
77933
77941
77958
77959
77975
77976
77960
77961
77944
77945
77936
77920
74417
77912
77904
77911
77919
77935
77943
77942
77934
74418
77918
74416
77910
74415
77902
74414
77903
77895
77896
77897
77905
77913
77921
77922
77923
77924
77925
77926
77937
77950
77967
77966
77949
77948
77965
77964
77947
77946
77963
77962
77977
77984
77991
77998
78007
78016
78026
78027
78044
78045
78028
78029
78030
78031
78048
78065
78064
78047
78046
78063
78081
78082
78083
78084
78066
78049
78050
78032
78033
78017
78008
77999
77992
77985
77978
77968
77951
77952
77969
77970
77953
77928
77927
77914
77906
77898
77886
77887
77888
77889
77875
77861
77851
77850
77849
77831
77832
77833
77816
74410
77787
77769
77752
77738
77724
77710
77711
77725
77739
77753
77770
77788
74408
77805
77806
77817
77834
77818
77835
77852
79065
77862
74412
77891
77890
77899
77907
77915
79066
79067
79068
72566
72577
72567
72578
72590
72589
72606
72605
72616
72617
68638
72627
68351
72626
68352
72643
72654
72671
72672
72655
72644
72645
72656
72657
68640
72673
68641
72683
72684
72675
72674
72658
72647
72648
72659
72660
72661
72662
72663
72664
72665
72666
72676
72686
72696
72712
72711
72710
72709
72708
72726
72725
72707
72706
72705
72695
72685
72694
72693
72692
72682
72681
68353
72690
72691
72700
72699
72717
72735
72751
72768
72785
72802
72810
72818
72819
72811
72803
72786
72787
72788
68644
72804
72805
72789
72772
72771
72770
72769
72752
72736
72718
72719
72701
72702
72720
72737
72753
72754
72755
72738
72721
72703
72704
72722
72739
72740
72723
72724
72741
72758
72757
72756
72773
72774
72775
72792
72791
72790
72806
72814
72813
68646
72812
68647
72820
72829
72846
72847
72848
72865
72882
72883
72884
72867
72866
72850
72849
72832
72831
72830
72821
72822
72833
72834
72851
72868
72869
72870
72887
72888
72903
72904
72919
72920
72931
72921
72905
72906
72922
72923
72907
72892
72893
72908
72924
72933
72932
72940
72941
72950
72959
72960
73937
73936
72951
72942
73935
68652
72925
72909
73934
73933
73932
73931
72842
68648
72825
73930
73929
72817
72816
72824
72841
72840
72839
72856
72857
72874
72875
72858
72859
72876
72891
72890
72873
72872
72889
72871
72853
72852
72835
72836
72837
72854
72855
72838
72823
72815
72807
72798
72799
72782
72783
72784
72801
72800
72808
68645
72809
73928
73927
73926
73925
72734
72733
72750
72767
72766
72765
72764
72781
72780
72797
72796
72779
72778
72795
72794
72793
72776
72759
72742
72743
72760
72777
72761
72744
72727
72728
72745
72762
72763
72746
72729
72730
72747
72748
72749
72732
72731
72713
72714
72697
72698
72715
72716
68643
72689
72688
72679
72680
73924
73923
72670
72669
72668
72678
72687
68642
72677
72667
68639
72650
72649
72638
72637
72636
72635
72634
72633
72632
72631
72630
72646
72628
72629
72620
72619
72618
68636
72607
68635
72591
68633
72579
68632
72568
68630
72553
72552
72551
72550
72539
72528
72511
72512
72513
72529
68627
72540
72541
72530
68626
72514
72497
72496
72495
72494
72485
68350
72468
72454
72438
72439
72440
72441
72430
72412
72413
72395
72379
72378
72394
72393
72411
72429
72428
68349
72410
72392
72376
72377
72366
72365
68348
72354
68347
72343
68346
72332
68345
72321
68344
72310
68343
72299
68342
72288
68341
72277
68340
72266
68339
72255
68338
72244
68337
72233
68336
72222
68335
72210
68334
72193
68333
72179
68332
72165
68331
72152
72153
72166
72180
72194
72211
72223
72234
72245
72256
72267
72278
72289
72268
72279
72290
72291
72280
72281
72292
72303
72314
72302
72313
72312
72301
72300
72311
72322
72333
72344
72355
72356
72345
72346
72335
72334
72323
72324
72325
72336
72347
72358
72357
72368
72367
72380
72396
72414
72431
72442
72458
72457
72471
72470
72456
72455
72469
72486
72487
72488
72498
72489
72472
72459
72473
72474
72490
72500
72499
72516
72515
72531
72532
72533
72517
72501
72518
72519
72520
72521
72504
72505
72479
72503
72502
72476
72475
72460
72461
72446
72447
72462
72477
72478
72463
72448
72449
72464
72465
72480
72491
72492
72507
72506
72523
72522
72534
72535
72546
72545
72562
72561
72560
72559
72558
72557
72571
72556
72544
72543
72542
72554
72555
72570
72569
72580
72592
72608
72609
72593
72581
72582
68634
72594
72595
72596
72597
72598
72599
72583
72572
72573
72584
72585
72601
72600
72611
72610
68637
72621
72612
72622
72639
72640
72651
72652
72653
73922
72642
72641
72623
72613
72602
72586
72574
68631
68629
72563
72564
72575
72587
72603
72614
72624
72625
72615
73921
72604
72588
73920
72576
72565
72549
72548
72547
68628
72536
72526
72525
72524
72508
72509
72493
72484
72510
72537
72538
73919
72527
68625
73918
73917
73916
73915
68624
72453
72452
72451
68623
72467
72483
72482
72481
72466
72450
68622
68621
72423
72424
72434
72435
72425
72426
72427
72436
72437
66413
62707
66397
66398
66414
66415
66416
66424
66423
66441
66450
66449
66440
66422
62708
66439
66448
66460
66476
66492
66477
66461
66462
66478
66494
66493
66505
66504
62709
66520
62710
66531
66532
66533
66534
66535
66524
66525
66510
66511
66512
66513
66536
66547
66546
66558
66559
66560
62954
66561
66562
66563
66564
66565
66548
66549
66538
66539
66550
66567
66568
66551
66540
66529
66528
66527
66537
66526
66516
66517
66500
66499
62948
66486
66485
66498
66515
62951
66514
66484
66483
66482
66466
66467
66468
66469
62942
66454
66470
66487
66471
66472
66488
66489
66501
62949
66518
66519
66530
66541
66552
62952
62953
68120
68121
66581
66580
66569
66579
66578
66595
66596
66606
66616
66617
66607
66597
66598
68122
68123
66608
66618
68124
68125
68126
66652
66668
68127
68128
66678
66694
66712
66730
68129
66742
66729
66728
66710
66711
66693
66677
66667
66651
66635
66634
62956
66633
62957
66650
62958
66666
66676
66692
62960
66691
62959
66675
66665
66664
66648
66649
66632
66631
66614
66604
66615
66605
66594
62955
66577
66566
66576
66593
66592
66591
66590
66589
66588
66587
66603
66613
66623
66622
66621
66620
66610
66611
66612
66602
66585
66586
66574
66575
66557
66573
66556
66545
66544
66555
66572
66584
66601
66600
66583
66571
66554
66543
62711
66542
66553
66570
66582
62712
66599
62713
66609
66619
66636
66637
66638
66639
66640
66641
66624
66625
66642
66643
66626
66627
66628
66645
66646
66629
66630
66647
66663
66662
66661
66644
66660
66659
66673
66658
66657
66656
66672
66671
66655
66654
66670
66653
62714
66669
66679
66695
66713
66714
66696
66680
66681
66697
66715
66733
66732
66731
66743
66754
66744
66755
66767
66768
66756
66745
66746
66734
66716
66717
66699
66698
66682
66683
66684
66700
66701
66685
66686
66687
66703
66704
66688
66689
66674
66690
66705
66723
66722
66721
66702
66720
66719
66718
62961
66735
62962
66747
62964
66771
66770
62965
66758
66757
66769
66782
66795
66809
66824
66823
66808
62968
66794
62967
66781
66780
66766
66779
66793
66807
66822
66821
66835
66836
66837
66838
66839
66840
66854
66853
66867
66866
66852
66851
66865
66864
66850
66849
66863
62715
66877
62716
66892
66907
66924
66941
66954
66942
66925
66908
66893
66878
66879
66880
66881
66868
66882
66897
66896
66895
66894
66909
66910
66911
66928
66912
66898
66913
66930
66929
66946
66945
66958
66957
66944
66927
66926
66943
66956
66955
66970
66969
66981
62717
66996
62718
67011
62719
67026
62720
67043
62721
67044
67027
67028
67029
67014
67015
66999
66998
67013
67012
66997
66982
66983
66971
66972
66973
66974
66986
66985
66984
67000
67001
67016
67031
67030
67047
67063
67048
67049
67065
67064
67080
67079
67078
67062
67046
67045
67061
67060
67059
62722
67075
62723
67091
62724
67107
62725
67123
62726
67140
62727
67155
67171
67172
67156
67141
67124
67108
67092
67076
67077
67093
67109
67110
67111
67094
67095
67096
67097
67081
67082
67098
67114
67113
67128
62981
67112
67127
67126
67125
67142
67157
67158
67143
67144
67159
67175
67174
67173
67191
67192
67193
67176
62982
67160
67145
67146
67129
67130
67131
67132
67147
67162
67161
67180
67179
67178
67177
67194
67210
67209
67208
67207
67224
67223
62985
67206
67190
67189
67205
67188
67204
67222
67235
67247
62728
67259
62729
67272
62730
67284
62731
67296
67308
67319
67333
67344
67356
67369
67370
67386
67385
67401
67400
67384
67366
67382
67383
67399
63000
67410
67411
67412
63002
67427
67436
67444
63005
67443
67451
67450
62734
67442
67434
67435
63003
67426
67425
67424
67409
67398
62733
67381
67365
67353
62732
67341
67330
73952
73953
73229
73219
73208
73207
73198
73197
73187
73188
73177
73165
73176
73164
73146
73147
73148
73951
73950
73137
73126
73110
73109
73108
73107
73106
73091
73090
73089
73088
73087
73086
73085
73100
73101
73102
73103
73104
73105
73121
73120
73119
73118
73117
73116
68665
73099
73084
73083
73098
73115
73114
68664
73097
68663
73081
73082
73073
73074
73067
73066
73049
73050
73041
73033
73017
73009
73010
73011
73019
73018
73026
73027
73034
73042
73051
73052
73053
73054
73055
73056
73057
73058
73059
73068
73075
73069
73076
68662
73092
73093
73077
73949
73070
73948
73947
73946
73046
73062
73061
68660
73045
73037
73038
73945
73944
73943
73023
73031
73030
73029
73036
73044
73060
73043
73035
73028
73020
73012
73004
72996
68657
72989
72990
72997
72991
72998
73006
73005
73013
73021
73022
73014
73015
73942
73941
73007
72999
73940
72992
72984
73939
73938
72976
72975
72983
72982
72974
68655
72958
72949
72939
72948
72957
72973
72972
72971
72970
72969
72968
72967
72966
72980
72981
72988
72995
73003
73002
72994
72987
68656
72979
72978
72962
72953
72954
72963
72964
72965
72955
72946
68654
72937
72956
72947
72938
72930
72915
72916
72917
72918
72902
72901
72886
72885
72900
72899
72898
72914
72913
72897
72896
72881
72864
72863
72862
72861
72844
72845
72828
72827
72826
72843
72860
72877
72894
72910
72926
72934
72935
72927
72911
72895
72878
72879
72880
68649
68650
72912
72929
68651
72928
68653
72936
72945
72944
72943
68354
72952
72961
68355
72977
72985
72986
68658
72993
73001
68356
73000
68357
73008
68358
73016
68359
73024
73025
68659
73032
73040
68360
73039
73047
68361
73063
73064
73048
73065
68661
73072
73080
73096
73095
73112
73128
73113
73129
73140
73139
73150
73151
73168
73167
73166
68366
73149
68365
73138
68364
73127
68363
73111
73094
68362
73078
73079
73071
79103
78454
78445
74435
78436
78437
79102
79101
78428
78419
78403
79100
79099
78393
78392
78402
78418
78417
78426
78427
78435
78444
78453
78452
78451
78442
78443
78434
78433
78424
78425
78416
78400
78401
78391
78390
78380
78370
78360
78359
78369
78379
78389
78399
78415
78414
78413
78412
78411
78410
78409
78423
78432
78441
78450
78460
78461
78462
78463
78464
78465
78466
78478
78467
78468
78479
78489
78490
78480
78469
78470
74437
78471
78481
74438
78491
78501
74439
78500
78499
78488
78498
74441
78507
78508
74442
78525
78524
78523
78522
78521
78520
78519
78518
78506
74440
78497
78487
78477
78459
78476
78486
78496
78495
78494
78504
78505
78514
78515
78516
78517
78531
78538
78545
78551
78559
78560
78561
78562
78563
78564
78565
78566
78567
78552
78546
78539
78532
78533
78526
78509
78510
78527
79104
79105
78534
79106
78541
78540
74444
78547
79107
78553
78569
79108
78592
74449
78575
74448
78568
78574
78591
78590
78589
78588
78587
78586
78585
78584
78583
74450
78598
78581
78582
78573
78558
78557
78556
78550
74446
78572
78571
74447
78555
74445
78549
78543
78536
78544
78537
78530
78529
74443
78513
78512
78503
78502
78511
78528
74218
78535
74219
78542
74220
78548
78554
78570
78576
78577
78578
78594
78593
78601
78606
74221
78623
78624
78607
78608
78602
74452
78595
78596
78579
78580
78597
78603
78609
78625
74455
78631
78648
78647
74456
78630
74222
78629
74223
78646
74224
78663
78667
78671
78672
78673
78691
78690
78706
78712
78717
78733
78737
78740
78743
78746
78750
78755
78759
78763
78767
78770
78773
78776
78779
78782
78785
78789
78793
78796
78799
78802
78805
78808
78811
78814
78817
78820
78790
78794
78797
78800
78803
78806
78809
78812
78815
74473
78818
79130
79129
79128
79127
79126
79125
79124
79123
79122
74472
78791
79121
79120
78787
78786
74471
78783
78780
79119
78777
79118
79117
78774
78771
79116
78768
78765
74470
78764
74469
74468
78760
78761
78757
78753
79115
78748
78752
78756
74467
78751
78747
78744
78741
74466
74465
79114
79113
78735
74464
78730
78731
79112
78710
74460
78688
78687
78704
78703
74459
78686
78685
78684
78702
74462
78708
78709
78715
78714
78729
78734
78738
78728
78727
78726
78725
78724
78723
78722
78721
78720
78719
78718
74463
78713
78707
78692
78674
78693
74461
78694
78695
78696
78697
78698
78699
78700
78701
78683
78682
78681
78680
78679
78678
78677
78676
78675
78668
74457
78664
78649
78650
78651
78652
78653
78654
78655
78638
78637
78636
78635
78634
78633
78632
78626
78610
78611
78612
78613
78614
78615
78616
78617
78618
78619
78620
78621
78604
74453
78599
74451
78600
78605
74454
78622
79109
79110
78628
78645
78662
78661
78644
78643
78627
78642
78641
78640
78639
78656
78657
78658
78659
78660
78665
78669
74458
78670
78666
79111
73359
68370
73351
73343
73326
73317
73301
73318
73327
73344
73352
73360
73368
73367
73376
73377
73369
68688
73378
68689
73395
68690
73379
73380
73396
73397
73381
73382
73383
73398
73399
73400
73384
73385
73401
73402
73386
73363
73372
73387
73388
73389
73374
73373
73364
73356
73355
73347
73348
73340
73341
73342
73325
73316
68680
73299
73298
73297
73315
73324
73323
73339
73338
73337
73312
73311
73310
73292
73293
73294
73295
73313
73314
73296
73279
73269
73268
73267
73266
73265
73264
73263
73278
73277
73288
73306
73307
73289
73290
73291
73309
73308
68682
73336
73335
73334
73333
73332
73354
73362
73371
73370
68686
73361
73353
68684
73329
73328
73319
73320
73321
73330
68683
73345
73346
73331
73322
73305
73304
73303
73302
73285
73284
68369
73273
73274
73258
73259
73260
68678
73275
68679
73286
73287
73276
73261
73262
73252
73251
73250
73233
73222
68674
73221
73232
73249
73248
73257
73247
68368
73230
73231
73220
73209
68367
73199
73189
73178
73179
73180
73181
73182
73183
73194
73215
73214
73204
73203
73193
73192
73202
73201
73191
73190
73200
73210
73211
73212
73213
73223
73234
73235
73224
73225
73236
73253
73237
73238
73239
73240
73241
73242
73243
73254
73244
73226
73227
73216
73205
68673
73195
73185
68669
73173
73184
68671
68672
68670
68668
73172
73171
73170
73169
68666
73152
73153
73142
73141
73130
73131
73132
73143
73154
73155
73156
73157
73158
73159
73160
68667
73161
73144
73133
73122
73123
73124
73125
73136
73135
73134
73145
73162
73163
73175
73174
73186
73196
73206
73217
73218
73228
68675
73245
73246
73954
73955
73256
73255
73271
68677
68676
73270
73280
73281
73282
73272
73956
73283
73300
68681
73957
73958
73959
73960
73358
73350
73349
73357
68685
73365
73366
68687
73375
73390
73391
73407
73415
73414
73406
73405
73413
73404
73403
68692
73412
73420
73421
73428
73445
73446
73429
73422
73961
73962
73963
73964
73965
73966
73967
73968
73969
73970
73971
73972
73973
73538
73537
73536
73535
68697
73528
73521
73522
73529
73530
73523
73516
73515
73507
73508
73500
73499
73514
73506
73498
73490
73491
73492
73484
73477
73470
73463
73462
73469
73476
73483
73482
73475
73468
73461
73444
73427
73443
73460
73459
73458
73442
73441
73440
73439
73457
73456
73455
73438
73437
73454
73453
73436
73435
73452
73451
73450
73433
73434
73426
73425
73418
73419
73411
73410
73409
68691
73394
73393
73392
73408
68371
73416
68372
73423
73417
73424
73432
73449
73448
73431
73430
73447
68373
73464
68374
73471
73478
68375
73485
68376
73493
68377
73501
68378
73509
73510
73517
73524
73531
73539
68379
73556
73565
73581
68380
73597
68702
73604
73598
73583
73582
73566
73567
73540
73532
68696
73525
68695
73518
68694
73511
73503
73502
73494
73486
73495
73487
73479
73480
73473
68693
73472
73465
73466
73467
73474
73481
73489
73488
73496
73497
73505
73504
73512
73519
73513
73520
73527
73534
73526
73533
73541
73557
73558
73568
73584
73599
73605
73613
73629
73630
73636
73635
73634
73628
73612
73611
73610
68381
73627
68382
73633
68383
73639
68384
73650
68385
73656
68386
73662
73668
73685
73669
73670
73671
73664
73663
73657
73651
73645
68703
73640
73641
73646
73642
73647
73653
73652
73658
73659
73665
73672
73673
73690
73708
73709
73725
73724
68705
73707
73689
73706
73723
73739
73740
73747
73746
73753
73754
73761
73760
73767
73774
73768
73775
73782
73789
73788
73781
73787
73780
73773
73766
73759
73752
73745
73738
73722
68704
73705
73688
73687
73686
73704
73703
73721
68387
73737
68388
73744
68389
73751
68390
73758
68391
73765
68392
73772
68393
73779
68394
73786
1075
1076
1077
1078
1353
1352
1351
1074
1073
1072
1071
1070
1069
1068
1067
1066
1065
1064
1063
1062
1061
1060
1059
1058
1057
1056
1055
1054
1053
1350
1052
1051
1050
1049
1048
1047
1046
1045
1044
1043
1042
1041
1040
1039
1038
1037
1036
1035
1034
1033
1032
1031
1030
1029
1028
1027
1026
1025
1024
1023
1022
1021
1020
1019
1018
1017
1016
1015
1014
1013
1012
1011
1010
1009
1008
1007
1006
1435
1436
1437
1438
1439
1440
1441
1442
1443
1444
1445
1349
1446
1447
1448
1449
1450
1451
1452
1453
1454
1455
1456
1457
1458
1459
1460
1461
1462
1463
1464
1465
1466
1467
1468
1469
1470
1471
1472
1473
1474
1475
1476
1477
1478
1479
1480
1481
1482
1483
1484
1485
1486
1487
1488
1489
1490
1491
1492
1493
1494
1495
1496
1497
1498
1499
1500
1501
1502
1503
1504
1505
1506
1507
1508
1509
1510
1511
1512
1513
1514
1515
1516
1517
1518
1519
1354
1355
1356
1520
1521
1522
1523
1524
1525
1526
1527
1528
1361
1360
1362
1363
1529
1530
1531
1532
1533
1534
1535
1536
1537
1538
1539
1540
1541
1542
1543
1544
1545
1546
1547
1548
1549
1550
1551
1552
1553
1554
1555
1556
1557
1558
1559
1560
1561
1562
1563
1564
1565
1566
1567
1568
1569
1570
1571
1572
1573
1574
1575
1576
1577
1578
1579
1580
1581
1582
1583
1584
1585
1586
1587
1588
1589
1590
1591
1592
1593
1594
1595
1596
1597
1598
1599
1600
1601
1602
1603
1604
1605
1606
1607
1608
1609
1610
1611
1612
1613
1614
1615
1616
1617
1618
1619
1620
1621
1622
1623
1624
1625
1626
1627
1628
1629
1630
1631
1632
1633
1634
1635
1636
1637
1638
1639
1640
1641
1403
1642
1643
1644
1645
1646
1647
1648
1649
1650
1651
1652
1653
1654
1655
1656
1657
1658
1659
1660
1661
1662
1663
1664
1665
1666
1667
1668
1669
1670
1671
1672
1673
1674
1675
1676
1677
1678
1679
1680
1681
1682
1683
1684
1685
1686
1413
1412
1411
1410
1409
1407
1404
1400
1395
1392
1389
1386
1384
1382
1381
1378
1377
1376
1375
1374
1371
1370
1373
1372
1126
1125
1124
1123
1122
1121
1120
1119
1118
1117
1116
1115
1114
1113
1112
1111
1110
1109
1108
1107
1369
1368
1367
1106
1105
1104
1103
1102
1366
1365
1364
1101
1100
1099
1098
1097
1096
1095
1094
1093
1092
1091
1359
1090
1089
1088
1087
1086
1358
1357
1085
1084
1083
1082
1081
1080
1079
73790
73783
73776
73769
73762
73755
73748
73741
73742
73749
73756
73763
73770
73777
73784
73791
73792
73994
73993
73785
73778
73992
73991
73771
73764
73990
73989
73757
73750
73988
73987
73743
73736
73735
73734
73733
73732
73716
73717
73699
73698
73697
73715
73731
73730
73714
73713
73729
73728
73727
73726
73710
73692
73691
73674
73675
73676
73693
73711
73712
73694
73677
73678
73695
73696
73679
73680
73681
73682
73666
73660
73654
73683
73700
73718
73719
73701
73684
73667
73661
73655
73649
73644
73638
73632
73626
73625
73631
73637
73643
73648
73623
73624
73607
73601
73594
68700
73578
68698
73561
73560
73577
73593
73576
73575
73574
73573
73589
73590
73591
73592
73622
73621
73620
73619
73618
73617
73616
73615
73614
73606
73600
73585
73586
73587
73588
73572
73571
73570
73569
73559
73542
73543
73544
73545
73546
73547
73548
73549
73550
73551
73552
73553
73562
68699
68701
73595
73579
73563
73554
73555
73974
73975
73564
73580
73596
73976
73603
73602
73608
73609
73977
73978
73979
73980
73981
73982
73983
73984
73985
73986
73702
73720
67877
67878
67896
67895
62743
67913
62744
67920
62745
67927
62746
67934
62747
67941
62748
67948
62749
67955
62750
67962
67963
67956
67957
67964
67965
67958
67951
67950
67949
67942
67943
67944
67937
67936
67935
67928
67929
67930
67923
67916
67922
67921
67914
67915
67897
67879
67861
67860
67859
67853
67847
62742
67840
67841
67833
62741
63032
67820
62740
67813
62739
67806
62738
67790
67791
67773
63029
67782
67792
67807
67814
67821
67827
67828
67835
67834
67843
67849
67842
67848
63035
67854
67855
67862
67880
67898
67899
67881
67863
67864
67865
67866
67867
67885
67884
67883
67882
67900
67901
67902
67903
67904
67905
67888
67906
67907
67908
67917
67924
67931
67938
67945
67952
67959
67966
67967
67968
68191
68190
68189
68188
67947
67954
67961
67960
67953
67946
67939
67940
68187
68186
67933
67932
67925
67918
67919
67926
68185
68184
67912
67911
67910
67909
67891
67892
67873
67874
67875
67893
67894
67876
68183
67858
67857
67851
67852
68182
68181
68180
68179
68178
68177
63031
67789
67788
63030
67805
67812
67819
67826
67832
67839
67846
67845
63034
67838
67837
67844
67850
67856
67872
67890
67889
67871
67870
67869
67887
67886
67868
63033
67836
67829
67823
67816
67822
67815
67808
67793
67783
67775
67774
63028
67757
63027
67756
62737
67739
62736
67722
67723
63026
67740
67724
67716
63023
67700
67701
67684
67676
67685
67702
67718
67717
67725
67726
67742
67741
67758
67759
67760
67776
67784
67794
67809
67795
67796
67797
67798
67799
67800
67801
67802
67810
67817
67824
67830
67831
67825
67818
67811
67804
67803
67785
67777
67778
67786
67787
67779
67780
67781
68176
68175
67772
67771
67754
67753
67770
67769
67752
67751
67768
67767
67766
67765
67764
67763
67762
67761
67744
67743
67727
67728
67729
67745
67746
67730
67731
67747
67748
67732
67733
67749
67750
67734
67735
67719
67711
67694
67677
67669
67668
67651
67652
67635
67634
67600
67599
67598
67597
67614
67613
67596
67595
67612
67629
67630
67631
67648
67649
67691
67692
67693
67710
67709
67708
67707
67690
67689
67706
67705
67688
67687
67704
67703
67686
63022
67661
67660
67659
67642
67641
67624
67625
67643
67644
67627
67626
67609
67608
67607
67606
67623
67640
67657
67658
67675
67674
67683
67682
67699
67715
67698
67681
67673
67656
67639
67622
67605
67588
67579
67580
67589
67590
67581
67591
67592
67582
67565
67564
67563
67562
67553
67554
67555
67556
67538
67539
67523
67516
67495
67496
67497
67481
67480
67479
67478
67494
67509
67508
63011
67515
67522
67521
67537
67536
67520
67514
67507
62735
67491
67475
67457
67458
67476
67492
67493
67477
67459
67460
67452
67461
67462
67463
67464
67465
67466
67467
67468
67469
67487
67503
67502
67486
67485
67484
67501
67500
67499
67483
67482
67498
67527
67526
67525
67524
67540
67541
63015
67542
67543
67544
67528
67529
67545
67546
67530
67531
67532
67533
67517
67510
67504
67505
63012
67511
67506
67489
63008
67472
67471
67488
67470
67453
67454
67437
67438
67439
67440
67432
67422
67407
67406
67395
67396
67379
67378
67363
67362
67361
67377
67376
62999
67393
67394
67405
67420
67421
67431
67430
67429
67419
67404
67403
67375
67360
67359
62998
67392
67391
67390
67389
67388
67372
67373
67374
67358
67346
67335
67324
67313
67301
67289
67277
67264
67252
67240
67228
67214
67215
67216
67199
62983
67200
67201
67184
67168
67167
67151
67152
67136
67137
67138
67139
68151
67154
67153
67169
67170
67187
62984
67203
67186
67185
67202
67219
67220
67221
62986
62988
62990
68152
67271
67270
67258
67246
67234
67233
67245
67257
67269
67281
67293
67292
67291
67279
67280
67268
67256
67244
67232
67218
67217
67231
67243
67230
67229
67241
67242
67254
67255
67267
67266
67253
67265
62991
67278
67290
67302
67303
67315
67314
67325
67336
67347
67348
67349
67337
67326
67327
67338
67339
67350
67351
67340
67329
67328
67316
67304
67305
67317
67318
67306
67294
67282
67283
67295
68153
68154
67307
62993
68155
62996
68156
67352
67364
68157
68158
67380
67397
68159
68160
67408
67423
68161
67433
67441
67449
63007
67474
57109
61942
61950
61968
61969
61970
61985
61984
61983
61989
62006
57110
62023
62024
62007
61990
61991
61992
62008
62025
57385
62031
62049
62048
62047
62046
62030
62029
62045
62062
62078
62081
57111
62084
57112
62088
57113
62092
57114
62096
62100
62101
62118
62119
62136
62153
62152
57115
62151
62156
57116
62160
57117
62165
62166
62170
57118
62190
57119
62194
57120
62198
57121
62202
57122
62209
57123
62213
57124
62217
57125
62220
62223
62241
62242
62260
62259
57126
62277
57127
62280
57128
62283
57129
62286
57130
62289
57131
62292
57132
62295
57133
62298
62299
62296
62293
62290
62287
62284
62281
62278
62261
62262
62244
62263
62264
62265
62246
62228
62245
62227
62226
62225
62243
62224
62221
62218
62214
62210
62206
57392
62203
62199
62195
62191
62187
57391
62171
62172
62173
62174
62175
62176
62177
62178
62179
62180
62181
62182
62183
62184
62162
62167
62185
62188
62192
62196
62200
62201
62197
62193
62189
62186
62168
62163
62164
62522
62523
62169
62524
62525
62526
62527
62528
62529
62530
62531
62532
62533
62216
62212
62208
62205
62204
62207
62211
57393
62215
62219
62222
62240
62239
62238
62256
62255
62237
62236
62254
62253
62235
62234
62233
62232
62231
62230
62229
62247
62248
62266
62267
62249
62250
62268
62269
62251
62252
62270
62271
62272
62273
62274
62257
62258
62276
62275
62279
62282
62285
62288
62291
62294
62297
62300
62541
62540
62539
62538
62537
62536
62535
62534
56551
56567
56585
51560
56600
51561
56612
51562
56624
51563
56636
56637
51564
56648
51565
56660
51566
56672
51567
56684
56685
56686
56687
56688
56689
56677
56676
56675
56674
56673
56661
56649
56650
56662
56663
56651
56652
56664
56665
56653
56641
56640
56628
56629
56617
56605
56590
56589
56604
56616
56615
56627
56639
56638
56626
56625
56613
56601
56586
56587
56602
56614
56603
56588
56570
56569
56568
56552
56541
56540
56530
51559
56520
51558
56509
51557
56510
56499
51853
56489
56488
51556
56477
51555
56466
51554
56455
56456
56457
56458
56469
56480
56468
56467
56478
56479
56490
56491
56501
56512
56500
56511
56522
56521
56531
56523
56533
56543
56532
56542
56553
56554
56555
56571
56572
56573
56591
56592
56593
56594
56576
56560
56559
56575
56574
56558
56557
56556
56544
51855
56534
56524
56513
56502
56492
56481
56470
56459
51852
56448
56432
56433
56434
56435
56418
56417
56416
56399
56400
56401
56402
56419
56436
56437
56449
56460
56471
56482
56493
56503
56514
56525
56535
56545
56561
56577
56606
56618
56607
56619
56631
56643
56630
56642
56654
56666
56678
56668
56669
56681
56693
56694
56695
56933
56932
56683
56682
56670
56671
56931
56930
56659
56647
56929
56928
56635
56634
56622
56621
56633
56645
56644
56632
56620
56608
56609
56610
56598
51859
56582
56581
56597
56596
56595
51858
56578
56562
56563
56579
56580
56564
56546
51856
56536
56526
56515
56516
56527
56537
56538
56528
56517
56506
56505
56504
56494
56483
56472
56461
56450
56439
51850
56440
56441
56442
56453
56454
56918
56919
56465
56464
56475
56476
56920
56921
56487
56486
56497
56498
56922
56923
56508
56519
56924
46559
51006
46560
51012
46561
51028
46562
51033
51038
51044
51062
46563
51078
46564
51083
46565
51088
46566
51093
46567
51098
46568
51103
46569
51108
46570
51113
51114
51109
51104
51099
51094
51089
51084
51079
51064
51065
51047
51046
51063
51045
51039
51040
51034
51035
51030
51029
51013
51007
51001
46860
50995
46558
50989
46557
50983
46556
50967
50968
50969
50970
50985
50991
50992
50986
50971
50972
50973
50974
50975
50976
50977
50978
50979
50980
50963
50956
46856
50947
50938
50939
50930
50940
50948
50949
50958
50957
50964
46858
50981
50987
50993
50999
51004
51010
51026
51027
51011
51365
51364
51005
51000
51363
51362
50994
50988
51361
50982
46859
50965
50966
51360
50959
51359
50951
50950
50941
50942
51358
51357
50933
50932
50931
50922
50913
50912
50921
50929
50920
50911
50902
50903
50904
50895
50886
50878
50879
50887
50896
50897
50905
50914
50923
50924
51356
51355
50915
50906
51354
51353
50888
51352
46854
50870
51351
50853
46852
50845
51350
51349
50837
50836
50844
50852
50843
50835
50834
50842
50851
50859
46853
50867
50868
50860
50861
50869
50877
50885
50894
50893
50884
50876
50858
50857
50865
50866
50875
50874
50882
50883
50892
50901
50910
50900
50909
50918
50919
50928
50937
50946
50936
50935
50944
50945
50954
50955
50962
50961
50960
50953
46857
50952
46555
50943
46554
50934
46553
50925
46552
50916
46551
50907
46550
50898
46549
50889
46548
50880
50871
46547
50862
46546
50854
46545
50846
46544
50838
50830
46543
50814
50808
50791
46542
50775
46541
50768
50759
50743
50727
50718
46540
50719
50702
50695
50701
46539
50694
46538
50678
50679
50680
50681
50696
50703
50720
50721
50722
46838
50731
50732
50733
50734
50750
50749
50748
46841
50747
50746
46840
50730
50729
50728
46839
50744
50745
50771
50777
50776
50770
50769
46845
46846
50792
46847
50809
46849
50815
50816
46850
50810
50793
50794
50778
50779
50780
50781
50797
50798
50782
50783
50784
50785
50786
50787
50803
50802
50801
50800
50799
50821
50822
50823
50824
50825
50826
50827
50828
50812
50811
50804
50805
50806
46848
50829
50813
50807
50790
50774
50767
50758
50742
50741
50757
46842
50756
50755
50765
50766
50773
50789
50788
50772
46844
50764
50754
50753
50752
50751
50735
50736
50737
50738
50739
50723
46837
50713
50712
50711
50710
50709
50708
50707
50706
50705
50704
46836
50697
50682
50674
50666
46832
46831
50633
50632
50649
50631
50614
50630
50648
50647
50664
50665
50673
50672
50671
46537
50663
50646
46536
50629
50613
50597
46535
46829
50598
50615
50616
50617
50634
50618
50600
50601
50602
50603
50619
50620
50637
50638
50639
50623
50622
50621
50604
50605
50606
50607
50624
50640
50641
50625
50608
50609
50610
50611
46830
50627
50644
50660
50668
50669
50677
50676
50675
50667
50659
50643
50626
50642
50658
50657
50656
50655
50654
50653
50652
50636
50635
50651
50650
50683
50684
50685
50686
50687
50688
50689
50690
50691
50692
50693
50699
50698
50714
50715
50724
50740
50725
50726
50717
50716
50700
46835
51348
46834
46833
50670
51347
50662
50661
50645
51346
51345
46828
50591
50628
50612
50596
50590
50589
50595
50588
50587
50586
50585
50584
50583
50582
50581
50580
50579
50578
50594
50599
50593
50576
50577
46826
50559
50553
50558
50552
50546
50547
50530
50531
50532
50533
50534
50535
50536
50537
50538
50539
50540
50541
50525
50519
50520
50514
50513
50496
50497
50491
50492
50498
50515
50521
50527
50526
46825
50542
50543
50549
50548
50554
50555
50560
50566
50572
50573
50574
51344
51343
50568
50567
50561
50562
51342
51341
50556
50550
51340
51339
50544
50528
51338
51337
50522
50516
46824
50493
50475
50469
46822
50470
51336
50464
50463
50446
50447
51335
51334
50440
50434
51333
51332
50427
50426
50433
50439
50438
50432
50425
50419
50418
50411
50394
50395
50388
50387
46816
50378
50369
50334
50318
50317
50316
50302
50301
50286
50285
50284
50283
50267
50268
50269
50270
50271
50287
50288
50303
50304
50319
50335
50336
50320
50322
50307
50308
50323
50339
50356
51329
50382
50373
50372
50371
50370
50379
50380
50381
50389
50390
51330
50397
50396
50412
50413
50420
51331
40953
45288
40954
45298
45299
45289
41285
45290
45280
45271
45261
45251
45234
45250
45260
45270
41284
45279
45269
40952
45259
40951
45249
40950
45232
40949
45233
45222
41282
45206
45205
40948
45195
45185
45169
40947
45157
40946
45140
40945
45128
40944
45111
40943
45096
40942
45080
45097
45081
45082
45072
45083
45084
45073
41269
45064
45063
45047
45046
41268
45034
45035
45036
45037
45048
45049
45050
45065
45051
45052
45053
45054
45089
45090
45104
45103
45102
45120
45119
45118
45117
45100
45101
45088
45087
45086
45074
45085
41272
45099
45116
45133
45115
45114
45098
45113
41273
45112
45129
45141
45130
45142
45160
45172
45159
45158
45170
45171
45187
45186
45196
45197
45207
45223
45224
41283
45225
45235
45236
45252
45262
45272
45281
45291
45300
41286
45326
45317
45301
45302
45292
45282
45273
45263
45253
45237
45226
45210
45209
45208
41281
45198
41279
45188
41277
45173
45161
45143
41274
45131
45132
45144
45145
45146
45147
45148
45149
45150
45164
45180
45179
45190
45200
45215
45214
45213
45178
45177
45176
45175
45163
45162
41276
45174
45189
45199
45211
45212
45238
45239
45240
45241
45242
45244
45245
45228
45220
45221
45204
45194
45193
45203
45202
45192
45191
45201
41280
41278
45181
45182
45166
45167
45183
45184
45168
45156
45155
45138
45139
46334
45127
45126
45125
45124
45123
45135
45136
45137
45154
45153
45165
41275
45152
45151
45134
45121
45122
45105
45106
45091
41271
45075
45066
45055
45056
45057
45058
45067
41270
45076
45092
45107
45108
45109
45110
45095
45094
45093
45077
45068
45059
45069
45078
45079
45070
46333
45061
45060
45043
45042
45041
45040
45028
45005
45031
45044
45032
45017
46332
39478
35560
39462
35559
39447
39438
39439
39448
39463
39479
35843
39449
39450
39440
35840
39423
39422
39421
39420
39404
39405
39406
39407
39389
35838
39378
39379
39380
39381
39365
39364
39363
39351
39350
39362
39377
39388
39387
35558
39376
35557
39361
39349
35556
39338
39339
39323
39322
39305
39306
39297
39287
39296
39286
35555
39275
35554
39259
39248
39236
35553
39224
35552
39209
39210
39211
39225
39226
39212
39200
39189
39188
39199
39198
35551
39187
35550
39177
35549
39167
39168
39178
39179
39180
39181
39191
39190
39201
39202
39213
39214
39215
39228
39240
39217
39216
39203
39192
39182
39172
39163
39148
39149
39150
39151
39152
39164
39173
39183
39193
39204
39218
39219
39229
39241
39253
39269
39268
39267
39266
39252
39265
39279
39264
39251
39239
39227
39238
39237
35825
39249
39261
39262
39250
39263
39278
39260
39276
39277
39288
39289
39298
39307
39324
39325
39308
39309
39290
35830
39299
39310
39311
39312
39313
39330
39329
39328
39327
39342
39341
39326
35834
39340
39352
39353
39354
39366
39367
39368
39369
39370
39371
39372
39355
39356
39344
39343
39333
39334
35835
39345
39357
35836
39373
39384
39400
39401
39402
39418
35839
39434
39417
39399
39383
39382
39396
39395
39394
39393
39411
39410
39409
39392
39391
39390
39408
39424
39441
39442
39425
39426
39427
39428
39412
39413
39429
39455
39456
39471
39470
39469
39454
39453
39468
39467
39452
39451
39466
39481
39494
39493
39465
39464
39480
39492
39509
39526
39525
39524
39507
39508
39491
39490
39489
39506
39523
35561
39539
39549
35562
39566
35563
39576
35564
39586
35565
39597
39608
39609
39610
39598
39587
39577
39567
39550
39540
39551
39552
39568
39578
39588
39599
39600
39589
39579
39569
39554
39555
39556
39557
39558
39559
39560
39570
39571
39572
39573
39563
39546
39536
35846
39520
35847
39547
35848
39564
39565
39574
39584
35849
39583
39582
39591
39581
39580
39590
39617
39616
39633
39634
39635
39618
39619
39636
39646
39647
39637
39620
39601
39602
39603
39592
39593
39604
39622
39621
39638
39639
39649
39648
39665
39666
39678
39679
39651
39641
39624
39594
39585
39575
40793
40792
39548
40791
39538
39537
39521
35845
39522
40790
39505
35844
40789
40788
39488
39487
39475
39486
39504
39503
39519
39502
39501
39518
39535
39544
39545
39562
39561
39543
39534
39517
39516
39533
39532
39531
39530
39513
39512
39529
39528
39542
39553
39541
39527
39510
39511
39495
39496
39497
39514
39515
39498
39499
39500
39482
39483
39484
39485
39474
39473
39472
39457
39443
39431
39430
39414
39415
39397
39398
39416
39432
39433
39444
35842
39458
39459
39460
39476
39477
39461
39446
39445
35841
39435
39436
39437
39419
40787
39403
40786
39386
39385
39374
39375
39360
40785
39348
39347
39359
35837
39358
39346
39336
39335
35832
39319
39318
39317
39316
39315
39332
39331
39314
39300
39301
39292
39291
39280
39281
39270
35828
39271
39255
39254
39242
39230
39231
39243
39232
39233
39221
39206
39207
39196
39185
35822
39195
39194
39205
39220
35824
35823
39184
39174
39165
39156
39157
39142
39134
39133
39132
39141
39155
39154
39153
39140
39129
39128
39127
39126
39110
39109
39125
39139
39124
39108
39107
39096
39088
39080
39071
39062
39054
39045
39036
39021
35813
39020
35812
39009
39010
39000
39001
39011
39022
39023
39037
39046
39055
39063
39072
39081
39089
39097
39111
39112
39113
39098
39090
39082
39073
39064
39056
39047
39038
39026
39025
39024
39012
39002
38989
38988
38972
38971
38987
38986
38999
38998
39008
35811
39019
39018
35539
39034
35540
39043
35541
39052
35814
39035
39044
39053
39061
39070
39079
39087
39095
39105
39106
39122
39123
39138
39147
35821
39171
39162
39146
39145
39137
35819
39144
39161
39170
39169
39160
39159
35548
39143
35547
39136
35546
39118
39119
39120
39121
39104
39103
39102
39094
35545
39086
35544
39078
35543
39069
35542
46322
44558
44574
44592
44591
44573
44557
44556
44572
44571
44590
44609
44610
46323
44618
44627
44637
46324
44649
44666
44682
44681
44665
44664
44647
44648
44636
44626
44635
44625
41236
44616
44617
44608
44607
44589
44588
44587
44569
44570
44555
44548
44549
44533
44524
44525
44534
44550
44551
44535
46321
44526
46320
46319
46318
44500
46317
46316
44491
44490
44499
44508
44509
44518
44517
44516
44507
44498
44489
44480
44481
44482
46315
44474
44457
46314
44447
44437
44436
44435
44434
44445
44446
44456
44473
44472
44455
44471
44454
44444
41228
44433
44432
44431
44418
44406
44390
44407
44391
44374
44375
44392
44408
44409
44393
44394
44410
41224
44419
44411
44395
44376
44352
44345
44346
44353
44361
44360
44377
44378
44379
44396
44380
44397
44413
44412
44420
44421
38919
35536
38935
38952
35537
38968
38983
35538
38997
38984
38985
38953
38954
38969
38970
38955
38956
38957
38939
38924
38912
35803
38925
38942
38960
38959
38941
38940
38958
35807
38973
38974
35808
38975
38961
38962
38963
38976
35809
38990
39003
39013
39027
39028
39029
39039
39048
39057
39065
39074
39083
39091
39115
39114
39130
39131
39116
39099
39100
39092
39084
39075
39066
39067
39059
39058
39049
39040
39031
39030
39014
39004
35810
38992
38991
38977
38978
38993
38979
38980
38981
38982
38996
38995
38994
39005
39015
39016
39006
39007
40771
39017
40772
39042
39033
39032
39041
39050
39051
40773
40774
39060
39068
40775
40776
39077
39076
35815
39085
40777
39093
35816
39101
35818
35817
39117
39135
40778
39158
35820
39166
39175
39176
40779
39186
40780
39197
39208
39223
39222
39234
39246
39235
40781
40782
39247
39258
40783
39274
39273
35827
39257
35826
39245
39244
39256
39272
39282
35829
39283
39284
39285
39295
39304
39303
39294
39293
35831
39302
39320
39321
39337
35833
40784
33994
30435
34010
30436
34019
34028
34038
34039
34040
30688
34049
34048
34064
30437
34080
34065
34066
34067
34084
34083
34094
34095
34096
34097
34098
34116
34117
34099
34100
34101
34118
34134
34133
34132
34131
34115
34114
34130
34147
30693
34146
34145
34156
34166
34182
34181
34165
34155
34144
34127
34128
34129
34113
34112
34111
34093
34082
34081
34092
34110
34126
34091
34109
34125
30438
34142
34143
34153
34163
34154
34164
34180
34179
34189
30439
34198
34207
34215
30440
34225
34234
34243
34252
34260
34267
30441
34275
30442
34284
30443
34292
34293
34310
30710
34325
34326
30711
34332
34338
34351
30446
34344
30445
34337
30444
34331
34309
39723
39722
39733
39734
39745
39744
39743
39732
39721
39720
39719
39708
39698
39697
39707
39718
39729
39740
39741
39730
39731
39742
39754
39753
39752
39751
39761
39762
39773
39772
39787
39786
39785
39784
39783
39798
39797
35856
39807
35857
39808
39809
35858
39810
39811
39812
39813
39840
39858
39857
39839
39838
39837
39856
39855
39854
39836
35861
39835
35860
39825
39824
39823
39834
39851
39850
39868
39879
39896
39906
39895
39878
39867
39849
39833
39822
39806
39796
39779
39768
35575
39767
35576
39778
35577
39795
39805
39821
39832
39848
35578
39866
35579
39877
35580
39894
35581
39904
39905
39915
39914
35582
39930
39931
39932
39916
39917
35865
39933
35866
39949
39934
39935
39936
39937
39938
39939
39922
39921
39920
39919
39918
35864
39907
39897
39880
35863
39869
39870
39852
39853
39881
39882
39883
39884
39885
39886
39887
39888
39889
39900
39899
39898
39908
39909
39925
39924
39923
39940
39941
39950
39958
35869
39959
39960
39961
39952
39945
39953
39962
40810
39979
39978
39977
39976
35871
39986
40003
40004
39987
39988
39989
40006
40005
40021
40022
34555
34571
34570
34580
34581
34591
34590
34600
34601
34592
34602
34603
34593
34583
34582
34572
34573
34556
30728
34548
34533
34532
34531
34547
34546
34530
34523
34524
34509
34510
34511
34512
34513
34514
34515
34539
34538
34537
34536
34535
34534
30729
34557
34558
34559
34560
34561
34562
34549
34540
34525
34526
30724
34516
34517
34501
34500
30723
34493
34485
34484
34483
34467
34466
34465
34482
34481
34464
34480
30722
34479
34478
34461
34444
34445
34462
34463
34446
34447
34448
34449
34450
34451
34468
34469
34470
30721
34486
34471
34453
34452
34435
34436
34454
30719
34437
30718
34429
34430
34438
34439
35378
34431
34415
34399
34391
35377
35376
35375
34377
34376
34383
34384
34390
34398
34414
30717
34397
34396
34389
34382
34375
34368
34361
34355
34348
34341
34335
34329
34321
34305
34290
34304
34320
34319
34328
34334
34340
34347
34354
34360
34367
34374
34381
34388
30716
34395
34413
34412
34428
34427
34411
34410
34426
34425
34409
34408
34424
34423
34422
34407
34406
34405
34421
34420
34419
34418
34434
34443
34442
34433
34432
30450
34416
34400
34401
34417
34402
34403
34404
30715
34387
34380
34373
34372
34379
30714
34386
34394
34393
34392
34385
34378
30449
34371
30448
34364
30447
30713
34358
34365
34366
34359
34353
34352
34345
34346
34339
34333
34327
34312
34311
34294
34286
34285
34276
34277
34268
30705
34261
30703
34253
30701
34244
30700
34235
30699
34226
34216
34217
34208
30697
34200
34199
34190
34191
30696
34192
34183
30695
34167
34157
30694
34168
34169
34170
34171
34172
34173
34158
34148
34137
34136
34135
34119
34120
34121
34102
34075
34074
34073
34072
34071
34085
34070
34069
34068
34050
30689
34041
30687
34031
34030
34029
34020
34011
33996
33979
33978
33977
33970
30434
33963
30433
33955
33956
33957
33950
33949
30432
33942
33925
33926
33943
30680
33927
33928
33929
33930
30683
33966
33959
33951
33944
33934
33933
33932
33931
33920
33912
33899
33900
33901
33902
33903
33904
33887
33888
33906
33905
33913
33914
33922
33939
33938
33921
33935
33936
33937
33945
33952
33960
33961
33968
33967
33974
33975
33991
33992
33993
33976
33969
33962
33954
33953
33946
33947
30681
33941
33940
33923
33924
33916
35345
35344
35343
33891
33890
33908
33915
33907
33889
33881
33880
33872
33854
33838
33839
33855
33873
33882
30679
35342
33856
33840
33823
33822
33821
33803
33786
33777
33778
33787
33804
33805
35341
35340
33788
33779
35339
35338
33754
33770
33769
33768
33767
33776
33785
30675
33802
33820
33819
33818
33801
33784
33775
33800
33817
33834
33835
33851
33852
33836
33837
33853
33871
33870
33879
33869
33868
33850
33833
33849
33867
33866
33865
33864
33863
33878
33886
33898
33897
33896
33895
33894
33893
33910
33911
33919
33918
33917
30431
33909
30430
33892
33883
30429
33874
33857
33842
33841
33824
30428
33806
30676
33807
33790
33789
33780
30427
33771
30426
33755
30425
33745
30424
30673
33736
33727
33717
33726
30423
33716
30422
33706
30421
33696
30420
33697
33707
33708
33718
33728
33729
33719
33709
33699
33698
33688
33689
33680
33670
33660
33659
33669
33679
33668
33678
33687
30672
33677
30419
33667
30418
33657
30417
33641
30416
33632
30415
33623
30414
33607
33608
33590
30413
33573
30412
33556
33539
33540
33523
33522
33505
33506
33490
33507
33508
33491
33492
33509
33526
33525
33524
33541
33542
33559
33575
30667
33558
33557
33574
30668
33591
33609
33610
33624
33633
33642
33658
30671
33634
33625
33626
33635
33643
33644
33661
33671
33681
33690
33700
33710
33720
33730
33739
33749
33759
33758
30674
33748
33738
33737
33746
33747
33757
33756
33772
33773
33782
33781
33791
33808
33825
33843
33859
33858
33875
33884
33885
33876
33877
33860
33861
30678
33862
33845
33844
30677
33827
33826
33809
33792
33793
33794
33811
33810
33828
33829
33846
33830
33831
33847
33848
33832
33815
33816
33799
33798
33797
33814
33813
33812
33796
33795
33783
33774
33760
33761
33762
33763
33764
33765
33766
33750
33740
33731
33721
33711
33701
33702
33703
33713
33712
33722
33732
33741
33751
33752
33753
33743
33744
35337
35336
33735
33734
33742
33733
33723
33724
33725
35335
35334
33715
33714
33704
33705
35333
35332
35331
33686
33695
33694
33685
33675
33676
35330
35329
33666
33665
33655
33656
33640
30670
33631
35328
35327
33622
33606
33589
33588
33605
33621
30669
33604
33603
33586
33587
33571
33554
33553
33570
33569
33585
33602
33601
33619
33620
33628
33637
33638
33629
33630
33639
33654
33664
33674
33684
33693
33692
33691
33682
33683
33673
33672
33662
33663
33653
33652
33651
33650
33649
33648
33647
33646
33645
33636
33627
33613
33614
33596
33595
33594
33612
33611
33593
33592
33576
33560
33543
33544
33527
33528
33545
33562
33561
33577
33578
33579
33563
33564
33547
33546
33529
33512
33495
33478
33477
33494
33511
33510
33493
33476
33475
33465
33464
33474
33473
33448
33449
33440
30659
33424
33415
33397
33380
33396
33414
33423
33422
33438
33439
33447
33446
33463
33472
33489
33488
33471
33462
30411
33445
33437
33421
33413
33395
33412
33394
33377
33359
33360
33378
33379
33361
33362
33351
30655
33350
33349
33333
33334
33335
33319
33318
33317
33316
33304
33305
33306
33297
33296
33288
33287
30410
33295
40757
38642
38653
40758
38664
38663
38652
38641
35786
38630
38629
38640
38651
38650
38662
38679
38678
38677
38661
38660
38649
38638
38639
38627
38617
38628
38618
38619
38609
38610
38620
38621
38631
38632
40756
40755
38622
38612
38611
38596
38595
35780
35779
38587
38597
38588
38580
38572
38571
38579
35778
35777
38563
38564
40754
38556
38546
38530
40753
40752
40751
40750
40749
38478
38460
38459
35773
38442
38441
35772
38458
38475
38474
38492
38499
38493
35774
38476
38477
38494
38500
38506
38505
38522
38523
38529
38545
38555
38554
38553
38543
38544
38528
38521
38520
38519
38518
38517
38516
38515
38514
38513
38512
38504
38498
38497
38496
38482
38481
38480
35517
38495
35518
38501
38507
35519
38524
35520
38531
35521
38547
35522
38557
35523
38565
35524
38573
35525
38581
35526
38589
38598
38599
38590
38582
38574
38566
38558
38548
38532
35775
38508
38509
38510
38502
38503
38511
38525
38526
38527
38536
38537
38538
38539
38540
38541
38542
35776
38552
38562
38570
38578
38586
38594
38608
38607
38606
38605
38604
38603
38602
38601
38593
35782
38592
38584
38585
38577
38576
38568
38569
38561
38551
38535
38534
38533
38549
38550
38560
38559
38567
38575
38583
38591
35781
38600
35783
38615
38616
35784
38626
38637
38636
38648
38647
38658
38659
35787
38670
38671
38672
38673
38674
38675
38676
38687
38704
38714
38715
35790
38730
38731
38716
38705
38688
38689
38706
38707
35789
38717
38708
38690
38680
38681
40759
38691
38709
38718
38733
38732
38742
38743
40760
40761
38753
38752
38762
38761
38751
38741
38740
38739
38749
38759
38750
38760
38771
38779
38772
38763
40762
40763
38773
38781
38780
38797
38796
38814
38831
38848
38866
35798
38849
35797
38832
35796
38815
35795
38798
40764
40765
40766
40767
40768
40769
35799
38883
38894
38893
38905
38906
40770
38918
38934
38951
38967
35806
38950
38933
38932
38931
38948
38949
38966
38965
38964
35805
38947
38930
38915
38916
38917
38904
38903
38891
38892
38882
38865
38864
38881
38890
38902
38914
38929
38946
38945
38944
38943
38926
38927
38928
38913
38901
35802
38889
35801
38878
38879
38880
38863
38862
38845
38846
38847
38830
38813
38795
35794
38778
38770
38769
35793
38794
38793
38810
38811
38812
38829
38828
38827
38826
38809
38792
38791
38790
38789
38807
38808
38825
38824
38841
38840
38823
38806
38805
38788
38787
38804
38803
38820
38837
38821
38822
38839
38838
38855
38856
38857
38858
38859
38842
38843
38844
38861
38860
38877
38876
38875
38874
38873
38872
35800
38888
38900
38899
38898
38887
38886
38885
38896
38897
38909
38921
38922
38910
38911
38923
38938
38937
38936
35804
38920
38908
38907
35535
38895
35534
38884
38868
38869
38870
38871
38854
38853
38852
38835
38836
38819
38802
38785
38784
38801
38818
38817
38834
38851
38867
38850
38833
38816
38799
38800
38783
38782
38774
38764
38754
35533
38744
35532
38765
38755
38745
38735
38736
38746
38756
38767
38766
35792
38775
38776
38786
38777
38768
35791
38758
38748
38757
38747
38737
38738
38724
38725
38726
38727
38728
38729
38703
38702
38701
38700
38699
38698
38697
38713
38723
38722
38712
38695
38696
38686
38669
38668
38667
38685
38694
35788
38711
38721
38720
38734
35531
38719
38710
38692
38693
38684
38683
38682
35530
38665
35529
38654
35528
38643
35527
38633
38634
38644
38655
38666
38656
38657
38646
38645
38635
35785
38625
38624
38614
38613
38623
46299
44161
44151
46298
46297
44141
44131
46296
46295
44114
44097
46294
46293
44080
44079
44078
44077
41199
44060
44061
44062
44063
46292
46291
46290
46289
38479
38461
38445
38446
38462
38463
38447
38437
35770
38438
38449
38448
38464
38465
38483
38484
38466
38467
38485
38486
38487
38488
38489
38490
38491
38473
38457
38440
38433
38432
38431
35771
38456
38472
38455
38471
38470
38454
38453
38469
38468
38452
38451
38450
38439
38430
38421
38412
38403
38394
38393
38402
38401
38392
38383
38374
38373
38382
38391
38400
38409
38410
38411
38420
38429
38428
38419
38418
38427
38436
38435
38426
35516
38417
35515
38408
35514
38399
35513
38390
35512
38381
35511
38372
35510
38363
35509
38354
35508
38345
35507
38329
35506
38319
35505
38309
35504
38299
35503
38289
35502
38277
35501
38266
35500
38250
38251
38252
38267
38278
38290
38291
38279
38269
38268
38253
38238
38254
38255
38239
38227
38214
38242
38243
38244
35760
38201
38202
38215
38228
38229
38246
38245
38261
38260
38259
38258
38257
38241
38240
38256
38271
38270
38281
38280
38292
38293
38282
38294
38304
38303
38302
38301
38300
38310
38320
38330
38331
38347
38346
38355
38356
38364
38365
38375
38384
38385
38376
38367
38366
38357
38358
38349
38348
38332
38333
38323
38322
38321
38311
38312
38313
38314
38324
35769
38334
38335
38336
38337
38338
38339
38325
38326
38340
38351
38350
38359
38368
38377
38386
38395
38404
38413
38422
38423
38424
38415
38414
38405
38406
38397
38388
38396
38387
38378
38379
38370
38369
38360
38361
38352
38353
38362
38371
38380
38389
38398
38407
38416
38425
38434
38443
38444
40748
40747
40746
40745
40744
40743
40742
40741
40740
40739
38344
38343
38342
38341
38327
38317
38307
38306
38316
38315
38305
38295
38283
35764
38272
38273
38262
38263
38274
38284
38296
38297
38285
38275
38264
38248
38247
38230
38216
38203
38204
38217
38218
38231
38232
38249
35763
38265
38276
38287
38286
38298
38308
38318
38328
35768
35767
35766
35765
38288
40738
40737
35762
38233
40736
38221
38208
38192
40735
40734
38180
38165
40733
40732
38154
38142
40731
35751
35750
35749
38089
38073
38072
38071
38053
38054
38038
38037
38036
38052
35746
38035
38034
38033
38032
38031
38007
38018
35745
38030
38048
38049
38065
38064
38082
38083
38084
38066
38050
38051
38067
38068
35747
38085
38096
38097
38098
38109
38108
38107
38124
38139
38140
38125
38126
38141
38153
38164
38179
38178
38190
38191
38206
38207
38220
38219
38205
38189
38188
38176
38177
38163
38152
38151
38162
38161
38160
35755
38175
38187
38186
38200
38199
38198
35758
38197
38213
38226
38225
38212
38211
35759
38210
35761
38223
38224
38237
38236
38235
38234
38222
38209
38193
38181
38166
38155
38143
38127
38128
38144
38156
35754
38145
38129
38130
38114
38115
38131
38132
38148
38147
38146
38157
38158
38159
38170
38169
38168
38183
38167
35756
38182
35757
38194
38195
38196
38184
38185
38171
38172
38173
38174
38149
38150
38138
35752
38123
38122
38121
38137
38136
38120
38119
38118
38135
35753
38134
38133
38117
38116
38104
38103
38092
38077
38059
38076
38058
38042
38043
38027
38028
38044
38060
38061
38062
38080
38079
38078
38093
38094
38105
38106
38095
38081
38063
38047
38046
38045
38029
38017
38006
38016
38005
37994
37995
37984
37972
37960
37959
37942
37943
37929
37928
37917
37905
35731
37893
37883
37874
37864
37848
37847
35727
37830
46258
46259
43364
43363
43362
43377
43378
43379
43395
43394
43393
43392
43409
43425
43426
43410
43411
46260
46261
46262
43427
41154
43444
43460
41155
43443
43459
43475
43492
43491
43474
43458
43441
43442
43424
43408
43407
43423
43422
43440
43439
43438
43421
43405
43406
43390
43391
43376
43375
43374
43359
43360
43361
43346
43330
43315
43314
43313
43329
43345
43344
43343
43358
43373
43389
43388
43387
43386
41151
43371
43356
43372
43357
43342
43341
41147
43325
43326
43310
43309
43292
43291
43290
43308
43324
43307
43306
43289
43272
43255
43271
43254
43253
43252
43268
43285
43286
43269
43270
43287
43288
43305
43304
43320
43321
43338
43337
43353
43368
43383
43399
43432
43429
43428
43413
43412
43396
43380
43381
43397
43398
43382
43367
43366
43365
43350
43334
43335
43351
43352
43336
43319
41146
43303
43302
43318
43301
43284
43267
43250
43251
43235
43234
43216
43200
43184
43185
43201
43217
43218
43236
43237
43238
43239
43240
43222
43221
43204
43203
43220
43219
43202
41138
43186
43187
43188
43189
41139
43205
43223
43241
43257
43256
43273
43274
43275
43258
43259
43276
43293
43294
43277
43260
43261
43262
43244
43243
41141
43226
43225
41140
43242
43224
43206
43207
43208
43193
43178
43192
43191
43190
43177
43161
43162
43146
43160
43159
43176
43175
43158
43174
43173
43157
43156
43155
43172
43171
40892
43154
43140
40891
43141
43142
43143
43129
43130
43144
43145
43131
43132
43119
43105
43091
43077
43063
43050
43034
43035
43036
43051
43064
43078
43092
43106
43120
43133
43147
43163
43164
43165
43166
43167
43181
43196
43197
43182
43169
43152
43151
43168
43150
43149
43148
43134
43135
43122
43121
43107
43093
43079
43080
43065
43066
43067
43081
43082
43096
43110
43109
43095
43094
43108
43123
43136
43137
43124
43125
43138
43170
43183
43198
43199
43215
43214
43213
43231
43212
43211
43210
43195
43180
43179
43194
43209
43227
43228
43229
43230
43246
43245
43263
43264
43281
43280
43279
43278
43295
41145
43311
43327
43328
43312
43296
43297
43298
43299
43282
43265
43247
43248
43232
43233
43249
41142
43266
41143
43283
41144
43300
43316
43332
43331
43347
43348
43349
46257
46256
43333
43317
46255
46254
46253
46252
46251
46250
46249
43153
46248
46247
43139
43126
46246
46245
43112
43098
46244
46243
46242
46241
43057
43070
43084
43111
43097
43083
43069
43068
43054
43053
43052
43037
43020
43019
43002
43003
42986
42987
43004
43021
43038
43022
43039
43040
43041
43055
43056
43042
43025
43024
43023
43006
43005
42988
42989
42990
42991
41133
43007
43008
43009
41134
43026
41135
43043
46240
46239
46238
46237
42992
41132
41131
41129
42950
42949
42934
46236
42902
42919
42933
42948
42947
42962
42963
42975
42974
42973
42961
42946
42931
42932
42918
42917
42899
42916
42930
42945
42960
42972
42971
42959
42944
42929
42915
42898
42897
42914
42913
42928
42943
42970
42958
42942
42941
42940
42957
42969
42983
42984
42985
43001
43018
43017
43000
42999
42982
42981
42998
42997
43014
43015
43016
43033
43032
43031
43030
43013
43012
43029
43047
43046
43028
43011
42994
42995
42996
42979
42980
42968
42956
42939
42938
42955
42967
42953
42952
42964
42951
40885
42935
42936
42922
42923
42906
42889
42888
42873
42874
42875
42859
42860
42876
42908
42909
41126
42925
42926
41128
42927
42910
42893
42894
42911
42912
42895
42896
42879
42864
41120
42848
42832
42815
42816
41118
42833
42849
42865
42850
42866
42867
42851
42835
42834
42818
42817
42800
42784
42768
42752
42753
42769
42785
42801
42802
42786
42770
42754
42755
42756
42739
42738
41107
42706
42705
42704
41106
42721
42722
42737
42736
42735
42734
41109
42719
42718
42733
42749
42748
41110
42732
42717
42699
42700
42701
42702
42720
42703
42686
42687
42688
42674
42657
42640
42641
41101
42624
41100
42607
42591
42574
42592
42608
42625
42642
42643
42626
42609
42593
42576
42575
42559
42543
42526
42527
42528
46223
46224
42545
42544
42560
42561
42577
42594
42610
46225
46226
42627
42644
42660
42659
41102
42658
41103
42675
42676
42677
42692
42691
42690
42689
42707
42723
42724
42708
42709
42725
42726
42710
42693
42678
46229
42661
46228
46227
37209
37194
37182
37170
35472
37158
35471
37143
37133
37134
37144
37159
37171
37183
37195
37210
37223
37222
37235
37236
37250
37264
37249
35473
37263
37277
37278
37296
37295
37309
37310
37311
37297
37279
37280
37265
37251
35691
37237
35690
37224
35688
37211
35687
37196
37184
35685
37185
37186
37198
37199
37187
37175
37163
37149
37150
37151
37152
37153
37164
37176
37188
35686
37203
37204
37217
37216
37229
37228
37215
37202
37201
37200
37214
37227
37240
37254
37268
37284
37285
35692
37286
37287
37269
37255
37256
37241
37242
37230
37243
37244
37231
37218
37205
37190
37189
37177
37178
37166
37165
37154
37140
37129
37117
37100
37083
37064
37065
37052
37051
37037
37038
37039
37053
37066
37084
35678
37067
37054
37040
37026
37025
37024
37023
37022
37021
37020
37004
36986
36967
36951
36952
36968
36969
36987
37005
37006
37007
37008
36990
36989
36988
36971
36955
36954
36970
36953
36936
36935
36934
36933
36950
36949
36965
36966
36983
37001
37002
36984
36985
37003
37019
37018
37035
37036
35676
37050
37063
37062
37049
37034
37017
37033
37048
35677
37061
37047
37032
37031
37046
37060
37072
37073
37074
37075
37076
37077
37093
37108
37123
37122
37105
37106
37089
37088
37071
37058
37059
37045
37030
37014
36998
37015
37016
37000
36999
36981
36982
36964
36948
36931
36932
36919
36918
36917
36930
36929
36946
36947
36963
36962
36980
36979
36961
36945
36944
36960
36978
36996
36997
37013
37012
35470
37029
37044
46222
42512
42485
42472
42455
41090
42453
42470
42469
42452
42440
42427
42425
42412
42401
42400
42388
42373
42374
42358
42376
42404
42405
42392
42379
42346
42329
46214
46215
36914
35469
36902
36903
36915
36927
36928
36916
36904
35671
36892
36893
36905
36906
36894
36895
36907
36920
36921
36908
36896
36884
36883
36882
36871
36872
36873
36861
36849
36837
36836
36835
36847
36848
36860
36859
36858
36870
36881
36880
36869
36857
36845
36846
36834
36833
36821
36822
36807
36794
36795
36808
36823
36824
36809
36810
36825
36811
36812
36813
36814
36797
36782
36781
36780
36779
35667
36796
36778
36777
35666
36762
36763
36750
36751
36732
36733
36717
36718
36734
36735
36719
36720
36721
36737
36736
35664
36764
36765
36766
36752
36738
36739
36723
36722
36707
36694
36695
35659
36708
36696
36697
36684
36683
35656
36665
36652
36653
36666
36667
36654
36641
36612
36611
36627
36628
36640
36639
36638
36651
36664
36682
36681
36680
36679
36678
36677
36693
36706
35658
36705
36716
36715
35661
36704
36714
35660
36703
36702
36689
36688
36701
36713
36729
35463
36745
36746
36760
36747
36730
35662
35663
36731
36749
36748
36761
35665
36776
36793
36806
36805
36792
36775
36759
36758
36774
36791
36790
36803
36804
35669
36820
36832
36844
36856
36868
35670
36879
36891
36890
35468
36867
35467
36855
35466
36843
35465
36831
35464
46206
42228
42227
42219
46205
46204
42210
42201
42200
42191
42190
42189
41072
42199
42208
42209
42218
42217
42226
41079
42253
42254
42244
42235
42236
42237
46207
46208
42246
42245
42255
42256
42266
46209
46210
42276
42265
42264
42274
42275
42285
42284
42293
42303
42317
42304
42294
42295
42286
46211
46212
46213
42305
42319
42318
42328
42327
42316
42314
42313
41082
42325
42340
42339
42356
42372
42371
42354
42355
42338
42337
42336
42335
42323
42324
42312
41081
42301
42300
42299
42311
42310
42309
42322
42333
42334
42351
42367
42366
42350
42349
42365
42383
42382
42364
42348
42331
42332
42321
42296
40879
42287
41080
42277
40878
42267
40877
42257
40876
42247
42238
41077
42229
42220
42211
42202
42193
42183
42173
51178
51177
47878
46652
47894
46653
47911
51179
51180
47920
47927
51181
51182
47944
47961
51183
51184
47970
47978
51185
51186
47987
47996
51187
51188
48005
48014
51189
51190
48022
48021
48013
48020
48029
48028
48027
48036
48045
48046
48037
48038
48047
48048
48049
48040
48039
48030
48031
51191
51192
51193
51194
48060
48077
48076
48059
48058
48057
48074
48092
48093
48075
48094
48095
48104
46665
48103
48111
48119
51195
51196
48127
48144
48160
48159
48175
48174
48182
48199
48198
48197
48181
48173
48165
48156
48155
48154
48123
48124
48125
48143
48126
48118
48117
48116
48115
48108
48109
48110
48102
48101
48100
48091
48073
48090
46663
48089
48088
48087
48086
48085
48067
48068
48069
48070
48071
48072
48055
48056
48044
48035
48026
48017
48009
48000
47991
47992
47983
47982
47974
47973
47965
47966
47967
47968
47976
47975
47984
47993
48002
48001
48010
48018
48019
48011
48012
48003
48004
47995
47994
47985
47986
47977
47969
47960
47943
47926
47919
47918
47925
46656
47942
47959
47958
47957
46657
47941
47940
47939
47956
47955
47938
47937
47954
47953
47952
47936
47935
47934
47951
47950
47964
47972
47981
47990
47999
48008
48016
48025
48034
48043
46660
48066
48084
46662
48083
48065
48082
48064
48054
48053
48052
48051
46661
48062
48063
48081
48080
48079
48097
48098
48099
46664
48107
48114
46666
46667
48122
46668
48130
48147
48146
48145
48128
46426
48129
48121
48113
48120
48112
48105
48106
48096
48078
48061
46425
48050
48041
46424
48042
48033
48032
46423
48023
46422
48024
48015
46659
48007
48006
46421
47997
46420
47998
47989
47980
46418
47979
46419
47988
56766
56767
52897
52908
56768
56769
56770
52918
52907
52906
52895
52896
52885
52886
52875
52874
52873
52884
52883
52894
52905
52915
52926
52936
52947
52938
52937
52927
52916
52917
52928
52929
51645
56771
56772
56773
52973
52956
52955
52946
52945
52954
52971
52972
52999
53014
53013
53012
53030
53041
53058
51650
53031
53032
53033
53044
53043
53042
51651
53059
51652
53076
53077
53094
53107
53106
53093
53092
53105
53118
53131
53132
53119
53120
53133
53150
53149
53163
53177
53178
53192
53191
53176
53162
53148
53147
51654
53130
53117
53104
53091
51653
53075
53074
53073
53090
53089
53102
53115
53128
53145
53158
53172
53187
51658
53201
51659
53218
53235
53251
53267
53279
53280
53281
53268
51662
53253
53236
51661
53220
53219
53202
53189
53188
53173
53174
53160
53161
53175
53190
53203
53204
53221
53222
53205
53206
53207
51660
56785
56786
56787
53272
53285
56788
56789
53298
53297
53315
53316
51665
53332
53314
53296
53283
53282
53295
53313
51664
53330
53331
53348
53347
53359
53376
53375
53392
53410
53409
53391
53374
53373
53372
53371
53388
53406
53407
53408
53425
53426
51667
53442
53443
53453
53469
53485
53468
53467
53466
53465
53482
53498
53515
53499
53483
53484
53500
53516
53526
51675
53543
53544
53561
53560
53577
53578
51677
53588
53579
53580
53589
53598
56798
56799
53607
53606
53597
53605
53614
53613
53604
53595
53596
53587
53586
53576
53559
53558
53575
53574
53573
53572
53555
53554
53571
53585
53584
53593
53594
53603
53602
53611
53612
53621
53620
53628
53629
53638
53648
53658
53657
53647
53637
53627
53626
51679
53635
53636
53646
53645
53644
53654
51444
53682
53692
51445
53708
53717
53718
53719
53734
53733
53732
53749
51446
53767
51447
53774
51448
53781
53782
53788
53789
53796
53813
53814
53797
53798
53799
51687
53770
53777
53784
53790
53800
53817
53816
53815
53831
53830
53846
53829
53812
53795
62405
59683
59682
57249
59698
57250
59715
59716
59699
62406
62407
62408
59726
59741
59725
59724
59714
59697
59696
59681
59670
59669
59668
59680
59695
59711
59694
59693
59710
59709
59692
59691
59708
59707
59706
59690
59678
59677
59689
59688
59687
59703
59704
57251
59705
59720
57252
57254
59745
59730
59721
57253
59731
59732
59733
59734
59735
59736
59722
59712
59713
59723
59737
59738
59739
59740
59749
59748
59757
57256
59774
59758
59759
59750
62409
62410
62411
62412
62413
62414
59804
59787
59776
59775
59786
57257
59803
57258
59820
59821
59831
62415
62416
59841
59840
59830
59829
59828
59827
59826
59816
59815
59814
59813
59812
59811
59794
59795
59796
59797
59798
59799
59817
59818
59819
59785
59784
59802
59801
59800
59782
59783
59773
59756
59747
59746
59755
59772
59771
59770
59769
59768
59767
59766
59765
59781
59793
59810
59809
57259
59825
59835
59845
59855
59865
59877
59878
59879
59880
59896
59914
59913
59895
59894
59912
59911
59927
59937
59936
59935
59951
59952
59968
59967
59966
59983
59965
59982
59990
59991
59999
59998
60006
60007
57266
60014
57267
60032
57268
60023
60015
60008
60000
59992
59984
59969
59953
59938
59954
59970
59971
59972
59956
59955
59939
59940
59941
59957
59973
59974
59975
59958
59942
59917
59918
59900
59899
59898
59916
59915
59897
59881
59882
59883
59866
59867
57260
59884
59901
59919
59920
59902
59885
59857
59856
59846
59836
59837
59847
59848
59838
59839
59849
59850
59860
59859
59858
59868
59869
59886
59903
59921
59929
59928
59945
59944
59943
59959
59960
59976
59985
59993
60001
60002
60003
59995
59994
59986
59987
59979
59978
59977
59961
59962
59946
59930
57262
59922
59904
57261
59870
59861
59851
62417
62418
62419
59871
59887
59905
59923
59931
59947
57263
57264
59963
57265
59980
62420
62421
59988
59996
62422
62423
60004
60012
62424
62425
60019
60027
62426
62427
60036
62428
60052
60051
60067
57271
60068
60085
62429
62430
60102
60113
62431
62432
60124
60123
60112
60111
60100
60101
60084
60083
60082
60066
60050
60034
60035
60025
60017
60026
60018
60011
60010
60009
60016
60024
60033
57269
60049
57270
60065
57272
60081
57273
60098
60099
60110
60109
60120
60121
60122
60131
60130
60140
60141
60157
60158
60169
60180
60181
60192
60203
60204
62438
62437
60193
60182
62436
62435
60171
60170
60159
60143
60142
60132
60133
60134
60144
60160
62434
62433
54183
54189
54195
54201
51469
54207
51470
54213
51471
54219
51472
54225
51473
54231
51474
54237
51475
54243
51476
54249
51477
54255
51478
54261
51479
54267
54273
54289
54307
54325
54334
54335
54326
54308
54290
54291
54292
54293
54294
54311
54312
51725
54329
54342
54343
54359
54360
54378
54377
54376
54375
54374
54357
54358
54341
54340
54339
54338
54337
54328
54310
54309
54327
54336
54353
54352
54351
54368
54385
54369
54370
54371
54354
54355
54356
54373
54372
54389
54388
54387
54386
54403
54402
54419
54420
54404
54405
54406
54407
54390
54391
54392
54393
54394
54412
54413
54395
54396
54379
54380
54397
54414
54431
54430
54429
54428
54411
54410
54409
54408
54426
54427
54452
54468
54467
54466
54483
54484
54501
54502
54519
54518
54535
54536
54553
54554
54537
54538
54555
54556
54557
54558
54567
54576
54585
54586
54577
54568
54569
54578
54587
54604
54603
54602
54613
54624
54623
51736
54640
54650
54641
54651
54668
54669
54685
54684
54683
54667
54649
51738
54622
51735
54612
54601
54600
54599
54598
54597
54596
54595
54584
54594
54611
54621
54633
54634
54635
54636
54637
54638
54639
54648
54665
54666
54682
54691
54692
54702
54701
54711
54712
54722
54721
54720
54710
54700
54690
54681
54680
54664
54663
54662
54679
54678
54677
54661
54660
54676
54675
54689
54699
54709
54719
54729
54742
54741
54757
54756
54755
51741
54738
54739
54728
54754
54737
54727
54717
54707
54697
54687
54671
54644
54643
54627
54628
54645
54646
54656
54657
54673
54674
54658
54659
54647
51737
54632
54631
54630
54629
54619
54620
54610
54593
51734
54592
54609
54608
54591
54590
54607
54618
54617
54616
51485
54606
51484
54589
51483
54580
51482
54571
51481
54562
54563
54564
54573
54572
54581
54582
54583
54574
54565
54547
54546
54545
54528
54529
54530
54548
54549
54532
54531
54514
54513
54512
54511
54494
54477
54461
54445
54446
54462
54478
54495
54496
54479
54480
54497
54515
54516
54533
54550
51733
54575
54566
54552
54551
54534
54517
54500
54499
54498
54481
54482
54465
54449
54450
54451
54441
54425
54424
54423
54440
54448
54464
54463
54447
54439
54422
54421
54438
54437
51480
54436
62450
62449
62448
60392
60409
60426
57284
57285
60434
60442
60457
60466
60465
60474
60492
60509
57287
60493
60475
60476
60467
60458
62451
62452
62453
62454
62455
62456
57288
57289
57290
62457
60568
57292
60551
57291
60544
60537
60530
60523
60516
60508
60491
60473
60464
60456
60455
60441
60433
60423
60406
60389
60388
60371
60387
60370
60353
60354
60355
60372
60373
60390
60407
60424
60425
57283
60408
57282
60391
57281
60374
57280
60357
57279
60341
60358
60375
62447
62446
60342
60325
62445
60316
60298
60315
60324
60323
60314
60313
60295
60296
60297
60279
60280
60270
62444
60259
62443
62442
60248
60237
62441
62440
62439
60215
60226
60225
60214
60213
60212
60201
60190
60202
60191
60179
60168
60167
60156
60155
60178
60189
60200
60211
60222
60233
60244
60245
60255
60256
60257
60246
60234
60223
60224
60235
60236
60247
60258
60269
60268
60278
57278
60267
60266
60277
60294
60293
60292
60291
60309
60310
60311
60312
60322
60339
60340
60356
60338
60337
60336
60352
60369
60368
60367
60384
60401
60402
60385
60386
60403
60404
60405
60422
60421
60420
60419
60418
60417
60400
60383
60366
60349
60350
60351
60335
60334
60308
60290
60254
60243
60253
60242
60231
60232
60221
60210
60209
60198
60199
60188
60187
60176
60165
60177
60166
60149
57276
60139
60138
60137
60147
60148
60164
60175
60186
60185
60174
60163
60162
60173
60184
60195
60206
60217
60218
60219
60208
60207
60196
60197
60220
60230
60229
60228
60239
60250
60251
60240
60241
60252
60263
60262
60273
60283
60284
60274
60275
60264
60265
57277
60276
60287
60288
60289
60307
60306
60305
60304
60286
60285
60303
60302
60320
60319
60301
60300
60318
60317
57045
60299
60281
60282
60272
60261
60271
60260
57044
60249
57043
60238
57042
60227
57041
60216
57040
60205
57039
60194
57038
60183
57037
60172
57036
60161
57035
60145
60146
60136
60135
60125
60126
60115
60116
60105
60106
60117
57274
60127
60128
60129
57275
60150
60151
60152
60153
60154
60097
60080
60063
60064
60048
60047
60046
60045
60044
60060
60061
60062
60078
60079
60096
60095
60094
60077
60076
60093
60092
60091
60108
60119
60118
60107
60090
60072
60089
60088
60087
60104
57033
60103
57034
60114
68083
68082
68081
60086
60069
60053
60037
60038
60054
60070
60071
60055
60056
60057
60073
60074
60075
60059
60058
60043
60042
60041
60040
60039
60030
60031
60022
60021
60029
60028
60020
60013
60005
57032
59997
57031
59989
57030
59981
57029
59964
59948
59932
59924
57028
59906
59888
59872
59873
59889
59907
59925
59933
59949
59950
59934
59926
59908
59909
59910
59892
59893
59876
59875
59891
59890
59874
59864
59854
59844
59834
59824
59823
59833
59843
59853
59863
59862
57027
59852
57026
59842
57025
59832
57024
59822
59805
59806
59807
59808
59792
59764
59754
57255
59753
59752
59761
59778
59779
59762
59763
59780
59791
59790
59789
59788
59777
57023
59760
59751
59742
59727
59717
59700
59684
59673
57022
59656
59657
59674
59685
59701
59718
59728
59743
59744
59729
59719
59702
59686
59675
59676
59659
59658
59647
59646
59645
59635
59636
59620
59603
59619
59602
59584
59585
59569
59568
59551
59538
57021
59537
59550
59567
59583
59601
59618
59634
68053
68054
68055
65060
65059
65068
65069
68056
65078
65077
62864
65050
65051
65035
65026
65013
65025
65024
65023
65034
65049
65058
65067
65076
65085
65086
65087
65088
68057
68058
65098
65115
68059
68060
65124
65123
65114
62867
65097
65096
65095
65113
65122
65131
65147
65146
62870
65165
65155
65156
65166
65167
65157
65148
62868
65132
65133
68061
68062
65149
68063
65158
65168
65178
65179
68064
68065
65190
65189
65188
65177
65176
65187
62871
65204
65205
65213
65214
65215
65206
65207
68066
68067
65216
68068
68069
65242
68070
65251
65269
65285
65284
65283
65301
65310
65320
65319
65318
65328
65338
65348
65365
65364
65363
65362
65361
65360
65359
65357
65356
65346
65345
65336
65326
65335
65334
65344
65354
65355
65373
65372
65371
65381
65391
65382
65383
65393
65392
65402
65418
65427
65428
65419
65403
65404
65406
65407
65408
65409
65410
65411
65412
65447
65464
65448
65449
65431
65421
65413
65414
65396
65395
65385
65386
65387
65397
65415
62876
65398
65388
65378
65369
65368
65377
65376
65375
65366
65367
65349
65350
65340
65339
65329
65330
65331
65321
65311
65302
65303
65312
65322
68071
68072
65332
68073
65342
65341
65351
65352
68074
68075
68076
65379
65389
68077
68078
65399
62877
68079
68080
65434
65424
65423
65422
65432
65433
65450
65451
65468
65485
65484
65467
65466
65465
65482
62879
65508
65507
65506
65505
65504
65503
65502
62880
65491
65474
65473
65490
65501
65518
65519
65530
65529
65528
65527
65516
65517
65500
65499
65498
65515
65514
65497
62670
65496
62671
65513
62672
65524
65525
65526
65537
65536
65535
62673
65552
62674
65562
65563
65553
65554
65564
65565
65575
65574
65573
62675
65572
62676
65582
62677
65592
62678
65602
62679
65612
62680
65622
62681
65632
62682
65633
65623
65634
65644
65643
65642
65652
65653
65654
65670
65671
65672
65690
65691
65692
65674
65658
65659
65660
65676
65677
65661
65662
65663
65664
65680
65681
65699
65698
65716
65732
65715
65697
65679
65678
65696
65695
65713
65714
65730
65731
65748
65749
65733
65717
65700
65682
65683
65701
62882
65718
65719
65702
65684
65685
65703
62883
60326
60327
60328
60345
60361
60362
60363
60347
60346
60329
60330
60331
60321
60332
60333
60348
60365
60364
60380
60397
60414
60398
60381
60382
60399
60416
60415
60431
60432
60440
60439
60447
60446
57286
60438
60430
60413
60396
60379
60378
60377
60360
60344
60343
60359
60376
60393
60394
60395
60412
60411
60428
60429
60437
60445
60461
60444
60436
60410
57046
60427
57047
60435
57048
60443
57049
60459
60460
57050
60468
60477
60494
57051
60510
57052
60517
57053
60524
57054
60531
57055
60538
57056
60545
60552
60569
60570
60553
60554
60547
60546
60539
60540
60533
60532
60525
60526
60519
60518
60511
60512
60496
60495
60478
60469
60470
60479
60480
60497
60498
60481
60482
60471
60462
60463
60448
60449
60450
60451
60452
60453
60454
60488
60487
60486
60485
60484
60472
60483
60500
60499
60513
60520
60521
60514
60501
60502
60503
60504
60505
60506
60489
60490
60507
60515
60522
60529
60536
60543
60550
60565
60566
60567
60584
60600
60599
60583
60582
60581
57293
60598
60610
60620
60630
60646
60645
60660
60659
57299
60672
60673
60661
60662
60663
60674
60684
60685
60686
60675
60676
60664
60648
60647
57295
57294
60631
60621
60611
60601
60585
60586
60602
60612
62458
62459
60622
60632
57296
60665
60687
62460
60699
60714
57303
60713
60742
60743
60759
60776
60793
60792
60775
60758
57307
60741
60730
60712
60698
60697
60711
60729
60728
60739
60740
60757
60756
60755
57306
60738
60727
60709
60710
60696
60695
60683
57301
60694
60708
60726
57305
60725
60724
60707
60706
60705
60723
60722
60737
60751
60766
60783
60784
60799
60800
60801
60786
60769
60768
60785
60767
60752
60753
60754
60770
60771
60772
60789
60773
60774
60791
60790
60805
60804
60817
60816
60830
60831
60832
60833
60818
60806
60807
60808
57311
60834
60849
60865
60848
60847
60864
60863
57313
60846
60829
60815
60803
60788
60787
60802
60814
60828
60845
60827
60826
60843
60844
60862
60861
60860
60842
60825
60824
60841
60859
60858
60840
60839
60838
60821
60820
60811
60796
60779
57309
60762
60763
60747
60746
60733
60732
60745
60761
60778
60795
60810
57312
60836
60837
60854
60869
60868
60879
60878
60888
60898
60908
60889
60899
60909
60910
60900
60890
60880
60870
60855
60856
60857
60871
60881
60891
60901
60911
60921
60931
60941
60951
60961
60971
60981
60980
60970
60960
60959
60949
60950
60940
60930
60929
60920
60919
60918
60928
60939
60938
60948
60958
60969
60979
60998
60999
61024
61032
61061
61060
61070
61071
61088
61089
61106
61105
61087
61086
61085
61069
57080
61059
57079
61043
57078
61029
61044
61030
61031
61023
57318
61014
61013
60997
60996
61012
61022
61021
61011
60995
60977
60978
60968
60967
57077
60957
57076
60947
57075
60937
57074
60927
57073
60917
57072
60907
57071
60897
57070
60887
57069
60877
57068
60867
57067
60852
60853
60835
60819
57066
60809
57065
60794
57064
60777
57063
60760
57062
60744
60731
60715
60700
60688
57061
60677
60666
60667
60650
60649
57060
60633
60623
57059
60624
60625
60634
60635
60636
57297
60652
60637
60626
60616
60606
60607
60617
60627
60639
60638
60653
60670
60681
60680
60691
60690
60669
60651
60668
60679
60678
60689
60701
60716
60702
60717
60718
60719
57304
60734
60748
57308
60780
60781
60797
60812
60822
60823
60813
60798
57310
60782
60765
60764
60749
60750
60736
60735
60720
60721
60703
57302
60692
60704
60693
60682
60671
57298
60654
60655
57300
60658
60657
60656
60640
60641
60642
60643
60644
60628
60629
60619
60618
60609
60608
60597
60579
60580
60564
60563
60562
60561
60578
60596
60595
60577
60560
60559
60558
60549
60542
60535
60528
60527
60534
60541
60548
60557
60556
60555
60571
60572
60573
60574
60575
60576
60594
60593
60592
60591
60590
60589
60605
60615
60614
60613
57058
60603
57057
60604
60588
60587
65997
66013
66012
66011
66027
66028
66029
66045
66056
66055
66044
62911
66043
62909
66026
66010
65995
65994
65993
62904
65976
65975
65974
65973
65991
65992
66006
66005
66004
65990
65972
65971
65970
65959
65958
65957
65956
62903
65967
65985
65999
62906
65984
65983
65982
65998
66015
66014
66030
66046
66057
66047
66031
62912
66058
66070
66069
66068
66079
66080
66081
66093
66092
66091
66103
66104
66117
66116
66132
66133
66146
66145
66158
66172
62690
66188
62691
66197
66198
66189
66173
66159
66160
66174
66190
66199
62930
66207
66216
66217
66208
66200
66191
66176
66163
66162
66175
66161
66148
66147
66134
66135
66119
66118
66105
66106
66094
66082
66071
66059
66060
66049
66048
62910
66033
66032
66016
66017
66018
66000
65986
65968
65969
65987
65988
65989
66003
66002
66001
66019
66020
66021
66022
66023
66039
66040
66051
66038
66037
66036
66035
66034
66050
66061
62914
66072
62916
66083
62917
66095
62919
66107
62920
66120
62922
66136
62924
66149
66150
66137
62921
66121
66122
66123
66108
66096
66084
66085
66074
66073
66062
66063
66052
66053
66041
62908
66024
62907
66007
66008
66009
66025
66042
66054
66065
66064
66075
66076
66087
66099
66098
66086
66097
66109
66125
66124
66138
66151
62928
66168
62926
66152
62925
66139
66140
66126
66110
66111
66127
66128
66112
66113
66143
66144
66131
66115
68105
66102
66090
68104
66078
66067
66066
62913
62915
66077
66089
66088
62918
66100
66130
66114
66101
66129
62923
66142
66141
66153
66169
66170
66154
66155
66156
66157
62927
66171
66187
68106
62929
62931
62932
66222
66213
66205
66196
66186
66185
66184
66183
66194
66195
66204
66203
66211
66212
66220
66221
62933
66230
66231
66232
66248
68107
68108
66257
66247
66256
66255
66264
66273
66274
66265
66266
62936
68109
68110
68111
68112
68113
68114
68115
68116
68117
68118
66346
66337
66328
66319
66310
66301
66292
66283
66282
66291
66300
66309
66318
66327
66336
66345
66354
66355
66364
66382
66396
66412
68119
66438
62940
66437
66447
66458
66459
66475
66491
66503
62950
66502
66490
66474
66473
66457
66446
66456
66455
66445
66435
66434
66433
66432
66431
66430
66429
66428
66465
66481
62946
62944
66453
66444
66443
62941
66452
62943
66464
62945
66480
62947
66496
66497
66509
66508
66507
66523
66522
66521
66506
66495
66479
66463
66451
66442
66425
66426
66427
66418
66417
66402
66388
66370
66360
66351
66342
66333
66324
66315
66306
66297
66288
66279
66270
66261
66252
66238
66239
66240
66241
66253
66262
66271
66280
66289
66298
66307
66316
66325
66334
66343
66352
66361
66376
66377
66378
66379
66393
66392
66391
66390
62938
66375
66374
62937
66373
66372
66371
66389
62939
66403
66404
66405
66406
66407
66408
66419
66409
66420
66436
66421
66411
66410
66394
66395
66381
66380
66363
66362
66353
66344
66335
66326
66317
66308
66299
66290
66281
66272
66263
66254
66246
66229
66245
66244
66243
66242
66228
66219
66210
66202
66193
66180
66181
66182
66167
66166
66165
66164
66179
66178
66177
66192
66201
66209
66218
66227
66237
66236
66226
66225
62934
66235
66251
66260
62935
66269
66277
66278
66287
66286
66285
66294
66303
66312
66321
66322
66313
66304
66295
66296
66305
66314
66323
66332
66341
66340
66331
66330
66339
66348
66349
66350
66369
66387
66401
66400
66399
66386
66385
66384
66383
66365
66366
66367
66368
66359
66358
66357
66356
62706
66347
62705
66338
62704
66329
62703
66320
62702
66311
62701
66302
62700
66293
62699
66284
62698
66276
66268
66259
66250
66234
66224
66215
66206
62692
66214
62693
66223
62694
66233
62695
66249
62696
66258
66267
62697
66275
73906
73905
73904
68619
68618
68617
72221
68616
72208
72209
72192
73903
72178
72177
72191
72190
72207
72220
72232
72231
72230
72229
72240
72241
72252
72253
72242
72243
72254
72265
72264
72275
72276
73907
73908
73909
73910
73911
73912
73913
73914
72391
72409
72408
72390
72389
72407
72406
72405
72387
72404
72403
72421
72422
72433
72420
72402
72401
72419
72418
72400
72399
72417
72416
72445
72444
72443
72432
72415
72397
72398
72382
72381
72369
72370
72359
72348
72337
72326
72315
72304
72305
72316
72327
72338
72349
72360
72371
68620
72383
72384
72385
72386
72372
72373
72361
72350
72339
72340
72351
72362
72363
72374
72388
72375
72364
72352
72353
72342
72341
72330
72329
72328
72317
72318
72319
72331
72320
72309
72298
72287
72286
72285
72296
72297
72308
72307
72306
72295
72284
72273
72274
72263
72262
72251
72272
72283
72294
72293
72282
72271
72260
72261
72250
72249
72259
72270
72269
72258
72257
72246
72247
72248
72237
72236
72235
72224
72225
72212
72213
72214
72226
72227
72238
72239
72228
72216
72215
72199
72198
72197
72196
72195
68615
72181
72167
72168
72182
72183
72169
72184
72170
72156
72157
72144
68611
72127
72128
72145
72158
72172
72171
72185
72186
72200
72201
72202
72203
72217
72204
72205
72218
72219
72206
72189
72176
72175
72162
72161
72174
72188
72187
72173
68614
72159
72160
72148
72147
72146
72131
72130
72129
72114
72113
72126
72112
72097
72098
72099
72084
72083
72082
72065
72066
72050
68609
72035
72036
72019
72018
72017
72034
72016
72000
72001
72002
72003
72020
72021
72004
71986
71985
71968
71950
71951
71952
71969
71970
71971
71953
71938
71937
68604
71920
71906
71891
71890
68603
71935
71936
68605
71966
71967
71984
71983
71982
71999
71998
72015
72031
72047
72048
72032
72033
72049
72064
72081
72096
72095
72094
72109
72123
72124
72110
72111
72125
72143
72142
72155
72154
68612
72141
72140
68610
72108
72107
72122
72139
72138
72121
68330
72106
68329
72091
68328
72092
72093
72078
72079
72080
72063
72062
72061
72046
72045
72060
72077
72076
68327
72059
72044
72028
68326
72011
71994
71978
68325
71960
71945
71929
71914
71930
71915
71916
71931
71932
71947
71946
71963
71962
71961
68606
71979
71996
71995
72012
72029
72030
72013
72014
71997
71980
71981
71964
71965
71949
71948
71933
71934
71919
71918
71917
71902
71886
71887
71903
71904
71905
71889
71888
71872
71858
71859
71873
71874
71875
71876
71877
68600
71892
71907
71921
71908
71893
71878
71861
71860
71846
71833
71834
71847
71848
71862
71879
71894
71895
71911
71925
71924
71910
71909
71922
71923
71939
71954
71972
71973
71955
71940
71941
71942
71943
71958
71957
71956
71974
71975
71991
71990
71989
71988
71987
72005
72022
72023
72038
72037
72051
72067
72068
72069
72070
72052
72053
72071
72085
72086
72087
72102
72101
72100
72115
72116
72132
72117
72133
72149
72134
72118
72103
72088
72089
72090
72105
72104
72119
72120
72136
72135
72150
72163
72164
72151
68613
73902
72137
73901
73900
73899
73898
73897
72058
72057
72075
72074
72056
72055
72073
72072
72054
72040
72039
72024
72006
68607
72007
72008
71992
72009
72026
68608
72025
72041
72042
72043
73896
73895
72027
72010
73894
71993
71977
71976
71959
71944
73893
71928
71927
71926
71912
68602
71913
71898
68601
68599
71882
71866
73892
71852
73891
73890
71839
71826
71825
71809
71808
71807
71822
71823
71824
71838
71837
71850
71851
71865
71881
71897
71896
71880
68598
71864
71863
71849
71836
71835
71821
71820
71819
71818
71804
71805
71806
71792
71791
71790
71776
71762
71763
71777
71778
71764
71765
71766
71780
71779
71793
71794
71795
71781
71767
71753
68591
71754
71769
73887
73888
71783
71768
71782
68594
71796
71810
73889
65851
62686
65838
65822
65823
65805
62685
65793
65777
65778
65794
62888
65806
65807
65825
65824
62890
65839
65853
65867
65884
65868
65869
65885
65898
65897
65896
65883
65882
65866
65852
65865
65881
65894
65910
65895
65911
65912
65913
65928
65927
65926
65925
62687
65937
62688
65954
62689
65965
65966
65955
65938
65939
65940
65941
65942
65929
62899
65930
62901
65943
65944
65945
65946
65947
65948
65960
65977
65978
65979
62905
65996
65980
65981
65964
65963
65952
65953
65936
65924
65923
62898
65909
65892
65893
68103
62894
65864
65850
65849
65836
65837
65821
65804
68102
68101
65792
65791
65790
62886
65774
65775
65776
68100
68099
65764
65752
68098
68097
65736
65735
62884
65734
62885
65750
65751
65763
65762
65761
65760
65772
65773
65789
65800
65801
65802
65803
65820
65819
65818
65817
65816
65832
65833
65834
65835
65848
65863
65880
65879
65862
65878
65890
65891
65908
65922
65907
62897
65921
65932
65933
65934
65935
65951
65962
62902
65950
65961
65949
65931
62900
65920
65919
65918
65917
65902
65901
65900
65916
65915
65914
65899
65886
65870
65871
65872
62895
65873
65874
65903
65904
65905
65906
65888
65889
65877
62893
65860
65861
65847
65846
65845
62891
62892
65859
65876
65887
62896
65875
65858
65844
65831
65813
65814
62889
65815
65799
65788
65787
65786
65785
65784
65783
65782
65811
65812
65830
65829
65828
65843
65842
65857
65856
65855
65854
65840
65841
65826
65808
65827
65809
65810
65798
65797
65796
65795
62887
65779
65780
65781
65770
65758
65771
65759
65744
65727
65726
65743
65742
65725
65724
65741
65740
65756
65757
65769
65768
65767
65766
65765
62684
65753
62683
65737
65720
65704
65705
65686
65668
65669
65687
65688
65689
65706
65721
65738
65754
65755
65739
65722
65723
65707
65708
65709
65710
65711
65728
65745
65746
65747
65729
65712
65694
65693
65675
65673
65657
65656
65655
65645
65635
65626
65636
65646
65647
65648
65638
65637
65627
65628
65618
65608
65598
65607
65617
65616
65606
65605
65615
65625
65624
65614
65613
65603
65593
65604
65595
65594
65583
65584
65585
65586
65596
65597
65587
65588
65578
65577
65576
65566
65556
65555
65538
65539
65540
65557
65567
65568
65558
65541
65542
65543
65544
65545
65546
65547
65548
65549
65559
65550
65531
65520
65509
65510
65521
65532
65533
65551
65561
65560
65570
65571
65581
65580
65569
65579
65589
65599
65600
65590
65591
65601
65611
65621
65620
65610
65609
65619
65629
65639
65630
65631
65641
65640
65649
62881
65665
65650
65651
65666
65667
68096
68095
68094
68093
68092
68091
68090
68089
68088
68087
68086
65534
68085
68084
65523
65522
65511
65512
65495
65494
65493
65492
65483
65481
65480
65463
65446
65445
65444
65443
65442
65441
65458
65459
65460
65461
65462
65479
65478
65477
65476
65475
65457
65440
65439
65429
65430
65420
62878
65405
65394
65384
65374
65358
65347
65337
65327
65317
65308
65291
65292
65293
65275
65259
65260
65261
65262
65263
65279
65278
65277
65276
65294
65295
65296
65297
65298
65280
65264
65265
65281
65299
62875
65309
65300
65282
65266
65267
65268
65250
65249
65248
65239
65240
65241
65233
65232
65231
65230
65229
65228
65227
65226
65225
65224
65223
65222
65238
62873
65237
65246
65247
65257
65258
65274
65273
62874
65256
65255
65290
65316
65315
65325
65324
65314
65305
65306
65307
65289
65288
65272
65254
65245
65236
65219
65210
65193
65192
65209
65218
65217
65234
62659
65243
65244
65253
65252
65270
65271
65287
65286
62660
65304
62661
65313
62662
65323
62663
65333
62664
65343
65353
62665
65370
62666
65380
62667
65390
65400
65401
65417
65416
62668
65425
65426
65436
65453
65454
65437
65438
65456
65455
65472
65489
65488
65471
65470
65487
65486
62669
65469
65452
65435
73870
71315
68574
71332
73871
73872
71348
71364
71378
68578
71363
71331
71347
71362
71361
71360
71375
71376
71377
71391
71392
71393
71409
71424
73873
73874
71439
71454
73875
73876
71469
71484
73877
73878
71499
71514
73879
73880
71529
71528
71527
71542
71557
71572
71573
71558
71543
71559
71544
73881
73882
73883
71574
71590
71608
71624
73884
73885
73886
71675
71691
68586
71674
71673
71655
71656
71657
71658
71641
71640
71639
71638
71637
71654
71671
71672
71690
71706
71707
71708
71725
68589
71724
71723
71739
71738
71737
71752
71751
71750
71736
71720
71721
71722
71705
71689
71688
71704
71703
71702
71719
71735
71749
71748
68590
71734
71718
71717
71716
71699
71700
71701
71685
68585
71686
71687
71670
71653
71636
71635
71634
71633
71650
71651
71652
71669
71668
71667
71666
71684
71665
71683
71698
68587
71682
71664
71663
71662
71645
71646
71629
71628
71627
71644
71661
71678
71694
71710
71728
71729
71742
71757
71741
71727
68588
71693
71677
71660
68584
71643
71626
71611
71593
71576
71577
71578
71594
71612
71613
71595
71596
71614
71630
71647
71648
71649
71632
71631
71615
68582
71598
71597
71581
71580
71579
71562
71561
71546
71531
71516
71501
71486
71471
71456
71441
71442
71457
71472
71473
71474
71489
71488
71487
71502
71503
71518
71517
71532
71547
71548
71563
71564
71549
71534
71533
71519
71504
71490
71475
71460
71461
71476
71462
71477
71492
71507
71506
71491
71505
71520
71521
71536
71535
71550
71551
71552
71567
71566
71565
68581
71582
71600
71599
68583
71616
71617
71601
71583
71602
71618
71619
71603
71604
71620
71621
71605
71606
71622
71623
71607
71589
71588
71587
71586
71585
71584
71568
71553
71554
71555
71569
71570
71571
71556
71541
71526
71511
71496
71482
71497
71512
71513
71498
71483
71468
71467
71466
71481
71480
71495
71510
71524
71525
71540
71539
71538
71537
71522
71523
71508
71509
71494
71493
71478
71479
71464
71463
71448
71447
71446
71445
71430
71415
71431
71432
71417
71416
71401
71400
71385
71386
71402
71403
71418
71419
71420
71435
71434
71433
71449
71450
71465
71451
71436
71437
71452
71453
71438
71423
71408
71407
71422
71421
71406
71390
71389
71405
71404
71388
71387
71373
71374
71359
71358
71357
71356
71372
71371
71370
71384
71383
71399
71398
71397
71414
71429
71444
71459
71458
71443
71428
71413
71396
71395
68580
71412
71427
71426
71411
71425
68306
71410
68305
71394
71379
71365
71349
71333
71334
71317
71316
71300
71284
71267
71251
71252
71253
71238
71239
71254
71270
71269
71268
71285
71286
71287
71288
71303
71320
71336
71319
71302
71301
71318
71335
68576
71350
71366
68577
68579
71380
71381
71382
71368
71369
71353
71354
71355
71341
71340
71323
71339
71338
71352
71367
71351
71337
71321
71322
71305
71304
71289
71290
71291
71306
71307
71324
71325
71308
71309
71326
68575
71342
71343
71327
71344
71345
71346
71330
71312
71313
71314
71298
71299
71283
73869
73868
71266
71250
71235
71234
71233
71248
71249
71265
71264
71263
71262
71279
71280
71281
71282
71297
71296
71295
71311
71329
71328
71310
68573
71294
71293
71292
68572
71276
71277
71278
68571
71261
68570
71245
68569
71229
71230
71214
71213
71199
71198
68566
71212
71228
71244
71260
71259
71275
71274
71258
68568
71243
71227
68567
71211
68565
71196
71210
71225
71226
71242
71241
71256
71257
71273
71272
71271
71255
71240
71224
71223
71222
71207
71193
71208
71209
71195
71194
71178
71179
71163
71162
71161
71177
71176
71192
71206
71221
71237
71236
71220
71205
71191
71175
71159
71160
71145
71144
71131
71117
68304
71099
71100
71082
71083
71084
71085
71086
71104
71105
71087
71071
71054
71070
71069
71053
71052
71035
71036
71037
71038
71055
71056
71072
71088
71089
71073
71074
71090
71108
71109
71091
71092
71058
71075
68553
71076
71059
71060
71077
71093
71107
71106
71124
68556
71137
68558
71150
68559
71151
68561
71167
68562
71184
71185
71200
71232
71247
71246
71231
71215
71201
71186
71170
71155
71156
71157
71173
71203
71188
71172
71171
71187
71202
71216
71217
71218
71219
71204
68564
71189
71190
71174
71158
68557
71143
71130
68555
71115
71116
71098
71097
71096
71095
71094
71112
71111
71110
71125
71126
71127
71128
71113
71114
71129
71142
71141
71140
71139
71138
71153
71154
71169
71168
71152
68560
71166
71183
71197
68563
71182
71181
71180
71164
71165
71149
71148
71147
71146
71133
71132
71118
71101
71119
71120
71134
71135
71136
71123
71122
71121
71103
71102
71068
71067
71051
71050
71066
71081
71065
71049
71032
71015
71016
71033
71034
71018
71019
71003
71002
71001
71017
71000
70999
70982
70983
70984
70985
70986
70971
70970
70956
70955
70969
70968
70967
70953
70954
70940
70939
70925
70926
70927
70941
70942
70928
70929
70943
70944
70945
70959
70958
70957
70972
70987
71004
71020
71021
71005
70988
70973
70989
70990
68548
71006
68550
71022
68551
71039
71040
68552
71057
71041
71042
71043
71044
71027
71010
71009
71026
71025
71024
71023
71007
70991
70992
68549
71008
70993
70994
70995
70978
70977
70962
70963
70964
70950
70936
70937
70951
70965
70980
70979
70996
71011
71028
71029
71012
70997
71013
71030
71047
71046
71045
71061
71078
71079
71062
71063
68554
71080
71064
71048
73867
73866
71031
71014
70998
68547
73865
70981
70966
68544
68542
70952
70938
73864
73863
70910
70924
70923
70922
70909
68539
70895
70878
70894
70893
70908
70921
70935
70949
70948
70934
70920
70919
70933
70947
70961
70976
70975
68546
70974
68545
70960
68543
70946
68541
70932
70918
70905
70906
70907
70892
70877
70876
70861
70846
70845
70860
70875
70891
70890
70889
70888
70887
70904
70917
70931
70930
68540
70916
70903
70886
70872
70857
70841
70856
70855
70840
70839
70838
70853
70854
70869
70870
70871
68538
70885
70902
70915
70914
70901
70884
70883
70882
70899
70900
70913
70912
70911
68303
70898
68302
70881
68301
70866
68300
70867
70868
70852
70851
68299
70836
68298
70821
68297
70807
70837
70822
70808
70792
70791
70777
70760
68296
70742
70743
68534
70761
70779
70778
70793
70794
70795
70811
70810
70809
70823
70824
70825
70826
70812
70796
70782
70781
70780
70762
70763
70746
70728
70727
70745
70744
70726
70725
70724
70708
70694
68295
70680
68294
70666
68293
70652
68292
70653
70654
70668
70667
70681
70695
70696
68532
70709
70710
70697
70698
70711
70712
70729
70747
70764
70765
70748
70730
70713
70700
70701
70714
70731
70749
70766
68535
70783
68536
70813
70827
70842
70843
70858
70873
70874
70859
70844
70828
70829
70814
68537
70797
70798
70799
70785
70786
70801
70800
70815
70830
70831
70816
70817
70818
70833
70832
70847
70862
70863
70848
70819
70834
70849
70864
70879
70896
70897
70880
73862
70865
73861
73860
70850
70835
73859
73858
70820
70806
70805
70789
70804
70803
70802
70787
70788
70773
70756
70738
70720
70719
70704
70703
70702
70717
70735
70753
70754
70736
70718
70737
70755
70772
70771
70770
70769
70752
70751
70768
70784
70767
70750
70732
70733
70734
70716
70715
68533
70687
70686
70685
70699
70684
70670
70683
70682
70669
70655
70656
70657
70671
70672
70673
70659
70658
70644
70645
70632
70631
70630
70643
70642
70641
70640
70639
68531
70626
70625
68291
70611
68290
70597
68289
70598
70581
70582
70567
70551
70536
70537
70538
70552
70568
70583
70569
70584
70601
70615
70614
70600
70599
70612
70613
70627
70628
70629
70616
70617
70618
70604
70587
70588
70589
70590
70558
70559
70560
70543
70542
70529
70528
70527
70526
70525
70524
68528
70556
70557
70572
70571
70586
70603
70602
70585
70570
70554
70553
70539
70521
70508
70507
70506
70519
68527
76087
76070
78976
76059
78975
78974
76048
76037
78973
78972
78971
78970
75997
76009
76026
76025
76036
76035
76046
76057
76047
76058
76069
76068
76067
76084
76085
76086
76103
76104
76121
76131
76120
76102
76101
76100
76083
76066
76056
76055
76044
76045
76034
76033
76022
74346
76005
76006
76023
76024
76007
75995
75994
75993
75981
74343
74341
75958
75957
75940
75926
75925
75924
74336
74337
75951
75952
75953
75954
75955
75956
75969
75980
75991
76003
76032
76043
76054
76065
76080
76081
76082
76099
76116
76117
76118
76119
76130
76141
76152
76140
76129
76128
76139
76150
76151
76163
76164
76165
76153
76142
76143
76132
78977
78978
78979
76154
76166
78980
78981
76178
76190
78982
78983
76202
76201
76213
76214
78984
78985
76226
76225
76238
78986
78987
76250
76262
74353
78989
76301
76317
76335
76353
76352
74356
76364
78990
74358
78991
76400
76411
78992
78993
78994
78995
74359
74360
74361
78996
78997
78998
78999
79000
79001
79002
79003
79004
76598
76609
76597
76608
76607
76625
76624
76606
76595
76596
76581
76571
76561
76551
76542
76532
76531
76541
76550
76560
76570
76580
76579
76594
76578
76568
76569
76559
76558
76548
76549
76540
76539
76529
76530
76520
76519
76509
76510
76511
76521
76522
76512
76502
76501
76491
76492
76482
76472
76471
76481
76480
76490
76500
76499
76489
76479
76469
76470
76459
76442
76441
76424
76425
76409
76426
76444
76443
76460
76461
76462
76445
76428
76427
76410
76399
76389
76379
76363
76351
76350
76349
76331
76332
76333
76334
76316
76300
76299
76315
76314
76298
74355
76297
76296
76295
76313
76312
76328
76329
76330
76348
76347
76360
76361
76362
74357
76378
76388
76398
76397
76408
76407
76396
76387
76386
76377
76376
76374
76373
76372
76371
76370
76384
76394
76405
76404
76393
76383
76382
76392
76403
76415
76414
76413
76402
76391
76381
76367
76366
76365
74111
76380
74112
76390
74113
76401
76412
76429
76430
76431
76448
76432
76416
76417
76418
76434
76433
76450
76449
76465
76466
76451
76467
76477
76487
76486
76476
76475
76485
76495
76496
76497
76507
76517
76516
76506
76505
76515
76525
76535
76545
76536
76526
76527
76537
76546
74363
76566
76576
76587
76588
76589
76590
76591
76604
76620
76637
76619
76618
76636
76635
76617
76616
76615
76603
74365
76586
76585
76584
76574
76575
76565
76556
76555
76544
74362
76543
76534
76524
76514
76504
76494
76484
76474
76464
76447
76446
74114
76463
74115
76473
74116
76483
74117
76493
74118
76503
74119
76513
74120
76523
74121
76533
80967
79543
79542
80950
80941
80940
80949
80948
80957
80964
79545
80956
80947
80938
80939
80932
79541
79540
80916
80900
79538
79537
80892
80884
82759
82758
80876
80869
80868
80867
80875
80883
80882
80874
80866
80865
80850
80849
80848
80847
80846
80845
80844
80858
80859
80860
80861
80862
80863
80864
80873
80881
80890
80889
80897
80898
80891
80899
80915
80914
80931
80930
80913
80912
80929
80928
80911
80910
80927
80926
80925
80909
80908
80907
80924
80923
80906
80905
80922
80937
80921
80904
80896
80895
80887
80888
80880
80872
80879
80871
80855
80856
80857
80843
80842
80834
80818
80819
80820
80821
80822
80823
80824
80825
80826
80827
80835
79534
80851
80852
80836
80828
80829
79533
79535
80837
80830
80813
80812
80811
79531
80802
79530
80792
80793
80803
80794
80795
80804
80805
80796
80779
80762
80778
80761
80745
80744
80737
80730
80723
80724
80731
80738
82757
82756
82755
82754
82753
82752
82751
82750
82749
82748
79526
80659
80652
79522
80651
80658
80657
79525
80674
80675
80682
80689
80696
80703
80710
80717
80716
80709
80702
80695
80688
80681
80680
80687
80694
80701
80708
80715
80722
80729
80736
80743
80758
80759
80760
80777
80776
80775
80774
80791
80790
80773
80757
80756
80755
80754
80771
80772
80789
80788
80787
80786
80769
80770
80753
80752
80751
80750
80767
80768
80785
80784
79529
80766
80749
80748
79528
80765
80783
80782
80781
80764
80747
80740
80741
79527
80742
80734
80733
80726
80719
80712
80713
80720
80727
80735
80728
80721
80714
80707
80700
80693
80686
80679
80678
80677
80661
80662
80663
80664
80665
80666
80667
80668
80669
80670
80671
80672
80673
80656
80649
80648
80630
80615
80614
80629
80647
80646
80628
80613
80612
80627
80626
80645
80644
80643
80625
80611
80610
80609
80624
80642
79523
80641
80640
80622
79521
80606
80607
80623
80608
80599
80591
80583
80582
80566
80548
80565
80564
80581
80589
80590
80598
80597
80596
80588
80580
80563
80562
79251
80579
79252
80587
79253
80595
80603
79254
80619
80620
80604
80605
80621
80638
80639
80655
80654
80637
80636
80653
80660
79255
80676
79256
80683
79257
80690
79258
80697
80698
80691
80684
80685
80692
80699
80706
80705
79259
80704
79260
80711
79261
80718
79262
80725
79263
80732
79264
80739
79265
80746
79266
80763
79267
80780
79268
80797
79269
80806
79270
80814
80815
80807
80798
80799
80808
80809
80800
80801
80810
80817
80816
79532
80833
80841
80840
80854
79536
80878
80886
80894
80902
80901
79274
80893
79273
80885
79272
80877
79271
80870
80853
80838
80839
80832
80831
85753
85754
84453
84458
85755
85756
84463
84467
84466
84462
84457
84452
84451
84456
84461
83311
84484
84485
84486
84505
84524
85757
84527
84530
84529
83315
84526
84523
84504
84503
84522
84521
84520
84501
84502
84483
84482
84481
84500
84519
84518
84517
84498
84499
84480
84479
84478
84497
84516
84515
84496
84477
84476
84495
84514
84513
84494
84475
84474
84473
84472
84471
84450
84455
84460
84465
83312
84469
84470
84489
84490
84491
84492
84493
84512
84511
84510
84509
84508
84507
84488
83313
83314
83318
84542
84543
84544
84545
84546
84547
84548
84549
84550
84551
84552
84553
84554
84555
84556
84557
84562
84563
84564
84558
84539
84538
84535
83317
83316
84532
84533
84536
85758
84540
84559
85759
85760
84569
84568
84567
83320
84572
84573
85761
85762
85763
83321
84588
84583
84578
84577
84582
84587
84592
84596
84600
83322
83323
85764
83324
83325
84604
84608
84612
84616
83326
84635
84639
85765
85766
84643
84642
84646
83328
84638
84634
84633
84632
84631
84630
84629
84628
84627
84626
84625
84624
84623
84622
84621
84620
84619
84615
84611
84607
84603
84599
84595
84591
84590
84594
84598
84602
84606
84610
84614
83327
84618
84637
84641
84645
84649
83330
84653
84658
84657
84663
84669
84674
84678
84682
84686
84689
84690
84687
84683
84679
84675
84670
84664
84650
84654
84655
84651
84647
83329
83331
85767
84661
84660
84659
84665
83332
84671
83333
84676
84680
83334
83335
84684
83336
85769
85770
85771
85772
85773
85774
85775
85776
85777
85778
84734
84738
85779
85780
84742
85781
84746
84765
84784
84783
84764
84763
84782
84781
84762
84761
84780
84799
84800
84801
84802
84803
85782
84806
84809
83340
83341
84812
84815
83342
84818
84819
85783
84838
84837
84836
84856
84857
84876
84875
83346
84894
84895
85784
84914
84913
84918
84919
85785
85786
84924
84923
83348
84928
84932
83349
83350
84936
84940
83351
84939
84935
84931
84927
84922
84917
84912
84893
84911
84910
84892
84872
84873
84874
84855
84854
84835
84834
84853
84852
84833
84798
84797
84796
84795
84794
84793
84792
84791
84790
84771
84751
84752
84753
84772
84773
84754
84755
84774
84775
84776
84756
84757
84758
84777
84778
84779
84759
84760
84730
84729
84728
84727
84726
84725
84724
84723
84722
84721
84720
84719
84718
84717
84716
84715
84714
84711
84708
84705
84702
84699
84696
84693
84692
84695
84698
84701
84704
84707
84710
84713
84732
84736
84733
84737
84740
84741
84745
83337
84749
84768
84750
84769
84770
84789
84788
84787
83339
83338
84744
84748
84767
84786
84805
84808
84811
84814
84817
83343
84821
83344
83345
84859
84840
84841
84860
84861
84842
84822
84823
84843
84824
84825
84826
84845
84846
84827
84828
84829
84830
84831
84832
84851
84850
84869
84889
84890
84870
84871
84891
84909
84908
84907
84906
84888
84905
84904
84886
84887
84867
84868
84849
84848
84847
84866
84865
84864
84844
84863
84862
84882
84883
84884
84885
84903
84902
84901
84900
84899
84898
84881
84880
84879
84878
83347
84897
84916
84921
84926
84930
84934
84938
83352
84942
84943
84944
84945
84946
84947
84948
84949
84950
84951
84952
84953
84954
84955
84956
84957
84961
84965
84969
84973
84977
84978
84974
84970
84966
84962
84958
84959
85787
84963
84967
85788
85789
84971
84975
85790
85791
84979
84997
84996
83354
85001
85005
83356
85004
85000
84995
84994
84993
84992
84991
84990
84989
84988
84987
84986
84985
84984
84983
84982
84981
83353
84999
83355
85003
85008
85007
85013
85019
85014
83357
85020
85021
85022
85023
85024
85025
85026
85027
85046
85045
85044
85043
85042
85041
85040
85039
85038
85037
85056
83123
83122
85018
83121
85012
83120
85006
83119
85002
84998
83118
84980
83117
84976
83116
84972
83115
84968
83114
84964
83113
84960
83112
84941
83111
84937
83110
84933
83109
84929
83108
84925
83107
84920
83106
84915
83105
84896
83104
84877
84858
83103
84839
83102
84820
83101
84816
83100
84813
83099
84810
83098
84807
83097
84804
83096
84785
83095
84766
83094
84747
83093
84743
83092
84739
83091
84735
83090
84731
83089
84712
84709
83088
84706
83087
84703
83086
84700
83085
84697
83084
84694
83083
84691
83082
84688
83081
84685
83080
84681
83079
84677
83078
84673
83077
84668
83076
84662
83075
84656
83074
84652
84648
83073
84644
83072
84640
83071
84636
83070
84617
83069
84613
83068
84609
83067
84605
83066
84601
83065
84597
83064
84593
83063
84589
83062
84584
83061
84579
83060
84574
83059
84570
84571
84575
84580
84585
84586
84581
84576
83319
84566
84561
84565
83058
84560
83057
84541
83056
84537
83055
84534
83054
84531
83053
84528
83052
84525
83051
84506
83050
84487
83049
84468
83048
84464
83047
84459
83046
84454
83045
84449
83044
84430
84426
83043
84427
84431
84432
84433
84434
84435
84436
84437
84438
84439
84440
84441
84442
84443
84444
84445
84446
84447
83309
83308
83307
84420
84424
84428
84448
83310
84429
84425
84421
84417
85752
84414
85751
85750
84411
84408
85749
85748
84405
84402
85747
85746
84399
84396
85745
85744
84393
84390
85743
85742
84387
84384
85741
85740
85739
85738
85737
84381
84380
84379
84378
84377
84376
84375
84374
84373
84372
84371
84370
84369
84368
84367
84366
84365
84364
84383
84386
84389
84392
84395
84398
84401
84404
84407
84410
84413
84416
84419
84423
84422
83042
84418
83041
84415
83040
84412
83039
84409
83038
84406
83037
84403
83036
84400
83035
84397
83034
84394
83033
84391
83032
84388
83031
84385
83030
84382
83029
84363
84361
83028
84362
84360
84358
84356
83027
84359
84357
83026
84355
83025
83024
83023
83022
84332
84334
84336
84337
84338
84339
84340
84341
84342
84343
84344
84345
84346
84347
84348
84349
84350
84351
84352
84353
83306
84354
84335
83305
83304
84333
84331
83303
84328
84325
84329
85736
84326
84307
84306
84287
84288
84269
84268
84264
84265
85735
85734
84255
84260
84259
84254
84253
84258
84263
83302
84286
84305
84324
84323
84322
84303
84304
84285
84284
84283
84282
84301
84302
84321
84320
84319
84300
84281
84280
84299
84318
84317
84316
84315
84296
84297
84298
84279
84278
84277
84276
84295
84314
84313
84312
84311
84292
84293
84294
84275
84274
84273
84272
84291
84310
84309
84308
84327
84330
83021
83020
83019
83018
84289
84290
84271
84270
83017
84266
83016
84267
84262
84257
84261
83015
84256
83014
84252
84233
83013
84229
83012
84225
83011
84221
83010
84217
83009
84213
83008
84209
83007
84205
83006
84186
83005
84167
83004
84148
83003
84144
83002
84125
83001
83294
84126
84107
83293
84106
83000
84087
82999
84068
84064
82998
84060
82997
84056
82996
84052
82995
84048
82994
84044
82993
84040
82992
84037
82991
84034
82990
84031
82989
84028
82988
84024
82987
84020
82986
84016
82985
84012
82984
84013
84017
84021
84025
84029
84032
84035
84038
84041
84045
84049
84053
84057
84061
84065
84069
83292
84088
84070
84071
84072
84089
84090
84109
84108
84127
84128
84129
84130
84110
84091
84073
84074
84092
84111
84112
84131
84132
84133
84114
84113
84094
84093
84075
84076
84077
84078
84095
84096
84115
84134
84116
84135
84136
84137
84118
84117
84098
84097
84079
84080
84099
84081
84082
84083
84084
84102
84101
84100
84119
84138
84161
84162
84163
84182
84183
84164
84165
84146
84145
84140
84139
84120
84121
84122
84141
84142
84123
84124
84143
85727
84147
84166
84185
84184
84203
84204
84208
84212
85728
85729
84216
85730
84220
84224
85731
85732
84228
84227
84223
84219
84215
84211
84207
83298
84202
84201
84181
84200
84199
84180
84198
84197
84178
84179
84160
84159
84158
84157
84177
84196
84195
84176
84156
84175
84194
84193
84192
84173
84174
84155
84154
84153
84152
84151
84170
84171
84172
84191
84190
84189
84188
84168
84169
84150
84149
83295
83296
83297
84187
84206
84210
84214
84218
84222
84226
84230
83300
84234
83301
84235
84236
84237
84238
84239
84240
84241
84242
84243
84244
84245
84246
84247
84248
84249
84250
83299
84231
84232
84251
85733
80488
80471
80472
80489
80490
80491
80492
80516
80515
80508
80507
80514
80522
80529
79515
80521
80513
80506
80505
79247
80512
79248
80520
79249
80528
79250
80545
79516
80546
80547
80530
80523
80524
80531
80532
80549
80567
80568
80569
80551
80550
80533
80534
80535
80552
80570
80571
80572
80554
80553
80536
80537
80538
80555
80573
80574
80575
80556
80539
80540
80557
80558
80576
80584
80592
80593
80585
80577
80578
80586
80594
80602
80601
80600
79520
80616
80633
80632
80631
80650
79524
80634
80617
80635
82747
80618
79519
79518
79517
82746
80561
80544
80543
80560
80559
80542
80541
79514
80517
80509
80510
80518
80525
80526
80527
80519
82745
80511
82744
82743
80504
80503
79512
80486
79511
80487
82742
82741
80470
80463
79510
80456
80457
80439
82740
79508
79507
80426
80425
80408
80424
80423
80422
80421
80420
80419
80418
80417
80416
80415
80414
80413
79506
80407
80406
80412
80405
80411
80428
80429
80433
80432
80436
80437
80442
80441
80459
80460
80467
80461
80443
80444
79509
80445
80446
80447
80448
80449
80450
80451
80452
80453
80454
80430
80434
80438
80455
80462
80469
80468
80485
80484
80483
80502
80501
80500
80499
80482
80481
80498
80497
80480
80479
80478
80496
80495
80477
80494
79513
80493
80476
80475
80474
80473
80466
80465
80464
79246
80458
79245
80440
80435
80431
79244
80427
79243
80410
79242
80404
79241
80397
79240
80389
79239
80381
79238
80375
80376
80382
80390
80398
80399
80400
80392
80391
80383
80377
80384
79502
80371
80365
80360
79500
80339
80334
80329
80324
80307
80290
80291
80292
80309
80308
80344
80345
80346
80347
80348
80349
80350
80351
80352
80353
80354
80355
79501
80366
80372
79503
80378
80386
80385
80393
79504
80401
80394
80395
80402
79505
80409
80403
80396
82739
82738
80388
80387
80379
80380
82737
80374
80373
80367
80361
80368
82736
80362
80357
80341
80336
80331
80326
80321
80304
80287
80286
80303
80320
79496
79497
79498
79499
80356
80340
80335
80330
80325
80319
80302
80301
80300
80318
80317
80316
80315
80298
80299
80281
80282
80283
80284
80285
80270
79494
80271
82735
80255
79493
80251
80247
80243
82734
82733
82732
82731
82730
82729
82728
82727
82726
82725
82724
82723
80199
80203
80207
80211
80215
80219
80223
80227
80231
80235
80239
79491
79492
80269
80268
80267
80266
80265
80280
80264
80279
80296
80297
80314
80313
80312
80295
80311
80310
80278
80263
80262
80277
80294
80293
80276
80261
80260
80259
80275
80274
79495
80258
80257
80253
80254
80250
80249
80245
80241
80237
80233
80246
80242
80238
80234
80230
80226
80229
80225
80222
80221
80217
80218
80214
80213
80209
80210
80206
80202
80198
80205
80201
80197
80193
80194
80176
80173
80170
80171
80174
80177
80178
80179
80180
80181
80182
80183
80184
80185
80186
80187
80188
80189
80190
80191
80195
82722
82721
82720
82719
82718
80165
79490
80161
80158
80155
80154
80153
80152
80151
80135
80136
80137
80138
80139
80123
80118
80113
80114
82716
82717
80119
79483
79484
79485
79487
79489
75303
74060
75288
74059
75273
74058
75259
74057
75246
75230
75217
74056
75205
75218
75232
75231
75247
75248
75261
75260
75274
75289
75290
75275
75262
75276
75291
75292
75293
75308
75307
75322
75323
75338
75337
75321
75306
75305
75320
75319
75304
74061
75318
74062
75333
74063
75347
74064
75362
74065
75377
74066
75392
75393
74315
75407
75423
75438
75454
75455
75472
75471
75486
75487
75503
75502
75518
75519
75520
75504
75488
75473
75474
75489
75505
75507
75491
75476
75460
75444
75443
75442
75441
75426
75410
75411
75427
75428
75412
75398
75383
75368
75367
75352
75353
75339
75324
75309
75294
75279
75278
75277
75263
75264
75265
75251
74308
75236
75237
75238
75239
74311
75280
75295
75296
75297
75298
75299
75286
75301
75316
75330
75331
74312
75346
75332
78947
75317
78946
78945
75302
75287
75272
75271
75270
75269
75268
74310
74309
75254
75241
74307
74305
75225
75212
75213
75226
75227
75228
75244
75243
75242
75255
75256
75257
75258
75245
75229
75216
78944
75204
74303
75215
75214
75203
75188
75187
75202
75201
74302
75186
75175
75164
75165
75176
75177
75178
74301
75189
75179
78943
75168
75167
75166
75155
75154
74300
75138
75139
75128
75127
75116
75115
75126
75137
75153
75152
75151
75150
75149
75148
75147
75163
75146
75162
75161
75145
75143
75142
75159
75170
75181
75182
75193
75207
75208
75194
75195
75209
75210
75223
75222
75235
75250
75249
75233
75234
75221
75220
75219
75206
74304
75192
75191
75190
75180
74055
75169
74054
75158
74053
75141
75131
74052
75120
74051
75109
74050
75091
82714
82715
79482
80109
80105
80102
80101
80083
80082
80100
80099
80081
80080
80079
80078
80098
80097
80096
80095
80077
80076
80094
80093
80075
80074
80092
80091
80090
80073
80072
79480
80071
80067
80049
80045
80046
80050
80051
80052
79478
80053
80054
80055
80056
80057
80058
80059
80060
80061
80062
80063
79479
80068
80084
80085
80069
80065
80064
80047
80048
79477
80043
82713
82712
80018
79475
80014
80017
80021
80022
80026
80042
80041
80025
80040
80039
80038
80037
80036
80035
80034
80033
80032
80031
80030
80029
79476
80028
79203
80027
79204
80044
79205
80066
80070
80086
80087
79481
80103
80088
80089
80104
80108
80107
79206
80106
79207
80110
79208
80115
79209
80120
80121
80116
80111
80112
80117
80122
80126
80127
80128
80144
80145
80129
80130
80131
80132
80133
80134
80150
80149
80148
80147
80146
80168
80167
80163
80164
80160
79488
80157
79486
80143
80142
80141
80125
80124
80140
80156
80159
79210
80162
79211
80166
79212
80169
79213
80172
80175
79214
80192
79215
80196
79216
80200
79217
80204
79218
80208
79219
80212
79220
80216
79221
80220
79222
80224
79223
80228
79224
80232
79225
80236
79226
80240
79227
80244
79228
80248
79229
80252
80256
79230
80272
80273
80289
80306
80323
80328
80333
80338
80343
80359
80364
80370
80369
79237
80363
79236
80358
79235
80342
80337
79234
80332
79233
80327
79232
80322
79231
80305
80288
85724
84047
85725
84051
84055
83287
83288
84059
84063
83289
83290
84067
85726
83291
84086
84105
84104
84103
84085
84066
84062
84058
84054
84050
84046
83286
84042
84043
84039
85723
84036
83285
83284
84033
84030
83283
84026
84022
84023
84027
85722
85721
84019
85720
85719
84015
84018
84014
84010
84011
85718
85717
84008
84007
84004
84005
85716
85715
85714
85713
85712
85711
83990
83993
83996
83999
84002
84001
83998
83995
83992
83989
83986
83983
83987
85710
85709
83984
83981
83978
83977
83980
83281
83280
83974
83975
83972
83971
83952
83947
83948
83953
85708
85707
85706
83943
83942
83938
83937
83941
83946
83951
83970
83279
83969
83968
83967
83966
83965
83964
83963
83962
83961
83960
83959
83958
83957
83956
83955
83945
83950
83954
83973
83976
83979
83982
83985
83988
83991
83994
83997
84000
84003
84006
83282
84009
82983
82982
82981
82980
82979
82978
82977
82976
82975
82974
82973
82972
82971
83949
82970
83944
82969
83940
83936
82968
83917
82967
82966
83898
83879
82965
82964
82963
83857
83277
83861
83880
83899
83918
83278
83919
83920
83901
83921
83922
83903
83902
83883
83882
83900
83881
83862
83863
83864
83865
83884
83885
83904
83923
83924
83925
83926
83907
83906
83905
83886
83887
83888
83889
83890
83908
83927
83909
83928
83929
83930
83910
83891
83892
83911
83912
83931
83932
83913
83914
83933
83934
83939
85705
83935
83916
83915
83896
83897
83878
83877
83859
83860
85704
85703
85702
83852
83851
83847
83850
83854
83855
83856
83858
83876
83895
83894
83893
83875
83874
83873
83872
83871
83870
83869
83868
83867
83866
83835
83816
83815
83834
83833
83832
83831
83830
83811
83810
83829
83828
83827
83846
83849
83853
82962
82961
82960
82959
82958
83808
83809
83790
83791
83792
83793
83812
83813
83794
83795
83814
83796
83797
83769
83768
83748
83749
83750
83770
83771
83751
83752
83772
83773
83774
83753
83754
83755
83775
83776
83779
83780
83784
83783
83787
83805
83824
83804
83803
83802
83821
83820
83801
83800
83799
83798
83817
83836
83837
83818
83819
83838
83839
83840
83841
83822
83823
83842
83843
83844
83848
83276
83845
83826
83825
83806
83788
83807
85701
85700
85699
83275
83758
83739
85698
85697
83736
83757
83756
83738
83735
83732
83729
83726
83723
83720
83717
83718
83721
83724
83727
83730
83273
83733
83272
83271
83270
85696
85695
85694
85693
83269
83706
85692
85691
83702
83698
83695
85690
83266
83265
83264
83267
83268
83701
83705
83709
83712
83715
83714
83711
83708
83704
83700
83697
83694
83693
83692
83691
83690
83689
83688
83687
83686
83685
83684
83683
83682
83681
83680
83679
83274
83741
83742
83743
83744
83745
83746
83747
83767
83766
83765
83764
83763
83762
83761
83760
83778
83782
83786
83789
82957
83785
82956
83781
82955
83777
82954
83759
83740
82953
83737
82952
83734
82951
83731
82950
83728
82949
83725
82948
83722
82947
83719
82946
83716
82945
83713
82944
83710
82943
83707
82942
83703
82941
83699
82940
83696
82939
83678
83677
82938
83676
82937
83675
82936
83674
82935
83673
82934
83671
82933
83669
82932
83667
82931
83665
82930
83663
82929
83661
82928
83659
82927
83657
82926
83655
82925
83653
82924
83262
82923
82922
82921
82920
82919
83628
82918
82917
83609
83610
83629
83630
83611
83631
83612
83594
83575
83556
83557
83576
83595
83614
83613
83632
83633
83634
83635
83636
83637
83638
83619
83600
83581
83580
83599
83618
83617
83598
83579
83578
83597
83616
83615
83596
83577
83558
83559
83560
83561
83562
83543
83542
83541
83540
83539
83538
83519
83518
83537
83517
83498
83499
83500
83501
83502
83520
83521
83522
83523
83524
83525
83506
83507
83508
83527
83526
83546
83565
83584
83583
83564
83545
83544
83563
83582
83601
83602
83621
83620
83639
83640
83641
83642
83622
83603
83604
83623
83624
83643
83644
83625
83606
83605
83585
83566
83547
83548
83567
83586
83587
83588
83589
83608
83627
83607
83626
83645
83646
83647
85673
85674
83648
83649
85675
85676
83650
83651
85677
85678
83652
83654
85679
85680
83656
83658
85681
85682
83660
83662
85683
85684
83664
83666
85685
85686
83668
83670
85687
85688
83672
83263
85689
79885
79185
79887
79186
79890
79187
79893
79896
79188
79913
79914
79897
79894
79891
79888
79886
79184
79867
79865
79183
79863
79182
79861
79181
79859
79180
79857
79179
79855
79178
79853
79177
79851
79176
79849
79175
79847
79174
79844
79173
79842
79172
79840
79171
79838
79170
79836
79169
79820
79817
79168
79815
79167
79818
79816
79813
79812
79166
79795
79165
79791
79164
79787
79163
79783
79162
79780
79161
79777
79160
79774
79775
79778
79779
79782
79781
79784
79785
79789
79788
79792
79796
79793
79450
79797
79798
79799
79800
79801
79802
79803
79804
79805
79806
79807
79808
79809
79810
79814
79451
82696
79811
79794
82695
82694
79790
79786
82693
79449
82692
74592
74585
74017
74570
74571
74556
74557
74558
74573
74572
74586
74593
74594
74587
74574
74588
74271
74595
74603
74604
74620
74621
74605
74606
74622
74623
74607
74608
74624
74609
74625
74626
74610
74611
74627
74628
74612
74596
74589
74582
74581
74580
74579
74578
74563
74564
74565
74566
74567
74552
74545
74540
74265
74520
74517
74514
74509
74508
74507
74506
74505
74504
74503
74502
74501
74500
74499
74264
74498
74497
74496
74513
74516
74519
74525
74526
74266
74527
74528
74529
74530
74531
74532
74533
74534
74268
74561
74562
74577
74576
74575
74560
74559
74551
74544
74543
74550
74549
74555
74548
74537
74538
74267
74539
74524
74523
74522
74016
74015
74512
74495
74014
74013
74012
74011
74010
74009
74008
74007
74006
74005
74004
74003
74002
74001
74000
73999
73998
73997
73996
73995
82668
82669
82670
82671
82672
82673
82674
82675
82676
82677
82678
82679
82680
82681
82682
82683
82684
82685
82686
82687
79698
79697
79696
79695
79694
79711
79710
79709
79693
79692
79691
79708
79707
79690
79689
79688
79687
79686
79685
79702
79703
79704
79705
79706
79725
79724
79723
79722
79721
79720
79445
79738
79739
79740
79741
79742
79743
79744
79745
79746
79747
79726
79727
79728
79729
79730
79731
79732
79712
79713
79714
79715
82688
79444
82689
79736
82690
82691
79773
79776
79448
79772
79756
79752
79735
79751
79750
79749
79748
79771
79770
79769
79768
79767
79766
79765
79764
79763
79762
79761
79760
79447
79759
79446
79755
79758
79757
79159
79753
79158
79754
79737
79734
79733
79717
79718
79719
79716
79157
79156
79681
79699
79682
79683
79700
79701
79684
79443
79442
79441
79680
79679
79155
79678
79677
79676
79675
79154
79674
79153
79673
79152
79672
79151
79671
79150
79670
79149
79669
79148
79668
79147
79667
79146
79666
79145
79665
79144
79664
79143
79663
79142
79662
79141
79661
79140
79660
79139
85648
83397
83398
85649
85650
83399
83400
85651
85652
83401
83402
85653
85654
83403
83404
85655
85656
83405
83406
85657
85658
83407
83408
85659
85660
83409
83410
85661
85662
83411
83412
85663
85664
83413
83414
85665
85666
83415
83434
83433
83432
83431
83430
83429
83428
83447
83448
83449
83450
83451
83452
83453
85667
83456
83459
85668
85669
83462
83465
85670
85671
83468
83471
83259
83261
83473
85672
83475
83494
83513
83532
83512
83493
83492
83511
83531
83550
83551
83570
83569
83568
83549
83530
83529
83528
83509
83510
83491
83490
83489
83488
83487
83505
83486
83485
83504
83503
83484
83483
83482
83481
83480
83479
83478
83477
83496
83497
83516
83515
83534
83553
83552
83571
83572
83573
83554
83535
83536
83555
83574
83593
83592
83591
83590
82916
82915
82914
82913
83533
83514
82912
82911
83495
83476
82910
83474
82909
83472
83260
83470
83467
83469
82908
83466
82907
83463
82906
83464
83461
83458
83455
82905
83460
83457
82904
83454
82903
83435
82902
83258
83436
83437
83438
83439
83440
83441
83442
83443
83444
83445
83446
83427
83426
83425
83424
83423
83422
83421
83420
83419
83418
83417
83416
82901
82900
82899
82898
82897
82896
82895
82894
82893
82892
82891
82890
82889
82888
82887
82886
82885
82884
82883
82882
617
618
619
620
621
622
623
624
625
626
627
628
629
630
631
632
633
634
635
588
636
637
638
639
640
641
642
643
644
645
646
647
648
649
650
651
652
653
654
655
656
657
658
659
660
661
662
663
664
665
666
667
668
669
670
671
672
673
674
675
676
677
678
679
590
229
230
231
232
233
234
235
236
237
238
239
240
241
242
243
589
244
245
246
247
248
249
250
251
252
253
254
255
256
257
258
259
260
261
262
263
264
265
266
267
268
269
270
271
272
273
274
275
276
277
278
279
280
281
282
283
284
285
594
286
287
288
289
290
291
292
293
294
295
296
297
298
299
300
301
302
303
599
597
595
719
718
717
716
715
714
713
712
711
710
596
709
708
707
706
705
704
703
702
701
700
699
698
697
696
593
695
694
693
692
691
690
689
592
591
680
681
682
683
684
685
686
687
688
73793
73794
73795
73796
73797
73798
73799
73800
73801
73802
73803
73804
73805
73806
73807
73808
62557
63111
63106
62556
62555
63101
63096
62554
62553
63091
63086
62552
62551
63081
63076
62550
62549
63071
63066
62548
62547
63061
63056
62546
62545
63051
63046
62544
62543
62542
63036
63041
63037
63042
63047
63052
63057
63062
63067
63072
63077
63082
63087
63092
63097
63102
63107
63112
63117
62751
63116
62558
63139
63156
63157
63140
63132
62752
63133
63141
63158
63174
63192
63173
63191
63197
62559
63215
62560
63231
62561
63237
63238
63232
63216
63198
62758
63199
63193
63175
63176
63177
62756
63178
63160
63159
63142
63143
63134
63118
63119
63120
63121
63122
63123
63124
63125
63126
63127
62753
63151
63152
63135
63128
63129
63113
63108
63103
63098
63093
63094
63099
63104
63109
63114
63130
63137
63154
63136
62754
63153
63170
62755
63169
63188
63171
63172
67986
67985
63155
63138
63131
63115
67984
67983
63110
63105
67982
63100
67981
67980
63095
63090
67979
67978
63085
63080
67977
67976
63075
63074
63079
63084
63089
63088
63083
63078
63073
63068
63069
63064
63063
63058
63059
63054
63053
63048
63043
63038
63039
63044
63049
63055
63060
63065
63070
67975
67974
67973
67972
67971
63050
63045
67970
63040
67969
720
598
721
722
723
724
725
726
600
727
728
729
730
731
732
733
734
735
736
737
738
602
603
739
740
741
742
743
744
745
746
747
748
749
750
751
752
601
304
305
306
307
308
309
310
311
312
313
314
315
316
317
318
319
320
321
322
323
324
325
326
327
328
329
330
331
332
333
334
335
336
337
338
339
340
341
342
343
344
345
346
347
348
605
349
350
351
352
353
354
355
356
357
358
359
360
361
362
363
364
365
366
367
368
369
370
371
372
373
374
375
376
377
378
379
380
381
382
383
384
385
386
387
388
389
390
391
392
393
608
394
395
396
397
398
399
400
401
402
403
404
405
406
407
408
409
410
411
412
413
414
415
416
417
418
419
420
421
422
423
424
425
426
427
428
429
430
431
432
433
434
435
436
437
438
611
439
440
441
442
443
444
445
446
447
448
449
450
451
452
453
454
455
456
457
458
459
460
461
462
463
464
465
466
467
468
469
470
471
472
473
474
475
476
477
478
479
480
481
482
483
615
484
485
486
487
488
489
490
491
492
493
494
495
496
497
498
499
500
501
502
503
504
505
506
507
508
509
510
511
512
513
514
515
516
517
518
519
520
521
522
523
524
525
526
527
528
529
530
531
532
533
534
535
536
537
538
539
540
541
542
543
544
545
546
547
548
549
550
551
552
553
554
555
556
557
558
559
560
561
562
563
564
565
566
567
568
569
570
571
572
573
574
575
576
577
578
579
580
581
582
583
584
585
586
10
11
13
12
14
15
106
107
105
104
102
103
101
100
98
99
97
96
94
95
93
92
90
91
89
88
86
87
85
84
82
83
81
80
78
79
77
76
74
75
73
72
70
71
69
68
66
67
65
64
228
227
226
225
224
223
222
221
220
219
218
217
216
215
214
587
213
212
211
210
209
208
207
206
205
204
203
202
201
200
199
198
197
196
62
63
61
60
59
58
56
57
54
55
52
53
50
51
48
49
46
47
44
45
42
43
40
41
38
39
36
37
34
35
32
33
30
31
28
29
26
27
24
25
22
23
20
21
18
19
17
16
85539
85537
83223
85535
83222
85533
83221
85531
83220
83219
83218
83217
83216
83215
83214
85512
85513
85514
85515
85516
85517
85518
85519
85520
85521
85522
85523
85524
85525
85526
85527
85528
85529
85530
85532
85861
85862
85534
85536
85863
85864
85538
83393
85557
85865
85866
85560
85559
85556
85555
85554
85553
85552
85551
85550
85549
85548
85547
85546
85545
85544
85543
85542
85541
85540
83224
85558
83225
85561
83226
85564
83227
85567
83228
85570
83229
85573
83230
85576
83231
85579
83232
85582
83233
85585
83234
85588
83235
85591
83236
85594
83237
85597
83238
85600
83394
83239
83240
83241
83242
83243
83244
83245
83246
83247
83248
83249
83250
83251
83252
83253
85625
83254
83255
83256
83257
85626
85627
85628
85629
85630
85631
85632
85633
85634
85635
85636
85637
85638
85639
85640
85641
85642
85643
85894
85895
85896
85644
85645
85897
85898
85646
85647
85899
79440
79439
79438
79437
79436
79435
79434
79433
79432
82650
82651
82633
82634
82635
82652
82653
82654
82636
82655
82637
82638
82639
82640
82656
82657
82658
82659
82641
82642
82660
82643
82661
82662
82663
82644
82645
82646
82664
82665
82647
82648
82666
82667
82873
82874
82875
82876
82877
82878
82879
82880
82881
78883
74263
78882
74262
78881
74261
78880
74260
78879
74259
78878
74258
78877
74257
78876
74256
78859
74255
74474
78842
78841
78823
82649
82872
82871
82870
82869
82868
82867
82866
82865
82864
82863
82862
82861
82860
82859
82858
82857
82856
82855
82854
82853
82852
82851
82631
82630
82629
82628
82627
82626
82625
82624
82623
82622
82621
82620
82619
82618
82617
82616
82615
79410
79411
79412
79413
79414
79415
79416
79417
79418
79419
79420
79421
79422
79423
79424
79425
79426
79427
79428
79429
79430
79431
82632
85893
85892
85891
85624
83396
85623
85621
83395
85622
85890
85889
85620
85619
85617
85618
85888
85887
85616
85615
85613
85614
85886
85885
85612
85611
85609
85610
85884
85883
85608
85607
85605
85603
85604
85606
85882
85881
85602
85880
85879
85599
85601
85598
85595
85596
85878
85877
85593
85592
85589
85590
85876
85875
85874
85873
85581
85584
85587
85586
85583
85580
85577
85578
85872
85871
85575
85574
85571
85572
85870
85869
85566
85569
85568
85565
85562
85563
85867
85868
79409
82614
79408
82613
79407
82611
79406
82608
79405
82605
79404
82602
79403
82599
79402
82581
82564
79401
82547
79400
82542
79399
82543
82525
79398
79397
82508
82491
79396
82487
85857
85858
85859
85860
85511
85510
85509
85508
85507
85856
85855
85506
85505
85854
85853
85504
85503
85852
85851
85502
85501
85500
85499
85498
85497
85496
85495
85494
85493
85492
85491
85490
85489
85488
85487
85486
85485
85484
83213
83212
83211
83210
83209
85483
83208
83207
83206
83205
83204
83203
83202
83201
83200
83199
83198
83197
85456
85457
85458
85459
85460
85461
85462
85463
85464
85465
85466
85467
85468
85469
85470
85471
85472
85454
85451
85432
85450
85449
85448
85447
85446
85445
85444
85443
85442
85441
85440
85439
85438
85437
85436
85435
83387
85431
83388
85453
83196
85434
83195
85430
83194
85427
85424
83193
85421
83192
85418
83191
85415
83190
85412
83189
85409
83188
85406
83187
85403
83186
85401
83185
85399
83184
85397
83183
85395
83182
85392
83181
85389
83180
85386
83179
83382
83178
83177
83176
83175
83174
83173
83172
83171
83170
83169
83168
83167
83166
83165
83164
85305
85306
85307
85308
85279
85280
85281
85262
85263
85282
85283
85284
85285
85266
85265
85264
85245
85246
85247
85248
85267
85286
85287
85288
85289
85290
85291
85292
85293
85274
85273
85254
85255
85236
85235
85234
85233
85232
85251
85252
85253
85272
85271
85270
85269
85268
85249
85250
85231
85230
85229
85228
85227
85226
85225
85224
85244
85243
85261
85260
85241
85242
85223
85222
85221
85215
85218
83367
83368
85240
85259
83369
83370
85278
85297
85300
85303
85302
83163
85299
83162
85296
83161
85277
83160
85258
83159
85239
83158
85220
83157
85217
83156
85214
83155
85211
83154
85208
83153
85212
85209
85206
85203
85200
83152
85205
85202
83151
85199
83150
85196
83149
85197
85194
83365
85175
85176
85177
85178
85179
85180
85181
85182
85183
85184
85185
85186
85187
85188
85189
85190
85191
85192
85193
85195
85812
85813
85198
85201
85814
85815
85204
85207
85816
85817
85210
85213
85818
85819
85216
83366
85219
85238
85237
85256
85257
85276
85295
85275
85294
83371
85298
85301
83372
83373
85304
85820
83374
85323
85342
85341
85340
85322
85321
85339
85338
85337
85320
85319
85318
85336
85335
85317
85316
85315
85334
85333
85332
85331
85314
85313
85312
85330
85311
85329
85328
85310
85309
85327
85326
85325
85324
85343
85346
85349
85351
85353
85355
83378
85357
85358
85359
85360
85361
85362
85363
85364
85365
85366
85367
85368
85369
85370
85371
85372
85375
85376
85377
85378
85380
85382
85383
85384
85387
85390
85393
85396
85398
85400
85402
85404
85407
85408
85833
85405
85832
83386
83385
83384
83383
85394
85831
85830
85391
85388
85829
85385
85828
83381
83380
85381
85827
85379
85826
83379
85825
85824
85374
85373
85356
85354
85352
85350
85347
85344
85345
85821
85822
85348
83375
83376
83377
85823
82137
79364
82120
79363
82103
79362
82098
79361
82099
79624
82104
82121
79625
82138
82139
82140
79627
82144
82143
82142
79365
82147
82148
82149
79629
82154
82159
82160
82161
82162
82163
82164
82165
82166
82167
82168
82169
82170
82171
82172
82175
82178
82183
82188
82193
82198
82203
82219
79637
82225
82241
82242
82258
82262
79640
82257
82256
82240
82239
82255
82254
82238
82237
82253
82252
82236
82235
82251
82250
82234
82233
82249
82232
82248
82247
82231
82230
82246
79639
82229
82224
82223
82228
79638
82222
82206
82201
82196
82191
82186
82181
82182
82187
82192
82197
82202
79636
82207
82208
82209
82210
82211
82212
82213
82214
82215
82216
82217
82218
79633
79632
82174
82158
82153
82157
79366
82173
82177
82180
79367
82185
79368
82190
79369
82195
79370
82200
79371
82205
79372
82221
79373
82227
79374
82244
79375
82260
82245
82261
79641
82265
82266
82267
82268
82269
82270
82271
82272
82273
82274
82275
82276
82277
82278
82281
82284
82287
82290
82293
82296
82299
82302
82305
82306
82833
82834
82309
82327
82330
82835
82836
82332
82349
82348
82331
82329
82326
82308
82325
82324
82323
82322
82321
82320
82319
82318
82317
82316
82315
82314
82313
82312
82311
79642
79643
82334
82335
82352
82353
82336
82337
82338
82339
82340
82357
82358
82359
82341
82342
82343
82360
82377
82376
82375
82374
82373
82356
82355
82372
82354
82371
82370
79646
82369
82368
82351
79644
79645
82385
82389
82390
82395
82400
82394
82393
79392
82388
79391
82384
82367
79390
82350
79389
82333
79388
82328
79387
82310
82307
79386
82304
79385
82301
79384
82298
79383
82295
79382
82292
79381
82289
79380
82286
79379
82283
79378
82280
79377
82264
79376
85834
85835
85411
85410
85413
85416
85417
85414
85836
85837
85420
85419
85422
85423
85838
85839
85426
85425
85428
85429
85840
85841
85433
85452
85842
85455
85474
85473
83389
85475
85476
83390
83391
85477
85843
85478
85479
85844
85845
85480
85481
85846
85847
85482
83392
85848
85849
85850
82454
82437
82438
82439
82440
82457
82456
82455
79649
82471
82475
79650
79651
82479
79652
82483
79653
82488
82492
82509
82526
82544
79655
82549
82566
82565
82548
79656
82582
82583
82584
82585
82586
82568
82567
82550
82551
82552
82569
82587
82588
82570
82553
82554
82555
82556
82557
82574
82573
82572
82571
82589
82590
82591
82592
82593
82594
82595
82577
82576
82575
82558
82559
82560
82561
82562
82545
82540
82523
82539
82538
82537
82536
82535
82518
82517
82534
82533
82532
82531
82530
82513
82512
82529
82528
82527
82510
82493
82494
82511
82495
82496
82497
82514
82515
82498
82499
82516
82500
82501
82502
82519
82520
82503
82504
82521
82522
82505
82506
82489
79654
82484
82485
82480
82476
82472
82468
82451
82432
82431
82430
82448
82449
82450
82467
82466
82465
82464
82463
82462
82461
82460
82424
82442
82459
82458
82441
82423
82422
82421
82420
79395
82403
79394
82398
79393
82399
79648
82404
82405
82406
82407
82408
82425
82443
82444
82445
82427
82426
82409
82410
82411
82428
82446
82447
82429
82412
82413
82414
82415
82416
82417
82433
82434
82452
82469
82473
82470
82453
82435
82418
82401
79647
82396
82391
82386
82382
82381
82380
82363
82362
82379
82378
82361
82344
82345
82346
82347
82364
82365
82366
82383
82387
82837
82838
82392
82839
82397
82402
82419
82436
82840
82841
82842
82474
82843
82478
82477
82481
82482
82844
82845
82486
82490
82507
82524
82541
82846
82546
82563
82580
82579
82578
82596
82597
82598
82601
82600
82603
82606
82609
79657
79659
79658
82612
82610
82850
82849
82607
82604
82848
82847
78689
78705
74225
78711
74226
78716
74227
78732
74228
78736
74229
78739
74230
78742
74231
78745
74232
78749
74233
78754
74234
78758
74235
78762
74236
78766
74237
78769
74238
78772
74239
78775
74240
78778
74241
78781
74242
78784
74243
78788
74244
78792
74245
78795
74246
78798
74247
78801
74248
78804
74249
78807
74250
78810
74251
78813
74252
78816
74253
78819
74254
78821
78822
78824
78825
78826
78844
78843
78860
78861
78862
78863
78864
78865
78848
78847
78846
78845
78827
78828
78829
78830
78831
78849
78866
78867
78850
78832
78833
78851
78868
78869
78870
78853
78852
78834
78835
78836
78854
78871
78872
78873
78856
78855
78837
78838
78839
78840
78857
78874
78858
78875
79131
79132
79133
79134
79135
79136
79137
79138
0
