0
1
3
2
4
5
194
195
193
192
190
191
189
188
186
187
185
184
182
183
181
180
178
179
177
176
174
175
173
172
170
171
169
168
166
167
165
164
162
163
161
160
158
159
157
156
154
155
153
152
1781
1782
1783
1784
1785
1786
1787
1788
1789
1790
1791
1792
1793
1794
1795
1796
1797
1798
1799
1800
1801
1802
1803
1804
1805
1806
1433
1807
1808
1809
1810
1811
1812
1813
1814
1815
1816
1817
1818
1819
1820
1821
1822
1823
1434
1348
1347
1346
1345
1344
1343
1342
1341
1340
1339
1338
1337
1336
1335
1334
1333
1332
1331
1330
1432
1329
1328
1327
1326
1325
1324
1323
1322
1321
1320
1319
1318
1317
1316
1315
1314
1313
1312
1311
1310
1309
1308
1430
1307
1306
1305
1304
1303
1302
1301
1300
1299
1298
1297
1296
1295
1294
1293
1292
1291
1290
1289
1288
1287
1286
1428
1427
1429
1780
1779
1778
1777
1776
1775
1774
1773
1772
1771
1770
1769
1768
1767
1766
1765
1764
1763
1762
1761
1760
1759
1758
1757
1756
1755
1754
1753
1752
1751
1750
1749
1748
1747
1426
1746
1745
1744
1743
1742
1741
1740
1739
1738
1737
1736
1735
1734
1733
1732
1424
1731
1730
1729
1728
1727
1726
1725
1724
1723
1722
1721
1720
1719
1718
1717
1716
1715
1714
1713
1712
1711
1710
1709
1708
1707
1706
1705
1704
1703
1702
1421
1701
1700
1699
1698
1697
1696
1695
1694
1693
1692
1419
1691
1690
1689
1688
1687
1417
1686
1685
1684
1683
1682
1681
1680
1679
1678
1677
1676
1675
1674
1673
1672
1412
1411
1413
1671
1670
1669
1668
1667
1666
1665
1664
1663
1662
1661
1660
1659
1658
1657
1410
1409
1407
1404
1656
1655
1654
1653
1652
1651
1650
1649
1648
1647
1646
1645
1644
1643
1642
1403
1641
1640
1639
1638
1637
1636
1635
1634
1633
1632
1631
1630
1629
1628
1627
1626
1625
1624
1623
1622
1621
1620
1619
1618
1617
1616
1615
1614
1613
1612
1611
1610
1609
1608
1607
1606
1605
1604
1603
1602
1601
1600
1599
1598
1597
1596
1595
1594
1593
1592
1591
1590
1589
1588
1587
1586
1585
1584
1583
1582
1581
1580
1579
1578
1577
1576
1575
1574
1573
1572
1571
1570
1569
1568
1567
1566
1565
1564
1563
1562
1561
1560
1559
1558
1557
1556
1555
1554
1553
1552
1551
1550
1549
1548
1547
1546
1545
1544
1543
1542
1541
1540
1539
1538
1537
1536
1535
1534
1533
1532
1531
1530
1529
1528
1527
1361
1526
1525
1524
1523
1522
1521
1520
1519
1518
1517
1516
1515
1514
1513
1512
1511
1510
1509
1508
1507
1506
1505
1504
1503
1502
1501
1500
1499
1498
1497
1496
1495
1494
1493
1492
1491
1490
1489
1488
1487
1486
1485
1484
1483
1482
1481
1480
1479
1478
1477
1476
1475
1474
1473
1472
1471
1470
1469
1468
1467
1466
1465
1464
1463
1462
1461
1460
1459
1458
1457
1456
1455
1454
1453
1452
1451
1450
1449
1448
1447
1446
1349
1445
1444
1443
1442
1441
1440
1439
1438
1437
1436
1435
1006
1007
1008
1009
1010
1011
1012
1013
1014
1015
1016
1017
1018
1019
1020
1021
1022
1023
1024
1025
1026
1027
1028
1029
1030
1031
1032
1033
1034
1035
1036
1037
1038
1039
79440
79439
79438
79437
79436
79435
79434
79433
79432
82650
82651
82652
82653
82654
82655
82656
82657
82658
82659
82660
82642
82641
82640
82639
82638
82637
82636
82635
82634
82633
82632
79431
79430
79429
79428
79427
79426
79425
79424
79423
79422
79421
79420
79419
79418
79417
79416
79415
79414
79413
79412
79411
85872
85871
85572
85870
85869
85569
85566
85868
85867
85563
85562
85565
85568
85571
85574
85575
85578
85577
85580
85583
85586
85581
85873
85874
85584
85587
85875
85876
85590
85589
85592
85593
85877
85878
85596
85595
85598
85601
85599
85879
85880
85602
85881
85882
85606
85604
85603
85605
85607
85608
85883
85884
85610
85609
85611
85612
85885
85886
85614
85613
85615
85616
85887
85888
85618
85617
85619
85620
85889
85890
83395
85622
85621
85623
83396
85624
85891
85892
85893
85894
85895
85896
85897
85898
85899
85647
85646
85645
85644
85643
85642
85641
85640
85639
85638
85637
85636
85635
85634
85633
85632
85631
85630
85629
85628
85627
85626
83257
83256
83255
83254
85625
83253
83252
83251
83250
83249
83248
83247
83246
83245
83244
83243
83242
83241
83240
83239
83394
85600
83238
85597
83237
85594
83236
85591
83235
85588
83234
85585
83233
85582
83232
85579
83231
85576
83230
85573
83229
85570
83228
85567
83227
85564
83226
85561
83225
85558
83224
85539
85537
83223
85535
83222
85533
83221
85531
83220
85540
85541
85542
85543
85544
85545
85546
85547
85548
85549
85550
85551
85552
85553
85554
85555
85556
85559
85560
85866
85865
83393
85557
85538
85864
85863
85536
85534
85862
85861
85532
85530
85529
85528
85527
85526
85525
85524
85523
85522
85521
85520
85519
85518
85517
85516
85515
85514
85513
85512
83219
83218
83217
83216
83215
83214
83213
83212
83211
83210
83209
85483
85484
85485
85486
85487
85488
85489
85490
85491
85492
85493
85494
85495
85496
85497
85498
85499
85500
85501
85502
85851
85850
85849
85848
83392
85482
85847
85846
85481
85480
85845
85844
85479
85478
85843
85477
83391
83390
85476
85475
83389
85473
85474
85455
85842
85452
85433
85841
85840
85429
85426
85839
85838
85423
85422
85419
85420
85837
85836
85417
85414
85416
85413
85410
85411
85834
85835
82245
82261
79641
82265
82266
82267
82268
82269
82270
82271
82272
82273
82274
82275
82276
82277
82278
82281
82284
82287
82290
82291
82828
82827
82288
82285
82826
82825
82282
82279
82263
82259
82243
82226
82220
82204
79635
79634
82199
82194
82824
82823
82189
82184
82822
82821
82179
82176
82820
79631
79630
82152
82151
82156
82155
82150
82145
79628
82133
82134
82117
82116
82115
82132
82131
82130
82114
82113
82112
82129
82128
82127
82126
82111
82110
82109
82108
82125
82124
82107
82106
82123
82122
82105
82101
82100
82082
82065
82048
82049
82066
82083
82084
82067
82068
82085
82086
82087
82088
82089
82090
82091
82074
82075
82092
82093
82076
82059
82058
82057
82056
82073
82055
82072
82071
82070
82054
82053
82052
82069
82051
82050
82044
82043
82064
82081
79360
82063
82047
82046
79359
82042
82038
79358
79357
82034
82035
82039
82040
82036
82032
82029
82025
82020
82019
82018
82023
82024
82028
82031
82030
79621
82027
82026
79356
82022
79355
82017
79354
82012
79353
82013
81995
81978
81961
81962
81945
81963
81980
81979
81996
81997
82014
82015
81998
81999
82000
81983
81982
81981
81964
81947
81946
81931
81930
81944
81929
81913
81896
81880
81874
79352
81858
85811
85174
85171
85810
85809
85168
85165
85808
85807
85162
85159
85806
85805
85156
85153
85804
85803
85150
85147
85802
85801
85144
85141
85800
85799
85138
85135
85798
85797
85113
83364
85109
85110
85106
85102
85101
85098
85094
85090
85086
85085
85089
85093
85097
83361
83362
85105
83363
85132
85131
85130
85129
85128
85127
85126
85125
85124
85123
85122
85121
85120
85119
85118
85117
85116
85108
85112
85115
85134
85137
85140
85143
85146
85149
85152
85155
85158
85161
85164
85167
85170
85173
83148
85172
83147
85169
83146
85166
83145
85163
83144
85160
83143
85157
83142
85154
83141
85151
83140
85148
83139
85145
83138
85142
83137
85139
83136
85136
83135
85133
83134
85114
85111
83133
85107
83132
85103
83131
85099
83130
85104
85100
85096
85092
85088
85095
83129
85091
83128
85087
83127
85083
83126
85084
85064
83125
83124
85060
85065
85066
85067
85068
85069
85070
85071
85072
85073
85074
85075
85076
85077
85078
85079
85080
85061
85057
85051
85050
85049
85048
85047
85028
85029
85030
85031
85032
85033
85052
85053
85034
85015
85009
85010
85011
85792
85793
85017
85016
85036
85035
85054
85055
85794
85795
85063
85059
85058
85062
85081
85082
83358
83359
83360
85796
79333
81747
79334
81751
79335
81755
79604
79336
81762
81763
81764
81765
81766
81767
81768
81769
81770
81771
81772
81773
81774
81775
81776
81759
81756
81752
81748
81749
81750
82788
82789
81754
81753
81757
81758
82790
82791
81761
81760
81777
81778
81782
82792
82793
81786
81788
81791
81794
82795
82794
81785
81781
81780
81784
79606
81787
81790
81793
81796
81799
81800
81797
82796
82797
82798
81803
81802
81805
81808
81811
81812
81809
81806
82799
82800
82801
82802
81815
81814
81817
81820
81821
81818
82803
82804
77773
77791
74188
77807
77819
77836
74189
77853
77854
77864
77863
77876
77877
77865
77878
77894
77879
77880
77868
77869
74413
77881
77882
77883
77884
77885
77874
74411
77860
77859
77846
77873
77872
77871
77870
77843
77842
77858
77857
77856
77867
77866
77855
77838
77837
77820
77808
77792
77774
77758
77744
77745
77759
77776
77775
77793
77809
77810
77821
77839
77840
77841
77823
77822
77811
77812
77795
77794
77777
77760
77761
77762
77796
77778
77779
77780
77798
77797
77813
77824
77825
77826
77844
77845
77827
77828
77829
77847
77848
77830
77815
77814
77802
77803
77804
77787
74410
77816
77833
77832
77831
77849
77850
77851
77861
77875
77889
77888
77887
77886
77898
77906
77914
77925
77924
77923
77922
77921
77913
77905
77897
77896
77895
77903
74414
77902
74415
77910
74416
77918
74418
77934
77942
77943
77935
77919
77911
77904
77912
74417
77920
77936
77945
77944
77961
77960
77976
77975
77959
77958
77941
77933
77917
77909
77901
77893
74190
77892
77900
77908
77916
77932
77939
77940
77957
77974
77981
77988
77995
78004
78013
78012
78003
77994
77987
77980
74192
77973
74191
77956
82813
82812
82811
82810
82809
82808
81928
81912
82807
81911
81927
79616
81943
79617
81960
79618
81977
81994
81993
81976
81959
81958
81957
81956
81955
81954
81939
81940
81941
81942
81926
81925
81924
81907
81891
81892
81893
81908
81909
79615
79614
81910
79613
81894
79611
79612
81895
81879
82806
82805
81873
79610
81857
81853
79609
81852
81836
81835
81834
81851
81878
81872
81871
81870
81869
81868
81867
81866
81865
81864
81863
81862
81841
81840
81839
79608
81856
81838
79607
81823
81824
81825
81842
81843
81844
81845
81846
81847
81848
81849
81850
81833
81832
81831
81830
81829
81828
81827
81826
79605
79337
81779
79338
81783
79339
81789
81792
79340
79341
81795
81798
79342
79343
81801
81804
79344
79345
81807
81810
79346
79347
81813
81816
79348
79349
81819
81822
79350
79351
81837
81854
81855
81859
81875
81876
81860
81861
81877
81883
81899
81898
81882
81881
81897
81914
81915
81932
81916
81917
81933
81934
81935
81950
81949
81948
81965
81966
81967
81951
81936
81920
81902
81919
81918
81901
81900
81884
81885
81886
81887
81903
81904
81888
81889
81890
81906
81923
81922
81905
81921
81938
81937
81952
81953
81970
81987
81986
81969
81968
81985
81984
82001
82002
82003
82004
82005
82006
81989
81988
81971
81972
81973
81990
82007
82008
81991
81974
81975
81992
82009
82010
82011
82016
82021
79619
79620
82814
82033
82037
82815
82816
82041
82045
82817
82818
79622
82062
82080
82097
82079
82078
82061
82060
82077
82094
82095
82096
79623
82102
82118
82119
82136
82135
79626
82141
82146
82819
78167
78184
78201
78202
78185
78168
78169
78170
78160
78161
78152
78151
78134
78150
78159
78158
74196
78149
74195
78132
78133
78123
74194
78122
78111
78112
78113
78103
78102
78101
78092
74193
78091
78073
78074
78056
78055
78038
78021
78022
78039
78040
78023
78024
78014
74424
78005
74423
77996
74421
77989
74419
77982
77983
77990
77997
78006
78015
78025
78041
78042
78043
78060
78061
78062
78080
78095
78079
78078
78077
78059
78058
78057
78075
78076
78094
78093
78104
78114
78115
78125
78124
78135
78136
78137
78162
78153
78138
78126
78116
74427
78105
74428
78139
78140
78141
78142
78143
78127
78117
78106
78096
78107
78097
78087
78086
78085
78067
78068
78051
78034
78035
78036
74426
78052
78069
78070
78088
78098
78099
78089
78071
78053
78019
78018
78009
78010
78001
78000
74422
77993
77986
77979
77971
77972
77955
77954
77953
77970
77969
77952
77968
77978
77985
77992
77999
78008
78017
78033
78032
78050
78049
78066
78084
78083
78082
78081
78063
78046
78047
78064
78065
78048
78031
78030
78029
78028
78045
78044
78027
78026
78016
78007
77998
77991
77984
77977
77962
77963
77946
77947
77964
77965
77948
77949
77966
77967
77950
77951
77937
77926
77927
77928
77938
77929
77930
77915
77907
77899
77890
77891
74412
77862
79065
77852
77835
77834
77817
77818
74409
77790
77772
77755
79064
79063
77741
77727
79062
79061
77713
77699
79060
79059
77685
77684
77670
77669
77655
77656
77671
79058
79057
77657
77643
79056
79055
79054
77615
77614
77613
77612
77626
77627
77628
77629
77642
77641
77640
77654
77668
77639
77625
77624
77638
77652
77653
77667
77666
77680
77681
77695
77694
77708
77722
77736
77737
77723
77709
77696
77682
77683
77697
77698
77712
77726
77740
77754
77771
77789
77806
77805
74408
77788
77770
77753
77739
77725
77711
77710
77724
77738
77752
77769
77768
77786
77785
77767
77751
77750
77766
77765
77764
77782
77783
77784
77801
77800
77799
77781
77763
74407
77749
77748
77747
77746
77732
77733
77734
77735
77720
77721
77707
77706
77692
77678
77693
77679
77665
77664
77651
77637
77623
77610
77611
77598
77599
77600
77582
77581
77568
77554
77555
77569
77556
77570
77583
77584
74406
77601
79053
79052
79051
77571
77557
79050
79049
77543
77529
79048
79047
77515
77514
77528
77542
77527
77541
77540
77526
77511
77497
77483
77482
77496
77510
77524
77525
77539
77538
77552
77553
77567
77566
77579
77580
77597
77596
77595
77594
77593
77592
77609
77608
77622
77621
77607
77606
77589
77590
77591
77577
77576
77563
77549
77548
77534
77533
77532
77518
77517
77531
77545
77546
77547
77562
77561
74405
77574
77575
77588
77605
77619
77620
77634
77635
77636
77650
77649
77648
77663
77677
77691
77705
77719
77718
77704
77690
77676
77662
77661
77647
77646
77660
77674
77675
77689
77703
77717
77731
77730
77729
77743
77757
77756
74187
77742
74186
77728
74185
77714
74184
77715
77716
77702
77688
77673
77687
77701
77700
74183
77686
74182
77672
74181
77659
74180
77658
77644
74179
77630
74178
77616
74177
77602
74176
77585
77586
77603
77617
77631
77645
77633
77632
77618
77604
77587
77560
77559
77573
77572
77558
74175
77544
74174
77530
74173
77516
74172
77503
74171
77502
77488
74170
77474
74169
77461
77445
77430
77431
77446
77447
77432
77418
77417
74168
77416
77402
74167
77387
74166
77372
74165
77356
74164
77340
74163
77324
77306
77288
77289
77307
77308
77290
77291
77309
77310
77328
77327
77343
77342
77326
77325
77341
77357
77373
77388
77403
77404
77389
77390
77375
77374
77358
77359
77344
77360
77376
77377
77378
77393
77392
77391
77406
77405
77419
77433
77434
77449
77448
77464
77463
77462
77475
77476
77477
77478
77465
77479
77480
77494
77493
77492
77491
77490
77489
77504
77505
77519
77520
77506
77507
77508
77522
77521
77535
77536
77550
77564
77578
77565
77551
77537
77523
77509
77495
77481
77467
77466
74403
77451
77450
77435
77421
77420
77407
77408
77422
77436
77452
77437
77438
77423
77409
77394
77379
77363
77347
77346
77362
77361
77345
77330
77329
77311
77293
77312
77313
77331
77332
77314
77348
77364
77380
77395
77410
77424
74399
77453
77454
77455
77468
77469
77456
74401
77457
74404
77470
77484
77498
77512
77513
77499
77485
77471
77458
77442
77443
77459
77472
77486
77500
77501
79046
79045
77487
77473
77460
77444
77429
77428
77427
77413
77399
77384
77370
77385
77400
77414
77415
77401
79044
77386
77371
79043
79042
77355
77354
77353
77369
77368
77367
77382
77383
74397
77398
77397
77412
74398
77426
77441
74402
77440
74400
77439
77425
77411
77396
77381
74396
77366
77365
77349
77350
77351
77335
77336
77352
77337
77338
77339
77323
77305
77304
77322
77321
77320
77319
77283
77284
77269
77252
77238
77199
77198
77197
77196
77209
74389
77195
77182
77181
77167
77168
77154
77140
77125
77124
77139
77153
74388
77138
77137
77152
77166
77180
77194
77208
77221
74390
77222
77223
77237
77251
74391
77267
77268
77282
77266
77281
77280
74394
74393
77264
77263
77265
74392
77249
77250
77236
77235
77179
77178
77164
77163
77177
77176
77189
77203
77216
77215
77202
77188
77174
77175
77161
77162
77149
77150
77165
77151
77136
77135
77134
77120
77119
77133
77148
77147
77146
77160
77132
77116
77104
77091
74153
77078
77066
77050
77051
77052
77068
77067
77079
77092
77094
77106
77107
77095
77082
77083
77096
77108
74387
77121
74383
77059
77058
77057
77042
77028
77027
79574
79573
79572
81380
79571
81386
81392
81398
81412
81413
81430
81446
81445
81429
81428
81444
81461
79581
81470
81462
81463
81471
81481
82778
82779
81491
81490
81480
81479
81469
81478
81488
81498
81515
81516
81489
79582
81499
81500
79583
82780
82781
82782
82783
81563
81570
79584
79585
81577
81584
79586
81591
81592
82784
81609
81625
81642
81641
81640
81624
81608
81607
81623
81622
81606
81590
81583
81576
81569
81562
81554
81555
81556
81539
81538
81537
81523
81514
81513
81512
81511
81510
81509
81508
81507
81506
81522
81521
81528
81545
81546
81529
81530
81547
81548
81531
81532
81549
81550
81533
81534
81535
81536
81553
81552
81551
81603
81602
81601
81617
81634
81635
81636
81637
81620
81619
81618
81604
81605
81621
81638
81639
81647
81664
81663
81662
81661
81660
81659
81658
81657
81656
81655
81654
81653
81668
81667
81674
81675
81669
81676
81683
81691
81692
79596
81693
81694
81695
81696
81697
81698
81699
81700
81684
81677
81670
81671
81672
81665
79589
81648
81649
82785
79590
79591
81679
81686
82786
82787
81731
79598
81714
81708
81702
79595
79593
79592
81678
81685
79594
81701
81707
79597
81712
81713
81730
79600
81736
81737
81741
81742
81746
81745
81744
79603
81740
79602
81735
81729
81728
81727
81726
81725
81724
81723
81722
81721
81720
81719
79599
81718
81711
81706
81690
81682
81681
81689
81688
81704
81705
81710
81716
81717
79601
81734
81733
81739
81743
79332
81738
81732
81715
81709
79331
81703
81687
81680
79330
81673
79329
81666
79328
81650
81643
81651
81652
81644
79588
81645
81646
81629
81630
81613
81614
81631
81632
81633
81616
81600
81615
81599
81598
81597
79587
81589
81582
81588
81596
81612
81628
81627
81611
81595
81594
81586
81587
81579
81580
81581
81574
81575
81568
81561
81544
81543
81527
81520
81519
81526
81542
81559
81560
81567
81573
81566
81565
81558
81541
81540
79320
81557
79321
81564
81571
79322
81572
79323
81578
79324
81585
79325
81593
79326
81610
81626
79327
85787
84963
84962
84959
84958
84939
83351
84940
84936
83350
84935
84931
83349
84932
84928
83348
84927
84911
84910
84892
84872
84853
84834
84798
84797
84796
84795
84794
84793
84792
84791
84790
84771
84751
84752
84753
84772
84773
84754
84755
84774
84775
84776
84756
84757
84758
84777
84778
84779
84760
84759
84730
84729
84728
84727
84726
84725
84724
84723
84722
84721
84720
84719
84718
84717
84716
84715
84714
84711
84708
84705
84702
84699
84696
84693
84692
84695
84698
84701
84704
84707
84710
84713
84732
84736
84737
84733
84750
84769
84770
84789
84788
84787
83339
83338
84768
84749
83337
84745
84741
84740
84744
84748
84767
84786
84805
84808
84811
84814
84817
83343
84821
83344
83345
84859
84840
84841
84860
84861
84842
84823
84822
84843
84824
84825
84826
84845
84846
84847
84827
84828
84829
84848
84867
84868
84849
84830
84831
84832
84833
84852
84851
84850
84869
84889
84890
84870
84871
84891
84909
84908
84907
84888
84906
84905
84904
84887
84886
84866
84865
84864
84844
84863
84862
84882
84883
84884
84885
84903
84902
84901
84900
84899
84898
84881
84880
84879
84878
83347
84897
84916
84921
84926
84930
84934
84938
83352
84942
84943
84944
84945
84946
84947
84948
84949
84950
84951
84952
84953
84954
84955
84956
84957
84961
84965
84969
84973
84977
84978
84974
84970
84966
84967
85788
85789
84971
84975
85790
85791
84979
84997
84996
83354
85001
85005
83356
85004
85000
84995
84994
84993
84992
84991
84990
84989
84988
84987
84986
84985
84984
84983
84982
84981
83353
84999
83355
85003
85008
85007
85013
85019
85014
83357
85020
85021
85022
85023
85024
85025
85026
85027
85046
85045
85044
85043
85042
85041
85040
85039
85038
85037
85056
83123
83122
85018
83121
85012
83120
85006
83119
85002
84998
83118
84980
83117
84976
83116
84972
83115
84968
83114
84964
83113
84960
83112
84941
83111
84937
83110
84933
83109
84929
83108
84925
83107
84920
83106
84915
83105
84896
83104
84877
84858
83103
84839
83102
84820
83101
84816
83100
84813
83099
84810
83098
84807
83097
84804
83096
84785
83095
84766
83094
84747
83093
84743
83092
84739
83091
84735
83090
84731
83089
84712
84709
83088
84706
83087
84703
83086
84700
83085
84697
83084
84694
83083
84691
83082
84688
83081
84685
83080
84681
83079
84677
83078
84673
83077
84668
83076
84662
83075
84656
83074
84652
84648
83073
84644
83072
84640
83071
84636
83070
84617
83069
84613
83068
84609
83067
84605
83066
84601
83065
84597
83064
84593
83063
84589
83062
84584
83061
84579
83060
84574
83059
84570
84571
84575
84580
84585
84586
84581
84576
83319
84543
84544
84545
84546
84547
84548
84549
84550
84551
84552
84553
84554
84555
84556
84557
84562
84563
84564
84558
84539
84538
84535
83317
83316
84532
84533
84536
85758
84540
84559
85759
85760
84569
84568
84567
83320
84572
84573
85761
84578
84583
85762
85763
84588
83321
84577
84582
84587
84592
84596
84600
83323
83322
85764
83324
83325
84604
84608
84612
84616
83326
84635
84634
84633
84632
84631
84630
84629
84628
84627
84626
84625
84624
84623
84622
84621
84620
84619
84615
84611
84607
84603
84599
84595
84591
84590
84594
84598
84602
84606
84610
84614
83327
84618
84637
84641
84645
84649
83330
84653
84658
84657
84663
84669
84674
84678
84682
84686
84689
84690
84687
84683
84679
84675
84670
84664
84638
84639
85765
85766
84643
84642
84646
83328
84650
84654
84655
84651
83329
84647
83331
85767
84661
84660
84659
84665
83332
84671
83333
84666
84667
85768
84672
84676
84680
83334
83335
84684
83336
85769
85770
85771
85772
85773
85774
85775
85776
85777
85778
84734
84738
85779
85780
84742
85781
84746
84765
84784
84783
84764
84763
84782
84781
84762
84761
84780
84799
84800
84801
84802
84803
85782
84806
84809
83340
83341
84812
84815
83342
84818
84819
85783
84838
84837
84836
84835
84854
84855
84856
84857
84876
84895
83346
84894
84875
84874
84873
84893
84912
84917
84922
84923
84924
85786
85785
84919
84918
84913
84914
85784
81501
79319
81517
81524
81525
81518
81502
81493
79318
81492
81482
79317
81472
79316
81464
81447
79315
81431
79314
81414
79313
81399
81400
81415
81432
81448
81465
81466
81474
81473
81483
81484
81485
81475
81476
81486
81495
81494
81503
81504
81505
81496
81497
81487
81477
81468
79580
81451
81434
81417
81433
81450
81467
81449
79579
79578
81416
79577
79575
79576
81395
81396
81401
81418
81419
81402
81403
81404
81405
81406
81407
81408
81409
81426
81442
81441
81425
81424
81440
81439
81423
81422
81421
81420
81436
81435
81452
81453
81454
81437
81438
81455
81456
81457
81458
81459
81460
81443
81427
81411
81410
81397
81391
81385
81379
81374
81368
81362
81356
81350
81344
81338
81332
81326
81320
81314
81308
81302
81296
81290
81283
81282
81281
81280
81279
81278
81277
81276
81275
81274
81265
81264
81246
81232
79565
81247
81233
81216
81215
81214
81231
81230
79564
81245
81262
81271
81263
79567
81272
81273
81289
81288
81294
81300
81295
81301
81307
81306
81312
81313
81319
81325
81331
81337
81343
81349
81355
81361
81367
81373
81378
81384
81390
81389
81383
81377
81372
81366
81360
81354
81348
81342
81336
81330
81324
81318
81305
81311
81317
81323
81329
81335
81341
81347
81353
81359
81365
81371
81376
81382
81388
81394
81393
79312
81387
79311
81381
79310
81375
79309
81370
79308
81364
79307
81358
79306
81352
79305
81346
79304
81340
79303
81334
79302
81328
79301
81322
79300
81316
79299
81310
79298
81304
79297
81298
79296
81292
79295
81299
81293
81287
81286
79294
81270
79293
81261
79292
81229
81212
81213
81196
79291
81195
81179
79290
81163
81147
81164
81180
79562
81197
81181
81165
79559
81149
79557
81148
81132
81131
79289
81130
81119
79288
81108
79287
81098
79286
81082
81083
81066
79285
81065
81048
79284
81040
79283
81032
79282
81015
79281
81007
79280
80991
79279
80983
80976
80968
79278
80960
80961
80969
80970
79546
80977
80984
79549
80992
81008
81017
81016
79550
81033
81041
81049
81067
81084
81100
81110
81099
81109
81120
81121
81133
81122
81111
81101
81085
81068
81050
79552
81042
81034
81018
81035
81043
81052
81051
79553
81069
81070
81053
81054
81055
81056
81073
81091
81090
81072
81071
81089
81088
81087
81086
81102
81112
81123
79556
79558
81150
79560
81166
81182
81198
81199
81217
81234
81248
81235
81249
81250
81251
81252
81253
81254
81255
81240
81241
81224
81223
81206
81225
81242
81257
81256
79566
81266
81267
81284
81285
81291
81297
81303
81309
81315
81321
81327
81333
81339
81345
81351
81357
81363
79570
81369
82777
82776
82775
82774
82773
82772
82771
82770
82769
82768
82767
82766
79569
79568
81269
81268
81258
81259
81260
81244
81243
79563
81227
81226
81208
81207
81190
81191
81209
81192
81193
81210
81228
81211
81194
81178
81177
81161
81162
81146
81129
81128
81145
81144
81160
81176
81175
81174
81173
81189
81188
81205
81204
81222
81239
81238
81237
81236
81219
81218
81200
81201
81183
79561
81167
81151
81135
81134
81124
81113
81103
81136
81137
81138
81139
81140
81155
81154
81170
81169
81153
81152
81168
81184
81185
81202
81220
81221
81203
81186
81187
81171
81172
81156
81157
81141
81142
81158
81159
81143
81127
81126
81125
81114
81104
81105
81115
81116
81106
81097
81096
81095
81077
81094
81076
81075
81093
81092
81074
81057
81058
81059
81060
81061
81078
81079
81080
81081
79554
79555
81107
81117
81118
82764
82765
76674
76666
74127
76667
76675
76683
76682
74128
76699
74129
76709
74130
76719
74131
76729
74132
76739
76740
76730
76720
76721
76711
76710
76700
76701
76684
76685
76702
76712
76722
76723
76713
76703
76686
76687
76688
76689
76690
76691
76692
76693
76694
76678
76679
76671
76670
76662
76654
76646
76647
76648
76656
76655
76663
76664
76672
76680
76695
76704
76714
76724
76734
76726
76716
76737
76738
79014
79015
76748
76765
76774
79016
79017
76785
76784
76795
76796
79018
79019
76807
76806
76794
76805
76804
76793
76782
76783
76772
76773
76764
76747
76763
76762
76771
76770
76781
76792
76803
76814
76825
74375
76842
76843
76853
76854
76855
76866
76877
76878
76867
76856
76845
76844
76827
76826
76815
76816
76817
76828
76818
79020
79021
76829
74376
79022
79023
79024
79025
79026
79027
71411
71426
71427
71412
71413
71428
71443
71472
71457
71442
71441
71456
71471
71486
71501
71516
71531
71546
71561
71577
71578
71594
71612
71613
71595
71596
71597
71598
68582
71615
71631
71630
71647
71648
71649
71632
71633
71634
71635
71636
71619
71603
71604
71587
71586
71585
71602
71618
71617
71601
71583
71584
71568
71553
71554
71539
71540
71525
71524
71523
71508
71509
71494
71493
71478
71479
71480
71481
71496
71511
71526
71541
71556
71555
71569
71570
71571
71557
71542
71527
71528
71543
71558
71573
71572
71588
71589
71607
71623
71622
71606
71605
71621
71620
71637
71654
71671
71653
71670
71687
71686
68585
71685
71701
71700
71699
71716
71717
71718
71734
68590
71748
71749
71735
71719
71702
71703
71704
71688
71689
71705
71722
71721
71720
71736
71750
71751
71752
71737
71738
71739
71723
71724
68589
71725
71708
71707
71706
71690
71672
71673
71674
68586
71691
71675
73886
73885
71658
71657
71656
71655
71638
71639
71640
71641
73884
71624
71608
71590
71574
73883
73882
71559
71544
73881
71529
73880
73879
71514
71499
73878
73877
71484
71469
73876
73875
71454
71439
73874
73873
71424
71409
71393
71392
71391
71390
71389
71405
71404
71388
71387
71373
71374
71359
71358
71343
68575
71342
71326
71309
71308
71325
71324
71307
71306
71291
71290
71289
71304
71305
71322
71321
71320
71337
71351
71352
71338
71339
71323
71340
71341
71355
71354
71353
71369
71368
71382
71381
71396
71395
68580
71380
68579
68577
71366
71367
71350
68576
71335
71318
71301
71302
71319
71336
71303
71272
71273
71274
71257
71256
71241
71242
71226
71225
71210
71196
68565
71211
68567
71227
71243
68568
71258
71259
71260
71244
71228
71212
68566
71198
71232
71247
71246
71231
71215
71201
71186
71170
71155
71156
71157
71173
71203
71188
71172
71171
71187
71202
71216
71217
71218
71219
71204
68564
71189
71190
71174
71158
71143
68557
71130
68555
71115
71116
71098
71097
71096
71095
71094
71112
71111
71110
71125
71126
71127
71128
71113
71114
71129
71142
71141
71140
71139
71138
71153
71154
71169
71168
71152
68560
71166
71183
71197
68563
71182
71181
71180
71164
71165
71149
71148
71147
71146
71133
71132
71118
71101
71119
71120
71134
71135
71136
71123
71122
71121
71103
71102
71068
71067
71051
71050
71066
71081
71065
71049
71032
71015
71016
71033
71034
71018
71019
71003
71002
71001
71017
71000
70999
70982
70983
70984
70985
70986
70971
70970
70956
70955
70969
70968
70967
70953
70954
70940
70939
70925
70926
70927
70941
70942
70928
70929
70943
70944
70945
70959
70958
70957
70972
70987
71004
71020
71021
71005
70988
70973
70989
70990
68548
71006
68550
71022
68551
71039
71040
68552
71057
71041
71042
71043
71044
71027
71010
71009
71026
71025
71024
71023
71007
70991
70992
68549
71008
70993
70994
70995
70978
70977
70962
70948
70949
70963
70964
70950
70936
70937
70951
70965
70980
70979
70996
71011
71028
71029
71012
70997
71013
71030
71047
71046
71045
71061
71078
71079
71062
71063
68554
71080
71064
71048
73867
73866
71031
71014
73865
70998
68547
70981
70966
68544
68542
70952
70938
73864
73863
70924
70910
70923
70922
70909
68539
70895
70878
70894
70893
70908
70921
70935
70934
70920
70919
70933
70947
70961
70976
70975
68546
68545
70974
70960
68543
70946
68541
70932
70918
70905
70906
70907
70892
70877
70876
70861
70846
70845
70860
70875
70891
70890
70889
70888
70887
70904
70917
70931
70930
68540
70916
70903
70886
70872
70857
70841
70856
70855
70840
70839
70838
70853
70854
70869
70870
70871
68538
70915
70914
70901
70902
70885
70884
70883
70882
70899
70900
70913
70912
70911
68303
70898
68302
70881
68301
70866
68300
70867
70868
70852
68299
70851
70836
68298
70821
68297
70807
70837
70822
70808
70792
70791
70777
70760
68296
70742
70743
68534
70761
70779
70778
70793
70794
70810
70809
70823
70824
70825
70826
70812
70811
70795
70796
70782
70781
70780
70762
70763
70746
70728
70727
70745
70744
70726
70725
70724
70708
70694
68295
70680
68294
70666
68293
70652
68292
70653
70654
70668
70682
70683
70667
70681
70695
70696
68532
70709
70710
70697
70698
70711
70712
70729
70747
70764
70765
70748
70730
70713
70700
70701
70714
70731
70749
70766
68535
70783
68536
70813
70827
70842
70843
70858
70873
70874
70859
70844
70828
70829
70814
68537
70797
70798
70799
70800
70785
70786
70801
70815
70830
70831
70816
70817
70818
70833
70832
70847
70862
70863
70848
70819
70834
70849
70864
70879
70896
70897
70880
73862
70865
73861
73860
70850
70835
73859
73858
70820
70806
70805
70789
70804
70803
70802
70787
70788
70773
70756
70738
70720
70719
70704
70703
70702
70717
70735
70753
70754
70736
70718
70737
70755
70772
70771
70770
70769
70752
70751
70768
70784
70767
70750
70732
70733
70734
70716
70715
68533
70687
70686
70685
70699
70684
70670
70669
70655
70656
70657
70671
70672
70673
70659
70658
70644
70645
70632
70631
70630
70643
70642
70641
70640
70639
68531
70626
70625
68291
70611
68290
70597
68289
70598
70581
70582
70567
70551
70536
70537
70538
70552
70568
70583
70569
70584
70601
70615
70614
70600
70599
70612
70613
70627
70628
70629
70616
70617
70618
70604
70587
70588
70589
70590
70558
70559
70560
70543
70542
70529
70528
70527
70526
70525
70524
68528
70556
70557
70572
70540
70522
70520
70492
70491
70490
70475
70476
70494
70461
70460
70459
70444
70428
70427
70443
70458
68522
70442
70426
70410
70411
70412
70413
70414
70399
70398
70397
70396
70395
70380
70365
70364
70379
70394
70409
70425
68282
70441
68283
70457
68284
70474
70489
68285
70505
68286
70518
68287
70535
68288
70549
70550
68529
70566
70580
78988
76261
76260
76272
76273
76284
76283
76282
76281
76270
76271
76259
76258
76246
76234
76222
76210
76211
76223
76235
76247
76248
76249
76237
76236
76224
76212
76200
76199
76198
76186
76187
76188
76189
76177
76176
76175
76174
76162
76149
76138
76127
76114
76115
76098
76097
76096
76113
76112
76111
76094
76095
76079
76078
76077
76076
76093
76110
76092
76109
76126
76137
74352
76161
76173
76185
76197
76209
76221
76233
76245
76257
76269
76280
76294
76293
76311
76327
76326
76310
76292
76291
76309
76325
76324
76323
76307
76308
76290
76289
76279
76268
76267
76255
76256
76244
76232
76220
76208
76196
76195
76207
76219
76231
76243
76242
76254
76266
76277
76278
76288
76306
76322
76321
76320
76319
76303
76304
76305
76287
74354
76276
76275
76264
76252
76265
76253
76241
76240
76228
76229
76230
76218
76217
76216
76204
76205
76206
76194
76193
76192
76180
76181
76182
76183
76184
76172
76171
76170
76169
76168
76156
76157
76158
76159
76160
76148
76136
76125
76108
76091
76074
76075
76064
76053
76042
76031
76030
76029
76041
76052
76063
76062
76073
76090
76107
76124
76123
74351
76134
76135
76147
76146
76145
74350
76106
76089
74349
74348
76072
76061
74347
76050
76051
76040
76039
76028
76012
75999
74345
75987
74344
75976
74342
75965
74340
75948
75949
75938
75922
75908
75890
75889
75921
75937
75964
75975
75986
75998
76011
76010
74091
76027
74092
76038
74093
76049
76060
74094
76071
74095
76088
74096
76105
74097
76122
76133
76144
74098
76155
74099
76167
74100
76179
74101
76191
74102
76203
74103
76215
74104
76227
74105
76239
74106
76251
74107
76263
74108
76274
74109
76285
76286
76302
76318
76336
76354
74110
76355
76337
76338
76339
76340
76356
76368
76369
76357
76358
76341
76342
76343
76344
76345
76346
76347
76348
76330
76329
76328
76312
76313
76295
76296
74355
76297
76298
76314
76315
76299
76300
76316
76334
76333
76332
76331
76349
76350
76351
76363
76379
76389
76399
76410
76427
76428
76445
76462
76461
76460
76459
76470
76469
76479
76489
76499
76500
76490
76480
76481
76471
76472
76482
76492
76491
76501
76502
76512
76522
76521
76511
76510
76509
76519
76520
76530
76529
76539
76540
76549
76548
76558
76559
76569
76580
76579
76594
76605
74366
76593
76592
76577
76567
76557
76547
76538
76528
76518
76508
76498
76488
76478
76468
76456
76455
76439
76457
76458
76442
76443
76444
76426
76409
76408
76397
76398
76388
76378
74357
76362
76361
76360
76377
76386
76387
76396
76407
76425
76424
76441
76440
76423
76422
76406
76395
76385
76375
76376
76359
76374
76373
76372
76371
76370
76384
76394
76405
76404
76393
76383
76382
76392
76403
76415
76414
76391
76381
76367
76366
76365
74111
76380
74112
76390
74113
76401
76402
76413
76412
76429
76430
76431
76432
76449
76448
76465
76466
76450
76433
76416
76417
76418
76434
76435
76436
76419
76420
76421
76438
76437
76454
76453
76452
76451
76467
76477
76487
76486
76476
76475
76485
76495
76496
76497
76507
76517
76516
76506
76505
76515
76525
76535
76545
76536
76526
76527
76537
76546
74363
76566
76576
76587
76588
76589
76590
76591
76604
76620
76637
76619
76618
76636
76635
76617
76616
76615
76633
76634
74369
76645
76653
76661
76669
76677
76676
74370
76668
76660
76652
76644
76643
76630
76631
76632
76614
76613
76602
76601
76600
76611
76612
76629
76642
76651
76659
76658
74126
76650
74125
76641
76628
76610
76599
76582
74124
76572
74123
76562
74122
76552
76553
76554
76564
76563
76573
74364
76583
76574
76584
76585
76586
74365
76603
76575
76565
76556
76555
76544
74362
76543
76534
76524
76514
76504
76494
76484
76474
76464
76447
76446
74114
76463
74115
76473
74116
76483
74117
76493
74118
76503
74119
76513
74120
76523
74121
76533
82760
82761
80982
80990
81006
81005
81013
81030
79551
81039
81031
81014
82762
82763
81047
81064
81063
81062
81046
81045
81044
81036
81027
81026
81025
81024
81023
81022
81021
81020
81019
81009
80994
80993
80986
80985
80978
80971
80963
80962
80953
80954
80944
80943
80952
80951
79277
80942
79276
80934
79275
80933
80917
80918
80935
80919
79539
80903
80920
80936
80945
80946
80955
79544
79547
80995
80996
80997
80998
80999
81000
81001
81002
81010
81011
81028
81037
81038
81029
81012
81004
81003
80987
79548
80979
80972
80973
80965
80958
80959
80966
80974
80981
80989
80988
80980
80975
80967
79543
79542
80950
80941
80940
80949
80948
80957
80964
79545
80956
80947
80938
80939
80932
79541
79540
80916
80900
79538
79537
80892
80884
82759
82758
80876
80869
80868
80867
80875
80883
80882
80874
80866
80865
80864
80850
80849
80848
80847
80846
80845
80844
80858
80859
80860
80861
80862
80863
80873
80881
80890
80889
80897
80898
80891
80899
80915
80914
80931
80930
80913
80912
80929
80928
80911
80910
80927
80926
80925
80909
80908
80907
80924
80923
80906
80905
80922
80937
80921
80904
80896
80895
80887
80888
80880
80879
80871
80855
80872
80856
80857
80843
80842
80834
80818
80819
80820
80821
80822
80823
80824
80825
80826
80827
80835
79534
80851
80852
80836
80828
80829
79533
80837
79535
80830
80813
80805
80804
80812
80803
80811
79531
80802
79530
80792
80793
80794
80795
80796
80779
80778
80761
80762
80745
80744
80737
80730
80723
80724
80731
80738
82757
82756
82755
82754
82753
82752
82751
82750
82749
82748
79526
80659
80652
82747
80635
80618
79519
79518
79517
82746
80561
80544
80543
80560
80559
80542
80541
79514
80517
80509
80510
80518
80525
80526
80527
80519
82745
80511
82744
82743
80504
80503
79512
80486
79511
80487
82742
82741
80470
80463
79510
80456
80457
80439
82740
79508
79507
80426
80425
80408
80424
80423
80422
80421
80420
80419
80418
80417
80416
80415
80414
80413
79506
80407
80406
80405
80411
80412
80428
80429
80433
80432
80436
80437
80442
80441
80459
80460
80466
80467
80461
80443
79509
80444
80445
80446
80447
80448
80449
80450
80451
80452
80453
80454
80430
80434
80438
80455
80462
80468
80469
80485
80484
80483
80502
80501
80500
80499
80482
80481
80498
80497
80480
80479
80478
80496
80495
80494
80477
79513
80493
80476
80475
80474
80473
80465
80464
79246
80458
79245
80440
80435
80431
79244
80427
79243
80410
79242
80404
79241
80397
79240
80389
79239
80381
79238
80375
80376
80382
80390
80398
80399
80400
80392
80391
80383
80377
80384
79502
80371
80365
80360
80308
80309
80292
80291
80290
80307
80324
80329
80334
80339
79500
80344
80345
80346
80347
80348
80349
80350
80351
80352
80353
80354
80355
79501
80366
80372
79503
80378
80386
80385
80393
79504
80401
80394
80395
80402
79505
80409
80403
80396
82739
82738
80388
80387
80379
80380
82737
80374
80373
80367
80361
80356
80340
80335
80330
80325
80318
80319
80302
80301
80300
80317
80316
80315
80298
80299
80282
80281
80280
80265
80266
80267
80268
80283
80284
80269
80285
80270
79494
80271
80287
80286
80303
80320
79496
79497
79498
79499
80341
80357
80362
80368
82736
80336
80331
80326
80321
80304
82735
80255
79493
80251
79492
79491
80247
80243
82734
82733
80239
80235
82732
80231
82731
82730
82729
82728
82727
82726
82725
82724
82723
80199
80203
80207
80211
80215
80219
80223
80227
80264
80279
80296
80297
80314
80313
80312
80295
80311
80310
80293
80294
80277
80278
80263
80262
80276
80261
80260
80259
80275
80274
79495
80258
80257
80253
80254
80250
80246
80249
80245
80241
80237
80233
80242
80238
80234
80230
80226
80229
80225
80221
80217
80222
80218
80214
80213
80209
80210
80206
80202
80198
80205
80201
80197
80193
80194
80177
80176
80173
80170
80171
80174
80178
80179
80180
80181
80182
80183
80184
80185
80186
80187
80188
80189
80190
80191
80195
82722
82721
82720
82719
82718
80165
79490
80161
80158
80155
80154
80153
80152
80151
80135
80136
80137
80138
80139
80123
80118
80113
80114
82716
82717
80119
79483
79484
79485
79487
79489
75304
75319
75320
75305
75306
75321
75337
75338
75323
75322
75307
75308
75293
75292
75291
75276
75262
75261
75275
75290
75289
75274
75260
75248
75247
75231
75232
75218
75191
75192
74304
75206
75219
75220
75221
75234
75233
75249
75250
75235
75222
75237
75238
75239
74311
75280
75295
75296
75297
75298
75299
75286
75301
75330
75346
74312
75331
75316
75317
75332
78947
78946
75302
78945
75287
75272
75258
75257
75271
75270
75269
75268
74310
74309
75254
75241
74307
74305
75225
75212
75213
75226
75227
75228
75244
75243
75242
75255
75256
75245
75229
75216
78944
75204
74303
75203
75215
75214
75188
75187
75202
75201
74302
75186
75175
75164
75165
75176
75177
75178
74301
75189
75179
78943
75168
78942
78941
75157
75156
75140
74299
75130
78940
78939
75119
75118
75107
75106
75089
75079
75069
75068
75057
75048
75049
75040
75031
75030
75029
75019
75018
75017
75016
75015
75014
75013
74293
75004
74994
74984
74974
74959
74960
74945
74933
74921
74908
74896
74884
74872
74856
74857
74858
74859
74860
74895
74883
74871
74870
74853
74852
74869
74851
74850
74033
74868
74034
74880
74035
74892
74036
74904
74037
74917
74038
74929
74039
74941
74930
74931
74919
74918
74905
74893
74881
74882
74894
74906
74907
74920
74932
74944
74958
74973
74971
74981
74991
75002
75001
75010
75011
75003
75012
75027
75036
75035
75026
75025
75034
75043
75044
75045
75028
75037
75046
74295
75055
74296
75066
75076
75075
75096
75074
75065
75064
75063
75054
75053
75052
75062
82713
82712
80018
79475
80014
80017
80021
80022
80026
80042
80041
80025
80040
80039
80038
80037
80036
80035
80034
80033
80032
80031
80030
80029
79476
80028
79203
80027
79204
80044
79205
80049
80045
80046
80050
80051
80052
79478
80053
80054
80055
80056
80057
80058
80059
80060
80061
80062
80063
79479
80068
80064
80047
80048
79477
80043
80065
80069
80085
80084
82714
82715
79482
80109
80105
80102
80101
80083
80082
80100
80099
80081
80080
80079
80078
80098
80097
80096
80095
80077
80076
80094
80093
80075
80074
80092
80091
80090
80073
80072
79480
80071
80067
80066
80070
80086
80087
80103
79481
80104
80088
80089
80108
80107
79206
80106
79207
80110
79208
80115
79209
80120
80121
80116
80111
80112
80117
80122
80126
80127
80143
80144
80128
80145
80129
80130
80131
80132
80133
80134
80150
80149
80148
80147
80146
80168
80167
80163
80164
80160
79488
80157
79486
80142
80141
80125
80124
80140
80156
80159
79210
80162
79211
80166
79212
80169
79213
80172
80175
79214
80192
79215
80196
79216
80200
79217
80204
79218
80208
79219
80212
79220
80216
79221
80220
79222
80224
79223
80228
79224
80232
79225
80236
79226
80240
79227
80244
79228
80248
79229
80252
80256
80272
79230
80273
80289
80306
80323
80328
80333
80338
80343
80359
80364
80370
80369
79237
80363
79236
80358
79235
80342
80337
79234
80332
79233
80327
79232
80322
79231
80305
80288
85724
84047
85725
84051
84055
83287
83288
84059
84063
83289
83290
84067
83291
84086
85726
84105
84104
84103
84123
84124
84143
84142
84147
85727
84166
84185
84184
84203
84204
84208
84212
85728
85729
84216
85730
84220
84224
85731
85732
84228
84227
84223
84219
84215
84211
84207
83298
84202
84201
84200
84199
84180
84179
84198
84197
84178
84160
84159
84158
84157
84177
84196
84195
84176
84175
84194
84193
84192
84173
84174
84156
84155
84154
84153
84172
84191
84190
84171
84170
84189
84188
84169
84168
83296
83297
84187
84206
84210
84214
84218
84222
84226
84230
83300
84234
83301
84257
84262
84267
84235
84236
84237
84238
84239
84240
84241
84242
84243
84244
84245
84246
84247
84248
84249
84250
83299
84231
84232
84251
85733
80488
80471
80472
80489
80490
80491
80492
80516
80515
80508
80507
80514
80522
80529
79515
80521
80513
80506
80505
79247
80512
79248
80520
79249
80528
80545
79250
79516
80546
80564
80581
80589
80590
80598
80597
80596
80588
80580
80563
80562
79251
80579
79252
80587
79253
80595
80603
80619
79254
80620
80604
80605
80621
80638
80639
80663
80664
80665
80666
80667
80668
80669
80670
80671
80672
80673
80656
80649
80648
80630
80615
80614
80629
80647
80646
80628
80613
80612
80627
80645
80644
80626
80643
80625
80611
80610
80609
80624
80642
80641
79523
80640
80622
79521
80606
80607
80608
80623
80599
80591
80583
80582
80565
80566
80548
80547
80530
80523
80524
80531
80532
80549
80567
80568
80569
80551
80550
80533
80534
80535
80552
80570
80571
80572
80554
80553
80536
80537
80538
80555
80573
80574
80575
80556
80539
80540
80557
80558
80576
80584
80592
80593
80585
80577
80578
80586
80594
80602
80601
80600
79520
80616
80633
80632
80631
79524
80650
80634
80617
79522
80651
80658
80657
79525
80674
80675
80682
80689
80696
80703
80710
80717
80716
80709
80702
80695
80688
80681
80680
80687
80694
80701
80708
80715
80722
80729
80736
80743
80758
80759
80760
80777
80776
80775
80774
80791
80790
80773
80757
80756
80755
80754
80771
80772
80789
80788
80787
80786
80769
80770
80753
80752
80751
80750
80767
80768
80785
80784
79529
80766
80749
80748
79528
80765
80783
80782
80781
80764
80747
80740
80741
79527
80742
80734
80733
80726
80719
80712
80713
80720
80727
80735
80728
80721
80714
80707
80700
80693
80686
80679
80678
80677
80661
80662
80655
80654
80637
80636
80653
80660
79255
80676
79256
80683
79257
80690
79258
80697
80698
80691
80684
80685
80692
80699
80706
80705
79259
80704
79260
80711
79261
80718
79262
80725
79263
80732
79264
80739
79265
80746
79266
80763
79267
80780
79268
80797
79269
80806
79270
80814
80815
80807
80798
80799
80808
80809
80800
80801
80810
80817
80816
79532
80833
80841
80840
80854
79536
80878
80886
80894
80902
80901
79274
80893
79273
80885
79272
80877
79271
80870
80853
80838
80839
80832
80831
85753
85754
84453
84458
85755
85756
84463
84467
84466
83311
84461
84462
84457
84452
84451
84456
84481
84482
84483
84502
84503
84504
84484
84485
84486
84505
84524
85757
84527
84530
84529
83315
84526
84523
84522
84521
84520
84501
84500
84519
84518
84517
84498
84499
84480
84479
84478
84497
84496
84477
84476
84495
84516
84515
84514
84513
84494
84475
84474
84473
84472
84471
84450
84455
84460
84465
83312
84469
84470
84489
84490
84491
84492
84493
84512
84511
84510
84509
84508
84507
84488
83313
83314
83318
84542
84561
84566
84565
83058
84560
83057
84541
83056
84537
83055
84534
83054
84531
83053
84528
83052
84525
83051
84506
83050
84487
83049
84468
83048
84464
83047
84459
83046
84454
83045
84449
83044
84430
84426
83043
84427
84431
84432
84433
84434
84435
84436
84437
84438
84439
84440
84441
84442
84443
84444
84445
84446
84447
83309
83308
83307
84420
84424
84428
84448
83310
84429
84425
84421
84417
85752
84414
85751
85750
84411
84408
85749
85748
84405
84402
85747
85746
84399
84396
85745
85744
84393
84390
85743
85742
84387
84384
85741
85740
85739
85738
85737
84381
84380
84379
84378
84377
84376
84375
84374
84373
84372
84371
84370
84369
84368
84367
84366
84365
84364
84383
84386
84389
84392
84395
84398
84401
84404
84407
84410
84413
84416
84419
84423
83042
84422
84418
83041
84415
83040
84412
83039
84409
83038
84406
83037
84403
83036
84400
83035
84397
83034
84394
83033
84391
83032
84388
83031
84385
83030
84382
83029
84363
83028
84361
84362
84360
84358
84356
84359
83027
84357
83026
84355
83025
83024
84336
84334
83023
83022
84332
84337
84338
84339
84340
84341
84342
84343
84344
84345
84346
84347
84348
84349
84350
84351
84352
84353
84354
83306
84335
83305
83304
84333
84331
83303
84328
84325
85736
84329
84326
84307
84306
84287
84288
84269
84268
84264
84265
85735
85734
84260
84255
84254
84253
84259
84258
84263
83302
84286
84305
84324
84323
84322
84303
84304
84285
84284
84283
84282
84301
84302
84321
84320
84319
84300
84281
84280
84299
84318
84317
84316
84315
84296
84297
84298
84279
84278
84277
84276
84295
84314
84313
84312
84311
84292
84293
84294
84275
84274
84273
84272
84291
84310
84309
84330
83021
83020
84327
84308
83019
83018
84289
84290
84271
84270
83017
84266
83016
84261
83015
84256
83014
84252
84233
83013
84229
83012
84225
83011
84221
83010
84217
83009
84213
83008
84209
83007
84205
83006
84186
83005
84167
83004
84148
83003
84144
83002
84125
83001
84106
83000
84087
82999
84068
84064
82998
84060
82997
84056
82996
84052
82995
84048
82994
84044
82993
84040
82992
84037
82991
84034
82990
84031
82989
84028
82988
84024
82987
84020
82986
84016
82985
84012
82984
84013
84017
84021
84025
84029
84032
84035
84038
84041
84045
84049
84053
84057
84061
84065
84070
84069
83292
84088
84107
83293
83294
84126
83295
84149
84150
84151
84152
84130
84129
84128
84127
84108
84109
84090
84089
84071
84072
84110
84091
84073
84074
84092
84111
84112
84131
84132
84133
84114
84113
84094
84093
84075
84076
84077
84078
84095
84096
84115
84134
84116
84135
84136
84161
84181
84162
84163
84182
84183
84164
84165
84146
84145
84141
84122
84121
84140
84139
84120
84100
84119
84138
84137
84118
84117
84098
84097
84079
84080
84099
84081
84082
84083
84101
84102
84084
84085
84066
84062
84058
84054
84050
84046
83286
84042
84043
84039
85723
84036
83285
83284
84033
84030
83283
84026
84022
84023
84027
85722
85721
84019
85720
85719
84015
84018
84014
84010
84011
85718
85717
84008
84007
84004
84005
85716
85715
84002
84001
83998
83995
83992
83989
83993
83996
83999
85714
85713
85712
85711
83990
83987
85710
85709
83981
83984
83986
83983
83980
83281
83280
83977
83978
83974
83975
83972
83971
83952
83947
83948
83953
85708
85707
85706
83943
83942
83938
83937
83941
83946
83951
83970
83279
83969
83968
83967
83966
83965
83964
83963
83962
83961
83960
83959
83958
83957
83956
83955
83945
83950
83954
83973
83976
83979
83982
83985
83988
83991
83994
83997
84000
84003
84006
83282
84009
82983
82982
82981
82980
82979
82978
82977
82976
82975
82974
82973
82972
82971
83949
82970
83944
82969
83940
83936
82968
83917
82967
82966
83898
83879
82965
82964
82963
83857
83277
83861
83880
83899
83918
83278
83919
83920
83901
83921
83922
83903
83902
83883
83882
83900
83881
83862
83863
83864
83865
83884
83885
83904
83923
83924
83925
83926
83907
83906
83905
83886
83887
83888
83889
83890
83908
83927
83909
83928
83929
83930
83910
83891
83892
83911
83912
83931
83932
83933
83934
83939
85705
83935
83916
83915
83914
83913
83896
83897
83878
83877
83859
83860
85704
85703
85702
83852
83851
83847
83850
83856
83855
83854
83858
83876
83895
83894
83893
83875
83874
83873
83872
83871
83870
83869
83868
83867
83866
83835
83816
83815
83834
83833
83832
83831
83830
83811
83810
83829
83828
83849
83853
82962
82961
82960
83846
83827
82959
82958
83808
83809
83790
83791
83792
83793
83812
83813
83794
83795
83814
83796
83797
83768
83748
83749
83769
83750
83770
83771
83751
83752
83772
83773
83774
83753
83754
83755
83775
83776
83779
83780
83784
83783
83787
83804
83803
83802
83821
83820
83801
83800
83799
83798
83817
83836
83837
83818
83819
83838
83839
83840
83841
83822
83823
83842
83843
83844
83848
83276
83845
83826
83825
83824
83805
83806
83807
83788
85701
85700
85699
83275
83758
83739
85698
85697
83736
83757
83756
83738
83735
83732
83729
83726
83723
83720
83717
83718
83721
83724
83727
83730
83273
83733
83272
83271
83270
85696
85695
85694
85693
83269
83706
85692
85691
83702
83698
83695
85690
83266
83265
83264
83267
83268
83701
83705
83709
83712
83715
83714
83711
83708
83704
83700
83697
83694
83693
83692
83691
83690
83689
83688
83687
83686
83685
83684
83683
83682
83681
83680
83679
83274
83741
83742
83743
83744
83745
83746
83747
83767
83766
83765
83764
83763
83762
83761
83760
83778
83782
83786
83789
82957
83785
82956
83781
82955
83777
82954
83759
83740
82953
83737
82952
83734
82951
83731
82950
83728
82949
83725
82948
83722
82947
83719
82946
83716
82945
83713
82944
83710
82943
83707
82942
83703
82941
83699
82940
83696
82939
83678
83677
82938
83676
82937
83675
82936
83674
82935
83673
82934
83671
82933
83669
82932
83667
82931
83665
82930
83663
82929
83661
82928
83659
82927
83657
82926
83655
82925
83653
82924
83262
82923
82922
82921
82920
82919
83628
82918
82917
83609
83610
83629
83630
83611
83631
83612
83594
83575
83556
83557
83576
83595
83614
83613
83632
83633
83634
83635
83636
83637
83638
83618
83619
83600
83599
83580
83581
83582
83601
83602
83621
83620
83639
83640
83641
83642
83622
83603
83584
83565
83546
83547
83566
83585
83604
83623
83624
83643
83644
83625
83605
83606
83607
83626
83645
83646
83647
85673
85674
83648
83649
85675
85676
83650
83651
85677
85678
83652
83654
85679
85680
83656
83658
85681
85682
83660
83662
85683
85684
83664
83666
85685
85686
83668
83670
85687
85688
83672
83263
85689
79867
79184
79885
79185
79887
79186
79890
79187
79893
79896
79188
79913
79914
79897
79894
79891
79888
79886
79868
79869
79870
79871
79872
79873
79874
79875
79876
79877
79878
79879
79880
79881
79882
79883
79889
79892
79912
79911
79910
79909
79908
79907
79906
79905
79904
79903
79902
79901
79900
79899
79898
79461
79463
79915
79916
79917
79189
79918
79466
79921
79190
79920
79191
79923
79192
79940
79193
79957
79194
79960
79195
79963
79196
79966
79197
79969
79972
79990
79198
80008
79199
80012
79200
80015
79201
80019
79202
80023
80024
80020
80016
80013
80009
79991
79992
79993
79994
79995
79996
79997
79979
79978
79977
79976
79975
79974
79973
79970
79967
79964
79961
79958
79467
79941
79942
79924
79925
79926
79943
79944
79927
79928
79945
79946
79947
79929
79930
79931
79948
79949
79932
79933
79950
79934
79951
79952
79935
79936
79937
79953
79954
79959
79962
79965
79968
79472
79988
79987
79986
79985
79984
79983
79982
79981
79980
79998
79999
80000
80001
80002
80003
80004
79473
80005
80006
80010
79474
80011
80007
79989
79971
79471
79470
79469
79468
79956
79955
79938
79939
79922
79465
79919
82711
79464
79462
79460
82710
79895
82709
82708
82707
79459
79884
82706
82705
82704
82703
82702
82701
82700
82699
82698
79458
79846
82697
79457
79456
79455
79454
79453
79819
79452
79835
79834
79833
79832
79831
79830
79829
79828
79827
79826
79825
79824
79823
79822
79821
79837
79839
79841
79843
79845
79848
79850
79852
79854
79856
79858
79860
79862
79864
79866
79865
79183
79863
79182
79861
79181
79859
79180
79857
79179
79855
79178
79853
79177
79851
79176
79849
79175
79847
79174
79844
79173
79842
79172
79840
79171
79838
79170
79836
79169
79820
79817
79168
79818
79816
79813
79796
79792
79788
79784
79781
79782
79785
79789
79793
79450
79797
79798
79799
79800
79801
79802
79803
79804
79805
79806
79807
79808
79809
79810
82696
79451
79814
79811
79794
82695
82694
79790
79786
82693
79449
82692
74592
74585
74017
74570
74571
74556
74557
74558
74573
74572
74593
74594
74586
74587
74588
74271
74595
74603
74604
74620
74621
74605
74606
74622
74623
74624
74608
74607
74577
74562
74561
74560
74268
74576
74575
74574
74559
74551
74544
74543
74550
74549
74555
74548
74537
74538
74267
74539
74524
74523
74522
74016
74015
74512
74495
74014
74013
74012
74011
74010
74009
74008
74007
74006
74005
74004
74003
74002
74001
74000
73999
73998
73997
73996
73995
82668
82669
82670
82671
82672
82673
82674
82675
82676
82677
82678
82679
82680
82681
82682
82683
82684
82685
82686
82687
79698
79697
79696
79695
79694
79711
79712
79713
79714
79715
82688
79444
82689
79736
82690
82691
79773
79776
79448
79772
79756
79752
79771
79770
79769
79768
79767
79766
79765
79764
79763
79762
79761
79760
79447
79759
79446
79755
79738
79739
79740
79741
79742
79743
79744
79745
79726
79727
79746
79747
79748
79749
79750
79751
79735
79732
79731
79730
79729
79728
79709
79710
79693
79692
79691
79708
79707
79706
79725
79724
79723
79722
79721
79720
79445
79719
79734
79733
79717
79718
79716
79157
79156
79681
79699
79682
79683
79700
79701
79684
79685
79702
79703
79686
79687
79704
79705
79688
79689
79690
79441
79442
79443
79680
79679
79155
79678
79677
79676
79675
79154
79674
79153
79673
79152
79672
79151
79671
79150
79670
79149
79669
79148
79668
79147
79667
79146
79666
79145
79665
79144
79664
79143
79663
79142
79662
79141
79661
79140
79139
79660
85648
83397
83398
85649
85650
83399
83400
85651
85652
83401
83402
85653
85654
83403
83404
85655
85656
83405
83406
85657
85658
83407
83408
85659
85660
83409
83410
85661
85662
83411
83412
85663
85664
83413
83414
85665
85666
83415
83434
83433
83432
83431
83430
83429
83428
83447
83448
83449
83450
83451
83452
83453
85667
83456
83459
85668
85669
83462
83465
85670
85671
83468
83471
83259
83261
83473
83475
85672
79774
79754
79737
79158
79753
79159
79757
79758
79775
79779
79778
79160
79777
79161
79780
79162
79783
79163
79787
79164
79791
79165
79795
79166
79812
79167
79815
83627
83608
83589
83588
83587
83586
83567
83548
83549
83568
83569
83570
83551
83550
83531
83532
83512
83513
83494
83493
83492
83511
83530
83529
83528
83509
83510
83491
83490
83489
83488
83487
83486
83485
83504
83503
83484
83483
83502
83520
83521
83522
83541
83542
83523
83524
83525
83505
83506
83507
83508
83527
83526
83545
83564
83583
83563
83544
83543
83562
83561
83560
83579
83598
83617
83616
83615
83597
83596
83577
83558
83578
83559
83540
83539
83538
83519
83518
83537
83517
83535
83536
83555
83574
83593
83592
83573
83554
83572
83591
83590
82916
83571
82915
82914
83552
83553
83534
83515
83516
83497
83498
83499
83500
83501
83482
83481
83480
83479
83478
83477
83496
83514
83533
82913
82912
82911
83495
83476
82910
83474
82909
83472
83260
83455
83458
83461
83464
83467
83470
83469
82908
83466
82907
83463
82906
83460
82905
83457
82904
83454
82903
83435
82902
83258
83436
83437
83438
83439
83440
83441
83442
83443
83444
83445
83446
83427
83426
83425
83424
83423
83422
83421
83420
83419
83418
83417
83416
82901
82900
82899
82898
82897
82896
82895
82894
82893
82892
82891
82890
82889
82888
82887
82886
82885
82884
82883
82882
617
618
619
620
621
622
623
624
625
626
627
628
629
630
631
632
633
634
635
588
636
637
638
639
640
641
642
643
644
645
646
647
648
649
650
651
652
653
654
655
656
657
658
659
660
661
662
663
664
665
666
667
668
669
670
671
672
673
674
675
676
677
678
679
590
229
230
231
232
233
234
235
236
237
238
239
240
241
242
243
589
244
245
246
247
248
249
250
251
252
253
254
255
256
257
258
259
260
261
262
263
264
265
266
267
268
269
270
271
272
273
274
275
276
277
278
279
280
281
282
283
284
285
594
286
287
288
289
290
291
292
293
294
295
296
297
298
299
300
301
302
303
599
597
595
719
718
717
716
715
714
713
712
711
710
596
709
708
707
706
705
704
703
702
701
700
699
698
697
696
593
695
694
693
692
691
690
689
688
687
686
685
684
683
682
681
680
591
592
73793
73794
73795
73796
73797
73798
73799
73800
73801
73802
73803
73804
73805
73806
73807
73808
62557
63111
63106
62556
62555
63101
63096
62554
62553
63091
63086
62552
62551
63081
63076
62550
62549
63071
63066
62548
62547
63061
63056
62546
62545
63051
63046
62544
62543
62542
63036
63041
63037
63042
63047
63052
63057
63062
63067
63072
63077
63082
63087
63092
63097
63102
63107
63112
63117
62751
63116
62752
63132
63140
63157
63156
63139
62558
73811
68758
68757
68756
68772
68771
68755
68754
68753
68752
68751
68750
68766
68765
68749
68748
68747
68746
68745
68744
68760
68761
68778
68779
68762
68763
68764
68780
68781
68782
68783
68767
68784
68785
68768
68769
68786
68787
68770
68788
68789
68790
68396
68794
68791
68774
68773
68740
68739
73810
73809
68738
68737
68736
68735
68734
68733
68732
68731
68730
68729
68728
68727
68726
68725
68724
68723
68722
68208
68721
68207
68720
68206
68719
68205
68718
68204
68717
68203
68716
68202
68715
68201
68714
68200
68713
68199
68712
68198
68711
68197
68710
68196
68709
68195
68708
68194
68707
68193
68192
68706
78885
78884
74475
74476
74477
78886
78887
74478
74479
78888
78889
74480
74481
78890
78891
74482
74483
78892
78893
74484
74485
78894
78895
74486
74487
78896
78897
74488
74489
78898
78899
74490
74491
78900
78901
74492
74493
78902
78903
74494
74510
74511
74515
78904
78905
74518
74521
78906
78907
74536
74542
78908
78909
74547
74554
78910
78911
74569
74584
78912
78913
74591
74598
78914
78915
74614
74630
78916
78917
74638
74653
74652
74651
74650
74636
74637
74629
74273
74613
74272
74597
74590
74583
74270
74269
74568
74553
74546
74541
74535
74265
74520
74517
74514
74509
74508
74507
74506
74505
74504
74503
74502
74501
74500
74499
74498
74264
74497
74496
74513
74516
74519
74525
74526
74266
74527
74528
74529
74530
74531
74532
74533
74534
74540
74545
74552
74567
74566
74565
74564
74563
74578
74579
74580
74581
74582
74589
74596
74612
74611
74610
74609
74625
74626
74627
74628
74635
74649
74648
74647
74646
74645
74644
74643
74642
74641
74640
74634
74619
74618
74602
74601
74617
74616
74600
74599
74615
74018
74631
74274
74275
74632
74633
74639
74655
74656
74663
74662
74661
74654
74019
74020
74021
74668
74669
74670
74671
74672
74673
74674
74675
74676
74677
74678
74679
74689
74680
74664
74657
74658
74659
74666
74665
74681
74690
74706
74705
74704
74703
74702
74701
74700
74699
74698
74697
74688
74687
74686
74694
74693
74023
74685
74022
74024
74025
74026
74732
74027
74741
74028
74750
74029
74759
74030
74776
74777
74768
74278
74760
74751
74742
74733
74724
74277
74717
74710
74711
74695
74696
74712
74719
74718
74725
74734
74743
74726
74735
74744
74753
74752
74762
74761
74769
74778
74779
74770
74279
74811
74810
74809
74797
74796
74788
74787
74786
74785
74031
74794
74804
74032
74821
74837
74838
74839
74840
74823
74822
74805
74795
74806
74807
74808
74282
74824
74841
74854
74855
74842
74825
74283
74826
74827
74812
74813
74828
74829
74284
74843
74861
74285
74874
74886
74286
74287
74898
74911
74912
74913
74900
74876
74877
74865
74847
74834
74833
74846
74864
74863
74875
74887
74888
74889
74890
74902
74903
74891
74879
74878
74866
74867
74849
74836
74820
78930
74803
78929
68235
69120
69108
68234
69096
68233
69097
69098
69110
69109
69121
69122
69123
69124
69111
69112
69100
69099
69087
69088
69077
69076
69086
69085
68418
69074
69075
69063
69062
69073
68232
69061
68231
69049
68230
69038
69039
69029
68415
69021
68229
69013
68997
68228
68996
68979
68962
68227
68946
68939
68940
68947
68948
68410
68964
68965
68983
68982
68981
68412
68998
68999
68413
69015
69024
69023
69022
69030
69040
69050
69051
69052
69064
69065
69053
69042
69041
69031
69032
69043
69054
69066
69078
69089
69101
69113
69125
69139
69155
69173
69172
69171
69187
69186
69168
69169
69170
69152
69153
69154
69138
69137
69136
69135
69151
69134
69133
69150
69167
69185
69203
68236
69204
68237
69219
68238
69231
69232
69220
69221
69233
69246
69245
69257
69244
69243
68239
69256
68240
69272
69288
69273
69289
69305
68241
69304
68242
69317
69318
69319
69306
69307
69308
69321
69320
69333
69334
69335
69336
69323
69322
69309
69310
69294
69278
69265
69249
69211
69210
69175
69195
69196
69197
69178
69129
69130
69117
69118
69131
73825
69218
69202
69184
69166
73824
73823
69132
69119
73822
69107
69083
69071
69070
69082
69081
69080
69068
69069
69057
69058
69046
68417
69034
69045
69056
69055
69044
69033
68414
69025
69016
69017
69009
69008
68992
68974
68958
68957
68972
68973
68991
69007
69006
68990
68989
69005
69004
69003
68987
68988
68970
68969
68968
68967
68985
68984
68966
68951
68950
68949
68942
68941
68935
68918
68917
68934
68933
68226
68916
68225
68899
68224
68882
68223
68865
68222
68848
68221
68842
68220
68836
68219
68819
68218
68814
68217
68798
68216
68795
68215
68792
68214
68793
68775
68213
68212
68741
68211
68210
68209
68743
68742
68395
68759
68776
68777
68398
68796
68799
68815
68816
68800
68801
68802
68803
68804
68805
68806
68807
68808
68809
68810
68811
68812
68399
68817
68397
68797
68813
68818
68835
68834
68401
68841
68402
68863
68880
68879
68878
68861
68862
68846
68840
68833
68832
68831
68830
68829
68828
68827
68826
68825
68824
68823
68822
68400
68821
68820
68837
68838
68839
68845
68850
68403
68844
68843
68849
68866
68883
68900
68406
68901
68407
68919
68902
68885
68884
68405
68404
68867
68868
68886
68903
68921
68920
68408
68952
68953
68954
68955
68971
68956
68924
68907
68908
68925
68926
68909
68892
68891
68890
68906
68923
68922
68905
68904
68887
68870
68869
68851
68852
68853
68854
68871
68888
68889
68872
68873
68855
68856
68857
68874
68875
68858
68859
68860
68876
68877
68894
68893
68910
68927
68911
68928
68929
68930
68913
68912
68895
68896
68897
68914
68931
68937
68936
68943
68944
68960
68959
68409
68975
68411
68993
68976
68977
68978
68961
73814
73813
68945
68938
73812
68932
68915
68898
68881
68864
68847
62564
63261
62563
63244
62562
63245
62760
63246
62761
63263
63262
63278
63296
62565
63295
62566
63304
62567
63312
62568
63329
62569
63346
62570
63354
63355
62765
63362
63370
63369
63379
63389
62571
63380
63381
62769
63390
63407
63406
63416
62572
63417
63427
62771
63428
63429
63419
63408
62770
63391
63382
63372
63371
63363
63356
63348
63347
63330
63313
63305
62764
63331
63349
63357
63364
63373
62768
63383
63393
63394
63395
63396
63397
63398
63399
63400
63401
63402
63385
63375
63374
63365
63358
63350
63341
63324
63323
63322
63321
63338
63337
63320
63319
63318
63336
63335
63334
63317
63316
63333
63332
63315
63298
63307
63314
62763
63306
63297
63279
63280
63281
63282
63283
63284
63267
63268
63285
63286
63287
63270
63269
63252
63253
63254
63255
63256
63273
63274
63257
63240
63239
63233
62759
63234
63228
63227
63211
63210
63209
63226
63225
63224
63251
63250
63249
63266
63265
63264
63248
63247
63217
63200
63201
63218
63219
63220
63202
63203
63204
63221
63222
63205
63206
63223
63207
63208
63184
63183
63167
63150
63149
63166
63165
63182
63181
63164
63148
63147
63146
63145
63144
63161
63162
63163
63180
63179
63178
62756
63177
63160
63143
63142
63159
63176
63175
63193
63199
62758
63198
63216
63232
63238
63237
62561
63231
62560
63215
62559
63197
63191
63173
63192
63174
63158
63141
63133
63134
63118
63119
63120
63121
63122
63123
63124
63125
63126
63127
62753
63135
63152
63151
63168
63185
63186
63187
62757
63194
63212
63213
63195
63189
63190
63196
63214
63230
63236
63229
63235
63242
63241
63258
63275
63276
63277
63260
63259
63243
67987
57578
57596
57579
57569
57551
57552
57553
57537
57536
57535
57534
57550
57568
57577
56951
57595
56952
57605
56953
57630
57641
57657
57673
56954
56955
56956
57709
57710
57700
57701
57692
57691
57682
57674
57675
57683
57684
57693
57694
57685
57686
57677
57676
57143
57661
57662
57646
57634
57633
57645
57632
57644
57660
57659
57658
57642
57643
57631
57615
57139
57606
57607
57140
57616
57608
57598
57597
57580
57581
57582
57583
57584
57585
57586
57587
57588
57589
57600
57601
57590
57591
57573
57574
57592
57602
57612
57138
57611
57610
57624
57635
57636
57141
57653
57637
57625
57626
57627
57628
57639
57638
57654
57142
57670
57679
57688
57697
57706
57698
57699
57708
57707
57723
57733
57744
57743
57732
57722
57720
57719
57718
57717
57716
57715
57695
57704
57703
57702
57712
57713
57714
57729
57728
57739
57740
57751
57146
57147
57789
57805
57804
57788
57150
57775
57774
57762
57761
57760
57750
57749
57748
57759
57758
57747
57737
57738
57727
57711
57726
57145
57725
57736
56957
57735
57746
57757
56958
57769
57770
57771
57772
57773
57785
57784
57783
57149
57782
57151
57798
57153
57814
56959
57826
57155
57838
57852
56960
57851
56961
57865
56962
57879
56963
57893
57894
57156
57907
57921
56964
57920
56965
57934
56966
57950
57951
57935
57936
57952
57953
57158
57965
57966
57954
57938
57939
57925
57924
57910
57897
57898
57884
57883
57869
57868
57882
57896
57895
57881
57880
57866
57867
57853
57854
57839
57827
57815
57799
57800
57816
57828
57840
57841
57842
57830
57829
57817
57818
57801
57802
57786
57787
57152
57803
57819
57831
57843
57857
57871
57885
57899
57912
57926
57157
57940
57941
57942
57927
57913
57900
57901
57902
57903
57889
57890
57904
57905
57891
57877
57876
57875
57861
57847
57154
57835
57824
57823
57810
57809
57822
57834
57846
57860
57874
57873
57859
57858
57844
57832
57833
57821
57820
57807
57808
57792
57791
57806
57790
57776
57777
57778
57793
57794
57796
57797
57781
62326
57768
57756
62325
62324
57745
57734
62323
57724
62322
62321
62320
62319
57690
57689
57680
57671
57655
57681
62318
62317
57672
57656
57640
62316
57629
57613
57614
57604
62315
57594
57603
57593
57575
57576
57567
57566
57548
57549
57533
57532
57531
57547
57565
57564
57546
57530
57494
57478
57479
57462
57461
57460
57459
57458
57457
57491
57507
57470
57471
57454
57453
57452
57451
57469
57487
57488
57489
57504
57503
57520
57519
57502
57501
57518
57517
57500
56950
57483
57484
57485
57486
57468
57467
57466
57134
57450
57446
57442
57438
57434
57430
57426
57422
57418
57414
57410
57406
57402
57398
57394
56934
56935
56936
56937
56938
56939
56940
56941
56942
56943
56944
56945
56946
56947
56948
56949
63138
63131
63115
67984
67983
63110
63105
67982
63100
67981
67980
63095
63090
67979
67978
63085
63080
67977
67976
63075
63074
63079
63084
63089
63094
63099
63104
63109
63114
63130
63137
63154
63155
67985
67986
63172
63171
63188
63169
62755
63170
63153
62754
63136
63128
63129
63113
63108
63103
63098
63093
63088
63083
63078
63073
63068
63069
63064
63063
63058
63059
63054
63053
63048
63043
63038
63039
63044
63049
63055
63060
63065
63070
67975
67974
67973
67972
67971
63050
63045
67970
67969
63040
598
720
721
722
723
724
725
726
600
727
728
729
730
731
732
733
734
735
736
737
738
602
603
601
304
305
306
307
308
309
310
311
312
313
314
315
316
317
318
319
320
321
322
323
324
325
326
327
328
329
330
331
332
333
334
335
336
337
338
339
340
341
342
343
344
345
346
347
348
605
349
350
351
352
353
354
355
356
357
358
359
360
361
362
363
364
365
366
367
368
369
370
371
372
373
374
375
376
377
378
379
380
381
382
383
384
385
386
387
388
389
390
391
392
393
608
394
395
396
397
398
399
400
401
402
403
404
405
406
407
408
409
410
411
412
413
414
415
416
417
418
419
420
421
422
423
424
425
426
427
428
429
430
431
432
433
434
435
436
437
438
611
439
440
441
442
443
444
445
446
447
448
449
450
451
452
453
454
455
456
457
458
459
460
461
462
463
464
465
466
467
468
469
470
471
472
473
474
475
476
477
478
479
480
481
482
483
615
484
485
486
487
488
489
490
491
492
493
494
495
496
497
498
499
500
501
502
503
504
505
506
507
508
509
510
511
512
513
514
515
516
517
518
519
520
521
522
523
524
525
526
527
528
529
530
531
532
533
534
535
536
537
538
539
540
541
542
543
544
545
546
547
548
549
550
551
552
553
554
555
556
557
558
559
560
561
562
563
564
565
566
567
568
569
570
571
572
573
574
575
576
577
578
579
580
581
582
583
584
585
586
10
11
13
12
14
15
106
107
105
104
102
103
101
100
98
99
97
96
94
95
93
92
90
91
89
88
86
87
85
84
82
83
81
80
78
79
77
76
74
75
73
72
70
71
69
68
66
67
65
64
228
227
226
225
224
223
222
221
220
219
218
217
216
215
214
587
213
212
211
210
209
208
207
206
205
204
203
202
201
200
199
198
197
196
63
62
60
61
59
58
56
57
55
54
53
52
50
51
49
48
46
47
45
44
42
43
41
40
38
39
37
36
34
35
33
32
30
31
29
28
26
27
25
24
22
23
21
20
83208
83207
83206
83205
83204
83203
83202
83201
83200
83199
83198
83197
85456
85457
85458
85459
85460
85461
85462
85463
85464
85465
85466
85467
85468
85469
85470
85471
85472
85454
85451
85432
85428
85425
85450
85449
85448
85447
85446
85445
85444
85443
85442
85441
85440
85439
85438
85437
85436
85435
83387
85431
83388
85453
83196
85434
83195
85430
83194
85427
85424
83193
85421
83192
85418
83191
85415
83190
85412
83189
85409
83188
85406
83187
85403
83186
85401
83185
85399
83184
85397
83183
85395
83182
85392
83181
85389
83180
85386
83179
83382
83178
83177
83176
83175
83174
83173
83172
83171
83378
85355
83170
83169
83168
83167
83166
83165
85343
85324
83164
85305
85306
85307
85308
85279
85280
85281
85262
85263
85282
85283
85284
85285
85264
85245
85246
85265
85266
85247
85248
85267
85286
85287
85288
85289
85290
85291
85292
85293
85274
85273
85254
85255
85236
85235
85234
85233
85232
85251
85252
85253
85272
85271
85270
85269
85268
85249
85250
85231
85230
85229
85228
85227
85226
85225
85224
85243
85244
85261
85260
85241
85242
85223
85222
85221
85215
85218
83367
83368
85240
85259
83369
83370
85278
85297
85300
85303
85302
83163
85299
83162
85296
83161
85277
83160
85258
83159
85239
83158
85220
83157
85217
83156
85214
83155
85211
83154
85208
83153
85212
85209
85206
85203
85200
85205
83152
85202
83151
85199
83150
85196
83149
85197
85194
83365
85175
85176
85177
85178
85179
85180
85181
85182
85183
85184
85185
85186
85187
85188
85189
85190
85191
85192
85193
85195
85812
85813
85198
85201
85814
85815
85204
85207
85816
85817
85210
85213
85818
85819
85216
83366
85219
85238
85237
85256
85257
85276
85295
85275
85294
83371
85298
83372
85301
83373
85304
85820
83374
85323
85342
85341
85340
85322
85321
85339
85338
85337
85320
85319
85318
85336
85335
85317
85316
85315
85334
85333
85332
85331
85314
85313
85312
85330
85329
85328
85311
85310
85309
85327
85326
85325
85346
85349
85351
85353
85357
85358
85359
85360
85361
85362
85363
85364
85365
85366
85367
85368
85369
85370
85371
85372
85375
85376
85377
85378
85380
85382
85383
85384
85387
85390
85393
85396
85398
85400
85402
85404
85407
85408
85833
85832
85405
83386
83385
83384
83383
85394
85831
85830
85391
85388
85829
85828
85385
83381
83380
85381
85827
85826
85379
83379
85825
85824
85374
85373
85356
85354
85352
85350
85347
85344
85345
85821
85822
85348
83375
83376
83377
85823
82137
79364
82120
79363
82103
79362
82098
79361
82099
79624
82104
82121
79625
82138
82139
82140
79627
82144
82143
82142
79365
82147
82148
82149
79629
82154
82159
82160
82161
82162
82163
82164
82165
82166
82167
82168
82169
82170
82171
82172
82175
82178
82183
82188
82193
82198
82203
82219
79637
82225
82241
82242
82258
82262
79640
82257
82256
82240
82239
82255
82254
82238
82237
82253
82252
82251
82235
82236
82218
82217
82216
82215
82214
82213
82212
82234
82250
82249
82233
82232
82248
82247
82231
82230
82246
79639
82229
82224
82223
82228
79638
82222
82206
82201
82196
82191
82186
82181
82182
82187
82192
82197
82202
79636
82207
82208
82209
82210
82211
79633
79632
82174
82158
82153
82157
79366
82173
82177
82180
79367
82185
79368
82190
79369
82195
79370
82200
79371
82205
79372
82221
79373
82227
79374
82244
79375
82260
79376
82264
79377
82280
79378
82283
79379
82286
79380
82289
79381
82292
79382
82295
79383
82298
79384
82301
79385
82304
79386
82307
82310
79387
82328
79388
82333
82351
79644
79389
82350
79390
82367
82384
79391
82388
79392
82393
82394
82400
82395
82390
82389
82385
79645
82368
82369
79646
82370
82371
82354
82372
82355
82356
82373
82374
82375
82376
82377
82360
82343
82342
82341
82359
82358
82357
82340
82339
82338
82337
82336
82353
82352
82335
82334
79643
79642
82311
82312
82313
82314
82315
82316
82317
82318
82319
82320
82321
82322
82323
82324
82325
82308
82326
82329
82331
82364
82347
82346
82345
82344
82361
82378
82379
82362
82363
82380
82381
82382
82386
82391
82396
79647
82401
82418
82435
82453
82470
82473
82469
82452
82434
82433
82417
82416
82415
82414
82413
82412
82429
82447
82446
82428
82411
82410
82409
82426
82427
82445
82444
82443
82425
82408
82407
82406
82405
82404
79648
82399
79393
82398
79394
82403
79395
82420
82421
82422
82423
82441
82458
82459
82442
82424
82460
82461
82462
82463
82464
82465
82466
82467
82450
82449
82448
82430
82431
82432
82451
82468
82472
82476
82480
82485
82484
79654
82489
82506
82505
82522
82521
82504
82503
82520
82519
82502
82501
82500
82516
82499
82498
82515
82514
82497
82496
82495
82511
82494
82493
82510
82527
82528
82529
82512
82513
82530
82531
82532
82533
82534
82517
82518
82535
82536
82537
82538
82539
82523
82540
82561
82560
82559
82576
82577
82595
82594
82593
82592
82591
82590
82589
82571
82572
82573
82574
82575
82558
82557
82556
82555
82554
82553
82570
82588
82587
82569
82552
82551
82550
82567
82568
82586
82585
82584
82583
82582
82548
79656
82565
82566
82549
79655
82544
82526
82509
82492
82488
79653
82483
79652
82479
79651
79650
82475
82471
79649
82455
82456
82457
82440
82439
82438
82437
82454
85852
85503
85504
85853
85854
85505
85506
85855
85856
85507
85508
85857
85858
85509
85510
85511
85860
85859
82487
79396
82491
82508
79397
79398
82525
82543
79399
82542
79400
82547
79401
82564
82581
79402
82599
79403
82602
79404
82605
79405
82608
79406
82611
79407
82613
79408
82614
79409
79410
82615
82616
82617
82618
82619
82620
82621
82622
82623
82624
82625
82626
82627
82628
82629
82630
82631
82851
82852
82853
82854
82855
82856
82857
82858
82859
82860
82861
82862
82863
82864
82865
82866
82867
82868
82869
82870
82871
82872
82649
82648
82647
82646
82645
82644
82643
82661
82662
82663
82664
82665
82666
82667
82873
82874
82875
82876
82877
82878
82879
82880
82881
78883
74263
78882
74262
78881
74261
78880
74260
78879
74259
78878
74258
78877
74257
78876
74256
78859
74255
74474
78842
78841
78823
78824
78825
78826
78844
78843
78860
78861
78862
78863
78864
78865
78848
78847
78846
78845
78827
78828
78829
78830
78831
78849
78866
78867
78850
78832
78833
78851
78868
78869
78870
78853
78852
78834
78835
78836
78854
78871
78872
78873
78856
78855
78837
78838
78839
78818
74473
78815
78812
78809
78806
78803
78800
78797
78794
78790
78791
74472
79122
79123
79124
79125
79126
79127
79128
79129
79130
78840
78857
78874
78875
78858
79131
79132
79133
79134
79135
79136
79137
79138
73786
68394
73779
68393
73772
68392
73765
68391
73758
68390
73751
68389
73744
68388
73737
68387
73721
73703
73704
73686
73687
73705
68704
73722
73738
73745
73752
73759
73766
73773
73774
73780
73787
73781
73788
73789
73782
73775
73768
73767
73760
73761
73754
73753
73746
73747
73740
73739
73723
73706
68705
73707
73689
73690
73708
73724
73725
73709
73691
73676
73675
73674
73673
73672
73665
73659
73658
73652
73653
73647
73646
73641
73640
68703
73645
73651
73657
73663
73664
73671
73688
73670
73669
73685
73668
73662
68386
73656
68385
73650
68384
73639
68383
73633
68382
73627
68381
73610
73611
73612
73628
73634
73635
73642
73636
73630
73629
73613
73605
73599
73584
73568
73558
73559
73569
73570
73571
73572
73588
73587
73586
73585
73600
73606
73614
73615
73616
73617
73618
73619
73620
73621
73622
73623
73624
73607
73601
73594
68700
73578
68698
73561
73553
73552
73551
73550
73549
73548
73547
73546
73545
73544
73543
73542
73533
73534
73527
73520
73513
73526
73519
73512
73504
73505
73497
73496
73488
73489
73481
73474
73467
73466
73465
73472
68693
73473
73480
73479
73487
73495
73494
73486
73478
68375
73485
68376
73493
68377
73501
68378
73509
73510
73502
73503
73511
68694
73518
68695
73525
68696
73532
73541
73557
73567
73566
73582
73583
73598
73604
68702
73597
68380
73581
73565
73556
68379
73539
73531
73524
73517
73540
79121
79120
78787
78786
74471
78783
78780
79119
78777
79118
79117
78774
78771
79116
78768
78765
74470
78764
74469
74468
78760
78761
78757
78753
79115
78748
78752
78756
74467
78751
78747
78744
78741
74466
74465
79114
79113
78735
74464
78730
78731
79112
78710
74460
78688
78687
78704
78703
74459
78686
78685
78684
78683
78682
78681
78680
78679
78697
78698
78699
78700
78701
78702
74462
78708
78709
78715
78714
78729
78734
78738
78728
78727
78726
78725
78724
78723
78722
78721
78720
78719
78718
74463
78713
78707
78674
78692
74461
78693
78694
78695
78696
78678
78677
78676
78675
78668
74457
78664
78649
78650
78651
78652
78653
78654
78655
78638
78637
78636
78635
78634
78633
78632
78626
78610
78611
78612
78613
78614
78615
78616
78617
78618
78619
78620
78621
78627
78643
78644
78661
78642
78641
78640
78639
78656
78657
78658
78659
78660
78665
78669
74458
78670
78666
79111
78662
78645
78628
79110
79109
74454
78622
78605
78600
74451
78604
74453
78599
78574
78568
74448
78575
74449
78592
78569
78553
79107
78547
74444
78540
78541
79106
78534
79105
79104
78527
78510
78509
78526
78533
78532
78525
74442
78508
78507
74441
78498
78488
78499
78500
74439
78501
78491
74438
78481
78471
74437
78470
78469
78480
78490
78489
78479
78468
78467
78478
78466
78465
78464
78463
78462
78461
78459
78476
78486
78496
78495
78494
78504
78505
78514
78530
74443
78529
78513
78512
78503
78502
78511
78528
74218
78535
74219
78542
74220
78548
78554
78570
78576
78577
78578
78594
78593
78601
78606
74221
78623
78624
78607
78608
78602
74452
78595
78596
78579
78580
78597
78603
78609
78625
74455
78631
78648
78647
74456
78630
74222
78629
74223
78646
74224
78663
78667
78671
78672
78673
78691
78690
78706
78712
78717
78733
78737
78740
78743
78746
78750
78755
78759
78763
78767
78770
78773
78776
78779
78782
78785
78789
78793
78796
78799
78802
78805
78808
78811
78814
78817
78820
78822
78821
74254
78819
74253
78816
74252
78813
74251
78810
74250
78807
74249
78804
74248
78801
74247
78798
74246
78795
74245
78792
74244
78788
74243
78784
74242
78781
74241
78778
74240
78775
74239
78772
74238
78769
74237
78766
74236
78762
74235
78758
74234
78754
74233
78749
74232
78745
74231
78742
74230
78739
74229
78736
74228
78732
74227
78716
74226
78711
74225
78705
78689
82847
82848
82604
82607
82849
82850
82610
79659
79658
82612
79657
82609
82606
82603
82600
82601
82598
82597
82596
82578
82579
82580
82563
82562
82545
82546
82846
82541
82524
82507
82490
82486
82845
82844
82482
82481
82477
82478
82843
82474
82842
82841
82840
82436
82419
82402
82397
82839
82392
82838
82837
82387
82383
82366
82365
82348
82349
82332
82836
82835
82330
82327
82309
82834
82833
82306
82305
82302
82299
82296
82293
82294
82829
82830
82297
82300
82303
82832
82831
78394
74209
78384
74208
78374
74207
78364
74206
78354
74205
78345
74204
78336
74203
78327
74202
78317
74201
78300
78292
78282
74200
78272
74199
78262
74198
78252
74197
78253
78263
78273
78283
74429
78293
78284
78274
78264
78294
78285
78275
78265
78255
78254
78238
78237
78236
78235
78218
78219
78220
78203
78186
78187
78188
78171
78172
78173
78174
78175
78192
78227
78226
78243
78244
78245
78228
78229
78246
78247
78230
78231
78248
78257
78267
78277
78287
78296
74430
78288
78278
78268
78258
78249
78250
78259
78269
78270
78260
78251
78234
78233
78232
78215
78216
78217
78200
78199
78198
78197
78214
78213
78212
78211
78210
78209
78208
78191
78190
78189
78206
78205
78204
78221
78222
78239
78240
78223
78224
78207
78225
78242
78241
78256
78266
78276
78286
78295
78305
78304
78303
78320
78330
78339
78348
78357
78367
78377
78387
78386
78376
78366
78356
78347
78338
78329
78319
78302
78301
78318
78328
78337
78346
78355
78365
78375
78385
78395
78405
74210
78404
74211
78420
74212
78429
78421
78430
78439
78438
74213
78446
74214
78455
74215
78472
74216
78482
74217
78492
78493
78483
78484
78485
78475
78474
78473
78456
78447
78448
78457
78458
74436
78449
78440
74434
78431
78422
78406
78396
78397
74433
78407
78408
78398
78388
78378
78368
78358
78349
78340
78331
78321
78306
78307
78308
78309
78310
78311
74431
78322
78312
78313
78314
78324
78325
78334
78343
78342
78333
78323
78332
78341
74432
78350
78361
78351
78352
78362
78372
78371
78381
78382
78383
79098
78373
79097
79096
78363
78353
78344
79095
79094
78335
78326
78316
78315
78299
78298
78297
78289
78279
78280
78290
78291
79093
79092
78281
78271
79091
78261
79090
79089
79088
79087
79086
79085
79084
79083
79082
78157
78166
78183
78182
78181
78180
78196
78195
78194
78193
78176
78177
78178
78179
78163
78154
78144
78145
78155
78164
78165
78156
78147
78146
78128
78118
78119
78108
78109
78120
78129
78148
78130
78131
79081
79080
78121
78110
79079
79078
78100
78090
78072
78054
79077
79076
78037
74425
78020
79075
79074
78011
78002
74420
79073
79072
79071
79070
79069
77931
79068
79067
79066
72566
72577
72567
72578
72590
72589
72606
72605
72616
72617
68351
72626
68352
72643
72654
72671
72672
72655
72644
72627
68638
72628
72629
72646
72645
72656
72657
68640
72673
68641
72683
72684
72685
72675
72674
72658
72647
72648
72659
72660
72661
72662
72663
72664
72665
72666
72676
72686
72696
72712
72711
72710
72709
72708
72726
72725
72707
72706
72705
72695
72694
72693
72702
72701
72719
72720
72737
72738
72721
72703
72704
72722
72739
72740
72723
72724
72741
72758
72757
72756
72755
72754
72771
72770
72753
72769
72752
72736
72718
72700
72691
72692
72682
72681
68353
72690
72699
72717
72735
72751
72768
72785
72802
72810
72818
72819
72811
72803
72786
72787
72788
68644
72804
72805
72789
72772
72773
72774
72775
72792
72791
72790
72806
72814
72813
68646
72812
68647
72820
72829
72846
72847
72848
72831
72830
72821
72822
72832
72849
72850
72833
72834
72851
72868
72869
72870
72887
72888
72889
72903
72904
72920
72919
72931
72921
72905
72906
72922
72923
72907
72892
72893
72908
72924
72925
68652
72933
72932
72940
72941
72950
72959
72960
73937
73936
72951
72942
73935
72909
73934
73933
73932
73931
68648
72842
72825
73930
73929
72817
72816
72824
72841
72840
72839
72856
72857
72874
72875
72858
72859
72876
72891
72890
72873
72872
72871
72853
72852
72835
72836
72837
72854
72855
72838
72823
72815
72807
72798
72799
72782
72808
72800
72783
72784
72801
68645
72809
73928
73927
73926
73925
72734
72733
72750
72767
72766
72765
72764
72781
72780
72797
72796
72779
72778
72795
72794
72793
72776
72759
72742
72743
72760
72777
72761
72744
72727
72728
72745
72762
72763
72746
72729
72730
72747
72748
72749
72732
72731
72713
72714
72697
72698
72715
72716
68643
72689
72688
72679
72680
73924
73923
73922
72642
72641
72640
72623
72613
72602
72586
72574
68631
68629
72563
72564
72575
72587
72603
72614
72624
72625
72615
73921
72604
72588
73920
72576
72565
72549
72548
72547
68628
72536
72537
72538
73919
72527
68625
73918
73917
73916
73915
68624
72453
72437
72436
72452
72484
72493
72509
72510
72526
72525
72524
72508
72507
72506
72523
72522
72534
72535
72546
72545
72562
72561
72560
72559
72558
72557
72571
72556
72544
72543
72542
72554
72555
72570
72569
72580
72592
72608
72609
72593
72581
72582
68634
72594
72595
72596
72597
72598
72599
72583
72572
72573
72584
72585
72601
72600
72611
72610
68637
72621
72612
72622
72639
72651
72652
72653
72670
72669
72668
72678
72687
68642
72677
72667
68639
72650
72649
72638
72637
72636
72635
72634
72633
72632
72631
72630
72620
72619
72618
68636
72607
68635
72591
68633
72579
68632
72568
68630
72553
72552
72551
72550
72539
72528
72511
72512
72513
72529
72540
68627
72541
72530
68626
72514
72497
72496
72495
72494
72485
68350
72468
72454
72438
72439
72440
72441
72430
72412
72413
72395
72379
72378
72394
72393
72411
72429
72428
68349
72410
72392
72376
72377
72366
72365
68348
72354
68347
72343
68346
72332
68345
72321
68344
72310
68343
72299
68342
72288
68341
72277
68340
72266
68339
72255
68338
72244
68337
72233
68336
72222
68335
72210
68334
72193
68333
72179
68332
72165
68331
72152
72153
72166
72180
72194
72211
72223
72234
72245
72256
72267
72278
72289
72268
72279
72290
72291
72280
72281
72292
72303
72314
72302
72313
72312
72301
72300
72311
72322
72333
72344
72355
72356
72345
72346
72335
72334
72323
72324
72325
72336
72347
72370
72359
72348
72337
72326
72315
72304
72305
72316
72327
72338
72349
72360
72371
68620
72383
72384
72385
72386
72372
72373
72361
72350
72339
72340
72329
72328
72317
72318
72319
72308
72297
72286
72285
72296
72307
72306
72295
72284
72273
72274
72263
72262
72251
72240
72241
72252
72253
72242
72243
72254
72265
72264
72275
72276
72287
72298
72309
72320
72331
72330
72341
72342
72353
72352
72351
72362
72363
72374
72364
72375
72389
72407
72406
72388
72387
72405
72404
72403
72421
72422
72433
72420
72402
72401
72419
72418
72400
72399
72416
72417
72445
72444
72443
72432
72415
72397
72398
72382
72381
72369
72358
72357
72368
72367
72380
72396
72414
72431
72442
72458
72457
72471
72470
72456
72455
72469
72486
72487
72488
72498
72489
72472
72459
72473
72474
72490
72500
72499
72516
72515
72531
72532
72533
72517
72501
72518
72519
72520
72521
72504
72505
72479
72503
72502
72476
72475
72460
72461
72446
72447
72462
72477
72478
72463
72448
72449
72464
72465
72480
72491
72492
72481
72466
72482
72483
72467
68623
72451
72450
68622
68621
72423
72424
72434
72435
72425
72426
72427
72409
72408
72390
72391
73914
73913
73912
73911
73910
73909
73908
73907
73906
73905
73904
68619
68618
68617
72221
68616
72208
72209
72192
73903
72178
72177
72191
72190
72207
72220
72232
72231
72230
72229
72217
72204
72205
72218
72219
72206
72189
72188
72187
72173
68614
72159
72160
72161
72174
72175
72176
72162
72148
72147
72146
72131
72130
72129
72128
72145
72158
72172
72171
72185
72186
72200
72201
72202
72203
72250
72261
72272
72283
72294
72293
72282
72271
72260
72249
72259
72270
72269
72258
72257
72246
72247
72248
72237
72236
72235
72224
72212
72213
72225
72214
72226
72227
72238
72239
72228
72216
72215
72199
72198
72197
72196
72195
68615
72181
72167
72168
72182
72183
72169
72184
72170
72156
72157
72144
68611
72127
72114
72113
72126
72112
72097
72082
72065
72066
72083
72098
72099
72084
72067
72068
72069
72070
72052
72053
72071
72085
72086
72087
72102
72101
72100
72115
72116
72132
72133
72117
72149
72134
72118
72103
72088
72089
72090
72105
72104
72119
72120
72136
72135
72150
72163
72164
72151
68613
73902
72137
73901
73900
73899
73898
73897
72058
72057
72075
72074
72056
72055
72073
72072
72054
72040
72039
72038
72037
72051
72050
68609
72035
72036
72019
72018
72017
72034
72016
72015
71998
71999
71982
71981
71980
71997
72014
72013
71996
71995
72012
72029
72030
72031
72047
72048
72032
72033
72049
72064
72081
72080
72079
72078
72093
72092
68328
72091
68329
72106
68330
72121
72138
72139
72122
72107
72108
68610
72140
72141
72154
68612
72155
72142
72143
72125
72111
72096
72095
72110
72124
72123
72109
72094
72063
72062
72061
72046
72045
72060
72077
72076
68327
72059
72044
72028
68326
72011
71994
71978
68325
71960
71945
71929
71914
71930
71915
71916
71931
71932
71947
71946
71962
71961
68606
71979
71963
71964
71965
71949
71948
71933
71934
71919
71918
71917
71902
71886
71887
71903
71904
71905
71889
71888
71872
71858
71859
71873
71874
71875
71876
71877
68600
71892
71907
71906
71891
71890
68603
71935
71936
68605
71966
71967
71984
71983
72000
72001
72002
72003
72020
72021
72004
71986
71985
71968
71950
71969
71951
71952
71970
71971
71953
71939
71954
71972
71973
71955
71940
71941
71942
71943
71958
71957
71956
71974
71975
71991
71990
71989
71988
71987
72005
72022
72023
72024
72006
68607
72007
72008
71992
72009
72026
68608
72025
72041
72042
72043
73896
73895
72027
72010
73894
71993
71977
71976
71959
71944
73893
71928
71927
71926
71912
68602
71913
71898
68601
68599
71882
71866
73892
71852
73891
73890
71839
71826
71825
71809
71808
71807
71822
71823
71824
71838
71837
71850
71851
71865
71881
71897
71896
71880
68598
71864
71863
71849
71836
71835
71821
71820
71834
71847
71848
71862
71879
71894
71909
71910
71895
71911
71925
71924
71923
71922
71938
71937
68604
71920
71921
71908
71893
71878
71861
71860
71846
71833
68596
68597
71831
71830
71800
71801
71802
71788
71774
71773
71787
71786
68593
71772
68592
71758
71743
71744
71759
71760
71745
71731
71730
71712
71711
71695
71679
71680
71681
71697
71696
71713
71714
71715
71732
71733
71747
71746
71761
71775
71789
71803
68595
71817
71818
71819
71804
71805
71806
71792
71791
71790
71776
71762
71763
71777
71778
71764
71765
71766
71780
71779
71793
71794
71795
71781
71767
71753
68591
71754
71769
73887
73888
71783
71768
71782
68594
71796
71810
73889
65865
65881
65882
65866
65852
65851
62686
65838
65822
65823
65805
62685
65793
65777
65765
62684
65753
62683
65737
65720
65704
65705
65686
65668
65669
65687
65688
65689
65706
65722
65721
65738
65754
65755
65739
65723
65707
65708
65709
65710
65711
65712
65694
65693
65675
65674
65692
65691
65690
65672
65671
65670
65654
65653
65652
65642
62682
65632
62681
65622
62680
65612
62679
65602
62678
65592
62677
65582
62676
65572
62675
65573
65574
65575
65565
65564
65554
65553
65563
65562
62674
65552
62673
65535
65536
65537
65526
65486
62669
65469
65452
65453
65436
65426
62668
65425
65416
65417
65401
65400
65390
62667
65380
62666
65370
62665
65353
65343
62664
65333
62663
65323
62662
65313
62661
65304
62660
65286
65287
65271
65270
65252
65253
65244
62659
65243
65234
65217
65218
65209
65192
65193
65210
65219
65236
65245
65254
65272
65288
65289
65307
65306
65305
65314
65324
65325
65315
65316
65290
65255
65256
62874
65273
65274
65292
65293
65275
65259
65260
65261
65262
65263
65279
65278
65277
65276
65294
65295
65296
65297
65298
65280
65264
65265
65266
65281
65299
62875
65309
65300
65282
65283
65301
65310
65311
65302
65303
65312
65322
68071
68072
68073
65342
65332
65331
65321
65320
65319
65318
65328
65329
65330
65339
65338
65348
65375
65376
65377
65368
65369
65378
65388
65398
62876
65415
65397
65387
65386
65385
65395
65396
65414
65413
65421
65431
65449
65448
65464
65447
65446
65463
65480
65481
65483
65520
65531
65550
65560
65570
65580
65581
65571
65561
65551
68086
68087
68088
68089
68090
68091
68092
68093
68094
68095
68096
65667
65666
65651
65665
62881
65649
65650
65640
65641
65631
65630
65639
65629
65619
65609
65610
65620
65621
65611
65601
65591
65590
65600
65599
65589
65579
65569
65559
65549
65548
65547
65546
65545
65544
65543
65542
65541
65558
65568
65567
65557
65540
65539
65538
65555
65556
65566
65576
65577
65578
65588
65587
65597
65596
65586
65585
65584
65583
65595
65594
65604
65593
65603
65613
65614
65624
65623
65633
65643
65644
65634
65635
65645
65655
65656
65646
65636
65626
65625
65615
65605
65606
65616
65617
65607
65598
65608
65618
65628
65627
65637
65638
65648
65647
65657
65673
65658
65659
65660
65676
65677
65661
65662
65663
65664
65680
65681
65699
65698
65716
65732
65715
65697
65679
65678
65696
65695
65713
65714
65730
65731
65748
65749
65733
65717
65700
65682
65683
65701
62882
65718
65719
65702
65684
65685
65703
62883
68097
65736
65735
62884
65734
62885
65750
65751
65763
65762
65761
65760
65772
65773
65789
65800
65801
65802
65803
65820
65819
65818
65817
65816
65799
65788
65787
65786
65785
65746
65747
65729
65728
65745
65744
65727
65726
65743
65759
65771
65782
65783
65784
65811
65812
65813
65814
65815
62889
65832
65833
65834
65835
65848
65863
65880
65879
65862
65878
65890
65891
65908
65922
65907
62897
65921
65932
65933
65934
65935
65951
65962
62902
65950
65961
65949
65931
62900
65920
65919
65918
65917
65902
65901
65900
65916
65915
65914
65899
65886
65870
65871
65872
62895
65873
65874
65903
65904
65905
65906
65888
65889
65877
62893
65860
65861
65847
65846
65845
62891
62892
65859
65876
65887
62896
65875
65858
65844
65831
65830
65829
65828
65843
65842
65857
65856
65855
65854
65840
65841
65826
65808
65827
65809
65810
65798
65797
65796
62887
65795
65779
65780
65781
65770
65758
65742
65725
65724
65741
65740
65756
65757
65769
65768
65767
65766
65778
65794
62888
65806
65807
65825
65824
62890
65839
65853
65867
65883
65896
65897
65884
65868
65869
65885
65898
65913
65912
65911
65895
65894
65910
65926
65925
62687
65937
62688
65954
62689
65965
65982
65998
66015
66014
66030
66046
66057
66031
66047
62912
66058
66070
66069
66068
66079
66080
66081
66093
66094
66082
66071
66059
66060
66049
66048
62910
66033
66032
66016
66017
66018
66000
65986
65968
65958
65957
65956
62903
65967
65985
65999
62906
65984
65983
65966
65955
65938
65939
65927
65928
65940
65941
65942
65929
62899
65930
62901
65943
65944
65945
65946
65947
65948
65960
65976
65993
62904
65975
65974
65973
65991
65992
66006
66039
66040
66051
66038
66022
66023
66005
66004
65990
65972
65971
65970
65959
65969
65987
65988
65989
66003
66002
66001
66019
66020
66021
66037
66036
66035
66034
66050
66061
62914
66072
62916
66083
62917
66095
62919
66107
62920
66120
62922
66136
62924
66149
66150
66137
62921
66121
66122
66123
66124
66108
66096
66084
66085
66074
66073
66062
66063
66052
66053
66041
62908
66024
62907
66007
66008
66009
66025
66042
66054
66065
66064
66075
66076
66087
66099
66098
66086
66097
66109
66125
66138
66151
62928
66168
62926
66152
62925
66139
66140
66126
66110
66111
66127
66128
66112
66113
66100
62918
66088
66089
66077
62915
62913
66066
66056
66067
66078
68104
66090
66102
68105
66115
66131
66144
66143
62923
66129
66130
66114
66101
66142
66141
66153
66169
66170
66154
66155
66156
66157
62927
66171
66187
68106
62929
62931
62932
57062
60760
57063
60777
57064
60794
57065
60809
57066
60819
60835
57312
60810
60795
60778
60761
60762
57309
60779
60763
60747
60746
60733
60732
60745
60744
60731
60715
60700
60688
57061
60677
60666
60667
60650
60649
57060
60633
60623
57059
60624
60634
60635
60636
57297
60652
60637
60638
60626
60616
60606
60607
60617
60627
60639
60653
60670
60681
60680
60691
60690
60669
60651
60668
60679
60678
60689
60701
60716
60702
60717
60718
60719
57304
60734
60748
57308
60780
60781
60797
60812
60796
60811
60820
60821
60822
60823
60813
60798
57310
60782
60765
60764
60749
60750
60736
60735
60720
60721
60703
57302
60692
60693
60704
60682
60671
57298
60654
60655
60656
60657
60658
57300
60640
60641
60642
60643
60644
60628
60629
60619
60618
60608
60609
60597
60579
60580
60564
60563
60562
60561
60578
60596
60595
60577
60560
60559
60558
60549
60542
60535
60528
60527
60534
60541
60548
60557
60556
60555
60571
60572
60573
60574
60575
60576
60594
60593
60592
60591
60590
60589
60605
60615
60625
60614
60613
57058
60603
57057
60604
60588
60587
65997
66013
66012
66011
66027
66028
66029
66045
66044
66055
62911
66043
62909
66026
66010
65995
65994
65977
65978
65979
62905
65996
65980
65981
65964
65963
65952
65953
65936
65924
65923
62898
65909
65892
65893
68103
62894
65864
65850
65849
65836
65837
65821
65804
68102
68101
65792
65791
62886
65790
65774
65775
65776
68100
68099
65764
65752
68098
60326
60327
60328
60345
60361
60362
60363
60347
60346
60329
60330
60331
60321
60332
60333
60348
60365
60364
60380
60397
60414
60398
60381
60382
60399
60416
60415
60431
60432
60440
60439
60447
60446
57286
60438
60430
60413
60396
60379
60378
60377
60360
60344
60343
60359
60376
60393
60394
60395
60412
60411
60428
60429
60437
60445
60461
60444
60436
60410
57046
60427
57047
60435
57048
60443
60459
57049
60460
57050
60468
60477
60494
57051
60510
57052
60517
57053
60524
57054
60531
57055
60538
57056
60545
60552
60569
60570
60553
60554
60547
60546
60539
60540
60533
60532
60525
60526
60519
60518
60511
60512
60496
60495
60478
60469
60470
60479
60480
60497
60498
60481
60482
60471
60462
60463
60448
60449
60450
60451
60452
60453
60454
60488
60487
60486
60485
60484
60472
60483
60500
60499
60513
60520
60521
60514
60501
60502
60503
60504
60505
60506
60489
60490
60507
60515
60522
60529
60536
60543
60550
60565
60566
60567
60584
60600
60599
60583
60582
60581
57293
60598
60610
60620
60630
60646
60645
60660
60659
57299
60672
60673
60661
60662
60663
60675
60674
60684
60685
60686
60676
60664
60648
57295
60647
60631
57294
60621
60611
60601
60585
60586
60602
60612
62458
62459
60622
60632
57296
60665
60687
62460
60699
60714
57303
60713
60742
60743
60759
60776
60793
60792
60775
60758
57307
60741
60730
60712
60698
60697
60711
60729
60728
60739
60740
60757
60756
60755
57306
60738
60727
60709
60710
60696
60695
60683
57301
60694
60708
60726
57305
60725
60707
60706
60724
60705
60723
60722
60737
60751
60766
60783
60784
60799
60800
60801
60786
60769
60768
60785
60767
60752
60753
60754
60770
60771
60772
60773
60774
60791
60790
60789
60805
60804
60803
60788
60787
60802
60814
60815
60829
60846
57313
60863
60864
60847
60830
60816
60817
60831
60832
60833
60818
60806
60807
60808
57311
60834
60849
60848
60865
60875
60874
60873
60883
60893
60903
60913
60923
60924
60934
60944
60945
60955
60965
60975
60974
60990
60989
60988
61006
61007
61016
61026
61037
61038
61039
61055
61056
57322
61067
61057
61058
61042
61020
57319
61028
61041
61040
61018
61019
61008
60973
60963
60964
60954
60953
60943
60933
60935
60925
60915
60914
60904
60894
60884
60885
60895
60905
60936
60926
60916
60906
60896
60886
60876
60866
60850
60851
57314
62461
62462
62463
62464
62465
62466
62467
62468
62469
62470
62471
60946
60956
60966
60976
60994
61010
61009
60993
60992
60991
57315
57317
61017
61027
61054
61066
61080
61081
61082
61100
61083
61068
61084
61102
61101
61119
61120
61137
61136
61135
57325
61147
61148
61159
61170
61169
61158
57326
57327
61168
61167
61183
61157
61156
61145
61132
61115
61116
61133
61146
61134
61118
61117
61099
61098
61097
61096
61095
61077
61078
61079
61065
61053
61036
61052
61051
61035
61034
61050
61049
61048
57321
57320
61025
61015
57316
61001
61000
60982
60983
60984
61002
61003
61004
61005
60987
60986
60985
60972
60962
60952
60942
60932
60922
60912
60902
60892
60882
60872
60860
60861
60862
60844
60845
60828
60827
60826
60843
60842
60825
60824
60841
60859
60858
60840
60839
60838
60837
60836
60854
60869
60868
60853
60852
57067
60867
57068
60877
57069
60887
57070
60897
57071
60907
57072
60917
57073
60927
57074
60937
57075
60947
57076
60957
60967
57077
60968
60978
60977
60995
61011
61021
61022
61012
60996
60997
61013
61014
57318
61023
61031
61032
61024
60999
60998
60979
60969
60958
60948
60938
60939
60928
60918
60919
60920
60929
60930
60940
60950
60949
60959
60960
60970
60980
60981
60971
60961
60951
60941
60931
60921
60911
60901
60891
60881
60871
60857
60856
60855
60870
60880
60890
60900
60910
60909
60899
60889
60879
60878
60888
60898
60908
68109
68110
68111
68112
68113
68114
68115
68116
68117
68118
66346
66337
66328
66319
66310
66301
66292
66283
66282
66291
66300
66309
66318
66327
66336
66345
66354
66355
66364
66382
66396
66412
68119
62940
66438
66437
66447
66458
66459
66475
66491
62950
66503
66502
66490
66474
66473
66457
66446
66456
66455
66445
66435
66434
66433
66432
66431
66430
66429
66428
66465
66481
62946
62944
66453
66444
66443
62941
66452
62943
66464
62945
66480
62947
66496
66497
66509
66508
66507
66523
66522
66521
66506
66495
66479
66463
66451
66442
66425
66426
66427
66418
66417
66402
66388
66389
62939
66403
66404
66405
66406
66407
66408
66419
66409
66436
66420
66421
66411
66410
66394
66395
66381
66380
66363
66379
66393
66392
66391
66390
66376
66377
66378
66362
66353
66344
66335
66326
66317
66308
66299
66290
66281
66272
66263
66254
66246
62933
66230
66231
66247
66256
66255
66264
66273
66274
66265
66266
62936
68108
68107
66257
66248
66232
66222
66213
66205
66196
66186
66185
66184
66183
66194
66195
66204
66203
66211
66212
66221
66220
66229
66245
66244
66243
66242
66253
66262
66271
66280
66289
66298
66307
66316
66325
66334
66343
66352
66361
66375
62938
66374
66373
62937
66372
66371
66370
66360
66351
66342
66333
66324
66315
66306
66297
66288
66279
66270
66261
66252
66238
66239
66240
66241
66228
66219
66210
66202
66193
66180
66181
66182
66167
66166
66165
66164
66179
66178
66177
66192
66201
66209
66218
66227
66237
66236
66251
66260
62935
66269
66278
66277
66276
66268
66259
66250
66234
62934
66235
66226
66225
66224
66215
66198
66189
66173
66159
66160
66174
66190
66199
62930
66207
66216
66217
66208
66200
66191
66175
66161
66176
66162
66163
66135
66148
66147
66134
66118
66119
66106
66105
66104
66092
66091
66103
66117
66116
66132
66133
66146
66145
66158
66172
62690
66188
62691
66197
66206
62692
66214
62693
66223
62694
66233
62695
66249
62696
66258
66267
62697
66275
62698
66284
62699
66293
62700
66302
62701
66311
62702
66320
62703
66329
62704
66338
62705
66347
66348
66339
66330
66331
66322
66321
66312
66303
66294
66285
66286
66287
66296
66305
66295
66304
66313
66314
66323
66332
66341
66340
66349
66350
66359
66358
66357
62706
66356
66365
66366
66367
66368
66369
66387
66401
66400
66399
66386
66385
66384
66383
66398
66397
62707
66413
66414
66415
66416
66424
66423
66441
66450
66449
66440
66422
62708
66439
66448
66460
66476
66492
66477
66461
66462
66478
66494
66493
66505
66504
62709
66520
66531
62710
66532
66533
66534
66535
66524
66525
66510
66511
66512
66513
66536
66547
66546
66558
66559
66560
62954
66561
66562
66563
66564
66565
66548
66549
66538
66539
66550
66567
66568
66551
66540
66529
66528
66527
66537
66526
66516
66517
66500
66499
62948
66486
66485
66498
66515
62951
66514
66484
66483
66482
66466
66467
66468
66469
62942
66454
66470
66487
66471
66472
66488
66489
66501
62949
66518
66519
66530
66541
66552
62952
62953
68120
68121
66581
66580
66569
66579
66578
66595
66596
66606
66616
66617
66607
66597
66598
68122
68123
66608
66618
68124
68125
68126
66652
66668
68127
68128
66678
66694
66712
66730
68129
66742
66729
66728
66710
66711
66693
66677
66667
66651
66635
66634
62956
66633
62957
66650
62958
66666
66676
66692
62960
62959
66691
66675
66665
66664
66648
66649
66632
66631
66604
66614
66615
66605
66594
62955
66577
66566
66576
66593
66592
66591
66590
66589
66588
66587
66603
66613
66623
66622
66621
66620
66610
66611
66612
66602
66585
66586
66574
66575
66557
66573
66556
66545
66544
66555
66572
66584
66601
66600
66583
66571
66554
66543
62711
66542
66553
66570
66582
62712
66599
62713
66609
66619
66636
66637
66638
66639
66640
66641
66624
66625
66642
66643
66626
66627
66628
66645
66646
66629
66630
66647
66663
66662
66661
66644
66660
66659
66658
66657
66656
66672
66671
66655
66654
66653
66670
62714
66669
66679
66695
66696
66680
66681
66697
66715
66733
66732
66714
66713
66731
66743
66754
66766
66744
66755
66767
66768
66756
66745
66746
66734
66716
66717
66699
66698
66682
66683
66673
66684
66700
66701
66685
66686
66687
66703
66704
66688
66689
66690
66674
66705
66723
66722
66721
66702
66720
66719
66718
62961
66735
62962
66747
62964
66771
62965
66770
66758
66757
66769
66782
66795
66809
66824
66823
66808
62968
66794
62967
66781
66780
66779
66793
66807
66822
66821
66835
66836
66837
66838
66839
66840
66854
66853
66867
66866
66852
66851
66865
66864
66850
66849
66863
62715
66877
62716
66892
66907
66924
66941
66954
66942
66925
66908
66893
66878
66879
66880
66881
66868
66882
66897
66896
66895
66894
66909
66910
66911
66928
66912
66898
66913
66930
66929
66946
66945
66958
66957
66944
66927
66926
66943
66956
66955
66970
66969
66981
62717
66996
62718
67011
62719
67026
62720
67043
62721
67059
67060
67044
67027
67028
67029
67014
67015
66984
66985
66986
66974
66973
66972
66971
66983
66982
66997
67012
67013
66998
66999
67000
67001
67016
67031
67030
67047
67063
67064
67048
67049
67065
67080
67079
67078
67062
67046
67045
67061
67077
67076
62722
67075
62723
67091
62724
67107
62725
67123
62726
67140
62727
67155
67171
67172
67156
67141
67124
67108
67092
67093
67094
67095
67096
67097
67081
67082
67098
67112
62981
67127
67126
67111
67110
67109
67125
67142
67157
67158
67143
67144
67159
67175
67174
67173
67190
67206
62985
67223
67224
67207
67208
67209
67210
67194
67177
67178
67179
67180
67162
67147
67161
67195
67196
67212
67211
67239
62987
67227
67226
67225
67238
67237
67236
67248
62989
67249
67250
67261
67260
67273
67285
67297
62992
67309
73952
73953
73229
73219
73208
73207
73198
73197
73187
73188
73177
73176
73164
73165
73148
73951
73950
73137
73126
73110
73109
73108
73107
73106
73091
73090
73089
73088
73087
73086
73085
73100
73101
73102
73103
73104
73105
73121
73120
73119
73118
73117
73116
68665
73099
73084
73083
73098
73115
73114
68664
73097
68663
73081
73082
73073
73074
73066
73067
73051
73052
73053
73054
73055
73056
73057
73058
73059
73068
73075
73069
73076
68662
73092
73093
73077
73949
73070
73948
73947
73946
73046
73062
73061
68660
73045
73037
73038
73945
73944
73943
73023
73031
73030
73029
73036
73044
73060
73043
73035
73028
73020
73012
73004
72996
68657
72989
72990
72997
72991
72998
73006
73005
73013
73021
73022
73014
73015
73942
73941
73007
72999
73940
72992
72984
73939
73938
72976
72975
72983
72982
72974
68655
72958
72949
72939
72948
72957
72973
72972
72971
72970
72969
72968
72967
72966
72956
72947
72938
72930
72915
72916
72917
72918
72902
72901
72886
72885
72900
72899
72898
72914
72913
72897
72896
68649
72880
72881
72882
72883
72884
72867
72866
72865
72864
72863
72862
72861
72844
72845
72828
72827
72826
72843
72860
72877
72894
72910
72926
72934
72935
72927
72911
72895
72878
72879
68650
72912
72929
68651
72928
68653
72936
72937
68654
72946
72955
72965
72964
72980
72981
72988
72995
73003
73002
73010
73011
73019
73018
73026
73027
73034
73042
73049
73050
73041
73033
73017
73009
72994
72987
68656
72979
72978
72962
72953
72963
72954
72945
72944
72943
68354
72952
72961
68355
72977
72985
72986
68658
72993
73001
68356
73000
68357
73008
68358
73016
68359
73024
73025
68659
73032
73040
68360
73039
73047
68361
73063
73064
73048
73065
68661
73072
73080
73096
73095
73112
73128
73113
73129
73140
73139
73150
73151
73168
73167
73166
68366
73149
68365
73138
68364
73127
68363
73111
73094
68362
73079
73078
73071
79103
78454
78445
74435
78436
78437
79102
79101
78428
78427
78419
78403
79100
79099
78393
78392
78402
78418
78417
78416
78400
78401
78391
78390
78380
78370
78360
78359
78369
78379
78389
78399
78415
78424
78425
78426
78435
78444
78453
78452
78451
78442
78443
78434
78433
78414
78413
78412
78411
78410
78409
78423
78432
78441
78450
78460
78477
78487
78497
74440
78506
78518
78519
78520
78521
78522
78523
78524
78539
78546
78552
78567
78566
78565
78564
78563
78562
78561
78560
78559
78551
78545
78538
78531
78517
78516
78515
78537
78544
78536
78543
78549
74445
78555
74447
78571
78572
78550
74446
78556
78557
78558
78573
78582
78581
78598
74450
78583
78584
78585
78586
78587
78588
78589
78590
78591
79108
73301
73317
73326
73343
73351
68370
73359
73367
73368
73377
73376
73392
73393
73394
73408
68371
73416
68372
73423
73431
73430
73447
68373
73464
68374
73471
73448
73449
73432
73424
73417
73409
68691
73410
73418
73425
73426
73434
73433
73450
73451
73452
73435
73436
73453
73454
73437
73438
73455
73456
73457
73439
73440
73441
73442
73458
73459
73460
73443
73427
73444
73461
73468
73475
73482
73483
73476
73469
73462
73463
73470
73477
73484
73492
73491
73490
73498
73506
73514
73499
73500
73508
73507
73515
73516
73523
73530
73529
73522
73521
73528
68697
73535
73536
73537
73538
73973
73972
73971
73970
73969
73968
73967
73966
73965
73964
73963
73962
73961
73422
73429
73446
73445
73428
73421
73420
73412
68692
73403
73404
73413
73405
73406
73414
73415
73407
73391
73390
73375
68687
73366
73365
68685
73356
73364
73373
73374
73389
73388
73387
73372
73363
73355
73347
73348
73340
73341
73342
73325
73316
68680
73299
73298
73297
73315
73324
73323
73339
73338
73337
73312
73311
73310
73292
73293
73294
73295
73313
73314
73296
73279
73269
73268
73267
73266
73265
73264
73263
73278
73277
73288
73306
73307
73289
73290
73291
73309
73308
68682
73333
73334
73335
73336
73386
73402
73401
73385
73384
73400
73399
73398
73383
73382
73381
73397
73396
73380
73362
73354
68684
73353
73361
73370
68686
73371
73379
68690
73419
73411
73395
68689
73378
68688
73369
73360
73352
73344
73327
73318
73319
73328
73329
73320
73321
73330
73345
68683
73346
73331
73332
73322
73305
73304
73303
73302
73285
68369
73284
73273
73274
73258
73259
73260
68678
73275
68679
73286
73287
73276
73261
73262
73252
73251
73250
73233
73222
68674
73221
73232
73249
73248
73257
73247
68368
73230
73231
73220
73209
68367
73199
73189
73178
73179
73180
73181
73182
73183
73194
73215
73214
73204
73203
73193
73192
73202
73201
73191
73190
73200
73210
73211
73212
73213
73223
73234
73235
73224
73225
73236
73253
73237
73238
73239
73240
73241
73242
73243
73254
73244
73226
73227
73216
73205
68673
73195
73185
68669
73173
73184
68671
68672
68670
68668
73172
73171
73170
73169
68666
73152
73153
73142
73141
73130
73131
73132
73143
73154
73155
73156
73157
73158
73159
73160
68667
73161
73144
73133
73122
73123
73124
73125
73136
73147
73146
73135
73134
73145
73162
73163
73175
73174
73186
73196
73206
73217
73218
73228
68675
73245
73246
73954
73955
73256
73255
73271
68677
68676
73270
73280
73281
73282
73272
73956
73283
73300
68681
73957
73958
73959
73350
73349
73357
73358
73960
67434
67442
67450
62734
67444
67436
67427
67411
63000
67410
67399
67383
67382
67366
67367
67354
67342
62997
67331
62995
67320
62994
67321
67322
67311
67299
67310
67298
67286
67287
67275
67274
67262
67251
67263
67276
67288
67300
67312
67323
67334
67345
67357
67371
67387
67370
67369
67356
67344
67333
67332
67343
67355
67368
67384
67400
67412
67401
67385
67386
63002
67402
63001
67413
67414
67415
67416
67417
67418
67428
63004
63006
67445
67446
67455
67447
67448
67456
67473
63009
67490
63010
68162
67513
67512
67518
67519
67535
67552
68163
68164
67561
67560
67551
63014
67534
63013
67550
67559
67558
67557
67549
67548
67547
67573
67572
67571
67570
67569
67568
67567
67566
63016
67594
67593
67610
67611
67628
67645
67662
67663
67646
67647
67664
67665
67666
67678
67671
63021
67654
63020
67637
63019
67620
63018
67603
67602
63017
67585
67584
67601
67583
67574
67575
67576
67586
67577
67578
68165
67587
67604
68166
68167
67621
67638
68168
68169
67655
67672
68170
68171
67680
67679
67697
67714
67713
67696
67695
67712
67720
63025
67736
67737
67738
68174
67755
67721
63024
68173
68172
62117
62134
62135
57115
62151
62156
57116
62160
57117
62165
62166
62161
57389
62157
62152
62153
62136
62119
62118
62101
62100
62096
57114
62092
57113
62088
57112
62084
57111
62081
62078
62062
62045
62029
62030
62046
62047
62048
62049
62031
57385
62025
62007
62024
62023
57110
62006
61989
61983
61984
61990
61991
61992
62008
62009
62010
62011
62032
62050
62067
62066
57388
57387
62065
62064
62063
62079
62082
62085
62086
62090
62094
62089
62093
62097
62098
62102
62103
62120
62137
62138
62139
62140
62141
62124
62123
62122
62121
62104
62105
62106
62107
62068
62051
62033
62034
62035
62053
62052
62069
62070
62071
62054
62036
62037
62038
62039
62057
62056
62055
62072
62073
62074
62075
62076
62058
62040
62041
62059
62060
62061
57386
62077
62080
62083
62087
62091
62095
62099
62116
62115
62132
62131
62114
62113
62130
62129
62112
62111
62128
62110
62109
62108
62125
62142
62143
62126
62127
62144
62145
62146
62147
62148
62149
62133
62150
62154
57390
62158
62159
62155
62521
62520
62519
62518
62517
62516
62515
62514
62513
62512
62511
62510
62044
62028
62509
62022
62005
62004
62003
62002
62026
62042
62043
62027
62021
62020
62019
62018
62001
62000
62017
62016
61999
61979
61978
61960
61959
61958
61976
61977
61996
61997
61998
62015
62014
62013
62012
61995
61994
61993
61986
57383
61972
61971
61985
61970
61969
61968
61950
61942
57109
61943
61951
61952
61953
61944
61936
61919
61935
57108
61934
61918
61910
61893
57107
61883
61884
61885
61895
61894
61911
61912
61920
61921
61913
57376
61886
61896
61897
61887
57375
61837
61838
61839
61840
61841
61842
61862
61853
61843
61827
61818
61817
61816
61815
61814
61813
61812
61811
61810
61809
61825
61824
61849
61858
61868
61867
61857
61848
61831
61822
57106
61806
61807
61808
61798
61781
61780
61764
61765
61766
61767
61783
61784
61768
61750
61749
57364
61732
61733
61734
61735
61751
61752
61753
61737
61736
61725
61724
61716
61717
61708
61709
61693
61694
61678
61677
61676
61692
61691
61675
61674
61656
61657
61641
61630
61631
61643
61642
61658
61659
61644
61660
61695
61664
61710
61718
61726
61741
61742
61758
61757
61756
61740
61739
61738
61754
61755
61772
61771
61770
61769
61786
61787
61788
61789
61790
61773
61774
61791
61801
61802
61819
61828
61844
61854
61863
61878
61889
61890
61906
61905
57378
61914
61904
61903
61902
61901
61900
61899
57377
61898
61923
61922
61937
61945
61954
61955
61973
61974
61975
61957
61956
61924
61925
61926
61927
61928
61929
61930
61931
61939
61947
61938
61946
61961
61962
57381
61963
61964
57382
61980
57384
61987
61988
61982
61981
61966
61965
61948
61940
57380
57379
61932
61933
61941
62508
61949
61967
56058
56043
51544
56028
51543
56013
51542
55998
51541
55981
55964
51540
55948
51539
55932
51538
55917
55902
55887
55871
51537
55856
55842
55843
55828
51536
55827
55811
55798
51535
55783
51534
55767
51533
55749
55750
55736
55735
55722
55705
62497
62496
61606
61598
62495
62494
61589
61580
62493
62492
61571
61562
62491
62490
61554
61538
61530
62488
62489
55609
55584
55572
55560
55548
55535
55521
51527
55507
51526
55494
51525
55481
51524
55465
51523
55455
51522
55445
51521
55434
51520
55418
55403
55394
55383
55372
51519
55355
55340
51518
55322
55304
55288
55277
51517
55260
51516
55244
55234
51515
55224
51514
55214
51513
55204
51512
55205
55206
55217
55207
51765
55196
55195
55186
55176
55166
55156
55146
55136
55125
55113
55102
55091
55080
55063
55031
55013
54996
54997
54988
51501
54987
54979
54970
51500
54971
54980
54989
54998
54999
55016
55015
55014
55032
55033
55034
55047
55048
55035
55017
55018
55001
55000
54991
54990
54981
51754
54972
54982
54973
54964
54963
54955
54956
54947
54946
54937
54921
54922
54938
54923
54924
54939
54948
54957
54965
54974
54983
54992
55002
55003
55004
55005
55006
55007
55008
55025
55024
55037
51758
55023
55022
55021
55020
55019
51757
55036
55049
55066
55065
55082
55083
55084
55095
55069
55068
55067
55050
55051
55052
55053
55070
55072
55038
55058
55040
55009
51755
54975
54976
54977
54968
54969
56877
56876
54961
54952
56875
56874
54943
54942
54941
54940
54932
54933
54916
54915
54908
54907
54906
54905
54904
54903
54902
54901
54900
54899
54898
54913
54912
54897
54896
54920
54919
54936
54945
54954
51753
54962
54953
51499
54944
51498
54935
51497
54918
54911
51751
54895
54894
54885
51496
54868
54853
54854
54855
54886
54869
54870
54871
54887
54888
54872
54873
54858
54857
54856
54839
54838
51747
54823
54808
54809
54799
54790
54781
54772
54771
54780
54789
54798
54807
54822
54837
54836
51495
54821
54806
54797
51494
54788
51493
54779
51492
54770
51491
54753
51490
54736
54726
54716
51489
54706
51488
54696
51487
54686
51486
54670
54671
54687
54697
54707
54717
54727
54737
54754
54728
54738
51741
54755
54756
54739
54740
51739
54718
54708
54698
54688
54672
54655
54654
54653
54644
54643
54627
54628
54645
54646
54656
54657
54673
54674
54658
54659
54647
51737
54632
54631
54630
54629
54619
54620
54610
54593
51734
54592
54609
54591
54590
54607
54608
54618
54617
54616
51485
54606
51484
54589
51483
54580
51482
54571
51481
54562
54563
54564
54573
54572
54581
54582
54583
54574
54565
54530
54529
54528
54545
54546
54547
54548
54549
54532
54531
54514
54513
54512
54511
54494
54477
54461
54445
54446
54462
54478
54495
54496
54479
54480
54497
54515
54500
54517
54534
54551
54550
51733
54566
54575
54584
54594
54611
54621
54633
54634
54635
54636
54637
54638
54639
54648
54665
54666
54682
54691
54692
54702
54701
54711
54712
54722
54721
54720
54710
54700
54690
54681
54680
54664
54663
54662
54679
54678
54677
54661
54660
54676
54675
54689
54699
54709
54719
54729
54742
54741
54757
54758
54759
54760
54761
54745
54744
54743
54773
54782
54791
54800
54811
54810
54824
54825
54840
54841
54826
54827
54828
54829
54830
54831
54845
54863
54862
54844
54812
54813
54814
54815
54816
54817
54801
54802
54803
51743
54818
54819
51745
54834
51746
54804
54795
54794
54793
54792
54784
54783
54763
54762
54746
54747
54748
54730
54731
54751
54723
54724
54714
54713
54703
54693
54694
54704
54715
54725
56863
56862
56861
54705
54695
56860
56859
56858
54652
54642
54626
54625
54614
54615
56857
54605
54588
56856
56855
54579
54570
56854
56853
54561
54560
51732
54559
54568
54569
54578
54587
54604
54603
54602
54613
54624
54623
51736
54640
54650
54641
54651
54668
54669
54685
54684
54683
54667
54649
51738
54622
51735
54612
54601
54585
54576
54567
54558
54557
54556
54555
54538
54537
54554
54553
54536
54535
54518
54519
54502
54501
54484
54483
54451
54441
54425
54426
54427
54428
54411
54410
54409
54408
54391
54392
54393
54394
54412
54429
54430
54431
54414
54397
54380
54379
54396
54395
54378
54377
54376
54375
54374
54357
54358
54341
54340
54339
54338
54355
54354
54371
54370
54369
54403
54402
54419
54420
54404
54405
54406
54390
54407
54424
54423
54440
54448
54464
54463
54447
54439
54422
54421
54438
54437
51480
54436
62450
62449
62448
60392
60409
60426
57284
57285
60434
60442
60457
60466
60465
60474
60492
60509
57287
60493
60475
60476
60467
60458
62451
62452
62453
62454
62455
62456
57288
57289
57290
62457
60568
57292
60551
57291
60544
60537
60530
60523
60516
60508
60491
60473
60464
60456
60455
60441
60433
60423
60406
60389
60388
60371
60387
60370
60353
60354
60355
60372
60373
60390
60407
60424
60425
57283
60408
57282
60391
57281
60374
57280
60357
57279
60341
60375
62447
62446
60358
60342
60325
62445
60316
60298
60324
60315
60314
60323
60313
60312
60322
60339
60340
60356
60338
60337
60336
60352
60369
60368
60367
60384
60401
60402
60385
60386
60403
60404
60405
60422
60421
60420
60419
60418
60417
60400
60383
60366
60349
60350
60351
60334
60335
60308
60290
60291
60309
60310
60292
60293
60294
60277
60266
60267
57278
60278
60268
60269
60258
60247
60236
60237
62441
62440
62439
60215
60226
60225
60214
60213
60212
60201
60200
60189
60178
60179
60168
60167
60156
60155
60154
60153
60152
60151
60150
57275
60118
60107
60090
60072
60105
60116
60115
60135
60148
60164
60175
60220
60230
60229
60206
60195
60184
68081
68082
68083
60086
60069
60053
60020
60013
60005
57032
59997
57031
59989
57030
59981
57029
59964
59948
59932
59924
57028
59906
59888
59872
59873
59889
59907
59925
59933
59949
59950
59934
59926
59908
59909
59910
59892
59893
59876
59875
59891
59890
59874
59864
59854
59844
59834
59824
59823
59833
59843
59853
59863
57027
59862
59852
57026
59842
57025
59832
57024
59822
59805
59806
59807
59808
59791
59792
59764
59794
59811
59812
59795
59813
59814
59815
59816
59817
59818
59819
59820
57258
59803
57257
59786
59775
59776
59758
59759
59750
62409
62410
62411
62412
59787
59804
62413
62414
59821
59831
62415
62416
59841
59840
59830
59829
59828
59827
59826
59799
59798
59797
59796
59690
59664
59665
59666
59667
59640
59651
59652
59641
59653
59654
57248
59671
59672
62404
62403
59655
59644
59643
59632
59633
59617
57243
62402
59582
59600
59599
59581
59565
59580
59598
59616
59631
59642
57246
59630
59615
59597
59596
59614
59629
59628
59627
59626
59625
59610
59611
59612
59613
59595
59594
59593
59592
59591
59609
59624
59623
59639
59638
59622
59606
59588
59572
59573
59589
59607
59608
59590
59574
59557
59556
59555
59554
59540
59541
59542
59543
59530
59517
59516
59529
59528
59527
59514
59515
59502
59501
59489
59490
59491
59503
59504
59492
59479
59478
59477
59464
59465
59466
59453
59452
59439
59438
59451
59437
59450
59463
59476
59488
59475
59474
59461
59462
59449
59448
57015
59447
57016
59460
57017
59473
59486
57018
59487
59499
57240
59500
59513
59512
57019
59511
59524
57020
59525
59526
59539
59552
59553
59570
59571
59587
59586
59604
59605
57244
59621
59637
57245
57247
59648
59660
59661
59662
59649
59650
59663
59679
59678
59677
59689
59688
59687
59703
57251
59704
59705
59720
59730
57252
57254
59745
59754
57255
59753
59752
59761
59778
59779
59762
59763
59780
59790
59789
59788
59777
57023
59760
59751
59742
59727
59717
59700
59701
59718
59728
59743
59744
59729
59719
59702
59686
59675
59676
59659
59658
59647
59646
59657
59674
59685
59684
59673
57022
59656
59645
59635
59636
59620
59603
59602
59584
59585
59569
59568
59551
59538
57021
59537
59550
59567
59583
59601
59619
59618
59634
68053
68054
68055
65060
65059
65068
65069
68056
65078
65077
62864
65050
65051
65035
65013
65026
65025
65024
65023
65034
65049
65058
65067
65076
65085
65086
65087
65088
68057
68058
65098
65115
68059
68060
65124
65123
65114
62867
65097
65096
65095
65113
65122
65131
65147
65155
65156
65166
65167
65157
65148
62868
65132
65133
68061
68062
65149
68063
65158
65168
65178
65179
68064
68065
65190
65189
65188
65177
65165
62870
65146
65137
65152
65136
65127
65118
65101
65091
65090
65100
65117
65126
65135
65134
65125
62655
65116
62654
65099
65089
65079
65070
65061
65062
65053
62653
65052
65036
65027
62652
65014
64996
64997
64998
64982
64981
64980
64963
64964
64965
64966
64983
64999
65000
64984
64967
64952
64951
64950
62651
64949
64933
64919
62650
64920
64906
62855
64893
64907
64894
64879
64865
62649
64892
64878
62648
64864
62647
64850
64851
64835
62852
64820
62646
64819
64804
64805
64788
64787
64772
62645
64755
62644
64742
62643
64730
64719
64708
62642
64691
64692
64693
64710
64711
64712
64723
64722
64733
64745
64758
64775
64774
64757
64744
64732
64721
64709
64720
64731
64743
64756
64773
64789
64790
62849
64806
64823
64807
64791
64776
64759
64746
64734
64735
62844
62842
64697
64696
64695
64685
64694
64684
64666
64657
64658
64667
64675
64676
64668
64659
64649
64650
64651
64660
62838
64698
64699
64700
64701
64702
64713
64724
62843
62845
64736
62846
64749
64766
64781
64780
64765
64764
64763
64762
62847
64761
64748
64747
64760
64777
64778
64779
64795
64796
62850
64811
64828
64843
64858
64857
62853
64842
64827
64826
64841
64840
64825
64809
64810
64794
64793
64792
64808
64824
64839
64838
64837
64822
64821
64836
64852
64866
64880
64881
64882
64883
64869
64868
64867
64853
64854
64855
64856
64870
64884
64898
64897
64896
64895
64908
64909
64910
64911
64925
64924
64923
64922
64921
64934
64935
64936
64937
64953
64954
64938
64939
64955
64969
64968
64985
65001
65002
64986
64987
64970
64971
64940
64941
64942
64956
64972
64973
62858
64989
65006
62861
65020
65021
65008
65009
65010
64991
64990
62859
64974
64975
64976
64977
64992
64993
65011
65012
64994
64995
68052
68051
64962
64961
64979
64978
64960
64945
62857
64929
64928
62856
64944
64959
64958
64957
64943
64927
64926
64912
64913
64900
64899
64885
64871
64872
64886
64887
64888
64889
64903
64902
64901
64914
64915
64916
64930
64946
64947
64948
64932
68050
68049
64918
64931
64917
64904
64905
68048
68047
64891
64877
68046
64863
64862
64876
64890
64875
64861
64846
64845
64860
64874
64873
64859
64844
64829
62851
64812
64797
62848
64798
64813
64814
64830
64831
64832
64847
62854
64848
64849
68045
64834
64833
64817
64818
64803
68044
68043
64786
64771
64754
64753
64770
64785
64802
64816
64815
64799
64782
64783
64800
64801
64784
64769
64768
64767
64750
64737
64725
64714
64715
64716
64727
64726
64738
64751
64752
64739
64740
64741
64729
64728
64717
64706
64705
64704
62841
64703
64686
64687
64688
64678
64677
62840
64669
64661
64652
64643
64635
64644
64653
64654
68038
68039
64663
64671
64680
64690
68040
68041
68042
64718
64707
64689
64679
64670
62839
64662
64645
68037
68036
64636
62837
64619
64618
64617
64616
64634
64633
64615
64614
64632
64631
64630
64629
64628
64627
64626
64625
64642
64641
64640
64639
64622
64623
64624
64606
62836
64599
64592
64575
64576
64593
64600
64607
64608
64609
64610
64611
64612
64613
64582
64583
64564
64565
64548
64566
64584
64601
64594
64585
64586
64569
64570
64588
64587
62835
64595
64602
68035
59124
57005
59142
59143
59125
59107
59106
59088
59089
59090
59091
59092
59078
59077
59076
59075
57004
59059
59048
59037
57003
59026
57002
59015
57001
59004
58993
58977
57000
58961
56999
58951
56998
58934
56997
58917
56996
58904
58889
58876
56995
58877
58890
58905
58906
58891
58892
58879
58880
58881
58894
58893
58908
58921
58907
58920
57213
58937
58938
58939
58940
58923
58922
57212
58909
58910
58895
58882
58865
58866
58867
58868
58869
58870
58883
58899
57211
58911
58928
58927
58926
58943
58944
58945
58946
58947
58957
58973
58974
58958
58959
58975
58976
58960
62373
53122
51430
53109
51429
53096
51428
53079
53062
53046
53034
53017
53002
52992
52974
52975
52958
52957
52948
51427
52939
51426
52930
52931
52920
51425
52919
52898
51424
52887
51423
52876
51422
52865
52877
52888
52889
52900
52899
52909
51643
52910
52921
52922
52933
52932
52941
52942
52923
52912
52911
52901
52902
52891
52880
52890
52879
52878
52866
51641
52867
52868
52857
52843
52844
52845
52846
52847
52848
52849
52850
51638
52833
52834
51639
52851
52861
52872
52871
51642
52860
52859
52870
52882
52893
52904
52914
52925
52935
52944
52953
52968
52967
52984
52983
52966
52965
52982
52981
52964
52963
52980
52996
51646
52979
52978
52961
52960
52951
52950
52949
52940
52959
52976
52993
53003
53018
53035
53036
53019
53020
53021
53006
53007
53008
53024
53023
53022
51649
53038
53052
53068
53051
53067
53101
53114
53127
53141
53140
53157
53171
51655
53184
53200
51656
53185
51657
53186
53217
53233
53232
53216
53215
53214
53213
53199
53198
53212
53228
53229
53245
53246
53230
53231
53247
53248
53264
53263
53262
53261
53244
53227
53211
53197
53183
53170
53169
53182
53168
53167
53153
53154
53155
53156
53139
53138
53125
53126
53113
53100
53099
53112
53111
53124
53137
53123
53136
53135
51431
53152
51432
53166
53180
53181
53196
53195
53208
53224
53240
53241
53225
53209
53210
53226
53242
53243
53260
53276
53275
53288
53287
53274
53259
53258
53257
51433
53273
53286
53299
53300
53301
53302
53289
53303
53322
53321
53337
53338
51666
53355
53356
53339
53323
53305
53304
53290
51663
53277
53278
53291
53306
53324
53340
53341
53325
53307
53308
53326
53342
53343
53344
53328
53327
53309
53310
53311
53329
53345
53358
53357
53390
53389
53423
53424
53441
53440
53439
53438
53422
53421
53420
53419
53402
53403
53404
53405
53387
53370
53369
53386
53385
53368
53367
53384
53401
53418
53435
53451
53436
53437
53452
53462
53461
53478
53494
53493
53492
53476
53477
53460
53459
53458
53475
53474
53457
53449
53448
53456
53473
53472
53455
53447
51434
53431
53432
53433
53450
53434
53417
53416
53399
53400
53382
53383
53366
53365
53354
53336
53320
53319
53335
53334
53318
53317
53333
53351
53362
53379
53363
53352
53353
53364
53381
53380
53398
53415
53414
53397
62383
59200
62384
62385
59232
59216
59215
59231
59230
59229
59213
59214
59198
59199
59183
59184
59171
62382
62381
59154
59141
59123
59122
59121
59103
59104
59105
59087
62380
59074
59073
59057
59046
59047
59058
62379
62378
62377
59036
59035
59034
59013
59012
59011
59021
59010
58999
58988
59000
58989
58990
59001
59002
58991
58992
59003
62374
62375
59014
62376
59025
59024
59023
59022
59033
59032
59043
59054
59055
59044
59045
59056
59071
59072
59086
59085
59084
59102
59118
59117
59135
59134
59133
59132
59114
59096
59097
59115
59116
59098
59099
59100
59101
59083
59070
59069
59068
59067
59066
59065
59053
59064
57219
59052
59040
59039
59028
59029
59018
59017
59006
57217
58995
59007
58996
58979
58980
58965
58966
58981
58997
59008
59019
59030
59041
59042
59031
59020
59009
58998
58982
58967
58968
58983
58984
58985
58986
58987
58972
58971
58970
58969
58942
58925
58924
58941
58956
58955
58954
58964
57215
58963
58953
58936
58919
58918
58935
58952
57214
58962
58978
57216
58994
59005
59016
59027
59038
59049
59060
59061
59062
59050
57218
59051
59063
59079
59080
59081
59082
59095
59113
59131
59130
59112
59094
59093
59111
59129
59147
59146
59145
59127
59128
59110
59109
59108
59126
59144
59157
59158
59175
59174
59156
59155
59172
57006
59173
59186
59187
59188
59204
59203
59202
59185
59201
59217
59218
59234
59233
57007
59249
59263
57008
59264
59265
59279
59295
59278
59277
59294
59311
59312
57009
59328
57010
59341
57011
59353
57012
59365
59366
59354
59342
59329
59330
59331
59314
59313
59296
59297
59298
59281
59280
59266
59252
59251
59250
59235
59219
59220
59236
59237
59221
59205
59189
59190
59177
59176
59159
59160
59161
59148
59149
59162
59179
59178
59191
59192
59208
59224
59223
59207
59206
59222
59238
59254
59253
59267
59268
59269
59283
59282
59299
59300
59284
59285
59302
59303
59286
59270
59256
59255
59239
59240
59241
59225
59226
59242
59243
59227
59211
59195
59194
59210
59209
59193
59163
59164
59165
59166
59136
59137
59119
59120
59138
59151
59152
59139
59140
59153
59170
59182
59169
59168
59150
57220
59167
57221
59181
59197
59180
57222
59196
57223
59212
57224
59228
59244
57225
57226
59245
59246
59247
59248
59262
62386
62387
59276
59275
59274
59261
59260
59259
59273
59272
59258
59257
59271
59289
59288
59287
59304
59305
59306
59290
59307
57229
59323
59324
59325
59338
59339
59326
59309
59308
57228
59291
57227
59292
59293
62388
62389
59310
59327
62390
62391
59340
59352
59364
59362
57232
59375
59388
59387
59386
59374
59373
57234
59385
57236
59399
59400
59401
59402
59389
59390
59403
59417
59434
59446
62392
62393
59459
59458
59472
59471
59470
59469
59468
59481
59482
59483
59484
59485
59498
62396
62395
62394
59377
59376
59363
59351
59350
57230
59337
59336
59349
59361
57231
59322
59321
59320
59319
59318
59301
59317
59334
59347
59348
59335
59360
59359
59358
59370
59382
59383
59371
59372
59384
59397
59396
59395
57235
59394
59381
57233
59369
59368
59356
59357
59346
59333
59316
59315
59332
59345
59344
59343
59355
59367
59380
59379
59378
59391
57013
59404
57014
59418
59419
57239
59435
59436
59420
59405
59392
59393
59406
59407
57238
59421
59408
59409
59422
59423
59410
59411
59424
59440
59425
59426
59427
59429
59442
59455
59456
59457
59416
59415
59414
59432
59433
59445
59444
59443
59431
59430
59413
57237
59398
59412
59428
59441
59454
59467
59480
59493
59505
59559
59558
59575
59576
59577
59560
59561
59544
59531
59518
59519
59532
59545
59563
59562
57242
59578
59579
59564
59546
59533
59520
59521
59508
59507
59506
59494
59495
59496
59497
59509
59510
62397
62398
59523
59536
59535
59522
59534
59547
59548
59549
57241
59566
62401
62400
62399
53696
53697
53686
53687
53677
53648
53627
53654
53634
53617
51440
53608
51439
53599
51438
53590
51437
53581
51436
53564
51435
53547
51676
53565
53548
53532
53531
53530
53521
53504
53488
53489
53505
53522
51674
53506
53490
53491
53507
53523
53508
53509
53524
53525
53510
53511
53512
53496
53495
53479
53480
53463
53464
53481
53515
53499
53483
53484
53500
53516
53526
53543
51675
53544
53527
53528
53545
53562
53563
53546
56797
53529
56796
56795
53520
53519
53518
53517
51673
53501
51671
51672
53502
53486
51670
53487
56794
48452
46432
48457
48463
48462
48479
48486
48485
46433
48501
48502
46434
48517
46435
48524
48531
48537
48543
48549
46704
48555
48556
46705
48563
48564
48557
48551
48550
46702
48544
46701
48545
48546
48552
48558
48565
48572
48580
48588
48587
48579
48571
48570
48578
48562
46436
48569
46437
48577
46438
48585
46707
48593
48586
48594
48595
48603
48602
48601
48610
48611
48625
48626
48635
48627
48612
48613
48614
48615
48616
48617
48618
48619
48620
48604
48596
48589
48581
48573
48566
48559
48553
48547
48541
48535
48529
48522
48513
48512
48511
48496
48495
48494
48510
48509
48508
48507
48506
48491
48492
48493
48470
48469
48468
48467
48466
48490
48489
46698
48505
48521
48528
48527
48534
48540
48539
48533
48538
46700
48532
46699
48526
48525
48518
48519
48520
48504
48503
48487
48488
48481
48480
46696
48464
48458
48465
48459
48454
46694
48453
48437
48420
48403
48397
48396
48402
48419
48436
48435
48418
48401
48395
48390
48385
46431
48380
48363
48356
48357
48351
48333
48332
48325
48326
48309
48292
48291
48284
48285
48286
48278
46679
48277
48261
48262
48263
48257
48240
48241
48242
48243
48244
48245
48246
48247
48248
48249
48250
48251
48233
48224
48196
48195
48194
48193
48192
48191
48190
48207
48208
48209
48210
48211
48212
48213
48214
48215
48225
48216
48200
48183
48184
48201
48218
48217
48226
48227
51199
51200
51201
48253
46676
48236
48235
48234
48252
51202
48260
46678
48276
51203
51204
48283
48282
48281
48288
46681
48305
46682
48322
48323
48306
48289
48290
51205
51206
48307
48324
51207
51208
48331
48330
48329
48347
48346
48345
48344
48343
48342
48341
48340
48339
48338
48337
48336
48335
46684
48352
48359
48366
48367
48368
46686
48369
48370
48371
48372
48373
48374
48375
48376
48377
46687
48353
48354
46685
48348
48349
48355
48362
46688
48379
51209
48361
48360
48378
48382
48387
48392
48393
48388
48383
48384
51210
51211
48389
48394
51212
51213
48400
48417
51214
51215
51216
46693
48451
46695
48434
48416
48399
48398
46692
48415
48414
48431
48432
48433
48450
48456
48461
48477
48483
48482
46697
48498
48499
48500
48484
48478
51217
51218
51219
42921
42905
42904
42887
42872
42856
42857
42858
42842
42843
42827
42826
42825
42841
42840
42824
42808
42809
42810
42794
42793
42792
42776
42777
42778
42761
42760
42743
42727
42711
42694
42679
42662
42645
42628
42611
42612
42629
42646
42663
42680
42695
42712
42713
42729
42728
42744
42745
42762
42763
42779
42795
42811
42796
41113
42781
42782
42766
42765
42750
42751
42767
42783
42799
42798
42814
42831
42830
42829
42845
42862
42878
41122
42863
42846
42847
41118
42833
42849
42865
41121
41123
42880
42881
42899
42916
42930
42945
42944
42929
42915
42898
42897
42914
42913
42928
42943
42959
42971
42970
42958
42942
42941
42940
42957
42969
42983
42984
42985
43019
43020
43022
43039
43040
43041
43055
43054
43053
43052
43065
43066
43067
43081
43082
43096
43110
43109
43095
43094
43108
43107
43121
43122
43135
43136
43137
43124
43125
43111
43097
43083
43069
43068
43056
43042
43025
43024
43023
43006
43005
42988
42972
42960
42961
42946
42931
42917
42932
42918
42902
42919
42933
42948
42947
42962
42963
42975
42974
42973
42989
42990
42991
43007
41133
43008
43009
41134
43026
41135
43043
46240
46239
46238
46237
42992
41132
41131
41129
42950
42949
42934
46236
46234
46235
42920
41125
42903
41124
42886
42885
42884
42883
42901
42900
42882
42867
42866
42850
42851
42835
42834
42818
42817
42800
42816
42815
42832
42848
41120
42864
42879
42896
42895
42912
42911
42894
42893
42910
42927
42926
41128
42938
42955
42967
42953
42952
42993
43010
43027
43044
40886
43045
43058
41136
43059
43060
43074
43088
43087
43115
43173
43174
43158
43175
43176
43159
43160
43146
43162
43161
43177
43190
43191
43192
43178
43193
43208
43207
43206
43224
43242
41140
43225
43226
41141
43243
43244
43262
43261
43260
43277
43294
43293
43276
43259
43258
43257
43256
43255
43272
43273
43274
43291
43290
43324
43308
43307
43306
43289
43271
43254
43253
43252
43268
43285
43286
43269
43270
43287
43288
43305
43304
43320
43321
43338
43337
43353
43368
43383
43399
43432
43429
43428
43413
43412
43396
43380
43381
43397
43398
43382
43367
43366
43365
43350
43334
43335
43351
43352
43336
43319
41146
43303
43302
43318
43301
43284
43267
43250
43251
43235
43234
43216
43200
43184
43185
43201
43217
43218
43236
43237
43238
43239
43240
43222
43221
43220
43219
43202
41138
43186
43203
43204
43187
43188
43189
41139
43205
43223
43241
43275
43292
43309
43310
43326
43325
41147
43341
43342
43357
43372
43371
43356
41151
43386
43387
43388
43389
43373
43358
43360
43391
43390
43406
43405
43421
43438
43439
43440
43422
43407
43423
43459
43443
41155
43460
46262
43444
41154
43427
46261
46260
43411
43410
43426
43425
43409
43394
43395
37925
37938
35493
37939
37926
37914
37913
37902
37891
35492
37881
35491
37872
35490
37862
35489
37845
35488
37828
35487
37815
35486
37802
35485
37789
35484
37773
37757
37741
37742
37725
37724
37712
35483
37699
37700
37686
35482
37685
37672
35718
37659
35481
37658
37644
35480
37630
35479
37616
37617
37631
37645
37646
37660
37673
37674
37661
37662
37675
37689
37690
37676
37663
37649
37648
37647
37633
37634
37635
37621
37620
37619
37605
37606
37594
37595
37607
37608
37609
35716
37622
37636
37650
37664
37677
37691
35719
37704
37717
37731
37732
37749
37765
37766
37782
37781
37780
37764
37763
37747
37730
37729
37746
37762
37761
37760
37744
37745
37728
37716
37703
37702
37688
37687
37701
37713
37714
37715
37727
37726
37743
37759
37758
37774
37790
37791
37792
37805
37804
37803
37816
37829
37846
37863
37873
37882
37892
37903
37904
37915
37916
35735
37927
37941
37940
37957
37958
35739
37970
37971
37983
37982
37993
38004
38015
38016
38005
37994
37995
37984
37972
37960
37959
37942
37943
37929
37928
37917
37905
35731
37893
37883
37874
37864
37848
37847
35727
37830
37817
37818
35726
37831
37832
37849
37850
37851
37865
37875
37884
37894
37906
35733
37918
37930
35736
37944
35737
37961
37973
37985
37996
38007
38018
35745
38030
38031
38032
38033
38034
38035
35746
38052
38036
38037
38038
38054
38053
38071
38072
38073
38089
35749
35750
35751
40731
38142
38154
40732
40733
38165
38180
40734
40735
38192
38208
38207
38206
38191
38190
38178
38163
38152
38151
38162
38177
38176
38188
38189
38205
38219
38220
38221
40736
38233
35762
40737
40738
38288
35765
35766
35767
35768
38328
38318
38308
38298
38286
38287
38276
38265
35763
38249
38232
38231
38218
38217
38204
38203
38216
38230
38247
38248
38264
38275
38285
38297
38296
38284
38274
38263
38262
38273
38272
35764
38283
38295
38305
38315
38316
38306
38307
38317
38327
38341
38342
38343
38344
40739
40740
40741
40742
40743
40744
40745
40746
40747
40748
38444
38443
38434
38425
38416
38407
38398
38389
38380
38371
38362
38353
38352
38361
38360
38369
38370
38379
38378
38387
38396
38388
38397
38406
38405
38414
38415
38424
38423
38422
38413
38404
38395
38386
38377
38368
38359
38350
38351
38340
38326
38325
38339
38338
38337
38336
38335
38334
35769
38324
38314
38313
38312
38311
38321
38322
38323
38333
38349
38348
38347
38356
38355
38346
38331
38330
38320
38310
38300
38301
38302
38303
38304
38294
38282
38293
38292
38269
38268
38253
38238
38254
38255
38239
38227
38214
38244
38200
38199
38198
35758
38197
38213
38226
38225
38212
38211
35759
38210
35761
38223
38224
38237
38236
38235
38234
38222
38209
38193
38181
38166
38155
38143
38127
38128
38144
38156
35754
38145
38129
38130
38114
38115
38131
38132
38148
38147
38146
38157
38158
38159
38170
38169
38168
38183
38167
35756
38182
35757
38194
38195
38196
38184
38185
38171
38172
38173
38174
38175
35755
38160
38161
38150
38138
35752
38123
38122
38121
38137
38136
38120
38119
38135
35753
38134
38118
38133
38117
38116
38105
38094
38093
38078
38079
38080
38062
38061
38060
38044
38028
38027
38043
38042
38026
38025
38041
38057
38075
38091
35498
38090
35499
38101
38102
38113
38112
43652
43662
43661
43671
43672
46266
46267
46268
43706
43705
41175
43704
43721
43722
43723
43732
46269
46270
43740
43739
43738
43746
43754
43755
43747
43748
46271
46272
43756
43765
46273
46274
43782
43781
43764
43763
41180
43780
43789
43798
43799
43790
43791
43800
43809
43826
46275
46276
46277
46278
46279
46280
43849
43856
43861
43866
43871
43876
43881
43886
43891
46281
46282
46283
46284
46285
46286
46287
46288
43922
41191
43929
43921
43906
43901
43896
43920
43919
43928
43943
43942
43941
43927
43915
43914
43913
43912
43911
43910
41189
43925
43926
43936
43937
43938
43939
43956
43957
43940
43958
43959
43975
43974
43988
43989
43990
43999
43998
44016
44033
44049
44050
44051
44034
44017
44018
44000
41197
43991
43976
41193
43960
43961
43944
43945
43946
43947
43963
43978
43993
44003
44002
43992
43977
43962
41194
41195
44001
44019
44020
44036
44035
44052
44053
44061
44062
44063
46292
46291
46290
46289
38480
38481
38482
38496
38497
38498
38504
38512
38513
38514
38515
38516
38517
38518
38519
38520
38521
38528
38543
38544
38553
38554
38555
38545
38529
38523
38522
38505
38506
38500
38494
38477
38476
35774
38493
38499
38492
38491
38490
38489
38472
38471
38455
38456
35771
38431
38432
38433
38440
38457
38473
38474
38475
38458
35772
38441
38442
35773
38459
38460
38478
40749
40750
40751
40752
40753
38530
38546
38556
40754
38564
38563
35777
35778
38579
38571
38572
38580
38588
38597
38587
35779
35780
38595
38596
38611
38612
38622
40755
40756
38632
38631
38621
38620
38610
38609
38619
38618
38628
38617
38627
38639
38638
38649
38660
38661
38677
38678
38650
38651
38640
38629
38630
35786
38641
38652
38662
38679
38663
38664
40758
40757
38653
38642
33295
30410
33287
33288
33296
33297
30650
30648
33237
33236
33235
33234
33233
33250
33256
33262
33268
33274
33280
33279
33273
30409
33267
30408
33261
30407
33255
30406
33249
30405
33232
33216
33217
33210
30404
33209
33200
33192
30403
33184
30402
33176
30401
33168
30400
33150
33151
33135
33134
33116
33136
33137
33154
33155
33139
33138
33108
33097
33087
33077
33067
33057
33047
33037
33027
33017
33007
32997
32987
32977
32960
32950
32951
30639
32961
32978
32988
32998
33008
33018
33028
33038
33048
33058
33068
33078
33088
33098
33109
33099
33089
33079
33069
33059
33049
33039
33029
33019
33009
32999
32989
32979
32964
32965
32966
32967
32968
32980
32990
33000
33010
33020
33030
33040
33050
33060
33070
33080
33090
33100
33110
33171
33179
33187
33195
33224
33225
33226
33242
33241
33240
33239
33223
33211
33203
30643
33194
33186
33178
33170
33153
33152
33169
33177
33185
33193
33201
33202
33218
33219
33220
33221
33222
33238
33251
33257
33263
33269
33275
33281
33289
33298
30652
33309
33323
33339
33338
33322
33321
33337
33354
33365
33366
33367
33368
33369
33387
33388
33370
33342
33341
33340
33324
33325
33326
33327
33343
33344
33328
33300
33301
33302
33293
33292
33291
30651
30649
33283
33284
33285
33277
30647
33259
33260
35311
35312
33266
33265
33271
33272
35313
33278
33286
33294
35314
33303
33315
33332
33346
33345
33355
33356
33392
33409
33419
33434
33433
33443
33435
33410
35316
33376
30656
33393
33411
35317
33420
33436
35318
33444
33461
30660
35319
35320
35321
35322
35323
35324
35325
35326
33520
33537
33536
33519
33502
33503
33486
33485
33484
33467
33459
33460
33468
33469
33470
30661
33487
30662
33504
30663
33521
30664
33538
30665
33555
30666
33572
33589
33588
33605
33606
33622
35327
35328
33631
30670
33640
33656
33655
33665
33666
35329
35330
33676
33675
33685
33694
33695
33686
35331
35332
35333
33705
33704
33714
33715
35334
35335
33725
33724
33723
33733
33742
33734
33735
35336
33769
33768
33750
33740
33731
33721
33711
33682
33683
33673
33672
33629
33552
33535
33497
33466
33450
33451
33441
33452
33453
33454
33455
33429
33430
33431
33406
33405
33404
33403
33428
33427
33426
33401
33402
33386
33385
33384
33383
33400
30657
33417
33425
30658
33416
33398
33381
33399
33382
33364
33353
33336
30654
33320
33308
33307
33319
33318
33306
33305
33304
33316
33317
33334
33333
33349
33350
33335
33351
30655
33352
33363
33362
33361
33379
33378
33360
33359
33377
33394
33412
33395
33413
33414
33396
33380
33397
33415
33424
30659
33440
33449
33448
33472
33463
33446
33447
33439
33438
33423
33422
33421
33437
33445
30411
33462
33471
33488
33489
33506
33505
33522
33523
33540
33539
33556
30412
33573
30413
33590
33612
33661
33671
33681
33690
33700
33710
33720
33730
33739
33749
33774
33783
33795
33796
33812
33813
33814
33797
33798
33799
33800
33775
33784
33801
33818
33819
33822
33823
33840
33856
35342
30679
33882
33873
33855
33839
33838
33854
33872
33880
33881
33889
33907
33915
33908
33890
33891
35343
35344
35345
33916
33924
33923
33940
33941
30681
33947
33946
33953
33954
33962
33969
33976
33993
33992
33991
33975
33974
33967
33968
33961
33960
33952
33945
33937
33936
33935
33921
33938
33939
33922
33914
33913
33905
33906
33888
33887
33904
33903
33902
33901
33900
33899
33912
33920
33931
33932
33933
33934
33944
33951
33959
33966
30683
33930
33929
33928
33949
30432
33942
33925
33926
33911
33910
33893
33894
33895
33896
33897
33898
33886
33878
30678
33862
33863
33864
33865
33866
33867
33849
33833
33850
33868
33869
33879
33870
33871
33853
33837
33836
33852
33851
33835
33834
33817
33816
33815
33832
33848
33847
33831
33830
33846
33829
33845
33844
33828
33810
33811
33794
33793
33792
33809
33826
33827
30677
33861
33860
33877
33876
33885
33884
33875
33842
33841
33824
30428
33806
33808
33791
33781
33782
33773
33772
33756
33757
33747
33746
33737
33719
33709
33699
33698
33688
33689
33680
33670
33660
33659
33669
33679
33697
33707
33708
33726
30423
33716
30422
33706
30421
33696
30420
40772
39042
39033
39017
40771
39007
39006
38995
38996
38982
38981
38980
38979
38993
38994
39005
39015
39016
39040
39049
39058
39059
39067
39066
39075
39084
39092
39100
39099
39116
39131
39130
39114
39115
39091
39083
39074
39065
39057
39048
39039
39014
39004
35810
38992
38991
38977
38978
38927
38914
38902
38890
38881
38864
38865
38882
38892
38891
38903
38904
38917
38916
38915
38930
38947
35805
38964
38965
38966
38949
38948
38931
38932
38933
38950
35806
38967
38951
38934
38918
40770
38906
38905
38893
38894
38883
35799
40769
40768
40767
40766
40765
40764
38798
35795
38815
35796
38832
35797
38849
35798
38866
38848
38831
38814
38796
38797
38780
38781
38773
40763
40762
38763
38772
38771
38779
38812
38811
38810
38794
38793
38790
38807
38789
38750
38861
38860
38877
38876
38875
38874
38855
38838
38839
38822
38821
38817
38834
38867
38850
38833
38816
38799
38800
38783
38782
38774
38764
38754
35533
38744
35532
38745
38755
38757
38747
38737
38738
38748
38758
35791
38768
38777
38786
38776
38775
35792
38766
38767
38756
38746
38736
38735
38721
38711
35788
38694
38695
38696
38686
38669
38658
38659
35787
38670
38671
38672
38673
38674
38675
38676
38687
38704
38714
38716
38731
38730
35790
38715
38705
38688
38689
38706
38707
35789
38717
38708
38690
38680
38681
40759
38691
38709
38718
38733
38732
38742
38743
40760
40761
38753
38752
38762
38761
38751
38741
38740
38739
38749
38759
38760
38846
38847
38830
38813
38795
35794
38778
35793
38769
38770
38829
38828
38827
38826
38809
38792
38791
38808
38825
38824
38841
38840
38823
38806
38805
38788
38787
38804
38803
38820
38837
38836
38819
38802
38785
38784
38801
38818
38835
38852
38853
38854
38871
38870
38869
38851
38868
38885
38884
35534
38895
35535
38907
38908
38920
35804
38936
38937
38938
38923
38911
38910
38922
38921
38909
38897
38896
38886
38887
38898
38899
38900
38888
35800
38872
38873
38856
38857
38858
38859
38842
38843
38844
38845
38862
38863
38880
38879
38878
35801
38889
35802
38901
38913
38928
38929
38946
38945
38944
38943
38926
35803
38925
38942
38960
38959
38941
38940
38958
35807
38973
35808
38974
38975
38961
38962
38963
38976
35809
38990
39003
39013
39027
39028
39029
39030
39031
39032
39041
39050
39051
40773
40774
39060
39068
40775
40776
39077
39076
35815
39085
40777
39093
35816
39101
35818
35817
39117
39142
39157
39156
39154
39153
39140
39129
39128
39127
39126
39110
39109
39125
39139
39124
39108
39107
39096
39088
39080
39071
39062
39054
39045
39036
39021
35813
39010
39009
35812
39020
39035
39044
39053
39061
39070
39079
39087
39095
39105
39106
39122
39123
39138
39146
39147
39171
35821
39162
39145
39137
35819
39144
39161
39170
39169
39168
39167
35549
39177
35550
39187
39198
35551
39199
39188
39189
39200
39212
39226
39225
39211
39210
39209
35552
39224
35553
39236
39248
39259
35554
39275
35555
39286
39296
39287
39297
39306
39305
39322
39323
39339
39338
35556
39349
39361
35557
39376
39387
35558
39388
39405
39404
39420
39421
39422
39423
35840
39440
39450
39449
35843
39464
39480
39492
39509
39526
39525
39524
39507
39508
39491
39490
39479
39463
39448
39439
39438
39447
35559
39462
35560
39478
45007
44990
41261
44979
44980
44963
46331
44951
44937
46330
44919
44918
44936
44950
44949
44962
44961
44960
45003
45002
45001
44987
44986
44996
44997
44998
44999
45000
45013
45027
45039
41267
45026
45025
45024
45023
45022
45021
41266
45038
45020
45011
45010
45019
41265
45009
41264
41263
44992
41262
44982
44965
44953
44920
44907
44890
40935
44877
44878
44891
44908
41256
44879
44880
44892
41257
44909
44910
44893
44881
44863
41254
44846
41253
44833
44832
40934
44831
44845
44862
44861
51322
51321
46794
51320
50045
50044
50052
50059
50058
50051
50108
50109
50110
50127
50126
50125
50124
50107
50106
50123
50122
50105
50104
50121
46797
50120
50103
50102
50101
50094
50095
50088
50087
50080
50081
50057
50050
50033
50034
50035
50036
50037
50038
50039
50040
50041
50042
50043
50027
50028
51319
51318
51317
50009
50002
49994
49993
49985
49986
51316
46785
49977
49984
49983
46787
49992
50000
50001
50008
50015
50016
46792
50022
50021
50014
50007
49999
46789
49991
49982
49974
49975
49976
49968
49969
49951
49935
51315
49952
49936
51314
51313
49927
49926
49917
49918
51312
46781
49892
49891
49908
49916
49925
49924
49915
49914
49923
49932
49933
49934
49950
49967
49949
49948
49966
49965
49947
49946
49964
49963
49945
49962
49944
49943
49961
49960
49942
49941
49959
49958
49940
46784
49931
49922
49913
49912
49897
49896
49911
46782
49921
49930
46783
49929
49920
49910
49893
46493
49909
49919
49928
49937
46494
49938
49939
49972
49971
49987
49988
49996
49995
56886
56887
55184
55174
55173
55172
55162
55161
55171
55181
55182
55183
51766
55193
55203
56888
56889
55213
55223
56890
56891
55233
56892
55243
55259
55276
55275
51769
55287
55303
55302
55320
55321
55339
55354
56893
56894
55393
55382
55371
55353
55352
55351
55369
55370
55381
55380
55379
55378
51773
55389
55390
55401
55402
55391
55392
51775
51776
51777
55444
56895
51779
55443
55442
55441
55432
55433
55417
55416
55415
55400
55414
55399
55388
55377
55366
55367
55368
55350
55349
55317
55335
55336
55318
55300
55299
55271
55270
51767
55255
55256
55257
55274
55258
55242
55232
55222
55231
55241
55240
55230
55221
55220
55210
55211
55212
55202
55192
55191
55201
55200
55190
55180
55170
55160
55150
55151
55141
51764
51762
55119
55131
55132
55122
55133
55143
55142
55152
55153
55163
55164
56885
56884
55154
55144
55134
55123
56883
55111
55110
55109
55121
55120
55108
51760
55097
55086
55075
55076
55087
55088
55098
55099
55100
56882
56881
55089
55078
55077
55060
55059
55041
55042
55061
55043
55030
55012
54994
54995
56879
56880
49883
49865
49866
49884
49894
49895
49885
49867
49868
49869
46778
49886
49887
49898
49899
49900
49901
49902
49903
49904
49876
49875
49874
49873
49872
49871
49870
49854
49853
49852
49851
49843
49844
49836
49837
49829
49821
49828
49827
49835
49834
49842
49850
49849
49841
46492
49833
46491
49825
46490
49826
49818
46775
49819
49820
49813
49814
49806
49807
49815
49822
49830
49838
49845
49846
49855
49856
49857
49858
49859
49860
49861
49877
46779
49878
49888
46780
49905
49906
49907
49890
49889
49879
49880
49881
49882
49864
49863
46777
46776
49862
49847
49839
49831
49823
49816
49808
49800
49801
49809
49817
49824
49832
49840
49848
51311
51310
51309
51308
51307
51306
51305
51304
46774
49777
49768
49767
49776
46773
49793
49775
49774
49792
49791
49790
49789
49788
49787
49786
49785
49784
49783
49799
49760
49744
49728
49727
49726
49725
49724
49723
49740
49757
49739
49722
49700
49699
49682
49681
46770
49698
49697
46485
49680
46484
49671
46483
49663
46482
49655
49647
49656
49657
46766
49658
49659
49651
49643
49650
49649
46765
49648
49640
46764
49632
49633
49641
49642
49634
49617
49607
49608
49618
49635
49619
49620
49621
49622
49623
49624
49609
49600
49591
49566
49558
49550
49540
49522
49506
49507
49523
49541
49542
49543
49544
49526
49525
49524
49491
49483
49484
49492
49508
46755
46756
51290
51289
51288
44188
44179
40907
44162
44163
44153
44152
44142
44132
44115
44116
44133
44143
44154
44164
44165
44166
44182
41207
44201
44202
44203
44204
44205
44206
44215
41210
44231
41211
44248
44249
41213
44257
44273
44272
41215
44280
44298
44297
44304
44305
44312
44311
44303
44310
44317
44324
44331
44338
44339
44332
44325
44318
44319
44326
44333
44340
44347
44354
44362
44363
46313
46312
44355
44348
46311
44341
46310
46309
44334
44327
46308
46307
44320
44313
46306
46305
44306
44299
44282
44281
44274
44275
44259
44258
44250
44251
44235
44219
44218
44217
44208
44192
44184
44175
41206
44158
44148
44147
44146
44156
44174
44173
44172
44171
44170
44169
44168
44167
44155
41205
44145
41204
44144
44134
41203
44118
44117
44100
44099
44098
44081
44082
44064
44065
44055
44054
44037
44038
44021
44022
44023
44039
44040
41198
44056
44057
44068
44069
44086
44087
44104
44121
44120
44119
44102
44103
44085
44084
44067
44066
44083
44101
44135
44122
44123
44124
44125
44108
44107
44106
44089
44105
44088
44070
44071
44072
44073
44090
44091
44092
44109
44074
44075
44058
44047
44048
44032
44015
44014
44031
44030
44046
44045
44029
44028
44044
44043
44027
44010
44011
44012
44013
43987
43973
43986
43985
43971
43972
43955
43954
43953
43970
43984
43983
43969
43952
43935
43934
43951
41192
43933
43932
43931
43924
41190
43909
43908
43903
43898
43893
43888
43883
43878
43873
43868
43863
43858
43852
43851
43845
43853
43846
41188
43832
43815
43816
43833
43834
43817
43818
43835
43836
43819
43820
43837
43847
43854
43859
43864
43869
43874
43879
43884
43889
43894
43899
43904
43916
43917
43918
43905
43900
43895
43890
43885
43880
43875
43870
43865
43860
43855
43848
43840
43823
43824
43841
43842
43843
43825
41187
43808
43807
41186
43797
43788
41182
43779
43762
43753
43745
43737
43729
43719
43720
43730
43731
43689
43670
43688
43687
43686
43668
43669
43659
43660
43650
43649
43648
43647
41173
43658
43685
43702
43703
43718
43717
43701
43700
43716
43728
43736
43744
43752
43761
43777
43778
41184
43806
43822
43839
43838
43821
43805
43796
43787
43776
43775
43774
43773
43772
43771
41181
43770
43769
43786
43794
43795
41185
43804
43814
43831
43830
43813
43812
43829
43828
43811
43802
43803
43793
41183
43785
43768
43767
43766
43783
43792
43801
43810
43827
40895
43844
43850
40896
43857
40897
43862
40898
43867
40899
43872
40900
43877
40901
43882
40902
43887
40903
43892
40904
43897
40905
43902
43907
43923
43930
40906
43948
43949
43950
43966
43981
43967
43968
43982
41196
43997
44008
44009
44026
44042
44041
44025
44024
44007
44006
43996
43980
43965
43964
43979
43994
43995
44005
44004
51275
51276
49307
46746
49324
49331
51277
49339
49338
49330
46747
49323
49329
49322
49321
49320
49319
49318
49317
49316
49315
49314
49313
49305
49289
49304
46745
46744
49274
49256
49238
49230
49229
49221
46470
49220
49212
46469
49204
46468
49196
46467
49188
46466
49180
46465
49172
46464
49164
46463
49156
46462
49165
49166
49174
49182
49190
49173
49181
49189
49197
49198
49206
49205
49213
49214
49222
49223
49215
49207
49199
49191
49183
49175
49167
49159
49151
49135
49134
49133
49150
49158
49157
49149
49117
49085
46736
49094
46738
49109
46739
49118
49136
49137
49119
49120
49138
49139
49121
49122
49140
49141
49142
49152
49160
49168
49176
49177
49169
49161
49153
49145
49146
49154
49162
49170
49178
49186
49194
49193
49185
49184
49192
49200
49201
49202
49210
49209
49217
49225
49218
49226
49233
49232
46742
49224
49216
49208
46741
49241
49259
49258
49240
49231
49239
49257
46743
49275
49276
49290
49291
49277
49260
49261
49242
49243
49244
49245
49262
49279
49278
49292
49293
49294
49295
49296
49297
49282
49281
49280
49263
49264
49246
49247
49265
49266
49248
49249
49250
49268
49285
49267
49283
49284
49298
49299
49306
49300
49301
49302
49287
49271
49286
49270
49269
49251
49252
49253
49235
49234
49227
51274
51273
49219
49211
51272
51271
49203
49195
51270
51269
49187
49179
51268
51267
49171
49163
51266
51265
49155
49147
46740
49130
51264
51263
49114
49105
49090
51262
51261
49080
49089
49079
49070
49071
51260
51259
49062
46733
49045
46732
49036
49035
49044
49061
49069
49078
49088
49103
49104
49113
49129
49128
49112
49111
49127
49126
49144
49143
49125
49124
49123
49098
49097
49096
49095
46737
49086
49076
49075
49066
49050
49041
46731
49032
49033
49042
49051
49067
49052
49053
49054
49055
49056
49057
49058
49099
49100
49101
49110
49102
49087
49077
49068
49059
49060
49043
49034
49025
49024
49023
49022
49021
49020
49019
49018
48984
48983
48982
48981
48964
48946
48963
48980
48996
48979
48962
48945
48935
48934
48933
46727
48944
48961
48960
48977
48978
48995
49005
49006
49017
49016
49015
49014
49004
48994
48993
46729
48976
48959
46728
48942
48943
48932
48931
48921
48922
48905
46725
48890
48891
48881
48880
48879
48861
48845
48846
48840
46719
48835
48834
46452
48833
48839
48844
48860
48878
48889
48888
48904
48920
46453
48930
46454
48941
46455
48958
46456
48975
46457
48992
46458
49002
49003
49013
49012
49029
46459
49030
49031
49040
49049
49065
49074
49084
49083
49082
49073
46735
49064
46734
49048
49047
49039
49038
49046
49063
49072
46460
49081
49091
49092
49093
49108
49107
49106
49115
49116
49132
49131
46461
49148
56827
54194
54188
56826
56825
56824
56823
54148
54142
54136
54135
54141
54147
54164
54165
54182
54187
54193
54198
54204
54210
54205
54199
54200
56828
56829
54206
56830
56831
54218
54212
54211
54217
54216
54222
54228
54234
54240
54246
54247
54241
54235
54229
54223
54224
56832
56833
54230
54236
56834
56835
54242
54248
56836
56837
54254
54253
54252
54258
54259
54265
54264
54271
54270
54285
54286
54287
54305
54323
54322
54304
54303
54321
54330
51726
54320
54319
54301
54302
54284
54283
54300
54282
54281
54280
54279
54278
54276
54275
51724
51723
54274
54268
54262
54256
54250
54244
54238
54232
54226
54220
54214
54208
54202
51722
54196
51721
54190
51720
54184
51718
54168
54167
54150
54151
54144
54138
54132
54126
54109
51715
54092
51463
54091
51464
54108
51465
54125
51466
54131
51467
54137
51468
54143
54149
54166
54183
54189
54195
54201
51469
54207
51470
54213
51471
54219
51472
54225
51473
54231
51474
54237
51475
54243
51476
54249
51477
54255
51478
54261
51479
54267
54273
54289
54307
54325
54334
54335
54326
54308
54290
54291
54309
54327
54336
54353
54352
54351
54368
54385
54386
54387
54388
54389
54372
54373
54356
54337
54328
54310
54292
54311
54293
54294
54312
51725
54329
54342
54343
54359
54360
54413
54454
54470
54487
54488
54471
54455
54456
54472
54489
54490
54491
54507
54524
54541
54540
54539
54522
54523
54506
54505
54504
54521
54520
54503
54485
54486
54469
54453
54452
54468
54467
54466
54450
54449
54465
54482
54481
54498
54499
54516
54533
54552
54595
54596
54597
54598
54599
54600
54586
54577
54543
51731
54542
54525
51730
54526
54527
54544
56852
56851
56850
54510
54509
54508
51729
54492
54475
54460
54444
54435
54434
54443
54459
54458
54474
54473
54457
54442
54432
54433
54416
54415
54398
54381
54364
54365
54382
54399
54417
54418
54401
54400
54383
54366
54367
54350
54332
54333
54324
54306
54288
54272
56840
56839
54266
54260
56838
49228
49236
49237
49255
49273
49254
46471
49272
49288
49303
49308
46472
49325
46473
49332
46474
49340
46475
49348
46476
49356
46477
49364
46478
49372
49380
46479
49381
49408
49424
49423
49440
49441
49442
49425
49426
49443
49444
49427
49428
49429
49412
49395
49396
49397
49414
49413
49430
49431
49415
49398
49399
49416
49433
49434
49435
49418
49419
49402
49401
49417
49400
49376
49384
49385
49377
49378
49370
49362
49361
49369
49368
49360
49352
49344
49336
49337
49345
49353
49354
49346
49347
51278
51279
49355
49363
51280
51281
49371
49379
51282
51283
51284
51285
51286
51287
49438
46750
49421
46749
49404
46748
49387
49386
49403
49420
49437
49436
49453
46752
49454
49455
49462
49476
49461
49475
46753
49452
49451
49450
49432
49449
49448
49447
49446
49445
46751
49481
49489
49488
49480
49466
49479
46754
49487
49497
49498
49514
49513
49548
49549
49557
49556
49573
49589
49590
49599
49598
49596
49595
49586
49587
49570
49571
49572
46761
49588
46762
49597
46763
49606
49616
49615
49631
49639
49630
46481
49613
49614
49605
49604
56864
56865
54752
51740
54735
54734
54733
54732
54750
54749
54765
54764
54774
54775
54776
54785
54786
54777
54766
54767
54768
54769
56866
54778
54787
56867
56868
54796
54805
51742
51744
54820
54835
54852
54867
56869
56870
56871
56872
56873
54934
51752
54917
54910
51750
54893
54884
54892
54909
54891
54890
54880
54881
54882
54883
54865
54866
54851
54850
54849
51749
51748
54848
54833
54832
54847
54846
54864
54879
54878
54877
54876
54875
54861
54843
54842
54860
54859
54874
54889
54914
54925
54926
54927
54928
54929
54930
54931
54949
54958
54966
54967
54959
54950
54951
54960
54978
56878
54986
54985
54984
54993
55010
51756
55011
55029
55028
55027
55026
55039
55057
55074
55073
55056
55055
55054
55071
55085
55096
55107
55118
55130
55140
55149
55159
55169
55179
55189
55199
55209
55219
55229
55239
55254
55269
55253
55268
55281
55315
55314
55346
55365
55364
55363
55345
55330
55312
55311
55310
55309
55308
55292
55291
55262
55263
55248
55247
55246
55236
55226
55216
55215
55225
55235
55245
51768
55261
55278
55290
55289
55305
55323
55306
55324
55341
55356
55357
55358
55359
55374
55385
55396
55397
55386
55375
55360
55342
51771
55326
55325
55307
55327
55328
55343
55329
55344
55362
55361
55376
55387
55398
55409
55410
55426
55427
55411
55412
55413
55429
55428
55439
55450
51778
55430
55431
55440
55453
55454
55464
55479
55480
55493
56896
55520
55506
51782
55492
55491
55478
55477
55463
55462
55452
55451
55461
55460
55474
55475
55476
55487
51781
55473
55472
55471
55470
55469
55459
55449
55438
55425
55424
55408
55407
55406
55422
55423
55437
55448
55447
55436
55421
55405
55373
51772
55384
51774
55395
55404
55419
55420
55435
55446
55456
55466
55482
55495
55508
55509
55496
55483
55484
55467
51780
55457
55458
55468
55485
55498
55497
55510
55511
55486
55499
55512
55526
55525
55524
55523
55522
51783
55536
51785
55549
51787
55561
51789
55573
51791
55585
55586
55598
55597
51793
55596
55610
55626
51528
55625
51529
55637
51530
55649
55650
51796
55661
55672
51531
55673
55674
55662
55651
55638
55639
55627
55611
55612
55613
55599
55587
55574
55575
55588
55576
55564
55552
55551
55563
55562
55550
55537
55538
55539
55540
55553
55565
55577
55589
55601
55600
55614
55615
55631
55630
55642
55654
55655
55666
55678
55689
55700
55699
55688
51797
55677
55665
55664
55653
55641
55629
55628
55640
55652
55663
55676
55675
55687
55698
55707
55697
55686
55685
55684
55695
51532
55696
55706
55723
55724
55725
55708
55709
55710
55726
55740
55739
55738
55737
55751
55752
55753
51803
55771
55787
55802
51806
55815
51807
55816
55817
55818
55819
55820
55805
55792
55804
55803
55790
55789
55788
51804
55772
55773
55756
55757
55774
55775
55791
55776
55777
55761
55762
55778
55794
55793
55806
55807
55822
55821
55837
55838
55839
55823
55808
55809
55824
51808
51810
55854
55855
55870
56906
55886
55901
55916
55915
51815
51817
55930
55946
55945
55961
55978
55977
55976
55993
56009
56024
56023
56008
55992
51819
55975
55958
55942
55941
55926
55927
55912
55913
55898
55883
55882
55881
55880
55879
55863
55862
51811
51809
55833
55832
55831
55830
55857
55845
55846
55847
55861
55874
55873
55872
55888
55889
55890
55905
55920
55935
55934
55919
55904
55903
55918
55933
55949
55950
55951
55967
55966
55965
55982
55999
56014
56029
56044
56059
56072
56087
56088
56073
56074
56075
56089
56090
56108
56109
56110
56124
56123
56139
56155
56171
56172
56156
56140
56141
56125
56126
56127
56142
56158
56157
56173
56174
56175
56191
56207
56190
56189
56206
56221
56237
56236
51839
56220
56204
56205
56188
56187
56186
56203
56202
56201
56217
56216
56200
56183
56168
56169
56184
56185
56170
56154
56138
56137
56153
56152
56136
56120
56121
56122
56107
56106
56105
56119
56135
56151
56167
56182
56199
56215
56232
51545
56248
51546
56264
51547
56281
51548
56298
51549
56312
51550
56328
51551
56345
51552
56362
51553
56379
56314
56315
56301
56300
56283
56284
56267
56251
56250
56234
56235
56218
56219
51841
56252
56266
56233
56249
56265
56282
56299
56313
56329
56330
56331
56348
56365
56382
56396
56395
56394
56393
56347
56346
56363
56380
56411
56410
56427
56364
56381
56383
56397
56413
56412
56429
56428
51851
56444
56445
56430
56446
56447
56431
56414
56415
56398
56384
56366
51847
51846
56349
56350
56367
56368
56351
56334
56335
56352
56369
56370
56353
56354
56371
56372
56386
56385
56403
56420
56438
56421
51849
56404
51848
56422
56405
56406
56407
56423
56424
56425
56426
56916
56917
56443
56442
56453
56454
56918
56919
56465
56464
56475
56476
56920
56921
56487
56486
56497
56498
56922
56923
56508
56507
56496
56495
56484
56485
56474
56463
56473
56462
56451
56452
56441
56440
51850
56439
56450
56461
56472
56483
56494
56504
56505
56506
56517
56528
56538
56537
56527
56516
56515
56526
56536
51856
56546
56564
56580
56579
56563
56562
56561
56577
56576
56594
56593
56592
56591
56573
56557
56558
56574
56575
56559
56560
56545
56535
56525
56514
56503
56493
56482
56471
56460
56449
56437
56436
56419
56402
56401
56400
56399
56416
56417
56418
56435
56434
56433
56432
56448
51852
56459
56470
56481
56492
56502
56513
56524
56534
51855
56544
56556
56555
56554
56553
56542
56532
56543
56533
56523
56531
56521
56522
56511
56500
56512
56501
56491
56490
56479
56478
56467
56468
56480
56469
56458
56457
56456
56455
51554
56466
51555
56477
56488
51556
56489
51853
56499
56510
51557
56509
51558
56520
51559
56530
56540
56541
56552
56568
56569
56570
56588
56603
56602
56587
56586
56601
56613
56625
56614
56626
56638
56639
56627
56615
56616
56604
56589
56571
56572
56590
56605
56617
56629
56628
56640
56652
56651
56663
56676
56664
56641
56653
56665
56677
56689
56688
56687
56675
56674
56686
56685
56684
51567
56672
51566
56660
51565
56648
51564
56649
56661
56673
56662
56650
56637
51563
56636
56624
51562
56612
51561
56600
51560
56585
56567
56551
62534
62535
62536
62537
62538
62539
62540
62541
62300
62297
62294
62291
62288
62285
62282
62279
62275
62276
62258
62257
62274
62273
62272
62271
62270
62252
62251
62269
62268
62250
62249
62267
62266
62248
62247
62265
62264
62263
62244
62262
62261
62278
62281
62284
62287
62290
62293
62296
62299
62298
57133
62295
57132
62292
57131
62289
57130
62286
57129
62283
57128
62280
57127
62277
57126
62259
62260
62242
62241
62223
62220
57125
62217
57124
62214
62218
62221
62224
62243
62225
62226
62227
62245
62246
62228
62229
62230
62231
62232
62233
62234
62235
62253
62254
62236
62237
62255
62256
62238
62239
62240
62222
62219
62215
57393
62211
62207
62204
62205
62208
62212
62533
62532
62216
62531
62530
62529
62528
62527
62526
62525
62524
62169
62523
62522
62164
62163
62168
62186
62189
62193
62197
62201
62200
62196
62192
62188
62185
62167
62162
62184
62183
62182
62181
62180
62179
62178
62177
62176
62175
62174
62173
62172
62171
57391
62187
62191
62195
62199
62170
57118
62190
57119
62194
57120
62198
57121
62202
62203
57392
62206
62210
57122
62209
57123
62213
68182
68183
67858
67876
67894
67893
67892
67873
67874
67875
67857
67851
67852
68181
68180
68179
68178
68177
63031
67789
67788
63030
67805
67812
67819
67826
67832
67839
67846
67845
63034
67838
67837
67844
67850
67856
67872
67890
67891
67909
67910
67911
67912
68184
68185
67926
67919
67918
67925
67932
67933
68186
68187
67940
67947
68188
68189
67954
67961
68190
68191
67968
67967
67960
67953
67946
67939
67924
67931
67938
67945
67952
67959
67966
1091
1092
1093
1094
1095
1096
1097
1098
1099
1100
1101
1102
1103
1104
1105
1106
1367
1107
1108
1109
1110
1111
1112
1113
1114
1115
1116
1117
1118
1119
1120
1121
1122
1123
1124
1125
1126
1372
1373
1127
1128
1129
1130
1131
1132
56690
56691
56692
56680
56668
56669
56681
56693
56694
56695
56933
56932
56683
56682
56670
56671
56931
56930
56659
56647
56929
56928
56635
56623
56927
56926
56611
56599
56584
56583
56582
51859
56598
56610
56609
56608
56620
56632
56644
56645
56633
56621
56622
56634
56646
56658
56657
56656
56655
56667
56679
56678
56666
56654
56642
56630
56643
56631
56619
56607
56618
56606
56578
51858
56595
56596
56597
56581
56565
56547
56548
56549
51857
56566
56550
56539
56925
56529
51854
56518
56519
56924
51006
46559
46560
51012
46561
51028
46562
51033
51038
51044
51062
46563
51078
46564
51083
46565
51088
46566
51093
46567
51098
46568
51103
46569
51108
46570
51113
51114
51109
51104
51099
51094
51089
51084
51079
51064
51065
51047
51063
51045
51039
51046
51040
51034
51035
46862
51049
51050
51048
51066
51067
51068
51069
51051
51052
51070
51071
51053
51054
51072
51073
51055
51056
51074
51075
51057
51058
51059
46864
51076
51080
51081
51086
51085
51090
51091
51087
51369
51370
51092
51371
51097
51096
51095
51100
51101
51106
51111
51105
51110
51115
51116
51117
51375
51112
51374
51373
51107
51102
51372
46128
46129
46120
46119
46110
46111
46102
46101
46092
46093
46084
46075
46083
46074
46056
46049
46057
46058
46059
46050
41316
46033
46016
46017
46034
46035
46018
46019
46036
46037
46038
46020
46021
46022
46039
46066
46065
46064
46063
46062
46061
46060
46076
46085
46094
46103
46112
46121
46130
46139
46138
46137
40995
46136
46127
40994
46118
40993
46109
40992
46100
40991
46091
40990
46082
40989
46073
40988
46055
46047
46048
46030
46029
46012
51367
51366
51032
51037
51043
51061
51082
51368
51077
46865
51060
51042
51041
46863
51036
51031
51025
51024
51023
51022
51021
51020
51019
51018
51017
51016
51015
46861
51009
51003
50998
50997
50996
50984
50990
51002
51008
51014
51030
51029
51013
51007
51001
46860
50995
46558
50989
46557
50983
46556
50967
50968
50969
50970
50985
50991
50992
50986
50971
50972
50973
50974
50975
50976
50977
50978
50979
50980
50963
50956
46856
50947
50938
50939
50930
50940
50948
50949
50958
50957
50964
46858
50981
50987
50993
50999
51004
51010
51026
51027
51011
51365
51364
51005
51000
51363
51362
50994
50988
51361
50982
46859
50965
50966
51360
50959
51359
50951
50950
50941
50942
51358
51357
50933
50932
50931
50922
50913
50912
50921
50929
50920
50911
50902
50903
50904
50895
50886
50878
50879
50887
50896
50897
50905
50914
50923
50924
51356
51355
50915
50906
51354
51353
50888
51352
46854
50870
51351
50853
46852
50845
51350
51349
50837
50836
50844
50843
50835
50834
50842
50852
50851
50859
46853
50867
50868
50860
50861
50869
50877
50885
50894
50893
50884
50876
50858
50857
50865
50866
50875
50874
50882
50883
50892
50901
50910
50909
50908
50899
50900
50891
50890
50881
46855
50873
50872
50863
50864
50856
50855
50847
50848
50849
50850
50841
50840
46851
50839
50831
50832
50833
50817
50818
50819
50820
50796
50795
50779
50778
50794
50793
50810
46850
50816
46849
50815
50809
46847
50792
46846
46845
50769
50770
50776
50777
50771
50762
50761
50760
50759
50768
46541
50775
46542
50791
50808
50814
46543
50830
50838
46544
50846
46545
50854
46546
50862
46547
50871
50880
46548
50889
46549
50898
46550
50907
46551
50916
46552
50925
46553
50934
46554
50943
46555
50952
46857
50960
50953
50961
50962
50955
50954
50945
50944
50935
50936
50946
50937
50928
50919
50918
50927
50926
50917
56378
56392
56914
56915
56409
56408
56391
56377
56360
56361
56344
56343
56326
56327
56913
56311
56310
56309
56325
56342
56359
56376
56375
56390
56389
56388
56387
56373
56374
56357
56358
56341
56324
56308
56294
56295
56296
56297
56280
56263
56262
56279
56278
56277
56276
56275
56292
56293
56307
56306
56322
56323
56340
56339
56356
56355
56338
56321
56337
56320
56319
56336
56318
56303
56317
56333
56332
51845
51844
56316
56302
56285
51843
51842
56268
56269
56286
56287
56270
56253
56254
56255
56271
56288
56289
56272
56273
56290
56304
56305
56291
56274
56257
56256
56240
56241
56242
56258
56259
56260
56261
56245
56229
56228
56244
56243
56227
51838
56226
56225
56239
56238
51840
56222
56223
56224
56208
56209
56192
56193
56194
51837
56210
56195
56178
51835
56162
56161
56177
56176
56160
56159
56143
56144
56145
56128
51830
56111
51831
56112
56098
56099
56113
56129
51832
56146
51833
56163
56164
56165
56180
56179
56196
56211
56212
56197
56213
56230
56246
56247
56231
56912
56214
56198
51836
56181
56911
56910
56166
56150
56134
56118
56117
56116
56132
56133
56149
51834
56148
56147
56131
56115
56130
56114
56100
56101
56083
56082
51827
56067
56068
56054
56039
56038
56053
56066
51826
56081
56097
51829
56096
56095
51828
56094
56079
56078
56093
56092
56091
56076
56062
56077
56063
56048
56047
56032
56031
56046
56061
56060
56045
56030
56015
56000
55983
55984
56001
56016
56017
56018
56033
56049
56050
51824
56064
56080
56065
56051
56052
56037
56036
56021
56022
56007
56006
55990
55991
55973
55974
55957
55956
55940
55939
55924
55925
55910
55895
55894
55909
55908
55893
55878
55877
55892
55907
55922
55923
55938
55954
55955
55972
55971
55970
55988
55989
56005
56020
56035
56034
56019
56004
56003
56002
55985
51818
55968
55986
55987
55969
55953
55937
55952
55936
55921
51816
55906
51814
55891
51812
55876
55875
55860
55859
55858
55844
55829
55812
55799
55784
55768
55769
55785
55800
55813
55814
55801
55786
55770
55754
55755
51801
51799
55712
55711
55713
55741
55758
55759
55760
55742
51802
55727
51800
55714
55715
55716
55728
55729
55743
55744
55730
55719
55731
55745
55763
55779
55795
55796
55780
55781
55782
55797
55810
51805
55825
55826
55841
55840
55869
55885
55900
51813
55899
55884
55868
55853
55852
55851
55850
55836
55835
55834
55848
55849
55864
55865
55866
55867
55897
55896
55911
55928
55914
55929
55944
55943
55959
55960
55994
55995
51820
55996
55979
55962
55947
55931
56907
56908
55963
55980
56909
55997
56011
56012
56027
56042
51822
56026
51821
56010
56025
56040
56055
56056
56041
51823
56057
56071
51825
56070
56069
56084
56102
56103
56085
56086
56104
50743
50727
50718
46540
50719
50702
50695
50701
46539
50694
46538
50678
50679
50680
50681
50696
50703
50720
50721
50722
46838
50731
50732
50733
50734
50750
50749
50748
46841
50747
50746
46840
50730
50729
50728
50744
46839
50745
50763
46843
50780
50781
50797
50798
50782
50783
50784
50785
50786
50787
50803
50802
50801
50800
50799
50821
50822
50823
50824
50825
50826
50827
50828
50812
50811
50804
50805
50806
46848
50813
50829
50807
50790
50774
50767
50758
50742
50741
50757
46842
50756
50755
50765
50766
50773
50789
50788
50772
46844
50764
50754
50753
50752
50751
50735
50736
50737
50738
50739
50723
46837
50713
50712
50711
50710
50709
50708
50707
50706
50705
50704
46836
50697
50682
50674
50666
46832
46831
50633
50634
50618
50617
50616
50615
50598
46829
50614
50630
50631
50632
50649
50648
50647
50664
50665
50673
50672
50671
46537
50663
50646
46536
50629
50613
50597
46535
50592
46534
50575
46533
50569
46827
50570
50571
50565
50564
46532
50563
50557
46531
50551
46530
50545
46529
50529
50523
46528
50517
46527
50499
50500
50501
50518
50524
50530
50531
50532
50533
50534
50535
50536
50537
50547
50546
50552
50558
50559
50553
46826
50578
50577
50576
50593
50594
50599
50600
50601
50579
50580
50581
50582
50583
50584
50585
50586
50587
50588
50595
50589
50590
50591
46828
51345
51346
50596
50612
50628
50645
50644
50627
46830
50611
50610
50626
50609
50608
50625
50641
50642
50643
50659
50658
50657
50656
50640
50624
50607
50606
50623
50622
50621
50605
50604
50603
50602
50619
50620
50637
50638
50639
50655
50654
50653
50652
50636
50635
50651
50650
50683
50684
50685
50686
50687
50688
50689
50690
50691
50692
50693
50699
50698
50714
50715
50724
50740
50725
50726
50717
50716
50700
46835
50677
50676
50675
50667
50660
50668
50669
50661
50662
50670
46833
46834
51348
51347
45530
40967
45547
45548
45531
45532
45549
45558
45574
45575
45582
45583
45584
45601
45609
45608
45600
45599
45607
45606
45598
45581
45573
45557
45556
40968
45572
45580
40969
45597
40970
45605
45613
40971
45614
45615
45624
45616
45617
45625
45626
45627
45628
45629
45630
45631
45632
45618
45610
45602
45592
45591
45590
45589
45588
45587
45586
45585
45576
45560
45559
45550
45551
45534
45533
45516
45517
45500
41291
45482
45474
45465
45456
45455
45464
45473
41290
45481
45499
45515
45498
45514
45513
45497
40966
45480
40965
45472
40964
45463
40963
45454
40962
45437
40961
45428
40960
45419
40959
45410
40958
45401
40957
45392
40956
45374
45356
45338
45324
45315
40955
45316
45325
45339
45340
45358
45357
45375
45393
45402
45403
45412
45411
45420
45421
45430
45429
41288
45438
45439
45457
45466
45475
45483
45484
45501
45518
45535
45536
45519
45502
45485
45486
45503
45520
45537
45538
45561
45562
45563
45564
45565
45566
45567
45568
45577
45593
45594
45578
45570
45569
45552
45539
45522
45523
45540
45541
45542
45543
45526
45509
45508
45525
45524
45507
45506
45505
45521
45504
45487
45488
45489
45490
45491
45492
45476
45467
45458
45448
45447
45446
45445
45444
45443
45442
45441
45440
45431
45422
45413
45404
45395
45394
45376
45377
45378
45360
45359
45341
45342
45343
45344
45345
45363
45362
45361
45379
45380
45381
45382
45364
45365
45383
45384
45385
45386
45387
45369
45351
45350
45332
45333
45334
45320
45312
45322
45321
45335
45336
45354
45353
45352
45370
45388
45389
45371
45372
45390
45399
45398
45397
45406
45396
45405
45414
45423
45432
45449
45450
45459
45460
45451
45452
45461
45470
41289
45479
45471
46348
46347
45462
45453
45435
45436
46346
45427
46345
46344
45418
45417
45426
45425
45434
45433
45424
45415
45416
45407
45408
45409
46343
46342
45400
45391
45373
45355
45337
45323
46341
45314
45313
45296
45295
45294
45311
45310
45319
45331
45349
45368
45367
45366
45348
45330
45329
45347
45346
45328
45327
41287
45318
45303
45304
45305
45306
45307
45308
45309
45293
45283
45274
45264
45254
45243
45227
45242
45241
45240
45239
45238
45237
45253
45263
45273
45282
45292
45302
45301
45317
45326
41286
45300
41285
45290
45289
45299
45298
40954
45288
40953
45269
40952
45259
40951
45249
40950
45232
40949
45233
45222
41282
45206
45205
40948
45195
45185
45169
40947
45157
40946
45140
40945
45128
40944
45111
40943
45096
40942
45080
45071
45072
45082
45081
45097
45112
41273
45113
45130
45129
45141
45142
45158
45170
45159
45160
45172
45171
45187
45186
45196
45197
45207
45223
45224
45225
45235
41283
45234
45251
45250
45260
45261
45271
45270
41284
45279
45280
45291
45281
45272
45262
45252
45236
45226
45210
45209
45208
41281
45198
41279
45188
41277
45173
45161
45143
41274
45131
45132
45144
45145
45146
45147
45148
45149
45150
45151
45134
45122
45121
45104
45103
45102
45120
45119
45118
45117
45100
45101
45088
45087
45086
45074
45085
41272
45099
45116
45133
45115
45114
45098
45083
45084
45073
41269
45064
45063
45047
45046
41268
45034
45035
45036
45037
45048
45049
45050
45065
45051
45052
45053
45054
45089
45090
45105
45106
45091
41271
45075
45066
45055
45056
45057
45040
45028
45041
45058
45067
41270
45076
45092
45107
45108
45125
45124
45123
45135
45136
45137
45154
45153
41275
45152
45164
45180
45179
45178
45177
45176
45175
45163
45162
41276
45174
45189
45199
45211
45212
45213
45214
45215
45216
45217
45218
45228
45244
45245
45246
45256
45255
45265
45266
45277
45276
45275
45284
45285
45286
45297
46340
46339
45287
45278
46338
46337
45268
45267
45257
45258
46336
45248
45231
46335
45247
45230
45229
45219
45201
45200
45190
41280
41278
45191
45192
45202
45203
45220
45221
45204
45194
45193
45182
45181
45165
45166
45167
45183
45184
45168
45156
45155
45138
45139
46334
45127
45126
45109
45110
45095
45094
45093
45077
45068
45059
45060
45069
45078
45079
45070
46333
45061
45043
45042
45031
45032
45044
46332
45017
45016
45006
45005
45015
45030
45029
45014
45004
44988
44989
44978
44977
44976
44975
44959
44974
44973
44972
44971
44970
44969
44958
44957
44943
44944
44926
44927
41258
44928
44929
44930
41259
44945
44946
44947
44948
44934
44935
44917
44916
44933
44932
44931
44915
44914
44899
44898
44868
44867
44851
44852
44853
44839
44840
44854
44870
44869
44884
44885
44900
44901
44902
44903
44886
44873
44874
44888
44887
44904
44905
44906
44889
46329
44876
44875
44859
44858
44857
44856
44855
44871
44872
44841
44828
44829
44842
44843
44860
44844
46328
44830
41252
44815
44816
46327
46326
44754
44742
44726
44725
44713
44714
46325
44698
44697
44680
44696
44695
44711
44712
44724
44741
44740
44752
44753
44769
44770
44787
44802
44801
44786
44785
44768
44767
44751
44739
44723
41244
44710
41243
44694
44677
44660
44661
44662
44678
44679
44663
44646
44645
44644
41238
44633
44634
44624
44615
44606
44605
44604
44586
44568
44567
44554
44544
44545
44546
44547
44532
44523
44515
44506
44497
44488
44479
44470
44469
44468
44467
44453
44443
44430
44429
44428
41227
44426
44427
44403
44402
44417
44425
41226
44416
44401
41222
44385
41221
44367
44368
44369
44386
44387
44370
44371
44388
44404
44405
44389
44372
44373
44359
44351
44344
44337
44330
44323
44316
44309
44302
44279
44267
44266
44265
44264
44263
44262
41214
44278
44284
41216
44277
44261
44254
44255
44239
44240
41212
44241
44242
44243
44227
44226
44225
44200
44199
41209
44214
44224
44223
44222
44213
44198
44190
44181
44180
44189
44197
44196
44212
44221
44237
44238
44253
40908
44260
40909
44276
40910
44283
40911
44300
40912
44307
40913
44314
40914
44321
40915
44328
44335
44342
44349
40916
44356
40917
44364
40918
44381
40919
44398
44399
44400
41223
44415
41225
44423
44424
44441
44442
44452
44461
41229
44451
44450
44460
44476
41230
44475
44484
40922
44483
40923
44492
40924
44501
40925
44510
44519
41231
44511
44502
44493
44485
44494
44503
44512
44520
44529
41232
44528
40926
44527
44536
40927
44552
40928
44559
44575
44576
44577
44594
44593
44611
44619
44628
44620
44630
44629
44639
44638
44650
40929
44651
44652
44640
44641
41240
44653
44654
44642
41239
44631
41237
44622
44621
44612
41234
44595
44596
44578
44560
41233
44537
44530
44521
44513
44504
44495
44486
44477
44462
44463
44464
44465
44466
44478
44487
44496
44505
44514
44522
44531
44543
44542
44541
44540
44539
44538
44553
44561
44579
44580
44598
44597
44613
41235
44600
44599
44581
44563
44562
44582
44564
44565
44583
44601
44602
44584
44566
44585
44603
44614
44623
44632
44643
44659
44658
44657
44656
44655
41241
44672
44673
44674
44675
44676
44693
44692
44691
44690
44689
44688
44687
44703
44719
41245
44731
44720
44704
44705
44706
44707
44734
44733
44732
44748
44747
41246
44746
44730
44718
44717
44716
44700
44701
44702
44686
44671
44670
41242
44669
44685
44684
44668
44667
40930
44683
44699
40931
44715
44727
44743
44755
40932
44771
44788
40933
44803
44804
44817
44818
44819
44805
44789
44773
44772
41248
44756
44744
44728
44729
44745
44757
44758
44759
44774
44775
44760
44761
44762
44763
44778
44779
44764
44765
44749
44735
44721
44708
44709
44722
44738
44737
44736
44750
41247
44766
44783
44784
44799
44800
44814
44813
41251
44827
44826
44825
44824
44810
44811
44812
44797
44798
44782
44781
44796
44795
44780
44794
44793
41250
44777
44776
41249
44792
44808
44809
44823
44838
44850
44866
44849
44837
44822
44836
44835
44821
44807
44791
44790
44806
44820
44834
44847
44848
44864
44865
41255
44882
44883
44896
44897
44913
44912
44895
44894
44911
44925
44924
44923
44941
44942
44956
44955
44967
44968
44985
44984
45012
44995
44994
44993
44983
44966
41260
44954
44940
44922
44921
44939
44938
40936
44952
40937
44964
40938
44981
40939
44991
45008
45018
45033
40940
45045
40941
45062
51326
51325
51324
50170
50187
50196
50205
50204
50203
50212
50213
50214
50230
50231
46807
50240
50239
50229
50228
50238
50237
50246
50247
50257
50256
50272
50273
50289
50274
50275
50258
50276
50259
50248
50249
50250
51327
51328
50260
50277
50293
50292
50291
50290
50305
50306
50321
50322
50307
50308
50323
50339
50356
51329
50382
50373
50372
50371
50370
50379
50380
50381
50389
50390
51330
50397
50396
50412
50413
50420
51331
51332
51333
51334
51335
51336
50464
50463
50446
50447
50440
50434
50427
50426
50433
50439
50438
50432
50425
50419
50418
50411
50394
50395
50388
50387
46816
50378
50369
50368
50367
50350
50333
50318
50334
50351
50352
50353
50354
50355
50338
50337
50320
50336
50335
50319
50304
50303
50288
50287
50271
50270
50269
50268
50267
50283
50284
50285
50286
50301
50302
50317
50316
50332
50331
50348
50349
50366
50365
50364
50363
50346
50345
50328
50327
50343
50344
50362
50361
50360
50377
50386
50393
46818
50401
50402
50403
50404
50405
50406
50407
50408
50409
50410
50417
50424
50431
50437
50444
50445
50462
50468
50474
50473
50467
50461
50460
50459
50458
50457
50456
50455
50454
50453
50452
50451
50450
46820
50443
50436
46819
50435
50442
46524
50441
46525
50448
46526
50465
50466
50449
46821
50479
50480
50481
50482
50483
50484
50485
50486
50487
50488
50489
50490
50491
50475
50469
50470
46822
50493
46824
50516
50522
51337
51338
50528
50544
51339
51340
50550
50556
51341
51342
50562
50561
50567
50568
51343
51344
50574
50573
50572
50566
50560
50555
50554
50548
50549
50543
46825
50542
50526
50527
50521
50515
50498
50492
50497
50496
50513
50514
50520
50519
50525
50541
50540
50539
50538
50512
50511
50510
50509
50508
50507
50506
50505
50504
50503
50502
50495
46823
50478
50477
50472
50471
50476
50494
55766
55748
55747
55765
55764
55746
55732
55720
55721
55733
55734
56905
56904
55694
51798
55683
55682
55693
55704
55703
55692
55691
55702
55718
55717
55701
55690
55679
55643
55616
55617
55618
55619
55620
55632
55644
55656
55667
55680
55681
55670
55659
55658
55669
55668
55657
55645
55633
55634
55646
55647
55635
55623
55622
55621
51794
55604
55603
55602
55590
55578
55566
55554
51786
55541
55527
55542
55555
55567
55568
55580
55579
55591
55592
55593
55605
55606
55607
55624
55636
55648
55660
55671
56903
56902
56901
56900
56899
51795
55608
56898
51792
51790
51788
55559
55571
55583
55595
55594
55582
55581
55569
55570
55558
55546
55545
55557
55556
55544
55543
55529
55528
55514
55513
55500
55501
55515
55530
55531
55532
55518
55517
55516
55503
55502
55488
55489
55490
55504
55505
55519
55533
55547
51784
55534
56897
50309
50294
50295
50310
50325
46515
50324
46516
50340
46517
50357
46518
50374
46519
50383
46520
50398
46521
50414
46522
50421
46523
50428
50429
50422
50430
50423
50416
50415
50399
50400
50392
50391
46817
50384
50375
50385
50376
50359
50358
50341
46815
50342
46814
50326
46813
50311
46812
46811
50296
50312
50313
50329
50347
50330
50314
50315
50300
50299
50298
50297
50282
50266
50265
50281
46809
46810
50280
50263
50253
50243
50234
50217
50218
50235
50244
50254
46808
50264
50255
50245
50236
50219
46805
46806
50220
50221
50222
50223
50224
50225
50226
50227
50211
50202
50193
50183
50184
50194
50195
50185
50186
50169
50168
50167
50166
50165
50182
50181
50180
50163
50164
46801
50151
50152
50153
50154
50138
46799
50146
50145
50144
50135
46798
50111
50112
46796
50128
50136
50137
50129
50130
51323
46795
50115
50114
50113
50096
50097
50090
50089
50082
50083
50076
50075
50074
50073
50072
50071
50070
50069
50068
50067
50066
50065
50064
50063
50062
50055
50056
50049
50048
50031
50030
50024
50018
50019
50025
46793
50032
50026
50020
50013
46791
50006
46790
49998
46788
49990
46786
49981
49973
49957
49956
49955
49954
49953
46495
49970
49978
46496
49979
49980
49989
49997
50005
50012
50011
50004
50003
50010
46497
50017
46498
50023
46499
50029
46500
50046
50053
46501
50047
50054
50061
50060
46502
50077
46503
50084
50085
50078
50079
50086
50093
50100
50118
50119
50134
50133
50141
50142
50143
50158
50175
50176
50159
50160
50161
50162
50179
50178
50177
50210
50201
50192
46804
46803
50150
46800
50149
46802
50157
50174
50191
50190
50173
50172
50189
50199
50200
50209
50208
50198
50207
50216
50233
50242
50252
50262
50279
46514
50278
50261
46513
50251
46512
50241
46511
50232
50215
46510
50206
46509
50197
46508
50188
46507
50171
46506
50155
50156
50148
50140
50147
50139
46505
50131
50132
50117
50099
50092
46504
50091
50098
50116
55338
55337
55319
55301
55286
55285
55273
55272
55284
55283
55282
51770
55298
55316
55334
55333
55348
55347
55332
55331
55313
55297
55296
55295
55294
55293
55279
55264
55249
55250
55265
55280
55266
55267
55252
55251
55238
55237
55227
55228
55218
55208
55198
55197
55187
55188
55178
55177
55167
55168
55158
55148
55139
55129
55117
55116
51761
55128
51763
55138
55147
55157
55137
55126
55127
55114
55103
55104
55115
55106
55105
55094
55093
55092
55081
55064
51759
55046
55045
55044
51502
55062
51503
55079
51504
55090
51505
55101
51506
55112
55124
55135
51507
55145
51508
55155
51509
55165
51510
55175
55185
51511
55194
62474
62473
62472
61187
61186
61185
61184
61195
61194
61182
61181
61180
61179
61178
61193
61177
61166
61165
61154
61155
61144
61143
61125
61126
61127
61109
61091
61110
61092
61093
61111
61128
61129
61130
61131
61114
61113
61112
61094
61076
61075
61074
61073
61033
61064
61063
61047
61046
61045
61044
61030
61029
57078
61043
57079
61059
57080
61069
61085
61086
61087
61105
61106
61089
61088
61071
61070
61060
61061
61062
57323
61072
61090
61108
61107
61124
61142
61153
61152
61163
61162
61151
61150
61139
61140
61141
61123
61122
57324
61104
61103
57081
61121
57082
61138
57083
61149
61160
57084
61161
61171
61188
61189
61172
61173
61174
61164
61175
61176
61192
61191
57328
61190
61200
61201
61215
61223
57332
61231
61224
61216
61202
61203
61204
61205
61206
61207
61208
61217
61225
61238
61237
61236
61235
61234
61233
61232
61246
61252
61251
57336
57337
57335
57333
61245
61230
57331
57330
61222
61214
57329
61199
61198
61197
61213
61221
61229
61244
61250
61264
61271
61272
61289
61290
61291
61273
61292
61274
61275
61293
61311
61312
61313
61295
61294
61276
61277
61265
61253
61254
61278
61296
61314
61331
61332
61333
61317
61316
61315
61297
61298
61299
61282
61281
61280
61279
61255
61256
61257
61258
61259
61260
61247
61248
61261
57338
61268
61262
57334
61242
61227
61241
61240
61239
61226
61218
61209
61210
61211
61196
61212
61219
61220
62475
62476
61228
61243
61249
61263
61270
61269
61287
61288
61306
61324
61305
61323
61322
61302
61303
61304
61286
61285
61284
61267
61266
61283
61301
61300
61318
61334
61347
61359
61360
61348
61336
61335
61319
61320
61321
61337
61338
61339
61340
62477
61352
61363
61362
61351
61350
61349
57342
61361
61369
61370
61371
62478
62479
61379
61387
62480
62481
61395
61411
61410
61394
61393
61385
61386
61378
61377
61376
61368
61367
61375
61383
61384
61392
61391
61407
61408
61409
61419
61420
61421
62482
62483
61431
61441
62484
62485
61451
61450
61467
61468
61482
61481
61496
62486
62487
61522
57352
61505
61504
61495
61494
61503
61521
61529
61537
57353
61553
61561
61570
61569
61560
61559
61552
61536
61528
61535
61527
61518
61517
61516
61515
61514
61513
61526
61534
61545
61546
61547
61548
61549
61550
61551
61558
61568
61567
61576
61585
61586
61577
61578
61579
61588
61587
61596
61604
61605
61597
61615
61626
62498
62499
61636
62500
61652
61670
61669
61685
57359
61668
57357
61635
61625
61614
61613
61612
61603
61595
61594
61602
61611
61622
61632
61649
61665
61683
61700
61699
61698
61682
61681
61697
61696
61680
61679
61661
61645
61646
61662
61663
61647
61648
61633
61623
61624
61634
61651
61650
61666
61667
57358
61684
61701
61711
61702
57360
61703
61686
61704
61712
57361
61720
61728
57363
61745
62501
57362
61719
61727
61743
61744
61760
61759
57365
61775
57366
61792
61803
57367
61793
61794
61777
61776
61761
61762
62502
61778
61795
62503
62504
61821
61805
61804
57368
61820
61829
57369
61846
61830
62505
62506
61847
61856
61866
61865
61855
57371
61845
57373
61864
61879
61880
61881
61891
61882
62507
61892
61909
61917
61916
61908
61907
61915
61888
61877
61876
61875
61874
61873
61872
61871
57374
61861
57372
61852
57370
61836
61835
61834
61851
61860
61870
61869
61859
61850
61833
61832
61823
61826
61785
61800
61799
61782
61797
61796
57105
61779
61763
61746
57104
61729
61721
57103
61713
57102
61705
57101
61687
61671
61653
61637
61627
57100
61628
61638
61654
61672
61688
61706
61714
61722
61730
61747
61748
61731
61723
61715
61707
61690
61689
61673
61655
61639
61640
61629
61618
61617
61616
61607
57099
61608
61609
61619
61620
61621
57356
61610
61601
61593
61584
61575
61566
61557
61544
61543
61542
61541
61556
61565
61574
61573
61582
61583
61592
61600
57355
61599
61591
57098
61590
61581
57097
61572
57096
61563
57095
61564
61555
57354
61540
61539
61531
57094
61523
57093
61506
61507
61508
61524
61532
61533
61525
61509
61510
61511
61512
61500
57351
61486
61472
57350
61457
61456
61455
61445
57349
61454
61453
61470
61471
61484
61485
61499
61498
57092
61497
61483
57091
61469
57090
61452
57089
61442
57088
61432
57087
61422
57086
61412
57085
61396
61388
61380
61372
61364
61353
61354
61342
61343
61344
61356
61355
57343
61365
57344
61373
57345
61381
57346
61389
57347
61397
61413
61423
61433
61443
61444
61434
61435
61425
61424
61414
61415
57348
61398
61399
61400
61416
61426
61436
61446
61458
61459
61460
61461
61475
61474
61473
61487
61488
61489
61490
61476
61462
61463
61447
61448
61464
61478
61477
61491
61501
61502
61519
61520
61492
61493
61479
61480
61466
61465
61449
61439
61440
61430
61429
61438
61437
61427
61428
61418
61417
61406
61405
61404
61403
61402
61401
61390
61382
61374
61366
57341
57340
61330
61329
61328
61346
61358
61357
61345
61327
61310
61326
57339
61309
61308
61307
61325
61341
68130
66765
66753
66752
66764
66777
66778
68131
68132
66792
66806
68133
68134
66820
66819
66833
66834
68135
68136
66848
68137
66862
66861
66847
66832
66831
66830
66829
66843
66842
66828
66814
66815
66816
66802
66803
66817
66818
66804
66805
66791
66776
66790
66789
66775
66762
66763
66751
66741
66740
66739
66750
66738
66726
66727
66709
66708
66707
66706
66724
66725
66737
66736
62963
66748
66749
66761
66760
66759
66772
66773
66774
66788
66787
66801
66800
66786
62966
66799
66798
66785
66784
66783
66796
66797
66811
66810
66825
66826
66812
66813
62969
66827
62970
66841
62971
66855
62972
66869
66883
66884
66899
66914
66915
66916
66917
66934
66933
66932
66931
62975
66947
62976
66975
62977
66959
66960
66961
66962
66963
66948
66935
62974
66936
66949
66950
66937
66920
66903
66888
66872
66871
66886
66887
66902
66919
62973
66918
66901
66900
66885
66870
66856
66857
66858
66844
66845
66846
66860
66859
66873
66874
66875
66876
68138
68139
66891
66890
66889
66904
66905
66906
68140
68141
66923
68142
68143
66953
66968
66980
66995
66979
66967
66952
66940
66939
66922
66921
66938
66951
66966
66978
66965
66964
66977
66992
66991
66976
62978
62979
66990
67005
67004
67019
67018
67003
66989
66988
66987
67002
67017
62980
67032
67050
67066
67033
67034
67035
67036
67037
67020
67021
67006
67007
67022
67038
67052
67051
67067
67068
67069
67053
67054
67070
67071
67087
67088
67104
67103
67102
67086
67085
67084
67083
67099
67100
67101
67117
67118
67119
67120
67121
67105
67089
67072
67073
67057
67041
67024
67056
67055
67039
67040
67023
67008
66993
66994
67009
67010
68144
68145
67025
67042
68146
67058
67074
68147
68148
67090
67106
68149
68150
67122
67139
67138
67137
67136
67152
67151
67167
67168
67169
67153
67154
68151
67170
67187
62984
67203
67186
67185
67202
67219
67220
67221
62986
62988
62990
68152
67271
67283
67282
67270
67258
67246
67234
67233
67245
67257
67269
67281
67293
67292
67291
67279
67280
67268
67256
67244
67232
67231
67217
67218
67201
67184
67200
62983
67199
67216
67215
67229
67230
67242
67243
67255
67267
67266
67254
67241
67253
67265
62991
67278
67290
67302
67303
67315
67314
67325
67336
67347
67359
67360
67348
67349
67338
67337
67326
67327
67316
67304
67305
67317
67318
67306
67294
67295
68153
68154
67307
62993
68155
62996
68156
67352
67364
68157
68158
67380
67397
68159
68160
67408
67423
68161
67433
67441
67449
63007
67474
67471
67472
63008
67489
67506
67511
63012
67505
67488
67470
67453
67454
67437
67438
67439
67440
67432
67422
67407
67406
67395
67396
67379
67378
67362
67363
67351
67340
67329
67328
67339
67350
67361
67377
67376
62999
67393
67394
67405
67420
67421
67431
67430
67429
67419
67404
67403
67375
62998
67392
67391
67390
67389
67388
67372
67373
67374
67358
67346
67335
67324
67313
67301
67289
67277
67264
67252
67240
67228
67214
67213
67197
67198
67181
67163
67164
67165
67182
67183
67166
67150
67149
67148
67133
67134
67135
67116
67115
67132
67131
67130
67129
67114
67113
67128
67146
67145
67160
62982
67176
67193
67192
67191
67189
67188
67204
67205
67222
67235
67247
62728
67259
62729
67272
62730
67284
62731
67296
67308
67319
67330
67341
62732
67353
67365
67381
62733
67398
67409
67424
67425
67426
63003
67435
63005
67443
67451
67452
67460
67459
67477
67493
67492
67476
67458
67457
67475
67491
62735
67507
67514
67520
67536
67537
67521
67522
67515
63011
67508
67509
67494
67478
67461
67462
67463
67464
67465
67466
67467
67468
67469
67487
67503
67504
67510
67517
67533
67532
67531
67530
67546
67545
67529
67528
67544
67543
67542
67541
63015
67540
67524
67525
67526
67527
67499
67500
67501
67502
67486
67485
67484
67483
67482
67498
67497
67481
67480
67479
67495
67496
67516
67523
67539
67538
67556
67555
67554
67553
67562
67563
67564
67565
67582
67591
67592
67581
67590
67589
67580
67579
67588
67605
67622
67639
67656
67673
67681
67698
67715
67699
67682
67683
67674
67675
67658
67657
67640
67623
67606
67607
67608
67609
67626
67627
67644
67643
67625
67624
67641
67642
67659
67660
67661
63022
67686
67703
67704
67687
67688
67705
67706
67689
67690
67707
67708
67709
67710
67693
67692
67691
67667
67668
67651
67652
67635
67634
67617
67616
67615
67632
67633
67650
67649
67648
67631
67630
67629
67612
67595
67596
67613
67614
67597
67598
67599
67600
67618
67619
67636
67653
67670
67669
67677
67694
67711
67719
67735
67734
67750
67749
67733
67732
67748
67747
67731
67730
67746
67745
67729
67728
67727
67743
67744
67761
67762
67763
67764
67765
67766
67767
67768
67751
67752
67769
67770
67753
67754
67771
67772
68175
68176
67781
67780
67779
67787
67786
67778
67777
67785
67804
67811
67818
67825
67831
67830
67824
67817
67810
67803
67802
67801
67800
67799
67798
67797
67796
67795
67809
67794
67784
67776
67760
67759
67758
67741
67742
67726
67725
67717
67718
67702
67685
67676
67684
67701
67700
63023
67716
67724
67740
63026
67723
67722
62736
67739
67756
62737
63027
67757
67774
63028
67775
67783
67793
67808
67815
67822
67816
67823
67829
67836
63033
67868
67886
67887
67869
67870
67871
67889
67907
67908
67917
67906
67888
67905
67904
67903
67902
67901
67900
67882
67883
67884
67885
67867
67866
67865
67864
67863
67881
67899
67898
67880
67862
67855
67854
63035
67848
67842
67849
67843
67834
67835
67828
67827
67821
67814
67807
67792
67782
63029
67773
67791
67790
62738
67806
62739
67813
62740
67820
63032
62741
67833
67841
67840
62742
67847
67853
67859
67860
67861
67879
67897
67915
67914
67921
67922
67916
67923
67930
67929
67928
67935
67936
67937
67944
67943
67942
67949
67950
67951
67958
67965
67964
67957
67956
67963
67962
62750
67955
62749
67948
62748
67941
62747
67934
62746
67927
62745
67920
62744
67913
62743
67895
67896
67878
67877
73720
73702
73986
73985
73984
73983
73982
73981
73980
73979
73978
73977
73609
73608
73602
73603
73976
73596
73580
73564
73975
73974
73555
73554
73563
73579
73595
68701
68699
73562
73560
73593
73577
73576
73575
73574
73573
73589
73590
73591
73592
73654
73648
73643
73637
73631
73625
73626
73632
73638
73644
73649
73655
73661
73667
73684
73701
73719
73718
73700
73683
73660
73666
73682
73681
73680
73679
73696
73695
73678
73677
73694
73712
73711
73693
73692
73710
73726
73727
73728
73729
73713
73714
73730
73731
73715
73697
73698
73699
73717
73716
73732
73733
73734
73735
73736
73743
73987
73988
73750
73757
73989
73990
73764
73771
73991
73992
73778
73785
73993
73994
73792
73791
73784
73777
73770
73763
73756
73749
73742
73741
73748
73755
73762
73769
73776
73783
73790
1086
1087
1088
1089
1090
1359
1358
1357
1085
1084
1083
1082
1081
1080
1079
1078
1077
1076
1075
1353
1352
1351
1074
1073
1072
1071
1070
1069
1068
1067
1066
1065
1064
1063
1062
1061
1060
1059
1058
1057
1056
1055
1054
1053
1350
1052
1051
1050
1049
1048
1047
1046
1045
1044
1043
1042
1041
1040
1354
1355
1356
1360
1362
1363
1364
1365
1366
1368
1369
1370
1371
1374
1375
1376
1377
1378
1381
1382
1384
1386
1389
1392
1395
1400
1397
1396
1394
1393
1390
1388
1387
1383
1379
1380
1133
1134
1135
1136
1137
1385
1138
1139
1140
1141
1142
1143
1144
1145
1146
1147
1148
1149
1150
1151
1152
1153
1154
1155
1391
1156
1157
1158
1159
1160
1161
1162
1163
1164
1398
1399
1165
1166
1167
1168
1169
1401
1402
1170
1171
1172
1173
1174
1175
1176
1177
1178
1179
1405
1406
1180
1181
1182
1183
1184
1408
1185
1186
1187
1188
1189
1190
1191
1192
1193
1194
1195
1196
1197
35167
35162
35157
35152
35147
35142
35137
35148
35153
35158
35163
35168
35169
35415
35414
35164
35159
35413
35412
35154
35149
35411
35410
35144
35143
35138
35139
35409
35408
35134
35129
35128
35133
35127
35126
35132
35125
35107
35108
35109
35092
35110
35111
35093
35407
35406
35058
35075
35074
35091
35090
35073
35057
35052
35047
35072
35089
35071
35070
35087
35088
35106
35124
35123
35105
35104
35103
35122
35121
35120
35119
35101
35102
35084
35085
35086
35069
35068
35067
35066
35065
35083
35082
35100
35118
35099
35117
35116
35115
35114
35131
35136
35141
35146
35151
35156
35161
35166
35165
30481
35160
30480
35155
30479
35150
30478
35145
30477
35140
30476
35135
30475
35130
30474
35112
35113
35095
35077
35078
35096
35097
35098
35079
35080
35081
35064
35063
35062
35061
35060
35059
35094
35076
35056
35051
35055
30473
35050
30472
35045
30471
35046
35041
30751
35037
30470
35036
35031
30469
35026
30468
35032
35027
35011
30467
35010
35005
30749
34989
34972
34971
34988
40825
40417
40425
40409
40824
40823
40400
40399
40408
40398
40407
40415
40416
40424
40432
40433
40826
40827
40441
40449
40828
40829
40456
40830
40464
40481
40488
40831
40832
40495
40513
40520
40538
40537
40545
40544
40552
40551
40543
40535
40536
40518
35916
40510
40509
40508
40507
40506
40505
40504
40503
40502
40501
40500
35915
40499
40498
40497
40496
40514
40515
40522
40521
35601
40539
35602
40547
35603
40555
35604
40563
35605
40571
35606
40572
40564
40565
40573
40581
40580
40588
40589
40597
40596
40595
35608
40587
35607
40579
46390
46144
46135
46389
46388
46126
46115
46124
46123
46114
46105
46096
46087
46078
46079
46088
46089
46090
46384
46383
46081
46072
46054
46046
46045
46053
41317
46044
46043
46026
46010
46002
45993
45984
45976
45967
45958
45948
41312
45938
45937
45928
45918
45917
45900
45901
45902
45885
45884
45868
45853
45852
45836
45835
45849
45863
45848
45832
45816
45817
45833
45834
45818
45819
45803
45802
45801
45800
45799
45815
45831
45846
45847
45862
45861
45877
45894
45895
45896
45878
45879
45880
45881
45864
45865
45850
45851
45866
45867
45883
45882
45899
45916
45915
45898
45897
45914
45913
45912
45911
45910
45893
45876
45875
45859
45860
45845
45829
45830
45814
45798
45788
45797
45813
45812
45828
45844
45843
45858
45874
45873
45890
45907
45908
45891
45892
45909
45927
45936
45946
45956
45964
45965
45974
45982
45991
46000
46008
46007
46015
46032
46031
46013
46014
46006
46005
46004
40987
45996
40986
45987
40985
45979
41313
45980
45989
45988
45997
45998
45999
45990
45981
45973
45972
45963
45962
45971
40984
45970
45961
40983
45952
40982
45942
40981
45943
45953
45954
45955
45945
45944
45935
45926
45925
45934
45933
41311
45924
45923
40980
45906
45889
45872
45856
45857
45842
45841
45825
45826
45827
45811
45794
45810
45809
45793
45784
40979
45785
45786
45795
45796
45787
45777
45776
40978
45775
45758
45759
45760
45761
45778
45779
45762
45752
45763
45764
45765
45766
45767
45768
45769
45753
45743
45742
45741
45740
45739
45738
45737
45720
45721
45722
45723
45724
45725
45726
45710
45701
45690
45691
45692
45702
45711
45703
45712
45729
45746
45745
45728
45727
45744
45754
45755
45782
45783
46365
46364
45774
41301
45773
45756
45757
46363
46362
41300
45747
45730
41299
45713
46361
46360
45704
46359
45695
45678
46358
46357
45670
45662
45644
45643
45661
45694
45693
45677
45676
45668
45669
45660
45642
45659
45658
45667
45675
45689
45688
45687
45686
45685
45684
45683
45682
45700
45709
45708
45707
45716
45717
45718
45719
45736
45735
45734
45751
45750
45733
45732
45749
40977
45748
45731
45714
45715
45706
45705
40976
45696
40975
45679
40974
45671
40973
45663
40972
45645
45637
45621
45622
45623
45638
41296
45639
45648
45665
45646
45647
45664
45672
41298
45680
45697
45698
45699
45681
45673
45674
45666
45649
45640
45650
45651
45652
45653
45654
45655
45656
45657
45641
45633
45634
45635
45636
41297
45619
45611
45603
45595
45579
45596
45604
45612
45620
41295
46356
46355
46354
46353
41294
45571
41293
45555
45546
45545
45554
45553
45544
45527
45510
45493
45477
45468
45469
45478
45494
45495
45496
45512
45511
41292
45528
45529
46349
46350
46351
46352
40051
35584
40067
40079
40091
40092
40080
40081
40093
40094
40110
40111
40112
40113
40096
40095
40082
35881
40070
40097
40114
40130
40129
40128
40127
40143
35888
40158
40144
40145
40159
40176
40186
40199
40198
40185
40175
40157
35887
40142
40141
40126
40125
40109
40108
40124
40140
40156
40172
40173
40174
40184
40183
40182
40195
35585
40212
40222
40232
40233
40223
40213
40196
40197
40214
40224
40215
40225
40235
40234
40243
40244
40253
40252
40251
40242
40241
40250
40261
40262
40263
40264
35899
35897
35895
35894
40200
40187
40188
40201
40202
40203
40204
40205
35891
40177
35889
40160
40146
40147
40131
40115
40116
40117
40133
40149
40148
40132
40161
40162
40163
40164
40178
35892
40189
40206
40207
40190
40179
40191
40209
40219
40229
40230
40239
40248
40257
40274
40284
40275
40816
40258
40249
40240
40231
40815
40814
40221
40220
40210
40211
40813
40194
40193
40181
40170
40171
35890
34699
34700
34682
34681
34670
34669
34634
34623
34637
34654
34672
34673
34655
34656
34657
34640
34641
34642
34658
34687
34686
34685
30735
34684
34713
34714
34715
30738
34774
34773
34789
30741
34761
34750
34739
34728
34727
34711
34712
34701
34683
34671
34653
30734
34636
34625
34611
34612
34601
34600
34590
34591
34581
34580
34570
34571
34555
34546
34547
34531
34532
34533
34548
30728
34556
30729
34534
34535
34536
34537
34538
34539
34515
34514
34513
34512
34511
34510
34509
34524
34523
34530
34458
34457
34440
34441
34442
34434
34418
34419
34420
34421
34405
34406
34407
34422
34423
34424
34408
34409
34425
34426
34410
34411
34427
34428
34412
34413
34395
30716
34388
34381
34374
34367
34360
34354
34347
34340
34334
34328
34319
34320
34304
34290
34305
34321
34329
34335
34341
34348
34355
34361
34368
34375
34382
34389
34396
34397
30717
34414
34398
34390
34384
34383
34376
34377
35375
35376
35377
34391
34399
34415
34431
35378
34439
34438
34430
34429
30718
34436
34437
30719
34454
34435
34452
34453
34471
34487
34486
30721
34470
34469
34468
34451
34450
34449
34448
34447
34446
34463
34462
34445
34444
34461
34478
34479
30722
34480
34464
34481
34482
34465
34466
34483
34484
34467
34485
34493
30723
34500
34501
34517
34516
30724
34526
34525
34540
34549
34562
34561
34560
34559
34558
34557
34573
34572
34582
34583
34593
34592
34602
34603
34613
30732
34626
34638
34639
34627
34614
34615
34616
34617
34618
34619
34620
34628
34645
34644
34643
34659
34660
34661
34674
34675
34691
34676
34662
34646
34629
30733
34630
34631
34649
34648
34647
34663
34664
34665
34694
34706
34695
34677
34666
34650
34632
34622
34607
34597
30730
34606
34605
34621
34604
34594
34595
34596
34586
34585
34584
34574
34575
34576
34564
34563
34550
34541
34551
34565
34566
34567
34552
30727
34542
30726
30725
34518
34502
34503
34494
34488
34472
30720
34455
34456
35379
35380
34473
34489
35381
34495
34504
34520
34519
34527
34543
34528
35382
34544
34553
34568
35383
34578
34577
34587
34588
35384
35385
34598
35386
34608
30731
34633
35387
34667
35388
34678
34696
34707
34723
34722
30737
34705
30736
34693
34692
34704
34721
34720
34703
34702
34690
34689
34688
34716
34717
34718
34719
34729
34730
34731
34742
34753
34764
34763
34752
34741
34740
34751
34762
34776
34775
34802
34814
34846
34831
34818
34893
34910
35396
29800
29809
29810
29811
29802
29803
29812
29813
25858
25859
29843
29842
29841
25582
29840
25583
29848
29849
29857
25861
29873
29874
29881
29880
25584
29879
25585
29885
25586
29891
25587
29897
29898
25863
29903
29910
29916
29933
25865
29932
29915
29909
25588
29908
25589
29914
25590
29931
29936
29952
29970
29988
25591
30006
25592
30010
25593
30014
25594
30018
25595
30022
25596
30026
25597
30030
25598
30034
30035
30031
30027
30023
30019
30015
30011
30007
29989
29971
29953
29954
29972
29990
29973
29991
29992
29993
29975
29994
29995
29996
29997
29998
29980
29962
29961
29979
29978
29977
29976
29957
29956
29974
29955
29937
29938
29939
29940
29958
29959
29941
29960
29942
29943
29944
29945
29963
29981
29999
30000
30001
30002
29985
30003
30008
30012
30016
30020
30024
30028
30032
30036
30037
30288
30033
30287
30286
30029
30025
30285
30284
30021
30017
30283
30282
30013
30009
30281
29987
30005
30004
29986
29968
29969
29951
29950
29949
29967
29966
29984
29983
29982
29964
29965
29946
29947
29948
29934
29929
29930
29935
30280
30279
29913
29907
30278
30277
29902
29896
30276
30275
29890
29884
25862
29877
29876
29883
29889
29895
29901
29906
29912
29928
29927
29926
29925
29924
29923
29922
29921
29920
29919
29918
29917
25864
29911
29905
29904
29899
29893
29892
29886
29887
29888
29882
29875
29859
29860
29861
29862
29863
29864
29865
29866
29867
29868
29869
29852
29844
29845
29846
29838
29831
29832
30269
30268
29825
29824
29823
25857
29822
29805
29804
29795
29786
29787
29788
29789
29798
29797
29806
29807
29808
30267
30266
29799
29790
29772
29763
29747
29746
29745
29761
29760
25853
29770
29771
29762
29773
29764
29748
29731
29715
30265
30264
29707
29706
25849
29705
29714
29730
29729
29713
29712
29728
29727
29726
29743
29742
29725
29724
29723
29722
29739
29755
29754
29738
29721
29720
29719
29718
25850
29711
29710
29693
29687
29686
25577
29685
29669
29665
29666
29662
29658
29657
29641
29625
29626
29627
25843
29642
25844
29659
25845
29663
25846
29667
29672
29673
29674
29675
29676
29677
29678
29679
29680
29681
29682
29683
29684
29668
29664
29660
29654
29653
29652
29651
29635
29634
29650
29649
29648
29647
29631
29615
29614
29613
25842
29630
29646
29645
29644
29643
29629
29628
29612
29611
29610
29609
29593
29594
29595
29578
29579
29596
29597
29598
25841
29599
29581
29580
25839
25838
29564
29565
29566
29582
29600
29601
29602
29616
29632
29633
29617
29618
29619
29605
29587
29606
29588
29589
29573
29572
29571
29570
29586
29604
29603
29585
29569
29568
29584
29583
29567
29557
29551
29545
29539
29533
29527
29522
29517
29505
29504
29503
29502
29501
29516
29521
25834
29526
25835
29532
25836
29538
25837
29544
29550
29556
29563
29562
29577
25576
29561
29555
25575
29549
25574
29543
29537
29531
29525
29520
25573
29515
25572
29499
29500
29494
25571
29489
25570
29484
25569
29479
29473
25568
29466
29449
29450
29467
29474
29475
25830
29480
29485
29490
29495
29496
29491
29486
29481
29476
29469
29455
29454
29453
25828
29452
29468
29451
29433
29434
29435
29419
29403
29402
29418
29417
29401
29389
29373
29374
29390
29391
29404
29405
29421
29420
29436
29437
29438
29422
29406
29394
29393
29392
29375
25819
29365
29354
25818
29353
29364
29363
25567
29362
29352
29342
25566
29343
29344
29345
29355
29366
25820
29376
29377
29378
25821
29379
29380
29381
29382
25822
29395
29396
29384
29385
29397
29398
25823
29415
29430
25825
29414
29413
29429
29428
29412
29411
29410
29426
29425
29424
29409
29408
29407
29423
29439
29440
29456
29457
29441
29442
29458
29459
29443
29427
29444
29460
29461
29462
29463
29445
25826
29446
29447
29431
29432
29416
25824
29399
29400
29388
29372
30247
30246
29361
29350
29349
29359
29360
29371
29387
29386
29370
29369
29358
29357
29368
29383
29367
29356
29346
29347
29348
29338
29337
29336
29327
29317
29318
29328
29329
29319
29309
29308
29307
29297
29286
29276
29265
29266
29255
29254
29243
29227
29217
29218
29219
29229
29228
29244
29245
29246
29257
29268
29256
29267
29278
29279
29288
29277
29287
29298
29299
25816
29289
29290
29280
29269
29258
29259
29248
29247
29230
25812
29220
25811
29203
29204
29187
29188
29205
30235
30236
29222
29221
29231
29232
29249
30237
29260
30238
30239
30240
29292
29282
29271
29270
29281
29291
29300
29310
29311
29301
29302
29312
30241
30242
29322
29321
29320
29330
29339
29340
29331
29332
30243
30244
29341
29351
30245
24587
20674
24588
24597
24596
24603
20675
24604
24605
24606
24607
24599
24598
20951
24590
24591
24582
24574
24565
24564
24555
24547
24548
24540
24524
24525
24526
24527
24528
24529
24530
24531
24532
24533
24508
24516
24534
24541
24549
24557
24566
24575
24576
24577
24578
25338
25337
24569
24568
24567
24558
24559
24551
24550
24542
24535
24517
24509
24501
24500
24492
24485
24468
24450
24451
24469
24470
24452
24438
24437
24436
24418
24402
24385
24384
24401
20943
24417
24435
20945
20944
24434
24400
24382
24397
24396
24395
24358
24359
24360
24361
24346
24336
24337
24338
24320
24319
24307
24308
24291
24290
24289
24306
24305
24288
24287
24286
24285
24284
24272
24257
24238
24222
24221
24220
24219
24185
24168
24169
24170
24155
24154
24153
24138
24122
24123
24139
24140
24171
24172
24189
24190
24223
24239
24240
24242
24260
20937
24261
24243
24228
24244
24245
20936
24262
24246
24263
24247
24248
24264
24277
24276
24275
24274
24292
24293
24310
24311
24322
24309
24321
24339
24340
24341
24323
24324
24312
24295
24294
24278
24265
24249
24250
24232
24216
24215
24231
24230
24229
24213
24214
24198
24197
20933
24180
20932
24181
24182
24199
24200
24183
24184
25318
25319
24201
24217
24233
24251
24267
24266
20938
24279
24296
24313
25320
24325
20941
25321
25322
25323
25324
25325
24404
20942
24387
24377
24367
24366
24350
24349
24348
24347
24362
24372
24373
24383
24374
24363
24364
24365
24375
24376
24386
24403
24419
24420
24421
25326
25327
24453
25328
25329
25330
24495
24494
24487
24486
24493
24510
24502
24503
25331
25332
24511
24518
24519
25333
25334
25335
24536
24543
20949
24560
25336
15706
19547
15707
19557
15708
19567
15709
19577
19578
15974
19587
19597
15710
19596
19606
15711
19622
19632
15712
19640
19641
19633
15978
19634
15976
19625
19624
19623
19607
19608
19598
19588
19579
19569
19559
19568
19558
19548
19549
19539
15973
19538
19528
19529
19530
19513
19512
19511
19495
19496
19480
19479
19462
19463
19464
19465
19481
19482
19466
19449
19450
19467
19483
19484
19500
19501
19502
19503
19487
19488
19489
19490
19505
19504
19522
19521
19520
19519
19518
19517
19516
19499
19498
19497
19514
19515
15972
19531
19540
19550
19560
19570
19580
19589
19599
15975
19609
19610
19611
19612
19613
19614
19615
19616
19617
19627
19626
15977
19635
19636
19628
19618
19601
19600
19590
19581
19571
19582
19591
19583
19573
19574
19575
19565
19555
19544
19543
19553
19554
19564
19563
19572
19562
19561
19551
19552
19542
19541
19532
19533
19534
19524
15971
19523
19506
15970
19491
19475
19474
19473
19472
19471
19470
19486
19485
19469
19468
19451
19452
19453
19454
19455
19456
19429
19430
19441
19442
19459
19460
19461
20439
20438
19444
19443
19434
19417
19435
19418
20437
20436
19409
19408
15963
19391
19392
20435
20434
19375
19365
20433
20432
20431
19335
19318
20430
20429
19301
15955
19282
20428
20427
19256
19239
20426
20425
19229
19218
19202
19201
19200
19185
19184
19199
19215
19216
19217
19228
19227
19226
19225
19214
19213
19224
19234
19235
15953
19252
19253
19236
19237
19238
19255
19273
19254
19272
19271
15954
19280
19281
19291
19300
19317
19334
19344
19345
19355
19354
19364
19374
19390
19373
19363
19342
19332
19331
19341
19340
19350
19351
19361
19360
19370
19405
19404
19387
19386
19385
19402
19403
19428
19427
19426
19425
19424
19423
19422
19413
15964
19412
19421
15966
19438
19439
19448
19447
19446
19445
19436
19437
15965
19395
19396
19397
19398
19399
19400
19401
19384
19383
19382
19381
19380
19369
19359
19349
19339
19322
15958
19338
15959
19348
15960
19358
15961
19368
19379
19378
19377
19394
19411
19420
15705
19419
19410
19393
19376
19366
19367
19357
19356
19346
19347
19337
19336
19321
19304
19284
19293
19303
19320
19319
15704
19302
19292
15703
19283
15702
19274
15701
19275
19258
19257
19240
19241
19230
19219
15700
19220
19231
19232
19242
19259
19276
19277
19286
19285
19294
19295
19305
19306
15957
19323
19324
19325
19326
19327
19328
19329
19330
19313
19312
19311
19310
19309
19308
19307
19296
19287
19278
19260
19261
19244
19243
19233
19221
19222
19191
15951
19207
19208
19209
19210
19211
19212
19196
19195
19181
19180
19179
19178
19192
15949
19177
19164
19163
19176
19174
19150
19161
19173
19172
19160
19159
19171
19187
19188
19189
19205
19204
19203
25315
24094
24077
25314
25313
24065
24053
24052
24039
24038
24026
24027
24028
24040
24041
25312
25311
24029
24017
25310
24006
23990
25309
19004
19021
19032
19049
19066
19050
19067
19068
19085
19084
15697
19083
19093
19094
15938
15939
19104
19105
19096
19095
19086
19087
19071
19072
19073
19074
19057
19040
19039
19056
19055
19038
19037
19036
19053
19054
19070
19069
19052
19051
19035
19034
19033
19022
19005
18996
18997
18980
18979
15696
18995
18978
15695
18969
18970
18955
18954
18936
18937
18938
18939
18929
18919
18920
15925
18930
18941
15928
18957
18942
18943
18958
18959
18944
18945
18946
18961
18960
18986
18985
18984
18983
18982
15929
15927
18940
18956
18971
18972
15931
18981
18998
19007
19006
19023
19024
19025
19008
19009
19010
15934
19011
19012
19013
19014
19015
18987
18988
18989
18990
18991
18974
18973
15930
18963
18962
18947
18948
18949
18964
18965
18950
18951
18966
18975
18992
15932
19001
19000
18999
19016
19026
19043
19027
19017
19018
19028
19029
19030
15935
19047
15936
19064
19065
15937
19082
20419
20418
20417
19048
19031
20416
20415
19020
15933
19019
19002
18993
19003
18994
18977
18976
18967
18968
18953
18952
18934
18935
18926
20414
20413
18916
18915
18905
18904
18914
18913
18912
18922
18923
18924
18925
18933
18932
18931
15926
18921
18911
18901
15924
18889
18879
18870
18871
18880
18881
18872
18873
18882
18883
18884
18875
18876
20410
20409
18866
18865
18864
18854
18844
18834
18825
18824
15920
18823
18832
18842
18852
18862
18861
18851
18860
18850
18840
18841
18831
18830
18822
18805
18796
18787
18779
18771
18762
18751
18750
18749
18748
18747
18746
18745
18744
15914
18761
15916
18770
18778
15918
18769
18760
18759
18758
18767
18768
18777
18776
15685
18784
15686
18793
15687
18802
18803
18811
18828
15921
18812
18813
18814
18815
18829
18839
18849
18859
18869
18878
18888
15923
18910
18909
18900
18899
18898
18897
18908
18918
18928
18927
18917
15694
18907
15693
18896
18886
15692
18887
18877
15922
18868
18858
18848
18838
15688
18837
15689
18847
15690
18857
15691
18867
25306
23898
25307
23906
23924
23923
20913
23932
20914
25308
23957
23973
23981
20916
23980
23972
23971
23970
23969
23968
23967
23978
23979
23987
23986
24001
24000
23999
23998
23997
23996
23995
24010
24022
24033
20919
24032
24021
24020
24019
24018
24030
20663
24042
24054
24066
24055
24067
24079
24080
24096
24108
24107
24095
24078
30221
30222
28904
28918
30223
30224
28935
28934
28933
28945
28957
28969
28981
28997
29035
30229
29052
29051
29034
29032
29014
28996
28995
28979
28980
28968
28967
28955
28954
28966
28978
28994
29012
29013
29031
29030
29048
29049
29062
29061
29060
29047
29046
29059
29058
29045
29044
29057
29071
29072
29073
29074
29075
29076
29077
29063
29078
29079
29088
29087
29096
29097
29112
29121
29137
29138
29146
30233
29155
29171
30234
29180
29170
29179
29178
29169
29168
29177
29185
29186
29202
29201
25810
29200
29184
25809
29175
29166
29176
29167
29151
29143
29142
29150
29165
29164
29163
29162
29161
29160
29159
29158
25807
25806
29149
25805
29141
25803
29125
25801
29117
25798
25800
25802
29126
29127
29128
29129
29130
29131
29132
29133
29118
29119
29134
29135
25804
29152
29153
29154
29145
29144
29136
29120
29111
29110
29109
29095
29086
29085
29094
29108
29107
29106
29105
29104
29103
25799
29093
29084
29070
25796
29056
29043
29025
29026
29027
29028
29029
29010
29011
28993
28992
28991
28990
29009
29008
29007
29006
29005
28989
28976
25791
28977
28965
28964
25790
25789
28952
28953
28941
28926
28925
28940
25788
28924
28923
28922
28921
28907
28906
28905
28919
28920
28937
28936
28948
28960
28972
25556
28973
28974
28962
28961
28949
28950
28938
28939
28951
28963
28975
28987
28986
28985
28984
29000
29001
29019
29018
29036
29037
29038
29039
29021
29020
29002
29003
28988
29004
29022
29023
29024
29042
25794
29041
29040
25793
25795
25797
29083
29092
29102
29101
29100
29091
29082
29068
29069
29055
29054
29053
29067
29081
25557
29090
29099
29114
29115
29116
29124
29123
29139
29140
29148
29147
29156
29157
29173
29172
29181
29182
29190
29191
29174
25808
29183
29194
29211
29212
29195
29213
29196
29197
29214
29215
29198
29199
29216
29242
29241
29240
29239
29238
29237
25814
29236
29235
29253
29210
29193
29192
29209
29226
29225
29208
29207
29224
25813
29234
29251
29252
29262
29263
29264
29275
29285
29296
29295
29305
29304
29314
29315
29306
29316
29326
29335
29334
29325
29324
29333
25817
29323
25565
29313
25564
29303
25563
29293
25562
29294
29284
29274
29273
29283
25815
29272
25561
29261
25560
29250
29233
25559
29223
25558
29206
29189
35366
35367
34251
34259
30704
34266
34272
34273
34274
34283
35368
34308
34324
35369
30712
35370
34343
34350
35371
35372
34357
34363
35373
35374
34370
34369
34362
34356
34349
34342
34336
34330
34323
34322
34306
34307
34291
34282
34281
30707
30706
34265
34257
34248
34249
30702
34258
34250
34241
34240
34231
34222
34212
34203
34211
34221
34230
34239
34238
34247
34256
34264
34271
34280
34289
34303
34302
34318
34317
34301
34316
34300
34299
34315
34314
34298
34297
34313
30709
34296
34295
30708
34287
34288
34279
34278
34269
34262
34270
34263
34255
34254
34245
34246
34236
34237
34228
34227
34218
34201
34209
34219
30698
34229
34220
34210
34202
34193
34184
34174
34194
34185
34175
34159
34149
34150
34140
34139
34138
34122
34123
34105
34104
34103
34086
34076
34058
34057
34056
34055
34054
34053
34052
34051
34042
34032
30686
34022
34013
34000
33999
33982
33981
33980
33997
33998
34012
34021
33995
33971
33964
33958
33965
33972
33973
33983
33984
34001
34002
33985
33986
33987
34003
34004
34005
33988
33989
33990
30685
34006
34007
34008
34017
34016
34015
34014
34023
34024
34025
34026
34036
34046
34061
34060
34045
34035
34034
34033
34043
34044
34059
34077
30691
34087
34088
34089
34090
34108
35356
35357
35358
35359
34162
34178
34177
34187
34188
35360
35361
34197
34206
35362
35363
34214
34224
35364
35365
34233
34242
34232
34223
34213
34205
34204
34195
34196
34186
34176
34160
34161
34152
34151
34141
34124
30692
34107
34106
34078
34079
34062
30690
34063
34047
35355
35354
34037
34027
35353
35352
34018
34009
35351
35350
35349
35348
30684
30682
33948
35347
35346
28796
28797
28784
28772
28773
28785
28786
28798
28799
28812
28826
28825
28824
28811
28810
28809
28822
25553
28823
25554
28835
25555
28849
28863
28864
28850
28836
28837
28838
28839
28853
28852
28851
28865
28866
28880
28879
28878
28877
28891
28892
28893
28894
28908
28909
28895
28881
28867
28868
25783
28854
28855
28869
25784
28882
25785
28896
25786
28910
28883
28897
28911
28927
28928
28929
28942
28943
28931
25787
28930
28913
28912
28898
28899
28884
28870
28856
28872
28873
28890
28876
30220
30219
28862
28848
30218
28834
28821
30217
30216
28808
28795
28794
28793
28792
28780
25777
28767
28754
28753
28766
28765
28752
28740
28729
28711
28695
25770
28680
28681
28682
28683
28666
28665
25767
28664
28647
28634
28622
28610
28599
28587
28575
28563
28562
28561
28560
28559
28547
28532
28531
28546
28545
28557
28558
28573
28572
28584
28585
28574
28586
28598
28597
28596
28595
28583
28582
28570
28555
28571
28556
28544
28528
28511
28510
28493
28494
28495
28512
28529
28530
28513
28514
28515
28516
28533
28534
28517
28501
28500
28499
28498
28484
28483
28497
28496
28482
28468
28469
28470
28454
28455
28471
25757
28456
28439
28438
28437
28423
25753
28422
28410
28411
28380
28381
28399
28398
28397
28412
28424
28440
28457
28458
28472
25758
28485
28486
28504
28503
28502
28519
28518
28535
28536
28537
28520
28521
28522
28540
28539
28538
28548
25763
28564
28576
28588
28600
28611
28623
28635
28648
28636
28624
28612
28601
28589
28577
28565
28549
28550
28566
28578
28590
28602
28613
28625
28637
25766
28638
28639
28627
28626
28614
28603
28591
28592
28579
28567
28568
30204
30205
28580
30206
30207
28604
28615
30208
30209
23865
20654
23866
23875
20655
23874
20656
23891
20657
23899
23907
23908
23900
23892
23909
23926
23934
23925
23933
20658
23949
20659
23958
20660
23974
20661
23982
23991
20662
24007
24008
24009
23994
23993
23992
23983
23975
23959
23950
20915
23951
23935
23936
23952
23953
23960
23976
23984
23985
23977
23961
23962
23963
23964
23965
23966
23942
23941
23940
23939
23938
23937
23928
23927
20912
23910
23901
23902
23911
23912
23913
23914
23915
23916
23917
23929
23943
23954
23955
23944
23930
23918
23904
23896
23895
23903
23919
23920
23921
23945
23946
23947
23956
23948
23931
23922
23905
23897
23888
23887
23886
23885
23884
23883
23871
23870
23861
23862
23854
23853
23844
23835
23845
23836
23827
23826
23817
23818
23807
23792
23781
23780
23779
23778
23806
23805
23804
23803
23802
23801
23816
20908
23825
23834
23843
23852
23882
23881
23880
23879
23878
23877
23894
23893
23876
20911
23867
23868
23869
23860
23859
23858
23857
20910
23849
23848
20653
23839
20652
23840
23841
23850
23851
23842
23833
23832
23831
20651
23830
23822
23823
23824
23815
23814
20907
23798
23797
23788
23773
23763
20650
23752
20649
23742
23726
23710
23711
23727
23728
23744
23743
23753
23754
23765
23764
23775
23774
23789
23790
23799
23800
23791
20904
23776
23777
23766
23755
23745
20899
23729
23730
23731
23714
23715
23716
23732
23733
23734
23717
23718
23735
23736
23747
23746
23756
23757
23767
23782
23783
23793
23808
23809
23810
20905
23785
23784
23768
20901
23758
23759
23769
23770
20902
23786
23794
20906
23811
23819
23828
23837
23846
23855
23863
23872
23889
23890
23873
25305
25304
23864
23856
25303
25302
23847
23838
25301
23829
20909
23820
23812
23821
25300
25299
23813
23796
23795
23787
20903
23772
23771
23760
23739
23740
23724
23708
23707
23723
23722
23721
23737
20898
23738
20900
23749
23750
23751
23741
25297
23725
23709
23692
25296
23677
25295
25294
23662
23661
23676
23691
23690
23689
23706
23705
23688
23687
23704
23720
23719
23703
23702
23701
23700
23699
20895
23684
23669
23668
23683
23682
23667
23666
23665
23664
23679
23680
23681
23696
23713
20896
23697
23698
20897
23712
23695
23694
23693
20648
23678
20647
23663
20646
23648
20645
23649
23650
23651
23652
23653
23654
23636
23622
23609
23608
23621
23635
23634
23633
23632
23631
23617
20644
23604
23605
23618
23619
23620
23607
23606
23578
23579
23565
23551
23564
23550
23536
23522
23521
20640
23535
20641
23549
20642
23563
20643
23577
23591
23592
23593
23594
23580
23566
23552
23538
23537
23523
23524
23508
23509
23525
23526
23539
23540
23541
23555
23554
23553
23567
23568
23569
23583
23582
23581
20890
23595
23596
23597
20892
23610
23623
23637
23638
23639
23640
23641
23642
23625
23612
23611
23598
23599
18573
18591
18609
18592
18593
18594
18576
18575
18574
18564
18563
15681
18554
18545
15680
18546
18555
18556
18565
18566
18567
18577
18595
18578
18579
18597
18598
18599
18617
18616
18615
18614
18613
15900
18629
15901
18639
15902
18649
18660
18669
15904
18668
15906
18677
18678
18687
18686
18667
18657
18658
18648
18638
18628
18612
18611
18610
18627
18626
18636
18637
18647
18646
15682
18656
18666
18675
18676
18685
18684
18701
18711
18702
18703
18713
18712
18722
18721
15683
18731
18741
15684
18742
18743
18732
18723
18733
15913
18734
18724
15912
18714
15911
18704
15909
18688
18689
18690
18691
18692
18693
18694
18695
18679
18670
18661
18650
18640
18630
18620
18602
18603
18621
18622
18623
18605
18587
18586
18585
18584
18568
18558
18549
18540
18531
18522
18513
18504
15897
18494
18495
18496
18497
18498
18499
18508
20386
20387
18517
18526
20388
14094
14088
14083
14077
11553
14073
14056
14057
14040
14041
14035
14018
14019
14015
14001
14002
14003
13986
13987
13988
14004
14005
14006
14007
13989
13990
13991
14008
13992
14009
14010
14011
14012
13993
13994
13995
13996
13978
13973
13974
15386
15387
15388
15389
10002
9982
9983
9964
9955
9956
9957
9958
8019
9967
9968
9976
11269
9959
11268
9950
9935
9920
11267
11266
9910
9901
8015
9884
8014
9873
11264
11263
9857
9848
11262
11261
9839
9830
11260
11259
9822
9813
11258
11257
9804
9795
11256
11255
9786
9778
11254
9769
9755
9741
11253
11252
9732
9731
9740
9753
9754
9768
9767
9777
9785
9794
9793
9784
9776
9766
9765
9775
9783
9792
9791
9800
9809
9810
9801
9802
9803
9811
9812
9821
9820
9828
9829
9838
9847
9856
8012
9872
9855
9846
9845
9837
9836
9827
9819
9818
9826
9835
9844
9853
9854
9880
9908
9899
9882
9883
9900
9909
9919
9918
9917
9931
9932
9933
9934
9949
9948
9947
9946
9945
9930
9916
9929
9944
9943
9942
9927
9926
9925
8017
9915
9905
9889
9888
9904
8016
9903
9887
9886
9859
9858
9849
7758
9840
9831
7757
9841
13922
13940
13958
13964
13969
13968
13963
13955
13918
13902
13901
13893
13894
13887
13886
13882
11778
13877
13873
13870
13866
13862
13841
13820
13816
13812
13807
13802
11770
13796
11769
13795
13801
13788
13778
11767
13783
13789
13790
13784
13779
13774
13773
13767
13768
13763
11764
13762
13758
13753
13752
13757
20362
17997
18012
15872
17996
17982
17981
17980
17979
17978
17963
17962
17948
17949
17950
17935
17919
17920
17905
17904
17903
17887
17888
17889
17876
17891
17907
17924
20361
20360
17908
17892
17877
17861
17860
17859
17858
17840
17841
17842
17843
17825
17824
17812
17799
17784
17797
17810
17809
17796
17755
17743
17729
17728
17742
15855
17767
17780
17793
17806
17818
17836
17853
17835
17834
17852
17851
15861
17868
17884
17883
17899
17915
17931
17916
17917
17901
17900
17885
17869
17870
17854
17855
17871
17886
17902
17918
17934
17933
17932
17947
17961
15870
17975
17990
18006
18021
18022
18023
18037
18036
18051
18052
18053
18038
18024
18025
18010
18009
18008
17992
17993
17994
17995
18011
15874
18026
18027
18042
20363
18056
18070
20364
18083
18099
18098
18082
18097
18113
18124
18112
18111
18123
18134
18135
18146
18145
18133
18122
18110
18094
18079
18080
18095
18096
18081
18067
18068
18069
18055
18041
18040
18039
18054
18066
18065
18064
15877
18050
18035
15876
18020
15873
18004
17988
17974
17960
17987
17986
18002
18003
18019
18018
18017
18016
18030
18015
18014
17999
17984
18013
17998
15655
17983
17969
17955
17956
17942
17941
17925
17926
17927
17943
17957
17970
17971
17985
18000
18001
15871
15869
17972
17973
17959
17958
15867
15865
17944
17945
17946
17930
17929
17928
15864
17912
17913
17914
17898
15863
17882
15862
17867
17848
17866
17897
17896
17895
17911
17910
15654
17909
17893
17894
17878
17862
17844
17845
17863
17879
17880
17881
17865
17864
17846
17847
17816
17803
17790
17789
17788
17801
17802
17815
17814
17826
17827
17828
17829
17830
17831
17849
17850
17832
17833
17754
15856
17766
15857
17779
15858
17792
15859
17805
17817
15860
17804
17791
17778
17777
17776
17775
17762
17763
17764
17765
17753
17739
17723
17722
17705
17706
17689
17690
17675
15850
15849
17659
17660
17645
15848
17628
17627
17625
17643
17642
17641
15847
17624
17611
17600
17559
17572
17587
17588
17589
17576
17577
17578
17594
17607
17620
17637
17651
17668
17667
17650
17636
17619
17606
17593
17563
17564
17551
17550
17549
15845
17548
17532
17533
17534
17535
17521
17520
17519
17503
17504
17489
17488
17470
17471
17472
17490
17505
17506
17508
17524
17553
17552
17565
17566
17579
17580
20347
13452
13441
13431
13421
13404
13403
13385
13386
13370
13371
13387
13405
11737
13422
11739
13432
11741
13442
11742
13453
13470
13471
13454
13472
13482
13483
13500
11744
13484
13485
13486
13487
13488
13489
13490
13491
13473
13462
13461
13460
13459
13458
13457
13456
13455
13445
13435
13434
13444
13443
13433
13423
13406
13407
13424
13425
13408
13390
13389
13388
13372
13373
13363
13346
13362
13361
13345
13334
13335
13336
13347
13348
13337
13326
13316
13305
13294
13304
13303
13292
13293
13282
13283
13272
13262
11730
13251
11728
13239
11727
13224
13223
13222
13238
13237
13221
13204
13205
13206
13195
13194
13193
11723
13177
13160
13161
13144
13143
13142
13159
13176
13175
13158
13141
13124
11516
13114
11515
13104
11514
13094
11513
13077
13068
13095
13096
13106
13105
13115
13116
13125
13126
11719
13127
13128
13118
13117
13107
13108
13098
13097
13080
13079
13078
13069
11717
13053
13052
13051
13041
13031
11512
13014
11511
13004
11510
12988
12972
12955
12956
12973
12974
12957
12958
11711
12975
12976
12994
12993
12992
12991
12990
12989
13006
13005
11715
13015
13016
13017
13008
13007
13032
11716
13042
13054
13033
13043
13044
13034
13018
13019
13020
13021
13022
13023
13009
13024
13035
13045
13062
13061
13060
13059
13058
13057
13056
13055
13070
13071
13081
13082
13083
13084
13085
13086
13087
13072
13073
13063
13046
13036
13025
13026
13010
13000
12999
12981
12980
12998
12997
12996
12995
12977
12978
12979
12963
12964
12965
12949
12938
12926
12962
12961
12960
12959
12948
12937
12925
12913
12912
12901
12900
12899
12898
12897
11506
12908
11507
12920
11508
12932
11509
12943
12944
12933
12934
12945
12935
12946
12947
12936
12924
12923
12911
12910
12922
12921
12909
12882
12881
12880
11505
12865
12854
12855
12856
11704
12866
12867
11706
12883
12884
12885
11707
12886
12887
12888
12871
12870
12869
12868
12859
12858
11705
12857
12840
12839
12838
11504
12837
12820
11503
12806
11502
12791
12807
12821
12822
12808
12823
12824
11701
12841
12825
12826
12842
11702
12843
12844
12827
11700
12813
12812
12811
12810
12809
12794
12793
12792
12777
12776
11501
12759
12742
11500
12743
12744
12761
12778
12779
12795
12780
12781
12796
12797
12782
12783
12798
12799
12800
12828
12845
12846
12829
12830
12831
12849
12848
12847
11703
12873
12872
12889
12890
12902
12914
12915
12927
12939
12950
12966
12982
12983
12984
11712
13001
11714
13011
13012
13002
11713
12985
12969
12953
12942
12930
12918
11709
12905
12906
12896
12907
12919
12931
11710
15328
15329
12954
12971
12970
12986
12987
13003
13013
13030
13029
13039
13038
13028
13027
13037
13047
13048
13049
13040
15330
15331
13050
13067
13076
11718
13066
13065
13064
13074
13075
13091
13102
13092
13093
15332
13103
13113
15333
15334
13123
13140
13139
13112
13122
13138
13156
13155
13137
13121
13111
13101
13090
13089
13088
13100
13099
13109
13110
13120
13119
13134
13152
13133
13132
13131
13130
13148
13147
13129
13146
13145
13162
13179
13180
13163
13164
13181
13182
13183
13165
13166
13149
13150
13151
13168
13167
13184
13185
13197
13186
13169
13170
13153
13135
13136
13154
13172
13171
13188
13189
13199
13200
13190
13173
11721
13157
11720
15335
15336
15337
13174
11722
13191
15338
15339
13201
11724
13218
11726
15340
9051
9043
9035
9028
9021
7725
9004
9005
8996
8989
8981
8982
8973
7724
8965
7723
8956
8957
8958
8959
8942
8941
8940
8925
8924
8915
7722
8897
8898
8880
8879
8863
8864
8854
8829
8812
7948
8804
7947
8788
8789
8790
8781
8780
8779
7719
8778
8770
7718
8762
7717
8753
11698
12790
15327
15326
12775
12758
12741
15325
12726
12740
12756
12757
11696
12774
12789
11697
12805
12818
12819
12836
12853
12864
12879
12878
12895
12894
12893
12892
12904
12917
12929
12941
12952
12968
12967
12951
12940
12928
12916
12903
11708
12891
12874
12875
12860
12861
12876
12877
12862
12863
12852
12835
12834
12851
12850
12833
12832
12815
12814
11699
12801
12802
12803
12804
12816
12817
12788
12787
12786
12785
12770
12752
12751
12769
12784
12768
12767
12766
12747
12765
12764
12763
12762
12745
11695
12746
12731
12732
12733
12748
12749
12750
12718
11694
12702
12703
12685
12668
12669
12670
12686
12704
12719
12734
12735
12736
12753
12771
12772
12773
12755
12754
12737
12738
12739
12724
12725
12709
12710
15324
15323
12693
12676
15322
12659
12643
12642
12627
12626
12625
12640
12624
12607
11685
12590
12574
12557
12541
12526
12525
12540
12556
12572
12573
12589
12588
12606
12622
12638
12637
12621
12620
12604
12605
12587
12571
12555
12539
12524
12508
12509
12493
12492
12476
12477
12478
12461
12460
12445
12429
12430
12431
12432
12448
12447
12446
12462
12463
12449
12433
12418
12419
12420
12421
15310
15309
12405
11681
12404
12389
11680
12372
12373
12357
12342
12328
11674
12311
12296
15308
12341
12356
12355
12354
12371
12370
12388
12403
12387
12402
12417
12416
12401
12386
12385
12400
12415
12414
12399
12384
12383
12365
12366
12367
12368
12369
12353
12352
12306
12325
12307
12292
12277
12278
12279
12262
12211
12177
12176
11666
12134
12152
12153
12154
12163
12164
12155
12137
15301
15300
15299
15298
12088
11660
12105
11661
12122
12129
12128
12136
12135
12127
12126
12120
12121
12104
12103
12102
12101
12086
12119
12118
12117
12116
12115
12114
12097
12098
12099
12100
12085
12084
12083
12082
12081
12080
12069
12062
12047
12048
12049
12050
12051
12052
12053
12054
12063
12070
11659
12087
12071
12064
12065
12072
12073
15297
11657
12057
15296
12040
12039
11656
12056
12038
12055
11655
12030
12022
12015
12007
11650
11999
12000
12001
12008
12016
12023
12031
12032
15295
11653
15294
12009
15293
15292
11984
11978
15291
11972
11956
11941
15290
15289
11937
11933
15288
15287
11930
11927
11926
11925
11924
11923
11922
11921
11920
11919
11918
11917
11916
11915
11914
11913
11644
11646
11647
11946
11947
11948
11949
11950
11951
11952
11953
11955
11954
11971
11970
11969
11968
11967
11966
11965
11964
11963
11962
11961
11976
11982
11991
12006
12014
12021
12029
11654
12037
12046
12045
11658
12061
12060
12044
12036
12027
12028
12020
12013
12005
11649
11989
11981
11975
11960
11959
11945
11645
11932
11936
11935
11939
11940
11944
11943
11648
11958
11974
11980
11987
12004
11651
12011
11652
12018
12026
12035
12043
12042
12059
11480
12058
12041
12033
12024
11479
12017
12010
12002
12003
11986
11985
11979
11478
11973
11477
11957
11476
11942
11938
11475
11934
11474
11931
11928
11910
11929
11911
11912
11908
11473
11906
11472
11904
11471
11902
11470
11900
11469
11643
11897
11468
11895
11467
11893
11466
11876
11877
11878
11879
11880
11881
11882
11883
11884
11885
11886
11887
11888
11889
11890
11891
11892
11894
15278
15277
15276
15275
15274
15273
15272
15271
15270
15269
15268
15267
15266
15265
15264
15263
15262
15261
15260
15259
15258
15257
15256
15255
15254
15253
15252
15251
15250
15249
15248
15247
15246
15245
15244
15243
15242
15241
15240
15239
15238
15237
15236
15235
15234
15233
7639
7640
7641
7642
7643
7644
7645
7646
7647
7648
7649
7650
7651
7652
7653
7654
7655
7656
7657
7658
7659
7660
8066
8067
8068
8069
8070
7661
8083
7662
8084
7663
8085
7664
8086
7665
8087
7666
8088
7667
8089
7668
8090
7669
8091
7670
8092
7671
8093
7672
8094
7673
8095
7674
8096
7675
8097
7676
8098
7677
8099
7678
8100
7679
8101
7680
8102
7681
8103
7682
8104
7683
8105
7684
8106
7685
8107
7686
8108
7687
8109
7688
8110
7689
8111
7690
8112
7691
8113
7692
8114
8115
7693
8133
8134
8149
8150
8135
8116
8117
8118
8119
8120
8121
8122
8123
8124
8125
8126
8127
8128
8129
8130
8131
8132
11152
11151
11150
11149
11148
11147
11146
11145
11144
11143
11142
11141
11140
11139
11138
11137
11136
11135
11134
11133
11132
11131
11130
11129
11128
11127
11126
11125
11124
11123
11122
11121
8082
8081
8080
8079
8078
8077
8076
8075
8074
8073
8072
8071
11120
11119
11118
11117
11116
11115
11114
11113
11112
11111
11110
11109
11108
11107
11106
11105
11104
11103
11102
11101
11100
4589
4590
4591
4592
4593
4594
4595
4596
4597
4598
4599
4600
4601
4602
4603
4604
4605
4606
4607
4608
4609
4978
4610
4611
4612
4613
4614
4615
4616
4617
4618
4619
4620
4621
4622
4623
4624
4625
4626
4627
4628
4629
4630
4631
4632
4633
4634
4635
4636
4637
4638
4639
4640
4641
4996
4642
4643
4644
4645
11153
7891
7889
8148
8147
8146
8145
8144
8143
8142
8141
8140
8139
8138
8137
8136
7887
7886
7888
8151
7890
8154
8157
7892
8161
8162
8163
8164
8165
8166
8167
8168
8169
8170
8171
7894
8172
8173
8158
11154
8177
7896
8181
11155
11156
8186
8185
8203
8202
8219
8220
7898
11157
11158
8225
8224
8228
8232
8249
8248
8247
8246
8245
8244
8243
8242
8241
8240
8239
8238
8252
8256
7902
8261
8262
8263
8264
8265
8266
8267
8268
8269
8270
8271
8257
8253
8254
8250
7900
8233
8229
11159
11160
11161
11162
11163
8258
8273
8276
8272
7904
7906
8279
11164
11165
8288
8283
8282
8287
8306
8305
8304
8303
8302
8301
8300
8299
8298
8316
8317
8318
8319
8320
8321
8322
8323
8327
8324
8328
11166
11167
8332
8331
8335
8336
11168
11169
5218
4653
5221
5222
5223
5227
5226
4654
5225
5229
5250
5266
5271
11173
11172
11171
11170
7915
7914
8354
8340
8339
8349
8350
8351
8352
8353
8357
8360
7916
8376
8380
8384
8388
8387
8383
8379
8375
8374
8373
8372
8371
8348
8347
8346
8345
8344
8343
8342
7913
8338
8334
8330
8326
8311
8312
8313
8314
8315
8297
8296
8295
8294
8293
8286
8281
8278
8275
7907
7905
7903
8260
7901
8235
8236
8237
8231
8210
8211
8212
8213
8214
8215
8216
8217
8218
8201
8200
8199
8198
8197
8196
8195
8194
8193
8192
8209
8208
8223
8227
7899
8222
8205
8206
8207
8190
8191
8184
8176
8180
7897
8189
8188
8183
8179
7895
8175
7893
8160
8156
8153
8152
7694
8155
7695
8159
8174
8178
8182
8187
8204
7696
8221
8226
7697
8230
8234
7698
8251
8255
7699
8259
8274
8277
8280
7700
8284
8289
8307
8308
8290
8285
8291
8292
8310
8309
7908
7909
7910
7911
7912
8356
8359
8366
8367
8368
8369
8370
8396
8397
8413
8412
8411
8395
8410
8394
8393
8392
8409
8408
8407
8424
8431
8430
8405
8438
8437
8436
8429
8422
8423
8406
7917
8391
8386
8382
8378
8365
8364
8363
8362
8361
7703
8377
7704
8381
7705
8385
8389
8390
7918
7706
8421
8428
7707
7708
8435
8443
8442
8458
8466
8474
8459
8467
8475
8482
7925
8483
8484
7926
8492
8500
8493
8501
8510
8509
8518
8526
8527
8519
8520
8511
8502
8494
8486
8485
8477
8478
8470
8462
8461
8469
8476
7924
8468
7923
8460
7922
8444
7920
8445
7921
8446
8447
8448
8449
8450
8451
8452
8453
8454
8455
8464
8465
8456
8441
8434
8433
8440
8439
8432
8425
7919
8417
8416
8415
8414
8398
8399
8400
8401
8418
8402
8403
8404
8420
8419
8426
8427
11174
11175
8457
11176
11177
11178
11179
7927
8497
8489
8488
8480
8481
8473
8472
8463
8471
8479
8487
8495
8496
8504
8503
8512
8513
8514
8505
8506
11180
11181
8515
8524
11182
11183
8532
11184
11185
8541
7929
8558
8567
11186
11187
8575
8591
8590
8608
8609
8617
7934
8634
7935
8651
7936
8668
11191
11190
11189
11188
5482
4664
5491
5502
5492
5503
5504
5493
5483
4880
5475
5458
5457
5474
5473
5456
5448
4663
5431
5432
5424
4662
5411
4661
5404
4660
5397
4659
5390
4658
5377
5360
5361
5344
5343
4657
5320
5321
5322
5337
5338
5346
5345
5362
5363
5364
5347
5348
5349
5350
5367
5366
5365
4875
5386
5393
5400
5407
5414
5420
5419
5413
5406
5399
5392
5385
5380
5379
5378
4876
5384
5391
5398
5405
5412
4877
5418
5425
5426
5427
5435
5434
5433
5449
5450
5451
5436
5437
5438
5439
5440
5441
5442
5443
5444
5452
5445
5428
5421
5415
5408
5401
5394
5387
5381
5395
5388
5382
5375
5374
5357
5358
5340
5335
5319
5336
5341
5359
5376
5383
5389
5396
5403
5402
5409
5416
5422
5429
5430
5423
5417
5410
7381
7380
7379
7378
7377
7376
7375
5342
7374
7373
7372
7371
5302
5301
5300
5318
5317
5334
5333
5339
5356
5373
5372
5371
5370
5369
5368
5351
5352
5353
5354
5355
5332
5316
5315
5314
5331
5330
5313
5312
5329
5328
5311
5310
5327
5326
5309
5325
5324
5323
5306
5307
5308
5298
5292
5291
5297
5305
5304
5303
4656
4655
5276
5277
5278
5272
4871
5267
4869
5251
4867
5247
5246
4866
5230
5231
5232
5233
5234
5235
5236
5237
5238
5239
5240
5241
5242
5243
5244
5228
5245
5248
5263
5262
5261
5260
5259
5258
5257
5256
5255
5254
5253
5252
4868
5268
5273
5279
5280
5281
5282
5283
5284
5285
5286
5287
5288
5293
5299
5294
5289
4873
5269
5274
5275
5290
5295
5296
7370
4874
4872
5270
4870
5264
5265
5249
7369
7368
7367
7366
7365
7364
7363
7362
5183
5180
5179
5178
5182
5199
5200
5217
5216
5220
5224
5215
5214
5213
5212
5211
5210
5209
5192
5193
5194
5195
5196
5197
5198
5177
5159
5160
5161
5162
5144
7361
7360
7359
7358
7357
5141
5143
4863
5140
5139
5138
5137
5136
5157
5158
5176
5175
5174
5156
5155
5173
5172
5154
5153
5152
5170
5171
5191
5208
5207
5190
5189
5206
5205
5188
5187
5204
5219
4865
5203
5186
5185
5202
5201
5184
5163
5145
4652
5125
5126
4651
4650
4649
5120
5121
5103
5086
5087
5104
5105
5088
5071
5054
5055
5072
5073
5074
5056
5057
5058
5059
5060
5077
5076
5075
5092
5091
5090
5107
5089
5106
4862
5122
5123
5124
5127
5142
5147
5146
5164
4864
5181
5165
5166
5167
5168
5169
5151
5150
5149
5148
5128
5129
5130
5131
5132
5133
5134
5135
5108
5109
5110
5093
5094
5111
5112
5095
5096
5113
5114
5097
5080
5079
5078
5061
5062
5063
5064
5065
5066
5067
5068
5085
5102
5101
5084
5083
5082
5081
5098
5115
5116
5099
5100
5117
5118
5119
7356
7355
7354
7353
7352
7351
7350
7349
5034
5051
5050
5049
5048
5047
5046
5045
5044
5043
5042
5041
5040
5039
5038
5037
5036
4860
4861
5053
5070
5069
5052
5035
4859
4648
4647
4646
5014
5015
5016
5017
5018
5019
5020
5021
5022
5023
5024
5025
5026
5027
5028
5029
5030
5031
5032
5033
7348
7347
7346
7345
7344
7343
7342
7341
5013
5012
5011
5010
5009
5008
5007
5006
5005
5004
5003
5002
5001
5000
4999
4998
4997
7340
7339
7338
7337
7336
7335
7334
7333
7332
7331
7330
7329
7328
7327
7326
7325
7324
7323
7322
7321
7320
7319
7318
7317
7316
7315
7314
7313
7312
7311
7310
7309
4995
4994
4993
4992
4991
4990
4989
4988
4987
4986
4985
4984
4983
4982
4981
4980
4979
7308
7307
7306
7305
7304
7303
7302
7301
7300
7299
7298
7297
7296
7295
7294
7293
7292
7291
7290
7289
7288
1824
1825
1826
1827
1828
1829
1830
1831
1832
1833
1834
1835
1836
1837
1838
1839
1840
1841
1842
2246
2247
2248
2249
2250
2251
2252
2253
2254
2255
2256
2257
2258
2259
2260
2261
2262
2263
2287
2286
2285
2284
2283
2282
2281
2280
2279
2278
2277
2276
2275
2274
2273
2272
2271
2270
1843
2265
1844
2267
2269
1845
2288
1846
2289
1847
2290
1848
2291
1849
2292
1850
2293
1851
2294
1852
2295
1853
2296
1854
2297
1855
2298
1856
2299
1857
2300
1858
2301
1859
2303
1860
2305
1861
2307
1862
2309
1863
2311
1864
2313
1865
2315
1866
2317
1867
2319
1868
2321
1869
2323
1870
2325
1871
2327
1872
2329
1873
2331
1874
2333
1875
2336
1876
2339
2154
1877
1878
1879
1880
1881
1882
1883
1884
1885
1886
1887
1888
1889
2385
1890
2388
1891
2391
1892
2394
1893
2397
2155
2409
1897
2406
1896
2403
1895
2400
1894
2366
2367
2368
2369
2370
2371
2372
2373
2374
2375
2376
2377
2378
2379
2380
2381
2382
2383
2364
2362
2360
2358
2356
2354
2352
2350
2348
2346
2347
4263
4264
2349
2351
4265
4266
2353
2355
4267
4268
2357
2359
4269
4270
2361
2363
4271
4272
2365
2384
4273
2387
2386
2389
2392
2393
2390
4274
4275
4276
4277
2399
2396
2395
2398
2401
2402
4278
4279
2405
2404
2407
2410
2412
2408
4280
4281
2411
4282
4283
2413
2156
2432
2451
2157
4284
4285
2453
2452
2454
2455
4286
4287
2457
2456
2158
2458
2459
4288
4289
2465
2462
2461
2464
2467
2468
4290
4291
2471
2466
2463
2460
2450
2431
2449
2430
2429
2448
2428
2447
2446
2427
2426
2445
2444
2425
2424
2443
2442
2441
2440
2423
2422
2421
2420
2439
2438
2437
2419
2418
2417
2416
2436
2435
2434
2415
2414
2433
1898
1899
1900
1901
1902
1903
1904
1905
1906
1907
1908
1909
1910
1911
1912
1913
1914
1915
1916
1917
2160
2159
2505
2522
2527
2526
1918
2545
1919
2551
1920
2557
7382
7383
7384
7385
7386
5455
5454
5447
5446
5453
5471
4878
5472
7387
7388
5481
5490
5489
5480
5479
5488
5500
5501
7389
7390
5511
5527
5543
5542
5551
5550
5560
5570
5581
5582
5563
5562
5572
5571
5561
5552
5553
7391
7392
7393
5573
5583
7394
7395
5593
5592
5602
5603
7396
7397
5613
5630
5639
7398
7399
5649
5659
7400
7401
5669
7402
5679
5688
5687
4887
5677
5678
5668
5658
5648
5638
5637
5628
5627
5636
5646
5647
5657
5667
5666
5656
5645
5655
5665
5675
5676
5686
5685
5702
5703
5704
4890
5705
5712
7403
7404
5737
4892
5720
5719
5711
5710
5701
5700
5699
5698
5697
5696
5695
5694
5684
5674
5664
5654
5644
5634
5619
5620
5621
5622
5623
5624
5625
5635
5626
5609
5599
5589
5600
5610
5611
5612
5629
5601
5591
5590
5580
5579
5569
5559
5549
5539
5538
5537
5536
5535
5534
5533
5517
5518
5519
5520
5521
5522
5523
5507
5508
5524
5540
5541
5525
5526
5510
5509
5499
5498
5497
5487
4881
5478
5470
5469
5468
5467
5466
5465
5464
5463
5462
4879
5461
5460
5459
5476
5477
5485
5486
5496
4882
5506
4883
5495
5484
5494
5505
5515
5531
5516
5532
4884
5548
5558
5568
5578
5588
5598
5608
5618
5617
5616
5607
5606
5633
5643
5642
5632
4886
5615
4885
5605
5595
5596
5597
5587
5586
5585
5575
5565
5555
5576
5577
5567
5566
5556
5557
5547
5546
5545
5529
5530
5514
5513
5512
5528
4665
5544
4666
5554
4667
5564
4668
5574
4669
5584
4670
5594
4671
5604
4672
5614
5631
4673
5640
4674
5650
4675
5660
4676
5670
4677
5680
5681
5682
5708
5715
5724
5741
5751
5740
5725
5742
4895
5752
4898
5761
5762
5763
5764
5765
5766
5767
5768
5779
5790
5800
5801
5791
4901
5780
5769
5753
5754
5744
5755
5770
5781
5792
5782
5771
5772
5783
5793
5794
5804
5803
5802
5820
5821
5831
5841
5852
5851
5850
5849
5838
5839
5840
5830
5829
5819
5818
5828
5817
5816
5815
5814
5813
5799
5789
5778
5777
5776
5787
5788
5798
5797
5796
4902
5786
4900
5775
4899
5760
4897
5759
5750
5749
5739
5722
5723
5714
4891
5707
4889
5691
5690
4678
5689
5706
5713
5721
5738
5748
5758
5774
5785
5795
5806
5807
5808
5824
5825
5835
5856
5872
5881
5890
5898
4911
5922
5907
4910
5899
5891
5882
5873
5857
4906
5847
5846
5836
5837
5827
5826
5809
5810
5811
5812
4903
4904
5848
5858
5859
5860
5861
5862
5863
5864
5865
5876
5866
5867
5877
5878
7411
5869
5868
5853
5842
5832
5822
7410
7409
7408
7407
5805
7406
7405
5784
5773
5757
5747
5746
5756
4896
5745
5736
5735
5718
5717
5734
5743
4894
5733
5732
5731
5730
5729
5728
4893
5727
5726
5716
5709
5693
5692
4888
5683
5673
5663
5653
5652
5662
5672
5671
5661
5651
5641
11197
8777
8769
11196
8761
8752
8743
8734
7940
8717
8709
11193
11194
11195
8742
8751
8760
8759
8750
8741
8733
8716
8708
8700
8701
11192
8685
8684
8683
8682
7938
8699
8707
8706
8714
8715
8732
8740
7941
8731
8730
8729
8728
8727
8726
8725
8724
8723
8739
8738
8722
8712
8713
8705
8691
8673
8657
8658
8641
8624
8625
8642
8659
8674
8692
8693
8675
8676
8694
8695
8696
8678
8677
8661
8660
8643
8644
8645
8662
8663
8664
8679
8697
8698
8680
8681
8665
8666
8667
8650
8633
8616
8607
8606
8589
7931
8572
8573
7932
8574
8566
8565
8564
8556
8557
8539
8540
8531
8523
8530
8522
8521
8529
8538
8555
8554
8553
8552
8588
8587
8603
8604
8605
8614
8615
8632
8649
8648
8631
8630
8647
8646
8629
8628
8627
8626
8601
8602
8586
8585
8584
8600
8599
8583
8582
8598
8597
8613
8623
8640
8639
8656
8655
8654
8653
7937
8670
8688
8689
8671
8672
8690
8704
8703
8711
7939
8687
8719
8736
8720
8721
8737
7942
8746
8747
8748
7944
8757
8766
8774
8782
8791
8806
8815
8792
8793
8794
8795
8796
8797
8798
8775
8767
7945
7943
8749
8758
8768
8776
8784
8783
8799
8807
8808
8800
8801
8825
8841
8842
8826
8809
8802
7946
8785
11198
11199
11200
8810
8827
8843
11201
11202
8862
8853
8852
8861
7952
8878
8896
8914
11203
8923
8913
8895
8894
8893
8877
8859
8860
8851
8850
8839
8840
8824
8823
8822
8821
8838
8837
8836
8820
8819
8835
8818
8834
8833
8817
8816
8832
8831
7950
8814
8805
8813
7949
8830
8847
8848
8849
8858
8868
8869
8870
8886
8885
8903
8904
8905
8906
8907
8908
8891
8909
8937
8936
8935
8934
8933
8949
8950
8951
8952
8953
8961
8962
8970
8969
8977
8978
8979
8987
8986
8985
8992
8993
8994
7958
9002
9019
9001
9000
8999
9018
9025
9026
9033
9040
9041
9049
9048
9047
9046
9038
9039
9032
9031
9024
9017
9016
9015
9014
9013
9012
9011
9010
9009
9023
9030
9037
9045
9053
9007
9008
8998
8991
8984
7956
8975
8967
8966
8974
8983
7957
8990
7959
8997
9006
9022
7961
9029
7963
9036
7964
9044
7965
9052
9061
9077
7966
9060
9059
7726
9076
9093
9094
9102
9101
7727
9117
9118
7971
9125
9133
9134
9126
9119
9103
9104
9105
9106
9095
9080
9079
7967
9078
9062
9063
9064
9065
9081
9082
9066
9067
9083
9084
9068
9069
9085
9086
9087
7968
9121
9112
9111
9110
9109
9108
9107
9120
9127
9135
7972
9152
9173
9182
9192
9203
9204
9205
9206
9207
9208
9202
9219
9230
9231
7975
9232
9233
9234
9235
9236
9237
9238
9221
9220
9209
9193
9194
9210
9211
9222
9239
9249
9248
9265
9266
9267
7976
9250
9240
7974
9223
9224
11225
11226
9241
9251
9269
9268
9277
9278
11227
11228
9287
9286
9302
9301
9300
9285
9276
9275
9274
9264
9247
9263
9262
9261
9260
9259
9258
9257
9256
9255
9272
7977
9271
9254
9244
9245
9228
9229
9218
9217
9216
9199
9189
9179
7973
9178
9169
7730
9168
9158
7729
9148
7728
9132
9149
9159
9160
9150
9151
9161
9170
9190
9200
9201
9191
9181
9180
9171
9172
9162
9163
9153
9136
9137
9138
9139
9140
9141
9142
9128
9129
9130
9144
9143
9154
9164
9174
9183
9184
9175
9176
9185
9195
9212
9213
9196
9186
11224
11223
11222
11221
11220
11219
9147
9146
9157
9167
9177
9166
9165
9155
9156
9145
9131
9124
11218
11217
9116
9100
9099
9115
7970
9098
9097
9114
9123
9122
9113
7969
9096
9088
9089
9073
9072
9071
9070
9054
9055
9056
9057
9075
9074
9090
9091
9092
11216
11215
9058
9050
11214
11213
9042
9034
7962
9027
11212
11211
7960
9020
9003
11210
8995
8988
11209
11208
8980
8972
11207
11206
11205
11204
8939
8955
8964
8971
8963
8954
7954
8938
7953
8922
8912
8911
8921
8920
8910
8892
8876
8875
8874
8890
8889
8873
8872
8871
8887
8888
8932
8931
8930
8946
8947
8948
8976
8968
8960
7955
8945
8929
8919
8918
8928
8944
8943
8927
8926
8917
8916
8899
8881
8865
8866
8882
8900
8901
8902
8884
8883
8867
8857
8856
8855
7951
8846
8845
8844
7721
8828
8811
7720
8803
8786
8787
8771
8763
8764
8772
8773
8765
8756
8755
8754
8745
8744
8735
7716
8718
8710
8702
7715
8686
8669
7714
8652
8635
8618
8619
8636
8637
8638
8620
8621
8622
8612
8596
8595
8611
7933
8594
8593
8610
8592
8576
8568
8577
8578
8579
8580
8581
8571
8563
8547
8548
8549
8550
8551
8528
8537
8536
8546
8562
8570
8569
7930
8561
8545
8535
8544
8543
8560
7713
8559
8542
8533
7712
8534
8525
7928
8517
7711
8516
8507
7710
8508
8499
8491
8490
7709
8498
15313
12467
12483
15314
15315
12499
12515
15316
15317
15318
12546
12531
12530
12529
12544
12545
12561
12562
15319
15320
12578
15321
12594
12610
12628
12609
11686
12592
12593
12577
12576
12560
12543
12528
12512
12496
12481
12497
12513
12514
12498
12482
12466
12451
12452
15312
15311
12436
12435
12434
12450
12465
12464
12480
12479
12495
12494
12510
12511
12527
12542
12558
12559
12575
12591
12608
12623
11688
12639
11689
12656
11691
12672
12689
12688
11692
12705
12706
12707
12690
12673
12674
12657
12641
11690
12658
12675
12692
12691
12708
12723
12722
12721
12720
12687
12671
12655
12654
12653
12652
12636
11687
12619
12603
12586
12570
12554
12538
12523
12507
12491
12475
12459
12444
12428
12413
12397
12398
12382
12364
12363
12347
12346
11677
12333
12334
12318
12319
12320
11675
12335
12348
12349
12350
12351
12337
12336
12322
12321
12303
12288
12258
12274
12273
12272
12287
12271
12286
12302
12301
11673
12317
12316
12332
12345
12360
11679
11678
12359
12344
12330
12331
12315
12300
12284
12299
12314
12313
12312
12329
11488
12343
12358
12374
12375
12391
12392
12376
12377
12378
12394
12393
12409
12408
12407
12390
11489
12406
12422
11490
12437
12438
11683
12453
12469
12485
12501
12502
12486
12487
12503
12504
12488
12472
12471
12470
12454
12439
12423
11682
12424
12440
12441
12425
12410
12411
12395
12379
12380
12381
12396
12412
12427
12426
12442
12443
12458
12457
12456
12455
12473
12489
12474
12490
12506
12505
12521
12522
12537
12536
12553
12552
12551
12550
12566
12567
12568
12569
12585
12601
12602
12618
12617
12635
12651
12650
12665
12682
12700
12683
12666
12667
12684
12701
12717
12716
12715
11693
12699
12698
12681
12664
12648
12649
12634
12616
12615
12633
12632
12614
12598
12599
12600
12584
12583
12582
12581
12597
12613
12612
12630
12645
12646
12631
12647
12663
12662
12661
12678
11498
12677
12660
12644
12629
12611
12595
12596
12580
12579
11497
12563
11496
12547
11495
12548
12564
12565
12549
12534
12535
12520
12519
12518
12533
12532
11684
12517
12516
11494
12500
11493
12484
11492
12468
11491
20307
16611
16604
16587
20306
16578
15782
16569
16568
16559
16560
16551
16552
16561
16570
20305
20304
20303
16543
15780
16535
20302
20301
16527
16519
20300
15779
16504
16503
16502
16488
16480
15775
16464
15774
16448
16449
16440
16441
15773
20298
20299
16489
15776
16481
16465
16487
16486
16479
16463
16462
16478
16477
16461
16460
16459
16458
16474
16494
16495
16496
16475
16476
16497
16498
16499
16509
16500
16501
16510
16511
16518
16517
16516
16524
16525
16526
16534
16542
16541
16533
16532
16540
16548
16549
16550
16558
16557
16566
16567
16576
16577
16586
16603
16610
16609
16602
16585
16584
16583
16575
16601
16608
16607
16600
16599
16598
16597
16596
16595
16594
16593
16582
15783
16574
16565
16556
16547
16539
16531
16523
16515
16508
16493
15778
16471
16472
16473
16457
16456
16455
16454
16453
16445
16444
16452
16451
16443
16434
16433
15600
16442
16450
16466
15601
16482
16483
16467
16468
16490
15602
16505
15603
16512
16513
16506
16491
15777
16484
16470
16469
16485
16492
16507
16514
16522
16530
16538
16546
16545
16537
16529
16521
15604
16520
15605
16528
15606
16536
15607
16544
15608
16553
15609
16562
16571
16572
15781
16563
16554
16555
16564
16573
16591
16592
16606
16615
16631
16640
16649
16657
16666
16675
15788
16674
16673
16664
16665
16656
16648
16647
16655
15787
16646
15614
16637
15613
16628
15612
16612
15611
15785
16605
16613
16629
16638
16639
16630
16614
15786
16590
16589
16581
16580
15784
16588
15610
16579
25214
21617
21634
21644
25215
25216
21654
25217
21664
25218
25219
25220
21701
21691
21690
20762
21681
21682
21683
21673
21672
21663
21653
21643
21642
21652
21662
21671
21670
21669
21679
21688
21680
21689
20766
21714
21706
21697
21698
21699
21700
20764
21709
21718
21717
21716
21708
21707
21715
21733
21732
21750
21749
21731
21748
21730
21729
21728
21746
21747
21772
21759
21760
21761
21751
21752
21734
21735
21736
20767
21754
21753
21762
21777
21776
21775
21774
21773
21790
21789
21788
21771
21770
21769
21768
21785
20770
21786
21787
21812
21813
21814
21815
21816
21833
21832
21831
21830
21846
21863
21864
21847
21848
21865
21866
21849
21850
21867
21876
21877
21868
20777
21869
21852
21851
21834
21835
21818
21817
21801
21791
21792
21793
21803
21802
21819
21836
21820
20771
21794
21778
21779
21795
21804
21821
21837
21854
21853
21870
21871
21878
21893
21908
21917
21927
25221
25222
21937
21945
21935
21936
21926
21925
21916
20780
21906
21907
21892
21891
21890
21889
21904
21905
21915
21924
21934
21933
21923
21914
21903
21913
21922
21932
21942
21943
21944
21954
21953
21952
21962
21963
21964
20782
21979
21988
21997
22014
20785
22015
21998
21989
20784
20783
21980
21965
20781
21955
21956
21946
21947
25223
25224
21957
21966
21981
21990
25225
22000
21999
20786
22016
22032
22031
22030
22029
22028
22039
20790
22027
22026
22012
22013
21996
21987
21978
21977
21976
21975
21974
21973
21972
21961
21951
21941
21931
21921
21912
21898
21899
21900
21901
21902
21888
21887
21886
21885
21884
21883
21897
20779
21882
20778
21875
20776
21858
21859
21860
21861
21862
21845
21829
21828
21844
21843
21827
21811
21810
21809
21800
21783
21784
21767
21758
21742
21743
21744
21745
21727
21726
21725
21695
21713
21724
21757
21766
20769
21765
20768
21756
21764
21781
21782
21798
21799
21807
21808
21825
21826
21842
21841
21840
21824
21806
21797
20772
20773
21823
21839
20774
20775
21856
21857
21874
21873
21880
21895
21881
21896
21910
21911
21920
21930
21919
25662
26870
26869
26877
26880
26892
26891
26890
26889
26888
26887
26886
25664
26879
26872
26864
26857
26841
25659
26833
26834
26824
26815
26806
26797
26796
26805
26814
26823
26822
26813
26804
26795
26786
26777
26778
26787
26788
26779
26770
26769
26768
26751
26734
26717
26699
26700
25649
26718
26735
25650
25651
26752
26753
26754
26755
26756
26739
26738
26737
26736
26719
26701
26683
26684
26702
26703
26720
26721
26704
26705
26722
26723
26724
26707
26708
26725
26726
26743
26742
26741
26740
26757
26758
26759
26771
26760
26727
26709
26691
26676
26677
26669
25647
26654
26646
26647
26648
26632
26626
26621
26615
26609
26603
26596
26581
26582
26590
26597
25644
26604
26598
30107
26592
26585
26584
26591
25642
26583
26567
26568
26569
30106
26553
26552
25639
26546
26540
30105
30104
26534
25638
25637
26507
26501
26495
30103
30102
26489
25634
26488
26494
26500
25635
25636
26506
26523
26528
26527
26532
26533
26539
26538
26544
26545
26551
26550
26566
26565
26564
26549
26543
26537
26531
26526
26520
26521
26522
26505
26499
26493
26487
26471
26455
26456
26451
26446
26445
26440
26434
26427
26421
26420
26402
26401
26419
26426
26433
26439
26444
26449
26454
26469
26470
26486
26485
26492
26498
26504
26519
26518
26517
26516
26515
26514
26513
26512
26511
26510
26509
26508
25450
26524
25451
26529
25452
26535
25453
26541
25454
26547
25455
26554
35232
35231
31625
31624
31623
31657
31658
31666
31673
31682
31681
31680
31672
31665
31664
31671
30555
31679
31691
31690
31689
31697
31698
31699
31707
31706
31713
31721
31733
31732
31731
31730
31729
31728
31727
31726
31741
31748
31758
31759
31776
31775
31757
31747
31740
30557
31694
31686
31676
31668
31677
31687
31695
31703
31710
31718
30558
31725
31719
31711
31704
31696
31688
31678
30554
31670
31669
31662
31663
31648
31647
31630
31593
31567
31566
31581
31591
31590
31601
31600
31599
31589
31579
31580
31565
31548
31538
31528
31521
31504
31503
31520
31519
31526
31527
31537
31536
31546
31547
31564
31563
30334
31578
30335
31588
31598
31615
30336
31616
31617
31645
31646
30552
31661
31659
40673
36757
36773
36772
36744
36743
36756
36755
36771
36787
36786
36753
36740
36724
36725
36709
36710
36698
36685
36654
36641
36612
36611
36627
36628
36640
36639
36652
36653
36666
36683
35656
36684
36697
36696
36708
35659
36695
36694
36707
36722
36723
36739
36738
36752
36766
36765
36764
35664
36736
36737
36721
36720
36719
36735
36734
36718
36717
36733
36732
36751
36750
36763
36762
35666
36777
36778
36796
35667
36779
36780
36781
36782
36797
36814
36813
36812
36811
36825
36810
36809
36824
36823
36808
36795
36794
36805
36792
36775
36759
36758
36774
36791
36790
36803
36804
35669
36820
36832
36844
36856
36891
35468
36890
36879
35670
36868
35467
36867
36855
35466
36843
35465
36831
35464
46208
42246
42245
42236
42237
46207
46206
42228
42219
46205
46204
42210
42201
42200
42191
42190
42189
41072
42199
42208
42209
42218
42217
42226
42227
42235
42244
42254
42255
42256
42266
46209
46210
42276
42275
42265
42264
42274
42285
42284
42293
42303
42304
42294
42295
42286
46211
46212
46213
42305
42319
42318
42317
42328
42327
42316
42314
42313
41082
42325
42340
42339
42356
42372
42371
42355
42338
42354
42337
42336
42335
42323
42324
42312
41081
42301
42300
42299
42311
42310
42309
42322
42333
42334
42351
42367
42366
42350
42349
42365
42383
42382
42364
42348
42331
42332
42321
42296
40879
42287
41080
42277
40878
42267
40877
42257
40876
42247
42238
41077
42229
42220
42211
42202
42193
42183
42173
42162
42163
42164
42151
41066
42136
41064
42121
41062
42122
42111
41059
42095
42096
42084
42083
42072
42071
42070
42082
42094
42093
41058
42081
41057
42069
42057
42056
42055
42043
42028
42012
41996
41978
41962
41953
41942
40875
41932
40874
41922
40873
41912
40872
41902
41903
41887
41886
41870
41853
41836
41837
41826
41827
41828
41817
41802
41803
41787
41786
41771
41772
41773
41774
41775
41790
41033
41805
41791
41776
41777
41792
41806
41807
41808
41794
41779
41778
41793
41760
41759
41743
41729
41728
41727
41027
41742
41758
41757
41028
41756
41755
41754
41770
41785
41801
41800
41816
41815
41825
41814
41799
41783
41784
41769
41768
41753
41737
41721
41738
41739
41740
41741
41725
41726
41716
41024
41706
41705
41704
41713
41714
41715
41724
41723
41722
41712
41711
41703
40871
41686
40870
41023
41687
41680
41681
41688
41689
41690
41691
41692
41693
41694
41695
41696
41697
41707
41717
41733
41732
41731
41730
41744
41745
41761
41780
41795
41809
41821
41822
41833
41832
41849
41848
41865
41864
41847
41846
41863
41862
41879
41880
41881
41897
41896
41895
41894
41893
41917
41927
41948
41958
41969
41970
41971
41972
41988
41973
41974
41990
41989
42007
42008
42009
41991
41992
42010
42026
42027
42042
42054
42066
42079
42078
42065
42053
42041
42052
42064
42077
42089
42088
42087
42086
42074
41056
42061
42062
42049
41052
42037
42022
42023
42024
42038
42050
42063
42075
42076
41054
42051
42039
42040
42025
42011
41993
41975
41046
41959
41949
41047
41976
41994
41048
41995
41977
41961
41952
46199
41941
41940
41951
41960
41045
41950
41939
41043
41042
41929
41919
41909
41910
41920
41930
41931
41921
46198
41911
46197
46196
41901
41900
41899
41040
41898
41882
41866
41850
41867
41039
41883
41884
41885
41869
46195
46194
41835
41852
41868
41038
41851
41037
41834
41036
41823
41824
46193
41813
41798
46192
41030
41782
41797
41812
41811
41810
41796
41031
41781
41029
41765
41764
41763
41762
41746
41747
41748
41749
41734
41025
41718
41750
41766
41767
41751
41752
41736
41735
41026
41719
41720
41710
41701
41702
46190
46191
46189
41678
46188
41660
41677
41685
41684
41683
41699
41700
41709
41708
41698
41682
41674
41675
41676
41659
41658
41651
41645
41638
41631
41624
41618
41611
41604
41596
41588
41597
41605
41612
41619
41625
41632
41639
41646
41652
41022
41653
46187
46186
46185
46184
46183
46182
46181
41598
41019
41590
41589
41581
41582
41583
46180
41566
41550
41532
41533
46179
46178
46177
46176
41526
41525
41524
41531
41549
41565
41564
41580
41579
41578
41587
41595
41603
41610
41617
41623
41630
41637
41644
41650
41657
41673
41672
41671
41670
41669
41668
41667
41666
41665
41664
41656
41655
41663
41662
41679
40869
41661
41654
40868
41647
41641
41640
40867
41633
40866
41626
40865
41634
41627
41628
41635
41642
41648
41021
41649
41643
41636
41629
41622
41621
41020
41620
41614
40864
41613
41606
40863
41599
40862
41607
41608
41615
41616
41609
41602
41594
41586
41569
41568
41567
41018
41584
41585
41593
41601
41600
41592
40861
41591
40860
41551
41534
41535
41552
41553
41536
41537
41538
41554
41570
41571
41572
41557
41573
41574
41558
41559
41575
41576
41577
41561
41562
41563
41545
41560
41544
41543
41542
41541
41540
41556
41555
41539
41017
41528
41527
41519
40859
41520
41521
41513
41512
41016
41505
41506
41490
41489
40858
47148
47133
47132
47131
47130
47129
47128
47127
47126
47125
47124
47123
47122
47121
47120
47136
47137
47138
47139
47140
47141
47142
47143
47144
47145
47146
47152
46601
47169
47176
47177
47178
51139
47186
47202
47201
47211
47221
47222
47212
51140
51141
51142
47232
47231
47240
47241
51143
47250
47261
47260
47271
47272
51144
51145
47283
47294
51146
51147
47304
51148
47315
47331
47330
47329
46610
47312
47301
47291
47292
47302
47313
47314
47303
47293
47282
47281
47280
47269
47270
47249
47230
47229
47227
47226
47216
47217
47207
47206
47190
46604
46605
47191
47192
47193
47194
47195
47196
47197
47198
47208
47209
47199
47182
47183
47175
46603
47168
47167
47166
47165
47164
47163
47162
47161
47160
47159
47174
47181
47189
47205
47204
47188
47180
47179
46403
47187
47203
46404
46405
47213
47214
47215
47225
47235
47236
47237
47246
47245
47255
47256
47267
47278
47277
47266
47265
47254
47244
47243
47234
47224
47223
46406
46407
47233
46607
47242
56725
56726
52243
52253
56727
56728
52263
52262
52261
52251
52252
52242
52241
52232
52240
52250
52260
52259
52269
52278
52295
52294
52293
52292
52249
52239
52230
52231
52220
52221
52222
52223
52233
52234
52224
56724
56723
52214
52204
52196
56722
56721
52189
52195
52194
51603
52202
52203
52213
52212
52211
52210
52201
52193
52186
52179
52172
52165
52157
52148
52147
52131
52132
52115
52107
52130
52146
52145
52129
52128
52144
52143
52127
52126
52142
52141
51597
52140
52139
52138
52156
52164
52171
52170
52177
52184
52178
52185
52192
51602
52209
52219
52218
52208
52200
52199
52207
52206
52216
52217
52227
52228
52229
52238
52237
52236
52246
52247
52248
52258
52268
52277
52276
51605
52267
52257
52256
52255
52265
52266
52285
52304
52286
52287
52305
52306
52288
52307
52289
52290
52308
52291
52309
52310
52311
52312
51608
52322
52332
52333
52344
52355
52371
52370
52369
52384
52394
52404
52421
52422
52431
52440
52449
52458
52467
52476
52490
52489
52488
52487
52486
52485
52484
52475
52466
52457
52448
52439
52430
52415
52416
52417
52418
52419
52420
52383
52368
52367
52382
52381
52366
52380
52379
52364
52365
51609
52352
51611
52363
51613
52393
52403
52414
52429
52438
52437
52428
52427
52411
52410
52436
52447
52446
52445
52454
52463
52455
52456
52465
52464
52481
52499
52507
52506
51620
52498
52497
52471
51412
52462
51411
52453
51410
52444
51409
52435
51408
52426
51407
52409
52399
52389
52375
52359
52348
51406
52337
52338
52327
51405
52318
52300
52283
51404
52274
52301
52319
52329
52328
52339
52340
52350
52349
51610
52360
51612
52376
51614
52390
51615
52400
52401
52412
52413
52402
52392
52391
52377
52378
52361
52362
52351
52341
52330
52321
52320
51607
52303
52302
52284
51606
52275
52264
51403
52254
51402
52244
51401
52245
52235
51604
52226
52225
51400
52215
51399
52205
51398
52197
52198
52191
51601
52190
52183
51397
52176
51600
52169
51599
52162
51396
52161
52153
52154
52163
52155
52137
52121
52122
52123
52124
52125
51593
52084
52077
52071
52064
52057
52056
52063
51589
52070
51590
52076
51591
52083
52090
51592
52091
52098
52097
52104
51594
52105
52106
52114
52113
52112
51595
52111
52120
52136
51395
52119
52103
52096
52089
52082
52069
52062
51588
52055
51394
52054
52048
51586
52042
51393
52026
52027
52011
52010
52004
52005
51988
51580
51972
51971
51973
51974
51975
51976
51977
51978
51993
51992
51991
51990
51989
51581
52006
52012
52029
52028
52043
52049
52050
52044
52030
52013
52014
52031
52032
52015
52016
52033
52034
52035
52018
52017
51995
51994
51979
51980
51981
51996
51997
51982
51983
51984
51985
52001
51986
51969
51963
51958
51952
51959
51953
51947
51948
56704
56705
51954
51576
51578
51964
51579
51970
51987
52003
52002
52008
52009
56706
51585
52025
52041
51584
52024
51583
52023
52007
51582
52000
51999
51998
52021
52020
52019
52036
52037
52038
52039
52022
52040
52045
52051
52052
52046
52047
56707
56708
52053
52061
52060
52067
52074
52080
52087
52086
52079
52073
52066
52059
52058
51587
52065
52072
52078
52085
52092
52099
52093
52094
52101
52100
52108
52109
52117
52116
51596
52133
52150
52149
51598
52158
52159
52166
52167
52174
52173
52180
52187
52188
52181
52182
56720
56719
52175
52168
56718
52160
52152
52151
52134
52135
56717
56716
52118
52110
56715
56714
52102
52095
56713
56712
52088
52081
56711
56710
52075
52068
56709
47094
46402
47072
47073
46590
47089
47095
46591
47100
46592
47105
46593
47110
46595
47114
46596
47118
46598
47134
47150
47149
47155
47156
46602
47172
47173
47157
47158
47151
46600
47135
46599
46597
47119
47115
47111
47106
47101
47096
47090
47075
47076
47077
47078
47079
47080
47081
47082
47083
47084
47085
47086
47087
47070
47069
47067
47066
47065
47064
47063
47062
47061
47060
47059
47058
47057
47056
47055
47054
47074
47068
46401
47052
47053
47049
46588
47033
47032
47014
47009
46400
47005
46399
47001
46398
46997
46981
46976
46397
46972
46956
46951
46946
46947
46942
46941
46936
46931
46932
46937
46581
46957
46958
46959
46960
46961
46962
46963
46964
46965
46966
46967
46968
46969
46970
51125
51124
46954
46949
46944
46939
51123
51122
46934
46933
46938
46943
46579
46580
46948
46953
46952
46573
46575
46577
46928
46925
46922
46921
46924
46927
46392
46930
46393
46935
46394
46940
46395
46945
46950
46955
46396
46971
51575
51574
56703
56702
51905
51920
51919
51918
51917
51916
51915
51914
51913
51912
51911
51910
51909
51925
51926
51927
51928
51929
51930
51931
51932
51933
51934
51935
51936
51946
51941
51942
51937
51573
51921
51904
51572
51901
51898
51571
51895
51570
51891
51890
51889
51888
51887
51886
51885
51884
51883
51882
51881
51880
51879
51878
51569
51894
51897
51900
51903
51908
51907
51923
51924
51939
51940
51945
51944
51950
51951
51957
51956
51961
51577
51962
51968
51967
51966
51965
51392
51960
51955
51391
51949
51390
51943
51389
51938
51388
51922
51906
51902
51387
51899
51386
51896
51385
51893
51384
51877
51383
51874
51382
51871
51381
51868
51380
51866
51379
51864
51378
51862
51377
51860
51376
51875
51892
51876
56701
56700
51873
51872
51869
51870
56699
51867
51568
51865
56698
56697
51863
51861
56696
46866
46883
46900
46391
46917
46918
46901
46884
46867
46868
46885
46902
46903
46904
46905
46906
46889
46888
46887
46886
46869
46870
46871
46872
46873
46890
46907
46908
46891
46892
46909
46910
46893
46874
46875
46876
46877
46894
46895
46911
46912
46913
46914
46915
46898
46897
46896
46878
46879
46880
46881
46882
46571
46899
46572
46916
46919
46923
46576
46578
46929
46926
46574
46920
51121
51120
51119
51118
40844
40843
40842
40841
607
609
40603
40604
40605
40606
40607
40608
40609
40610
40611
40612
40613
40614
40615
40616
40617
40618
40619
40620
40621
35935
35952
35610
40622
40623
35955
35954
35973
40624
35976
35612
35613
35614
35978
35975
35972
35971
35970
35969
35968
35967
35966
35965
35964
35963
35962
35961
35960
35959
35611
35957
35958
35938
35939
35940
35941
35942
35943
35944
35945
35946
35947
35948
35949
35950
35951
35933
35932
35931
35930
35929
35928
35927
35926
35925
35924
35923
35922
35921
35920
35919
35937
35936
35433
35953
35956
35434
35974
35977
35979
35980
35981
35997
35996
35995
36011
36027
36028
36043
36059
36076
35435
36077
36060
36044
36045
36046
36062
36061
35619
36064
36063
36047
36048
36032
36031
36030
36029
36012
36013
36014
35998
35982
35983
35999
36015
36016
36017
36033
36049
36065
36066
36050
36034
36018
36002
36001
36000
35984
35985
35986
36003
35987
35988
35989
36005
36006
35990
35991
36007
35992
36008
36009
35993
35994
36010
36026
36042
36058
36057
36041
36025
36024
36040
36056
36055
36039
36038
36054
36053
36052
36036
36037
36023
36022
36021
36020
36004
36019
36035
36051
36067
36068
36069
36070
36071
36072
36073
36074
36090
36086
40631
36083
40630
40629
36080
36078
40628
40627
36075
35618
35617
40626
35616
35615
40625
30312
30311
30828
30829
30845
30847
30485
30849
30852
30851
30313
30867
30868
30488
30884
30490
30900
30491
30904
30493
30908
30909
30905
30910
30906
30902
30901
30885
30869
30486
30853
30870
30487
30489
30886
30887
30871
30854
30855
30856
30873
30872
30888
30889
30890
30891
30892
30876
30875
30874
30857
30858
30859
30860
30877
30878
30894
30893
30938
30939
30940
30963
30968
30501
30984
30990
31007
30504
30964
35197
35196
35195
25957
25941
25938
25420
25419
25917
25418
25932
25935
25945
25961
25960
25944
25943
25942
25958
25602
25974
25603
25959
25975
25991
25604
26007
26006
25421
25990
25422
26028
25423
26029
25605
26045
26046
26047
26048
26049
26050
26035
26036
26051
26052
26037
26053
26038
26017
26018
26001
26000
25999
26016
26015
26014
25997
25998
25983
25984
25969
25968
25967
25982
25981
25966
25965
25980
25996
26013
26034
26033
26032
26031
26030
26023
26008
25976
25977
25994
25993
25992
26009
26010
26011
26012
25995
25979
25978
25963
25962
25946
25947
25964
25948
25949
25950
25951
25952
25953
25954
25970
25985
25986
25987
25988
25973
25956
25601
25940
25937
25934
25972
25971
25955
25939
25936
25933
25930
25929
25928
25927
25926
25925
25924
25923
25922
25921
25920
25919
25918
25915
25417
25416
25913
25599
25911
25415
25909
25414
25413
25412
25888
25889
25890
25891
25892
25893
25894
25895
25896
25897
25898
25899
25900
25901
25902
25397
25398
25399
25400
25401
25402
25403
25404
25405
25406
25407
25408
25409
25410
25411
35191
35190
30794
30792
35189
35188
30790
30788
35187
35186
30786
30784
35185
35184
30782
30780
35183
35182
30778
30776
35181
35180
30774
30772
35179
35178
30770
30768
35177
35176
30766
30764
35175
35174
30762
30760
35173
35172
30758
30756
35171
30754
35170
25390
25391
25392
25393
25394
25395
25396
25866
25867
25868
25869
25870
25871
25872
25873
25874
25875
25876
25877
25878
25879
25880
25881
25882
25883
25884
25885
25886
25887
25903
25904
25906
25907
25908
25910
25912
25914
25916
25931
25600
30065
30066
30067
30068
30069
30070
30071
30072
25989
30073
26027
26022
26005
26004
26021
26020
26003
26002
26019
26024
26040
26039
26054
26055
26056
26041
26042
26025
26026
26043
26057
26061
26066
26072
26073
26080
26079
26078
26084
26090
26095
26096
26091
26085
26086
26092
26097
26103
26102
26101
26107
26108
26109
26115
26114
26113
26131
26132
25610
26137
26138
30084
26133
25609
26116
30083
30082
26110
26104
30081
30080
26098
26093
30079
30078
26087
26081
30077
30076
26075
26074
26068
26067
26062
26063
26058
26059
26044
30074
26064
26069
30075
20538
20537
21057
21059
20719
21066
21063
21062
21061
20539
21065
21068
20540
21071
21072
20720
21088
21073
21069
21074
21089
20721
21094
21075
21076
21077
21078
21079
21080
21081
21082
21083
21084
21085
21086
21087
21070
21067
21064
21060
21058
21056
21054
21053
21052
21051
21050
21049
21048
21047
21046
21045
21044
21043
21042
21041
21040
21055
20536
21039
21038
20535
20534
21037
21036
20533
20532
21035
21034
20531
20530
21033
21032
20529
20528
21031
21030
20527
20526
21029
21028
20525
30064
30063
30062
30061
30060
25905
30059
30058
30057
30056
30055
30054
30053
30052
30051
30050
30049
30048
30047
30046
30045
30044
30043
30042
30041
30040
30039
30038
20502
20987
20503
20988
20989
20504
20505
20990
20991
20506
20507
20992
20993
20508
20509
20994
20995
20510
20511
20996
20997
20512
20513
20998
20999
20514
20515
21000
21001
20516
20517
21002
21003
20518
20519
21004
21005
20520
20521
21006
21007
20522
20523
21008
21009
20524
21027
21010
21011
21012
21013
21014
21015
21016
21017
21018
21019
21020
21021
21022
21023
21024
21025
21026
25163
25164
25165
25166
25167
25168
25169
25170
25171
25172
25173
25174
20718
25175
25176
25177
25178
25179
25180
25181
25182
25183
21091
21090
20722
21095
21101
21102
21109
21108
21115
21121
21128
21134
21139
21143
20727
21159
21158
21157
21174
21175
21176
21177
21195
21194
21193
21192
21191
21190
21173
21172
21156
21155
21171
21189
21188
21187
21186
21185
21184
21166
21167
21168
21169
21170
21154
21153
21152
21151
21150
20724
21127
21120
21113
21114
21107
21100
21099
21106
21105
21098
21093
21092
20541
21097
20542
21104
21111
20543
21112
21118
20723
21119
21126
21125
20544
21124
21131
20545
21136
21141
21145
21161
21137
21132
21133
21138
20726
21142
21147
21146
21162
21163
21164
21148
21149
21165
21183
21182
21181
21180
21198
21201
21204
21207
20728
21210
20729
21213
20730
21216
20731
21219
21222
21242
21241
21258
20551
21260
20552
21277
20553
21278
21281
21280
21284
21285
21286
21287
21288
21289
21290
21307
21306
21305
21304
21303
21302
21319
21323
21327
21301
20554
21318
20555
21322
20556
21326
21330
20557
21331
21347
21346
21364
20558
21365
21367
21368
21386
21385
21400
21399
21416
21417
20740
21401
21402
21403
21388
21387
21369
21370
21371
21372
21373
21356
21355
21389
21404
21405
21406
21390
21391
21392
21407
21408
21393
21377
21360
21359
21358
21340
21341
21342
21328
21324
21320
21317
21300
21299
21316
21315
21314
21298
21297
21296
21313
21312
21311
21310
21309
21308
21291
21292
21293
21294
21295
21270
21271
21272
21273
21274
21275
20734
21279
21276
21259
25203
25202
25201
25200
21223
21220
25199
25198
21217
21214
25197
25196
21211
21208
25195
25194
21205
21202
25193
25192
21199
21196
21178
21160
25191
25190
21144
21140
25189
21135
20725
21129
21122
21116
21117
21110
21103
21096
25184
25185
25186
25187
21123
21130
25188
16139
15575
16140
15576
16142
15577
16145
16150
16166
15578
16149
16165
16169
16173
15579
16191
15580
16207
15581
16212
15582
16217
15583
16223
15584
16229
15585
16235
15586
16241
15587
16248
15588
16255
15589
16262
15590
16269
15591
16275
15592
16281
16287
16303
15593
16310
15594
16316
15595
16323
15596
16330
16337
16355
16338
16356
16372
16371
15597
16389
15768
16390
16373
16357
16358
16340
16339
16331
16332
16333
16326
16319
16318
16325
16324
16317
16311
16305
16304
16288
16289
16282
16276
16270
16263
16256
16249
16242
16236
16230
16224
16218
16213
16214
16219
16225
16231
16237
16243
16250
16257
16264
16271
16277
16283
16312
16313
16306
15765
15764
16290
16291
16292
16293
16294
16295
16296
16297
16298
16284
16299
16307
16314
16308
16315
16321
16320
16327
16328
16335
16334
16351
16352
16368
16367
15767
16350
16349
16348
16366
16365
16381
16382
16383
16384
16401
16402
16385
16369
16387
16386
16403
16414
16413
16429
16428
16412
16411
16400
16399
16398
16397
16396
16380
16364
16347
16346
16345
16363
16379
16378
16395
16394
16377
16361
16362
16344
16343
16342
16341
16359
16360
16376
16393
16392
16375
16374
16391
16409
16408
16407
15598
16406
15599
16416
16417
16418
16435
16436
16419
15770
16410
16420
15771
16421
16422
16423
16424
16425
16426
16427
15772
16437
16446
16447
16438
16439
16430
16431
16432
16415
15769
16404
16405
16388
16370
16354
16353
16336
20297
20296
16329
16322
20295
15766
16309
20294
20293
20292
16280
16286
16302
16301
16300
16285
16279
16278
16272
16273
16266
16265
16258
16251
16244
16238
16239
16245
16246
16253
16252
16259
16260
16267
15763
16274
16268
20291
20290
16261
16254
20289
20288
16247
16240
15762
15761
16234
16228
15760
16222
20287
16216
16211
16206
16205
15758
16221
16227
16233
16232
16226
16220
15759
16215
16210
16204
16203
16202
16201
16200
16199
16198
16197
16196
16195
16179
16178
16194
16193
16177
16176
16175
15757
16192
16209
16208
16174
15755
16170
16167
16180
16181
16182
16183
16184
16185
16186
16187
16188
15756
16171
16189
16190
16172
16168
20286
16164
16163
16162
16161
16160
16159
16158
16157
16156
16155
16154
16153
16152
16151
15754
16147
16146
16143
16144
16141
16138
16136
16133
16132
16137
15752
16135
15574
16134
16131
15573
16128
15572
16125
15571
16126
16129
16130
16127
16124
15751
16123
16121
15570
15569
16119
16117
15568
15567
16115
16116
16118
16120
16122
16148
20285
15753
20284
20283
20282
20281
20280
20279
20278
20277
20276
20275
20274
20273
20272
20271
20270
20269
20268
20267
20266
20265
20264
20263
20262
20261
20260
20259
20258
16082
16081
16080
16079
16078
16077
16076
16075
16074
16073
16072
16071
16070
16069
16068
16067
16064
16063
15550
15549
16061
16062
16060
16058
16056
16055
15546
15545
16053
16054
16052
16050
16048
16046
16045
16043
15540
15541
16041
15539
15538
16039
16037
15537
15536
16035
16033
15535
15534
16031
16029
15533
15532
16027
16028
16030
16032
16034
16036
16038
16040
16042
16044
16047
15542
15543
16049
16051
15544
15547
16057
16059
15548
16022
16024
16026
16025
15531
15530
16023
16021
15529
25141
25142
25143
25144
25145
25146
25147
25148
25149
25150
25151
25152
25153
25154
25155
25156
25157
25158
25159
25160
25161
25162
15555
16091
16093
15556
15557
16095
16096
16094
16092
16098
16100
16102
16101
15560
15559
16099
16097
15558
15561
16103
16104
16106
16105
15562
15563
16107
16109
15564
15565
16111
16113
15566
16114
16112
16110
16108
15552
16085
16087
15553
15554
16089
16090
16088
16086
16084
16083
15551
16065
16066
20257
20256
20255
20254
20253
20252
20251
20250
20249
20248
20247
20246
20245
20244
20243
20242
20241
20240
20239
20238
20237
20236
11424
11854
11425
11855
11426
11856
11427
11857
11428
11858
11429
11859
11430
11860
11431
11861
11432
11862
11433
11863
11434
11864
11435
11865
11436
11866
11437
11867
11438
11868
11439
11869
11440
11870
11441
11871
11442
11872
11443
11873
11444
11874
11445
11875
11641
11446
11447
11448
11449
11450
11451
11452
11453
11454
11455
11456
11457
11458
11459
11460
11461
11462
11463
11464
11465
11642
11896
15279
15280
11898
11899
15281
15282
11901
11903
15283
15284
11905
11907
15285
15286
11909
11977
11983
11998
11997
11996
11995
11994
11993
11992
11990
11988
12012
12019
12025
12034
12066
12074
12089
12090
12091
12075
12067
12068
12076
12077
12078
12079
12094
12095
12096
12113
12112
12111
12125
12133
11663
12110
12093
12092
12109
12132
12124
11662
12108
12107
12106
12123
12130
12131
12138
12156
12165
11481
12181
11482
12192
11483
12203
11484
12214
12225
12237
11485
12253
11486
12265
11487
12282
12297
12298
12283
12266
12254
12267
12255
12256
11671
12268
12269
11672
12285
12270
12257
12241
12240
11670
12228
12227
12239
12238
11669
12226
11667
12215
12204
12205
12216
12217
12206
12195
12194
12193
12182
12183
12184
12170
12169
12168
12167
12166
12157
12139
12140
12158
12159
12141
12142
12143
11664
12160
12144
12145
12146
12147
12148
12149
12150
12151
11665
12161
12162
12178
12179
12180
15302
8325
8329
8333
8337
8341
7701
8355
7702
8358
15307
12252
12251
12250
12234
12235
12236
12224
15306
15305
12213
12202
15304
15303
12191
12190
12189
12188
12187
12198
12199
12200
12201
12212
12223
12222
12221
12210
12209
12220
12232
12233
12249
12261
12260
12248
12247
12231
12230
11668
12219
12208
12197
12186
12175
12174
12173
12172
12171
12185
12196
12207
12218
12229
12242
12243
12244
12245
12246
12259
12275
12276
12291
12263
12264
12281
12280
12295
12310
12309
12294
12293
12308
12326
12327
12340
12339
12338
11676
12324
12323
12305
12290
12289
12304
12362
12361
12680
12679
12696
12697
12714
12730
12729
12713
12712
12695
12694
12711
11499
12727
12728
12760
35814
39052
35541
39043
35540
39034
35539
39018
39019
39008
35811
38998
38999
38986
38987
38971
38972
38988
39001
39000
39011
39022
39023
39037
39046
39055
39063
39072
39081
39089
39097
39111
39112
39113
39098
39090
39082
39073
39064
39056
39047
39038
39026
39025
39024
39012
39002
38989
38957
38939
38924
38912
38956
38955
38970
38969
38954
38953
38985
38984
38997
35538
38983
38968
35537
38952
38935
35536
38919
44421
44420
44412
44413
44397
44380
44396
44379
44378
44377
44360
44361
44353
44346
44345
44352
44376
44393
44409
44408
44392
44375
44374
44391
44390
44406
44407
44418
44431
44432
44433
41228
44444
44454
44471
44455
44472
44473
44456
44446
44445
44434
41224
44410
44394
44395
44411
44419
44435
44436
44437
44447
46314
44457
44474
46315
44482
44481
44480
44489
44498
44507
44516
44517
44518
44509
44508
44499
44490
44491
46316
46317
44500
46318
46319
46320
44526
46321
44535
44551
44550
44534
44525
44524
44533
44549
44548
44555
44570
44569
44587
44588
44589
44607
44608
44609
44610
46323
44618
44627
44626
44636
44648
44637
46324
44649
44666
44682
44681
44665
44664
44647
44635
44625
41236
44616
44617
44590
44571
44572
44556
44557
44573
44591
44592
44574
44558
46322
35542
39069
35543
39078
35544
39086
35545
39094
39102
39103
39104
39121
39120
39119
39118
35546
39136
35547
39143
35548
39159
39160
39178
39179
39180
39181
39191
39190
39201
39202
39213
39214
39215
39228
39240
39217
39216
39203
39192
39182
39172
39163
39148
39149
39150
39151
39152
39164
39173
39183
39193
39204
39218
39219
39229
39241
39253
39269
39268
39267
39266
39252
39265
39279
39264
39251
39239
39227
39238
39237
35825
39249
39261
39262
39250
39263
39278
39260
39276
39277
39288
39289
39298
39307
39324
39325
39308
39309
39290
35830
39299
39310
39311
39312
39313
39330
39329
39328
39327
39342
39326
39341
35834
39340
39352
39353
39354
39366
39367
39368
39369
39370
39371
39372
39355
39356
39344
39343
39333
39334
35835
39345
39357
35836
39373
39384
39400
39401
39402
39418
35839
39434
39417
39399
39383
39382
39396
39395
39394
39393
39411
39410
39409
39391
39392
39381
39365
39364
39363
39351
39350
39362
39377
39406
39407
39389
35838
39378
39379
39380
39390
39408
39424
39441
39442
39425
39426
39427
39428
39412
39413
39429
39455
39456
39471
39470
39469
39454
39453
39468
39467
39452
39451
39466
39481
39465
39489
39506
39523
35561
39539
39549
35562
39566
35563
39576
35564
39586
35565
39597
39608
39609
39610
39598
39587
39577
39567
39550
39540
39551
39552
39568
39578
39588
39599
39600
39589
39579
39569
39555
39556
39557
39558
39559
39560
39570
39571
39572
39582
39591
39581
39580
39590
39617
39616
39633
39634
39635
39618
39619
39636
39646
39647
39637
39620
39601
39602
39603
39592
39593
39604
39622
39621
39638
39639
39649
39648
39665
39666
39678
39679
39651
39641
39624
39594
39583
39573
39563
39546
35847
39547
35848
39564
39565
39574
35849
39584
39585
39575
40793
40792
39548
39538
40791
39537
39521
35845
39522
40790
40788
40789
39505
35844
39488
39487
39475
39486
39504
39503
39520
35846
39536
39519
39502
39501
39518
39535
39544
39545
39562
39561
39543
39534
39517
39516
39533
39532
39531
39530
39513
39512
39529
39528
39542
39554
39553
39541
39527
39510
39493
39494
39511
39495
39496
39497
39514
39515
39498
39499
39500
39482
39483
39484
39485
39474
39473
39472
39457
39443
39431
39430
39414
39415
39397
39398
39416
39432
39433
39444
35842
39458
39459
39460
39476
39477
39461
39446
39445
35841
39435
39436
39437
39419
40787
39403
40786
39386
39385
39374
39375
39360
40785
39348
39347
39359
35837
39358
39346
39336
39335
35832
39319
39318
39317
39316
39315
39332
39331
39314
39300
39301
39292
39291
39280
39281
39270
39271
35828
39255
39254
39242
39230
39231
39243
39244
39232
39233
39221
39206
39207
39196
39195
39185
35822
35823
35824
39220
39205
39194
39184
39174
39165
39155
39141
39132
39133
39134
39135
40778
39158
35820
39166
39175
39176
40779
39186
40780
39197
39208
39223
39222
39234
39246
39235
40781
40782
39247
39258
40783
39274
39273
35827
39257
35826
39245
39256
39272
39282
35829
39293
39283
39284
39285
39295
39304
39303
39294
39302
35831
39320
39321
39337
35833
40784
33994
30435
34010
30436
34019
34028
34038
34039
34040
30688
34049
34066
34067
34084
34083
34094
34095
34096
34097
34098
34116
34117
34099
34100
34101
34119
34135
34118
34134
34133
34132
34131
34115
34114
34130
34147
34167
30695
34183
34192
30696
34191
34190
34199
34200
30697
34208
34217
34216
34226
30699
34235
30700
34244
30701
34253
30703
34261
30705
34268
34277
34276
34285
34286
34294
34311
34312
34327
34333
34332
30711
34326
30710
34325
34310
34293
30443
34292
34284
30442
34275
30441
34267
34260
34252
34243
34234
34225
30440
34215
34207
34198
30439
34189
34179
34180
34163
34164
34154
34153
34142
30438
34125
34143
34126
34110
34109
34091
34080
30437
34064
34048
34065
34081
34092
34082
34093
34111
34112
34113
34129
34128
34127
34144
34155
34165
34181
34182
34166
34156
34145
34146
30693
34157
30694
34168
34169
34170
34171
34172
34173
34158
34148
34137
34136
34120
34121
34102
34075
34074
34073
34072
34071
34085
34070
34069
34068
34050
30689
34041
30687
34031
34030
34029
34020
34011
33996
33979
33978
33977
33970
30434
33963
30433
33955
33956
33957
33950
33943
30680
33927
33919
33918
30431
33917
33909
30430
33892
33883
30429
33874
33857
33858
33859
33843
33825
30676
33807
33790
33789
33780
30427
33771
30426
33755
30425
33745
30424
30673
33736
33727
33717
33718
33728
33729
33738
33748
30674
33758
33759
33760
33761
33762
33763
33764
33765
33766
33767
33776
33785
30675
33802
33820
33821
33803
33786
33777
33778
33787
33804
33805
35341
35340
33788
33779
35339
33770
33754
35338
35337
33744
33743
33753
33752
33751
33741
33732
33722
33712
33713
33703
33702
33701
33691
33692
33693
33684
33674
33664
33654
33639
33630
33621
30669
33604
33603
33586
33587
33571
33554
33553
33570
33569
33585
33602
33601
33619
33620
33628
33637
33638
33653
33663
33662
33652
33651
33650
33649
33648
33647
33646
33645
33644
33643
30671
33634
33625
33626
33635
33636
33627
33613
33614
33596
33595
33594
33577
33561
33562
33578
33579
33563
33564
33547
33546
33545
33528
33527
33544
33543
33560
33576
33592
33593
33611
33610
33624
33633
33642
33658
33668
33678
33687
30672
33677
30419
33667
30418
33657
30417
33641
30416
33632
30415
33623
30414
33607
33608
33609
33591
30668
33574
33557
33558
30667
33575
33559
33542
33541
33524
33525
33526
33509
33492
33491
33508
33507
33490
33473
33474
33464
33465
33475
33476
33493
33510
33511
33494
33477
33478
33495
33512
33529
33530
33513
33496
33479
33480
33481
33498
33499
33516
33515
33514
33531
33532
33533
33550
33549
33548
33565
33580
33597
33615
33616
33617
33618
33600
33599
33598
33581
33582
33566
33567
33583
33584
33568
33551
33534
33517
33518
33501
33500
33483
33482
33456
33457
33458
33442
33432
33418
33407
33408
33391
33390
33389
33371
33372
33373
33374
33375
33357
33358
35315
33348
33347
33331
33314
33313
33330
33329
33312
33311
33310
30653
33299
33290
33282
33276
33270
33264
33258
33252
33243
33227
33212
33204
33196
33188
33180
33172
33161
33160
33144
33145
33127
33126
33125
33143
33159
33158
33157
33156
33140
33141
33142
33124
33123
33122
33121
33120
33119
33118
33117
33107
30399
33106
33096
30398
33086
30397
33076
30396
33066
30395
33056
30394
33046
30393
33036
30392
33026
30391
33016
30390
33006
30389
32996
30388
32986
30387
32976
30386
32959
30385
32949
30384
32934
32935
32918
32917
32906
30383
32907
32908
32919
32936
32952
32962
32963
32953
32940
32941
32942
32943
32944
32954
32969
32970
32971
32955
32945
30637
32929
32930
32912
32913
32914
32932
32931
32946
32956
32972
32973
32957
32947
30638
32958
32948
35291
35290
30636
32933
32916
35289
32905
32915
32904
32888
32889
32872
32873
32857
32856
32847
32838
32837
32836
32827
32826
32835
32844
32845
32846
32855
32871
32870
32854
32853
32869
32852
32843
32834
32825
32816
32805
32795
32785
32776
32777
32787
32786
32796
32797
32798
32808
32807
32806
32817
32818
32819
32828
32829
32820
32809
32799
32789
32779
32788
32778
32762
32761
32760
32742
32726
32710
32688
32687
32686
32699
32709
32724
32725
32741
32740
32758
32759
32775
32774
32773
32757
32739
32723
32722
32738
32737
32721
32736
32735
32753
32752
32768
32769
32770
32754
32755
32756
32772
32771
32784
32794
32804
30632
32815
32824
32833
32842
32851
32862
32863
32879
32878
32877
32893
32894
32895
32896
32897
32881
32880
32864
32865
32866
32867
32868
32884
32885
32886
32887
32903
32902
32901
32900
32899
32883
32882
32898
32911
32928
32927
32926
32925
32924
32923
32910
32922
32939
32921
32938
32937
32920
32909
30635
32891
32892
32861
32860
32876
32875
30634
30633
32859
32850
32841
32832
32823
32814
32813
32812
32890
32874
32858
30382
32849
30381
32840
30380
32831
30379
32822
30378
32811
32801
30377
32791
30376
32781
30375
32765
38055
38039
38023
38022
38021
38010
38011
37999
38000
38001
38012
35744
35743
35742
35741
37979
37978
37990
37989
37988
37987
37998
38009
38020
38019
38008
37997
37986
37974
37962
37948
37949
37950
37951
37965
37964
37963
35740
37975
37976
37977
37966
37967
35738
37954
37953
37952
37934
37933
37932
37920
35734
37908
37907
37919
37931
37947
37946
37945
38049
38048
38047
38046
38045
38029
38017
38006
38014
38003
37992
37981
37969
37956
37955
37968
35494
37980
35495
37991
35496
38002
35497
38013
38024
38040
38056
38074
38076
38058
38059
38077
38092
38103
38104
38106
38095
38081
38063
38064
38065
38082
38083
38084
38066
38050
38051
38067
38068
35747
38085
38096
38097
38098
38086
35748
38069
38070
38087
38088
38100
38111
38099
38110
38109
38108
38107
38124
38139
38140
38125
38126
38141
38153
38164
38179
38149
38186
38187
38202
38201
35760
38215
38228
38229
38246
38245
38261
38260
38259
38243
38242
38258
38257
38241
38240
38256
38271
38270
38281
38280
38279
38291
38290
38278
38267
38252
38251
38250
35500
38266
35501
38277
35502
38289
35503
38299
35504
38309
35505
38319
35506
38329
35507
38345
35508
38354
35509
38363
35510
38372
35511
38381
35512
38390
35513
38399
35514
38408
35515
38417
35516
38426
38435
38436
38427
38418
38419
38428
38429
38420
38411
38410
38402
38383
38392
38401
38409
38400
38391
38382
38373
38374
38375
38365
38364
38332
38358
38357
38366
38367
38376
38385
38384
38393
38394
38403
38412
38421
38430
38439
38450
38451
38452
38468
38469
38453
38454
38470
38488
38487
38486
38485
38467
38466
38484
38483
38465
38464
38448
38449
38438
35770
38437
38447
38463
38462
38446
38445
38461
38479
35517
38495
35518
38501
38507
35519
38524
35520
38531
35521
38547
35522
38557
35523
38565
35524
38573
35525
38581
35526
38589
38598
38599
38590
38582
38574
38566
38558
38548
38532
35775
38508
38509
38510
38502
38503
38511
38526
38527
38536
38537
38538
38539
38540
38541
38542
35776
38552
38562
38570
38578
38586
38594
38608
38607
38606
38605
38604
38603
38602
38601
35782
38593
38592
38584
38585
38577
38576
38568
38569
38561
38551
38535
38534
38525
38533
38549
38550
38560
38559
38567
38575
38583
38591
35781
38600
35783
38615
38616
35784
38626
38637
38636
38648
38647
38646
38657
38667
38668
38685
38712
38722
38723
38713
38697
38698
38699
38700
38701
38702
38703
38729
38728
38727
38726
38725
38724
38765
38720
38734
35531
38719
38710
38692
38693
38684
38683
35530
38682
38665
35529
38654
35528
38643
35527
38633
38634
38644
38655
38666
38656
38645
38635
35785
38625
38624
38614
38613
38623
46299
44161
44151
46298
46297
44141
44131
46296
46295
44114
44097
46294
46293
44080
44079
44078
44077
41199
44060
44059
44076
44093
44110
41202
44126
44127
44128
44138
44137
44136
44157
44149
44139
44129
44112
44111
41201
44094
41200
44095
44096
44113
44130
44140
44150
44160
44159
44176
44185
44193
44209
44210
44194
44186
44177
44178
46300
46301
44187
44195
46302
46303
44211
46304
44220
44236
44252
44234
44233
44232
44216
44207
41208
44191
44183
44230
44229
44228
44244
44245
44246
44247
44256
44268
44269
44270
44271
44296
44295
44294
44293
44292
44291
44290
44289
44288
44287
44286
44285
44301
44308
44315
44322
44329
41217
44336
44343
41218
41219
44350
44358
41220
44366
44384
44383
44357
44365
44382
44414
44422
44439
44440
44449
44459
40921
44458
44448
40920
44438
51303
51302
49707
49706
49695
49694
49677
49668
46768
46769
49676
49693
49692
49703
49704
49705
49716
49717
49718
49735
49752
49751
49734
49733
49750
49766
49749
49765
46771
49748
49731
49732
49715
49714
49713
49730
49747
49729
49746
49745
49764
49763
49762
49761
49743
49742
49741
49759
49758
49773
49772
49782
49798
49797
49781
49780
49796
49804
49805
49812
49811
49810
46489
49802
46488
49803
49795
46487
49794
49778
49779
49769
46772
49754
49753
49736
49719
49708
46486
49709
49720
49737
49755
49770
49771
49756
49738
49721
49710
49711
49712
49701
49684
49683
49673
49672
49664
49665
49666
49674
49685
49686
49687
49688
49689
49690
49702
49691
49675
49667
49660
49652
49644
49636
49625
49626
49627
49628
49610
49601
49602
49611
49629
49638
49637
49645
49646
49654
49653
49661
49662
49669
49678
49696
49679
49670
46767
51301
51300
51299
51298
51297
49612
49603
51296
51295
49594
49585
51294
51293
49568
49560
51292
51291
49552
49551
49559
49567
46760
49584
49593
49592
49583
49582
49581
49580
49579
49578
49577
49576
49575
49574
49565
49564
46759
49563
49555
46758
49547
46757
49530
49531
49532
49533
49534
49516
49515
49499
49500
49501
49502
49518
49517
49535
49536
49537
49538
49539
49521
49520
49519
49503
49504
49505
49490
49482
49474
49473
49472
49471
49470
49469
49468
49467
49460
49459
49458
49465
49464
49478
49486
49494
49495
49496
49512
49511
49529
49546
49554
49562
49569
49561
49553
49545
49527
49528
49510
49509
49493
49485
49477
46480
49463
49457
49456
49439
49422
49405
49388
49389
49406
49407
49390
49391
49382
49383
49392
49409
49410
49411
49394
49393
49375
49374
49366
49358
49367
49359
49351
49350
49343
49335
49328
49312
49311
49327
49334
49342
49310
49309
49326
49333
49341
49349
49357
49365
49373
56849
51728
54493
54476
51727
56848
56847
56846
56845
56844
56843
56842
56841
54384
54349
54331
54348
54347
54346
54363
54362
54361
54344
54345
54318
54317
54299
54298
54316
54315
54297
54296
54314
54313
54295
54277
54269
54263
54257
54251
54245
54239
54233
54227
54221
54215
54209
54203
54197
54191
54185
54172
54171
54170
54169
54152
54153
54154
54145
54155
54156
54173
54174
54157
54158
54175
54159
54176
54177
54178
54160
54161
54162
54179
54180
51719
54186
54192
54181
54163
54146
54140
54134
54120
54119
54118
54117
54116
54115
54114
54097
54098
54099
54100
54101
54102
54103
54104
54121
54128
54129
54122
54105
54106
54123
51716
54130
51717
54124
54107
54090
54083
51712
54076
51711
54089
51713
54082
54075
54069
54052
54044
54068
54067
54066
54065
54064
54063
54062
54061
54060
54074
54081
54088
54096
54095
54112
54113
54127
54133
54139
54111
54110
54093
54086
54085
54078
54079
54094
51714
54087
54080
54073
54072
54071
54055
54054
51460
54070
51461
54077
54084
51462
62423
62422
59996
59988
62421
62420
59980
57265
59963
57264
57263
59947
59931
59923
59905
59887
59871
62419
62418
62417
59851
59861
59870
57261
59904
59922
57262
59946
59962
59961
59977
59978
59979
59987
59986
59994
59995
60003
60002
60001
59993
59985
59976
59960
59959
59943
59944
59945
59928
59929
59930
59921
59903
59886
59869
59868
59858
59859
59860
59850
59849
59839
59838
59848
59847
59837
59836
59846
59856
59857
59885
59902
59920
59919
59901
59884
57260
59867
59866
59883
59882
59881
59897
59915
59916
59898
59899
59900
59918
59917
59942
59958
59975
59974
59973
59957
59941
59940
59939
59955
59956
59972
59971
59970
59954
59938
59953
59969
59984
59992
60000
60008
60015
60023
57267
60031
60030
60039
60040
60041
60042
60032
57268
60045
60046
60047
60048
60064
60063
60080
60097
60098
57273
60081
57272
60065
57270
60049
57269
60033
60024
60025
60026
60018
60017
60016
60009
60010
60011
60004
60012
62424
62425
60019
60027
62426
62427
60036
62428
60052
60068
57271
60067
60051
60035
60034
60050
60066
60082
60083
60084
60101
60085
62429
62430
60102
60113
62431
62432
60124
60123
60112
60111
60100
60099
60110
60109
60120
60121
60122
60133
60134
62433
62434
60144
60160
60171
62435
62436
60182
60193
62437
62438
60204
60203
60192
60181
60170
60159
60143
60142
60132
60131
60130
60140
60141
60157
60158
60169
60180
60191
60202
60190
60211
60222
60233
60244
60255
60256
60245
60234
60223
60224
60235
60246
60257
60248
62442
62443
60259
62444
60270
60280
60279
60297
60296
60295
60311
60243
60254
60253
60242
60231
60232
60221
60210
60209
60198
60199
60188
60187
60176
60165
60177
60166
60149
57276
60139
60138
60137
60147
60163
60162
60173
60174
60185
60186
60197
60196
60207
60208
60219
60218
60217
60228
60239
60250
60251
60240
60241
60252
60263
60274
60284
60275
60264
60265
57277
60276
60287
60288
60289
60307
60306
60305
60304
60286
60285
60303
60302
60320
60319
60301
60300
60318
60317
57045
60299
60281
60282
60283
60273
60262
60261
60272
60271
60260
57044
60249
57043
60238
57042
60227
57041
60216
57040
60205
57039
60194
57038
60183
57037
60172
57036
60161
57035
60145
60146
60136
60126
60125
60114
57034
60103
57033
60104
60087
60088
60089
60106
60117
60127
57274
60128
60129
60119
60108
60091
60092
60093
60076
60077
60094
60095
60096
60079
60078
60062
60061
60060
60044
60043
60058
60059
60075
60074
60073
60057
60056
60055
60071
60070
60054
60038
60037
60028
60029
60021
60022
60014
57266
60007
60006
59998
59999
59991
59990
59982
59965
59983
59966
59967
59968
59952
59951
59935
59936
59937
59927
59911
59912
59894
59895
59913
59914
59896
59880
59879
59878
59877
59865
59855
59845
59835
59825
57259
59809
59810
59793
59781
59765
59766
59767
59768
59769
59770
59771
59772
59755
59746
59747
59756
59773
59783
59782
59800
59801
59802
59784
59785
59774
57256
59757
59748
59749
59739
59738
59737
59723
59713
59712
59722
59736
59735
59734
59733
59732
59731
57253
59721
59706
59707
59708
59691
59692
59709
59710
59693
59694
59711
59695
59680
59668
59669
59670
59681
59696
59697
59714
59724
59725
59740
59741
59726
62408
62407
62406
59699
59716
59715
57250
59698
57249
59682
59683
62405
53787
53788
53782
53781
51448
53774
51447
53767
51446
53749
53732
53733
53734
53719
53718
53717
53708
51445
53692
53682
51444
53683
53673
51680
53664
53663
51443
53653
51442
53643
51441
53644
53645
53646
53636
53635
51679
53626
51678
53609
53618
53619
53610
53600
53601
53592
53591
53582
53583
53566
53567
53550
53549
53533
53534
53535
53536
53552
53551
53568
53569
53585
53584
53593
53594
53603
53602
53611
53612
53621
53620
53628
53629
53638
53637
53647
53657
53658
53668
53667
53676
53675
53666
53656
53655
53665
53674
53684
53685
53695
53694
53693
53709
53710
53711
51682
53737
53738
53755
53754
53753
53736
53735
53752
53769
53751
53750
53768
53775
53776
53783
53789
53796
53813
53814
53797
53798
53799
51687
53770
53777
53784
53790
53800
53817
53816
53815
53831
53830
53829
53812
53795
53794
53811
53828
53845
53846
53862
53869
53883
53884
53870
53864
53863
51689
53847
53848
53849
53832
53833
53850
53865
53852
53851
53834
53835
53818
53801
53802
53803
53804
53820
53819
53836
53853
53854
53837
53838
53821
53822
53805
53806
53807
53824
53823
53839
53855
53856
53857
53840
53841
53842
53859
53860
53843
53844
53861
53868
51692
53888
53887
53881
51691
53867
53866
53858
53880
53879
53878
53877
53876
53875
53886
53874
53873
53872
53871
51693
53885
53893
53892
53891
53890
53907
51449
53924
51450
53931
51451
53938
51452
53945
51453
53952
51454
53960
51455
53967
51456
53974
53975
53968
53969
53976
53983
53999
53998
53982
53981
53997
54014
54013
51457
54022
51458
54039
51459
54047
54048
54041
54040
54023
54024
54025
54016
54015
54000
54001
53985
53984
53977
53970
53963
53962
53961
53953
53946
53939
53932
53933
53940
53947
53954
53955
53948
53941
53934
53927
53926
53925
53908
53909
53910
53911
53912
53894
53895
53896
53897
53898
53899
53900
53901
53902
53903
53904
53905
53921
51695
53922
53930
53937
53944
53951
53958
53966
53973
53972
53965
53957
53950
53943
53936
53929
53920
53919
53918
53917
53916
53915
53914
53913
53928
53935
53942
53949
53956
53964
53971
53978
53987
54003
53986
54002
51706
54017
54027
54026
51708
54042
54050
54049
54056
54057
54058
54059
54051
54043
54028
54004
53988
53989
53990
53991
53992
53993
53994
54009
54008
54007
54006
54005
54029
54030
54031
54032
54033
54034
51709
54035
54036
54019
54018
51707
54010
51704
54011
53995
51702
53979
53980
51703
51705
54020
54037
54045
54053
51710
56822
54046
54038
54021
54012
53996
56821
51701
51700
53959
56820
51699
51698
51697
51696
53923
56819
56818
51694
53906
53889
56817
53882
51690
56816
56815
56814
56813
53793
53792
53809
53810
53827
53826
53825
53808
53791
51688
53785
53778
53771
53761
53760
53743
53744
53727
53726
53725
53724
53742
53759
53758
53757
53756
53739
53740
53741
53723
53722
53721
53720
51683
53712
53713
53698
53699
53700
53701
53702
53703
53704
53688
53678
53679
53670
53660
53671
53672
56806
56805
53662
53661
53651
53641
53632
53633
53642
53652
56804
56803
56802
53625
56801
56800
53616
53615
53624
53631
53623
53622
53630
53639
53640
53650
53649
53659
53669
53689
51681
53705
53714
53715
53706
53690
53680
53681
56807
56808
53691
53707
56809
56810
53716
53731
56811
53748
53747
51684
53730
53729
53728
53746
53745
53762
53763
53764
51685
53772
53765
53766
53773
53779
53786
51686
53780
56812
46439
48600
48609
48608
46440
48624
46441
48632
46442
48640
48656
48674
48692
46443
48709
46444
48715
48693
48675
48657
48658
48641
48633
48634
46709
48642
48643
48644
48645
48646
48664
48663
48662
48661
48660
48659
48678
48677
48695
48676
48694
48710
48716
46711
48722
48728
48721
48727
48744
48749
46445
48754
46446
48759
48764
48769
48770
46716
48765
46715
48760
48755
48750
46714
48745
46713
48729
48730
48723
48717
48711
48696
48697
48679
48680
48698
48699
48681
48682
48683
48665
48647
48648
48649
48650
48668
48686
48685
48667
48666
48684
48700
48701
48702
48703
48704
48705
48687
48688
48670
48669
48651
48652
48653
48636
48637
48630
48629
48628
46708
48621
48605
48597
48598
48591
48590
48582
48574
48583
48575
48567
46706
48560
48568
51226
48576
48584
51227
51228
48592
48599
51229
51230
48607
48606
48622
48623
48631
51231
51232
48639
48638
48654
48655
48673
48691
48690
48672
48671
48689
46710
48706
48712
48713
48707
48708
51233
51234
48714
48725
48724
48718
48719
48720
51235
51236
48726
46712
48743
51237
51238
48748
48753
51239
51240
48758
48763
51241
51242
48768
48773
51243
51244
48789
46717
48794
51245
51246
48799
48804
51247
51248
48809
46718
48826
51249
51250
48832
48831
48825
48824
48823
48822
48821
48820
48819
48818
48817
48816
48815
48808
48803
48798
48807
48801
48802
48797
48796
48791
48792
48793
48778
48779
48780
48781
48782
48783
48784
48785
48786
48787
48788
48772
48767
48762
48757
48752
48747
48742
48741
48740
48739
48738
48737
48736
48735
48734
48733
48732
48731
48746
48751
48756
48761
48766
48771
48777
48776
48775
48774
46447
48790
46448
48795
46449
48800
48805
46450
48806
48811
48810
48827
46451
48828
48829
48812
48813
48814
48830
48836
48841
48848
48847
48862
48863
48864
48882
48892
48893
48907
48906
48923
46726
48924
48947
48948
48965
48966
48949
48950
48951
48967
48968
48985
48986
48987
48969
48952
48953
48970
48971
48954
48955
48972
48973
48990
49000
49010
48999
48989
48988
48998
48997
49007
49008
49009
46730
49026
49027
49037
51258
51257
49028
49011
51256
51255
49001
48991
48974
48957
48956
48938
48927
48926
48937
48936
48925
48915
48914
48913
48912
48911
48910
48909
48908
48894
48895
48896
48897
48898
48899
46722
48872
48871
48870
48869
48868
48867
46721
48866
48865
48849
48850
48851
48852
48853
48854
48855
48856
48873
48874
46720
48857
48875
48885
46724
48902
48884
48883
48900
46723
48901
48916
48917
48918
48928
48939
48940
51254
51253
48929
48919
48903
48887
48886
48876
48877
48859
48858
48842
48837
48838
51251
51252
48843
43608
43621
40893
43637
43653
43663
43673
43690
43707
43724
43733
43741
43749
40894
43757
43784
43758
43750
43742
43743
43751
43759
43760
41179
41178
41177
43727
43710
43693
43676
43675
43692
43709
43726
43735
43734
43725
43708
43691
43674
43664
41174
43654
43638
43622
43609
43591
43590
43574
43557
43542
43527
43528
43529
43544
43543
43558
43559
43575
41166
43576
43560
43545
43530
43514
43513
43512
43497
43498
43481
43482
43483
41158
43499
43515
43516
41161
43531
41163
43546
43547
43548
43564
43549
43534
43519
43518
43533
43532
43517
43500
43501
43485
43484
43467
43466
43465
43464
43463
43480
43479
43496
43511
43495
43478
43461
43462
43445
43446
43447
43430
43414
43415
43431
43448
43449
43450
43433
43434
43417
41153
43416
43400
41152
43384
41150
43369
41149
43354
41148
43339
43322
43323
43340
43355
43370
43385
43401
43402
43418
43419
43403
43404
43420
43437
43454
43455
43471
43472
43456
43457
43473
43490
43489
43504
41159
43488
43487
43470
43453
43436
43435
43452
43451
43468
43469
43486
43502
43503
41160
43520
43505
43521
43522
43537
43552
43553
43538
43539
43554
43555
41165
43572
43588
43587
43586
43571
43570
43585
43584
43569
43551
43536
43535
41162
41164
43550
43568
43567
43566
43565
41167
43581
43599
43598
41168
41170
43627
43628
43644
43643
43642
43641
43640
43639
43625
43626
43613
43614
43596
43597
43580
43579
43563
43562
43561
43577
43578
43595
43594
43593
43592
43612
43611
43610
43623
43624
41171
41172
43655
43656
43665
43677
43666
43678
43695
43694
43711
41176
43712
43696
43679
43680
43681
43698
43697
43713
43714
43715
43699
43682
43683
43684
43667
43657
43646
43645
43629
43630
43631
43632
43617
43616
43615
43601
43600
43582
43583
43602
43603
43604
43618
43633
43634
43651
43635
43636
43620
43619
41169
43605
43606
43607
43589
43573
46265
43556
43541
43540
43525
43526
43510
43494
46264
46263
43477
41156
43476
41157
43493
43509
43508
43524
43523
43507
43506
43491
43492
43475
43474
43458
43441
43442
43424
43408
43392
43393
43377
43378
43379
46259
46258
43364
43363
43362
43347
43348
43349
46257
46256
43333
43317
46255
46254
41144
43300
43283
41143
43266
41142
43249
43233
46252
46253
37775
37776
37777
37793
37806
37819
37833
37834
37820
37807
37794
37779
37778
37748
37750
37733
37734
37735
37752
37751
37767
37768
35725
37783
37796
37795
37808
37821
37838
37839
37822
37809
37810
37823
37840
37857
37856
35728
37867
37868
37858
37841
37842
37859
37869
35729
37879
37889
37888
37887
37878
37886
37877
35730
37876
37866
37855
37854
37837
37836
37835
37852
37853
37885
37895
37896
37897
37909
37898
37899
37911
37910
37921
37922
37935
37936
37937
40730
37924
37923
37912
37900
37901
35732
40729
37890
37880
37871
37870
37860
37861
37844
37843
37827
40728
37826
37825
37824
37811
37812
37813
37814
40727
40726
37801
37800
37799
37798
37797
37784
37785
37786
37787
37788
37772
37771
37770
35724
37755
35722
37739
35723
37756
37740
35721
37723
37722
37721
37720
37738
37737
37754
37769
37753
37736
37719
37706
37707
37708
37695
37681
37682
37696
37709
37710
37697
37683
37670
37656
37657
40720
40721
37671
37684
40722
40723
37698
37711
40724
40725
32408
32398
30360
32388
30359
32378
30358
32368
30357
32369
32379
32389
32399
32409
32410
30611
32427
32411
32400
32390
32380
32370
32360
32351
32341
32331
32321
32311
32302
32292
32281
32282
32266
32267
32255
32245
32235
32234
32218
32217
30600
32233
30601
32243
32244
30602
32254
32265
32264
32280
32263
32253
32252
32262
32278
32279
32290
32291
32301
30609
32310
32320
32330
32340
32350
30610
32359
32349
30356
32339
30355
32329
30354
32319
30353
32300
30352
32289
40716
40717
37589
37602
40718
37615
37629
40719
37643
37642
37628
37614
37613
37612
37626
37627
37641
37655
37669
37668
37654
37640
37625
37653
37652
37666
37667
37680
37694
37693
35720
37718
37705
37692
37679
37678
37665
37651
37637
37638
37639
37624
37611
37610
37623
35717
37597
37583
37584
37598
35714
37585
37586
37599
37600
37601
37588
37575
37574
37587
37573
37572
37571
37570
37557
37558
37559
37560
37561
37547
37548
37562
37576
37563
37549
40715
40714
37535
37534
37520
37521
40713
40712
37507
37506
37505
37519
37518
37517
37503
37504
37490
37491
37477
37464
37451
37450
37463
35703
35705
37476
37489
37502
37516
37515
37514
37528
37529
37530
37531
37532
37533
37546
37545
37544
37543
37542
35710
35709
35708
37527
37513
37499
37498
37512
37526
37525
37540
37541
37555
37556
35711
37569
37582
35713
37596
35712
37581
37568
37567
37553
37554
37539
37538
37552
37551
37565
37566
37579
37580
37593
37592
37604
37618
37632
37603
35715
37591
37578
37590
37577
37564
37550
37536
37537
37523
37509
37522
37508
35478
37494
35477
37480
37467
37454
37455
37456
37469
37468
37481
37495
35706
37482
37496
37510
37524
35707
37511
37497
37483
37471
37470
37457
37458
37459
37472
37484
37485
35704
35702
37460
37474
37473
37486
37500
37501
37487
37488
37475
37462
37461
37448
37447
37434
37421
37420
37419
37418
37417
37416
37386
35700
37387
37388
37389
37390
37372
37371
37370
37369
35698
37355
37354
37342
37343
37331
37330
37313
37300
37314
37315
37316
37317
37318
37356
37344
37345
37333
37332
37319
37320
37321
37322
37334
35696
37346
37359
37358
37357
37374
37373
37391
37403
37404
37392
37375
37376
37377
37360
37347
37335
37323
37305
37304
37290
37291
37292
37293
37294
37308
37307
37306
37324
37325
37326
40704
37338
37350
40705
37363
37362
37349
37337
37336
37348
37361
37380
37397
40706
40707
40708
37427
37426
37410
37409
37396
37379
37378
37395
37408
37425
35701
37424
37407
37394
35699
37393
37406
37405
37423
37422
37435
37449
37436
37437
37438
37439
37440
40709
40710
37453
37452
37465
37466
37479
37478
37492
37493
40711
32206
32215
32232
32242
32216
32207
30597
32198
32197
30351
32196
32185
30350
32175
32159
32160
32176
32186
32187
32188
32177
30595
32161
30593
32151
30591
32150
32149
32139
32123
32112
30349
32096
32086
30348
32087
32088
30585
32097
32113
30587
32124
30589
32140
32141
32142
32152
30594
32162
32178
32189
32200
32209
32199
32208
32219
32220
32221
32222
32223
32224
32225
32226
32210
32201
32202
32211
32228
32227
32236
32237
32238
32229
32212
32203
32192
32181
32171
32170
32180
32191
32190
32179
32169
32154
32155
32168
32167
32166
32165
32164
32163
32153
32143
32129
32128
32127
32126
32125
30588
32114
32115
32116
32098
32089
32073
32072
32054
32036
32035
32053
32071
32070
32069
32051
32052
32034
32017
32018
32019
32020
32037
32055
32056
32074
32090
30586
32099
32100
32101
32102
32103
32104
32105
32106
32107
32108
32119
32120
32121
32122
35258
32111
32110
32109
32094
32093
32092
32091
32080
32079
32061
32062
32063
32064
32081
32082
32065
32066
32083
32084
30584
32095
32085
32068
32067
32048
32049
32050
32032
30583
35257
35256
32015
32007
35255
35254
31991
31975
35253
35252
31967
31960
35251
35250
31953
31946
35249
35248
31939
30578
31922
31921
31913
31912
31920
31919
31911
31910
31903
30575
30577
31918
31936
31935
31934
31933
31932
31931
31930
31929
31928
31917
31909
30576
31926
31927
31942
31949
31956
31963
30579
31962
31955
31948
31941
31925
31924
31916
31900
31901
31876
30572
31892
30573
31902
31893
31880
31881
31882
31883
31866
31867
31884
31885
31886
31869
31870
31853
31854
31871
31888
31887
31894
30574
31904
31895
31905
31906
31907
31914
35247
31898
31897
31896
31889
31872
31855
31856
30570
31873
31890
30571
35246
35245
35244
30569
31839
31823
31822
31838
31837
31836
30568
31819
30566
30564
31801
31800
31809
31818
30567
31835
31852
31851
31868
31850
31849
31834
31833
31832
31848
31865
31864
31863
31847
31831
31830
31846
31845
31862
31879
31878
31877
31860
31843
31861
31844
31828
31829
31817
31808
31799
31791
30559
31774
31773
31756
31755
31754
31771
31772
31790
30561
31798
31807
30563
30565
31816
31827
31826
31842
31859
31858
31841
31825
31824
31840
31857
31874
31875
31891
31899
30343
31908
31915
31923
30344
31940
30345
31947
30346
31954
30347
31961
31968
31976
31992
31993
31977
31969
31970
31978
31979
31980
31981
31971
31983
31982
31998
31999
32000
31984
31985
31986
32001
32002
32003
31987
31988
32004
32005
32012
32029
32013
31989
30580
31973
31972
31964
31965
31958
31951
31957
31950
31943
31944
31937
31938
31945
31952
31959
31966
31974
31990
30581
32006
32014
32031
32030
32047
32046
32045
32028
32027
32026
32044
32043
32042
32025
32024
32023
32040
32041
32059
32060
32078
32077
32076
32058
32075
32057
32039
32038
32021
32022
32011
31997
31996
31995
32010
32009
30582
31994
32008
32016
32033
40702
40703
37276
37275
37274
37273
37272
37258
37257
37271
37270
37288
37289
35693
37303
37302
35692
37285
37286
37287
37269
37255
37256
37241
37242
37216
37217
37218
37205
37204
35686
37203
37188
37176
37164
37153
37152
37139
37128
37116
37099
37082
37081
37080
37079
37078
37095
37094
37093
37092
37091
37090
37107
37108
37109
37110
37111
37112
37113
37096
37097
37098
37115
37114
37127
37138
37151
37150
37149
37163
37175
37187
37199
37198
37186
37185
37197
37212
37213
37226
37239
37253
37267
37266
37252
37238
37225
35690
37237
35691
37251
37265
37280
37279
37297
37311
37310
37309
37295
37296
37278
37277
37263
35473
37249
37264
37250
37236
37235
37222
37209
37194
37182
37170
35472
37158
35471
37143
37133
37134
37144
37159
37171
37183
37195
37210
37223
37224
35688
37211
35687
37196
37184
35685
37173
37172
37160
37145
37146
37147
37162
37161
37174
37148
37137
37126
35681
37125
37136
35682
37135
37124
37123
37122
37105
37106
37089
37088
37071
37058
37059
37045
37044
37030
35470
37029
37012
37013
36997
36996
36978
36960
36944
36945
36961
36979
36980
36962
36963
36947
36946
36929
36930
36917
36918
36919
36932
36931
36948
36964
36982
36981
36999
37000
37016
37015
36998
37014
37031
37046
37060
37072
37073
37074
37075
37076
37077
37063
37050
35676
37036
37035
37034
37049
37062
37061
35677
37048
37047
37032
37033
37017
37018
37019
37003
36985
36984
37002
37001
36983
36966
36965
36949
36950
36933
36934
36935
36936
36953
36970
36954
36955
36971
36988
36989
36990
37008
37007
37006
37005
36987
36969
36968
36952
36951
36967
36986
37004
37020
37021
37022
37023
37024
37025
37026
37027
37010
37009
36992
36991
36973
36972
35673
36940
36939
36938
36937
36922
36909
36897
36885
36874
36862
36850
36838
36826
36815
36827
36839
36851
36863
36875
36876
36864
36852
36840
36828
36818
36829
36841
36853
36865
36877
36888
36887
36886
36898
36899
36900
36912
36911
36910
36923
36924
36941
36956
36974
36957
36942
36925
36958
36976
36975
36993
36994
36995
35674
37011
35675
37028
40687
40686
36977
36959
36943
35672
36926
40685
40684
36913
40683
40682
36901
36889
40681
40680
36878
36866
40679
40678
36854
36842
40677
40676
36830
36819
35668
36802
40675
40674
36789
36788
36801
36800
36799
36817
36816
36798
36785
36784
36783
36767
36768
36769
36770
36754
36741
36742
36726
36727
36728
36712
36711
36699
36700
40672
40671
36687
36686
36670
40670
40669
36657
36644
36643
36630
36631
40667
40668
31502
31485
31486
31487
31470
31469
31461
31444
31428
31427
31410
31411
31412
31395
31394
31393
31377
31378
31361
31353
31354
31362
31379
31380
31396
31381
31397
31398
31415
31414
31413
31430
31447
31429
31446
31445
31462
31463
31471
31472
31488
31505
31506
30542
31522
31530
31529
31539
31549
31550
31540
30546
30544
31510
31511
31509
31492
31476
31475
31474
31491
31508
31507
31490
31489
31473
31464
30537
31448
31431
31432
31449
31450
31451
31452
31453
31454
31436
31419
31418
31435
31434
31433
31416
31417
31400
31399
31382
31383
31384
31366
31365
31364
31363
30531
31355
31338
31337
31329
31322
31321
31314
31315
31307
31291
31290
31274
31273
31265
31249
31241
31233
31209
31193
31192
31208
31225
31232
31240
31248
30328
31264
31272
31288
31289
31306
31305
30329
31313
30330
31320
31327
30331
31328
31336
31335
30332
31352
31360
30333
40660
36537
36550
40661
40662
36563
36576
40663
40664
36589
36602
40665
40666
36615
36614
36601
36588
36575
36562
36561
36548
36549
36536
36518
35654
36517
36535
36534
36500
36499
36516
36533
36532
36531
36545
36546
36547
36560
36559
36558
36571
36572
36573
36574
36587
36600
36613
35655
36629
36642
36655
36656
36669
36668
36667
36665
36638
36651
36664
36682
36681
36680
36679
36678
36677
36676
36675
36661
36648
36635
36636
36649
36662
36663
36650
36637
36621
36622
36623
36624
36625
36626
36610
36597
36598
36599
36586
36585
36584
36609
36596
36583
36582
36581
36568
36567
36580
36579
36592
36605
36593
36594
36595
36608
36620
36619
36607
36606
36618
36634
36647
36660
36646
36633
36617
36604
36591
36578
36565
36552
36566
36553
36554
36541
36542
36555
36556
36569
36570
36557
36544
36543
36525
36509
36496
36484
36472
36473
36474
35652
36485
35653
36497
36510
36526
36527
36511
36512
36528
36529
36513
36514
36530
36515
36498
36486
36487
36488
36477
36476
36475
35651
36462
36461
36460
36459
36458
36445
36434
36423
36422
36421
36412
36413
36396
36414
35647
35649
36446
35650
36463
36447
36448
36464
36465
36466
36478
36490
36489
36501
36502
36519
36503
40659
40658
36491
36479
36467
36451
36439
40657
40656
36428
36427
36426
36438
36450
36449
36437
36436
36435
36424
36415
36425
36416
36417
36407
36406
36389
36379
36368
36369
36360
36359
36342
36341
36323
36324
36325
36343
36326
36344
36361
36370
36381
36380
36390
36391
36408
36418
35645
36409
36392
40655
40654
36382
36371
40653
40652
40651
36327
40650
40649
36317
36316
36315
36314
36305
36304
36313
36338
36337
36336
36353
36354
36355
36356
36339
36340
36357
36358
36367
36378
36388
36405
36404
36403
36402
36401
36400
36399
36398
36397
36387
36377
35642
36351
36352
36335
36334
36350
36333
36332
36331
36321
36320
36319
35451
36318
36328
36329
36330
36347
36364
36363
36346
36345
36362
35452
36372
36383
36393
36410
36419
36394
36373
36365
36348
36349
36366
36376
36386
36385
36375
36374
35643
36384
36395
35644
36411
35646
36420
36431
36432
36433
35648
36443
36444
36457
36456
36455
36454
36442
36430
36429
36440
36441
36453
36452
35453
36468
36480
36492
36504
36505
36506
36493
36481
36469
36470
36471
36483
36482
36494
36495
36507
36508
36524
36523
36522
36540
36539
36521
36520
35454
36538
35455
36551
35456
36564
35457
36577
35458
36590
35459
36603
36616
35460
36632
35461
36645
35462
36658
36671
36659
36672
36673
36674
35657
36690
36691
36692
36693
36706
35658
36705
36716
36715
35661
36704
36714
35660
36703
36702
36689
36688
36701
36713
36729
36745
35463
36746
36747
36730
35662
35663
36731
36749
36748
36760
36761
35665
36776
36793
36806
36807
36822
36821
36833
36834
36846
36845
36857
36869
36880
36881
36870
36858
36859
36860
36848
36847
36835
36836
36837
36849
36861
36873
36872
36871
36882
36883
36884
36896
36908
36921
36920
36907
36895
36894
36906
36905
36893
36892
35671
36904
36916
36927
36928
36915
36903
36902
35469
36914
46215
46214
42329
42346
42362
42361
42345
41083
42344
42360
42359
42358
42376
42373
42374
42388
42400
42401
42412
42425
42426
42413
42414
42402
42403
42415
41089
42428
42416
42417
42429
42442
42441
41090
42427
42440
42453
42470
42469
42452
42439
42438
42451
42468
42467
42466
42465
42464
42463
42462
42449
42450
42437
42436
42448
42435
42422
41088
41087
42409
42397
42398
42410
42423
42424
42411
42399
42387
41085
42370
42369
42353
42352
42368
42386
42385
42384
42396
42395
42408
42421
42420
42432
42445
42458
42459
42446
42433
42434
42447
42461
42460
41092
42476
42489
42502
42501
40884
42500
42513
42529
42546
42562
42578
42595
42596
42597
42598
42580
42579
42564
42563
42547
42548
42530
42514
42515
42531
42532
42533
42516
42517
42534
42535
42518
42504
42503
42491
42490
41093
42477
42478
42479
42492
42505
42519
42520
42536
42537
42521
42506
42507
42557
42572
42573
42590
42589
42571
42570
42556
41096
42540
42523
42522
42539
42538
42555
42554
42568
42569
42586
42587
42588
41099
42605
42606
42623
42622
42639
42656
42673
42672
42671
41105
42670
42653
42654
42655
42638
42637
42621
42620
42604
42603
42585
42567
42553
42552
42566
41098
42551
42550
42549
42565
42581
42599
42615
42616
42617
42601
42600
42582
42583
42584
42602
42618
42619
42636
42635
42652
42651
42667
42650
42634
42633
42632
42631
42614
42613
42630
42647
42648
42649
42666
42665
42664
42681
42696
42697
42682
42683
42698
42684
41104
42668
42669
42685
42700
42699
42717
42718
42733
42749
42748
41110
42732
41108
42731
42716
42715
42714
42730
42746
42747
41111
42764
41112
42780
41114
42797
42813
41116
41115
42812
41117
42828
41119
42844
42861
42877
42892
42891
42890
42876
42860
42859
42875
42874
42873
42888
42889
42906
42923
42922
42936
42935
40885
42951
42964
42976
42977
42978
42965
41130
42966
42954
42937
41127
42924
42907
42908
42909
41126
42925
42939
42956
42968
42981
42980
42979
42996
42995
42994
43011
43028
43046
43047
43029
43012
43013
43030
43031
43032
43033
43016
43015
43014
42997
42998
42982
42999
43000
43017
43018
43001
43002
43003
42986
42987
43004
43021
43038
43037
43080
43079
43093
43123
43134
43148
43149
43150
43151
43168
43182
43183
43170
43169
43152
43138
43112
43098
43084
43070
43057
46241
46242
46243
46244
46245
46246
43126
43139
46247
46248
43153
46249
46250
46251
43215
43214
43199
43198
43213
43231
43232
43248
43247
43265
43282
43299
43298
43297
43296
43312
43328
43329
43313
43314
43315
43316
43332
43331
43330
43346
43361
43376
43375
43374
43359
43345
43344
43343
43327
43311
41145
43295
43278
43279
43280
43281
43264
43263
43245
43246
43230
43229
43228
43227
43209
43194
43179
43180
43195
43210
43211
43212
43197
43196
43181
43167
43166
43165
43164
43163
43147
43133
43120
43106
43092
43078
43064
43051
43036
43035
43034
43050
43063
43077
43091
43105
43119
43132
43131
43145
43144
43130
43129
43143
43157
43156
43155
43172
43171
40892
43154
43140
40891
43141
43142
43128
43127
41137
43114
43113
40890
43099
40889
43100
43101
43102
43116
43117
43118
43104
43090
43076
43062
43049
43048
43061
43075
43089
43103
43073
43072
43086
43085
40888
43071
40887
51225
48561
48554
46703
48548
51224
51223
48542
48536
51222
51221
48530
48523
51220
48516
48515
48514
48497
48471
48472
48473
48474
48475
48476
48460
48455
48449
48448
48447
48430
48413
48412
48411
48410
48427
48428
48429
48446
48445
48444
48443
48426
48409
48408
48425
48442
48441
48440
48423
48424
48407
48406
48405
48422
48439
48438
48421
48404
46691
48391
46690
48386
48381
46689
48365
48358
48364
48350
48334
48308
48310
48293
48294
48279
48280
46680
48287
48295
48296
48327
46683
48311
48312
48313
48314
48297
48315
48298
48299
48300
48316
48317
48318
48301
48302
48303
48319
48320
48328
48321
48304
48274
48275
48259
48258
48273
48272
48271
48270
48269
48268
48267
48266
48265
48264
48256
48255
46677
48239
48238
48254
48237
48228
46430
48219
46429
48202
46428
48185
46427
48186
48178
48177
48169
48161
48170
48162
48163
48171
48179
48187
48188
48205
48204
48221
48203
48220
48229
48230
48231
48222
48232
48223
46675
48206
48189
46674
48180
46673
48172
46672
48164
46670
48148
46669
48131
48132
48133
48134
48149
48150
48151
48135
48136
48152
48153
48137
48138
48139
48154
48155
48156
48165
48173
48181
48197
48198
48199
48182
48174
48175
48159
48160
48144
48143
48126
48118
48117
48116
48115
48108
48109
48110
48102
48101
48100
46663
48090
48091
48073
48089
48088
48087
48086
48085
48067
48068
48069
48070
48071
48072
48055
48056
48044
48035
48026
48017
48009
48000
47991
47982
47983
47992
47993
48002
48001
48010
48018
48019
48011
48012
48003
48004
47995
47994
47984
47975
47974
47973
47965
47966
47967
47968
47976
47985
47986
47977
47969
47960
47943
47926
47919
47918
47925
46656
47942
47959
47958
47957
46657
47941
47940
47939
47956
47955
47938
47937
47954
47953
47952
47936
47935
47934
47951
47950
47949
47932
47931
47948
47947
47971
46658
47963
46417
47962
47945
47946
47929
47930
47922
47913
47928
47921
47912
47895
47896
47879
47880
47865
47864
47847
47848
47849
47839
47822
47805
47838
47837
47821
47804
47793
47782
47771
47754
47737
47728
47719
47703
47685
47686
47687
46636
47704
46638
47720
46640
47729
47721
47730
47740
47741
47758
47757
47774
47773
47756
47739
47738
47755
47772
47783
47784
46646
47794
47806
47807
47823
47850
47851
47868
47867
47866
47881
47897
47914
47915
46655
47898
47899
47882
47883
47869
47852
47841
47840
46649
47824
47825
47809
47797
47796
47808
47795
47785
47786
46645
47775
46644
47759
47760
47761
47744
47743
47742
47731
47722
47706
47690
47689
47705
46637
47688
47655
47671
47670
46416
47652
47653
47654
47644
46634
47628
47629
47614
47615
47631
47630
47645
47656
46635
47672
47657
47646
47632
47633
47617
47616
47605
47604
47603
47613
47612
47611
47601
47600
47610
47626
47627
47643
56747
52622
52605
52604
52621
52631
52632
56748
56749
52642
52653
56750
56751
52664
52675
56752
56753
52686
52703
56754
56755
52702
52685
52674
52673
52684
52701
52719
52720
52731
52732
56756
52743
52754
56757
56758
52765
52776
56759
56760
52793
56761
52805
52804
52815
52816
56762
56763
52827
56764
52838
52837
52826
52814
52803
52802
52813
52812
52835
52836
52825
52824
52823
52822
52811
52800
52801
52790
52791
52792
51633
52775
52764
52753
52742
51631
52730
52741
52729
52718
52717
52699
51628
52682
52700
52683
52672
52671
52660
52661
52662
52663
52651
52652
52641
52640
52630
52629
52639
52650
52649
52638
52628
52620
52603
52602
52619
51625
52618
52601
52600
52583
52584
52567
52549
52550
52551
51623
52568
51624
52585
52586
52587
56746
52570
52569
52552
52535
51621
52536
52553
52554
52537
56745
56744
52520
52512
56743
56742
52504
52503
52502
52510
52511
52519
52518
52534
52533
52532
52531
52547
52565
52564
52546
52530
52529
52545
52563
52562
52561
52560
52542
52543
52544
52528
52527
52516
52508
52500
51619
52483
52482
52474
52473
52472
52480
51618
51413
52479
52496
52505
51414
52513
52521
51415
52538
52555
52571
52588
52589
52607
52608
52590
52573
52572
52556
52557
52558
52540
52539
51622
52522
52523
52514
52515
52524
52525
52526
52541
52559
52575
52574
52591
52609
52626
52625
52635
52636
52645
52644
52634
52624
52606
52623
52633
51416
52643
51417
52654
51418
52665
51419
52676
52687
52704
52721
52722
52705
52688
52677
52666
52655
52656
52657
52646
52647
52658
52669
52668
52667
52678
52679
52680
52691
52690
52689
52706
52723
52735
52734
52733
52744
51420
52755
52756
52745
52736
52724
52707
52708
52725
52737
52709
52692
52693
52681
52670
52659
52648
52637
51627
52627
51626
52611
52610
52592
52593
52576
52577
52594
52612
52613
52614
52615
52616
52598
52597
52596
52595
52578
52579
52580
52581
52617
52599
52582
52566
52548
52517
52509
52501
52491
52492
52493
52477
52478
52494
52495
51617
56741
52470
52469
52468
52459
52460
52461
56740
56739
52452
52443
56738
56737
52434
52433
52442
52451
52450
52441
52432
52423
51616
52405
52406
52396
52395
52385
52386
52372
52387
52397
52407
52424
52425
56736
56735
52408
52398
56734
52388
52374
52373
52357
52356
52343
52354
52353
52342
52331
52313
52296
52279
52270
52271
52272
52273
56729
56730
52282
52299
52317
52316
52298
52281
52280
52297
52315
52314
52323
52324
52334
52345
52346
52335
52325
52326
56731
52336
52347
56732
56733
52358
47435
47426
47419
47412
46414
47427
47428
47420
46617
47413
47398
47389
47388
47397
47396
47387
47369
47370
47371
47372
47390
47399
47414
47421
47429
47438
47437
47436
47452
47451
47467
47468
47485
47484
47496
47508
47509
47521
47533
47520
47532
47544
46415
47545
47546
47563
47562
47561
47573
47584
47585
47574
47575
47586
47602
47587
47588
47589
47590
47591
46631
47592
47593
47594
47595
47579
47568
47569
47570
47558
47557
47556
47555
47554
47553
47552
47551
46627
46626
46625
46624
46623
47474
47473
47472
47489
47501
47513
47512
47500
47499
47511
47523
47524
47525
47537
47549
47566
47550
47567
47578
47577
47576
46629
47565
47564
47547
47548
47536
47535
47534
47522
47510
47497
47498
47486
47487
47488
47471
47470
47469
47453
47454
47455
47456
46619
47439
47457
47475
47459
47458
47440
47441
47442
47443
47461
47460
47476
47477
47478
47462
47444
47445
47422
47423
47431
47430
47446
46620
47463
47464
47447
47448
46621
47465
47482
47481
47493
47494
47495
51155
51154
47483
47466
47450
47434
51153
47425
47418
47411
47395
51152
47386
47368
51151
47352
51150
51149
47342
47341
47351
47367
47385
47384
47366
47350
47340
47339
47349
46612
47365
47338
47348
47364
47363
47379
47380
47381
47392
47382
47383
46614
47409
47393
47394
47410
47417
46618
47433
47449
47432
47424
47416
47415
46616
47408
47407
47406
47405
47404
47403
47402
47401
46615
47400
47391
47373
47374
47375
46613
47376
47377
47378
47362
47361
47360
47359
47358
47347
47346
47357
47356
47345
47317
47333
47334
46611
47344
47355
47354
47353
47343
47332
46413
47316
47305
46412
47306
47307
47318
47319
47308
47297
47296
46609
47295
47285
46411
47284
47273
46410
47262
46409
47251
46408
47252
47253
47264
47263
47274
47275
47276
47286
47287
47288
47289
47299
47298
47309
47310
47320
47335
47336
47337
47321
47322
47323
47324
47325
47326
47327
47328
47311
47300
47290
47279
47268
46608
47257
47247
47258
47259
47248
47239
47238
46606
47228
47218
47219
47220
47210
47200
47184
47185
47170
47171
51138
51137
47154
47153
47147
47116
47112
46594
47107
47108
47103
47102
47097
47091
47092
47098
47109
47113
47117
51136
51135
51134
47104
47099
51133
51132
47093
47088
47071
51131
46589
51130
51129
47031
47048
47051
47050
47046
47047
47029
47030
47012
47011
47028
47027
47026
47045
47044
47043
47042
47025
47024
47023
47041
47040
47022
47021
47039
47038
47037
47020
47019
47018
47036
47035
47034
47017
47016
47015
47010
47006
47002
46998
46982
46977
46973
46978
46983
46584
46984
46985
46986
46987
46988
46989
46990
46991
46992
46993
46994
46995
46585
46999
46996
46582
46980
46979
46974
46975
51126
51127
46583
47000
47004
47003
46586
46587
47007
47008
47013
51128
40852
41364
41381
40853
40854
40855
41414
41006
41417
41411
41395
41005
41383
41384
41003
41365
41002
41347
40851
40850
40849
41001
41000
40999
40998
40848
40847
40997
40996
40846
40845
41318
41319
41320
41321
41322
41323
41324
41325
41326
41327
41328
41329
41330
41331
41332
41333
41334
41335
46150
46149
46148
46147
46146
46145
35416
35417
35418
35419
35420
35421
35422
35423
35424
35425
35426
35427
35428
35429
35430
35431
35609
35918
35917
35432
35934
41363
41346
46161
41345
46160
46159
41344
41343
46158
46157
46156
46155
46154
46153
46152
46151
41336
41337
41338
41339
41340
41341
41342
41357
41356
41355
41354
41353
41352
41351
41350
41349
41348
41366
41367
41368
41369
41370
41371
41372
41373
41374
41393
41404
41392
41403
41402
41401
41391
41390
41400
41389
41388
41387
41386
41385
41396
41397
41398
41399
41007
41424
41428
41432
41420
41008
41423
41009
41427
41010
41431
41435
41011
41436
41441
41448
41466
41467
41468
41469
41470
41471
41472
41455
41454
41453
41452
41451
41450
41449
41465
41464
41480
41447
41446
41463
41462
41445
41440
40856
41439
41444
41461
41478
40857
41479
41484
41014
41485
41491
41492
41493
41494
41495
41496
41497
41498
41499
41500
41501
41507
41514
41522
41529
41546
41547
41548
41530
41523
41515
41516
41517
41518
46175
46174
41511
41504
41488
46173
41483
41477
41476
41460
41459
41458
41475
41013
41482
41487
41015
41503
41510
41509
41508
41502
41486
41481
41473
41474
41457
41456
41442
41437
41433
41429
41425
41421
41418
41415
41412
41405
41406
41407
41408
41409
41004
41376
41375
41358
41359
41360
41377
41378
41361
41362
41379
41380
41382
46162
46163
41394
41410
41413
46164
46165
41416
41419
46166
46167
41422
41426
46168
46169
41430
41434
46170
46171
41438
41012
41443
46172
36079
36082
36081
35436
35437
36084
35620
36087
36085
36088
36093
36098
36103
36091
35438
36092
35623
36097
35624
36102
35625
36107
35627
36111
35629
36115
35631
36120
35439
36135
36142
35633
36143
36151
36158
36165
36164
36157
36150
35440
36149
35441
36156
35442
36163
36170
35443
36171
35635
36177
36184
35444
36183
36190
35445
36196
36202
35446
36218
36219
36225
36226
36227
36242
36251
36268
35640
36284
36267
36283
36266
36249
36250
36241
36224
35447
36240
36248
36265
36282
35448
36290
35449
36299
35450
36308
36309
36310
36311
36322
36312
36303
36302
36301
36300
36291
36292
36293
36294
36285
36269
36270
36271
36272
36273
36274
36275
36276
36259
36258
36257
36256
36255
36254
36253
36252
36243
36228
36229
36230
36231
36232
36233
36234
36235
36236
36244
36245
35639
36237
36246
36263
36264
36281
36280
36279
36262
36261
36260
36277
36278
36286
36295
36296
36287
36288
36297
36306
35641
36307
36298
40648
36289
40647
40646
40645
40644
36247
36239
36238
36222
36216
36215
36214
36213
36212
36211
36210
36209
36208
36207
36221
36220
36206
36199
36198
36205
36204
36203
36197
36191
36185
36178
36172
36192
35636
36186
36179
36173
36166
36159
36152
36144
36137
36136
36121
36116
36112
36108
35632
36122
36123
36124
36125
36126
36127
36128
36129
36130
36113
36117
36131
36138
36139
36132
36133
36118
36114
36110
36109
36104
36105
36100
36099
36094
35622
35621
36089
36095
36096
36101
40632
40633
36106
35626
35628
35630
36119
36134
36141
40634
40635
36148
36140
36147
36155
40636
40637
40638
36176
36175
36168
36169
36162
36161
36154
35634
36146
36145
36153
36160
36167
36174
36180
36187
35637
36193
36200
36194
36188
36181
36182
40639
40640
36189
36195
40641
36201
35638
36217
36223
40643
40642
31060
30324
31054
30323
31047
30322
31048
31055
31061
31067
31066
30325
31082
31087
31083
31084
31089
31088
31106
30326
31105
31111
31112
31107
31090
31091
31092
31093
31094
31095
31096
31097
31098
31099
31100
31085
31080
31079
31078
31077
31076
31075
31074
31073
31072
31071
31070
31069
31068
31062
31056
31049
31042
30508
31041
31035
30321
31034
31027
30320
31020
30319
31014
30318
31015
31021
31028
31036
31029
31022
31016
31010
30506
31009
30993
30992
30986
30987
30970
30971
30972
30988
30994
30995
30996
30997
30998
30999
31000
31001
31002
31003
31004
31005
31006
30989
30983
30982
30981
30980
30979
30978
30977
30976
30975
30503
30974
30973
30967
30966
30961
30962
30946
30929
30928
30945
30944
30960
30965
30317
30316
30943
30926
30927
30921
30315
30314
30916
30912
30495
30913
30914
30918
30917
30922
30923
30930
30947
30948
30949
30931
30932
30933
30950
30934
30935
30951
30952
30953
30936
30937
30954
30955
30956
30957
30958
30941
30924
30919
30915
30911
30907
30903
30897
30881
30880
30896
30895
30879
30861
30862
30863
30864
30850
30848
30846
30844
30826
30825
30843
30842
30824
30809
30808
30823
30841
30840
30839
30838
30837
30821
30822
30807
30806
30805
30820
30804
30819
30835
30836
30818
30803
30802
30817
30816
30801
30800
30799
30814
30815
30834
30833
30832
30831
30830
30812
30813
30798
30797
30796
30482
30310
30795
30309
30308
30307
30306
30305
30304
30303
30302
30301
30300
30299
30298
30297
30296
30295
30294
30293
30292
30291
30290
30289
30753
30755
30757
30759
30761
30763
30765
30767
30769
30771
30773
30775
30777
30779
30781
30783
30785
30787
30789
30791
30793
30810
30811
30827
30483
30484
35192
30866
30865
30882
30898
30899
30883
35193
30492
30494
30496
35194
30920
30925
30497
30942
30498
30959
30499
30500
30969
30502
30985
30991
30505
31008
35198
35199
31013
31019
30507
31018
31012
31011
31017
31023
31030
31037
31043
31050
31057
31063
31064
31065
30510
31081
31086
31103
31109
30511
31102
31101
31108
31125
31142
31159
31160
31167
31166
31173
30514
31189
30515
31205
31222
31223
31206
31190
31174
30513
31161
31144
31127
31126
31143
31124
31123
31122
31121
31138
31139
31140
31141
31158
31157
31156
31155
31154
31184
31185
31186
31202
31201
31200
31199
31183
31182
31198
31197
31181
31180
31179
31172
31165
31148
31149
31150
30512
31151
31134
31135
31152
31153
31136
31137
31120
31119
31118
31117
31116
31133
31132
31115
31114
31113
31130
31131
31147
31164
31171
31170
31163
31146
31129
31128
31145
31162
30327
31169
31176
31177
31178
31194
31210
30516
31226
31234
31242
31250
31266
31267
31275
31276
31268
31252
31251
31243
30520
31235
30518
31227
31212
31211
31195
31196
31213
31214
31215
31216
31217
31218
31219
31203
31187
31188
31204
31220
31221
31228
31236
31244
31245
31237
31229
31238
31230
30517
31224
30519
31239
31231
35214
35213
31207
31191
35212
35211
31175
31168
35210
35209
35208
31110
31104
35207
35206
35205
30509
31053
35204
35203
31046
31045
31052
31059
31058
31051
31044
31039
31038
31031
31024
31032
31025
31026
35200
35201
31033
31040
35202
26088
25427
26082
25426
26076
25425
26070
25424
26060
25606
25607
26065
26071
26077
26083
26089
25608
26094
26100
25428
26099
25429
26105
25430
26111
26117
25431
26134
26139
26157
26158
26159
26160
26161
26179
26196
26213
26214
26197
26180
26162
26163
26181
26198
26215
26216
26217
26201
26218
26219
26220
26221
26203
26186
26168
26167
26166
26165
26147
26148
26149
26150
26151
26169
26202
26185
26184
26183
26200
26199
26182
26164
26146
26145
26144
26143
26142
26141
26140
26135
26106
26112
26118
26119
26120
26121
26122
26123
26124
26125
26126
26127
26128
26129
26130
26136
26153
26152
26170
26188
26187
26204
26205
26222
26223
26206
26189
26171
26172
26154
26155
26173
26190
26207
26224
26228
26245
26249
26254
26272
26287
26271
26270
26286
26285
26269
26268
26284
26283
26282
26281
26280
26279
26263
26264
26265
26266
26267
26244
26243
26242
26241
26240
26239
26238
26237
26236
26235
26234
26227
26210
26211
26212
26195
26178
26194
26177
26176
26175
26193
26192
26209
25432
26226
26231
26232
26233
25615
25616
26260
25618
26261
26262
26278
26277
26294
26276
26259
26248
26253
26258
25433
26275
26292
25434
26293
26299
26298
26313
25435
26319
25436
26326
26333
30528
31319
31318
31317
30527
31309
31310
31311
31312
35217
35216
30525
31304
30524
31271
31270
31263
35215
31247
30521
31246
31262
30522
31261
30523
31269
31287
31303
31302
31286
31285
31284
31301
31300
31299
31283
31282
31298
31297
31296
31295
31279
31280
31281
31260
31259
31258
31257
31256
31255
31254
31253
31277
31278
31294
31293
31292
30526
31308
31316
31323
31330
31339
31340
31341
31342
31343
31344
31345
31346
31347
31348
31349
31357
31373
31372
31356
31371
31370
31388
31389
31390
31406
31423
31422
31405
31404
31421
31403
31387
31369
31368
31367
31385
31401
31386
31402
31420
31437
31438
31455
31456
31439
31440
31457
31465
30538
31466
31484
31483
31482
31481
31497
31496
31480
31479
31478
31477
31493
31494
31495
31512
31513
31514
31498
31499
31500
30541
31517
31524
30543
31516
31515
31523
31531
30545
30547
31541
31542
31560
31559
30549
31575
31585
31584
31574
31558
31557
31556
31573
31572
31571
31555
31554
31553
31570
31569
31552
31551
31568
31583
31582
31592
31602
31603
31604
31605
31606
31607
31608
31609
31610
31594
31595
31611
31612
31613
31596
31586
31576
31561
31543
31532
31533
31534
31544
31545
30548
31562
31577
31587
31597
30550
31614
35230
35229
35228
35227
35226
31535
31525
31518
35225
35224
31501
30540
30539
31468
31467
31459
31458
31441
31424
31407
31391
31374
31358
31350
31332
31331
30529
31324
31325
31326
31333
31334
31351
30530
35218
35219
31359
31376
31375
30532
31392
35220
35221
35222
31426
31409
30533
31408
30534
31425
31442
30535
31443
31460
30536
35223
26447
25445
26442
25444
26437
25443
26431
25442
26424
25441
26407
26425
26432
26438
26443
26448
26453
25446
26452
26457
26473
25447
26490
25448
26496
25449
26502
26503
26497
26491
26475
26474
26458
26459
26460
26476
26461
26477
26478
26479
26480
26462
26463
26464
26465
26466
26481
26482
26483
26484
26468
26467
26416
26415
26414
26413
26412
26411
26410
26409
26408
26390
26389
26383
25440
26377
26370
25439
26363
25438
26357
25437
26340
26341
26358
26364
26371
26372
26365
26359
25627
26378
26384
26391
26392
26393
26394
26395
26396
26397
26398
26399
26417
26418
26400
26385
26379
26373
26366
26360
26352
26351
26350
26349
26348
26347
26346
26345
26344
26343
26342
26334
25623
26327
26320
26314
25620
26300
26301
26302
26303
26304
26305
26306
26307
26308
26309
26315
25621
26321
26322
26329
26336
26328
25622
25624
26335
26353
26354
26355
26362
26361
25625
26367
26374
25626
26380
26386
26403
26404
26422
26423
26428
26435
26441
26450
26472
25633
25632
25631
30101
25630
26436
25629
26429
26430
30100
30099
26406
26405
26388
26387
26381
25628
26375
26376
26382
30098
26369
26368
30097
30096
26339
26338
26356
26337
26330
26331
26332
26325
26318
30095
30094
30093
26297
26312
26324
26323
26317
26316
26311
26310
25619
26295
26296
26288
26289
26290
26291
26274
25617
30092
30091
26257
26256
26273
26255
26250
26251
26252
30090
30089
26247
25614
26246
26229
26230
30088
30087
25613
26225
26208
25612
26191
25611
26174
26156
30085
30086
21179
20546
21197
20547
21200
20548
21203
20549
21206
21209
21212
21215
21218
20550
21221
21224
21225
21226
21227
21228
21229
21230
21231
21232
21249
21248
21247
21246
21245
21244
21243
20732
20733
21261
21262
21263
21264
21265
21266
21267
21268
21269
21253
21252
21251
21250
21233
21234
21235
21236
21237
21254
21255
21238
21239
21240
21257
21256
21282
21283
25204
25205
25206
25207
21321
21325
25208
25209
21329
21345
21344
21343
21361
21362
21363
21380
21396
21413
21379
21378
20737
21395
21412
20739
21420
25210
21427
21443
21442
21426
21425
21424
21418
21419
21411
21410
21409
21394
21376
21375
21374
21357
21339
21338
21337
21336
21354
21353
21335
21334
21352
21351
21333
20735
21332
21350
21349
21348
20736
21366
21384
21383
21398
20738
21382
21381
20559
21397
20560
21414
21421
21415
21422
21423
20741
21431
21447
21446
21430
21429
20561
21428
20562
21444
20563
21451
21457
21458
21452
21445
21453
21454
20743
21459
21466
20745
21432
21433
21434
21435
21436
21437
21438
21439
21440
21441
20742
21448
21449
21450
25211
21456
21462
21461
21455
21460
20744
20746
21467
21468
20747
21477
21469
21470
21478
21495
21494
21493
21492
21476
21475
21491
21508
21509
21525
21534
21542
21559
21560
21543
20754
20752
21526
21510
21511
21512
21528
21527
21535
21536
21544
21561
21577
21576
21585
21575
20756
21558
21557
21541
21533
21524
21523
21507
21490
21489
21506
21522
21521
21520
21519
21503
21504
21505
21488
21487
21486
21485
21502
21518
21517
21501
21484
21483
21482
21474
21473
21481
21499
20749
21500
20750
21532
21540
20755
21549
21550
21551
21569
21570
21552
21553
21571
21572
21554
21555
21573
21556
21574
21584
21594
21604
21613
21614
21615
21605
20757
21595
21596
21586
21587
25212
25213
21597
21607
21606
21616
21633
21632
21631
21641
21651
21661
21660
21650
21640
21630
21629
21628
21627
21626
21625
21624
21623
21612
21603
21593
21583
21568
21567
21566
21565
21564
21547
21548
21539
20753
21531
20751
21516
21515
21498
21497
21480
20748
21472
21465
21464
21463
20564
21471
20565
21479
20566
21496
20567
21513
21529
21514
21530
21538
21537
21545
20568
21546
21563
21562
20569
21578
20570
21588
21598
20571
21599
21608
20758
21609
21620
21621
21610
21601
21600
21590
21589
21579
21580
21591
21581
21582
21592
21602
21611
20759
21622
21639
21649
21659
21668
21678
20761
21687
21696
21705
21704
20765
21712
21722
21723
21741
21740
21739
21721
21711
21703
20763
21693
21685
21694
21686
21676
21677
21667
21666
21657
21658
21648
21638
21637
21647
21646
21636
21619
20572
21618
20573
21635
20574
21645
21655
20575
21656
20760
21665
21675
20576
21674
21684
20577
21692
21702
21710
21719
21720
21738
21737
20578
21755
20579
21763
20580
21780
21796
20581
21805
20582
21822
20583
21838
20584
21855
21872
20585
21879
20586
21894
20587
21909
20588
21918
21928
20589
21929
20590
21938
20591
21948
20592
21958
21959
21949
21939
21940
21950
21960
21969
21984
21983
21968
21967
20593
21982
21991
20594
21992
21993
21994
21985
21970
21971
21986
21995
22006
20787
22021
22005
22004
22003
22020
22019
22035
22034
22018
22002
22001
22017
22033
22044
22045
22046
22047
22036
22037
22048
20791
22064
20793
22080
20794
22081
22065
20792
22049
22038
20789
20788
22007
22008
22022
22023
22009
22010
22011
22025
22024
22053
22052
22068
22067
22051
22050
22066
22082
22083
22084
22069
22085
22086
22087
22088
22089
22073
22072
22071
22070
22054
22055
22056
22057
22040
22041
22042
22059
22058
22074
22075
22043
22060
22076
22092
22102
22091
22090
20795
22101
22110
22111
25226
25227
22120
22119
22128
22129
25228
22138
25229
22148
22162
22179
25230
22191
22190
22178
22177
22189
22188
22187
22186
22174
22157
22158
22175
22176
22159
22146
22160
22161
22147
22137
20797
22136
22145
22144
22135
22126
22117
22127
22118
22109
22100
22099
22098
22107
22108
22116
22125
22134
22143
22156
22173
22172
22155
22154
22153
20798
22171
22170
22169
22185
20800
22168
22167
22166
22184
22196
22197
22198
22210
20801
20802
22222
22234
22247
22264
22248
22249
22250
20803
22235
22252
22251
22265
22279
22280
22296
22297
22281
22266
22267
22253
22254
22255
22256
22226
22225
22212
22213
22214
22215
22227
22228
25233
22216
25232
25231
22204
22203
22202
22201
22200
22199
22211
22223
22224
22236
22237
22238
22239
22240
22257
25234
25235
22285
22271
22270
22284
22300
22299
22283
22269
22268
22282
22298
22311
22312
22313
22301
25236
22314
22326
25237
22338
22350
25238
25239
22362
22373
25240
25241
22385
22384
22372
22361
22349
22348
22336
22337
22325
22324
22323
22322
22310
22309
22321
20808
22308
22295
22294
22293
22292
20805
22278
20807
22307
22291
22306
22320
22332
22331
22343
22344
22356
22367
22355
22354
22365
22366
22378
22377
22389
22405
22416
22432
22433
20811
22450
22467
22466
22476
22477
22478
22479
22468
20813
22451
20812
22434
22418
22417
22406
22407
22390
20810
22379
22391
22392
22393
22394
22395
22396
22397
22398
22381
22380
22368
22357
22358
22369
22370
22359
22347
22335
22334
22333
22345
22346
22360
22371
22383
22382
22399
22400
22401
22402
22413
25242
25243
22447
22463
20814
22484
22495
22512
22524
25244
22511
20816
22483
22473
22462
22446
22429
22412
22411
22428
22445
22460
22461
22472
22482
22481
22471
22470
22480
20815
22469
22457
22456
22440
22441
22442
22458
22459
22443
22444
22427
22410
22426
22409
22408
22425
22424
22423
22422
22439
22455
22454
22438
22421
22420
22437
22419
22436
22435
22452
22453
22502
22503
22504
22505
22506
22507
22491
22509
22521
22533
22532
22531
22546
22561
22577
22578
22562
22547
22548
22534
22549
22565
22564
22563
22579
22580
22597
22608
22618
22617
22616
22615
22605
22606
22607
22596
22595
22594
22593
22576
22560
22559
22558
22543
22542
22541
22556
22572
22571
20823
22554
22553
20821
22538
20819
22528
22527
22515
22498
22497
22514
22526
22537
22539
22555
22540
20820
22530
22529
22518
22501
20817
22490
22489
22500
22517
22516
22499
22488
22487
22486
22475
22465
22449
22431
22430
22448
22464
20613
22474
20614
22485
20615
22496
20616
22513
20617
22525
22536
22551
22552
22568
22584
22585
22602
22613
20825
22603
22586
22569
20822
22570
20824
22587
22604
22614
20826
22625
22636
22647
22656
22655
20830
22646
22635
22624
22623
22634
22645
22665
22677
22694
22693
22710
22711
22728
22738
22737
22736
22754
22727
22726
22709
22692
22675
22676
22664
20620
22663
22653
22654
22644
22643
22632
22633
22622
22621
22611
22612
22601
22600
20619
22583
20618
22567
30138
27464
27472
25701
27463
27462
27461
27452
27451
27450
27441
27440
27449
27459
27460
27469
27484
25702
27468
27467
27458
27483
27482
27481
27480
27479
27478
27507
27506
27505
27504
27503
27502
27501
27490
27498
27499
27500
27515
27522
27529
27536
27544
27553
27554
27555
27556
27557
27558
27567
27574
27588
27589
27590
27609
27591
27592
27610
27628
27627
27626
27608
27607
27606
27605
27587
27586
27604
27603
27585
27584
27602
27620
27621
27622
27623
27624
27625
25706
27635
27636
27637
27646
27645
27644
27651
27658
27665
27672
27679
27686
27693
27701
27710
27718
27734
27751
27767
27768
27780
27791
27769
27770
27754
27753
27752
27735
27736
27737
27719
27711
27702
27694
27687
27688
27681
27682
27675
27668
27667
27674
27680
27673
27666
27659
27652
27653
27660
27661
27654
27647
27640
27631
27630
27639
27638
27629
27611
27612
27594
27593
27577
27570
27569
27576
27575
27568
27559
25705
27545
27537
27538
27531
27532
27539
27547
27546
27560
27561
27548
27540
27533
27541
25703
27534
27527
27526
27525
27524
27530
27523
27516
27517
27509
27508
27491
27492
27493
27510
27518
27519
27520
27512
27513
27495
27511
27494
27485
27470
27471
27486
27487
27488
27496
30139
30140
30141
30142
30143
27542
25704
27564
27562
27563
27571
30144
30145
27578
27596
27614
27595
27613
27632
27641
27648
30146
30147
27655
27662
30148
30149
27669
27676
30150
30151
27683
27690
25707
25708
27697
27706
27705
27713
27704
27696
27689
27695
27703
25709
27712
27721
27720
27738
27755
27771
27781
27792
27810
27793
27782
27783
27794
27795
27784
27773
27757
27772
27756
27739
27740
27722
27723
27724
25711
27741
25712
27758
30155
30154
30153
27715
27714
27707
27698
30152
22948
22949
22950
22937
22936
22925
22926
22910
22909
22894
20623
22893
22881
20622
22882
22866
22865
22854
22843
22832
22816
22799
22818
22801
22789
22774
22790
22775
22776
22758
22759
22741
22742
22760
20834
22793
22777
20835
22761
22743
22744
22762
22745
22718
22719
22702
22701
22700
22699
22716
22717
20833
22715
22698
22681
22682
22683
22684
22685
22686
22703
22704
22720
22748
22732
22750
22751
22733
22734
22724
22725
25252
25251
25250
25249
22674
22662
22652
22651
22641
22642
25248
25247
22631
22630
22629
22628
22639
22640
20829
20831
22661
22673
22691
22708
22707
22723
22722
22706
22689
22690
22672
22671
22660
22650
22649
22638
22627
22626
22637
22648
22658
22659
22670
22669
22687
22688
22705
20832
22721
22731
22749
22767
22768
22769
22770
22752
25253
22735
22753
22771
22786
25254
25255
22815
20836
22798
22797
22785
22784
22796
22783
22795
22794
22782
22781
22766
22765
22747
22746
22764
22763
22778
22779
22780
22809
22808
22823
22824
22825
22810
22811
22826
22827
22812
22813
22814
22829
22830
22841
22852
22853
22842
22831
25256
25257
25258
22864
22863
22862
22851
22850
22839
22840
22828
22838
22849
22860
20842
22876
22877
22861
22878
22890
22891
22879
22880
25259
25260
22892
22908
22907
22906
22905
22889
22888
22887
22875
22874
22873
22872
22871
22870
22869
22885
22897
20845
22913
20846
22929
22941
22940
22952
22953
20853
22954
20850
22942
22930
22916
22900
22901
22917
22918
22902
22903
22904
22921
22920
22919
20847
22931
22932
22945
22944
22943
20849
20851
22955
22971
22972
22956
22973
22957
22958
22959
22946
22934
22933
22922
22923
22924
22935
22947
22960
22976
22975
22974
22986
22987
22988
25261
25262
23000
22999
22998
23014
23027
23026
23013
23012
23011
23025
23024
23023
23010
22994
22995
22996
22997
22985
22984
22983
22982
22970
22969
22968
22967
22966
22965
22981
22993
23005
23006
23007
23008
23009
23037
23038
23039
23040
23041
23042
23057
23058
23043
20858
23015
23016
23028
23044
23059
23070
25263
25264
23081
23092
25265
25266
23103
23114
25267
25268
23124
23123
23113
23102
23091
23090
23101
23112
23122
23133
23134
23135
25269
23145
23155
25270
25271
23165
23176
20867
23164
23163
23162
23174
23189
23209
23208
23207
23206
23205
23215
23204
23184
23183
20866
23140
20865
23129
23118
23108
23097
23098
23109
23099
23110
23120
23119
23130
23131
23141
23142
23132
23121
23111
23100
23089
23088
23077
23078
23079
23080
23069
23068
23067
23056
23055
23066
23065
23076
23087
23086
23075
23064
23054
23053
23052
23051
23050
23036
23035
23034
23049
20861
23033
23022
23021
23032
23031
20859
23019
20857
23003
20855
22991
20854
22979
22978
22962
22961
20624
22977
22990
22989
23001
23017
23002
23018
23030
23046
23029
23045
30160
30159
30158
27814
27797
30157
30156
27786
27775
27774
27785
27796
27813
27812
25715
27811
25716
27828
27829
27830
27831
25717
27848
27857
30161
30162
27866
27875
30163
30164
27884
27893
30165
30166
27901
27910
30167
30168
25723
27926
27919
27918
25722
27909
27908
27899
27900
27892
27883
27882
27891
27890
27898
27907
27916
27924
27917
27925
27953
27940
27941
27942
27956
27957
27975
27974
27973
27955
27954
27972
27971
27989
27988
27970
27952
27939
27938
27951
27950
27949
27936
27937
27923
27915
27906
27897
27889
27880
27871
27862
27853
27841
27842
27843
27844
27854
27863
27872
27881
27873
27874
27865
27864
27855
27856
27847
27846
27845
27827
27826
27809
27808
27825
27824
27807
27806
27823
27822
27840
27839
27838
27837
27836
27819
27820
27821
27805
27804
27803
27802
27801
27790
25714
27779
27762
27761
27778
27777
25530
27776
27787
27798
27815
27832
27858
25531
27867
25532
27876
25533
27885
25534
27902
27903
27904
27895
27894
25720
27886
27877
27868
27869
27860
25719
27859
27850
25718
27849
27833
27816
27799
27788
27789
27800
27818
27817
27834
27835
27851
27852
27861
27870
27879
27888
27878
27887
27896
27905
25721
27914
27922
25725
27931
27930
25724
27929
27921
27913
27912
27911
25535
27920
27927
27928
27944
27959
27960
27961
27978
27979
27997
27998
28007
28018
28017
28006
27996
28005
28016
28015
28025
25536
28014
28003
27994
28004
27995
27977
27976
27958
27943
35305
33115
33133
33114
33132
33131
33130
30640
33147
33148
33149
33167
33166
33165
30641
33174
33175
33183
35306
35307
33191
33190
33182
30642
33198
33199
35308
33208
33207
33206
30644
33214
33215
33231
33248
35309
35310
33254
33253
33247
30646
33230
30645
33246
33245
33244
33228
33229
33213
33205
33197
33189
33181
33173
33164
33163
33162
33146
33128
33129
33111
33112
33113
33103
33102
33101
33091
33081
33071
33072
33073
33083
33082
33092
33093
33104
33105
35304
35303
33095
33094
33084
33074
33063
33064
33085
35302
35301
33075
33065
35300
35299
33055
33045
35298
35297
33035
33034
33033
33023
33024
33025
35296
35295
33015
33014
33013
33012
33022
33032
33043
33044
33054
33053
33052
33062
33061
33051
33042
33041
33031
33021
33011
33001
32991
32981
32982
32992
33002
33003
33004
33005
35294
32995
35293
35292
32985
32984
32994
32993
32983
32974
32975
27759
25529
27742
27725
27726
27743
27760
25713
27744
27745
27728
27727
25710
27716
27708
25528
27699
25527
27691
25526
27730
27731
27748
27749
27732
27733
27750
27766
27765
27764
27763
27747
27746
27729
27717
27709
27700
27692
27685
27678
27671
27664
27657
27650
27643
27634
27618
27617
27616
27599
27581
27582
27600
27619
27601
27583
27573
27566
27552
27551
27550
27543
25515
27535
25514
27528
25513
27521
25512
27514
25511
27497
35280
32603
32586
32569
32553
32544
32543
30615
30614
32534
32535
32526
32525
32516
32517
35279
35278
35277
35276
32439
32456
32455
32438
32437
32436
32454
32453
32470
32471
32488
32487
32504
32514
32505
32489
32472
32473
32490
32507
32506
32515
30613
32524
32533
32542
32550
32549
30616
32540
32541
32532
32523
32513
32512
32503
32486
32485
32484
32467
32468
32469
32452
32434
32435
32420
32419
32418
32402
32417
32432
32433
32451
32450
32466
32449
32448
32465
32482
32481
32480
32497
32498
32499
32500
32483
32501
32502
32511
32521
32522
32531
32530
32539
32548
30617
32565
32566
32567
32568
32551
32552
30618
32585
32584
32583
32582
32599
32598
32581
32580
32597
32615
32616
30621
32632
32633
32634
32619
32618
32617
32600
32601
32602
32620
32635
32636
30622
32644
32661
32676
32675
32660
32659
32674
32691
32692
32693
32703
32713
27549
25516
27565
25517
27572
27579
27580
27598
27597
27615
25518
27633
25519
27642
25520
27649
25521
27656
25522
27663
25523
27670
25524
27677
25525
27684
35288
35287
32848
32839
35286
35285
32830
32821
35284
35283
32810
32800
35282
35281
32790
32780
32764
32763
32745
32746
32730
32729
32728
32744
32743
32727
32711
32712
32702
32701
30627
32700
30626
32689
32690
32673
32672
32671
32656
32657
32658
32643
32642
32641
32640
32655
32670
32669
32654
32653
32668
32685
32684
32667
32652
32651
32650
30624
32666
32683
32682
32698
32708
32720
32719
32718
32734
30630
32717
32707
32697
32696
32695
32705
32706
30628
32716
30629
32733
32750
32751
32767
32783
32793
32803
32802
32792
32782
32766
30631
32749
32748
32747
32731
32732
32715
30374
32714
32704
30373
32694
30372
32677
30371
32662
30370
32645
30369
32637
30368
32621
32622
32638
32646
32663
32678
32679
32664
32665
30625
32680
32681
32648
32649
32628
32629
32613
32630
32631
32614
32596
32579
32564
32563
32562
32577
32578
32595
32594
32612
32611
32610
32627
32626
32609
32591
32592
32593
32576
32575
32574
32573
32590
32608
32625
32624
32639
32647
30623
32623
32607
32606
32588
32605
32604
32587
30367
32570
30366
32554
32545
30365
32536
30364
32527
30363
32518
30362
32508
30361
32491
32474
32457
32440
32425
32426
32441
32442
32443
32444
32461
32478
32477
32460
32476
32459
32458
32475
32492
32493
32509
32519
32528
32537
32538
32547
32546
32556
32555
30619
32571
30620
32589
32572
32557
32558
32559
32560
32561
32529
32520
32510
32494
32495
32496
32479
32463
32462
32445
32446
32464
32447
32429
32430
32431
32416
32415
32414
32413
32428
30612
32412
32401
32391
32381
32371
32361
32352
32342
32332
32322
32312
32303
32293
30607
30605
32268
32269
32270
32271
32272
32246
32247
32248
32258
32257
32256
30603
32273
32274
32285
32286
32297
32296
32295
32284
32283
32294
32304
32305
32306
32307
32315
32325
32335
32334
32324
32314
32313
32323
32333
32343
32344
32345
32346
32336
32337
32327
32326
32316
32317
32308
32298
32287
32276
32275
32259
32260
32277
32288
32299
32309
32318
32328
32338
32348
32347
32357
32356
32355
32354
32353
32362
32363
32373
32383
32372
32382
32392
32393
32403
32404
32394
32395
32385
32384
32374
32364
32365
32375
32366
32358
32367
32377
32387
32376
32386
32396
32397
32407
32406
32405
32421
32422
32423
32424
35275
35274
35273
35272
35271
35270
35269
35268
35267
35266
35265
30608
30606
30604
32261
35264
35263
32251
32241
35262
35261
30599
32231
32240
32250
32249
32239
32230
32213
32214
32205
32204
32193
32182
32183
32194
30598
30596
32195
35260
35259
32184
32174
32158
32157
32173
32172
32156
30592
32145
30590
32134
32133
32144
32130
32131
32132
32117
32118
32135
32136
32146
32147
32137
32138
32148
27077
27061
27062
27063
27045
27054
27055
27046
27037
27027
27012
27036
27026
27011
27010
27009
27025
27035
27044
27053
27052
25490
27043
25489
27034
25488
27024
25487
27008
26998
25486
26980
26999
26981
26982
26983
27000
27001
26984
26966
25672
26957
26941
26942
25670
26943
26944
26926
26927
26945
26969
26987
26986
26968
26967
26985
27013
27014
27015
27016
27017
27018
27019
27020
27003
27002
26990
26989
26988
26970
26971
26972
26973
26991
26992
26974
26975
26993
26994
26995
27006
27007
25673
27023
25674
30119
27033
25675
25676
25677
25679
25681
25682
30120
27120
30121
30122
25688
27152
27151
27162
27163
27174
25690
25691
30123
30124
27224
30125
30126
30127
30128
30129
30130
27274
27284
27295
27294
27283
27273
27272
27282
27293
27292
27307
27306
27291
27290
27279
27269
27270
27280
27281
27271
27260
27259
27248
27237
27238
27220
27219
27218
27208
27209
27192
27191
27180
27169
27158
27148
27149
27159
25689
27170
27182
27181
27193
27210
27211
27221
27239
27240
27251
27250
27249
27261
27262
27263
27252
27241
27223
27222
27213
27196
27195
27212
27194
27183
27184
27185
27173
27172
27171
27160
27161
27150
25686
27134
25685
27117
25684
27116
27133
27132
27115
27104
27093
27082
27083
27084
27085
27075
27086
27097
27096
27095
27094
27105
27106
27107
27108
27118
27135
27136
27119
27109
27098
27087
27076
25678
27060
27051
27042
27032
27041
27031
27022
27005
27004
27021
27030
27040
27049
27050
27059
27058
27074
27073
27057
27048
27039
27029
27028
27038
27047
27056
27072
27071
27070
27069
27068
27067
25680
27066
27065
27064
27080
27081
27091
27090
27079
27078
27089
25491
27088
25492
27099
27100
27111
27110
27121
27137
27122
27138
27139
27123
27124
27125
27126
27114
27113
27112
25683
27101
27102
27092
27103
27127
27128
27129
27130
27131
27147
27146
27145
27144
25687
27143
27142
27141
27140
27155
27156
27157
27168
27167
27166
27177
27176
27165
27154
27153
25493
27164
25494
27175
25495
27186
27197
27198
25692
27214
27215
27227
27244
27255
27266
27267
27256
27245
27228
27216
27217
27200
27199
27187
27188
27189
27178
27179
27190
27201
27202
27203
27204
27205
27206
27207
27235
27236
27247
27258
27234
27233
27232
27231
27230
27229
27246
27257
27268
27278
27289
27277
27276
27275
25693
27265
27254
27243
27226
27225
25496
27242
25497
27253
25498
27264
25499
27285
27296
25500
27312
27322
27338
27339
27313
27297
27286
27287
27288
25694
27298
27299
27300
27301
27302
27303
27304
27305
27316
27331
27332
27317
27318
27319
27308
27309
27310
27311
27321
27336
27335
27320
27334
27333
27349
27348
27347
27364
27363
27362
27344
27345
27346
27330
27329
27328
27327
27326
27325
25697
27342
27343
27361
25698
27360
27359
27385
27395
27405
27415
27424
25700
27414
27404
27394
27384
27375
27376
27358
27341
27324
27315
27314
25695
27323
25696
27340
27357
27356
27374
27373
27355
27354
27372
25501
27383
25502
27393
25503
27403
25504
27413
25505
27423
25506
27438
25507
27447
25508
27456
25509
27465
27473
25510
27489
27474
27475
27476
27477
27466
27457
27448
27439
27425
27426
27427
27428
27429
27430
27431
27416
27406
27396
27397
27387
27386
27377
27365
27366
27378
27379
27388
27398
27408
27407
27417
27432
27433
27442
27443
27444
27453
27454
27455
30137
30136
27446
27445
27436
27437
27422
30135
27412
30134
30133
27402
27401
27400
27410
27411
27421
27420
27435
27434
27419
27418
27409
27399
27389
27390
27391
27392
30132
25699
27371
27370
27382
27381
27380
27367
27368
27350
27351
27369
27352
27353
27337
30131
22414
22415
22404
20612
22403
22386
20611
22374
20610
22375
22387
22388
22376
22364
22363
20809
22352
22351
20609
22339
20608
22327
20607
22328
22340
22353
22341
22342
22330
22329
22317
22303
20806
22302
22316
22315
22286
22272
20606
22273
22287
22288
22274
22275
22289
22304
22318
22319
22305
22290
22276
22277
22262
22263
22246
20804
22245
22233
22221
22209
22220
22208
22195
22194
22193
22207
22219
22230
22231
22232
22244
22261
22260
22243
22242
22259
22258
20605
22241
20604
22229
20603
22217
22218
22206
22205
22192
20602
22180
22181
22182
22183
22165
22164
20799
20601
22163
22149
20600
22139
20599
22130
20598
22121
20597
22112
20596
22103
22093
20595
22077
22078
22094
22095
20796
22104
22105
22114
22113
22122
22123
22132
22131
22140
22150
22151
22152
22141
22142
22133
22124
22115
22106
22097
22096
22079
22063
22062
22061
30118
26997
26996
26978
26979
26963
26962
26961
26977
26976
26960
26959
26958
25671
26949
26950
26932
26931
26930
26948
26947
26946
26928
26929
26917
26918
26910
26919
26933
26951
25668
26934
26935
25669
26952
26953
26937
26936
26920
25666
26914
26913
26912
26911
26904
26896
26897
26898
26905
26906
30117
26899
26884
26883
25663
26876
26868
26860
25660
26852
26853
26854
26861
26862
26855
25658
26830
26820
26819
26811
25655
26802
26801
25654
26810
26800
26791
26782
26773
26762
26763
26746
26747
26764
26765
26774
26783
25652
25653
26792
26793
26784
26775
30116
26766
26749
26732
26731
26748
26730
26729
26712
26713
26695
26696
26714
26715
26697
26679
26672
30115
25648
26671
26656
26657
30114
30113
26650
25646
26633
30112
30111
30110
30109
30108
26610
26616
26622
26627
26649
26655
26670
26678
26694
26693
26692
26710
26711
26728
26745
26744
26761
26772
26781
26780
26789
26790
26799
26798
26807
26808
26809
25656
26818
26828
26829
26839
26838
26837
26827
26826
25657
26817
26816
26825
26835
26836
26850
26851
26859
25661
26866
26867
26875
26882
26895
26903
26909
25665
26902
26893
26894
26881
26874
26873
26865
26858
26849
26848
26847
26846
26845
26844
26843
26842
26832
26901
26908
26916
26925
26924
26923
26922
25667
26939
26940
26956
26955
26965
26964
25485
26954
26938
26921
25484
26915
25483
26907
25482
26900
25481
26885
25480
26878
25479
26871
25478
26863
25477
26856
25476
26840
26831
25475
26821
25474
26812
25473
26803
25472
26794
25471
26785
25470
26776
25469
26767
25468
26750
25467
26733
25466
26716
25465
26698
26680
26681
26682
26675
26685
26686
26687
26706
26688
26689
26690
26668
26667
26666
26665
26664
26663
26662
26661
26660
26659
26674
25464
26673
26658
26651
25463
26634
26635
26652
26636
26637
26653
26638
26639
26640
26641
26642
26643
26644
26645
26631
26625
26620
26614
26608
26602
26595
26589
26580
26579
26563
26562
26578
26577
26561
26560
26576
26575
26574
26559
26558
26557
26573
26572
25641
26556
25640
26525
26530
26536
26542
26548
26555
26571
25456
26570
26586
25457
26587
25643
26593
26588
26594
26601
26607
26613
26619
26624
26630
26629
25462
26628
26623
25645
26618
25461
26617
26611
25460
26612
26606
26600
25458
26599
25459
26605
35236
35237
35238
35239
35240
35241
31738
31737
31745
31752
31768
31785
31769
35242
35243
31787
31786
30560
31796
31805
31814
31813
31812
31821
31820
31811
31803
31804
31795
30562
31802
31810
31794
31784
31767
31766
31783
31782
31793
31792
31781
31780
31779
31778
31777
31760
31761
31762
31763
31749
31764
31765
31750
31751
31744
31743
31742
31720
31712
31705
31714
31722
31734
31735
31736
31723
31715
31708
31700
31692
31683
31684
35235
35234
35233
30551
31642
31641
31640
31639
31656
31655
31638
31622
31621
31637
31654
31653
31636
31635
31652
31651
31634
31633
31650
31649
31632
31631
31620
31619
31618
31629
31628
31627
31626
31643
31644
31660
30553
31667
31675
31674
30337
31685
30338
31693
30339
31701
31702
30556
31709
31717
30340
31716
31724
30341
31739
30342
31746
31753
31770
31788
31789
31797
31806
31815
40688
37043
37042
37056
37057
40689
40690
37070
37069
37086
37087
35679
37104
40692
40691
40693
37121
37120
37131
40694
37132
35683
37142
37141
37130
37119
35680
37103
37102
37118
37101
37066
37053
37054
37067
37084
35678
37085
37068
37055
37041
37040
37039
37038
37037
37051
37052
37065
37064
37083
37100
37117
37129
37140
37154
37165
37177
37189
37190
37178
37166
35684
37155
37167
37168
37156
37157
40695
40696
37169
37181
40697
40698
37193
37208
40699
40700
37221
37220
37207
37192
37180
37179
37191
37206
37219
35689
37232
37246
37247
37233
37234
40701
37248
37262
37261
37260
37259
37245
37231
37244
37243
37230
37229
37228
37215
37202
37201
37200
37214
37227
37240
37254
37268
37284
37301
37283
37282
37281
37299
37298
37312
35694
37329
35695
37341
35697
37353
37367
37368
37385
37384
37383
37366
37365
37352
37340
37328
37327
37339
37351
35474
37364
37381
37382
37399
37412
37429
37413
37400
37401
37402
37415
37414
37430
37431
37432
37433
37446
37445
37444
37443
37442
37441
35476
37428
35475
37411
37398
42871
42870
42869
42868
42852
42836
42837
42821
42822
42838
42853
42854
42855
46233
42839
42823
42807
42791
46232
46231
42775
42774
42790
42789
42806
42805
42804
42820
42819
42803
42787
42788
42772
42771
42786
42802
42801
42785
42784
42768
42752
42753
42769
42770
42754
42755
42756
42739
42740
42757
42773
42758
42759
46230
42742
42741
42724
42708
42709
42725
42726
42710
42693
42678
46229
42661
46228
46227
42644
42627
46226
46225
42610
42594
42577
42561
42560
42576
42593
42609
42626
42592
42608
42625
42642
42643
42660
42659
41102
42658
42675
41103
42676
42677
42692
42691
42690
42689
42707
42723
42738
41107
42706
42705
42704
41106
42721
42722
42737
42736
42735
42734
41109
42719
42701
42702
42720
42703
42686
42687
42688
42674
42657
42640
42641
41101
42624
41100
42607
42591
42574
42575
42559
42543
42526
42527
42528
42544
42545
46224
46223
46222
42512
42511
42510
42497
42496
42509
42525
42542
42558
41097
42541
41095
42524
41094
42508
42495
42494
42493
42480
42481
42482
42483
42484
42471
41091
42454
42455
42472
42485
42498
42499
46221
46220
42486
42473
46219
42456
42443
46218
42430
42418
46217
46216
42406
42393
42380
42379
42392
42405
42404
42391
42378
42377
42390
42389
41086
42375
42357
41084
42341
42342
42343
42326
42315
42302
42292
42283
42273
42263
42253
41079
42291
42282
42272
42262
42252
42243
42242
42241
42250
42251
42261
42271
42281
42290
42289
42280
42270
42260
42269
42259
42249
42232
42233
42224
42215
42234
42225
42216
42207
42206
42196
42205
42214
42223
42222
42213
42204
42195
42185
42175
42176
42186
42187
42197
42198
42188
42178
42177
42167
42166
41067
42154
42153
42138
41065
42139
42155
42168
42156
42140
42141
42126
42127
42142
42143
42128
42129
42144
42145
42157
41068
42169
42179
42180
42181
42182
42192
46203
46202
42172
42160
42171
42170
42158
42159
42147
42146
42132
42133
42134
42148
42149
42161
46201
46200
42091
42090
42106
42107
41061
42119
42118
42105
42104
42117
42116
42131
42130
42115
42103
42102
42101
42100
42099
42098
42097
41060
42114
42125
42124
41063
42113
42112
42123
42137
42152
42165
41069
42174
41070
42184
41071
42194
41073
42203
41074
42212
41075
42221
41076
42230
42231
42240
42239
41078
42248
42258
42268
42278
42279
42288
42298
42297
42308
42307
42306
40880
42320
42330
42347
42363
42381
40881
42394
42407
42419
40882
42431
40883
42444
42457
42474
42475
42488
42487
51198
51197
48176
48168
48167
48166
46671
48157
48158
48142
48141
48140
48123
48124
48125
48127
51196
51195
48119
48111
48103
48104
46665
48095
48094
48093
48092
48074
48057
48058
48059
48075
48076
48077
48060
51194
51193
51192
51191
48031
48030
48039
48040
48049
48048
48047
48038
48037
48046
48045
48036
48027
48028
48029
48020
48013
48021
48022
51190
51189
48014
48005
51188
51187
47996
47987
51186
51185
47978
47970
51184
51183
47961
47944
51182
51181
47927
47920
51180
51179
46653
47911
47894
46652
47878
47863
46650
51176
51177
51178
42150
42135
42120
42109
42110
42108
42092
42080
42067
42068
42044
41051
42029
41049
42014
42013
41997
41979
41963
41954
41955
41964
41965
41966
41967
41983
41982
41981
41980
41998
41999
42015
42030
42045
41053
42058
42046
42031
41050
42016
42000
42001
42002
42017
42018
42032
42047
42059
42073
42085
41055
42060
42048
42033
42034
42035
42036
42021
42020
42019
42004
42005
42006
41987
41986
41985
42003
41984
41968
41957
41947
41937
41938
41928
41918
41908
41907
41041
41892
41891
41875
41874
41857
41856
41839
41840
41841
41858
41859
41876
41877
41878
41861
41845
41844
41843
41860
41842
41830
41035
41831
41820
41034
41819
41804
41032
41789
41788
41818
41829
41838
41855
41854
41871
41872
41873
41890
41906
41916
41926
41925
41915
41905
41889
41888
41904
41913
41914
41924
41923
41933
41934
41935
41936
41946
41044
41956
41945
41944
41943
51167
47651
47650
46632
47625
46633
47642
51166
51165
47609
51164
51163
47599
47583
51162
51161
47572
47542
47543
46628
47560
51160
51159
51158
47531
47519
51157
51156
47507
47506
47505
47504
47492
47480
46622
47479
47491
47490
47502
47503
47515
47514
47526
47538
47539
47527
47528
47516
47517
47518
47530
47529
47540
47541
47559
47571
47582
47598
47608
47607
47597
47581
47580
46630
47596
47606
47624
47640
47641
47649
47648
47647
47639
47623
47622
47638
47637
47621
47620
47636
47635
47619
47618
47634
47660
47661
47662
47663
47664
47678
47679
47680
47698
47714
47697
47696
47695
47677
47676
47675
47693
47692
47674
47659
47658
47673
47691
47707
47708
47709
47710
47694
47711
47712
47713
46639
47723
47733
47732
47748
47763
47762
47745
47746
47747
47764
47765
47776
47787
47788
47777
47767
47766
47749
47750
47751
47734
47724
47735
47725
47716
47715
47699
47681
47665
47666
47667
47682
47700
47683
47668
47669
47684
47702
47701
47717
47718
47726
47736
46641
47727
46642
51168
51169
51170
51171
47792
47791
47780
47781
47770
46643
47753
47752
47768
47769
47779
47778
47789
47790
47801
47800
46647
47817
47818
47802
47803
51172
51173
47820
47819
47836
51174
51175
47846
47845
47835
46648
47834
47844
47862
47877
47893
47910
47909
47892
47891
47876
46651
47860
47861
47843
47833
47799
47798
47816
47815
47814
47813
47812
47811
47810
47826
47827
47828
47829
47830
47831
47832
47842
47859
47858
47875
47874
47857
47856
47873
47887
47888
47905
47906
47889
47890
47907
47908
47917
47924
47904
47903
47886
47885
47871
47872
47855
47854
47853
47870
47884
47902
47901
47900
46654
47916
47923
47933
47964
47972
47981
47990
47999
48008
48016
48025
48034
48043
46660
48066
48084
46662
48083
48065
48064
48054
48053
48052
48051
46661
48062
48063
48082
48081
48080
48098
48099
46664
48107
48114
46666
46667
48122
46668
48130
48147
48146
48145
48128
46426
48129
48121
48120
48112
48113
48106
48105
48096
48097
48079
48078
48061
46425
48050
48041
46424
48042
48033
46423
48032
48023
46422
48024
48015
46659
48007
46421
48006
47997
46420
47998
47989
47980
46418
47979
46419
47988
56766
56767
52897
52908
56768
56769
56770
52918
52907
52906
52895
52896
52885
52886
52875
52874
52863
52864
56765
52854
52853
52852
52862
52873
52884
52883
52894
52905
52915
52926
52936
52945
52946
52955
52956
52947
52938
52937
52927
52916
52917
52928
52929
51645
56771
56772
56773
52973
52954
52971
52972
52989
52990
52991
53001
53000
53015
53016
56774
56775
56776
53045
53061
53060
53078
56777
56778
53095
53108
56779
56780
53121
53134
56781
56782
53151
53164
53165
56783
56784
53179
53194
53193
53206
53205
53222
53223
53207
51660
56785
56786
56787
53272
53285
56788
56789
53298
53297
53315
53316
51665
53332
53314
53296
53283
53284
53271
53256
53239
53238
53237
53221
53204
53203
53190
53175
53161
53160
53174
53173
53188
53189
53202
53219
53220
51661
53236
53254
53255
53270
53269
53282
53295
53313
53330
51664
53331
53348
53360
53361
53349
53350
56790
53378
53377
53395
53413
53430
53445
53444
53429
53428
53427
53411
53393
53394
53412
53396
56791
56792
53446
51668
53454
51669
53470
53471
56793
53503
53561
53560
53577
53578
51677
53588
53579
53580
53589
53598
56798
56799
53607
53606
53597
53605
53614
53613
53604
53595
53596
53587
53586
53576
53559
53558
53575
53574
53573
53572
53555
53554
53571
53570
53553
53537
53538
53539
53540
53556
53557
53541
53542
53514
53513
53497
53498
53482
53465
53466
53467
53468
53485
53469
53453
53443
53442
51667
53426
53425
53408
53407
53406
53388
53371
53372
53373
53374
53391
53409
53410
53392
53375
53376
53359
53347
53346
53312
53294
53293
53292
53279
53280
53281
53268
51662
53253
53252
53251
53267
53266
53265
53249
53250
53234
53235
53218
51659
53201
51658
53187
53172
53158
53159
53146
53129
53116
53103
53090
53073
53074
53075
51653
53091
53104
53117
53130
53147
51654
53148
53162
53176
53191
53192
53178
53177
53163
53149
53150
53133
53120
53119
53132
53131
53118
53105
53092
53093
53106
53107
53094
53077
51652
53076
53059
51651
53042
53043
53044
53033
53032
53031
53041
51650
53058
53030
53012
53013
53014
52999
52988
52998
51647
52987
52970
52969
52986
52985
52997
51648
53011
53029
53028
53040
53057
53056
53039
53027
53026
53010
53009
53025
53055
53072
53089
53102
53115
53128
53145
53144
53143
53142
53087
53088
53071
53070
53054
53053
53069
53086
53085
53084
53083
53066
53050
53065
53082
53098
53110
53097
53080
53081
53064
53063
53047
53048
53049
53037
53005
53004
52994
52995
52977
52962
52952
52943
52934
51644
52924
52913
52903
52892
52881
52869
52858
52832
52821
52820
52831
52856
52842
52830
52819
52809
52797
52798
51635
52810
52799
51634
52783
52771
52784
52785
52786
52787
52788
52789
52772
52761
52762
52773
52774
52763
52752
52751
52750
52739
52740
52728
52727
52716
52715
52698
52714
52697
52696
52695
52694
52713
52712
52711
52710
51629
52726
51630
52738
52748
51632
52749
52760
52759
52770
52782
52781
52780
52769
52758
52747
52746
52757
52768
52779
52796
52795
52778
52767
51421
52766
52777
52794
52806
52807
52808
51636
52818
51637
52829
52841
52855
51640
52840
52839
52828
52817
62358
58642
58656
62359
62360
58670
58669
58655
58641
58629
62357
62356
58612
58595
58594
58577
58578
62355
62354
58564
58563
58549
58535
58536
58550
62353
58522
58521
58520
58506
58507
58508
62352
62351
58494
58493
58492
58505
58519
57198
58534
58548
58562
58576
58593
58610
57199
58611
58628
58627
57200
58626
58639
58640
58654
58653
58667
58668
58682
58683
58684
62361
62362
58698
58697
58710
58711
62363
62364
58725
58724
58723
58737
58736
58722
58708
58709
58696
58695
58681
58666
58652
58638
58637
58651
58665
58679
58680
58694
58693
58706
58707
58721
58720
58734
58735
58749
58748
58764
58765
58766
58785
58798
58799
58786
58768
58767
58750
58751
58752
58738
58739
62365
62366
58753
58770
58769
58787
58788
58800
58816
62367
62368
58844
58830
58815
58814
58828
58829
58843
58857
58858
62369
62370
58875
58874
58873
58886
58901
58914
58915
58902
58887
58888
62371
62372
58903
58916
58933
58950
58932
58949
58948
58931
58930
58929
58913
58912
57209
58900
58885
58872
57208
58855
58856
58842
58841
58827
58813
58797
57205
58784
58783
58782
58795
58796
58811
58812
58826
58825
58839
58840
58854
58853
58871
58884
58898
58897
58896
57210
58852
58838
58824
58810
58809
58808
58807
57207
57206
58806
58794
58778
58779
57204
58780
58781
58763
58762
58761
57203
58747
58733
58732
58731
58745
58746
58759
58760
58777
58776
58775
58758
58744
58743
58757
58756
58742
58741
58727
58728
58729
58730
58716
58715
58701
58702
58690
58691
58704
58703
58717
58718
58719
58705
58692
58678
58677
58663
58664
58650
58636
58620
58621
58622
58623
58606
58589
58573
58590
58607
58624
58625
58608
58609
58592
58591
58574
58575
58561
58547
58533
58532
58546
58560
58559
58545
58531
58517
57197
58518
58504
58490
58491
58477
57196
58478
58479
58463
58480
62350
62349
58450
62348
58437
58436
58424
58423
58410
58411
58425
58412
58400
62347
58388
58387
58399
58398
58386
58385
58397
57190
57192
58409
58422
57193
57195
58434
58435
58448
58449
58462
58461
58447
58460
58476
58503
58489
58474
58475
58459
58446
58433
58421
58408
58396
58384
58373
58355
58372
58371
58370
58369
58368
58383
58395
58394
58393
58392
58404
57191
58405
58418
58417
58416
58415
58427
57194
58428
58429
58430
58443
58456
58470
58457
58444
58431
58419
58406
58407
58420
58432
58445
58458
58471
58472
58473
58488
58502
58516
58530
58544
58543
58529
58515
58501
58487
58486
58469
58468
58467
58484
58498
58497
58496
58510
58524
58538
58525
58511
58512
58513
58499
58485
58500
58514
58528
58542
58541
58527
58526
58540
58539
58553
58552
56981
58537
56982
58551
58565
56983
58566
58567
58581
58598
58599
58582
58568
58554
58555
58556
58557
58558
58572
58571
58570
58569
58583
58600
58615
58614
58597
58580
58579
58596
58613
58630
57201
58631
58632
58616
58617
58633
58647
58646
58645
58659
58660
58661
58648
58634
58618
58601
58584
58585
58586
58587
58588
58605
58604
58603
58602
58619
58635
58649
58662
58676
58675
58674
58689
58688
58687
58673
58672
58658
58644
56984
58643
56985
58657
56986
58671
56987
58685
58686
57202
58699
58700
58714
58713
56988
58712
56989
58726
56990
58740
56991
58754
58755
58772
58771
58789
58790
58791
58773
58774
58792
58793
58805
58821
58822
58823
58837
58836
58835
58820
58804
58803
58819
58832
58818
58802
58801
56992
58817
56993
58831
56994
58845
58846
58847
58833
58834
58848
58849
58850
58851
58864
58863
58862
58861
58878
58860
58859
64395
64404
64420
64437
68032
64447
64463
64480
64489
64499
64498
64488
62831
64478
64479
64462
64446
64445
64461
64460
64444
64433
64434
64435
64436
64419
62827
62826
64403
64394
62825
62824
64375
64376
64385
64386
64377
68031
68030
64367
64366
64365
64355
64338
64339
64356
64357
64340
68029
64331
64330
62822
64314
64315
64299
64298
64288
64289
64271
64270
64254
64255
64239
64238
64221
64222
68028
64213
64196
68027
68026
64186
64177
68025
68024
64167
64157
68023
64147
64156
64166
64176
64185
64195
64212
64211
64220
64237
64253
64269
64287
62819
62821
62820
64313
64297
64296
64295
64284
64285
64286
64268
62817
62816
64236
64235
64219
64234
64252
64251
64267
64283
64282
64281
64280
64279
64278
64277
62818
64294
64304
64305
64306
64307
64323
64322
64321
64320
64319
64318
64317
64301
64302
64303
64293
64275
64276
64260
64261
64262
64246
64247
64248
64263
64264
64265
64266
64250
64232
64233
64249
64231
64230
64229
64228
64245
64244
64259
64243
64242
64258
64257
64256
64240
64241
64224
62618
64223
64214
62617
64197
62616
64187
62615
64188
64189
64190
64200
64199
64198
64215
64225
64216
64217
62815
64226
64227
64218
64201
62814
64191
64181
64180
64179
64178
62813
64169
64168
62614
64158
62613
64148
62612
64138
62611
64139
64140
64141
64151
64152
64142
64143
64132
64122
64111
64100
64082
62810
64055
64047
64039
64038
64046
64054
62807
64062
64063
64072
64071
64080
64070
64079
64096
64107
64097
64081
64099
64098
64109
64110
64121
64131
64130
64120
64108
64119
64129
64128
62811
64118
64117
62610
64106
62609
64095
62608
64078
62607
64069
62606
64061
64053
62605
64045
62604
64037
62603
64029
64014
63998
62602
63990
62601
63982
62600
63974
62599
63957
62598
63948
62597
63949
62797
63958
63975
63983
63991
63992
63984
63985
63977
63978
63986
63994
64002
64003
64004
64005
64022
64021
64020
64019
64018
64001
62800
63993
64000
63999
64015
64030
62802
64031
64016
64017
64032
64040
64048
64056
64064
64073
64083
64084
64085
64086
64087
64088
64089
64090
64074
64065
64066
64075
64091
64092
64103
64102
64101
64112
64123
64133
64144
64154
64164
64153
64163
64162
64161
64160
64150
64149
64159
64170
64171
64172
64173
64182
64192
64202
64203
64204
64205
64206
64207
64208
64209
64210
64194
64184
64193
64183
64174
64175
64165
64155
64145
64134
64124
64113
64114
64115
64126
64125
64135
62812
64146
64136
64137
68022
68021
64127
64116
68020
68019
64105
64104
64093
64094
64077
64076
62809
62808
64067
64068
64060
64059
62806
62805
64042
64050
64058
64057
64049
64041
64033
62803
64025
64024
64023
64006
64007
64008
64009
63995
63987
63979
63980
63988
63996
64010
62801
64026
64011
62799
63989
68017
63997
64013
64012
64027
64035
64034
62804
64043
64051
64052
64044
64036
64028
68018
58523
56980
58509
56979
58495
56978
58481
56977
58464
58465
58482
58483
58466
58453
58454
58455
58442
58441
58440
58439
58452
58451
56976
58438
56975
58426
58413
56974
58401
58414
58402
58403
58391
58390
58389
56973
58378
58361
58348
58330
58331
58315
58314
58296
58285
58269
58253
58254
56972
58286
58297
58298
58287
58288
58270
57184
58255
58256
58238
57182
58227
58226
58237
58236
56971
58225
58215
58216
58217
58201
58200
58199
58188
56970
58177
58167
58151
58134
58118
56969
58135
58136
58153
58152
58178
58189
58190
58179
58168
57173
58169
58180
58181
58192
58191
58202
58228
58229
58218
57179
58203
58204
58205
58219
57181
58230
58240
58239
58257
58271
58272
58289
58299
58317
58316
58332
58333
58334
58318
58300
58301
58319
58335
58353
58352
58351
58350
58349
58362
58379
58380
58363
58364
58381
58365
58366
57189
58382
58367
58354
58336
58320
58302
58290
58273
58274
58275
58276
58260
58259
58258
57183
58241
58242
58243
58244
58245
58261
58262
58246
58247
58248
58264
58263
58279
58280
58292
58291
58278
58277
58306
58307
58324
58323
58305
58304
58303
58322
58321
58337
57187
58338
58339
58340
58341
58342
58356
58343
58344
58326
58325
57186
58308
58309
58310
58311
58327
58345
58358
58357
58374
57188
58375
58376
58377
62346
58360
62345
58347
58359
58346
58328
58329
58313
58295
58284
58283
58294
58312
58293
57185
58281
58265
58282
58266
58267
58268
58252
58251
58234
58235
62344
58224
58223
58213
58214
58198
58187
58176
58166
58165
58149
58150
58133
62343
62342
58117
58107
62341
62340
57166
58091
58074
62339
58063
58051
62338
58041
58025
58009
58008
57989
57990
57991
62337
57974
62336
62335
57962
57961
57973
57972
57971
57988
58006
58007
57161
58024
58040
58050
58061
58062
58073
58090
58106
58116
58132
58148
58147
57172
58164
57174
58175
58186
58197
58185
57176
57177
58196
58212
57178
57180
58222
58233
58250
58249
58232
58231
58220
58221
58195
58184
58183
58194
58211
58210
58209
58208
58207
58206
58193
58182
57175
58172
58171
58170
58155
58154
58138
58137
58121
58120
58110
58119
58109
58108
58092
58075
58064
56968
58052
58042
58043
68004
63651
63661
68005
63671
63681
68006
68007
63691
63690
63680
63670
63669
63679
63689
63705
63715
63716
63706
63707
68008
63717
63727
68009
68010
63737
62786
68011
63763
63780
68012
68013
63791
63790
63789
63806
63805
63816
63804
63787
63788
63777
62788
63760
62787
63744
63734
63735
63745
63761
63778
63779
63762
63746
63736
63726
63725
63724
63714
63704
63688
63687
63677
63678
63668
63658
63648
62784
63637
63636
63647
63656
63657
63667
63666
63676
63686
63703
63702
63701
63700
63699
63713
63723
63733
63743
63759
63758
63757
63774
63775
63776
63786
63803
63802
63801
63800
63799
63798
63797
63796
63813
63824
62790
63812
63795
63785
63768
63767
63766
63783
63784
63794
63793
62789
63782
63765
63748
63739
63740
63729
63719
63709
62785
63693
63683
63673
63663
63664
63674
63684
63695
63694
63710
63711
63721
63720
63730
63731
63741
63749
63750
63751
63769
63770
63771
63772
63773
63756
63755
63754
63753
63752
63742
63732
63722
63712
63696
63697
63698
63685
63675
63665
63655
63646
62783
63629
63630
63654
63645
63644
63653
63643
63626
62782
63609
63608
62582
63625
63642
62583
63652
62584
63662
62585
63672
62586
63682
62587
63692
62588
63708
62589
63718
62590
63728
62591
63738
63747
63764
62592
63781
62593
63792
62594
63809
62595
63820
62596
63831
63848
63849
63850
63833
63832
63821
63810
63811
63822
63823
63834
63851
63852
63853
63835
63836
63854
63870
63869
63868
63887
63888
63889
63871
63855
63837
63838
63856
63872
63873
63891
63890
63908
63909
63925
63942
63943
63926
63911
63910
63892
63874
63858
63857
63839
63840
63841
63842
63825
63814
63815
63826
63827
63817
63828
63829
63818
63807
63808
63819
68014
68015
63830
63847
63846
63862
63863
63881
63899
68016
63947
63932
62793
63915
62792
63898
63897
63879
63880
63861
63845
63844
63843
62791
63860
63878
63896
63914
63913
63895
63877
63876
63859
63875
63893
63894
63912
63928
63927
63944
63945
63946
63929
63930
63931
62794
62795
62796
63956
63973
63981
62798
63972
63971
63970
63955
63954
63969
63968
63967
63966
63965
63964
63963
63962
63953
63961
63960
63976
63959
63951
63952
63937
63938
63939
63940
63941
63924
63923
63922
63907
63906
63905
63921
63920
63936
63950
63935
63918
63919
63903
63904
63886
63885
63867
63866
63865
63883
63884
63902
63901
63917
63934
63933
63916
63900
63882
63864
69527
69511
69510
69526
69543
69544
69556
69555
69573
69572
69571
69554
69553
69552
68443
69539
69540
69541
69542
69525
69509
69508
69507
69524
69523
69506
69475
69476
69477
69460
69461
69462
69445
69478
69490
69479
68440
69491
69480
69463
69464
69481
69492
69493
69482
69465
69448
69432
69419
73827
69403
69388
69387
69373
69374
69357
69343
69342
69341
68432
69356
69372
69386
69401
69402
68437
69418
69431
69447
69446
69430
69417
69429
69428
69427
69416
69398
69397
69415
69414
68438
69426
69444
69459
69458
69443
69442
69441
69457
69456
69455
69440
69439
68439
69454
69470
69469
69453
69438
69437
69424
69425
69409
69410
69411
69393
68435
69380
69408
69407
69392
69391
69359
69345
69360
69377
69378
69379
69362
69363
69349
69350
68433
69364
69381
68436
69394
69412
69413
69395
69396
69382
69367
69366
69365
68431
68429
68430
69337
69351
69352
69368
68434
69383
69369
69370
69384
69399
69400
69385
69371
69355
69340
69339
69354
69353
69338
69325
69324
69311
69312
69313
69326
68428
69327
69328
69329
69316
69315
69314
68427
69300
69301
69302
69303
69287
69271
69255
73826
68421
69242
69230
69229
69228
69215
69216
69217
69201
69183
69164
69165
69149
69148
69147
69163
69181
69182
69200
69199
69198
69214
69227
69226
69213
69212
69225
69237
69238
69239
69240
69241
69253
69254
69270
69286
69285
69269
69268
69252
69251
69250
69266
69267
69283
69284
69299
69298
69282
69281
69297
69296
69295
69279
69280
69264
69263
69262
69261
68423
68424
69277
69293
68426
69292
69276
69260
69248
69235
68422
69236
69223
69224
69208
69209
69193
69194
69176
69177
69159
69160
69161
69179
69180
69162
69146
69145
69127
69128
69115
69116
69104
69103
69091
69090
69102
69114
68419
69126
69144
69143
69142
69158
69157
69141
69140
69156
69174
69192
69191
69207
68420
69190
69189
69188
69205
69206
69222
69234
69247
69258
69259
69275
69274
69290
68425
69291
69348
69361
69347
69346
69332
69331
69330
69344
68243
69358
69375
68244
69376
69390
69389
69404
69420
68245
69421
69405
69406
69422
69423
69436
69452
69468
69487
69488
69489
69471
69472
69473
69474
69503
69502
69501
69500
69517
69518
69534
69535
69519
69520
69521
69504
69505
69522
69538
69537
69536
69565
69564
69563
69551
69533
69532
69550
69549
69531
68442
69515
69516
69499
69498
68441
69497
69486
69485
69496
69513
69514
69530
69529
69546
69558
69575
69576
69559
69547
69548
69560
69578
69577
69594
69593
69609
69610
69611
68447
69620
69636
69635
68448
69619
69618
69608
69592
69591
68251
69607
68252
69617
69634
68253
69642
68254
69651
68255
69661
68256
69672
68257
69689
69690
69707
69706
69718
69734
68258
69745
68259
69762
69763
69746
69747
69735
68458
69719
68456
69708
69691
69673
68452
69662
69652
69643
69644
69653
69663
69674
69692
69709
69720
69736
69748
68459
69749
69737
69738
69750
69767
69766
68460
68462
69782
69783
69784
69800
69801
69819
69818
69817
69846
69847
69848
69849
69834
69835
69851
69850
69863
69875
69876
69864
69852
69853
69836
69824
69825
69837
69838
69826
69809
69808
69807
69806
69823
69822
69821
69820
69803
69802
69786
69785
69769
69768
69751
69752
69753
69754
69755
69772
69771
69770
69787
69788
69804
69805
69789
69773
69757
69756
69740
69739
69727
69726
69725
69724
69723
69722
69721
68457
69710
69711
68454
69695
69696
69697
69698
69681
69680
69679
69678
69677
69694
69693
68453
69675
69676
69664
69654
69645
69637
69621
69612
69595
68444
69579
69561
69562
69580
68445
69581
69582
69597
69596
69622
69623
69624
69625
69626
69627
69628
69613
69629
69638
69646
68451
69655
69666
69665
69682
69683
69684
69685
69668
69657
69667
69656
68450
69647
69648
69658
69669
69686
69687
69670
69659
69649
69640
69632
69631
69639
68449
69630
69614
68446
69602
69587
69601
69586
69585
69600
69599
69598
69583
69584
69566
69567
69568
69569
69570
69588
69603
69604
69605
69589
69590
69606
69615
69616
69633
69641
69650
69660
73828
69671
69688
69705
69717
69733
69732
73829
69744
69743
69760
69761
69778
69777
69776
69759
69742
69731
69715
69716
69704
69703
69702
69714
68455
69701
69700
69699
69712
69713
69728
69729
69730
69741
69758
69775
69774
69790
69791
69792
69793
69794
69810
69827
73830
69839
73831
69868
69856
69855
69854
69866
69867
69879
69880
73832
73833
69892
69891
69890
69878
69865
69877
69889
69888
69887
69898
69899
69911
69910
68470
69922
69923
69933
68471
69943
69960
69959
69975
68475
69976
69961
69944
69934
69924
69912
69900
69901
69913
69914
69902
69903
73834
73835
69915
69927
73836
69937
69936
69926
69925
69935
69945
69962
69978
69977
69986
69996
69995
70005
70015
70032
70050
68477
70033
70034
68478
70051
70067
70068
70069
70052
70035
70036
73839
70019
70018
70017
70016
70006
70007
69997
69987
69988
69979
69963
69946
69947
69964
69980
69989
69999
69998
70008
70009
73838
73837
64272
64273
64274
64292
64291
64290
64300
64316
62619
64332
62620
64341
62621
64358
62622
64368
62623
64378
62624
64387
62625
64396
64397
64389
64388
64379
64380
64370
64371
64372
64373
64363
64362
64361
64360
64369
64359
64342
64333
64334
64343
62823
64344
64335
64336
64345
64346
64347
64348
64349
64350
64351
64327
64326
64325
64324
64308
64309
64310
64311
64312
64329
64328
64337
64352
64353
64354
64364
64374
64384
64393
64402
64418
64417
64432
64431
64443
64458
64459
64476
64477
64487
64496
64497
64506
64515
64516
64507
64508
68033
68034
64517
64534
64552
64551
64533
64532
64550
64568
64567
64549
64531
64530
64529
64547
64546
64545
64544
64562
64563
64581
64580
64561
64579
64578
64577
64559
64560
64542
64541
64523
64524
64543
64525
64526
64527
64528
64495
62833
64486
64475
64474
64457
64456
64473
64472
64455
64454
64471
64470
64453
64452
62829
64442
64468
64469
62832
64514
64505
64504
64513
64503
64502
64492
64493
64494
64485
64484
64483
64482
64465
64449
64450
64466
62830
64467
64451
64441
64424
62828
64408
64409
64410
64425
64426
64427
64428
64429
64430
64416
64415
64414
64413
64412
64411
64401
64400
64391
64392
64383
64382
64381
64390
64399
64398
64407
64423
64440
64422
64406
64405
62626
64421
64438
62627
64439
62628
64448
62629
64464
62630
64481
64490
64491
62631
64500
62632
64509
62633
64518
64510
64501
64511
64512
62834
64521
64522
64540
64558
64557
64539
64538
64556
64574
64573
64591
64590
64597
64598
64605
64604
64621
64638
64648
64647
64656
64665
64673
64674
64683
64682
64681
62641
64672
62640
64664
64655
62639
64646
62638
64637
62637
64620
64603
62636
64596
62635
64589
62634
64571
64572
64555
64537
64520
64519
64536
64554
64553
64535
70232
70249
70261
70276
70291
68507
68505
70260
70247
70248
70231
70230
70218
68500
70219
70203
70187
68497
70177
68495
70176
70186
70202
70185
70184
70200
70201
68499
70217
68502
68501
70216
70199
70198
70197
70214
70215
70244
70245
70246
68503
70259
70275
68506
70290
68508
70306
68509
70307
73842
70321
70335
68510
68512
70348
70363
73843
70378
70393
70408
68518
70392
70391
70377
70362
70361
70346
70347
70334
70320
70319
70333
70360
70359
70344
70345
70332
70318
70317
70331
70330
70316
70315
70329
70342
70343
70358
70373
70374
70388
70404
70419
70418
70403
70387
68516
70372
70357
70356
68514
68515
68517
70402
70417
68519
68521
70432
70433
70449
70450
70434
70435
70451
70468
70483
70484
70469
70452
70453
70437
70421
70436
70420
70405
70389
70375
70376
70390
70406
70407
70422
70438
70454
70455
70439
70423
73844
70424
70440
73845
70456
70473
70488
70487
70472
70471
70470
70485
70486
70503
70504
70517
70516
70533
70534
73846
70548
70565
70564
70547
70546
70532
70515
70502
70501
70500
70499
70498
70482
70467
70466
70465
70480
68523
70464
70448
70447
70463
70479
68525
70495
70496
70481
70497
68526
70511
70512
70513
70514
70531
70530
70544
70561
70562
70545
70563
70594
70608
70607
70593
70575
70576
70577
70578
68530
70595
70596
70579
73847
73848
73849
73850
70624
70610
70609
70623
70637
70638
73851
73852
70651
73853
73854
70679
70665
70678
70664
70650
70636
70622
70621
70635
70634
70620
70606
70592
70574
70573
70591
70605
70619
70633
70646
70660
70674
70688
70689
70675
70690
70676
70662
70661
70647
70648
70649
70663
70677
70691
70705
70706
70692
70693
73855
73856
70707
70723
70741
70740
70722
70721
70739
70757
70774
70775
70758
70759
70776
70790
73857
65037
65028
65015
65016
65029
65038
65054
65063
65072
65071
65080
65081
65082
62865
65073
62863
65064
62862
65055
65056
65065
65074
65083
65093
62866
65092
65103
65102
65119
65128
65129
65120
65104
65105
65106
65107
65108
65109
65110
65046
65045
65044
65043
65042
65032
65031
65041
65040
65039
65030
65017
62860
65018
65019
65003
65004
64988
65005
65007
65022
65033
65048
65047
65057
65066
65075
65084
65094
65111
65112
65121
65130
65145
65144
65143
65142
65141
65140
65139
65138
62869
65153
65154
65164
65163
65162
65161
65171
65182
65181
65170
65160
65151
65150
62656
65159
62657
65169
62658
65180
65191
65208
65235
65220
65221
65212
65211
65195
65194
65183
65184
65172
65173
65174
65185
65196
65197
62872
65198
65199
65200
65201
65202
65203
65186
65175
65176
65187
62871
65204
65205
65213
65214
65215
65206
65207
68066
68067
65216
68068
68069
65242
68070
65251
65269
65285
65284
65268
65267
65248
65239
65240
65249
65250
65241
65233
65232
65231
65230
65229
65228
65227
65226
65225
65224
65223
65222
65238
62873
65237
65246
65247
65257
65258
65291
65308
65317
65327
65337
65347
65357
65356
65346
65345
65326
65336
65335
65334
65344
65354
65355
65373
65372
65371
65381
65391
65382
65383
65393
65392
65402
65418
65427
65428
65419
65403
65404
65405
62878
65420
65430
65429
65439
65440
65457
65475
65476
65477
65478
65479
65462
65461
65460
65459
65458
65441
65442
65443
65444
65445
65412
65411
65410
65409
65408
65407
65406
65394
65384
65374
65358
65359
65360
65361
65362
65363
65364
65365
65366
65367
65349
65350
65340
65341
65351
65352
68074
68075
68076
65379
65389
68077
68078
65399
62877
68079
68080
65434
65424
65423
65422
65432
65433
65450
65451
65468
65485
65484
65467
65466
65465
65482
62879
65492
65493
65494
65495
65512
65511
65522
65523
68084
68085
65534
65533
65532
65521
65510
65509
65508
65507
65506
65505
65504
65503
65502
62880
65491
65474
65473
65490
65501
65518
65519
65530
65529
65528
65527
65516
65517
65500
65499
65498
65515
65514
65525
65524
62672
65513
62671
65496
62670
65497
65487
65470
65471
65488
65489
65472
65455
65456
65438
65437
65454
65435
73870
71315
68574
71332
73871
73872
71348
71364
71378
68578
71363
71331
71347
71362
71361
71360
71375
71376
71377
71406
71421
71422
71407
71408
71423
71438
71453
71452
71437
71436
71451
71468
71483
71498
71513
71512
71497
71482
71467
71466
71465
71450
71449
71463
71464
71495
71510
71538
71537
71522
71507
71506
71491
71492
71477
71462
71476
71461
71460
71475
71490
71505
71520
71521
71536
71535
71550
71551
71552
71567
71566
71565
68581
71582
71600
71599
68583
71616
71650
71651
71652
71669
71668
71667
71666
71684
71665
71683
71698
68587
71682
71664
71663
71662
71645
71646
71629
71628
71627
71644
71661
68584
71660
71678
71694
71710
71728
71729
71742
71757
71741
71727
68588
71693
71677
71643
71626
71611
71593
71576
71562
71579
71614
71581
71580
71563
71564
71549
71534
71533
71548
71547
71532
71517
71518
71519
71504
71503
71502
71487
71488
71489
71474
71473
71458
71459
71444
71429
71414
71397
71398
71399
71383
71384
71400
71401
71417
71432
71431
71416
71415
71430
71445
71446
71447
71448
71433
71434
71435
71420
71419
71418
71403
71402
71386
71385
71370
71356
71371
71372
71357
71327
71328
71344
71345
71346
71330
71312
71313
71314
71298
71299
71283
73869
73868
71266
71250
71235
71234
71233
71248
71249
71265
71264
71263
71262
68570
71261
68571
71278
71279
71280
71281
71282
71297
71296
71295
71311
71329
71310
68573
71294
71293
71292
68572
71276
71275
71277
71245
68569
71229
71230
71214
71213
71199
71200
71185
71184
68562
71167
68561
71151
68559
71150
68558
71137
68556
71124
71106
71107
71108
71109
71091
71092
71093
71077
71060
71059
71076
68553
71075
71058
71090
71074
71073
71089
71088
71072
71056
71055
71038
71037
71036
71035
71052
71053
71069
71070
71054
71071
71087
71105
71104
71086
71085
71084
71083
71082
71100
71099
68304
71117
71131
71144
71145
71160
71159
71175
71191
71205
71220
71236
71237
71221
71206
71192
71176
71177
71161
71162
71163
71179
71178
71195
71209
71208
71194
71193
71207
71222
71223
71224
71240
71255
71271
71288
71287
71286
71285
71268
71269
71270
71254
71239
71238
71253
71252
71251
71267
71284
71300
71316
71317
71334
71333
71349
71365
71379
71394
68305
71410
68306
71425
68307
71440
68308
71455
68309
71470
68310
71485
68311
71500
68312
71515
68313
71530
68314
71545
68315
71560
71575
71591
71592
71610
71609
68316
71625
68317
71642
71659
71676
68318
71692
68319
71709
68320
71726
71740
68321
71755
71756
71771
71770
71784
68322
71797
71811
71812
71798
71785
71799
71813
71814
71815
71816
71832
71845
71844
71857
71871
71870
71856
71843
71842
71829
71828
71841
71854
71855
71869
71885
71901
71900
71899
68324
71883
71884
71868
71867
71853
68323
71840
71827
79038
77186
79039
77200
77213
77227
77226
77212
77211
77210
77224
77225
77239
77240
77241
79040
77255
77254
77253
77270
77271
77272
79041
77287
77286
77285
77303
77302
77301
77300
77318
77334
77333
77317
77299
77298
77316
74395
77315
77297
77296
77295
77294
77279
77262
77248
77234
77220
77207
77193
77192
77191
77190
77204
77217
77231
77232
77218
77205
77206
77219
77233
77247
77246
77245
77259
77260
77261
77278
77277
77292
77276
77275
77274
77273
77256
77257
77258
77244
77230
77229
77243
77242
74162
77228
74161
77214
74160
77201
74159
77187
74158
77173
74157
77159
74156
77145
74155
77130
74154
77131
77117
77118
77105
74385
77093
77080
77081
77069
77053
77054
77055
74381
77070
77056
77043
77031
77020
77007
76991
76979
76962
76963
76964
76965
76966
76967
76996
76997
76998
76999
76981
76980
74377
76968
76969
76970
76971
76954
76953
76952
76951
76940
76929
76918
76907
76896
76885
76874
76875
76886
76897
76898
76899
76910
76909
76908
76919
76920
76931
76930
76941
76942
76943
76944
76955
76972
76983
76982
77000
77001
77013
77012
77011
77023
77024
77036
77035
77047
77046
77045
77033
77034
77022
74379
77010
77009
77008
74378
76995
76994
76993
76992
77021
77032
77044
74380
77060
77072
77073
77061
77062
77074
77087
77086
77085
74384
74382
77071
77084
77097
77109
77122
77123
77110
77098
74386
77111
77099
77100
77101
77088
77089
77102
77114
77128
77127
77113
77112
77126
77142
77141
77155
77156
77170
77169
77183
77184
77185
77171
77172
79037
77158
77157
77143
77144
79036
79035
77129
77115
77103
79034
77090
77077
77065
77076
77075
77063
77064
77048
77049
79033
79032
77037
77025
77014
76984
76973
79031
79030
79029
79028
76922
76933
76932
76921
76911
76900
76889
76888
76887
76876
76865
76864
76863
76852
76841
76840
76839
76838
76837
76836
76851
76862
76873
76884
76895
76906
76917
76928
76939
76950
76961
76960
76959
76977
76978
76990
76989
77006
77005
77004
76988
76987
76976
76975
76986
77003
77016
77017
77018
77019
77030
77029
77041
77040
77039
77038
74152
77026
74151
77015
74150
77002
74149
76985
76974
74148
76956
76945
74147
76934
74146
76923
74145
76912
74144
76901
74143
76890
74142
76879
74141
76868
74140
76857
74139
76846
74138
76830
76819
74137
76808
74136
76797
74135
76786
74134
76775
76776
76767
76766
76749
74133
76750
76741
76731
76732
76733
74372
76743
76742
76752
76751
76768
76769
76779
76790
76789
76778
76777
76788
76787
76798
76799
76810
76809
76820
76831
76847
76858
76869
76870
76880
76891
76892
76881
76882
76893
76904
76915
76926
76937
76948
76947
76936
76925
76914
76903
76902
76913
76924
76935
76946
76957
76958
76949
76938
76927
76916
76905
76894
76883
76872
76871
76859
76848
76849
76860
76861
76850
76834
76833
76832
76821
76822
76811
76800
76801
76812
76823
76835
76824
76813
76802
76791
76780
74374
74373
76753
76754
76755
76756
76757
76758
76759
76760
76761
76744
76745
76746
76736
76735
76725
76715
76705
76696
76697
76706
76707
76717
76727
76728
79013
79012
76718
76708
79011
79010
76698
74371
76681
79009
79008
76673
76665
79007
79006
76657
76649
79005
74368
76627
76626
76640
76639
76638
76623
76622
76621
74367
76578
76568
76570
76560
76550
76541
76531
76532
76542
76551
76561
76571
76581
76596
76595
76606
76624
76625
76607
76608
76597
76609
76598
79004
79003
79002
79001
79000
78999
78998
78997
78996
74361
74360
74359
78995
78994
78993
76411
78992
78991
76400
74358
78990
76364
74356
76352
76353
76335
76317
76301
78989
74353
76262
76250
78987
78986
76238
76225
76226
78985
78984
76214
76213
76201
76202
78983
78982
76190
76178
78981
78980
76166
76154
78979
78978
78977
76132
76143
76142
76153
76165
76164
76163
76150
76139
76128
76129
76140
76151
76152
76141
76130
76119
76118
76117
76116
76099
76082
76081
76080
76065
76054
76043
76032
76020
76021
76004
75992
75993
75994
75995
75983
75982
75981
74343
74341
75958
75957
75956
75940
75926
75925
75924
74336
74337
75951
75952
75953
75954
75955
75969
75980
75991
76003
76019
76018
76017
76016
76015
76014
76013
76000
76001
76002
75990
75979
75968
75967
75978
75989
75988
75977
75966
75950
75939
75923
74335
75910
75892
75891
75909
75907
75906
75920
75936
74339
74090
75947
75935
75919
75905
75887
75888
75870
75856
75869
75855
74089
75842
74088
75825
75808
75809
75797
74087
75796
75785
75770
75771
75772
74331
75786
75798
75810
75811
75812
75829
75846
75858
75845
75828
75827
75826
75843
75844
75857
75871
75872
75873
75859
75860
75874
75875
75893
75894
74334
75895
75877
75876
75847
75830
75831
75832
75833
75861
75848
75834
75817
75816
75815
75814
75813
75801
75789
75788
75800
75799
75787
75773
75774
75762
75750
75749
75761
75760
75759
75758
74086
75746
74085
75734
74084
75722
74083
75711
74082
75700
74081
75688
74080
75676
74079
75663
74078
75647
75633
74077
75619
74076
75605
74075
75591
74074
75574
74073
75561
74072
75548
75549
75550
75517
75518
75502
75503
75487
75472
75486
75471
75455
75454
75438
75423
75422
74067
75437
74068
75453
74069
75469
75470
74318
75485
75501
74070
75500
75516
74071
75533
75534
75535
75536
75551
75564
75577
75576
75563
75562
75575
75592
75606
75607
75593
75594
75608
75622
75636
75650
75649
75635
75621
75620
75634
75648
75664
75677
75689
75690
75691
75680
75679
75678
75665
75666
75667
75651
75637
75638
75624
75623
75609
75595
75596
75597
75598
75612
75611
75610
75625
75626
75654
75653
74326
75640
75639
75652
75668
75681
75693
75692
75704
75705
75716
75727
75715
75714
75703
75702
75701
75712
75723
75735
75747
75748
75736
75737
75725
75724
75713
75726
75738
75739
75751
75763
75775
75776
75777
75778
75779
75780
75790
75802
75803
75791
74330
75781
75792
75804
75820
75819
75818
75835
75849
75862
75880
75879
75878
75896
75897
75911
75927
75928
74338
75941
75942
75959
75970
75971
75960
75961
75972
75973
75962
75963
75974
75985
75984
75996
76008
76007
76024
76023
76006
76005
74346
76022
76033
76034
76045
76044
76055
76056
76066
76083
76100
76101
76102
76131
76120
76121
76104
76103
76086
76085
76084
76067
76068
76069
76058
76047
76057
76046
76035
76036
76025
76026
76009
75997
78970
78971
78972
78973
76037
76048
78974
78975
76059
78976
76070
76087
68527
70519
70506
70507
70508
70521
70539
70553
70554
70570
70585
70602
70603
70586
70571
70555
70541
70523
70510
70509
70493
68524
70477
70478
70462
70446
70445
70429
68520
70430
70431
70415
70416
70401
70400
70385
70386
70371
70370
68513
70355
68511
70328
70314
70297
70296
70281
70282
70267
70268
70283
70298
70299
70300
70285
70284
70269
70270
70271
70286
70287
70288
70301
70302
70303
70304
70305
70289
70273
70274
70258
68504
70272
70257
70243
70242
70229
70213
70196
70195
70212
70211
70226
70227
70228
70241
70240
70239
70225
70238
70256
70255
70224
70193
68498
70194
70210
70209
70208
70207
70223
70222
70221
70234
70235
70252
70251
70263
70264
70253
70236
70237
70254
70266
70265
70280
70295
70311
70312
70313
70327
70341
70326
70340
70353
70354
70369
70384
70383
70382
70381
70366
70367
70368
70352
70351
70339
70338
70337
70350
70349
70336
70322
68281
70308
68280
70292
70323
70324
70325
70310
70309
70293
70294
70279
70278
70277
70262
70250
68279
70233
70220
70204
70205
70206
70190
70180
68496
70181
70191
70192
70182
70183
70167
70168
70169
70170
70171
70172
70173
70174
70175
68494
70160
73841
70178
70161
70153
70152
68493
68492
70159
70151
70150
70149
70148
70147
70146
70145
70158
70144
70137
70130
70115
70116
70117
70118
70119
70120
70121
70122
70123
70107
68485
70099
70100
70108
68487
70124
70131
68489
68491
70138
70139
70132
70125
70109
73840
70101
70093
70092
68483
70084
70085
70077
70076
68482
70075
68481
70066
70065
70064
70063
70062
70047
70048
70049
70031
70030
70029
69973
69974
69958
69957
69956
69972
69971
69955
69954
69970
69969
68474
69952
69953
68469
69909
69908
69921
69932
69942
68472
68473
69968
69984
69985
69994
69993
70003
70004
70014
70013
70023
68476
70022
70039
70040
68479
70056
68480
70073
70082
70081
70089
70096
70097
70090
70091
70083
70074
70057
70042
70041
70024
70025
70026
70027
70028
70046
70061
70060
70045
70044
70043
70058
70059
70098
70106
70105
70114
70129
70136
70143
70157
70166
70165
70164
70155
70156
70142
70135
70128
70113
70104
68486
70103
70095
68484
70088
70087
70079
70080
70072
70071
70054
70055
70038
70021
70011
70012
70002
70001
69991
69982
69992
69983
69967
69966
69949
69939
69929
69917
69918
69930
69940
69950
69951
69941
69931
69920
69919
69906
69907
69895
69894
69883
69871
69872
69860
69843
69830
69829
69811
68260
69795
69779
78950
75406
74314
75391
78949
78948
75376
75361
75360
75375
75390
75388
75403
75402
75401
75400
75385
75386
75387
75372
75373
75357
75343
74313
75356
75371
75370
75355
75342
75327
75312
75311
75310
75325
75326
75341
75340
75354
75369
75384
75399
75413
74317
74316
75414
75415
75430
75429
75445
75446
75447
75448
75432
75431
75416
75417
75418
75433
75434
75450
75449
75465
75481
75482
75466
75467
75483
75498
75497
75496
75512
75529
75528
74319
75511
75510
75494
75495
75480
75464
75463
75479
75478
75462
75461
75477
75492
75508
75493
75509
75527
75542
75556
75569
75568
75555
75541
75526
75525
75524
75523
75522
75506
75507
75491
75476
75460
75444
75443
75442
75441
75426
75410
75411
75427
75428
75412
75398
75383
75368
75367
75366
75351
75352
75353
75339
75324
75309
75294
75279
75278
75277
75263
75264
75265
75251
74308
75236
75223
75210
75209
75195
75194
75208
75207
75193
75182
75181
75170
75159
75142
75143
75145
75161
75162
75146
75163
75147
75148
75149
75150
75151
75152
75153
75137
75126
75115
75116
75127
75128
75139
75138
75154
74300
75155
75166
75167
69574
69557
69545
68250
69528
68249
69512
68248
69494
69495
69484
69483
68247
69466
69467
69450
69451
69435
69434
69449
68246
69433
78937
75060
75050
74294
75041
78936
78935
75032
75023
75008
74999
78934
78933
74989
74988
74998
74292
74997
74996
74986
74976
74977
74987
74978
74979
74969
74953
78932
74940
74289
74288
74915
74914
74901
74899
74873
74885
74897
74909
74910
74924
74936
74935
74923
74922
74934
74946
74963
74962
74961
74983
74993
74992
74982
74972
74957
74943
74942
74956
74955
74954
74040
74970
74041
74980
74042
74990
74043
75000
74044
75009
74045
75024
74046
75033
74047
75042
75051
75061
74048
75071
74049
75081
75091
74050
75109
74051
75120
74052
75131
75141
74053
75158
74054
75169
74055
75180
75190
75205
74056
75217
75230
75246
74057
75259
74058
75273
74059
75288
74060
75303
74061
75318
74062
75333
74063
75347
74064
75362
74065
75377
74066
75392
75393
74315
75407
75408
75394
75379
75378
75363
75364
75349
75348
75334
75335
75336
75350
75365
75380
75381
75382
75397
75396
75395
75409
75425
75424
75439
75440
75456
75457
75458
75459
75475
75490
75505
75489
75474
75473
75488
75504
75520
75519
75537
75552
75565
75578
75579
75566
75553
75538
75521
75539
75540
74320
75554
75567
74322
75580
75581
75582
75583
75599
75600
75584
75585
75586
75570
75557
75543
75544
75558
75559
75572
75571
75587
75588
75601
75615
75629
75642
75628
75614
75613
75627
75641
75655
75669
75682
75694
75695
75683
75670
75656
75657
75658
75643
75644
75630
75631
75617
75616
75602
75603
75604
75618
74323
74324
74325
75646
75632
75645
75660
75659
75672
75671
75684
75685
75686
75673
74327
75674
75661
75662
78960
75675
75687
78961
75699
74328
74329
75733
78962
78963
75745
75757
78964
78965
75769
75784
75768
75756
75755
75743
75744
75732
75721
75720
75731
75730
75719
75709
75710
75698
75697
75696
75708
75707
75718
75706
75717
75728
75729
75740
75741
75753
75752
75764
75765
75742
75754
75766
75767
75782
75783
75794
75793
75805
75806
75821
75838
75851
75852
75866
75867
75885
75903
75932
75901
75853
75837
75836
74333
75850
75881
75882
75863
75864
75865
75883
75884
75902
75916
75915
75914
75900
75899
75898
75912
75913
75929
75930
75931
75943
75944
75945
75946
75934
75933
75917
75918
78969
75904
75886
75868
78968
75854
75841
75840
75839
75822
75823
75824
75807
74332
75795
78967
78966
70126
70133
70140
68277
70154
70162
70179
68278
70188
70189
70163
70141
70134
68490
70127
68488
70112
70111
70110
70102
70094
70086
68276
70078
68275
70070
70053
68274
70037
70020
68273
70010
68272
70000
68271
69990
68270
69981
68269
69965
69948
68268
69938
68267
69928
68266
69916
69904
68265
69905
69893
68468
69882
69870
69858
69859
69842
69861
69884
69896
69897
69886
69885
69873
69874
69862
69845
69844
68467
69831
69832
69833
69816
69799
69798
69815
68465
68464
69781
69765
69764
68461
69780
68463
69796
69797
69814
69813
69812
68466
69828
69841
68261
69840
68262
69857
68263
69869
68264
69881
78957
78958
78959
75590
75589
75573
75560
74321
75547
75546
75545
75530
75513
75514
75531
75532
78956
78955
75515
75499
78954
78953
75484
75468
78952
78951
75452
75451
75435
75436
75421
75420
75419
75405
75404
75389
75374
75358
75359
75345
75344
75329
75328
75313
75314
75315
75300
75285
75284
75283
75282
75281
75267
75266
75252
75253
75240
74306
75224
75211
75200
75199
75198
75197
75196
75185
75174
75173
75184
75183
75172
75171
75160
75144
75133
75132
75121
75122
75134
75123
75124
75135
75136
75125
75113
75112
75095
75094
75111
75110
75093
75092
75082
75072
75073
75083
75084
75085
75086
75097
75114
75098
75099
75100
75101
75102
75103
75104
75087
75088
75105
75117
75129
75108
75090
74298
75080
78938
75070
74297
75059
75058
75078
75077
75067
75056
75047
75038
75039
75022
75007
75021
75020
75006
75005
74995
74985
74975
74291
74964
74290
74947
74948
74949
74965
74966
74967
74951
74950
74938
74937
74925
74926
74927
74939
74952
74968
74928
74916
78931
74848
74835
74819
74281
74818
74801
74800
74799
74798
74816
74817
74832
74845
74862
74844
74831
74830
74814
74815
74280
74789
74790
74781
74780
74771
74763
74754
74755
74764
74772
74773
74774
74783
74782
74791
74802
74792
74793
74784
78928
74775
78927
78926
74767
74758
78925
78924
74749
74748
74739
74740
78923
78922
74731
74730
74738
74747
74756
74757
74766
74765
74746
74745
74737
74736
74727
74720
74713
74714
74715
74721
74728
74729
74722
74276
74723
74716
78921
74709
74708
74707
74691
74682
74683
74660
78918
78919
74667
74684
74692
78920
68963
68980
69014
69000
69001
68986
69002
68416
69067
69079
69092
69093
69105
69106
69094
69095
73821
73820
69084
69072
73819
73818
69060
69048
69059
69047
69036
69037
73817
69028
69020
73816
69012
69019
69027
69035
69026
69018
69010
69011
68994
68995
73815
62573
63437
62773
63447
63459
62574
63458
62575
63469
62576
63480
62577
63491
63492
62775
63502
63513
62578
63512
62579
63523
62580
63533
63543
63552
63563
63579
62581
63597
63598
63599
63600
63610
63627
63628
63611
63601
63583
63582
63581
63580
63564
63565
63553
62778
63544
62777
63545
63546
63537
63536
63526
63535
63534
63524
63525
63515
63514
63503
63493
63482
63481
63470
63471
63460
63448
63438
63439
63449
63450
63440
63430
63420
63418
63409
63392
62767
63410
63421
63431
63441
63451
63463
63462
63461
63472
63473
63474
63485
63484
63483
63494
63504
63505
63495
63496
63506
63517
63516
63527
63528
63538
63547
63556
63555
63554
63566
63567
63568
63584
63602
63612
63613
63614
63631
63632
63615
63616
63617
63633
63634
63635
63618
63619
63620
63604
63603
63591
63590
63589
63588
63587
63586
63585
63569
63570
63571
63572
63573
62779
63557
62780
63574
63592
63593
62781
63605
63623
63622
63621
63638
63639
63649
63659
63660
63650
63640
63641
63624
63607
63606
63595
63596
63578
63577
63576
63594
63575
63559
63558
63548
63539
63529
63518
63507
63508
63509
63510
63500
63501
67999
67998
63490
63479
67997
63468
63467
63466
63477
63478
63489
63488
63487
63476
63465
63454
63443
63444
63455
63456
63457
67996
63446
63436
67995
67994
63426
63415
67993
63405
63404
63414
63413
63403
63386
63387
63388
67992
67991
63378
63368
63361
67990
67989
63353
63345
63328
63311
63303
67988
63294
63293
63302
63301
63292
63291
63290
63289
63272
63271
63288
63339
63340
62766
63366
63359
63351
63342
63343
63326
63325
63308
63299
63300
62762
63309
63310
63327
63344
63352
63360
63367
63377
63376
63384
63412
63411
63422
63423
63424
63425
63435
63445
63434
63433
63432
62772
63442
63453
63452
62774
63464
63475
63486
63497
63498
63499
63519
62776
63530
63520
63521
63531
63541
63550
63540
63549
63560
63561
63562
63551
68003
68002
63542
63532
63522
63511
68000
68001
57963
57964
57976
57975
57992
58010
56967
58026
58027
58011
57993
57994
58012
58013
57996
57995
57977
57978
57979
57980
57997
57998
58016
58017
58031
57164
58057
58030
57162
58015
58014
58029
58028
58044
57163
58045
58056
58068
58079
58080
58069
58081
58082
58083
58099
58100
58101
58084
58085
58086
58070
58087
58104
58103
58102
58128
58127
58126
58125
58124
58112
58098
58097
58078
58077
58066
58067
58055
58054
58053
58065
58076
58093
58094
58095
58096
57168
58111
58122
58123
57170
58139
58140
58156
58157
58158
58159
58141
58142
58160
58161
58143
58144
58145
57171
58162
58173
58174
58163
58146
58130
57169
58129
58113
58114
58131
58115
58105
57167
58089
58088
58071
58072
58060
58059
58058
57165
58046
58047
58048
58049
58039
58023
58038
58037
58036
58021
57160
58022
58005
58004
58003
58002
57985
57984
57983
58001
58019
58020
58035
58034
58033
58032
58018
58000
57999
57982
57981
57967
57955
57937
57922
57908
57923
57909
57911
57870
57855
57856
57845
57872
57886
57887
57888
57914
57915
57916
57930
57929
57928
57944
57943
57956
57968
57969
57159
57986
57987
57970
57957
57945
57958
57959
57960
57946
57947
57931
57917
57918
57932
57948
57949
57933
62334
62333
57919
57906
62332
62331
57892
57878
62330
62329
57864
57863
57862
57848
57849
57836
57837
57850
62328
57825
62327
57813
57812
57811
57795
57779
57780
57767
57755
57754
57766
57765
57764
57763
57148
57752
57753
57742
57741
57730
57731
57721
57144
57705
57696
57687
57678
57669
57668
57667
57666
57665
57664
57663
57647
57648
57649
57650
57651
57652
57623
57622
57621
57620
57619
57618
57617
57609
57599
57571
57136
57570
57554
57555
57556
57538
57135
57521
57522
57505
57506
57490
57472
57455
57456
57473
57474
57492
57493
57475
57476
57477
57495
57511
57510
57527
57543
57542
57526
57509
57508
57525
57541
57540
57524
57523
57539
57557
57558
57559
57560
57561
57562
57137
57572
57563
57545
57544
57528
57529
57512
57513
57496
57497
57514
57515
57516
57499
57498
57481
57480
57463
57447
57443
57444
57448
57464
57482
57465
57449
62314
62313
57445
57441
62312
62311
57437
57436
57440
57439
57435
57431
57427
57423
57424
57428
57432
57429
57433
62310
62309
57425
62308
62307
57421
57417
62306
62305
62304
57409
57405
62303
62302
57401
57400
57404
57408
57412
57413
57416
57420
57419
57415
57411
57407
57403
57399
57395
57396
57397
62301
739
740
741
742
743
744
745
746
747
748
749
750
751
752
753
754
755
756
757
758
759
604
760
761
762
763
764
606
765
766
767
768
769
770
771
772
773
774
775
776
777
778
779
780
781
782
783
784
785
786
787
788
789
790
791
792
793
794
795
796
797
798
799
800
801
802
803
804
805
806
807
808
809
810
811
812
813
814
815
816
817
818
819
820
821
822
823
824
825
826
827
828
829
830
831
832
833
834
835
836
837
838
839
840
841
842
843
844
845
846
847
610
848
849
850
851
852
853
854
855
856
857
858
859
860
861
862
863
864
865
866
867
868
612
869
870
871
872
873
874
875
613
876
877
878
879
880
881
882
883
884
885
886
887
888
889
890
891
892
893
894
895
896
897
614
898
899
900
901
902
903
904
905
906
907
908
909
910
911
912
913
914
915
916
917
616
918
919
920
921
922
923
924
925
926
927
928
929
930
931
932
933
934
935
936
937
938
939
940
941
942
943
944
945
946
947
948
949
950
951
952
953
954
955
956
957
958
959
960
961
962
963
964
965
966
967
968
969
970
971
972
973
974
975
976
977
978
979
980
981
982
983
984
985
986
987
988
989
990
991
992
993
994
995
996
997
998
999
1000
1001
1002
1003
1004
1005
4211
4212
2151
4213
2231
2232
4214
4215
2233
2234
4216
4217
2235
2236
4218
4219
2237
2238
4220
4221
2239
2240
4222
4223
2241
2242
4224
4225
2243
2244
4226
4227
2245
2264
4228
2266
2268
4229
4230
4231
4232
4233
4234
4235
4236
4237
4238
4239
4240
4241
4242
2152
4243
2302
2304
4244
4245
2306
2308
4246
4247
2310
2312
4248
4249
2314
2316
2318
2320
2322
2324
2326
2328
2332
4258
2335
2338
4259
4260
2341
2343
4261
4262
2345
2344
2342
2340
2337
2334
2153
2330
4257
4256
4255
4254
4253
4252
4251
4250
108
109
111
110
112
113
115
114
116
117
119
118
120
121
123
122
124
125
127
126
128
129
131
130
132
133
135
134
136
137
139
138
140
141
143
142
144
145
147
146
148
149
151
150
8
9
7
6
4588
4587
4586
4585
4584
4583
4582
4581
4580
4579
4578
4577
4576
4575
4574
4573
4572
4571
4570
4569
4568
4567
4566
4565
4564
4563
4562
4561
4560
4559
4558
4557
4556
4555
4554
4553
4552
4551
4550
4549
4548
4547
4546
4545
4544
4543
4542
4541
4540
4539
4538
4537
4536
4535
4534
4533
4532
4531
4530
4529
4528
2230
4148
4527
4526
4146
4144
4525
4524
4523
2229
4522
4521
4520
4519
4518
4517
4516
4515
4514
4513
2228
4083
4512
4511
4080
4077
4510
4509
4074
4071
4508
4507
4068
4065
4506
4505
4062
4059
4504
4503
4502
4053
4050
4501
4500
4047
4046
4049
4052
4055
4056
4058
4061
4064
4067
4070
4073
4076
4079
4082
4085
4087
4089
4091
4093
4095
4097
4099
4101
4103
4105
4142
4141
4140
4123
4122
4121
4120
4139
4138
4137
4119
4118
4136
4135
4117
4116
4115
4134
4133
4132
4114
4113
4131
4130
4129
4112
4111
4110
4128
4127
4109
4108
4126
4125
4107
4106
4104
2085
4102
2084
4100
2083
4098
2082
4096
2081
4094
2080
4092
2079
4090
2078
4088
2077
4086
2076
4084
2075
4081
2074
4078
2073
4075
2072
4072
2071
4069
2070
4066
2069
4063
2068
4060
2067
4057
2066
4054
2065
4051
2064
4048
2063
4045
2062
4042
2061
4039
2060
4037
2059
4035
2058
4033
2057
4031
2056
4029
2055
4027
2054
4008
4005
2053
4002
2052
3999
2051
3996
2050
3993
2049
3990
2048
3987
2047
3984
2046
3981
2045
3962
2044
3958
2043
3959
2225
3963
3964
3965
3966
3967
3968
3969
3970
3971
3972
3973
3974
3975
3976
3977
3978
3979
3982
3985
3988
3991
3994
3997
4000
4003
4006
4025
4024
4023
4022
4021
4020
4019
4018
4017
4016
4015
4014
4013
4012
4011
4010
4009
4040
4043
4044
4499
4498
4041
4038
2227
4036
4497
4496
4034
4032
4495
4494
4030
4028
4493
4492
2226
4026
4007
4491
4490
4004
4001
4489
4488
3998
3995
4487
4486
3992
3989
4485
4484
3986
3983
4483
3980
3960
3961
4482
4481
3957
3956
3952
3953
4480
4479
4478
3945
3949
3948
3944
3940
3936
3941
4477
4476
3937
3928
3924
3932
3933
4475
4474
3929
3925
4473
4472
4471
4470
4469
4468
3877
3880
3883
3901
3900
3919
3920
3921
3902
3882
3879
3876
2222
3873
3855
4467
4466
3851
3848
4465
4464
3844
3840
4463
4462
3836
3832
4461
4460
3828
3823
4459
4458
3818
3813
4457
4456
3808
3803
4455
4454
3798
3793
4453
2218
4452
4451
4450
4449
4448
4447
4446
4445
4444
4443
4442
4441
4440
4439
3717
3712
4438
2217
4437
4436
4435
4434
4433
4432
4431
4430
4429
4428
4427
4426
4425
4424
4423
3616
2216
3634
3639
3644
3663
3643
3638
3633
3632
3631
3630
3629
3628
3627
3626
3625
3624
3623
3622
3621
3620
3619
3615
3614
3618
3636
3637
3642
3647
3648
3649
3650
3651
3652
3653
3654
3655
3656
3657
3658
3659
3660
3661
3662
3667
3671
3675
3679
3683
3687
3691
3695
3699
3703
3707
3711
3716
3736
3735
3710
3706
3702
3698
3694
3690
3686
3682
3678
3674
3673
3677
3681
3685
3689
3693
3697
3701
3705
3709
3714
3715
3719
3738
3742
3743
3739
3720
3721
3722
3723
3724
3725
3726
3727
3728
3729
3730
3731
3732
3733
3734
3740
3744
3748
3752
3756
3760
3764
3768
3772
3776
3780
3784
3788
3792
3797
3802
3807
3812
3817
3822
3827
3831
3835
3839
3843
3847
3850
3854
3872
3871
3870
3869
3868
3867
3866
3865
3864
3863
3862
3861
3860
3859
3858
3857
3875
2223
2224
3885
3886
3887
3888
3889
3890
3891
3892
3893
3894
3895
3896
3897
3898
3899
3918
3917
3916
3915
3914
3913
3912
3911
3910
3909
3908
3907
3906
3905
3904
3923
3927
3931
3935
3939
3943
3947
3951
3955
3954
2042
3950
2041
3946
2040
3942
2039
3938
2038
3934
2037
3930
2036
3926
2035
3922
2034
3903
3884
3881
3878
3874
2033
3856
3852
2032
3853
3849
2221
3846
3845
2031
3841
2030
3837
2029
3833
3834
3838
3842
2220
3830
3826
3821
3816
3811
3806
3801
3796
3791
3787
3783
3779
3775
3771
3767
3763
3759
3755
3751
3747
3746
3750
3754
3758
3762
3766
3770
3774
3778
3782
3786
3790
3795
3800
3805
3810
3815
3820
3825
2219
3829
3824
2028
3819
2027
3814
2026
3809
2025
3804
2024
3799
2023
3794
2022
3789
2021
3785
2020
3781
2019
3777
2018
3773
2017
3769
2016
3765
2015
3761
2014
3757
2013
3753
2012
3749
2011
3745
2010
3741
2009
3737
2008
3718
3713
2007
3708
2006
3704
2005
3700
2004
3696
2003
3692
2002
3688
2001
3684
2000
3680
1999
3676
1998
3672
1997
3668
1996
3664
1995
3645
3669
3670
3666
3665
3646
3641
3640
1994
3635
1993
3617
3613
1992
2215
3595
3592
3589
3596
3597
3598
3599
3600
3601
3602
3603
3604
3605
3606
3607
3608
3609
3610
3611
3612
3593
4422
4421
3590
3587
4420
4419
3584
3581
4418
4417
2214
3578
3559
4416
4415
3555
3551
4414
4413
3547
3544
4412
4411
3540
3536
4410
4409
3532
3531
3535
3539
3543
3546
3550
3554
3558
3577
3576
3575
3574
3573
3572
3571
3570
3569
3568
3567
3566
3565
3564
3563
3586
3583
3580
3561
3562
3557
3553
3549
3545
2213
3542
3538
3534
3530
3526
2210
2209
2208
2207
2206
3486
3485
3484
3483
3464
3465
3466
3445
3446
3447
3448
3467
3468
3487
3488
3469
3449
3450
3451
3470
3489
3490
3491
3472
3471
3452
3453
3454
3473
3492
3493
3494
3495
3496
3477
3476
3475
3474
3455
3456
3457
3458
3442
3460
3459
3478
3497
3519
3515
3511
3507
3503
3500
3499
3481
4401
4402
4403
3504
3508
4404
4405
3512
3516
4406
4407
3520
3525
4408
3528
3527
3524
3523
2211
3518
3514
3510
3506
3502
3498
3479
3480
3461
3462
3443
3440
3439
3438
3437
3436
3435
3434
3433
3432
3431
3430
3429
3428
3427
3426
3425
3424
3423
3441
1977
3422
3418
1976
3399
3400
3401
3402
3403
3404
3405
3406
3407
3408
3409
3410
3411
3412
3413
3414
3397
3394
3391
3392
3395
3398
3417
3416
3415
3419
3420
3421
4400
4399
4398
4397
4396
4395
4394
4393
2205
3374
4392
4391
4390
4389
4388
3324
3319
4387
4386
3314
3309
4385
4384
3304
3299
4383
4382
3294
3289
4381
4380
3284
3279
4379
4378
3274
3269
3264
4377
4376
3258
3257
3251
3252
4375
4374
3245
3244
3217
3218
3237
3238
4373
3219
4372
4371
3211
3210
3209
3208
3207
3215
3216
3235
2201
3236
3243
3250
3256
3263
3262
2203
3268
3273
3278
3283
3288
3293
3298
3303
3308
3313
3318
3323
3343
3347
3351
3355
3373
3372
3371
3354
3390
3370
3369
3389
3388
3368
3367
3366
3387
3386
3385
3365
3364
3363
3384
3383
3362
3382
3381
3361
3360
3380
3379
3359
3327
3328
3329
3330
3331
3332
3333
3334
3335
3336
3337
3338
3339
3340
3341
3346
3350
3342
3322
3317
3312
3307
3302
3297
3292
3287
3282
3277
3272
3267
3261
3255
3249
3242
3234
3233
3232
3231
3230
3229
3228
3227
3226
3225
3224
2202
3241
3248
3247
3254
3260
3266
3271
3276
3281
3286
3291
3296
3301
3306
3311
3316
3321
3326
3345
3349
3353
2204
3357
3358
3378
3377
3376
3396
1975
3393
1974
3375
3356
1973
3352
1972
3348
1971
3344
1970
3325
3320
1969
3315
1968
3310
1967
3305
1966
3300
1965
3295
1964
3290
1963
3285
1962
3280
1961
3275
1960
3270
1959
3265
1958
3259
1957
3253
1956
3246
3239
1955
3240
3221
3222
3223
3214
2200
3206
2199
3197
2198
3188
2197
3179
2196
3161
3162
3163
3164
3145
3126
3125
3144
3143
3124
3090
3091
3092
3093
3094
3095
3096
3097
3098
3099
3133
3132
3151
3150
3131
3130
3129
3147
3128
3127
3146
3165
3166
3167
3148
3149
3168
3169
3170
3171
3152
3153
3172
3180
3181
3182
3183
3191
3190
3189
3198
3199
3200
3201
3192
3193
3202
4370
4369
3184
4368
4367
4366
4365
3137
3118
4364
4363
3110
3109
3108
3116
3117
2193
3136
3155
2194
3156
3175
3174
2195
3173
3154
3135
3134
3115
3107
3100
3082
3081
3073
3066
3074
3067
3059
3058
3050
3042
3034
3028
3029
3030
3036
3035
3043
3044
3051
3052
3060
3068
3075
3083
3101
2191
2192
3102
3084
4362
4361
3076
3069
4360
4359
3061
3053
4358
4357
3045
3037
4356
4355
3031
2187
3012
4354
4353
4352
2996
2988
4351
4350
2969
2962
4349
4348
2955
2954
2961
2936
2932
4347
2928
4346
4345
2924
2919
4344
4343
2914
2909
2908
2913
2918
2923
2927
2931
2935
2184
2185
2953
2960
2959
2952
2951
2950
2949
2948
2947
2946
2945
2944
2943
2942
2941
2940
2183
2182
2922
2917
2916
2911
2912
2907
2906
2901
2902
2884
2883
2877
2878
2858
2859
2854
2853
2834
2835
2816
2817
2836
2837
2818
2819
2838
2839
2820
2821
2840
2841
2842
2843
2844
2845
2846
2847
2848
2829
2828
2827
2826
2825
2824
2823
2822
2177
2809
2808
2802
2797
2792
2787
2782
2777
2772
2767
2749
2750
2751
2752
2753
2754
2755
2756
2757
2758
2759
2760
2761
2727
2708
2709
2728
2729
2730
2731
2712
2693
2674
2692
2711
2710
2691
2671
2690
2689
2670
2669
2688
2707
2726
2725
2724
2723
2722
2703
2704
2705
2706
2687
2668
2667
2686
2685
2666
2647
2648
2649
2650
2651
2652
2653
2672
2673
2654
2655
2656
2637
2638
2657
2676
2675
2694
2695
2172
2713
2173
2732
2733
2739
2745
2764
2744
2738
2737
2743
2763
2762
2768
2769
2774
2773
2778
2779
2784
2783
2788
2789
2794
2793
2798
2803
2811
2810
2830
2849
2850
2855
2874
2880
2873
2872
2871
2870
2869
2868
2867
2866
2865
2864
2863
2862
2861
2860
2885
2886
2887
2888
2889
2890
2891
2892
2893
2894
2895
2896
2897
2879
2181
2898
2903
2904
4342
4341
4340
2899
2881
4339
4338
2875
2180
2856
4337
4336
2851
2179
2832
2831
2178
2812
2805
2804
2799
2176
2800
2806
2813
4335
4334
4333
2795
4332
4331
2790
2785
4330
4329
2780
2775
4328
4327
2770
2765
2175
2746
4326
4325
4324
2740
2734
4323
4322
2715
2714
2696
2171
2677
2170
2658
2169
4321
4320
4319
4318
2639
2634
2167
2628
2627
2633
2632
2626
2620
2621
2622
2623
2629
4317
4316
4315
2616
2615
2608
2609
4314
4313
2602
2594
4312
4311
2587
2580
4310
4309
2573
2567
4308
4307
2562
2561
2566
2572
2579
2586
2593
2601
2600
2607
2614
2613
2606
2599
2591
2592
2585
2584
2578
2577
2570
2571
2565
2564
2559
2553
2547
2560
2554
2548
2542
2161
2523
2543
2549
2555
2556
4306
4305
2550
2544
4304
4303
2525
2524
2520
2521
2500
2503
2504
4302
4301
2501
2498
4300
4299
2495
2492
4298
4297
2489
2486
4296
4295
2483
2482
2479
2476
2477
2480
4294
4293
4292
2474
2473
2470
2469
2472
2475
2478
2481
2485
2484
2487
2488
2491
2490
2493
2494
2497
2496
2499
2502
2519
2518
2517
2516
2515
2514
2513
2512
2511
2510
2509
2508
2507
2506
2541
2540
2539
2538
2537
2536
2535
2534
2533
2532
2531
2530
2529
2528
2546
2552
2558
2162
2563
2569
2163
2583
2590
2598
2165
2605
2612
2166
2619
2625
2618
2611
2604
2596
2597
2589
2164
2582
2576
2575
1921
2568
2574
1922
2581
2588
1923
2595
2603
1924
2610
2617
1925
2624
2630
1926
2631
2636
2635
2640
2641
2642
2643
2168
2644
2645
2646
2664
2665
2684
2683
2702
2721
2720
2701
2682
2663
2662
2661
2660
2659
2678
2679
2680
2681
2700
2174
2719
2718
2699
2698
2697
2716
2717
2736
2735
2741
1927
2742
2748
2747
1928
2766
1929
2771
1930
2776
1931
2781
1932
2786
1933
2791
1934
2796
2801
1935
2807
2814
2815
2833
1936
2852
2857
1937
2876
2882
1938
2900
1939
2905
1940
2910
1941
2915
2920
1942
2921
2926
2925
2929
1943
2930
2934
2938
2939
2958
2957
2964
2965
2972
2973
2974
2975
2976
2977
2978
2979
2980
2981
2982
2983
2984
2966
2967
2968
2987
2986
2186
2985
2993
2992
3000
3001
3002
2994
2995
3003
3004
3011
3010
3009
3008
3027
3026
3025
3024
3023
3022
3021
3020
3019
3018
3017
3016
3015
3033
2188
3032
3014
3013
3005
1948
3006
3007
2999
2991
2971
2990
2998
2997
1947
2989
1946
2970
2963
1945
2956
1944
2937
2933
7413
7412
5887
5886
5885
5894
5895
5903
5902
5901
5893
5884
4909
5875
5874
5883
5892
5900
5913
5912
5911
5910
5909
5908
5923
5924
5925
5926
5927
5952
5951
5950
5949
5962
5963
5964
5965
5966
5967
5968
5975
5976
5969
5970
5954
4913
5939
5931
5930
5938
5953
4912
5937
5928
5929
5914
5915
5916
5917
5918
5933
5932
5940
7414
5955
5971
5977
4916
5994
7415
7416
5999
6005
7417
7418
6011
6017
7419
7420
6023
6028
7421
7422
6034
6051
4919
7423
7424
1953
3103
3085
3077
1952
3070
2190
3071
3064
3063
1951
3062
3054
1950
3046
1949
3038
3039
3047
3055
3056
3048
3040
3041
2189
3049
3057
3065
3072
3080
3079
3078
3086
3104
3105
3087
3088
3089
3106
3114
3123
3142
3141
3122
3121
3113
3112
1954
3111
3119
3120
3139
3140
3159
3160
3178
3187
3196
3205
3204
3195
3186
3177
3158
3138
3157
3176
3185
3194
3203
3212
3213
3220
7429
6154
6149
7428
7427
6144
6139
7426
7425
4923
6134
6117
6116
6098
6097
6079
6078
6096
6113
6112
6095
6077
6076
6094
6111
6110
6093
6075
6074
6073
6072
6071
6070
6069
6068
6061
6054
6038
6031
6030
6024
6025
6039
6040
6041
6042
6043
6044
6045
6046
6047
6048
6032
6049
6055
6062
6080
6081
6099
6100
6082
6064
6058
6057
6063
4921
6056
6050
6033
6027
6026
6021
6022
6016
6010
6015
6009
6003
6004
5997
5998
5993
5992
5991
5990
5989
5988
5987
5986
5985
5984
5983
5982
5981
5996
6002
6008
6014
6020
6019
6013
6007
6001
5995
4917
5979
5973
5980
5974
5957
5943
5944
4914
5958
4915
5959
5960
5961
5948
5947
5946
5945
5936
5935
5920
5921
5906
5905
5897
5889
5880
4908
5871
4907
5855
4905
5845
5844
5834
5823
5833
4679
5843
5854
5870
5879
4680
5888
4681
5896
4682
5904
4683
5919
4684
5934
5942
5941
4685
5956
5972
5978
4686
6000
4687
6006
4688
6012
4689
6018
4918
4690
6029
6035
4691
6052
6059
6036
6037
6053
4920
6060
6067
6085
6086
6103
6104
6087
6088
6105
6123
6122
6121
6137
6142
6124
6125
6107
6106
6089
6090
6091
6092
6109
6108
6126
6127
6128
6129
6130
6131
6114
6115
6133
6132
6138
6143
6148
6153
6169
6168
6167
6166
6165
6164
6163
6162
6161
6160
6159
6158
4924
6174
6178
6177
6182
6183
6188
6187
6192
6193
6198
6204
6218
4927
6205
6206
6207
6208
6209
6210
6211
6212
6213
6214
6219
4926
6199
6194
6189
6184
6179
6175
6170
6171
7430
4925
6180
7431
7432
6185
6190
7433
7434
6195
6200
7435
7436
6215
6220
7437
7438
6225
6242
4928
7439
7440
6248
6265
4929
7441
7442
6270
6247
6241
6224
6240
6239
6238
6237
6236
6235
6234
6233
6232
6231
6230
6229
6223
6222
6227
6228
6244
6251
6250
6267
6272
6295
6296
6312
6318
6317
6334
6335
6336
6337
4933
6338
6339
6340
6341
6342
6325
6324
6323
6322
6321
6320
6319
6313
6297
6298
6299
6300
6301
6302
6303
6304
6305
6306
6307
6314
6309
6308
6291
6284
6283
6282
6281
6280
6279
6278
6277
6276
6275
6290
6289
6273
6274
6268
4930
6252
6245
6253
6254
6255
6256
6257
6258
6259
6260
6261
6262
6246
6263
6264
6269
6285
6286
6292
6293
6287
4931
7443
7444
7445
4932
7446
7447
6310
6315
6332
6331
6330
6329
6328
6327
6326
6343
6344
6345
6346
6353
6347
6348
6349
6354
6355
7448
7449
6361
6360
4935
6377
6384
4937
6378
7450
7451
6400
6399
6405
6410
7452
6430
7453
6447
6429
6414
6409
4940
6404
6398
6383
6382
6376
6359
6375
6374
6373
6372
6371
6370
6369
6368
6367
6366
6365
6358
6357
4934
6352
6351
6350
6356
6362
6379
6363
6364
6380
4936
6381
4938
6387
6388
6389
6390
6391
6392
6393
6394
6395
6396
6397
6403
6408
6413
6428
6446
6463
6480
4945
6485
6486
7455
6481
4944
6464
4943
7454
3444
3463
3482
1978
3501
3505
3509
3513
3517
3521
3522
2212
1979
3529
1980
3533
1981
3537
1982
3541
1983
3548
1984
3552
1985
3556
3560
1986
3579
1987
3582
1988
3585
1989
3588
1990
3591
1991
3594
7474
7473
7472
7471
7470
7469
7468
7467
6586
6585
6591
6607
4954
6623
6626
6629
6631
6633
6650
6649
6648
6647
6646
6645
6644
6643
6642
6641
6640
6639
6638
6637
4956
6636
6635
6634
6651
6654
4718
6655
4957
6658
4719
6660
11265
6632
4717
6630
4955
6612
6613
6614
6615
6616
6617
6618
6602
6601
6600
6599
6598
6597
6596
6595
6611
6610
6594
6588
6593
6609
6625
6628
6627
4716
6624
4715
6608
6592
6587
4714
6571
6566
4713
6557
4712
6552
4711
6547
4710
6531
6532
6533
6548
6553
6558
4951
6562
6567
4952
6572
6573
6574
6575
6576
6577
6578
6579
6580
6581
6582
6603
6619
6620
6604
6605
6621
6622
6606
4953
6590
6589
6583
6584
6569
6564
6561
6565
6570
7466
7465
7464
7463
7462
7461
4950
6530
6525
6506
6507
6508
6509
4948
6526
7460
7459
7458
6503
6502
6501
6500
6494
6495
6496
6497
7457
7456
6491
6490
6489
6488
6484
6479
6462
6461
6478
6477
6460
6442
6443
6444
6445
6427
6426
6425
6424
6423
6422
6441
6458
6459
6476
6475
6474
6473
6472
6456
6457
6440
6439
6421
6420
6419
6418
6417
6435
6436
6437
6438
6455
6454
6471
6470
6453
6452
6469
6468
6451
6433
6434
6416
4942
6412
4941
6407
4939
6402
6386
6385
4706
6401
6406
6411
6415
6431
6448
6432
6449
6450
6467
4946
4947
6499
6505
6512
6513
6514
6515
6516
6517
6518
6519
6520
6521
6522
6523
6524
6528
6529
6546
6550
6551
6556
6555
6560
6568
6563
6559
6554
6549
6545
6544
6543
6542
6541
6540
6539
6538
6537
6536
6535
6534
6527
4949
6511
6493
6483
6466
6465
4707
6482
6487
6492
4708
6498
4709
6504
6510
9782
9774
9752
9751
9750
9737
9728
9749
9764
9763
9762
9748
9747
9761
9760
9746
9745
8007
9736
9727
9712
9711
9710
8006
9709
9701
9693
9685
9669
9670
9671
9672
9673
9660
9651
9643
9634
9625
9616
9607
9598
9590
9582
9570
9569
9551
9552
9571
9572
9573
9554
9553
9536
9537
9538
9555
9574
9556
9539
9540
9541
9523
9524
9525
9543
9542
9559
9558
9557
9575
9576
9577
9584
9583
7999
9591
9600
9609
9599
9608
9617
9618
9627
9626
9635
9644
9652
9661
9679
9678
9677
9676
9675
9674
9686
9694
9702
9713
9714
9715
9716
9717
9718
9719
9729
9738
9739
9730
9720
9721
9722
9723
9707
11251
11250
9699
9691
11249
11248
8005
9683
9666
11247
11246
9657
9665
9656
9648
9647
8003
9646
9655
9664
9682
9690
9681
9689
9697
9698
9706
9705
9704
9696
9703
9695
9687
9688
9680
9662
9663
9654
9653
9645
9636
9637
9628
9619
9610
9611
8002
9620
9629
9638
9639
11245
11244
9630
9621
9613
11243
11242
9604
9612
9603
9602
9601
9592
9593
9586
9585
9578
9560
9561
9562
7997
9579
9587
9594
9595
7998
11241
9563
9545
9544
9526
9527
9528
11239
11240
6333
6316
6311
4705
6294
6288
4704
6271
6266
6249
6243
4703
6226
6221
6216
4702
6201
6202
6217
6203
6197
6196
4701
6191
4700
6186
4699
6181
4698
6176
4697
6172
6155
6150
4696
6145
4695
6140
4694
6151
6173
6156
6157
6152
6147
6146
6141
6136
6119
6120
6102
4922
6084
6066
6065
6083
4692
6101
6118
4693
6135
9303
9319
9335
9334
9318
9317
9316
9332
9331
9342
9341
9330
9314
9315
9299
9284
9283
9298
9297
9313
9329
9328
9327
9311
9312
9296
9295
9294
9310
9326
9325
9309
7979
9293
7978
9273
9246
9227
9243
9253
9280
9281
9282
9292
9291
9290
9289
9305
7980
9321
7982
9337
7984
9347
7985
9358
9359
9360
9349
9348
9338
9339
9323
9322
9306
9307
9308
7981
9324
9340
9350
9361
7986
9372
9373
9374
9375
9376
9377
9378
9362
9351
9363
9379
9380
9364
9353
9352
9343
9333
7983
9344
9345
9366
9365
9354
9355
9356
11229
11230
9367
9383
9382
9381
9391
9390
9389
9402
9413
9412
9401
9400
9411
9422
9423
9441
9424
9425
9414
9404
9403
9392
9393
9394
11231
11232
9405
11233
11234
11235
9427
9416
9415
9426
9444
9454
9455
11236
11237
9493
11238
7995
9519
9510
9492
7994
9481
9482
9465
9464
9453
9443
9442
9452
9463
9480
9491
9490
9479
9478
9461
9462
9451
7992
9440
9439
9438
9437
9436
9435
7991
9434
9421
9410
9399
9388
9387
9398
9409
7990
9420
9433
9450
9449
9432
9408
9397
9386
9371
9370
7987
9385
7988
9396
7989
9407
9419
9418
9417
9428
9429
9430
9431
9448
9447
9446
9445
7735
9456
9466
9483
9494
9495
9512
7736
9511
9520
9529
9530
9547
9546
9564
7737
9580
7738
9588
7739
9596
9565
9548
9549
9532
9531
9521
7996
9513
9497
9496
9485
9484
9467
9457
9458
9468
9469
9486
9499
9498
9487
9470
9471
9459
9460
9472
7993
9488
9473
9474
9475
9476
9477
9489
9507
9508
9509
9518
9517
9516
9515
9506
9505
9504
9503
9502
9501
9500
9514
9522
9535
9534
9533
9550
9568
9567
9566
9581
9589
9597
8000
9606
8001
9624
9633
9642
8004
9650
9659
9668
9641
9632
9623
9615
9605
9614
7740
9622
7741
9631
7742
9640
9649
7743
9658
9667
7744
9684
7745
9692
7746
9700
7747
9708
7748
9724
7749
9733
7750
9742
7751
9756
7752
9770
8009
9779
9788
9789
9780
9772
9771
9757
9743
9734
9725
9726
9735
9744
9758
8008
9759
9773
9781
9790
9799
9808
9807
9798
9797
9806
9815
9816
9824
9817
9825
9834
9843
9852
9864
9865
8013
9866
9867
9868
9869
9870
9871
9881
9898
9907
9906
9897
9896
9895
9894
9893
9892
9891
9890
9914
9913
9912
9922
9937
9952
9961
9970
8020
9978
9995
9996
8021
10003
10012
10027
10013
9981
9980
9979
9972
9963
9971
9962
9953
9938
9923
9924
9939
9954
8018
9940
9941
9928
9973
9974
9965
9966
9975
9990
9989
9988
9987
9986
9985
9984
10016
10017
10018
10019
10034
10033
10032
10031
10030
10015
10014
10029
10028
8025
10048
10040
10026
10011
10010
10009
10024
10025
8024
10039
10047
10046
10045
10038
10023
10008
10001
9994
7766
9977
7765
9969
7764
9960
7763
9951
7762
9936
7761
9921
7760
9911
7759
9902
9885
9874
9875
9876
9877
9878
9879
9863
9862
9861
9860
9850
9851
9842
8011
9833
9832
9823
8010
9814
7756
9805
7755
9796
7754
7753
9787
15373
13843
13839
13822
11773
13838
13842
13858
13859
13860
13864
15374
15375
13868
13872
15376
15377
13875
13879
15378
15379
13884
13889
15380
15381
11779
13906
13923
13941
13959
13965
15382
15383
13970
13975
15384
15385
13980
13979
13997
11783
14013
14016
14033
14032
14031
14030
14029
14028
14027
14026
14025
14024
14023
14022
14021
14020
11784
14036
14042
14043
14044
14045
14046
14047
14048
14049
14050
14051
14052
14053
14037
14038
15390
15391
15392
15393
14082
11788
15394
14093
14092
14087
14086
11786
14081
14076
14072
14055
14054
14071
14070
14069
14068
14067
14066
14065
14064
14063
14062
14061
14060
14059
14058
11785
14074
14075
14080
14085
14090
14096
14101
14100
14117
14123
14129
14135
11554
14136
14153
14152
14170
14175
14178
14181
14184
11555
14187
11556
14191
14192
14188
11802
11801
11800
11799
14172
14171
14154
14155
14156
11797
14157
14139
14140
14158
14159
14141
14142
14160
14161
14143
14144
14162
14163
14145
14146
14164
14165
14166
14167
14149
14148
14147
14132
14133
14150
14168
11798
14173
14176
14179
14182
14185
14189
14193
14209
14208
14207
14224
14225
14226
14227
14210
14211
14232
14231
14235
14236
14252
14251
14267
14282
14283
14268
14269
14284
14291
14298
14305
14322
14339
14338
14321
14320
14337
14354
14355
14356
14373
14374
14357
14340
14323
14306
14299
15409
15408
14292
14285
15407
11807
11806
11804
14228
11803
15406
15405
14194
15404
15403
14190
14186
15402
15401
14183
14180
15400
15399
14177
14174
14169
14151
14134
15398
15397
14128
14127
14126
14121
14122
15396
15395
14116
14115
14099
14098
14091
11791
14097
11792
14114
14120
14113
14112
14111
14110
14109
14108
14107
14106
14105
14104
14103
14119
14125
14131
14138
14137
11796
14130
11795
14124
11794
14118
11793
14102
14095
11790
14089
11789
14084
11787
14079
14078
14039
14034
14017
14014
11552
13998
13981
13976
11551
13971
13966
13982
13999
14000
13983
13984
13985
13977
13972
11782
11781
13967
13962
11780
13945
13927
13926
13944
13943
13961
13960
13942
13925
13924
13907
13890
13891
13892
13908
13909
13910
13928
13946
13947
13929
13911
13895
13896
13897
13912
13930
13948
13949
13931
13913
13914
13932
13950
13951
13933
13915
13898
13899
13900
13916
13917
13935
13934
13952
13953
13954
13936
13937
13919
13903
13904
13920
13938
13956
13957
13939
13921
13905
13888
13883
13878
13874
13871
13867
13863
13857
13856
13855
13854
13853
13852
13851
13850
13849
13848
13847
13846
13845
11775
13840
11776
11545
13844
11546
13861
11547
13865
11548
13869
11777
11549
13876
13881
13880
11550
13885
20377
20376
18261
15886
18278
18294
18312
20378
20379
20380
18381
15890
18364
15889
18347
15888
18330
18329
18311
18310
18328
18346
18363
18345
18344
18343
18360
18376
18359
18342
18324
18325
18326
18327
18309
18293
18292
18291
18290
18308
18307
18289
18274
18275
18258
18257
18256
18273
18272
18287
18288
18306
18305
18323
18322
18304
18286
18271
18270
18285
18303
18302
18284
18269
18268
18267
18283
18282
15887
18266
18265
18297
18281
18280
18279
18262
18263
18264
18253
18252
18251
15667
18240
15666
18229
15665
18230
18241
18242
18243
18254
18255
18244
18233
18232
18221
18222
18212
18201
18190
18189
18200
18211
18210
18220
18231
18219
15885
18209
18208
15664
18197
15663
18186
18170
15662
18187
18198
18199
18188
18172
18171
18161
15882
18160
18150
15661
18149
18138
15660
18127
15659
18116
15658
18100
18101
18117
18118
18119
18130
18131
18142
18153
18141
18140
18129
18128
18139
18151
18152
18162
18163
18173
15883
15884
18174
18175
18176
18177
18178
18179
18180
18191
18202
18192
18193
18194
18205
18216
18226
18237
18236
18225
18215
18204
18203
18214
18213
18223
18224
18235
18234
18245
18246
18247
18248
18259
18276
18277
18260
18249
18250
20375
18239
20374
20373
18228
18238
18227
18217
18218
20372
20371
18207
18206
18195
18184
18185
18196
20370
20369
18169
18159
20368
20367
18148
18137
20366
20365
18126
18115
18114
18125
18136
18147
18158
18168
18183
18182
18181
18167
18157
18156
18166
18165
18164
18154
18155
18144
18143
18132
18121
18109
18093
18092
18108
18107
18091
18090
15880
18077
18076
15878
18075
15879
18088
18089
15881
18105
18106
18120
18104
18103
18102
18086
18085
18084
18071
18072
18058
15657
18057
18043
15656
18028
18029
18044
18045
18059
18073
18087
18074
18060
18046
18031
18032
18033
18034
18048
18047
18061
18062
18049
18063
18078
15875
18005
17989
18007
17991
17976
17977
17964
17965
17966
17951
15866
17936
17937
17921
17938
17953
17952
15868
17967
17968
17954
17940
17939
17923
17922
17906
17890
17875
17874
17873
17872
17856
17857
17839
17821
17822
17823
17811
17798
17785
17786
17787
20356
20357
17800
17813
20358
20359
13623
11528
13629
11529
13635
11530
13641
11531
13658
13665
13680
13698
13712
13728
13734
13733
13739
11532
13740
13741
13747
13746
11533
13745
11534
13751
11535
13756
13761
11536
13766
11537
13772
11538
13777
13782
11539
13787
13794
13800
11540
13806
11541
13811
11542
13815
11543
13819
11544
13823
11774
13824
13825
13826
13827
13828
13829
13830
13831
13832
13833
13834
13835
13836
13837
13821
13817
13813
13808
13803
13804
13809
11771
11772
13818
13814
13810
15372
15371
13805
13799
15370
15369
13793
13792
13798
13797
13791
13785
13780
13775
11768
13786
13781
15368
15367
13771
13776
11766
13770
13769
13764
11765
13765
13760
13755
11762
11763
13759
13754
13748
13742
13735
11760
13730
13729
11758
13714
13713
13699
13700
13701
13683
13682
13681
11754
13666
13667
13684
13702
13715
13716
13717
13718
13704
13703
13685
13686
13669
13670
13671
13688
13687
13705
13719
13706
13720
13721
13707
13689
13672
13673
13690
13708
13722
13723
13709
13724
13725
13726
13710
13694
13695
13696
11756
13727
13731
11761
13736
13737
13743
13749
13750
15366
15365
13744
13738
13732
11759
11757
13711
13697
13679
13664
15364
13657
15363
13640
13639
13633
13634
15362
15361
13628
13622
13605
13604
13588
11749
13589
15360
9406
9395
9384
9369
9368
9357
9346
9336
9320
9304
7734
9288
9279
7733
9270
9252
9242
9225
9226
9215
9214
7732
9197
9198
9188
9187
7731
15347
13342
13358
15348
15349
13368
13384
13402
13420
13419
13401
13400
13418
13427
13417
13399
13398
13416
11738
11740
13437
13438
13439
13428
13429
13430
13440
15350
13451
13450
13449
13448
13464
13465
13466
13467
15351
13478
13495
11743
15352
15353
13505
13514
15354
15355
13522
13530
15356
15357
13538
13555
11747
15358
15359
13572
13571
13570
11748
13569
13587
13602
13603
13620
13621
13627
13632
13626
13619
13618
13617
13600
13601
13586
13585
13568
13551
13550
13567
13584
13599
13616
13625
13631
13637
13653
13638
13654
13655
13656
13663
13678
13677
13662
13676
13693
11755
13692
13691
13674
13675
13661
13652
13651
13650
13649
13648
13647
13646
13645
13668
13644
13660
13659
11753
13642
13643
13636
13630
13609
11751
13608
13624
11752
13607
11527
13606
13590
11526
13573
13591
13574
13557
13556
13539
13531
13523
11525
13515
13506
11524
13496
13497
13480
13479
13468
11523
13469
13481
13498
13499
13508
13516
11745
13507
11746
13524
13532
13542
13541
13540
13558
13559
13576
13575
11750
13592
13593
13577
13578
13561
13560
13543
13544
13533
13525
13517
13509
13547
13546
13545
13562
13563
13564
13580
13579
13594
13610
13611
13612
13595
13596
13581
13582
13597
13613
13614
13615
13598
13583
13566
13565
13548
13549
13518
13519
13527
13526
13534
13535
13536
13552
13553
13554
13537
13529
13528
13520
13521
13513
13512
13511
13510
13501
13502
13492
13503
13504
13477
13476
13494
13493
13475
13474
13463
13447
13446
13436
13426
13414
13415
13397
13396
13395
13413
13412
13411
13410
13409
13391
13392
13393
13394
13378
13377
13376
13375
13374
13364
13349
13350
13351
13352
13353
13354
13379
13380
13381
13365
13355
13338
13339
13340
11734
13356
13366
13382
11735
11736
13383
13367
13357
13341
13330
13331
15346
15345
13321
13320
13309
13310
15344
15343
13299
13288
15342
15341
13267
13257
13246
13245
13256
13266
13276
13277
13287
13298
13297
13296
13307
13308
13319
13329
13328
13318
13327
13317
13306
13295
13284
13285
13286
13275
13274
13273
13263
13264
13253
13254
13265
11731
13255
13244
13233
13234
13217
13216
11725
13232
13243
13242
13241
13252
11729
13240
13230
13231
13215
13187
13198
13214
13213
13212
13229
13211
13228
13227
13226
13225
13210
13209
13208
13207
13196
13178
13192
13203
13202
13219
13235
13220
13236
13248
13247
13258
13259
11732
13268
13269
13260
13249
13250
13261
13271
13270
13281
13280
13291
13302
13313
13314
13315
13325
13324
13323
13344
13360
13369
13359
11522
13343
13332
11521
13333
13322
11733
13312
13311
11520
13300
11519
13301
13290
13279
11517
13278
11518
13289
20337
17398
20338
17411
17410
17397
17384
17385
17369
20336
20335
17358
17346
20334
17334
17345
17357
17368
17367
17366
17365
17381
17394
17393
17406
17419
17431
17432
17433
17421
17420
17407
17408
17395
17382
17383
17396
17409
17422
17423
17424
20339
20340
17436
17435
17434
17446
17459
17460
17447
17448
17449
20341
20342
17462
17475
20343
20344
17492
17461
17473
17474
15838
17491
17507
17523
17522
15844
17536
17537
17554
20345
20346
17567
17596
17609
20348
20349
17622
17595
17608
17621
17638
17639
20350
17653
17652
17669
17670
17684
20351
20352
17701
17718
20353
20354
17761
20355
17774
17773
17772
17771
17770
17783
17782
17795
17808
17820
17838
17837
17819
17807
17794
17781
17768
17769
17756
17757
17758
17747
17759
17760
17748
17749
17735
15853
17734
17717
15852
17700
15851
17683
17682
17699
17681
17665
17679
17697
17696
17695
17677
17678
17664
17647
17633
17616
17615
17602
17603
17590
17574
17573
17560
17561
17562
17575
17591
17592
17605
17604
17617
17618
17635
17634
17648
17649
17666
17680
17698
17715
17716
17733
17732
17746
17745
17744
17730
17731
17714
17713
17712
17711
17694
17693
17710
17727
17741
15854
17726
17709
17725
17740
17724
17707
17708
17691
17692
17676
17661
17662
17663
17646
17632
17631
17630
17629
17614
17601
17586
17585
15846
17571
17558
17543
17544
17545
17531
15843
17514
15842
17497
17498
17499
17500
17501
17517
17516
17515
17546
17547
17518
17502
17487
17486
17485
17469
17456
17457
17458
17445
17444
17443
17430
17418
17405
17392
17380
17364
17363
17379
17378
17377
17376
17391
17404
17417
17429
17442
17455
17468
17484
17483
17482
17481
17467
17454
17441
17428
17416
17403
17390
15836
17374
17375
17362
17351
17339
17323
15834
17322
17309
17308
17307
17321
17320
17319
17306
17293
17294
17295
17296
17283
17270
17257
17256
17244
17243
17242
17255
17241
17227
17228
17211
17212
17213
17229
17230
17214
17200
17183
17182
17168
17167
17153
17152
17138
17139
17140
17154
17126
17125
17110
17094
17095
17111
17112
17113
17127
17128
17142
17141
15822
15823
17155
17169
15824
15825
17184
15826
17201
15828
17215
17231
17245
15830
15831
17258
17271
15832
15833
17284
17297
17310
17324
17325
17326
17327
17340
17352
17353
17341
17328
17329
17330
17342
17354
17355
17356
17344
17343
17331
17315
17332
17333
17316
17317
20333
20332
17304
17303
17302
17289
17276
17277
17290
17291
20331
20330
17278
17265
20329
20328
17252
17239
17225
17224
17238
17237
17250
17251
17264
17263
17262
17275
17288
17301
17314
17313
17300
17287
17274
17261
17260
17273
17286
17299
17312
17311
17298
17285
17272
17259
17246
17247
17234
17235
17248
17249
17236
17223
17222
17221
17220
17219
17233
17232
15829
17217
17218
17204
17205
17206
17207
17192
17191
17174
17173
17159
17145
17146
17160
17161
17147
17133
17134
17148
17135
17149
17163
17162
17176
17175
17193
15827
17208
17209
17195
17194
17177
17178
20327
20326
17164
17150
20325
20324
17136
17121
17120
17105
17106
17090
17073
17058
15817
17057
17042
17043
17029
20323
17018
20322
20321
17006
16994
20320
20319
16982
15811
16965
15810
16953
16954
16938
20318
16926
16914
16898
16897
16913
15805
16925
16937
16936
16924
16923
16935
16934
16933
16921
16922
16909
16910
16911
16912
16896
16880
16881
16882
16869
16852
20317
16837
15799
15798
16808
20316
20315
16795
16779
16767
16750
16737
16721
16707
20314
20313
16697
16706
16720
16736
16749
16766
16778
15796
16794
16807
16823
16822
16806
16805
16821
15797
16820
16833
16832
16846
16847
16848
16834
16835
16836
16849
16850
16851
16868
16867
16866
16879
16895
16894
16878
16865
16864
16863
15801
16877
16893
16892
16908
16907
16906
16905
16904
15804
15802
16889
16890
16891
16876
16862
16845
16831
16819
16803
16790
16791
16774
16761
16762
16775
16792
16804
16793
16776
16777
16764
16765
16748
16747
16763
16746
16745
16744
15792
16731
16716
16717
15790
16732
16733
16734
16735
16719
16705
16695
16696
16686
16687
16671
20312
16662
20311
20310
16654
16653
16661
16660
16652
16643
16635
16644
16645
20309
20308
16636
16627
16626
16625
16634
16633
16624
16623
16622
16621
16620
16619
16618
16617
16616
16632
16642
16641
16650
16651
16659
16658
16667
16668
16669
16670
16685
16684
16694
16704
16703
16718
15789
16693
16683
16682
16681
16680
16679
16678
16677
16676
16692
16691
16711
16712
16701
16702
16713
16714
16715
16730
15791
16729
16728
16727
16743
16755
16754
16753
16752
15793
16739
16740
16741
16742
16726
16725
16724
16710
16699
16700
16690
16689
15615
16663
15616
16672
15617
16688
15618
16698
16708
16709
16723
16722
16738
15619
16751
16768
16769
16781
16780
16796
15620
16797
16798
16811
16812
16827
16828
16829
16814
16813
16800
16799
16783
16782
16770
16771
16772
16784
16785
16801
16802
16786
16773
15794
16756
16757
16758
16759
16760
15795
16789
16788
16787
16818
16817
16816
16815
16830
16844
15800
16859
16860
16861
16858
16875
16874
16873
16886
16885
15803
16900
16884
16871
16872
16855
16856
16857
16843
16842
16841
16854
16839
16840
16826
16825
16810
16809
15621
16824
15622
16838
15623
16853
15624
16870
15625
16883
16899
15626
16915
16927
16939
16955
16956
15809
16940
15807
16928
15806
16916
16917
16901
16902
16887
16888
16903
16919
16920
16932
16943
15808
16931
16918
16929
16930
16942
16941
16957
16958
16971
16972
16988
17000
17012
17023
17036
15813
15815
17050
17065
17066
17067
17082
17098
15821
17114
17099
17100
17101
17085
17086
17087
17071
17070
17069
15816
17068
17084
17083
17051
17052
17037
15814
17024
17025
17038
17053
17054
17055
17040
17039
17026
17027
17016
17015
17014
17013
17001
16989
16977
16976
16975
16974
16973
16959
16944
16945
16946
16947
16948
16949
16950
16951
16952
16964
16963
16962
16961
16960
16978
16990
17002
17003
17004
16992
16991
16979
16980
16981
16993
17005
17017
17028
17041
17056
17072
17089
17088
17104
17119
17118
17103
17102
17117
17132
17131
17116
17115
17130
17144
17158
17172
17190
17189
17188
17187
17203
17216
17202
17185
17170
17156
17186
17171
17157
17143
17129
15820
17097
17081
17080
17096
15819
17079
17078
17064
17049
17035
17011
17022
17021
17010
16998
16999
16987
16970
16969
16986
16997
16996
16984
16985
16968
16967
16966
15627
16983
15628
16995
17007
15629
17008
17009
15812
17020
17019
17030
17044
17059
15630
17074
17045
17031
17032
17033
17034
17048
17063
17077
17076
17062
17047
17046
17061
17060
15818
17075
17093
17092
15631
17091
17107
17108
17109
17124
17123
15632
17122
17137
17151
17165
17166
17181
17199
17198
17197
17180
15633
17179
17196
15634
17210
15635
17226
17240
17253
17254
17267
17268
17269
17282
17281
17280
17266
17279
15636
17292
15637
17305
17318
17335
15638
17347
17348
15835
17349
17336
17337
17338
17350
17361
17360
17359
17370
15639
17371
17372
17373
17388
17387
15640
17386
15641
17399
15642
17412
17413
15837
17425
17426
17414
17400
17401
17389
17402
17415
17427
17440
17439
17438
15643
17437
15644
17450
15645
17463
17476
17477
17464
17451
17452
17453
17466
17479
17465
17478
15839
17494
17511
17510
17493
17509
17525
17526
17527
17528
17512
17495
15840
17480
17496
15841
17513
17530
17529
17542
17541
17540
17539
17538
15646
17555
15647
17568
17581
15648
17597
17582
17569
17556
17557
17570
17584
17583
17598
17599
17612
17613
17626
17644
17658
17657
17674
17688
17687
17704
17721
17738
17752
17751
15653
17750
17736
15652
17719
17737
17720
17703
17702
17685
17671
17672
17686
17673
17656
17655
17654
15651
17640
17623
15650
17610
15649
22599
22610
25245
25246
22620
22619
22609
22598
22581
22582
22566
22550
22535
20818
22523
22522
22510
22494
22493
22492
22508
22520
22519
22545
22544
22557
22573
22574
22575
22592
22591
22590
22589
22588
20827
20828
22657
22668
22667
22666
22678
22679
22680
22697
22714
22713
22696
22695
22712
22729
22730
22740
22739
22757
22756
22755
22773
22772
20621
22787
22788
22800
22817
22833
22844
22855
22856
22857
22867
22868
22858
22847
22846
22845
22834
22835
22836
22819
20837
22803
22802
22791
22792
22804
20838
22805
22806
22807
22822
22821
22820
20839
22837
20840
22848
22859
20841
22886
22898
22899
22915
22914
20843
22896
22884
22883
22895
20844
22911
22912
22928
22939
20848
22927
22938
22951
20852
22963
22964
22980
22992
20856
23004
23020
20860
23047
23048
23063
23074
23085
23084
23073
23062
20863
23094
23083
23061
20862
23060
23072
23071
20625
23082
20626
23093
20627
23104
23105
20864
23115
23126
20628
23125
20629
23136
20630
23146
20631
23156
23166
23167
23157
23147
23137
23138
23127
23116
23106
23095
23096
23107
23117
23128
23139
23149
23159
23171
23170
23158
23148
23169
23168
23178
23177
23193
23194
23212
20632
23211
20633
23220
20634
23229
20635
23238
23239
23230
23221
20869
23249
20872
23267
23259
20871
23250
23241
23232
23240
23231
23222
23223
23214
23213
23197
23196
23195
23179
23180
23181
23198
23199
20868
23182
23200
23201
23202
23203
23185
23186
23187
23188
23173
23172
23160
23150
23151
23161
23152
23153
23143
23144
23154
23175
23190
23191
23192
23210
23219
25272
25273
23228
23237
25274
25275
23246
23255
23263
25276
18415
18416
18399
15668
18398
18382
18383
18384
18385
15892
18401
18386
18369
18352
18351
18368
18367
18366
18365
18348
18331
18313
18295
18296
18314
18332
18349
18350
18333
18315
18316
18298
18299
18317
18334
18335
18336
18318
18300
18301
18319
18337
18353
18370
18371
15891
18387
18388
18389
18374
18357
18356
18373
18372
18354
18355
18338
18320
18321
18339
18340
18341
18358
18375
18390
18391
18392
18377
18378
18361
18362
18379
18380
18395
18396
18397
18414
18413
18412
18394
18411
18410
18393
18409
18421
15894
18408
18407
18406
18405
18404
15893
18403
18402
18420
18419
15895
18418
18400
18417
18428
18444
18468
18476
18484
18492
18502
18511
18520
18529
18528
18519
18510
18501
18491
18483
18475
18467
18459
18460
18443
18442
18427
15669
18426
18441
15670
18458
15671
18466
15672
18474
15673
18482
15674
18490
15675
18500
15676
18509
15677
18518
15678
18527
18536
15679
18537
18538
18547
18557
15898
18548
18539
18530
18521
18512
18503
18493
18485
18477
18469
18461
18445
18446
18429
18430
18447
18448
18431
18432
18433
18449
18450
18434
18451
18452
18435
18453
18454
18436
18422
18423
18437
18455
18464
18456
18438
18439
18424
18425
18440
15896
18457
20381
20382
18465
18473
20383
20384
20385
18489
18481
18472
18480
18479
18471
18463
18462
18470
18478
18486
18487
18488
18505
18506
18507
18516
18525
18524
18515
18514
18523
18533
18532
18541
18542
18551
18550
18559
18560
18569
18570
18571
18561
18552
18543
18534
18535
20389
20390
18544
18553
20391
20392
18562
20393
18572
18590
18589
18588
18606
18607
18608
15899
18625
20394
20395
18635
18645
20396
20397
18655
15903
15905
15907
20398
18700
18699
18698
18682
18683
18674
18673
18681
18697
15908
18696
18680
18671
18672
18663
18664
18665
18654
18644
18634
18624
18633
18632
18642
18643
18653
18652
18662
18651
18641
18631
18604
18583
18601
18619
18618
18600
18582
18581
18580
18596
18659
18705
18715
18725
18735
18752
18753
18736
18726
18716
15910
18706
18707
18708
18718
18717
18727
18728
18729
18719
18709
18710
18720
20399
20400
18730
20401
18740
18757
18766
18775
18783
18782
15919
15917
18774
18765
15915
18755
18756
18739
18738
18737
18754
18764
18773
18763
18772
18780
18781
18789
18788
18797
18798
18790
18791
18792
20402
20403
18801
18810
20404
20405
18827
18836
20406
20407
18846
18845
18855
18856
20408
20411
18885
20412
18906
18895
18894
18893
18892
18903
18902
18891
18890
18874
18863
18853
18843
18833
18835
18826
18809
18800
18799
18808
18807
18806
18821
18820
18819
18818
18817
18816
18804
18795
18786
18785
18794
25298
23762
23761
23748
23686
23685
23670
23671
23672
23673
23674
23675
23660
23659
23658
23657
23656
23655
23624
23584
23585
23586
23600
20893
23613
23614
23627
23626
20894
23643
23644
23645
23646
23647
25293
25292
23630
23629
23628
23615
23616
23603
23602
23601
20891
23587
23573
23559
23545
23531
23530
20887
23517
23518
23502
20886
23485
23486
23503
23519
23532
23546
23561
23560
23574
23588
23575
23589
23590
25291
25290
23576
23562
25289
25288
23548
23547
23533
23534
23520
23504
25287
25286
23487
23476
23460
23443
23442
23441
23458
23459
23475
23474
23473
23457
23440
23424
23425
23408
23391
23390
23407
23406
23423
23439
23456
23472
23484
23501
23500
23499
23516
23528
23529
23544
23543
23557
23558
23572
23571
23570
23556
23542
20889
23515
23498
23514
23513
23527
20888
23512
23511
23510
23494
23482
23495
23496
23497
23468
23467
23452
23453
23469
23470
23483
23471
23455
23454
23437
23438
23421
23422
23405
23388
23389
23373
23374
23357
23356
23355
23372
23371
23370
23369
23386
23387
23404
23403
23385
23368
23367
23384
23383
23382
23365
23366
23349
23350
23333
23334
23351
23352
23335
23318
23301
23302
23319
23336
23353
23354
23337
23320
23338
23339
23340
23323
23322
23321
23304
23303
23286
23287
23269
23261
23270
23288
23289
23305
20875
23306
23307
20876
23324
20877
23341
20878
23358
20879
23375
20880
23392
20881
23409
20882
23426
25285
25284
25283
25282
25281
25280
25279
25278
25277
23290
20874
23273
23272
23271
23262
23253
23254
23245
23244
23252
23243
23234
23225
23226
23235
23236
23227
23218
23217
23216
23224
23233
23242
20870
23251
23260
23268
20873
23285
23284
23283
23282
23299
23300
23317
23316
23315
23298
23281
23280
23279
23296
23297
23314
23332
23331
23348
23347
23364
23381
23363
23346
23329
23330
23313
23312
23295
23278
23294
23277
23276
23293
23310
23327
23344
23361
23360
23343
23326
23311
23328
23345
23362
23379
23380
23397
23398
23415
23431
23432
23433
23434
23418
23417
23416
23399
23400
23401
23402
23419
23420
23436
23435
23451
23450
23449
23466
23481
23493
23492
23491
23480
23507
23506
23505
23488
23489
23490
23479
23463
23464
20885
23465
23448
20884
23430
23414
23396
23378
23395
23412
23413
20883
23429
23447
23446
23445
23462
23478
23477
20639
23461
20638
23444
20637
23428
20636
23427
23410
23411
23394
23393
23377
23376
23359
23342
23325
23308
23291
23309
23292
23275
23274
23264
23265
23266
23258
23257
23248
23247
23256
30175
30176
28076
28085
30177
30178
28094
28103
30179
30180
28112
28111
28102
28093
28084
28075
28066
28057
28067
28058
30174
30173
30172
30171
30170
30169
27993
27992
27991
28002
28013
28024
28032
28049
28048
28031
28023
28012
28001
27990
28000
28011
28022
28030
28045
28046
28047
28056
28065
28074
28083
28092
28101
28110
28120
28130
28140
28157
28156
28155
28139
28129
28119
28109
28100
28091
28082
28073
28064
28055
28044
28043
28029
28021
28010
27999
27986
27987
27969
27968
27967
27985
27984
27966
27948
27935
27934
27933
27932
27946
27947
27965
27964
27945
27963
27962
27980
27981
25726
27982
27983
25727
28020
25728
28009
28008
28019
28026
28027
28028
28040
28041
28042
28054
28063
28072
28081
28090
28099
28108
28118
28128
28138
28153
28154
28171
28170
28180
28189
28198
28212
28211
28210
28209
28208
28196
28197
28188
28187
28186
28195
25735
28185
28176
28161
28144
28134
28124
28114
25733
25732
25731
25730
25729
28078
28087
28096
28105
28115
28125
28126
28136
28149
28166
28165
28164
28147
28148
28135
28146
28145
28162
28163
28177
28178
28179
28167
28168
28169
28152
28151
28150
28137
28127
28117
28116
28106
28107
28098
28089
28097
28088
28079
28080
28071
28070
28069
28060
28061
28062
28053
28052
28051
28039
28038
28037
28036
28035
28034
28033
25537
28050
25538
28059
28068
28077
28086
28095
28104
25539
28113
25540
28123
25541
28133
28143
28160
25542
28175
25543
28184
28193
28194
28203
28204
28205
28206
28207
28225
28238
28239
28255
28254
28253
28237
28224
28223
28236
28252
25740
28251
28235
28234
28250
25741
28266
28267
28268
28279
28278
28277
25742
28289
25743
28301
25746
28302
28290
28291
25744
28303
28304
28269
28280
28292
28305
28306
28307
28293
28281
28270
28259
28258
28242
28257
28256
28240
28241
28226
28213
28227
28243
28260
28244
28245
28228
28215
28214
28199
28190
28181
28172
28173
28182
28191
28200
28216
28217
25736
25739
28261
28246
25737
28229
28218
28201
28192
28183
28174
25734
28158
28159
28141
28131
28121
28122
30181
30182
28132
28142
30183
30184
30185
30186
30187
30188
28219
28230
25738
28262
30189
30190
28273
28272
28284
30191
30192
28296
28312
28311
28295
28283
28271
28282
28294
28323
28308
28309
28310
28325
28324
25748
28336
28353
28352
28351
28335
28322
28321
28350
28367
28368
28369
28370
28387
28404
28415
28427
25754
28426
28443
28444
28445
28428
25755
28446
28429
28416
28406
25752
28405
28388
25751
28371
25750
28354
25749
28337
28326
28327
28338
28355
30193
30194
28372
28389
30195
30196
30197
28417
28430
28447
30198
30199
25756
28491
28508
30200
30201
28525
28542
30202
30203
28552
28551
28541
25761
28524
28523
25760
28506
25759
28507
28490
28477
28476
28489
28488
28505
28487
28475
28464
28463
28462
28461
28474
28473
28460
28459
28442
28441
28425
28413
28400
28401
28414
28402
28403
28386
28385
28384
28383
28382
28365
28364
28347
28348
28366
28349
28334
28320
28319
28318
28317
28333
28346
28363
28362
28345
28332
28331
28316
28299
28298
28297
28285
28286
28275
28274
28263
28264
28248
28232
28247
28231
28220
25544
28202
28221
28222
28233
28249
28265
28276
28287
28288
28300
25745
28315
25747
28330
28342
28341
28358
28357
28340
28329
28314
28313
28328
28339
28356
28373
28390
25545
28407
28418
28431
28448
28465
25546
28466
28449
28450
28432
28419
28408
28391
28374
28375
28392
28393
28376
28359
28360
28343
28344
28361
28378
28379
28396
28395
28394
28377
28409
28421
28420
28433
28434
28435
28436
28453
28452
28451
28467
28481
28480
28479
28478
28492
28509
28526
28527
25762
28543
28554
28553
25547
28569
25548
28581
28593
25549
28594
25764
28605
28616
25550
28617
28629
28628
28640
25551
28641
28655
28654
28671
25552
28672
28689
28688
28702
28703
28719
28720
28736
28718
28735
28747
28748
28759
28760
28761
28762
25776
28774
28787
28775
28749
25774
28737
25773
28721
28722
28705
28704
28690
28673
28656
28642
28643
28630
25765
28618
28606
28607
28608
28609
28621
28633
28646
28632
28620
28619
28631
28644
28645
28659
28660
28677
28661
28662
28663
28679
28678
25769
28709
28708
28707
28694
28676
28675
25768
28658
28657
28674
28691
28692
28693
25771
28706
28724
28723
28738
28750
25775
28763
28776
28788
25778
25780
28800
25781
28813
28827
28840
28841
28828
28814
28801
28789
28777
28764
28751
28739
28725
28726
28727
28728
28710
28696
28697
28698
28714
28731
28713
28712
28730
28741
28742
28743
28744
28756
28755
28768
28769
28781
28782
28770
28757
28745
28733
25772
28732
28715
28699
28685
28684
28667
28649
28650
28651
28668
28669
28652
28653
30210
30211
28670
28687
28686
28700
28701
28717
28716
28734
30212
30213
28746
28758
30214
30215
28771
28783
28807
28820
28819
28806
28805
28818
28817
28804
28791
25779
28779
28778
28790
28802
28803
28816
28815
28829
28842
28843
28830
28831
28844
28845
28846
28832
25782
28833
28847
28861
28875
28889
28902
28903
28917
28916
28915
28901
28887
28888
28874
28860
28859
28858
28857
28871
28885
28886
28900
28914
28932
28944
28956
28946
28947
30225
30226
28959
28958
28970
28971
30227
30228
28983
28982
28998
28999
29017
29016
29015
29033
25792
29050
29064
29065
29066
29080
29089
30230
30231
29098
29113
29122
30232
24378
20667
24368
20666
24369
24370
24354
24353
24344
24328
24327
24343
24352
24351
24342
20665
24326
24314
24315
24298
24297
24280
24268
20664
24281
24269
24254
24270
20939
24282
24283
24271
24256
24255
24237
24236
24235
24253
24252
24234
24218
24202
24203
24186
24187
24188
20934
24204
24205
24206
24191
24174
24173
24157
24156
20931
24141
20930
24125
24124
20928
24109
20926
24097
20924
24081
24068
20922
24056
20921
24045
24044
24043
24031
24046
20918
24034
24047
24058
24057
24070
24083
24069
24082
24098
24110
24111
24099
24084
24085
24086
24087
24071
24088
24089
24072
24060
24059
24048
24049
24036
24035
24023
24011
24024
24012
24002
24003
20917
24004
23988
23989
24005
24016
24015
24014
24013
24025
24037
20920
24050
24051
24063
24064
24076
24075
24074
24062
24061
24073
24090
20923
24091
24104
24118
24117
24103
24102
24101
24100
24114
24115
24116
24132
24133
24134
24151
24150
24135
24119
24105
24092
24093
20925
24106
24121
24120
24136
24137
24152
25316
25317
24167
24166
24165
24164
24149
24148
24163
24162
24147
24146
24131
24130
24129
24113
24112
20927
20929
24126
24142
24143
24158
24159
24144
24127
24128
24145
24160
24161
24179
24178
24177
24194
24195
24196
20935
24212
24211
24210
24209
24227
24226
24208
24193
24176
24175
24192
24207
24224
24225
24241
24259
24258
24273
24302
24301
24318
24317
24300
24299
24316
24329
24330
24331
24332
20940
24303
24304
24335
24334
24333
24357
24356
24345
24355
24371
24381
24392
24409
24426
24427
24410
24393
24394
24411
24428
24444
24459
24460
24461
24446
24445
24429
24412
24413
24430
24447
24448
24431
24414
24415
24398
24399
24416
24433
24432
24449
24464
24465
24466
24467
24484
24483
24482
24481
24463
24480
24479
24462
24478
24477
24476
24475
24491
24499
20946
24507
20947
24515
24514
24513
24505
24497
24506
24498
24490
24489
24456
24441
24440
24455
24454
24439
24422
24405
24388
24406
24423
24424
24407
24390
24389
24379
24380
24391
24408
24425
24442
24443
24458
24457
24474
24473
24472
24471
20668
24488
20669
24496
24504
24512
24520
24521
20948
24537
24538
24522
24523
24539
24546
24556
24573
24581
24580
24572
24562
24563
24554
24553
24545
20670
24544
20671
24552
20672
24561
24570
20673
24571
20950
24579
24589
24614
24621
20953
24624
24641
24642
24625
24626
24627
24628
24629
24630
24647
24665
24664
24646
24645
24663
24662
24644
24643
24661
24660
24659
24658
24640
24623
24622
24639
24638
24637
24655
24656
24657
20957
24698
24707
24716
24725
20962
24733
24741
24749
24757
24748
24740
24739
24747
24755
24756
20966
24764
24772
20969
24771
20968
24770
20681
24769
20682
24785
20683
24801
20684
24818
24825
20685
24831
24832
24833
24827
24820
20970
24804
24805
24806
24807
24790
24789
24788
24773
24774
24775
24776
24791
24808
24809
24792
24777
24778
24793
24810
24811
24812
24794
24779
24780
24795
24781
24796
24813
24814
24797
24798
24815
24816
24823
24822
24828
24829
24835
24840
20973
24846
24841
25355
25354
24836
24830
25353
25352
24824
24817
24800
24799
24783
24782
24766
24767
24784
24768
24761
20965
20964
24753
24745
24737
25351
20963
24736
24744
24752
24760
24759
24765
20967
24758
24750
24751
24743
24742
24734
24726
24735
24727
24728
24719
24718
24717
24708
24709
24700
24699
24690
24691
24692
24693
24702
24701
24710
24711
24720
20961
24729
24721
25350
24712
25349
25348
24703
24694
24685
24684
24683
24682
24674
24675
24666
20955
24649
24648
24631
24632
24615
24616
24609
24608
24600
24592
24583
24584
24585
24586
25339
25340
24595
24602
20952
24594
24593
24601
24610
25341
25342
24617
20954
24634
25343
24652
24651
24633
24650
24667
24676
24677
24668
24669
25344
25345
24678
24686
25346
25347
19729
19745
15718
19761
15719
19771
15720
19781
15721
19791
15722
19802
19803
19804
19821
19822
19823
19806
19805
19794
19795
19785
19775
19765
19749
19733
19732
19748
19764
19763
19773
19774
19784
19783
19793
19792
19782
19772
19762
19747
19746
19730
19731
19723
19722
19721
19714
19715
19716
19708
19709
19701
19700
19699
19707
19706
15717
19698
15716
19690
15715
19682
15714
19674
15713
19657
19658
19659
19642
19643
19661
19660
19677
19676
19675
19683
19691
19692
19684
19685
19693
15980
15981
19724
19734
19735
19750
19751
19752
19736
19753
19754
19737
19738
19739
19755
19740
19741
19756
15985
15986
15987
19786
19787
19788
19778
19777
19776
19766
19757
15983
19758
19767
19768
19769
19779
19780
19770
19760
15984
19744
15982
19728
20461
20460
19720
20459
20458
19713
19705
20457
20456
19697
19689
20455
19688
19679
19687
19695
19696
19704
19703
19711
19712
19719
19727
19726
19743
19759
19742
19725
19717
19718
19710
19702
19694
19686
19678
19669
19668
19667
19666
19665
19664
19663
19662
19644
19645
19646
19647
19648
19649
19650
19651
19652
19653
19670
15979
19671
19654
19655
19672
19680
19681
20454
20453
19673
19656
19639
19638
19637
19629
19630
19620
19619
19603
19602
19592
19593
19584
19585
19594
19604
19621
19631
20452
20451
19605
19595
20450
20449
19586
19576
20448
20447
19566
19556
20446
20445
19546
19545
19536
19537
20444
19527
20443
20442
19510
19494
20441
20440
19478
15968
19477
15969
19493
19509
19526
19535
19525
19508
19507
19492
19476
19458
15967
19457
19440
19431
19432
19433
19416
19415
19414
19406
19407
19389
15962
19388
19371
19372
19362
19352
19353
19343
19333
19316
19315
15956
19314
19297
19298
19299
19290
19289
19288
19279
19270
19269
19268
19251
19250
19267
19266
19249
19248
19265
19264
19263
19262
19245
19246
19247
15952
19223
19206
15950
19190
15948
19175
19162
15945
19151
19152
19142
19131
19130
19141
19140
19139
19138
19149
15699
19148
19137
19127
15698
19111
19102
19103
19112
19128
19129
19113
19114
19115
19116
19117
19118
19119
19120
15942
19153
19193
19194
19165
19154
19143
19144
19133
19132
19121
19122
15940
19106
19107
19098
19099
19090
19089
19097
19088
19078
19077
19076
19075
19058
19041
19042
19059
19060
19061
19044
19045
19046
19063
19062
19079
19080
19081
19091
19100
19109
19108
19123
19124
19125
19136
19135
19134
19145
19156
19155
19166
15946
19182
19197
19198
19183
19167
19168
19157
19146
19147
19158
19169
15947
19186
19170
20424
15944
15943
15941
19126
20423
20422
19110
19101
20421
19092
20420
14569
14575
14576
14577
11826
14593
14594
11827
14601
14607
11830
14623
11831
14638
14622
14606
14600
14592
14599
11569
14605
11570
14621
11571
14637
14641
11572
14644
11573
14647
11574
14649
14651
11575
14668
11576
14685
11577
14689
14686
14690
14694
14693
14709
14710
14695
11835
14696
14697
14698
14699
14700
14701
14702
14703
14704
14705
14706
14707
14691
14687
14682
14681
14680
14679
14678
14677
14676
14675
14674
14673
14672
14671
14670
14669
11833
14652
14653
14654
14655
14656
14657
14658
14659
14660
14661
14662
14663
14664
14665
14666
14667
14650
14648
14645
14642
14639
14634
14633
14632
14631
14615
14616
14617
14618
14603
14596
14597
11828
14604
14598
15432
15431
14591
11825
14574
15430
15429
14568
11823
11822
14545
15428
15427
14538
14531
14530
14536
14537
14544
14551
14550
14543
14527
14528
14529
14513
14514
14515
15426
15425
15424
14485
14484
14483
14490
14491
14508
14507
14506
14505
14504
14503
14502
14526
14525
14524
14523
14522
14521
14520
14519
14512
14518
14535
14542
14549
11820
14541
11821
14548
14555
14571
14572
14556
14557
14558
14559
14560
14561
14562
14563
14564
14565
14566
14567
14573
14590
14589
14588
14587
14586
14585
14584
14583
14582
14581
14580
14609
14610
14611
14612
14613
14614
14630
14629
14628
14627
14626
14625
14624
14608
11829
14602
14595
14579
14578
14570
11824
14554
14553
14552
14546
14539
14547
14540
14533
14532
14516
14509
11568
14492
14493
14494
14510
11818
14534
11819
14517
14511
14495
14488
14489
14496
14497
14498
14499
14500
14501
14475
14476
14477
14478
14479
14480
14481
14482
14458
11817
14465
14466
14467
11815
15423
14453
14452
14460
14459
14451
14450
14442
14443
14444
14445
15422
15421
14437
14436
11813
14435
14418
14419
14412
14411
14434
14433
14432
14431
14430
14429
14428
14427
14426
14417
14416
14415
14423
14424
14425
14441
14449
11814
11816
14474
14473
14472
14471
14470
14487
14469
14486
11567
14468
14461
14462
14463
14464
14457
14448
14440
14439
14447
14456
14455
14454
14446
11566
14438
11565
14421
14422
14414
11564
14401
11563
14394
11562
14387
11561
14381
14358
14341
14324
14307
14300
11560
14293
11559
14286
11558
14270
14253
14237
14233
14229
11557
14212
14195
14196
14197
14198
14199
14216
14217
14200
14201
14202
14203
14204
14205
14206
14223
14222
14221
14220
14219
14218
11805
14215
14214
14213
14230
14234
14238
14254
14255
14239
14240
14241
14242
14258
14259
14243
14244
14245
14246
14247
14248
14249
14250
14266
14281
14280
14265
14264
14279
14278
14263
14262
14277
14276
14261
14260
14275
14274
14273
11808
14257
14256
14272
14271
14287
14288
14289
14290
14296
14297
14304
14311
14328
14327
14326
14309
14310
14303
14302
14295
14294
14301
14308
14325
14342
14343
14344
14345
14362
14361
14360
14359
14375
11809
14376
11810
14382
14388
14395
14396
14403
14402
11812
14408
14409
14410
14404
14397
14390
14389
14383
14377
14384
14378
14363
14364
14365
14366
14367
14350
14349
14348
14347
14346
14329
14312
14313
14314
14330
14331
14332
14315
14316
14333
14334
14317
14318
14319
14336
14353
14352
14335
14351
14368
14369
14370
14371
14372
14379
14385
14391
14392
14399
14398
14405
14406
14407
14413
14420
15420
15419
15418
14400
15417
15416
14393
14386
11811
14380
15415
15414
15413
15412
15411
15410
10315
10332
10349
10366
7785
10390
7786
10406
7787
10415
7788
10424
8035
10433
10425
10426
10434
10435
10427
10418
10409
10408
10417
10416
10407
10391
10392
8034
10393
10394
10395
10396
10397
10398
10399
10410
10400
10401
10402
10403
10404
10388
10382
10381
10387
10380
10362
10379
10386
10385
10378
10377
10360
10361
10344
10345
10346
10329
10330
10347
10363
10364
10365
10348
10331
10314
10313
10297
10256
10255
10262
10254
10238
10239
10233
10227
10221
10215
10214
10213
10220
10219
10225
10226
10232
10231
10237
10252
10253
10261
10277
10278
10279
10296
10295
10312
10311
10328
10327
10310
10294
10293
10275
10276
10260
10251
10250
10249
10248
10247
10246
10245
10244
10243
10236
10230
10229
10235
10242
10258
10259
10267
10284
10300
10301
10302
10285
10268
10269
10286
10270
10287
10304
10305
10288
10271
10272
10289
10290
10273
10274
10291
10292
10309
10326
10343
10325
10308
10307
10306
10323
10324
10341
10342
10359
10376
10375
10358
10357
10374
10373
10372
10355
10356
10339
10340
10322
10321
10338
10337
10336
10319
10320
10303
10318
10317
10334
10335
10352
10353
10354
10371
10370
10369
10384
10383
8033
10367
10368
10351
10350
10333
10316
10299
10298
10281
10282
10283
10266
10265
10264
10257
7784
10240
10241
10234
7783
10228
7782
10222
7781
10216
7780
10210
7779
10204
7778
10198
7777
10192
7776
10186
7775
10180
7774
10174
7773
10157
10158
10159
10175
10181
10187
10193
10199
10205
10211
10217
10223
10224
10218
10212
10206
10200
10194
10188
10182
10176
10160
10142
10134
10143
10161
10162
10144
10145
10146
10163
10164
10165
10147
10148
10149
10150
10168
10167
10166
10183
10189
10195
10196
10202
10201
10207
10208
10209
10203
10197
10191
10190
10184
10185
10179
10178
10177
10169
10170
10171
10153
10152
10151
10135
10126
10125
10124
10123
10122
10121
10120
10119
10118
10117
8030
10116
8031
10133
10141
10140
10139
10132
10115
7772
10108
7771
10101
7770
10094
7769
10087
7768
10071
10054
7767
10055
10056
10057
8028
10072
10088
10095
10102
10109
10110
10103
10096
10089
10073
10074
8029
8027
10058
10059
10075
10076
10060
10061
10077
10078
10062
10063
10079
10080
10064
10065
10049
10041
10042
10050
10067
10066
10082
10081
10090
10091
10092
10083
10084
10068
10051
8026
10043
10036
8023
10035
10020
10021
10006
8022
10005
10004
9997
9998
9999
9991
9992
9993
11270
10000
10007
11271
11272
10022
10037
11273
11274
10044
10053
10070
10052
10069
10085
10086
10093
11275
11276
10100
10107
11277
11278
10114
10131
11279
10138
10130
10129
10128
10113
10106
10099
10098
10097
10105
10104
10111
10112
10127
10136
10137
10154
10172
10173
10155
10156
11280
11281
11282
11283
11284
11285
11286
11287
11288
11289
11290
11291
11292
11293
10263
10280
8032
11294
11295
11296
11297
11298
11299
11300
11301
10389
10405
11302
10414
10413
10412
10411
10420
10419
10428
10436
10437
10429
10421
10430
10438
10447
10446
10445
10454
10455
10465
10464
10476
8038
10500
10501
10502
10518
10517
10516
10515
10499
10498
8040
10486
8039
10475
10474
10463
10453
10444
10443
10452
8036
10451
10442
7789
10441
10450
7790
10459
10470
10482
10483
10494
10495
10484
10472
10471
10460
10461
10462
10473
10485
10496
10497
8041
10513
10514
10532
10533
10534
10535
10552
10553
10536
10537
10519
10503
10487
10488
10477
10478
10466
10456
8037
10457
10448
10439
10431
10422
10423
11303
11304
10432
10440
11305
11306
10449
10458
10469
11307
11308
10481
10480
10468
10467
10479
10489
10490
10491
10507
10523
8042
10540
8043
10557
8044
10574
10573
10572
10555
10556
10539
10521
10522
10506
10505
10504
10520
10538
10554
10571
10570
10569
10568
10551
10550
10549
10567
10566
10565
10548
10531
10530
10529
10528
10512
10511
10510
10493
10509
10525
10542
10543
10526
10527
10544
10561
10562
10545
10546
10547
10564
10563
10580
10590
10589
8045
10579
10578
10588
10577
10560
10559
7791
10576
10587
10597
7792
10614
10624
10625
10615
10598
10599
10600
10616
10617
10628
10627
10626
8048
10642
10643
10629
10630
10601
10602
10603
10604
10605
10606
10607
10608
10591
10581
10609
8046
10592
10582
10583
10593
10610
10620
10621
10611
10594
10584
10585
10595
10612
10622
8047
10639
10647
10648
10649
11318
10640
11317
11316
10623
10613
11315
11314
10596
10586
11313
10575
11312
10558
11311
10541
11310
10524
10508
10492
11309
6864
4752
6863
4751
6862
4750
4962
6861
4749
6860
4748
6859
4747
6858
4746
4961
6857
4745
6856
4744
6855
4743
6854
4742
6853
4741
6852
4740
6851
4739
6850
4738
6849
4737
6848
4736
6847
4735
6846
4734
6845
4733
6844
4732
6843
4731
6842
4730
6841
4729
6840
4728
6839
4727
6838
4726
6837
4725
6819
6818
4724
6817
4723
6800
6801
6802
6785
6786
6769
6752
6751
6768
6784
6783
6766
6767
6750
6749
6748
4722
6747
4721
6746
4720
6730
6731
6732
6714
6713
6696
6697
6680
6679
6662
6663
6664
6681
6682
6699
6698
6715
6716
6733
6717
6718
6719
6720
6703
6702
6701
6700
6684
6683
6665
6666
6667
6668
6685
6686
6669
6670
6671
6672
6673
6690
6707
6724
6741
6740
6739
6723
6722
6705
6706
6689
6688
6687
6704
6721
6738
6737
6736
6735
6734
6753
6754
6755
6756
6757
6774
6773
6790
6791
6792
6793
6776
6775
6758
6759
6760
6777
6794
6811
6810
6809
6808
6807
6806
6805
6788
6789
6772
6771
6770
6787
6804
6803
6820
6821
6822
6823
6824
6825
6826
6827
6828
6829
6830
6831
6832
6833
6834
6835
6816
6815
6814
6813
6812
6795
6778
6761
6762
6763
6764
6781
6780
6779
6796
6797
6798
6799
6782
6765
6729
6712
6695
6694
6711
6728
6745
6744
6743
6742
6725
6726
6727
6710
6693
6692
6709
6708
6691
6674
6675
6676
6677
6678
6661
6659
6656
6652
6653
7475
7476
6657
4958
4959
7477
7478
7479
7480
7481
4960
7482
7483
7484
7485
7486
7487
7488
7489
7490
6836
7491
7492
7493
7494
7495
7496
7497
7498
7499
7500
7501
7502
7503
7504
7505
7506
7507
7508
7509
7510
7511
7512
7513
7514
7515
7516
7517
7518
7519
7520
7521
6900
6899
6898
6897
4963
6881
6880
6879
6878
6877
6876
6875
6874
6873
6872
6871
6870
6869
6868
6867
6866
6865
4753
6882
6883
6884
6885
6886
6887
6888
6889
6907
6906
6905
6904
6903
6902
6901
4754
6919
4755
6920
4756
6921
4757
6922
4758
6923
4759
6924
4760
6925
4761
6926
4762
6927
4763
6928
6911
6910
6909
6908
6890
6891
6892
6893
6894
6912
6913
6895
6896
6914
6915
6916
6917
6918
7522
7523
7524
7525
7526
7527
7528
7529
7530
7531
7532
7533
7534
7535
7536
7537
7538
7539
7540
7541
4964
7542
6957
6956
6959
6960
7543
7544
6963
6962
6966
6970
4966
6987
6971
6967
7545
7546
7547
6988
6993
7548
7549
7010
7014
7550
7551
7031
7048
7552
7553
7065
7082
7554
7555
7099
7098
4972
7081
4971
7064
4970
7047
4969
7030
4968
7013
7009
4967
6992
6991
7008
7007
7006
7005
7004
7003
7002
7001
7000
6999
6998
6997
6996
6995
7012
7011
4779
6994
6989
4778
6972
6990
6973
6974
6975
6976
6977
6978
6979
6980
6981
6982
6983
6984
6985
6986
6954
6953
6952
6951
6950
6949
6948
6947
6946
6945
6944
6943
6942
6941
6940
4965
6965
6969
6968
4777
6964
4776
6961
6958
4775
6955
4774
6939
6938
4773
6937
4772
6936
4771
6935
4770
6934
4769
6933
4768
6932
4767
6931
4766
6930
4765
6929
4764
11325
10743
10735
11324
11323
10718
10717
8051
10716
10733
8052
10734
10742
10741
10757
10765
10766
10758
10759
11326
11327
10767
10774
11328
11329
10781
11330
10803
10797
10796
10802
10808
10809
11331
11332
10815
10832
11333
10866
8058
10849
10848
10831
10814
10813
10807
10801
10795
10780
10773
10772
10779
10794
10793
10778
10771
10764
10756
8054
10740
10732
10715
10697
10696
10687
10688
10698
10699
10700
10701
11322
11321
10692
10683
11320
11319
10666
8049
10665
8050
10682
10691
10690
10689
10681
10680
10663
10664
10646
10638
10637
10619
10618
10636
10645
10679
10662
10644
10635
10634
10633
10632
10631
10657
10658
10659
10660
10661
10678
10677
10676
10675
10674
10673
10656
10655
10672
10707
10708
10709
10726
10727
10710
10711
10712
10728
10729
10730
10713
10714
10731
10739
10755
10754
10753
10752
10751
10750
10749
10725
10724
10723
10706
10705
10694
10695
10686
10685
10670
10671
10654
10653
10652
10669
10668
10651
10641
10650
10667
7793
10684
7794
10693
10702
10719
10720
10703
10704
10722
10721
8053
10737
10738
10748
10763
10770
10769
10762
10747
10746
10745
10761
8055
8056
10776
10777
8057
10785
10786
10787
10788
10789
10790
10791
10792
10800
10806
10812
10828
10829
10830
10847
10846
10862
10845
10827
10826
10843
10844
10861
10877
10878
10879
10863
10864
10865
10881
10880
10885
10900
10901
10902
10882
10883
11334
10886
10903
11335
10906
10909
11336
11337
10912
10915
11338
11339
10918
10921
11340
11341
10924
10927
11342
11343
10930
10933
11344
11345
10936
10939
11346
11347
10942
10944
11348
11349
7162
7166
7170
4975
7173
7169
4790
7165
4789
7161
4788
7144
7135
4787
7130
4786
7125
4785
7120
4784
7115
4783
7110
4782
7105
4781
7100
4780
7083
7066
7067
7068
7069
7052
7035
7034
7051
7050
7049
7032
7015
7016
7033
7017
7018
7019
7036
7037
7038
7020
7021
7022
7023
7024
7041
7042
7025
7026
7027
7028
7029
7046
7045
7044
7043
7061
7062
7063
7080
7097
7096
7079
7078
7095
7094
7077
7060
7059
7076
7093
7092
7091
7074
7075
7058
7057
7040
7039
7056
7055
7072
7073
7090
7089
7088
7071
7054
7053
7070
7087
7086
7085
7084
7101
7106
7111
7116
7121
7126
7131
7136
4973
7140
7145
7146
7147
7148
7149
7150
7151
7152
7153
7154
7155
7156
7157
7158
7141
7137
7132
7127
7122
7123
7118
7117
7112
7107
7102
7103
7104
7556
7557
7109
7108
7113
7114
7558
7559
7119
7124
7560
7561
7129
7128
7133
7134
7562
7563
7139
7138
7142
7143
7564
7565
7160
4974
7159
7163
7167
7164
7566
7567
7168
7568
7569
7570
7179
7175
7172
7171
7174
7178
7181
7182
7571
7572
7185
7573
4124
2086
4143
2087
4145
2088
4147
2089
4149
2090
4150
2091
4151
2092
4152
2093
4153
2094
4154
2095
4155
2096
4156
2097
4157
2098
4158
2099
4159
2100
4160
2101
4161
2102
4162
2103
4163
2104
4164
2105
4165
2106
4166
2107
4167
2108
4168
2109
4169
2110
4170
2111
4171
2112
4172
2113
4173
2114
4174
2115
4175
2116
4176
2117
4177
2118
4178
2119
4179
2120
4180
2121
4181
2122
4182
2123
4183
2124
4184
2125
4185
2126
4186
2127
4187
2128
4188
2129
4189
2130
4190
2131
4191
2132
4192
2133
4193
2134
4194
2135
4195
2136
4196
2137
4197
2138
4198
2139
4199
2140
4200
2141
4201
2142
4202
2143
4203
2144
4204
2145
4205
2146
4206
2147
4207
2148
4208
2149
4209
2150
4210
1431
7638
7637
7636
7635
7634
7633
7632
7631
7630
7629
7628
7627
7626
7625
7624
7623
7622
7621
7620
7619
7618
7617
7616
7615
7614
7613
7612
7611
7610
7609
7608
7607
7606
7605
7604
7603
7602
7601
7600
7599
7598
7597
7596
7595
7594
7593
7592
7591
7590
7589
7588
7587
7586
7585
7584
7583
7582
7581
7580
7579
7578
7577
7576
7575
7574
7222
4977
7219
7220
7202
7184
7201
7218
7217
7200
7199
7216
7215
7198
7197
7196
7214
7213
7212
7211
7210
7209
7195
7194
7193
7192
7191
7208
7207
7206
7189
7190
4976
7177
4791
7176
7180
4792
7183
7186
7187
7188
7205
7204
7203
4793
7221
4794
7223
4795
7224
4796
7225
4797
7226
4798
7227
4799
7228
4800
7229
4801
7230
4802
7231
4803
7232
4804
7233
4805
7234
4806
7235
4807
7236
4808
7237
4809
7238
4810
7239
4811
7240
4812
7241
4813
7242
4814
7243
4815
7244
4816
7245
4817
7246
4818
7247
4819
7248
4820
7249
4821
7250
4822
7251
4823
7252
4824
7253
4825
7254
4826
7255
4827
7256
4828
7257
4829
7258
4830
7259
4831
7260
4832
7261
4833
7262
4834
7263
4835
7264
4836
7265
4837
7266
4838
7267
4839
7268
4840
7269
4841
7270
4842
7271
4843
7272
4844
7273
4845
7274
4846
7275
4847
7276
4848
7277
4849
7278
4850
7279
4851
7280
4852
7281
4853
7282
4854
7283
4855
7284
4856
7285
4857
7286
4858
7287
11423
11422
11421
11420
11419
11418
11417
11416
11415
11414
11413
11412
11411
11410
11409
11408
11407
11406
11405
11404
11403
11402
11401
11400
11399
11398
11397
11396
11395
11394
11393
11392
11391
11390
11389
11388
11387
11386
11385
11384
11383
11382
11381
11380
11379
11378
11377
11376
11375
11374
11373
11372
11371
11370
11369
11368
11367
11366
11365
11364
11363
11362
11361
11360
11359
11358
8064
11357
11356
11355
11354
11353
11352
11351
11350
10961
10960
10959
10963
10965
10967
10968
10970
10972
10974
10989
10990
10991
10953
10954
10955
10956
10957
10958
10943
10941
10938
10935
10932
10929
10926
10923
10920
10917
10914
10911
10908
10905
10899
10898
10897
10896
10895
10894
10893
10892
10891
10890
10889
10888
8061
8060
10887
7801
10884
7800
10867
7799
10850
10851
8059
10868
10869
10870
10871
10855
10854
10853
10852
10834
10833
10816
10817
10818
10835
10836
10837
10856
10872
10873
10874
10875
10876
10860
10859
10842
10825
10824
10841
10858
10857
10840
10823
10822
10839
10838
10821
10820
10819
10784
10783
10799
10805
10811
10810
7798
10804
7797
10798
7796
10782
10775
10768
10760
7795
10744
10736
14620
14619
14635
14636
14640
15433
15434
14643
14646
11832
15435
15436
15437
14684
14683
14688
15438
15439
14692
11834
14708
14711
14712
15440
15441
15442
14745
11836
14729
14728
14744
14727
14726
14743
14742
14725
14724
14741
14757
14758
14759
14760
14775
14774
14773
14772
14756
14755
14740
14723
14722
14721
14720
14753
14738
14739
14754
14771
14770
14769
14768
14752
14737
14736
14719
14718
14735
14750
14751
14767
14766
11840
14764
14765
14749
14748
11837
14732
14733
14734
14717
14716
14715
14714
14713
14730
11578
14746
14731
14747
14763
14762
14778
14777
14780
11579
14797
11580
14801
11581
14805
11582
14809
11583
14813
14814
14810
14806
14802
14798
14781
14782
14783
14784
14785
14786
14787
14788
14789
14790
14791
14792
14793
14794
14795
14796
14779
14776
11838
14761
11839
11841
15443
15444
14800
14799
14803
14804
15445
10904
7802
10907
7803
10910
7804
10913
7805
10916
7806
10919
7807
10922
7808
10925
7809
10928
7810
10931
7811
10934
7812
10937
7813
10940
8062
10952
10951
10950
10949
10948
10947
10946
10945
7814
10962
7815
10964
7816
10966
8063
7817
10969
7818
10971
7819
10973
15462
15461
15460
15459
15458
15457
14938
15456
15455
15454
15453
15452
15451
15450
15449
15448
14816
14812
15447
15446
14808
14807
14811
14815
14833
14832
14831
14830
14829
14846
14863
14864
14865
14866
14883
14882
14881
14898
14897
14914
14931
14932
14933
14916
14899
14900
14917
14934
14954
14953
14952
14951
14950
14949
14948
14947
14946
14945
14944
14943
14942
14941
14940
14939
11584
14956
11585
14959
14960
14957
14936
11842
14920
14919
14902
14885
14886
14903
14904
14921
14922
14905
14888
14887
14871
14872
14857
14856
14855
14854
14838
14837
14836
14853
14870
14869
14868
14851
14852
14835
14834
14817
14818
14819
14820
14821
14822
14839
14840
14823
14824
14825
14826
14828
14827
14844
14843
14860
14859
14842
14841
14858
14875
14874
14873
14890
14889
14906
14923
14924
14907
14908
14925
14926
14909
14927
14928
14915
14913
14930
14929
14912
14911
14910
14893
14892
14891
14876
14877
14894
14895
14896
14880
14879
14878
14861
14862
14845
14847
14848
14849
14850
14867
14884
14901
14918
14935
14937
14955
14958
14961
14964
14966
14969
11844
14972
15463
15464
15465
15466
15467
15468
15469
15470
15471
15472
15473
15474
15475
15036
15038
15476
15477
15040
15042
15478
15479
15480
15481
15482
15483
15059
15058
15057
15056
15055
15054
15053
15052
15051
15050
15049
15048
15047
15046
15045
15044
15023
15006
14988
14989
14990
14991
14992
14993
15010
15009
15008
15007
15024
15025
15026
15027
15028
15029
15030
15031
15015
15032
15033
15034
15016
15017
15000
14999
14998
14997
15014
15013
14996
14995
15012
15011
14994
11845
14976
14974
14971
14968
14965
11843
14963
11586
14962
11587
14967
11588
14970
11589
14973
11590
14975
14977
11591
14978
11592
14979
11593
14980
11594
14981
11595
14982
11596
14983
14984
14985
14986
14987
15004
15005
15022
15021
15020
15003
15002
15019
15001
15018
11597
15035
11598
15037
11599
15039
11600
15041
15043
11601
15060
11602
15061
11603
15062
11604
15063
11605
15064
11606
15065
11607
15066
11608
15067
11609
15068
11610
15069
11611
15070
11612
15071
11613
15072
11614
15073
15074
15076
11615
15077
11849
15084
15083
15082
15081
15080
15079
15096
15112
15114
15116
15118
11616
15120
11617
15122
11618
15124
11853
11852
11851
11850
15097
15098
15099
15100
15101
15085
15086
15102
15103
15087
15088
15089
15104
15105
15106
15090
15091
15107
15108
15092
15093
15109
15110
15111
15094
15095
15113
15115
15117
15119
15121
15123
15142
15141
15140
15139
15156
15172
15190
15173
15174
15157
15158
15159
15176
15193
15210
15209
15192
15175
15191
15208
15207
15206
15189
15188
15205
15204
15203
15202
15201
15200
15199
15198
15181
15164
15149
15150
15167
15166
15165
15182
15183
15184
15185
15186
15187
15171
15154
15155
15138
15137
15136
15135
15152
15153
15170
15169
15168
15151
15134
15133
15132
15131
15148
15147
15130
15129
15146
15145
15128
15127
15126
15143
15144
15161
15160
15177
15178
15179
15162
15163
15180
15197
15196
15195
15194
11619
15211
11620
15212
11621
15213
11622
15214
11623
15215
11624
15216
11625
15217
11626
15218
11627
15219
11628
15220
11629
15221
11630
15222
11631
15223
11632
15224
11633
15225
11634
15226
11635
15227
11636
15228
11637
15229
11638
15230
11639
15231
11640
15232
15528
15527
15526
15525
15524
15523
15522
15521
15520
15519
15518
15517
15516
15515
15514
15513
15512
15511
15510
15509
15508
15507
15506
15505
15504
15503
15502
15125
15501
15500
15499
15498
15497
15496
15495
15494
15493
15492
15078
15075
15491
11848
11847
11846
15490
15489
15488
15487
15486
15485
15484
11048
7848
11046
7847
11044
7846
11042
7845
11040
7844
11038
7843
11036
7842
11034
7841
11032
7840
11030
7839
11028
7838
11026
7837
11024
7836
11022
7835
11020
7834
11018
7833
11016
7832
11014
7831
11012
7830
11010
7829
11008
7828
11006
7827
11004
7826
11002
7825
11000
7824
10998
7823
10996
7822
10994
7821
10992
7820
10975
10976
10977
10978
10979
10980
10981
10982
10983
10984
10985
10986
10987
10988
10993
10995
10997
10999
11001
11003
11005
11007
11009
11011
11013
11015
11017
11019
11021
11023
11025
11027
11029
11031
11033
11035
11037
11039
11041
11043
11045
11047
11049
8065
11062
11061
11060
11059
11058
11057
11056
11055
11054
11053
11052
11051
11050
7849
11063
7850
11064
7851
11065
7852
11066
7853
11067
7854
11068
7855
11069
7856
11070
7857
11071
7858
11072
7859
11073
7860
11074
7861
11075
7862
11076
7863
11077
7864
11078
7865
11079
7866
11080
7867
11081
7868
11082
7869
11083
7870
11084
7871
11085
7872
11086
7873
11087
7874
11088
7875
11089
7876
11090
7877
11091
7878
11092
7879
11093
7880
11094
7881
11095
7882
11096
7883
11097
7884
11098
7885
11099
1285
1284
1283
1282
1281
1280
1279
1278
1277
1276
1275
1274
1273
1272
1271
1270
1269
1268
1267
1266
1265
1264
1425
1263
1262
1261
1260
1259
1258
1257
1256
1255
1254
1253
1252
1251
1250
1249
1248
1247
1246
1245
1244
1243
1423
1242
1241
1240
1239
1238
1422
1418
1416
1414
1198
1199
1200
1201
1202
1415
1203
1204
1205
1206
1207
1208
1209
1210
1211
1212
1213
1214
1215
1216
1217
1218
1219
1220
1221
1420
1222
1223
1224
1225
1226
1227
1228
1229
1230
1231
1232
1233
1234
1235
1236
1237
25140
25389
25138
25388
25387
25136
25134
25386
25385
25132
25130
25384
25383
25128
25126
25382
25124
25123
25106
25381
25104
20985
25380
25379
25378
25377
25376
25375
25374
25373
25372
25371
25370
25044
25043
25046
25047
20983
25050
25053
25056
25059
25061
25064
25067
25070
25087
25086
25103
25102
25085
25084
25083
25082
25081
25080
25079
25078
25077
25076
25075
25074
25073
25066
25069
25072
25089
20986
25090
25091
25092
25093
25094
25095
25096
25097
25098
25099
25100
25101
25122
25121
25120
25119
25118
25117
25116
25115
25114
25113
25112
25111
25110
25109
25108
25139
20717
25137
20716
25135
20715
25133
20714
25131
20713
25129
20712
25127
20711
25125
20710
25107
25105
25088
25071
25068
20709
25065
20708
25062
20707
25063
25060
20984
25058
20706
25057
25054
20705
25051
20704
25055
25052
25049
20703
25048
25045
20982
25042
20702
25041
30271
30272
29855
29872
30273
30274
29878
29871
25860
29870
29853
29854
29837
29836
29829
29830
29847
29839
30270
25023
20698
25026
20699
25029
20700
25033
20701
25037
25038
25034
25030
25027
25024
25021
20697
25020
20696
25017
20695
25014
20694
24997
24998
25015
25018
25001
25002
25003
24987
24986
24985
24984
25000
24999
24983
24982
24981
24980
24975
20693
24974
24968
20692
24963
24964
24969
24970
24976
20978
24949
24950
24951
24952
24953
24954
24955
24956
24957
24958
24959
24960
24965
24971
24977
24994
24993
24992
24991
24990
24989
24988
25004
25005
25006
25007
25008
25009
25010
25011
25012
25013
20980
25016
25019
25022
25025
25028
25031
25035
25039
25040
25369
25036
25368
25367
25032
20981
25366
25365
25364
20034
20051
20059
15729
20067
20074
20080
20085
20086
20102
15730
20101
20107
15731
20108
15732
20113
15733
20119
15734
20125
20126
16017
20142
20147
15735
20146
15736
20151
15737
20156
15738
20161
20166
16018
20162
20157
20152
20185
20184
20183
20182
20181
20180
20179
20178
20177
20176
20171
15739
20170
20175
15740
20192
20196
15741
20212
15742
20215
20218
15743
20220
15744
20222
15745
20224
15746
20226
15747
20228
15748
20230
15749
20232
15750
20234
16020
20216
20213
20197
20193
20198
20199
20200
20201
20202
20203
20204
20205
20206
20207
20208
20209
20210
20194
20186
20187
20188
20189
20190
20172
20191
20195
16019
20211
20214
20217
20219
20221
20223
20225
20227
20229
20231
20233
20235
20501
20500
20499
20498
20497
20496
20495
20494
20493
20492
20491
20490
20489
20488
20487
20174
20173
20168
20167
20163
20164
20159
20160
20165
20169
20486
20485
20484
20155
20483
20482
20150
20145
20481
20141
20124
20480
20479
20118
20123
20122
20139
20140
20144
20149
20154
20158
20153
20148
20143
20138
20137
20136
20135
20134
20133
20132
20131
20130
20129
20128
20127
16016
20121
20120
20114
20115
20109
20103
20087
20082
20081
20075
20068
20060
20052
20035
20027
20026
15728
20018
15727
20011
15726
20004
15725
19988
19980
19965
19954
19937
19920
19921
19938
19939
19940
19941
19958
19957
19967
16003
16002
19968
19969
19970
19971
19972
19973
19974
19983
19999
19998
19997
19996
19995
19994
19993
19992
19991
19990
19982
19956
19955
19966
19981
19989
20005
20006
20007
20014
20013
20012
20019
20020
20021
20029
20028
20036
20037
16009
20053
16010
20061
20069
16012
20076
16014
20088
20089
20090
20091
20092
20093
20094
20095
20096
20097
20098
20099
20104
20110
20116
20117
20111
20105
20106
20112
20478
20477
20476
16015
20084
20100
20083
20077
16013
20070
16011
20062
20063
20071
20072
20078
20079
20073
20475
20066
20065
20064
20056
20048
20031
20032
20049
20057
20058
20474
20473
20050
20033
20472
20471
20025
20024
20023
20022
20030
16008
20047
20055
20054
20046
20045
20044
20043
20042
20041
20040
20039
20038
20015
20016
20017
16007
20010
20009
20008
16006
20000
16005
16004
19975
19960
19959
16001
19948
19949
19950
19951
19961
19977
19976
19984
19985
20001
20002
20003
20470
19979
19987
19986
19978
19963
19962
19952
19935
19934
19933
19932
19914
19903
19904
19905
19893
19892
19891
19890
19902
19913
19931
19930
19947
19946
19929
19928
19945
19944
19943
16000
19942
19925
19926
19927
19901
15996
15995
19862
19863
19864
19865
19866
19867
19878
19879
19880
19881
19894
19906
19915
19916
19917
19918
19919
15998
19936
15999
19953
19964
20469
20468
20467
20466
19908
19907
19895
19883
19882
19870
19853
19854
19871
19884
19896
20465
20464
20463
19872
19855
19844
19833
19818
19817
19801
20462
19790
19789
19800
19799
19816
19831
19832
19843
19842
19830
19815
19798
19797
19814
15990
15991
19841
19852
19869
19868
15994
19851
15993
19840
19829
15989
19813
19796
19812
19839
19850
19827
19828
19811
19810
19809
19826
19825
19808
15988
19807
19824
15992
19861
19860
19849
19838
19837
19848
19847
19836
19820
19819
19834
15723
19835
19846
19857
19845
19856
19873
19874
19886
19885
19897
15724
19898
19899
19887
19875
19858
19859
19876
19877
19889
19888
19900
15997
19911
19912
19924
19923
19922
19910
19909
24862
20974
24845
24839
24834
24861
24877
24876
24860
24859
24875
24894
24893
24892
24891
24873
24874
24858
24857
24856
24872
24855
24871
24870
24854
24853
24869
24887
24886
24868
24852
24851
24867
24866
24850
24849
24865
24864
24882
24883
20975
24901
24884
24885
24902
24903
24904
24905
24888
24889
24890
24906
24907
24908
24909
24910
24911
24912
24913
24914
24897
24896
24895
24878
24879
24880
24898
24915
25356
24919
24936
25357
24941
24946
25358
25359
24962
24967
25360
25361
24973
24979
25362
25363
24996
24995
20979
24978
24972
24966
24961
20977
24945
24940
24935
24918
24934
24933
24932
24931
24930
24929
24928
24927
24926
24925
24924
24923
24922
20976
24921
24938
24939
24944
24943
24948
24947
24942
20691
24937
20690
24920
20689
24916
20688
24917
24900
24899
20687
24881
24863
24847
24848
24843
20686
24842
24837
24838
24844
20972
20971
24821
24826
24819
24802
24803
24787
24786
24763
24762
24754
20680
24746
20679
24738
20678
24730
24722
24723
24731
24732
24724
20960
24715
20959
24706
20958
24697
24689
24681
20956
24673
24672
24671
24654
24636
24619
24620
24613
24612
24611
24618
24635
24653
20676
24670
24679
24680
24688
24696
24705
24714
24713
24704
24695
20677
24687
30248
25827
29448
29465
30249
29472
29478
25829
29471
29464
29470
29477
29482
29487
29492
29483
30250
30251
29488
29493
30252
30253
29498
25831
25832
25833
29524
29519
29518
29514
29497
29513
29512
29511
29510
29509
29508
29507
29506
29523
29528
29534
29540
29546
29552
29553
29547
29541
29535
29529
29530
30254
30255
29536
29542
30256
30257
29548
29554
30258
30259
29560
29576
29575
29559
29558
29574
29591
29590
29608
29607
29620
29636
29637
29621
29622
29623
29592
25840
29624
29640
29639
29638
29655
29656
30260
30261
30262
30263
25847
25848
29690
29689
29704
29703
29702
29701
29700
29699
29698
29697
29696
29695
29694
29688
29671
29670
29661
29691
29708
25578
29692
29709
29717
29733
25851
29734
25852
29735
29736
29737
29753
29752
29769
29778
29779
29780
29781
29782
29783
29784
29785
29759
29758
29757
29756
29740
29741
29744
29796
29821
29820
29819
29818
29817
29816
29815
29814
25856
29777
29794
29793
29776
29768
29767
29792
25855
29775
25854
29766
29750
29751
29716
25579
29732
29749
25580
29765
25581
29774
29791
29801
29828
29835
29834
29827
29826
29833
29850
29851
29858
29900
29894
29856
35400
35399
34987
34970
34953
35398
35397
34936
34927
34926
34935
30748
34952
34969
34968
34967
34984
34985
34986
35004
35009
35024
35025
35401
35402
35403
35404
35405
35054
35053
30752
35048
35049
35044
35043
35042
35038
35039
35040
35035
35030
35029
35034
35033
35028
35022
35023
35008
35003
35002
35007
35021
35020
35019
35018
35017
35016
35015
35014
35013
35012
30750
35006
34990
34991
34992
34975
34974
34973
34956
34957
34940
34958
34959
34960
34961
34962
34963
34980
34979
34978
34977
34976
34993
34994
34995
34996
34997
34998
34999
35000
35001
34983
34966
34950
34951
34934
34923
34924
34925
34908
34909
34892
34882
34883
34867
34866
34865
34881
34880
34864
34848
34847
34830
30744
34816
34817
30742
34805
34793
34794
34806
34819
34832
30745
34849
34850
35395
34833
34820
35394
34807
34795
35393
34783
34782
34766
34767
35392
35391
34756
34745
35390
35389
34734
34733
34732
34743
34744
34755
34754
34765
34781
34780
34779
34778
34777
34790
34791
34792
34804
34803
34815
34829
34828
34845
34861
34862
34863
34879
34891
34907
34906
34905
34922
34933
34949
34948
34965
34982
34981
34964
34947
34946
34945
34944
34943
34942
34941
34932
34931
34913
34895
34912
34929
34930
34939
34938
34955
34954
34937
34928
34911
34894
34884
30466
34868
30465
34851
34834
34821
30464
34808
34797
30463
34796
34784
30462
34768
30461
34757
34758
34759
34770
34769
34785
34786
34798
34810
34809
34822
34835
34852
34869
34885
34896
34897
34914
34915
34916
30747
34917
34918
34900
34901
34919
34920
34921
34902
34903
34904
34889
34890
34878
34877
34876
34860
34844
34843
34842
34841
34857
34858
34859
34875
34874
34873
30746
34856
34840
34827
34813
34801
34800
34812
34826
34839
34838
34854
34871
34855
34872
34899
34898
34888
34887
34886
34870
34853
34837
34836
34823
34824
34825
34811
30743
34799
34787
34788
34772
34771
34760
30740
34749
34748
30739
34738
34737
34726
34710
34709
34725
34736
34747
34746
34735
34724
30460
34708
34697
34698
34680
34679
34668
30459
34651
30458
34652
34635
34624
34610
34609
34599
30457
34589
30456
34579
30455
34569
30454
34554
34545
30453
34529
34521
34505
30452
34522
34506
34497
34498
34507
34508
34499
34492
34491
34496
34490
30451
34474
34475
34476
34477
34460
34459
34443
34433
30450
34432
34416
34400
34401
34417
34402
34403
34404
30715
34387
34380
34373
34372
34379
30714
34386
34394
34393
34392
34385
34378
30449
34371
30448
34364
30447
30713
34358
34365
34366
34359
34353
34352
34345
34346
34339
34338
34351
30446
34344
30445
34337
30444
34331
34309
40800
40799
35852
35851
39669
39652
40798
40797
40796
39607
40795
40794
39596
39595
39606
39605
39623
39640
39650
39667
39668
39680
39691
39702
39712
39711
39701
39690
39689
39700
39710
39709
39699
39688
39677
39687
39686
39675
39676
39664
39663
39662
39661
39660
39659
39658
39657
39645
39656
39674
39685
39696
39706
39717
39728
39739
39750
39760
39771
39782
39781
39770
39769
39758
39759
39749
39748
39737
39738
39727
39726
39736
39725
39714
39715
39716
39705
39704
35853
39703
39693
39682
39671
39672
39683
39694
39695
39684
39673
39655
35850
39654
39643
39644
39629
39630
39631
39632
39615
39614
39613
39612
39611
39628
39627
39626
39625
35566
39642
35567
39653
35568
39670
35569
39681
35570
39692
35571
39713
35572
39724
35573
39735
35574
39746
39747
35854
39757
39768
35575
39767
35576
39778
35577
39795
39805
39821
39832
39833
39849
39848
35578
39866
35579
39877
35580
39894
35581
39904
39895
39878
39867
39868
39879
39896
39906
39905
39915
39914
35582
39930
39931
39932
39916
39917
35865
39933
35866
39949
39934
39935
39936
39937
39938
39939
39922
39921
39920
39919
39918
35864
39907
39897
39880
35863
39869
39851
39850
39834
39823
39822
39806
39796
39779
35855
39780
39797
35856
39807
39824
39825
39835
35860
35861
39836
39837
39838
39839
39857
39856
39855
39854
39853
39852
39870
39881
39882
39883
39884
39885
39886
39887
39888
39889
39872
39871
35862
39859
39858
39840
39813
39812
39811
39810
39809
35858
39808
35857
39798
39783
39784
39785
39786
39787
39772
39773
39762
39761
39751
39752
39753
39754
39742
39731
39730
39741
39740
39729
39718
39707
39697
39698
39708
39719
39720
39721
39732
39743
39744
39745
39734
39733
39722
39723
40801
40802
40803
40804
40805
40806
39794
39793
39804
40807
35859
39820
39819
39831
39830
39818
39803
39802
39791
39792
39776
39777
39766
39756
39755
39765
39764
39763
39775
39774
39790
39789
39788
39799
39814
39826
39841
39860
39861
39862
39844
39843
39842
39827
39828
39815
39800
39801
39816
39817
39829
39845
39863
39874
39875
39864
39846
39847
39865
39876
39893
39892
39902
39903
40808
40809
39913
39929
39928
39944
39943
39951
35867
39942
39926
39910
39911
39927
39912
39901
39891
39873
39890
39900
39899
39898
39908
39909
39925
39924
39923
39940
39941
39950
39958
35869
39959
39960
39961
39962
39953
39952
39945
40810
39979
39988
39989
40006
40022
40021
40005
39987
39978
39977
39976
35871
39986
40004
40003
40002
40001
39985
39975
39974
39973
39972
39971
39970
39969
39995
39994
39984
35870
39968
39957
39967
39966
39956
35868
39955
39948
39947
39946
39954
39963
39964
39965
39982
39983
39992
39993
40011
40012
40028
40027
40026
40025
40024
40008
40009
40010
39991
35872
39981
39980
35583
39990
40007
40023
40035
40036
40037
35878
40052
40068
40069
40053
40038
40039
35879
40054
40040
40041
40055
40071
40083
40098
40099
40100
40101
40118
40134
40135
40136
40153
40154
40137
35884
40120
40119
35883
40103
40102
40085
40084
40073
40074
40086
40104
40087
40088
35882
40105
40121
40122
40106
40089
40076
40075
40063
40062
40061
40047
40046
40060
40072
35880
40059
40045
40044
40058
40057
40056
40042
40043
40029
35874
35873
39996
39997
40013
40014
39998
39999
40015
35875
40016
40000
40017
40018
40030
40048
35876
40031
40019
40020
40032
40049
40064
40065
40050
40033
40034
35877
40066
40077
40078
40090
40811
40812
40107
40123
35886
40139
40138
35885
40155
40169
40168
40167
40166
40152
40151
40150
40165
40180
40192
35893
40208
40218
40217
40216
40226
40236
40237
40227
40228
35896
40238
40247
35898
35900
40256
35901
40273
35902
40283
40292
40301
40293
40817
40818
40302
40319
40318
40326
35905
40317
40316
40325
40333
40334
40335
40345
40346
40336
40327
40337
40819
40820
40347
40364
40821
40822
40374
40391
40390
40389
40372
40373
40363
40362
40361
35908
40344
40343
40342
40332
40323
40324
40315
40299
40300
40291
40282
40281
40290
40289
40280
40271
40272
40255
40246
40245
40254
40270
40269
40268
40267
40266
40265
40298
40314
40313
40312
40311
40310
40309
40308
40307
40306
35906
35907
40352
40353
40354
40355
40356
40357
40358
40359
40360
40370
40386
40385
40384
40383
40382
40381
40380
40379
35909
40369
40368
40378
40395
40404
40412
40421
40420
40411
40403
40394
40393
40376
40377
40366
40367
40350
40351
40341
40331
40330
40329
35904
40321
40322
40305
40297
40288
40279
40278
40287
40296
40304
35903
40295
40286
40277
40260
40259
35586
40276
35587
40285
35588
40294
35589
40303
40320
40328
40338
40339
40340
40349
40348
35590
40365
35591
40375
35592
40392
35593
40401
40402
35910
40410
40419
35594
40418
35595
40426
35596
40434
35597
40442
40443
35912
40450
40444
40436
40435
40427
40428
40429
40437
40445
40452
40451
40459
40460
40467
40466
35913
40458
35598
40457
35599
40465
40482
35600
40483
40490
35914
40491
40484
40468
40469
40470
40471
40472
40473
40474
40475
40485
40492
40517
40511
40493
40486
40479
40462
40478
40477
40476
40461
40453
40446
40438
40430
40422
40413
40405
40396
40387
40371
40388
40397
40406
40414
35911
40423
40431
40439
40440
40448
40447
40454
40455
40463
40480
40487
40494
40512
40519
40546
40833
40834
40554
40553
40561
40562
40835
40836
40570
40578
40837
40838
40586
40585
40577
40576
40568
40569
40560
40559
40567
40575
40583
40584
40592
40593
40594
40839
40840
40602
40601
40600
40591
40599
40598
40590
40582
40574
40566
40558
40550
40542
40534
40533
40532
40531
40530
40529
40528
40527
40526
40525
40524
40523
40541
40549
40557
40556
40548
40540
40516
40489
46382
41315
46028
46011
46381
46003
41314
46027
46025
46042
46052
46069
46070
46071
46080
46098
46097
46106
46107
46108
46099
46385
46386
46387
46117
46116
46125
46134
46143
46142
46133
46132
46141
46140
46131
46122
46113
46104
46095
46086
46077
46067
46068
46051
46041
46040
46023
46024
46009
46001
45992
45983
45975
45966
45957
45947
45939
45930
45929
45919
45920
45903
45886
45887
45870
45871
41308
45888
41309
45904
41310
45921
45931
45940
45949
45950
45959
45968
45977
45985
45994
45995
46380
46379
45986
45978
46378
45969
46377
46376
45960
45951
45941
46375
45932
46374
46373
45922
45905
46372
46371
46370
45855
45840
46369
46368
45808
46367
46366
45792
45791
45807
45823
45824
45839
41306
45869
41307
45854
41305
45838
41304
45822
41303
45806
41302
45790
45781
45772
45771
45770
45780
45789
45805
45804
45820
45821
45837
16
17
19
18
0
