0
1
3
2
4
5
194
195
193
192
190
191
189
188
186
187
185
184
182
183
181
180
178
179
177
176
174
175
173
172
170
171
169
168
166
167
165
164
162
163
161
160
158
159
157
156
154
155
153
152
1781
1782
1783
1784
1785
1786
1787
1788
1789
1790
1791
1792
1793
1794
1795
1796
1797
1798
1799
1800
1801
1802
1803
1804
1805
1806
1433
1807
1808
1809
1810
1811
1812
1813
1814
1815
1816
1817
1818
1819
1820
1821
1822
1823
1434
1348
1347
1346
1345
1344
1343
1342
1341
1340
1339
1338
1337
1336
1335
1334
1333
1332
1331
1330
1432
1329
1328
1327
1326
1325
1324
1323
1322
1321
1320
1319
1318
1317
1316
1431
1315
1314
1313
1312
1311
1310
1309
1308
1430
1307
1306
1305
1304
1303
1302
1301
1300
1299
1298
1297
1296
1295
1294
1293
1292
1291
1290
1289
1288
1287
1286
11099
7885
11098
7884
11097
7883
11096
7882
11095
7881
11094
7880
11093
7879
11092
7878
11091
7877
11090
7876
11089
7875
11088
7874
11087
7873
11086
7872
11085
7871
11084
7870
11083
7869
11082
7868
11081
7867
11080
7866
11079
7865
11078
7864
11077
7863
11076
7862
11075
7861
11074
7860
11073
7859
11072
7858
11071
7857
11070
7856
11069
7855
11068
7854
11067
7853
11066
7852
11065
7851
11064
7850
11063
7849
11050
11051
11052
11053
11054
11055
11056
11057
11058
11059
11060
11061
11062
8065
11049
11047
11045
11043
11041
11039
11037
11035
11033
11031
11029
11027
11025
11023
11021
11019
11017
11015
11013
11011
11009
11007
11005
11003
11001
10999
10997
10995
10993
10988
10987
10986
10985
10984
10983
10982
10981
10980
10979
10978
10977
10976
10975
7820
10992
7821
10994
7822
10996
7823
10998
7824
11000
7825
11002
7826
11004
7827
11006
7828
11008
7829
11010
7830
11012
7831
11014
7832
11016
7833
11018
7834
11020
7835
11022
7836
11024
7837
11026
7838
11028
7839
11030
7840
11032
7841
11034
7842
11036
7843
11038
7844
11040
7845
11042
7846
11044
7847
11046
7848
11048
15484
15485
15486
15487
15488
15489
15490
11846
11847
11848
15491
15075
15078
15492
15493
15494
15495
15496
15497
15498
15499
15500
15501
15502
15503
15504
15505
15506
15507
15508
15509
15510
15511
15512
15513
15514
15515
15516
15517
15518
15519
15520
15521
15522
15523
15524
15525
15526
15527
15528
15232
11640
15231
11639
15230
11638
15229
11637
15228
11636
15227
11635
15226
11634
15225
11633
15224
11632
15223
11631
15222
11630
15221
11629
15220
11628
15219
11627
15218
11626
15217
11625
15216
11624
15215
11623
15214
11622
15213
11621
15212
11620
15211
11619
15194
15195
15196
15197
15180
15163
15162
15179
15178
15177
15160
15161
15144
15143
15126
15127
15128
15145
15146
15129
15130
15147
15148
15131
15132
15149
15166
15167
15150
15133
15134
15151
15168
15169
15170
15153
15152
15135
15136
15137
15138
15155
15154
15171
15187
15186
15185
15184
15183
15182
15165
15164
15181
15198
15199
15200
15201
15202
15203
15204
15205
15188
15189
15206
15207
15208
15191
15174
15175
15192
15209
15210
15193
15176
15159
15158
15157
15173
15190
15172
15156
15139
15140
15141
15142
15125
15123
15121
15119
15117
15115
15113
15111
15095
15094
15110
15109
15093
15092
15108
15107
15091
15090
15106
15105
15104
15089
15088
15087
15103
15102
15086
15085
15101
15100
15099
15098
15097
11850
11851
11852
11853
11618
15124
15122
11617
15120
11616
15118
15116
15114
15112
15096
15079
15080
15081
15082
15083
15084
11849
15077
15076
11615
15074
15073
11614
15072
11613
15071
11612
15070
11611
15069
11610
15068
11609
15067
11608
15066
11607
15065
11606
15064
11605
15063
11604
15062
11603
15061
11602
15060
11601
15043
15041
11600
15039
11599
15037
11598
15035
11597
15018
15001
15019
15002
15003
15020
15021
15022
15005
15004
14987
14986
14985
14984
14983
11596
14982
11595
14981
11594
14980
11593
14979
11592
14978
11591
14977
14975
11590
14973
11589
14970
11588
14967
11587
14968
14971
14974
14976
11845
14988
14989
14990
14991
14992
14993
15010
14994
15011
15012
14995
14996
15013
15014
14997
14998
14999
15000
15017
15016
15034
15033
15032
15015
15031
15030
15029
15028
15027
15026
15025
15009
15008
15007
15024
15006
15023
15044
15045
15046
15047
15048
15049
15050
15051
15052
15053
15054
15055
15056
15057
15058
15059
15483
15482
15481
15480
15479
15478
15042
15040
15477
15476
15038
15036
15475
15474
15473
15472
15471
15470
15469
15468
15467
15466
15465
15464
15463
14972
11844
14969
14966
14964
14961
14958
14955
14937
14935
14918
14901
14884
14867
14850
14849
14848
14847
14846
14863
14864
14865
14866
14883
14882
14881
14898
14897
14913
14912
14895
14896
14880
14879
14878
14861
14862
14845
14844
14843
14860
14859
14842
14841
14858
14876
14877
14894
14911
14910
14893
14892
14875
14857
14856
14855
14838
14837
14836
14853
14854
14871
14872
14873
14874
14891
14909
14908
14925
14926
14927
14928
14929
14930
14931
14914
14915
14932
14933
14916
14899
14900
14917
14934
14954
14953
14952
14951
14950
14949
14948
14947
14946
14945
14944
14943
14942
14941
14957
14960
14963
11843
14965
14962
11586
14959
11585
14956
11584
14939
14940
14936
11842
14920
14919
14902
14885
14886
14903
14904
14921
14922
14923
14924
14907
14890
14889
14906
14905
14888
14887
14870
14869
14868
14851
14852
14835
14834
14817
14818
14819
14820
14821
14822
14839
14840
14823
14824
14825
14826
14827
14828
14829
14830
14831
14832
14833
14815
14811
14807
14808
15446
15447
14812
14816
15448
15449
15450
15451
15452
15453
15454
15455
15456
14938
15457
15458
15459
15460
15461
15462
10973
7819
10971
7818
10969
7817
8063
10966
7816
10964
7815
10962
7814
10945
10946
10947
10948
10949
10950
10951
10952
8062
10940
7813
10937
7812
10934
7811
10931
7810
10928
7809
10925
7808
10922
7807
10919
7806
10916
7805
10913
7804
10910
7803
10907
7802
10904
15445
14804
14803
14799
14800
15444
15443
11841
11839
14776
11838
14761
14760
14759
14758
14757
14741
14740
14755
14756
14772
14773
14774
14775
14779
14796
14795
14794
14793
14792
14791
14790
14789
14788
14787
14786
14785
14784
14783
14782
14781
14798
14802
14806
14810
14814
14813
11583
14809
11582
14805
11581
14801
11580
14797
11579
14780
14777
14778
14762
14763
14747
14731
14746
11578
14730
14713
14714
14715
14716
14717
14734
14733
14732
11837
14748
14749
14764
11840
14765
14766
14767
14751
14750
14735
14718
14719
14736
14737
14752
14768
14769
14770
14771
14754
14739
14753
14738
14720
14721
14722
14723
14724
14725
14742
14743
14726
14727
14744
14728
14729
11836
14745
15442
15441
15440
14712
14711
11834
14708
14692
15439
15438
14688
14687
14691
14707
14706
14705
14704
14703
14702
14701
14700
14699
14698
14697
11835
14696
14695
14710
14709
14693
14694
14690
14686
14689
11577
14685
11576
14668
11575
14651
14649
11574
14647
11573
14644
11572
14641
14637
11571
14621
11570
14605
11569
14599
14592
14600
14606
14622
14638
11831
14623
11830
14607
14601
11827
14594
14593
11826
14577
14576
14575
14569
20420
19092
20421
19101
19100
19091
19081
19080
19079
19062
19063
19046
19045
19044
19061
19060
19059
19042
19041
19058
19075
19076
19077
19078
19088
19097
19089
19090
19099
19098
19107
19106
15940
19122
19123
19124
19108
19109
19125
19136
19110
20422
20423
19126
15941
15943
15944
20424
19170
19186
15947
19169
19158
19168
19157
19146
19147
19135
19134
19145
19156
19167
19183
19198
19197
19182
15946
19166
19165
19155
19154
19143
19144
19133
19132
19121
19120
19119
19118
19117
19116
19115
19114
19113
19129
19128
19112
19103
19102
19111
15698
19127
19137
15699
19148
19149
19138
19139
19140
19141
19130
19131
19142
15942
19153
19164
19177
15949
19178
19192
19193
19194
19179
19180
19181
19195
19196
19212
19211
19210
19209
19208
19207
15951
19191
19176
19163
19152
19151
15945
19162
19175
15948
19190
15950
19206
19174
19173
19161
19150
19160
19172
19159
19171
19187
19188
19189
19205
19204
19203
19219
19230
19240
19257
19241
19258
19275
15701
19274
15702
19283
15703
19292
19302
15704
19319
19320
19303
19293
19284
19304
19321
19337
19336
19347
19346
19356
19357
19367
19366
19376
19393
19410
15705
19419
19420
19411
19394
19377
19378
19379
19368
15961
19358
15960
19348
15959
19338
15958
19322
19339
19349
19359
19369
19380
19381
19382
19383
19384
19401
19400
19399
19398
19397
19396
19395
15965
19437
19436
19445
19446
19447
19448
19439
19438
15966
19421
19412
15964
19413
19422
19423
19424
19425
19426
19427
19454
19453
19452
19451
19468
19469
19485
19486
19470
19471
19472
19455
19456
19473
19474
19475
19491
15970
19506
15971
19523
19524
19534
19533
19532
19541
19542
19552
19551
19561
19562
19572
19573
19563
19564
19553
19543
19544
19554
19555
19565
19575
19574
19583
19591
19582
19571
19581
19590
19600
19601
19617
19618
19628
19636
19635
15977
19626
19627
19616
19615
19614
19613
19612
19611
19610
19609
15975
19599
19589
19580
19570
19560
19550
19540
19531
15972
19515
19514
19497
19498
19499
19516
19517
19518
19519
19520
19521
19522
19504
19505
19490
19489
19488
19487
19503
19502
19501
19500
19484
19483
19467
19450
19449
19466
19482
19481
19465
19464
19463
19462
19479
19480
19496
19495
19511
19512
19513
19530
19539
19538
15973
19529
19528
15706
19547
15707
19557
15708
19567
15709
19577
25338
25339
24586
25340
24595
24594
24593
24601
20952
24602
24610
25341
25342
25343
24617
20954
24634
24652
24651
24633
24650
24667
24676
24677
24685
24684
24683
24682
24674
24675
24666
20955
24649
24648
24631
24632
24615
24616
24609
24608
24600
24592
24583
24584
24585
24578
24577
24576
24575
24566
24557
24549
24541
24534
24517
24535
24542
24550
24551
24559
24558
24567
24568
24569
25337
24560
25336
20949
24543
24536
25335
25334
25333
24519
24518
24511
25332
25331
24503
24510
24502
24493
24486
24487
24494
24495
25330
25329
25328
24453
25327
25326
24421
24420
24419
24403
24386
24376
24375
24365
24364
24363
24374
24383
24373
24372
24362
24361
24360
24359
24358
24395
24396
24397
24398
24415
24414
24431
24448
24447
24430
24413
24412
24429
24445
24446
24461
24460
24459
24444
24427
24428
24411
24394
24393
24410
24426
24409
24392
24381
24371
24355
24345
24356
24357
24333
24334
24335
24304
24303
20940
24332
24331
24330
24329
24328
24316
24299
24300
24317
24318
24301
24302
24284
24272
24257
24238
24222
24221
24220
24219
24203
24186
24187
24188
20934
24204
24205
24190
24189
24172
24171
24170
24155
24140
24139
24123
24122
24138
24153
24154
24169
24168
24185
24202
24218
24234
24252
24253
24235
24236
24237
24255
24256
24271
24283
24282
20939
24270
24254
24269
24281
24268
20664
24280
24297
24298
24315
24314
24326
20665
24342
24351
24352
24343
24327
24344
24353
24354
24370
24369
20666
24368
20667
24378
30232
29122
29113
29098
30231
30230
29089
29080
29066
29065
29064
29050
25792
29033
29034
29051
29052
30229
29035
29017
28999
28998
28982
28983
30228
30227
28971
28970
28958
28959
30226
30225
28947
28946
28945
28933
28934
28935
30224
30223
28918
28904
30222
30221
28890
28876
28873
28872
28871
28885
28886
28900
28899
28914
28932
28944
28956
28957
28969
28981
28997
29016
29015
29032
29014
28996
28995
29012
29013
29031
29030
29048
29049
29062
29061
29060
29047
29046
29059
29058
29045
29044
29057
29071
29072
29073
29074
29075
29076
29077
29063
29078
29079
29088
29087
29096
29097
29112
29121
29137
29138
29146
30233
29155
29171
30234
29180
29170
29179
29178
29169
29168
29177
29185
29186
29202
29201
29200
25810
29184
25809
29175
29166
29176
29167
29151
29143
29142
29150
29165
29164
29163
29162
29161
29160
29159
25807
29158
25806
29149
25805
29141
25803
29125
25801
29117
25798
25800
25802
29126
29127
29128
29129
29130
29131
29132
29133
29118
29119
29134
29135
25804
29152
29153
29154
29145
29144
29136
29120
29111
29110
29109
29095
29086
29085
29094
29108
29107
29106
29105
29104
29103
25799
29093
29084
25796
29070
29056
29043
29025
29026
29007
29006
29005
28989
28976
25791
28977
28965
28964
25790
25789
28952
28953
28941
28926
28925
28940
25788
28924
28923
28922
28921
28907
28906
28905
28919
28920
28937
28936
28948
28960
25556
28972
28973
28974
28962
28961
28949
28950
28938
28939
28951
28963
28975
28986
28985
28984
29000
29001
29019
29018
29036
29053
29067
29081
25557
29090
29099
29114
29100
29091
29082
29068
29069
29055
29054
29037
29038
29039
29021
29020
29002
29003
28987
28988
29004
29022
29023
29024
29042
25794
29041
29040
25793
25795
25797
29083
29092
29102
29101
29116
29115
29124
29123
29139
29140
29148
29147
29156
29157
29173
29172
29181
29182
29174
25808
29183
29192
29193
29210
29211
29194
29195
29212
29213
29196
29197
29214
29215
29198
29199
29216
29242
29241
29240
29239
29238
25814
29237
29236
29235
29253
29252
29262
29263
29264
29275
29285
29296
29295
29305
29304
29314
29315
29306
29316
29326
29335
29334
29344
29345
29355
29366
25820
29376
29377
29378
25821
29379
29380
29381
29382
25822
29395
29396
29384
29385
29397
29398
25823
29415
29430
25825
29414
29413
29429
29428
29412
29411
29410
29426
29425
29424
29409
29408
29407
29423
29439
29440
29456
29457
29441
29442
29458
29459
29443
29427
29444
29460
29461
29462
29463
25826
29445
29446
29447
29431
29432
29416
25824
29399
29400
29388
29372
30247
30246
29361
29350
29349
29359
29360
29371
29387
29386
29370
29369
29358
29357
29368
29383
29367
29356
29346
29347
29348
29338
29337
29336
29327
29317
29318
29328
29329
29319
29309
29308
29307
29297
29286
29276
29265
29266
29255
29254
29243
29227
29217
29218
29219
29229
29228
29244
29245
29246
29256
29267
29278
29279
29288
29277
29287
29298
29299
25816
29289
29290
29280
29269
29268
29257
29258
29259
29248
29247
29230
25812
29220
25811
29203
29204
29187
29188
29205
30235
30236
29222
29221
29231
29232
29249
29260
30237
30238
30239
30240
29292
29282
29271
29270
29281
29291
29300
29310
29311
29301
29302
29312
30241
30242
29322
29321
29320
29330
29339
29340
29331
29332
30243
30244
29341
29351
30245
24587
20674
24588
24597
24596
20675
24603
24604
24605
24589
24579
20950
24571
24570
20673
24561
20672
24552
20671
24544
20670
24545
24553
24554
24563
24562
24572
24580
24581
24573
24564
24555
24547
24546
24539
24523
24522
24538
24537
20948
24521
24520
24512
24504
24496
20669
24488
20668
24471
24472
24456
24455
24454
24439
24440
24441
24424
24423
24422
24405
24388
24406
24407
24390
24389
24379
24380
24391
24408
24425
24442
24443
24458
24457
24474
24473
24489
24490
24498
24506
24497
24505
24513
24514
24515
20947
24507
20946
24499
24491
24475
24476
24477
24478
24462
24479
24480
24463
24481
24482
24483
24484
24467
24466
24465
24464
24449
24432
24433
24416
24399
24382
24400
24434
20944
20945
24435
24417
20943
24401
24384
24385
24402
24418
24436
24437
24438
24452
24470
24469
24451
24450
24468
24485
24492
24500
24501
24509
24508
24516
24533
24532
24531
24530
24529
24528
24527
24526
24525
24524
24540
24548
24556
24565
24574
24582
24591
24590
20951
24598
24599
24607
24606
24614
24621
20953
24624
24625
24626
24627
24628
24629
24630
24647
24665
24664
24646
24645
24663
24662
24644
24643
24661
24660
24642
24641
24659
24658
24640
24623
24622
24639
24638
24637
24655
24656
24657
20957
24698
24707
24716
24725
20962
24733
24741
24749
24757
24748
24740
24739
24747
24755
24756
20966
24764
24772
20969
24771
20968
24770
24786
24787
20970
24804
24805
24788
24773
24774
24775
24776
24791
24790
24789
24806
24807
24808
24809
24792
24777
24778
24793
24810
24811
24812
24794
24779
24780
24795
24781
24796
24813
24814
24797
24766
24767
24782
24798
24815
24816
24823
24822
24828
24829
24835
24834
24839
24840
20973
24846
24841
25355
25354
24836
24830
25353
25352
24824
24817
24800
24799
24783
24784
24768
24761
20965
20964
24753
24745
25351
24737
20963
24736
24744
24752
24760
24759
24765
20967
24758
24750
24751
24743
24742
24734
24726
24735
24727
24728
24719
24718
24717
24708
24709
24700
24699
24690
24691
24692
24693
24702
24701
24710
24711
24720
20961
24729
24721
25350
24712
25349
25348
24703
24694
25347
25346
24686
24678
24668
24669
25345
25344
19657
19658
19659
19642
15978
19633
19641
19640
15712
19632
19622
15711
19606
19596
15710
19597
19587
15974
19578
19568
19558
19548
19549
19559
19569
19579
19588
19598
19608
19607
19623
19624
19625
15976
19634
19643
19661
19660
19677
19676
19675
15713
19674
15714
19682
15715
19690
15716
19698
15717
19706
19707
19714
19715
19716
19708
19709
19701
19700
19699
19691
19683
19692
19684
19685
19693
15980
15981
19724
19734
19735
19750
19751
19752
19736
19753
19754
19737
19738
19739
19755
19756
19740
19741
19742
19725
19717
19718
19719
19727
19726
19743
19759
19769
19768
19767
19758
15983
19757
19766
15985
15986
19776
19777
19778
19788
19787
19786
15987
19796
19813
15989
19829
19840
15993
19850
19839
19812
19811
19828
19827
19810
19809
19826
19825
19808
19807
15988
19824
15992
19861
19862
15995
15996
19863
19864
19865
19866
19867
19878
19879
19880
19881
19894
19906
19917
19916
19915
19934
19933
19932
19914
19903
19904
19905
19893
19892
19891
19890
19902
19913
19931
19930
19947
19946
19929
19928
19945
19944
16000
19942
19943
19927
19926
19925
19924
19912
19901
19889
19877
19876
19859
19860
19849
19838
19823
19806
19805
19822
19821
19804
19792
19782
19772
19762
19773
19774
19784
19783
19793
19794
19795
19785
19775
19765
19749
19733
19732
19748
19764
19763
19747
19746
19730
19731
19723
19722
19721
19729
19745
15718
19761
15719
19771
15720
19781
15721
19791
15722
19802
19803
19820
19819
15723
19834
19835
19836
19837
19848
19847
19858
19875
19857
19846
19845
19856
19873
19874
19886
19885
15724
19897
19898
19899
19887
19888
19900
15997
19911
19923
19940
19941
19958
19957
19967
16003
16002
19968
19969
19970
19971
19972
19973
19974
19983
19984
19976
19977
19985
20001
20002
20003
20470
20010
16007
20009
20017
20023
20024
20025
20471
20472
20033
20050
20473
20474
20058
20057
20049
20032
20031
20048
20056
20064
20065
20066
20475
20073
20079
20078
20072
20071
20063
20062
16011
20070
16013
20077
20083
20100
20084
16015
20476
20477
20106
20105
20111
20118
20112
20478
20479
20480
20124
20141
20481
20145
20150
20482
20483
20155
20484
20485
20486
20169
20165
20160
20159
20164
20163
20167
20168
20173
20174
20487
20488
20489
20490
20491
20492
20493
20494
20495
20496
20497
20498
20499
20500
20501
20235
20233
20231
20229
20227
20225
20223
20221
20219
20217
20214
20211
16019
20195
20191
20172
20190
20189
20188
20194
20210
20209
20208
20207
20206
20205
20204
20203
20202
20201
20200
20199
20198
16020
20216
20213
20197
20193
20176
20177
20178
20179
20180
20181
20182
20183
20184
20185
20186
20187
20152
20157
20162
16018
20166
20171
15739
20170
20175
15740
20192
20196
15741
20212
15742
20215
20218
15743
20220
15744
20222
15745
20224
15746
20226
15747
20228
15748
20230
15749
20232
15750
20234
25389
25140
25138
25388
25387
25136
25134
25386
25385
25132
25130
25384
25383
25128
25126
25382
25124
25123
25122
25121
25120
25119
25118
25117
25116
25115
25114
25113
25112
25111
25110
25109
25108
25107
20710
25125
20711
25127
20712
25129
20713
25131
20714
25133
20715
25135
20716
25137
20717
25139
30285
30284
30283
30282
30281
30009
30013
30017
30021
30025
30029
30286
30287
30033
30288
30037
30036
30032
30028
30024
30020
30016
30012
30008
30003
29985
29986
30004
30005
29987
29969
29951
29968
29950
29949
29967
29966
29984
30002
30001
30000
29999
29981
29963
29962
29961
29960
29942
29943
29944
29945
29946
29964
29982
29983
29965
29947
29948
29934
29929
29930
29935
30280
29913
30279
29907
30278
30277
29902
29896
30276
30275
29890
29884
25862
29877
29876
29883
29889
29895
29901
29906
29912
29928
29927
29926
29925
29924
29923
29922
29921
29920
29919
29918
29917
25864
29911
29905
29904
29903
25863
29898
29897
25587
29891
25586
29885
25585
29879
25584
29880
29881
29874
29873
25861
29857
29856
29848
25583
29840
25582
29833
29826
29827
29828
29835
29834
29841
29849
29850
29858
29851
29842
29843
25859
25858
29813
29812
29803
29802
29811
29810
29809
29800
34910
34893
35396
29716
25579
29732
29749
25580
29765
25581
29774
29791
29801
29792
25855
29775
25854
29766
29750
29751
29767
29768
29776
29793
29794
29777
29769
29752
29753
29737
29736
25852
29735
29734
25851
29733
29717
29709
29692
29708
25578
29691
29685
25577
29686
29687
29693
29710
29711
25850
29718
29719
29720
29721
29738
29754
29755
29739
29722
29723
29724
29725
29742
29743
29726
29727
29728
29712
29713
29729
29730
29714
29705
25849
29706
29707
30264
30265
29715
29731
29748
29764
29773
24947
24948
24943
24942
20691
24937
20690
24920
20689
24921
24938
24939
24944
24949
20978
24950
24951
24952
24953
24954
24955
24956
24957
24958
24959
24960
24965
24971
24977
24994
24993
24992
24991
24990
24989
24988
25004
25005
25006
25007
25008
25009
25010
25011
25012
25013
20980
25016
25019
25022
25025
25028
25031
25035
25039
25040
25369
25368
25036
25032
25367
20981
25366
25365
25364
20034
20051
20059
20060
20052
20035
20027
20026
15728
20018
15727
20011
15726
20004
15725
19988
19980
19965
19954
19937
19920
19921
19938
19939
19922
19910
19909
24862
20974
24845
24861
24877
24876
24860
24859
24875
24893
24894
24911
24912
24913
24914
24897
24896
24895
24878
24879
24880
24898
24915
25356
24919
24918
24935
24936
25357
24941
24946
25358
25359
24962
24967
25360
25361
24973
24979
25362
25363
24996
24995
20979
24978
24972
24966
24961
20977
24945
24940
24934
24933
24932
24931
24930
24929
24928
24927
24926
24925
24924
24923
24922
20976
24917
24900
24916
20688
24899
20687
24881
24863
24847
24848
24843
24842
20686
24837
24838
24844
24849
24865
24864
24882
24883
20975
24901
24884
24885
24902
24903
24904
24905
24888
24889
24890
24906
24907
24908
24909
24910
24892
24891
24873
24874
24858
24857
24856
24872
24855
24871
24870
24854
24853
24869
24887
24886
24868
24852
24851
24867
24866
24850
20972
20971
24821
24820
24803
24802
24819
24826
24827
24833
24832
24831
20685
24825
24818
20684
24801
20683
24785
20682
24769
20681
24762
24763
24754
20680
24746
20679
24738
20678
24730
24731
24732
24724
20960
24715
20959
24706
20958
24697
24689
24681
20956
24673
24672
24671
24654
24636
24619
24620
24613
24612
24611
24618
24635
24653
20676
24670
24679
24680
24688
24696
24705
24714
24723
24722
24713
24704
24695
20677
24687
30248
29448
25827
29465
30249
29472
29478
25829
29471
29464
29470
29477
29482
29487
29492
29483
30250
30251
29488
29493
30252
30253
29498
25831
25832
25833
29524
29519
29518
29514
29497
29513
29512
29511
29510
29509
29508
29507
29506
29523
29528
29534
29540
29541
29535
29529
29530
30254
30255
29536
29542
30256
30257
29548
29547
29546
29552
29553
29554
30258
30259
29560
29576
29559
29558
29574
29575
29591
29590
29608
29607
29620
29636
29637
29621
29622
29623
29592
25840
29624
29640
29639
29638
29655
29656
30260
30261
30262
30263
25847
25848
29690
29689
29704
29703
29702
29701
29700
29699
29698
29697
29696
29695
29694
29688
29671
29670
29669
29665
29661
29666
29662
29658
29657
29641
29625
29626
29627
25843
29642
25844
29659
25845
29663
25846
29667
29672
29673
29674
29675
29676
29677
29678
29679
29680
29681
29682
29683
29684
29668
29664
29660
29654
29653
29652
29651
29635
29634
29650
29649
29648
29647
29631
29615
29614
29613
25842
29630
29646
29645
29644
29643
29629
29628
29612
29611
29610
29609
29593
29594
29595
29578
29579
29596
29597
29598
25841
29599
29581
29580
25839
25838
29564
29565
29566
29582
29600
29601
29602
29616
29632
29633
29617
29618
29619
29605
29587
29606
29588
29589
29573
29572
29571
29570
29586
29604
29603
29585
29569
29568
29584
29583
29567
29557
29551
29545
29539
29533
29527
29522
29517
29505
29504
29503
29502
29501
29516
29521
25834
29526
25835
29532
25836
29538
25837
29544
29550
29556
29563
29562
29577
25576
29561
29555
25575
29549
25574
29543
29537
29531
29525
29520
25573
29515
25572
29499
29500
29494
25571
29489
25570
29484
25569
29479
29473
25568
29466
29449
29450
29467
29474
29475
25830
29480
29485
29490
29495
29496
29491
29486
29481
29476
29469
29455
29454
25828
29453
29452
29468
29451
29433
29434
29435
29419
29403
29402
29418
29417
29401
29389
29373
29374
29390
29391
29404
29405
29421
29420
29436
29437
29438
29422
29406
29394
29393
29392
29375
25819
29365
29354
25818
29353
29364
29363
29362
25567
29352
29342
25566
29343
29333
29325
29324
25817
29323
25565
29313
25564
29303
25563
29293
25562
29294
29284
29274
29273
29283
25815
29272
25561
29261
25560
29250
29251
29234
25813
29224
29207
29208
29225
29226
29209
29191
29190
29189
29206
25558
29223
25559
29233
35368
34308
34324
35369
30712
35370
34343
34350
35371
35372
34357
34363
35373
35374
34370
34369
34362
34356
34349
34342
34336
34330
34323
34322
34306
34307
34291
34282
34283
34274
34273
34266
30704
34259
34251
35367
35366
34242
34233
35365
35364
34224
34214
35363
35362
34206
34197
35361
35360
34188
34187
34177
34178
35359
34162
34161
34160
34176
34186
34196
34195
34204
34205
34213
34223
34232
34241
34250
30702
34258
34272
34281
30707
30706
34265
34257
34248
34249
34240
34231
34222
34212
34194
34203
34211
34221
34230
34239
34238
34247
34256
34264
34271
34280
34289
34303
34302
34318
34317
34301
34316
34300
34299
34315
34314
34298
34297
34313
30709
34296
34295
30708
34287
34288
34279
34278
34269
34262
34270
34263
34255
34254
34245
34246
34237
34228
34236
34227
34218
34219
30698
34209
34201
34229
34220
34210
34202
34193
34184
34174
34185
34175
34159
34149
34150
34140
34139
34138
34122
34123
34105
34104
34103
34086
34076
34058
34057
34056
34055
34054
34053
34052
34051
34042
34032
30686
34022
34013
34000
33999
33982
33973
33983
33984
34001
34002
33985
33986
33987
34003
34004
34005
33988
33989
33990
30685
34006
34007
34008
34017
34016
34015
34014
34023
34024
34025
34026
34036
34046
34061
34060
34045
34035
34034
34033
34043
34044
34059
34077
30691
34087
34106
34107
30692
34124
34141
34151
34152
35358
35357
35356
34108
34090
34089
34088
34078
34079
34062
30690
34063
34047
35355
35354
34037
34027
35353
35352
34018
34009
35351
35350
35349
35348
30684
33976
33993
33992
33991
33975
33974
33967
33968
33969
33962
33954
33947
33946
33953
33961
33960
33952
33945
33937
33936
33935
33921
33938
33939
33922
33914
33913
33905
33906
33888
33887
33904
33903
33902
33901
33900
33899
33898
33912
33920
33931
33932
33933
33934
33944
33951
33959
33966
30683
33930
33929
33928
33927
30680
33943
33950
33957
33956
33955
30433
33963
30434
33970
33977
33978
33995
33996
33979
33971
33964
33958
33965
33972
33981
33980
33997
33998
34012
34021
34011
34020
34029
34030
34031
30687
34041
30689
34050
34068
34069
34070
34085
34071
34072
34073
34074
34075
34102
34121
34120
34119
34135
34136
34137
34148
34158
34173
34172
34171
34170
34169
34168
30694
34157
30693
34147
34130
34114
34115
34131
34132
34133
34134
34118
34101
34100
34099
34117
34116
34098
34097
34096
34095
34094
34083
34084
34067
34066
34065
34081
34082
34093
34111
34112
34113
34129
34128
34127
34144
34155
34165
34181
34182
34166
34156
34145
34146
34167
30695
34183
34192
30696
34191
34190
34189
34179
34180
34164
34154
34163
34153
34142
30438
34125
34143
34126
34110
34092
34109
34091
34080
30437
34064
34048
34049
30688
34040
34039
34038
34028
34019
30436
34010
30435
33994
40784
35833
39348
40785
39360
39375
39374
35837
39384
39373
35836
39357
39345
35835
39334
39333
39343
39344
39356
39355
39372
39371
39370
39369
39368
39367
39366
39354
39353
39352
39340
35834
39341
39326
39327
39342
39328
39329
39330
39331
39332
39315
39314
39313
39312
39311
39310
39299
35830
39290
39309
39308
39325
39324
39307
39298
39289
39288
39276
39260
39277
39278
39263
39250
39262
39261
39249
35825
39237
39238
39227
39239
39251
39264
39279
39265
39252
39266
39267
39268
39269
39253
39241
39229
39219
39218
39204
39193
39183
39173
39164
39152
39151
39150
39149
39148
39163
39172
39182
39192
39203
39216
39217
39240
39228
39215
39214
39213
39202
39201
39190
39191
39181
39180
39179
39178
39168
39160
39169
39170
39161
39144
35819
39137
39145
39146
39162
39171
35821
39147
39138
39123
39122
39106
39105
39095
39087
39079
39070
39061
39053
39044
35814
39052
35541
39043
35540
39034
35539
39018
39019
35811
39008
38998
38999
38986
38987
38971
38956
38955
38970
38969
38954
38953
38985
38984
38997
35538
38983
38968
35537
38952
38935
35536
38919
44421
44420
44412
44413
44397
44380
44396
44379
44378
44377
44360
44361
44353
44346
44345
44352
44376
44393
44409
44408
44392
44375
44374
44391
44407
44390
44406
44418
44431
44432
44433
41228
44444
44454
44471
44455
44472
44473
44456
44446
44445
44434
41224
44410
44394
44395
44411
44419
44435
44436
44437
44447
46314
44457
44474
46315
44482
44481
44480
44489
44498
44507
44516
44517
44518
44509
44508
44499
44490
44491
46316
46317
44500
46318
46319
46320
44526
46321
44535
44551
44550
44534
44525
44524
44533
44549
44548
44555
44570
44569
44568
44586
44604
44605
44606
44587
44588
44589
44607
44608
44617
44616
41236
44625
44635
44647
44664
44665
44681
44682
44666
44649
46324
44637
44648
44636
44626
44627
44618
46323
44610
44609
44590
44571
44572
44556
44557
44573
44591
44592
44574
44558
46322
35542
39069
35543
39078
35544
39086
35545
39094
39102
39103
39104
39121
39120
39119
39118
35546
39136
35547
39143
35548
39159
39167
35549
39177
35550
39187
35551
39198
39199
39188
39189
39200
39212
39226
39225
39211
39210
39209
35552
39224
35553
39236
39248
39259
35554
39275
35555
39286
39296
39287
39297
39306
39305
39322
39323
39339
39338
35556
39349
39361
35557
39376
35558
39387
39388
39377
39362
39350
39351
39363
39364
39365
39381
39392
39391
39409
39425
39426
39410
39411
39393
39394
39395
39396
39382
39383
39399
39417
39434
39400
39401
35839
39418
39402
39385
39386
40786
39403
40787
39419
39437
39436
39435
35841
39445
39446
39461
39477
39476
39460
39459
39458
35842
39444
39433
39432
39416
39398
39397
39415
39414
39430
39431
39443
39457
39456
39455
39429
39413
39412
39428
39427
39442
39441
39424
39408
39390
39380
39379
39378
35838
39389
39407
39406
39405
39404
39420
39421
39422
39423
35840
39440
39450
39449
35843
39464
39480
39491
39508
39507
39524
39525
39526
39509
39492
39493
39494
39481
39466
39465
39451
39452
39467
39468
39453
39454
39469
39470
39471
39472
39473
39474
39484
39483
39482
39500
39499
39498
39515
39514
39497
39496
39495
39511
39510
39527
39541
39553
39554
39542
39528
39529
39512
39513
39530
39531
39532
39533
39516
39517
39534
39543
39561
39562
39545
39544
39535
39518
39501
39502
39519
39536
35846
39520
39503
39485
39475
39486
39504
39487
39488
40788
40789
35844
39505
40790
39522
35845
39521
39537
39538
40791
39548
40792
40793
39575
39585
39584
35849
39574
39565
39564
35848
39547
35847
39546
39563
39573
39572
39571
39570
39560
39559
39558
39557
39556
39555
39569
39579
39589
39600
39599
39588
39578
39568
39552
39551
39540
39550
39567
39577
39587
39598
39610
39609
39608
39597
35565
39586
35564
39576
35563
39566
35562
39549
39539
35561
39523
39506
39489
39490
39479
39463
39448
39439
39438
39447
35559
39462
35560
39478
46332
45017
45032
45044
45031
45016
45015
45030
45029
45014
45028
45039
45027
45013
45001
45000
44999
44987
45002
45003
45004
45005
45006
45007
44990
41261
44979
44980
44963
46331
44951
44937
46330
44919
44918
44936
44950
44949
44962
44961
44960
44978
44989
44988
44977
44976
44975
44959
44974
44973
44972
44971
44970
44969
44958
44957
44943
44944
44926
44927
44928
41258
44929
44930
41259
44945
44946
44947
44948
44934
44935
44917
44916
44933
44932
44931
44915
44914
44899
44898
44884
44885
44900
44901
44902
44903
44886
44873
44874
44888
44887
44904
44905
44906
44889
46329
44876
44875
44859
44858
44857
44841
44856
44872
44871
44855
44827
44811
44812
44797
44798
44782
44781
44796
44780
44795
44810
44826
44825
44824
44823
44838
44850
44866
44867
44851
44852
44853
44839
44840
44854
44870
44869
44868
44883
44896
44897
44913
44912
44895
44894
44911
44925
44924
44923
44941
44942
44956
44955
44967
44968
44985
44986
44996
44997
44998
45012
44995
44984
44994
44993
44983
44966
41260
44954
44940
44922
44921
44939
44953
44965
44982
41262
44992
41263
41264
45009
41265
45019
45010
45011
45020
45038
41266
45021
45022
45023
45024
45025
45026
41267
45054
45053
45052
45051
45087
45086
45074
45065
45050
45049
45048
45037
45036
45035
45034
41268
45046
45047
45063
45064
41269
45073
45083
45084
45085
41272
45099
45116
45133
45115
45114
45098
45113
41273
45130
45142
45141
45129
45112
45097
45081
45082
45072
45071
45080
40942
45096
40943
45111
40944
45128
40945
45140
40946
45157
40947
45169
45185
45195
40948
45205
45206
41282
45222
45233
40949
45232
40950
45249
40951
45259
40952
45269
45289
45299
45298
40954
45288
40953
51331
50420
50413
50412
50396
50397
51330
50390
50389
50381
50380
50379
50370
50371
50372
50373
50382
51329
50356
50339
50323
50308
50307
50322
50321
50306
50305
50290
50291
50292
50293
50277
50276
50258
50275
50274
50289
50273
50272
50256
50257
50247
50246
50237
50238
50228
50229
50239
50248
50249
50259
50260
51328
51327
50250
50240
46807
50231
50230
50214
50213
50212
50203
50204
50205
50196
50195
50194
50185
50184
50183
50193
50202
50211
50227
50226
50225
50224
50223
50222
50221
46806
50220
46805
50219
50236
50245
50255
50264
46808
50254
50244
50235
50218
50217
50234
50243
50253
50263
50262
46513
50261
46514
50278
50279
50280
46810
46809
50281
50265
50266
50282
50297
50298
50299
50300
50315
50314
50330
50347
50329
50313
50312
50296
46811
46812
50311
46813
50326
46814
50342
46815
50360
50377
50361
50362
50344
50343
50327
50328
50345
50346
50363
50364
50365
50366
50349
50348
50331
50332
50333
50350
50367
50368
50351
50334
50318
50317
50316
50302
50301
50286
50285
50284
50283
50267
50268
50269
50270
50271
50287
50288
50303
50304
50319
50335
50336
50320
50337
50338
50355
50354
50353
50352
50369
50378
46816
50387
50388
50395
50394
50411
50418
50419
50425
50432
50438
50439
50433
50426
50427
51332
51333
50434
50440
51334
51335
50447
50446
50463
50464
51336
50470
46822
50469
50475
50493
46824
50516
50522
51337
51338
50528
50544
51339
51340
50550
50556
51341
51342
50562
50561
50567
50568
51343
51344
50574
50573
50572
50566
50560
50555
50554
50548
50549
50543
50542
46825
50526
50527
50521
50515
50498
50492
50491
50497
50496
50490
50489
50488
50487
50486
50485
50484
50483
50482
50481
50480
50479
46821
50466
50449
50465
46526
50448
46525
50441
46524
50442
50435
46819
50436
50443
46820
50450
50451
50452
50453
50454
50455
50456
50457
50458
50459
50460
50461
50467
50473
50474
50468
50462
50445
50444
50437
50431
50424
50417
50410
50409
50408
50407
50406
50405
50404
50403
50402
50401
46818
50393
50386
50400
50399
50415
50416
50423
50430
50422
50429
50428
46523
50421
46522
50414
46521
50398
46520
50391
46817
50392
50385
50376
50359
50341
50358
50375
50384
50383
46519
50374
46518
50357
46517
50340
46516
50324
46515
50325
50310
50295
50294
50309
56897
55534
51784
55547
55533
55532
55518
55519
55505
55504
55490
55489
55476
55475
55474
55460
55461
55451
55452
55462
55463
55477
55478
55491
55492
51782
55506
55520
56896
55493
55480
55479
55464
55454
55453
55440
55441
55442
55443
51779
56895
55444
51777
51776
51775
55392
55391
55402
55401
55390
55389
51773
55378
55379
55368
55367
55366
55377
55388
55399
55414
55400
55415
55416
55417
55433
55432
55431
55430
51778
55450
55439
55428
55429
55413
55412
55411
55427
55426
55410
55409
55398
55387
55376
55361
55362
55344
55329
55343
55328
55327
55308
55307
55325
55326
51771
55342
55360
55375
55386
55397
55396
55385
55374
55359
55358
55357
55356
55341
55324
55306
55323
55305
55289
55290
55278
55261
51768
55245
55235
55225
55215
55216
55226
55236
55246
55247
55248
55263
55262
55291
55292
55309
55310
55311
55312
55330
55345
55363
55364
55365
55346
55331
55332
55347
55348
55333
55334
55349
55350
55351
55369
55380
55381
55370
55371
55382
55393
56894
56893
50147
50139
46505
50140
50148
50156
50155
46506
50171
46507
50188
46508
50197
46509
50206
46510
50215
50232
46511
50241
46512
50251
50252
50242
50233
50216
50207
50198
50208
50209
50200
50199
50190
50189
50172
50173
50191
50174
50157
46802
50149
46800
50150
46803
46804
50192
50201
50210
50177
50178
50179
50162
50161
50160
50159
50176
50175
50158
50143
50142
50141
50133
50134
50119
50118
50100
50093
50086
50079
50078
50085
50092
50099
50117
50132
50131
50116
50098
50091
46504
50084
46503
50077
46502
50060
50061
50054
50053
46501
50046
46500
50029
46499
50023
46498
50017
46497
50010
50003
50004
50011
50012
50005
49997
49989
49996
49988
49987
49995
56886
56887
55184
55174
55173
55172
55162
55161
55171
55181
55182
55183
51766
55193
55203
56888
56889
55213
55223
56890
56891
55233
56892
55243
55259
55276
55275
51769
55287
55303
55302
55320
55321
55339
55354
55353
55352
55338
55337
55319
55301
55286
55285
55273
55272
55284
55283
55271
55270
51767
55255
55256
55241
55242
55257
55274
55258
55232
55222
55231
55240
55230
55221
55220
55210
55211
55212
55202
55192
55191
55201
55200
55190
55180
55170
55160
55150
55151
55141
51764
51762
55119
55131
55132
55122
55133
55143
55142
55152
55153
55163
55164
56885
56884
55154
55144
55134
55123
56883
55111
55110
55109
55121
55120
55108
51760
55097
55086
55075
55076
55087
55088
55098
55099
55100
56882
56881
55089
55078
55077
55060
55059
55041
55042
55061
55043
55030
55012
55011
55029
55028
55027
55026
55009
51755
54975
54976
54977
54968
54960
54951
54950
54959
54967
54966
54958
54949
54931
54930
54929
54928
54927
54926
54925
54914
54900
54899
54898
54913
54912
54897
54896
54920
54919
54936
54945
54954
51753
54962
54953
51499
54944
51498
54935
51497
54918
54911
51751
54895
54894
54885
51496
54868
54853
54854
54855
54856
54857
54858
54873
54872
54871
54870
54869
54886
54887
54888
54889
54874
54859
54860
54842
54843
54861
54876
54875
54901
54902
54903
54904
54905
54906
54907
54908
54915
54916
54933
54932
54940
54941
54942
54943
56874
56875
54952
54961
56876
56877
54969
56878
54978
54986
54985
54984
54993
51756
55010
54994
54995
56879
56880
49883
49865
49866
49884
49894
49895
49885
49867
49868
49869
46778
49886
49887
49898
49899
49900
49901
49902
49903
49904
46779
49877
49861
49878
49879
49889
49888
46780
49905
49906
49907
49890
49880
49881
49882
49864
49863
46777
49862
46776
49847
49839
49831
49823
49816
49808
49800
49801
49809
49817
49824
49832
49840
49848
51311
51310
51309
51308
51307
51306
51305
51304
49777
46774
49793
46773
49776
49767
49768
49751
49752
49735
49718
51303
51302
44438
40920
44448
40921
44458
44459
44449
44440
44439
44422
44414
44398
40919
44399
44400
41223
44415
41225
44423
44424
44441
44442
44452
44461
41229
44451
44450
44460
44476
41230
44475
44484
40922
44483
40923
44492
40924
44501
40925
44510
44519
41231
44511
44502
44493
44485
44494
44503
44512
44520
44529
41232
44528
40926
44527
44536
40927
44552
40928
44559
44575
44576
44577
44594
44593
44611
44619
44628
44620
44629
44639
44630
44621
44612
41234
44595
44596
44597
44598
44580
44579
44578
44560
41233
44537
44530
44521
44513
44504
44495
44486
44477
44462
44463
44464
44465
44466
44478
44487
44496
44505
44514
44522
44531
44544
44543
44542
44541
44540
44539
44538
44553
44561
44562
44563
44581
44564
44565
44566
44584
44602
44601
44583
44582
44600
44599
41235
44613
44622
41237
44631
41239
44642
44654
44653
41240
44641
44640
44652
44651
44650
40929
44638
51315
49952
49935
49936
51314
51313
49927
49926
49918
51312
46781
49892
49891
49908
49917
49916
49925
49924
49915
49914
49923
49932
49933
49934
49950
49951
49969
49968
49976
49983
46787
49984
49977
46785
51316
49986
49985
49993
49992
50000
50008
50001
49994
50002
50009
51317
51318
51319
46792
50016
50015
50022
50021
50014
50007
49999
46789
49991
49982
49974
49975
49967
49949
49948
49966
49965
49947
49946
49964
49963
49945
49962
49944
49943
49961
49960
49942
49941
49959
49958
49940
46784
49931
49922
49913
49912
49897
49896
49911
46782
49921
49930
46783
49929
49920
49910
49893
46493
49909
49919
49928
46494
49937
49938
49939
49955
49954
49953
46495
49970
46496
49978
49979
49980
49971
49972
49956
49957
49973
49981
46786
49990
46788
49998
46790
50006
46791
50013
50020
50026
50032
46793
50025
50019
50018
50024
50030
50031
50048
50049
50056
50047
50055
50062
50063
50064
50081
50080
50087
50088
50095
50094
50101
50102
50103
50120
46797
50121
50104
50105
50122
50123
50106
50107
50124
50125
50126
50127
50110
50109
50108
50074
50073
50072
50071
50070
50069
50068
50067
50066
50065
50057
50050
50033
50034
50035
50036
50037
50038
50039
50040
50041
50042
50043
50051
50058
50075
50076
50059
50052
50044
50027
50028
50045
51320
46794
51321
51322
51323
46795
50083
50082
50089
50090
50097
50096
50113
50114
50115
50130
50129
50137
50136
50128
46796
50112
50111
46798
50135
50144
50145
50146
50138
46799
50154
50153
50152
50151
46801
50164
50163
50180
50181
50182
50165
50166
50167
50168
50169
50186
50170
50187
51324
51325
51326
45062
40941
45045
40940
45033
45018
45008
44991
40939
44981
40938
44964
40937
44952
40936
44938
44920
44907
44890
40935
44877
44878
44891
44908
41256
44879
44880
44892
41257
44909
44910
44893
44881
44863
41254
44846
41253
44862
44861
44845
44831
40934
44832
44833
44819
44805
44789
44790
44806
44820
44834
44835
44847
44848
44864
44882
41255
44865
44849
44837
44822
44836
44821
44807
44791
44773
44774
44759
44758
44757
44745
44729
44728
44744
44756
41248
44772
44804
44818
44817
44803
40933
44788
44771
40932
44755
44743
44727
44715
40931
44699
44683
40930
44667
44668
44684
44685
44669
44670
41242
44671
44686
44702
44701
44700
44716
44717
44718
44730
41246
44746
44747
44748
44761
44760
44775
44776
41249
44792
44808
44809
41250
44777
44762
44763
44778
44793
44794
44779
44764
44765
44749
44735
44734
44733
44732
44705
44704
44720
44731
41245
44719
44703
44687
44688
44689
44690
44706
44707
44691
44692
44693
44709
44708
44721
44736
44722
44738
44737
44750
41247
44766
44783
44784
44799
44800
44814
44813
41251
44828
44829
44842
44843
44860
44844
46328
44830
41252
44815
44816
46327
44802
44801
44787
44770
44754
46326
44742
44726
44713
44714
46325
44698
44697
44680
44696
44695
44711
44712
44724
44725
44741
44740
44752
44753
44769
44786
44785
44768
44767
44751
44739
44723
41244
44710
41243
44694
44677
44661
44662
44678
44679
44663
44646
44645
44634
44633
44624
44615
41238
44644
44660
44676
44675
44674
44673
44672
41241
44655
44656
44657
44658
44659
44643
44632
44623
44614
44603
44585
44567
44554
44545
44546
44547
44532
44523
44515
44506
44497
44488
44479
44470
44469
44468
44467
44453
44443
44430
44429
44428
44427
41227
44426
44403
44402
44417
44425
41226
44416
44401
41222
44385
41221
44367
44368
44369
44386
44387
44370
44371
44388
44404
44405
44389
44372
44373
44359
44351
44344
44337
44330
44323
44316
44309
44302
44292
44291
44290
44289
44288
44287
44286
44285
44301
44308
44315
44322
44329
41217
44336
44343
41218
41219
44350
44358
41220
44366
44384
44383
44382
44365
44357
40918
44381
44364
40917
44356
40916
44349
44342
44335
44328
40915
44321
40914
44314
40913
44307
40912
44300
40911
44283
40910
44276
40909
44260
40908
44253
44254
44238
44237
44221
44212
44196
44197
44189
44180
44181
44190
44198
44213
44222
44223
44224
44214
41209
44199
44200
44225
44226
44227
44228
44244
44243
44242
41212
44241
44240
44239
44255
44261
44277
41216
44284
44278
41214
44262
44263
44264
44265
44266
44267
44279
44293
44294
44295
44296
44271
44270
44269
44268
44256
44247
44246
44245
44229
44230
44215
41210
44231
41211
44248
44249
41213
44257
44273
44272
41215
44280
44298
44297
44304
44305
44312
44311
44303
44310
44317
44324
44331
44338
44339
44332
44325
44318
44319
44326
44333
44340
44347
44354
44362
44363
46313
46312
44355
44348
46311
44341
46310
46309
44334
44327
46308
46307
44320
44313
46306
46305
44306
44299
44282
44281
44274
44275
44259
44258
44250
44234
44233
44232
44216
44207
41208
44191
44183
44206
44205
44204
44203
44202
44201
41207
44182
44166
44165
44164
44154
44143
44133
44116
44115
44132
44142
44152
44153
44163
44162
40907
44179
44188
49476
46753
49491
49524
49525
49526
49544
49543
49542
49541
49523
49507
49506
49522
49540
49550
49558
49566
49581
49582
49583
49592
49601
49610
49628
49627
49626
49625
49636
49644
49652
49660
49667
49675
49691
49702
49690
49689
49688
49687
49686
49685
49674
49666
49665
49664
49672
49673
49683
49684
49701
49712
49722
49739
49757
49740
49723
49724
49725
49726
49727
49744
49728
49713
49714
49730
49729
49746
49745
49763
49764
49747
49748
46771
49765
49749
49731
49732
49715
49716
49705
49704
49703
49692
49693
49676
46769
46768
49668
49677
49694
49695
49678
49669
49662
49661
49653
49654
49646
49645
49637
49638
49629
49611
49602
49593
49584
46760
49567
49559
49551
49552
51291
51292
49560
49568
51293
51294
49585
49594
51295
51296
49603
49612
51297
51298
51299
51300
51301
46767
49670
49679
49696
49707
49706
49717
49734
49733
49750
49766
49775
49774
49792
49791
49790
49789
49788
49787
49786
49785
49815
49822
49830
49838
49845
49846
49855
49856
49857
49858
49859
49860
49876
49875
49874
49873
49872
49871
49870
49854
49853
49852
49851
49843
49844
49836
49837
49829
49821
49828
49827
49835
49834
49842
49850
49849
49841
46492
49833
46491
49825
46490
49826
49818
46775
49819
49820
49813
49814
49806
49807
49799
49783
49784
49760
49761
49762
49743
49742
49741
49759
49758
49773
49772
49782
49798
49797
49781
49780
49796
49804
49805
49812
49811
49810
46489
49802
46488
49803
49795
49794
46487
49778
49779
49769
46772
49754
49753
49736
49719
49708
46486
49709
49720
49737
49755
49770
49771
49756
49738
49721
49710
49711
49700
49699
49682
49681
46770
49698
49697
46485
49680
46484
49671
46483
49663
46482
49655
49647
49656
49657
46766
49658
49659
49651
49643
49650
49649
49648
46765
49640
46764
49632
49631
49639
49630
46481
49613
49614
49605
49596
49595
49586
49587
49570
49571
49572
46761
49588
46762
49597
46763
49606
49616
49615
49633
49641
49642
49634
49617
49607
49608
49618
49635
49619
49620
49621
49622
49623
49624
49609
49600
49591
49580
49579
49578
49577
49576
49575
49574
49565
49564
49563
46759
49555
46758
49547
46757
49530
49531
49532
49533
49534
49516
49515
49499
49500
49501
49502
49518
49517
49535
49536
49537
49538
49539
49521
49520
49519
49503
49504
49505
49490
49482
49474
49473
49472
49471
49470
49469
49468
49467
49460
49459
49458
49465
49464
49478
49486
49494
49495
49496
49512
49511
49510
49528
49529
49546
49554
49562
49569
49561
49553
49545
49527
49509
49493
49485
49477
46480
49463
49457
49456
49439
49422
49405
49388
49389
49406
49407
49390
49381
49380
46479
49372
46478
49364
46477
49356
46476
49348
46475
49340
46474
49332
46473
49325
46472
49308
49303
49288
49272
46471
49254
49273
49255
49237
49236
49228
49229
49221
49220
46470
49212
46469
49204
46468
49196
46467
49188
46466
49180
46465
49172
46464
49164
46463
49156
46462
49148
46461
49131
49132
49116
49115
49106
49107
49108
49117
49149
49157
49158
49150
49133
49134
49135
49151
49159
49167
49175
49183
49191
49208
49216
49224
46742
49232
49225
49217
49209
49210
49202
49201
49200
49192
49184
49185
49193
49194
49186
49178
49170
49162
49154
49146
49145
49153
49161
49169
49177
49176
49168
49160
49152
49142
49141
49140
49122
49121
49139
49138
49120
49119
49137
49136
49118
46739
49109
46738
49094
46736
49085
49086
46737
49095
49096
49097
49098
49123
49124
49125
49143
49144
49126
49127
49111
49112
49128
49129
49113
49104
49103
49088
49078
49069
49061
49044
49035
49036
46732
49045
46733
49062
51259
51260
49071
49070
49079
49089
49080
51261
51262
49090
49105
51263
49114
49130
51264
46740
49147
49155
51265
51266
49163
49171
51267
51268
49179
49187
51269
51270
49195
49203
51271
51272
49211
49219
51273
51274
49227
49218
49226
49233
49251
49234
49235
49253
49252
49270
49269
49286
49271
49287
49302
49301
49300
49306
49299
49298
49284
49283
49267
49285
49268
49250
49249
49248
49266
49265
49247
49246
49264
49263
49280
49281
49282
49297
49296
49295
49294
49293
49292
49278
49279
49262
49245
49244
49243
49242
49261
49260
49277
49291
49290
49276
49275
46743
49257
49239
49231
49240
49258
49259
49241
46741
49223
49215
49207
49199
49190
49182
49174
49166
49165
49173
49181
49189
49197
49198
49206
49205
49213
49214
49222
49230
49238
49256
49274
46744
49289
46745
49304
49305
49313
49314
49315
49316
49317
49318
49319
49320
49321
49322
49329
49323
46747
49330
49338
49339
51277
49331
49324
46746
49307
51275
51276
44004
44021
44022
44023
44039
44040
41198
44056
44057
44068
44067
44084
44085
44103
44104
44087
44086
44069
44070
44071
44072
44073
44090
44091
44074
44047
44031
44030
44046
44045
44029
44028
44044
44043
44027
44010
44011
44012
44013
44014
44015
44032
44048
44058
44075
44092
44109
44125
44108
44107
44106
44089
44088
44105
44124
44123
44122
44121
44120
44135
44119
44102
44101
44083
44066
44065
44055
44038
44037
44054
44064
44081
44098
44082
44099
44100
44117
44118
41203
44134
41204
44144
44145
41205
44155
44167
44168
44169
44170
44171
44172
44173
44174
44156
44157
44158
41206
44175
44184
44192
44208
44217
44218
44219
44235
44251
44252
44236
44220
46304
44211
46303
46302
44195
44187
46301
46300
44178
44177
44186
44194
44210
44209
44193
44185
44176
44159
44160
44150
44140
44130
44113
44096
44095
41200
44094
41201
44111
44112
44129
44139
44149
44148
44147
44146
44136
44137
44138
44128
44127
44126
41202
44110
44093
44076
44059
44051
44050
44049
44033
44016
43998
43999
43990
43989
43988
43974
43975
43959
43958
43940
43957
43956
43939
43938
43937
43936
43935
43952
43969
43970
43953
43971
43954
43955
43972
43973
43987
43986
43985
43984
43983
43982
41196
43997
44008
44009
44026
44042
44041
44025
44024
44007
44006
44005
43995
43994
43979
43964
43965
43980
43996
43981
43968
43967
43966
43950
43932
43933
41192
43951
43934
43926
43925
41189
43910
43911
43912
43913
43914
43915
43927
43941
43942
43943
43928
43919
43920
43921
43906
43901
43896
43891
43886
43881
43876
43871
43866
43861
43856
43849
43843
43842
43841
43824
43840
43848
43855
43860
43865
43870
43875
43880
43885
43890
43895
43900
43905
43918
43917
43916
43904
43899
43894
43889
43884
43879
43874
43869
43864
43859
43854
43847
43837
43820
43819
43836
43835
43818
43817
43834
43833
43816
43815
43832
41188
43846
43853
43845
43851
43852
43858
43863
43868
43873
43878
43883
43888
43893
43898
43903
43908
43909
41190
43924
43931
43949
43948
40906
43930
43923
43907
43902
40905
43897
40904
43892
40903
43887
40902
43882
40901
43877
40900
43872
40899
43867
40898
43862
40897
43857
40896
43850
43844
40895
43827
43810
43801
43792
43783
43766
43757
40894
43749
43741
43733
43724
43725
43734
43735
43726
43709
43692
43675
43676
43693
43710
43727
41177
41178
41179
43760
43759
43751
43743
43742
43750
43758
43767
43784
43768
43785
41183
43793
43803
43802
43811
43828
43829
43812
43813
43830
43831
43814
43804
41185
43795
43794
43786
43769
43770
43771
41181
43772
43773
43774
43775
43776
43787
43796
43805
43821
43838
43839
43822
43823
43806
41184
41182
43788
43797
41186
43807
43825
41187
43808
43799
43798
43789
43790
43791
43800
43809
43826
46275
46276
46277
46278
46279
46280
46281
46282
46283
46284
46285
46286
46287
46288
43922
41191
43929
43945
43944
43961
43960
41193
43976
43991
41197
44000
44018
44017
44034
44035
44052
44053
44036
44020
44019
44001
44002
43992
41195
41194
43977
43962
43946
43947
43963
43978
43993
44003
46289
46290
46291
46292
44063
44062
44061
44060
41199
44077
44078
44079
44080
46293
46294
44097
44114
46295
46296
44131
44141
46297
46298
44151
44161
46299
38623
38613
38614
38624
38625
35785
38635
38645
38656
38657
38646
38647
38648
38636
38637
38626
35784
38616
38615
35783
38600
35781
38591
38583
38575
38567
38559
38560
38550
38549
38533
38534
38551
38561
38569
38568
38576
38577
38585
38584
38592
35782
38593
38601
38602
38603
38604
38605
38606
38607
38608
38594
38586
38578
38570
38562
38552
35776
38542
38541
38540
38539
38538
38537
38536
38535
38527
38526
38525
38511
38503
38502
38510
38509
38508
35775
38532
38548
38558
38566
38574
38582
38590
38599
38598
38589
35526
38581
35525
38573
35524
38565
35523
38557
35522
38547
35521
38531
35520
38524
35519
38507
38501
35518
38495
35517
38479
38461
38445
38446
38436
38435
38426
35516
38417
35515
38408
35514
38399
35513
38390
35512
38381
35511
38372
35510
38363
35509
38354
35508
38345
35507
38329
35506
38319
35505
38309
35504
38299
35503
38289
35502
38277
35501
38266
35500
38250
38251
38252
38267
38278
38290
38291
38279
38280
38281
38292
38293
38294
38282
38257
38241
38240
38256
38271
38270
38269
38268
38253
38238
38254
38255
38239
38227
38214
35758
38198
38199
38200
38244
38243
38242
38258
38259
38260
38261
38245
38246
38229
38228
38215
35760
38201
38202
38187
38186
38174
38173
38172
38171
38159
38158
38157
38146
38147
38148
38132
38131
38115
38114
38130
38129
38128
38144
38145
35754
38156
38167
35756
38182
35757
38194
38195
38196
38184
38183
38168
38169
38170
38185
38197
38213
38226
38225
38212
38211
35759
38210
35761
38223
38224
38237
38236
38235
38234
38222
38209
38193
38181
38166
38155
38143
38127
38112
38113
38102
38101
35499
38090
35498
38091
38075
38057
38041
38058
38059
38077
38076
38092
38103
38104
38116
38117
38133
38134
35753
38135
38118
38119
38120
38136
38137
38121
38122
38123
35752
38138
38150
38149
38160
35755
38175
38161
38151
38152
38163
38162
38177
38176
38188
38189
38205
38219
38220
38221
40736
38233
35762
40737
40738
38288
35765
35766
35767
35768
38328
38318
38308
38298
38286
38287
38276
38265
35763
38249
38232
38231
38218
38217
38204
38203
38216
38230
38247
38248
38264
38275
38285
38297
38296
38284
38274
38263
38262
38273
38272
35764
38283
38295
38305
38315
38325
38326
38316
38306
38307
38317
38327
38341
38342
38343
38344
40739
40740
40741
40742
40743
40744
40745
40746
40747
40748
38444
38443
38434
38425
38416
38407
38398
38389
38380
38371
38362
38353
38352
38361
38360
38369
38370
38379
38378
38387
38396
38388
38397
38406
38405
38414
38415
38424
38433
38440
35771
38431
38432
38423
38422
38413
38404
38395
38386
38377
38368
38359
38350
38351
38340
38339
38338
38337
38336
38335
38334
35769
38324
38323
38322
38321
38311
38312
38313
38314
38304
38303
38302
38301
38300
38310
38320
38330
38331
38348
38332
38333
38349
38358
38357
38356
38347
38346
38355
38364
38365
38366
38367
38376
38385
38384
38375
38374
38373
38382
38391
38400
38409
38410
38411
38402
38401
38392
38383
38393
38394
38403
38412
38421
38430
38439
38450
38451
38452
38468
38469
38453
38454
38470
38471
38455
38456
38472
38457
38473
38474
38475
38458
35772
38441
38442
35773
38459
38460
38478
40749
40750
40751
40752
40753
38530
38546
38545
38529
38523
38522
38505
38506
38500
38494
38477
38476
35774
38493
38499
38492
38491
38490
38489
38488
38487
38486
38485
38467
38466
38484
38483
38465
38464
38448
38449
38438
38437
35770
38428
38429
38420
38419
38418
38427
38447
38463
38462
38480
38481
38482
38496
38497
38498
38504
38512
38513
38514
38515
38516
38517
38518
38519
38520
38521
38528
38544
38543
38553
38554
38555
38556
40754
38564
38563
35777
35778
38579
38571
38572
38580
38588
38597
38587
35779
35780
38595
38596
38611
38612
38622
40755
40756
38632
38631
38621
38620
38610
38609
38619
38618
38628
38617
38627
38639
38638
38649
38660
38661
38677
38662
38650
38651
38640
38629
38630
35786
38641
38652
38653
38642
40757
40758
38664
38663
38679
38678
38689
38688
38705
38716
38706
38707
35789
38717
38708
38690
38680
38681
40759
38691
38709
38718
38733
38732
38742
38743
40760
40761
38753
38752
38762
38761
38751
38750
38760
38759
38749
38739
38740
38741
38731
38730
35790
38715
38714
38704
38687
38676
38675
38674
38673
38672
38671
38670
35787
38659
38658
38669
38686
38696
38695
38685
38668
38667
38684
38666
38655
38644
38634
38633
35527
38643
35528
38654
35529
38665
35530
38682
38683
38693
38692
38710
38719
35531
38734
38720
38721
38711
35788
38694
38712
38722
38723
38713
38697
38698
38699
38700
38701
38702
38703
38729
38728
38727
38726
38725
38724
38738
38737
38747
38757
38748
38758
35791
38768
38777
38786
38776
38775
35792
38766
38767
38756
38746
38736
38735
38745
38755
38765
35532
38744
35533
38754
38764
38774
38782
38783
38800
38799
38816
38833
38850
38867
38868
38851
38834
38817
38818
38801
38784
38785
38802
38819
38836
38835
38852
38853
38854
38871
38870
38869
38885
38884
35534
38895
35535
38907
38908
38920
35804
38936
38937
38938
38923
38911
38910
38922
38921
38909
38897
38896
38886
38887
38898
38899
38900
38912
38924
38939
38957
38972
38989
39002
39012
39024
39025
39026
39038
39047
39056
39064
39073
39082
39090
39098
39113
39112
39111
39097
39089
39081
39072
39063
39055
39046
39037
39023
39022
39011
39001
38988
39000
39010
39009
35812
39020
39035
35813
39021
39036
39045
39054
39062
39071
39080
39088
39096
39107
39108
39124
39139
39125
39109
39110
39126
39127
39128
39129
39140
39153
39154
39165
39174
39184
35823
35824
39220
39205
39194
39195
35822
39185
39196
39207
39206
39221
39233
39232
39243
39231
39230
39242
39254
39255
39271
35828
39270
39281
39280
39291
39292
39301
39300
39316
39317
39318
39319
35832
39335
39336
39346
39358
39359
39347
39337
39321
39320
39302
35831
39293
39294
39303
39304
39295
39285
39284
39283
35829
39282
39272
39256
39244
39245
35826
39257
35827
39273
39274
40783
39258
39247
40782
40781
39235
39246
39234
39222
39223
39208
39197
40780
39186
40779
39176
39175
39166
35820
39158
40778
39135
39142
39157
39156
39155
39141
39132
39133
39134
39117
35817
35818
39101
35816
39093
40777
39085
35815
39076
39077
40776
40775
39068
39060
40774
40773
39051
39050
39041
39040
39049
39058
39059
39067
39066
39075
39084
39092
39100
39099
39116
39131
39130
39114
39115
39091
39083
39074
39065
39057
39048
39039
39030
39029
39028
39027
39013
39003
38990
35809
38976
38963
38962
38961
38975
35808
38974
38973
35807
38958
38940
38941
38959
38960
38942
35803
38925
38926
38943
38944
38945
38927
38928
38913
38901
35802
38889
35801
38878
38879
38880
38863
38862
38845
38844
38861
38860
38877
38876
38875
38874
38873
38888
35800
38872
38856
38855
38838
38839
38822
38821
38837
38820
38803
38804
38787
38788
38805
38806
38823
38807
38789
38790
38791
38809
38808
38825
38824
38841
38840
38857
38858
38859
38842
38843
38826
38827
38828
38829
38846
38847
38830
38813
38795
35794
38778
38812
38811
38810
38792
38793
38794
35793
38769
38770
38779
38771
38772
38763
40762
40763
38773
38781
38780
38797
38796
38814
38831
38848
38866
35798
38849
35797
38832
35796
38815
35795
38798
40764
40765
40766
40767
40768
40769
35799
38883
38894
38893
38905
38906
40770
38918
38934
38951
38967
35806
38950
38933
38932
38931
38948
38949
38966
38965
38964
35805
38947
38930
38915
38916
38917
38904
38903
38891
38892
38882
38865
38864
38881
38890
38902
38914
38929
38946
38978
38977
38991
38992
35810
39004
39014
39031
39032
39016
39015
39005
38994
38993
38979
38980
38981
38982
38996
38995
39006
39007
40771
39017
39033
39042
40772
30420
33696
30421
33706
30422
33716
30423
33726
33717
33727
33736
30673
30424
33745
30425
33755
30426
33771
30427
33780
33789
33790
33807
30676
33825
33843
33859
33858
33857
33874
30429
33883
33892
30430
33909
30431
33917
33918
33925
33942
33949
30432
33926
33919
33911
33910
33893
33894
33895
33896
33897
33886
33878
33863
33864
33865
33866
33867
33849
33833
33850
33868
33869
33879
33870
33871
33853
33837
33836
33852
33851
33835
33834
33817
33816
33815
33832
33848
33847
33846
33830
33831
33796
33795
33783
33774
33749
33739
33730
33720
33710
33700
33690
33681
33671
33661
33636
33627
33613
33614
33596
33595
33594
33577
33561
33562
33578
33579
33563
33564
33547
33530
33513
33496
33497
33498
33481
33480
33479
33466
33450
33451
33441
33452
33453
33454
33455
33429
33430
33431
33432
33442
33458
33457
33456
33482
33483
33500
33501
33518
33517
33499
33516
33515
33514
33531
33532
33533
33550
33549
33548
33565
33580
33597
33615
33616
33617
33618
33600
33599
33598
33581
33582
33566
33567
33583
33584
33568
33551
33534
33535
33552
33536
33537
33520
33519
33502
33503
33486
33485
33484
33467
33459
33460
33468
33469
33470
30661
33487
30662
33504
30663
33521
30664
33538
30665
33555
30666
33572
35326
35325
35324
35323
35322
35321
35320
35319
33461
30660
33444
35318
33436
33420
35317
35316
33376
30656
33393
33411
33410
33435
33443
33433
33434
33419
33409
33392
33374
33373
33372
33371
33389
33390
33391
33408
33407
33418
33406
33405
33404
33403
33428
33427
33426
33401
33402
33386
33385
33384
33383
33400
30657
33417
33425
30658
33416
33398
33399
33382
33364
33365
33366
33367
33368
33369
33387
33388
33370
33342
33341
33340
33324
33325
33326
33327
33343
33355
33356
33375
33357
33358
35315
33348
33347
33346
33345
33344
33328
33329
33330
33313
33314
33331
33332
33315
33303
35314
33294
33286
33278
33272
35313
33266
35312
35311
33260
33259
33265
33271
30647
33277
33285
33284
33283
30649
30651
33291
33292
33293
33302
33301
33312
33300
33311
33310
30653
33299
33290
33282
33276
33270
33264
33258
33252
33243
33227
33212
33204
33196
33188
33180
33172
33161
33145
33144
33160
33159
33158
33143
33125
33124
33142
33141
33140
33156
33157
33171
33179
33187
33195
33155
33154
33152
33169
33177
33185
33193
33201
33202
33218
33234
33233
33250
33256
33262
33268
33274
33280
33257
33263
33269
33275
33281
33289
33298
30652
33309
33323
33339
33338
33322
33321
33337
33354
33353
33336
30654
33320
33308
33307
33319
33318
33237
33236
33235
33219
33220
33221
33222
33238
33251
33239
33240
33241
33242
33226
33225
33224
33223
33211
33203
30643
33194
33186
33178
33170
33153
33137
33136
33118
33097
33087
33077
33067
33057
33047
33037
33027
33017
33007
32997
32987
32977
32960
32950
32951
30639
32961
32978
32988
32998
33008
33018
33028
33038
33048
33058
33068
33078
33088
33098
33108
33119
33120
33138
33139
33121
33122
33123
33109
33099
33089
33079
33069
33059
33049
33039
33029
33019
33009
32999
32989
32979
32964
32965
32966
32967
32968
32980
32990
33000
33010
33020
33030
33040
33050
33060
33070
33080
33090
33100
33110
33126
33127
33101
33091
33081
33082
33083
33073
33072
33071
33062
33061
33051
33041
33031
33021
33011
33001
32991
32981
32982
32992
32993
32983
32974
32975
32984
32994
32985
35292
35293
32995
35294
33005
33004
33003
33002
33012
33013
33014
33015
35295
35296
33025
33024
33023
33022
33032
33042
33052
33053
33054
33044
33043
33033
33034
33035
35297
35298
33045
33055
35299
35300
33065
33075
35301
35302
33085
33064
33063
33074
33084
33094
33095
35303
35304
33105
33104
33103
33093
33092
33102
33113
33112
33111
33129
33128
33146
33162
33163
33164
33173
33181
33189
33197
33205
33213
33229
33228
33244
33245
33246
30645
33230
30646
33247
33253
33254
35310
35309
33248
33231
33215
33214
30644
33206
33207
33208
35308
33199
33198
30642
33182
33190
33191
35307
35306
33183
33175
33174
30641
33165
33166
33167
33149
33148
33147
30640
33130
33131
33132
33114
33115
33133
35305
27943
27958
27976
27977
27995
28004
27994
28003
28014
25536
28025
28015
28016
28005
27996
28006
28017
28018
28007
27998
27997
27979
27978
27961
27960
27959
27944
27928
27927
27920
25535
27911
27912
27913
27921
27929
25724
27930
27931
25725
27922
27914
25721
27905
27896
27895
27887
27878
27888
27879
27870
27861
27852
27851
27835
27834
27817
27818
27819
27836
27837
27838
27820
27821
27805
27804
27803
27802
27801
27790
25714
27779
27762
27761
27778
27777
27788
27789
27800
27799
27816
27833
27849
25718
27850
27859
25719
27860
27869
27868
27877
27886
25720
27894
27904
27903
27902
25534
27885
25533
27876
25532
27867
25531
27858
27832
27815
27798
27787
27776
25530
27759
25529
27742
27725
27726
27743
27760
25713
27744
27745
27728
27727
25710
27716
27708
25528
27699
25527
27691
25526
27730
27731
27748
27749
27732
27733
27750
27766
27765
27764
27763
27747
27746
27729
27717
27709
27700
27692
27685
27678
27671
27664
27657
27650
27643
27634
27618
27617
27616
27599
27581
27582
27600
27619
27601
27583
27573
27566
27554
27555
27556
27557
27558
27567
27574
27589
27590
27608
27609
27591
27592
27576
27575
27568
27559
25705
27545
27537
27538
27546
27547
27539
27532
27531
27524
27530
27523
27516
27517
27509
27508
27507
27506
27491
27492
27493
27510
27518
27525
27526
27527
27519
27520
27512
27513
27495
27511
27494
27485
27470
27471
27486
27487
27488
27496
30139
30140
30141
30142
30143
27542
25704
27564
30144
27571
30145
27578
27596
27614
27632
27613
27595
27563
27562
27541
25703
27534
27533
27540
27548
27561
27560
27569
27570
27577
27593
27594
27612
27611
27610
27629
27628
27627
27626
27607
27588
27606
27605
27587
27586
27604
27603
27585
27584
27602
27620
27621
27622
27623
27624
27625
25706
27635
27644
27651
27658
27659
27666
27673
27674
27680
27665
27672
27679
27686
27693
27701
27710
27718
27734
27751
27767
27768
27780
27791
27769
27770
27754
27753
27752
27735
27736
27737
27719
27711
27702
27694
27687
27688
27681
27682
27675
27668
27667
27660
27661
27654
27653
27652
27645
27636
27637
27646
27647
27638
27639
27630
27631
27640
27641
27648
30146
30147
27655
27662
30148
30149
27669
27676
30150
30151
27683
27690
25707
25708
27697
27706
27705
27713
27704
27696
27689
27695
27703
25709
27712
27721
27720
27738
27755
27771
27781
27792
27782
27783
27772
27756
27739
27740
27722
27714
27707
27698
30152
27715
30153
30154
30155
27758
25712
27741
25711
27724
27723
27757
27775
27786
30156
30157
27797
27814
30158
30159
30160
27848
25717
27831
27830
27829
27828
25716
27811
25715
27812
27813
27796
27785
27774
27773
27784
27795
27794
27793
27810
27809
27808
27825
27824
27807
27806
27823
27822
27839
27840
27841
27826
27827
27845
27846
27847
27856
27855
27864
27865
27874
27873
27881
27872
27863
27854
27844
27843
27842
27853
27862
27871
27880
27889
27897
27906
27915
27923
27937
27936
27949
27950
27951
27938
27939
27924
27916
27907
27898
27890
27891
27882
27883
27892
27900
27899
27908
27917
27925
27909
25722
27918
27919
27926
25723
30168
30167
27910
27901
30166
30165
27893
27884
30164
30163
27875
27866
30162
27857
30161
23045
23029
23046
23030
23018
23002
23017
23001
22989
22990
22977
20624
22978
22962
22961
22948
22949
22950
22937
22936
22925
22909
22926
22910
22894
20623
22893
22881
20622
22882
22866
22865
22854
22843
22832
22816
22799
22800
22801
22818
22817
22833
22844
22855
22856
22845
22834
22835
22836
22819
20837
22803
22802
22791
22792
22804
20838
22805
22806
22807
22822
22821
22820
20839
22837
20840
22848
22859
20841
22870
22869
22885
20843
22886
22871
22872
22873
22874
22875
22887
22888
22889
22905
22890
22878
22861
22877
22876
20842
22860
22849
22838
22825
22824
22823
22808
22809
22810
22811
22826
22827
22812
22828
22840
22839
22850
22851
22862
22863
22864
25258
25259
22880
22879
22891
25260
22892
22908
22907
22906
22922
22923
22924
22935
22947
22960
22976
22975
22974
22986
22987
22988
25261
25262
23000
22999
23016
23015
20858
23028
23044
23043
23058
23059
23070
25263
25264
23081
23092
25265
25266
23103
23114
25267
25268
23124
23123
23113
23102
23091
23090
23101
23112
23122
23133
23134
23135
25269
23145
23155
25270
25271
23165
23176
20867
23175
23190
23189
23174
23162
23163
23164
23154
23144
23143
23153
23152
23161
23151
23150
23140
20865
23129
23118
23108
23097
23086
23075
23064
23076
23087
23098
23109
23099
23110
23120
23119
23130
23131
23141
23142
23132
23121
23111
23100
23089
23088
23077
23078
23079
23080
23069
23068
23057
23042
23041
23025
23011
23010
22994
22995
22996
23012
23013
23026
23027
23014
22998
22997
22985
22984
22983
22971
22972
22956
22973
22957
22958
22959
22946
22934
22933
22932
22945
22944
22943
22955
20851
20849
22931
20847
22919
22920
22921
22904
22903
22902
22918
22917
22901
22900
22916
22915
22899
22898
22914
22930
22942
20850
22982
22970
22969
22968
22967
22966
22965
22981
22993
23005
23006
23007
23008
23009
23023
23024
23039
23040
23055
23056
23067
23066
23065
23054
23053
23052
23038
23037
23036
23051
23050
23035
23034
23049
20861
23033
23022
23021
23032
23031
23020
23004
20856
22992
22980
22964
22952
22953
20853
22954
22940
22941
22929
20846
22913
20845
22897
22896
22884
22868
22858
22847
22846
22857
22867
22883
22895
20844
22911
22912
22928
22939
20848
22927
22938
22951
20852
22963
22979
20854
22991
20855
23003
20857
23019
20859
20860
23047
23048
23063
23074
23085
23084
23073
23062
20863
23094
23083
23061
20862
23060
23072
23071
20625
23082
20626
23093
20627
23104
23105
20864
23115
23126
20628
23125
20629
23136
20630
23146
20631
23156
23166
23167
23157
23147
23137
23138
23127
23116
23106
23095
23096
23107
23117
23128
23139
23149
23159
23171
23170
23158
23148
23169
23168
23178
23177
23193
23194
23212
20632
23211
20633
23220
20634
23229
20635
23238
23239
23230
23221
20869
23249
20872
23267
23259
20871
23250
23241
23232
23240
23231
23222
23223
23214
23213
23197
23196
23195
23179
23180
23181
23198
23199
20868
23182
23200
23201
23202
23184
23183
20866
23160
23172
23173
23188
23187
23186
23185
23203
23204
23215
23205
23206
23207
23208
23209
23191
23192
23210
23219
25272
25273
23228
23237
25274
25275
23246
23255
23263
25276
18415
15669
18426
18441
15670
18458
15671
18466
15672
18474
15673
18482
15674
18490
15675
18500
15676
18509
15677
18518
15678
18527
18536
15679
18537
18538
18547
18557
15898
18548
18539
18530
18521
18512
18503
18493
18485
18477
18469
18461
18445
18446
18429
15895
18419
18418
18400
18417
18428
18444
18468
18476
18484
18492
18502
18511
18520
18529
18528
18519
18510
18501
18491
18483
18475
18467
18459
18460
18443
18442
18427
18416
18399
15668
18398
18382
18383
18384
18385
15892
18401
18386
18369
18352
18351
18368
18367
18366
18365
18348
18331
18313
18295
18296
18314
18332
18349
18350
18333
18315
18316
18298
18299
18317
18334
18335
18336
18318
18300
18301
18319
18337
18353
18370
15891
18371
18354
18355
18338
18320
18303
18302
18284
18269
18268
18267
18283
18282
15887
18266
18265
18281
18297
18280
18279
18262
18263
18264
18253
18252
18251
15667
18240
15666
18229
15665
18230
18231
18241
18242
18243
18254
18255
18244
18233
18232
18221
18222
18212
18201
18190
18189
18200
18211
18210
18220
18219
15885
18209
18208
15664
18197
15663
18186
18170
15662
18187
18198
18199
18188
18172
18171
18161
15882
18160
18150
15661
18149
18138
15660
18127
15659
18116
15658
18100
18101
18117
18118
18119
18130
18131
18142
18153
18141
18140
18129
18128
18139
18151
18152
18162
18163
18173
15883
15884
18174
18175
18176
18177
18178
18179
18191
18202
18192
18180
18181
18193
18194
18205
18216
18226
18237
18236
18225
18215
18204
18203
18214
18213
18223
18224
18235
18234
18245
18246
18247
18248
18259
18276
18277
18260
18249
18250
18261
15886
18278
20377
20376
20375
18239
20374
20373
18228
18238
18227
18217
18218
20372
20371
18207
18206
18195
18184
18185
18196
20370
20369
18169
18159
20368
20367
18148
18137
20366
20365
18126
18115
18114
18125
18136
18147
18158
18168
18183
18182
18167
18157
18156
18166
18165
18164
18154
18155
18144
18143
18132
18121
18109
18093
18092
18108
18107
18091
18090
15880
18077
18076
15878
18075
15879
18088
18089
15881
18105
18106
18120
18104
18103
18102
18086
18085
18084
18071
18072
18058
15657
18057
18043
15656
18028
18029
18044
18045
18059
18073
18087
18074
18060
18046
18031
18032
18033
18034
18049
18048
18047
18061
18062
18063
15875
15873
18004
17988
17987
17986
18002
18003
18019
18018
18017
18016
18030
18015
18014
18013
17999
17984
17998
15655
17983
17969
17955
17942
17941
17925
17926
17927
17943
17957
17956
17970
17971
17985
18000
18001
15871
15869
17972
17973
17974
17960
17959
17958
15867
15865
17944
17945
17946
17930
17929
17928
15864
17912
17913
17914
17898
15863
17882
15862
17867
17849
17850
17833
17832
17831
17830
17829
17816
17803
17790
17789
17788
17801
17802
17815
17814
17826
17827
17828
17847
17846
17864
17863
17845
17844
17862
17878
17893
17894
17879
17880
17881
17865
17848
17866
17897
17896
17895
17911
17910
15654
17909
25257
25256
22831
22842
22853
22852
22841
22830
22829
22814
22813
22795
22794
22780
22779
22778
22763
22764
22746
22747
22765
22766
22781
22782
22783
22796
22784
22785
22797
22798
20836
22815
25255
25254
22786
22771
22753
22735
25253
22752
22770
22769
22768
22750
22751
22733
22734
22724
22725
25252
25251
25250
25249
22674
22662
22652
22651
22641
22642
25248
25247
22631
22630
22629
22628
22639
22640
20829
20831
22661
22673
22691
22708
22707
22723
22722
22706
22689
22690
22672
22671
22660
22650
22649
22638
22627
22626
22637
22648
22658
22659
22670
22669
22687
22688
22705
20832
22721
22731
22732
22749
22767
22748
22720
22704
22703
22686
22685
22684
22683
22682
22681
22698
22715
20833
22716
22717
22699
22700
22701
22702
22719
22718
22745
22762
22744
22743
22761
20835
22777
22793
20834
22760
22742
22741
22759
22758
22776
22775
22790
22789
22774
22788
22787
20621
22772
22773
22755
22756
22757
22739
22740
22730
22729
22712
22695
22696
22713
22714
22697
22680
22679
22678
22666
22667
22668
22657
20828
20827
22588
22589
22590
22591
22592
22575
22574
22573
22557
22558
22559
22560
22576
22593
22594
22595
22596
22607
22606
22605
22615
22616
22617
22618
22608
22597
22580
22579
22563
22564
22565
22549
22534
22533
22548
22547
22562
22578
22577
22561
22546
22545
22544
22543
22542
22541
22556
22572
22571
20823
22554
22553
20821
22538
22537
22526
22514
22497
22498
22515
22527
22528
20819
22539
22555
22540
20820
22530
22529
22518
20817
22501
22502
22503
22504
22505
22506
22507
22491
22492
22508
22520
22519
22531
22532
22521
22509
22493
22481
22471
22470
22480
20815
22469
22457
22456
22440
22441
22442
22458
22459
22443
22444
22426
22409
22408
22425
22424
22423
22422
22439
22455
22454
22438
22421
22420
22437
22453
22452
22468
20813
22451
20812
22434
22417
22406
22407
22418
22435
22436
22419
22391
22392
22393
22394
22395
22396
22397
22398
22381
22380
22368
22357
22358
22369
22370
22359
22346
22345
22333
22334
22335
22347
22360
22371
22383
22382
22399
22400
22401
22402
22413
25242
25243
22447
22446
22429
22412
22411
22410
22427
22428
22445
22460
22461
22472
22482
20816
22483
22473
22462
22463
20814
22484
22495
22512
25244
22524
22511
22494
22510
22522
22523
20818
22535
22550
22566
22582
22581
22598
22609
22619
22620
25246
25245
22610
22599
17654
15651
17640
17623
15650
17610
15649
17597
15648
17581
17568
15647
17555
15646
17538
17539
17540
17541
17542
17529
17530
17513
15841
17496
17480
15840
17495
17512
17528
17527
17526
17525
17509
17510
17511
17494
15839
17478
17465
17479
17466
17453
17452
17451
17464
17477
17493
17476
17463
15645
17450
15644
17437
15643
17438
17439
17440
17427
17415
17402
17389
17401
17400
17414
17426
17425
15837
17413
17412
15642
17399
15641
17386
15640
17387
17388
17373
17372
17371
15639
17370
17359
17360
17361
17350
17338
17337
17336
17349
15835
17348
17347
15638
17335
17318
17305
15637
17292
15636
17279
17266
17280
17267
17254
17253
17240
17226
15635
17210
15634
17196
17179
15633
17180
17197
17198
17199
17181
17166
17165
17151
17137
17122
15632
17123
17124
17109
17108
17107
17091
15631
17092
17093
17075
15818
17060
17061
17046
17047
17062
17076
17077
17063
17048
17034
17033
17032
17031
17045
17074
15630
17059
17044
17030
17019
17007
15629
17008
17009
17020
15812
17021
17010
16998
16999
17011
17022
17035
17049
17064
17078
17079
15819
17096
17080
17065
17050
15813
15815
17036
17023
17012
17000
16988
16972
16959
16973
16974
16975
16976
16989
17001
17013
17014
17015
17016
17027
17026
17039
17040
17055
17054
17053
17038
17025
17024
15814
17037
17052
17051
17083
17084
17068
15816
17069
17070
17071
17087
17086
17085
17101
17100
17099
17114
15821
17098
17082
17067
17066
17081
17097
15820
17129
17143
17157
17171
17187
17188
17203
17186
17156
17170
17185
17202
17216
15829
17217
17218
17232
17233
17234
17235
17236
17249
17248
17247
17246
17259
17272
17285
17298
17311
17312
17299
17286
17273
17260
17261
17274
17287
17300
17313
17314
17301
17288
17275
17262
17263
17264
17251
17250
17237
17238
17224
17223
17222
17221
17220
17219
17204
17205
17206
17207
17192
17175
17176
17162
17163
17149
17135
17148
17134
17133
17147
17161
17160
17146
17145
17159
17173
17174
17191
17190
17189
17172
17158
17144
17130
17115
17116
17131
17132
17117
17102
17103
17118
17119
17104
17088
17089
17072
17056
17041
17028
17017
17005
16993
16981
16980
16979
16991
16992
17004
17003
17002
16990
16978
16977
16960
16961
16962
16963
16964
16952
16951
16950
16949
16948
16947
16946
16945
16944
16943
15808
16931
16932
16920
16919
16903
16888
16887
16902
16918
16930
16942
16941
16929
16917
16916
15806
16928
15807
16940
15809
16956
16957
16958
16971
16987
16970
16969
16986
16997
16996
16984
16985
16968
16967
16995
15628
16983
15627
16966
16955
16939
16927
16915
15626
16899
16883
15625
16870
15624
16853
15623
16838
15622
16824
15621
16809
16810
16825
16826
16840
16839
16854
16841
16842
16843
16857
16856
16855
16872
16871
16884
16885
15803
16900
16901
16886
16873
16874
16875
16858
16861
16860
16859
15800
16844
16830
16815
16816
16817
16818
16787
16788
16789
15795
16760
16759
16758
16757
16756
15794
16773
16786
16802
16801
16785
16784
16772
16771
16770
16782
16783
16799
16800
16813
16814
16829
16828
16827
16812
16811
16798
16797
15620
16796
16780
16781
16769
16768
16751
15619
16738
16722
16723
16709
16708
16698
15618
16688
15617
16672
15616
16663
15615
16664
16665
16656
16648
16647
16655
15787
16646
15614
16637
15613
16628
15612
16612
15611
15785
16605
16613
16629
16638
16639
16630
15786
16614
16606
16592
16591
16590
16589
15784
16580
16581
16572
15781
16563
16554
16555
16564
16573
15783
16582
16574
16565
16556
16547
16539
16531
16523
16515
16508
16493
15778
16471
16472
16494
16495
16496
16475
16476
16497
16498
16499
16509
16500
16501
16510
16511
16518
16517
16516
16524
16525
16526
16534
16542
16541
16533
16532
16540
16548
16549
16550
16558
16557
16566
16567
16576
16577
16586
16603
16610
16609
16602
16585
16584
16575
16583
16601
16608
16607
16600
16599
16598
16597
16596
16595
16594
16593
16620
16619
16618
16617
16616
16615
16631
16640
16649
16657
16666
16675
15788
16674
16673
16689
16690
16700
16699
16710
16724
16725
16726
16742
16741
16740
16739
15793
16752
16753
16754
16755
16743
16727
16728
16729
15791
16730
16715
16714
16713
16702
16701
16712
16711
16691
16692
16676
16677
16678
16679
16680
16681
16682
16683
16693
15789
16718
16703
16704
16694
16684
16685
16670
16669
16668
16667
16658
16659
16651
16650
16641
16642
16632
16621
16622
16623
16624
16633
16634
16625
16626
16627
16636
20308
20309
16645
16644
16635
16643
16652
16660
16661
16653
16654
20310
20311
16662
20312
16671
16687
16686
16696
16695
16705
16719
16720
16706
16697
20313
20314
16707
16721
16737
16750
16767
16779
16795
20315
20316
16808
15798
15799
16837
20317
16852
16869
16882
16881
16880
16896
16912
16911
16910
16894
16895
16879
16878
16877
15801
16863
16864
16865
16866
16849
16867
16868
16851
16850
16836
16835
16834
16848
16847
16846
16832
16833
16820
15797
16821
16805
16806
16822
16823
16807
16794
15796
16778
16766
16749
16736
16735
16734
16733
16732
15790
16717
16716
16731
15792
16744
16745
16746
16763
16747
16748
16765
16764
16777
16776
16793
16804
16792
16775
16762
16761
16774
16791
16790
16803
16819
16831
16845
16862
16876
16891
16890
16889
15802
15804
16904
16905
16906
16907
16908
16892
16893
16909
16922
16921
16933
16934
16935
16923
16924
16936
16937
16925
15805
16913
16897
16898
16914
16926
20318
16938
16954
16953
15810
16965
15811
16982
20319
20320
16994
17006
20321
20322
17018
20323
17029
17043
17042
17057
15817
17058
17073
17090
17106
17105
17120
17121
17136
20324
20325
17150
17164
20326
20327
17178
17195
17194
17177
17193
15827
17208
17209
17225
17239
17252
20328
20329
17265
17278
20330
20331
17291
17290
17277
17276
17289
17302
17303
17304
20332
20333
17317
17316
17333
17332
17315
17331
17343
17344
17356
17355
17354
17342
17330
17329
17328
17327
17326
17325
17324
17310
17297
17284
15833
15832
17271
17258
15831
15830
17245
17231
17215
15828
17201
15826
17184
15825
15824
17169
17155
15823
15822
17141
17142
17128
17127
17113
17112
17111
17095
17094
17110
17125
17126
17140
17154
17139
17138
17152
17153
17167
17168
17182
17183
17200
17214
17230
17229
17213
17212
17211
17228
17227
17241
17255
17242
17243
17244
17257
17256
17268
17281
17282
17269
17270
17283
17296
17295
17294
17293
17306
17319
17320
17321
17307
17308
17309
17322
15834
17323
17339
17351
17362
17375
17374
15836
17390
17403
17416
17428
17441
17454
17467
17481
17482
17483
17484
17485
17468
17455
17442
17429
17417
17404
17391
17376
17377
17378
17379
17363
17352
17340
17341
17353
17364
17380
17393
17392
17405
17418
17430
17443
17444
17445
17458
17457
17456
17469
17486
17487
17502
17518
17532
17533
17534
17535
17521
17520
17519
17503
17504
17489
17488
17470
17471
17472
17490
17505
17506
17507
17523
17522
15844
17536
17537
17524
17508
17491
15838
17474
17473
17461
17492
20344
20343
17475
17462
20342
20341
17449
17448
17447
17460
17459
17446
17434
17435
17436
20340
20339
17424
17423
17422
17409
17396
17383
17382
17395
17408
17407
17420
17421
17433
17432
17431
17419
17406
17394
17381
17365
17366
17367
17368
17357
17345
17334
20334
17346
17358
20335
20336
17369
17385
17384
17397
17410
17411
20338
17398
20337
13235
13219
13202
13203
13220
13236
13248
13247
13258
13259
11732
13268
13269
13260
13249
13250
13261
13271
13270
13281
13280
13291
13290
13279
11517
13278
11518
13289
11519
13300
11520
13311
13301
13302
13313
13314
13315
13325
13324
13323
13312
11733
13322
13333
11521
13332
13343
11522
13359
13344
13360
13369
13370
13371
13387
13386
13385
13403
13404
13421
13431
13441
13452
11741
13442
11742
13453
13470
13471
13454
13472
13482
13483
13500
11744
13484
13485
13486
13487
13488
13489
13490
13491
13473
13462
13461
13460
13459
13458
13457
13456
13455
13445
13435
13434
13444
13443
13433
13423
13432
11739
13422
11737
13405
13406
13407
13424
13425
13408
13390
13389
13388
13372
13373
13363
13346
13362
13361
13345
13334
13335
13336
13347
13348
13337
13326
13316
13305
13294
13304
13303
13292
13293
13282
13283
13272
13262
11730
13251
11728
13239
11727
13224
13223
13222
13238
13237
13221
13204
13205
13206
13195
13194
13193
11723
13192
13175
13176
13159
13158
13141
13124
11516
13114
11515
13104
11514
13094
11513
13077
13068
13051
13052
13053
11717
13069
13078
13079
13080
13097
13098
13081
13071
13070
13055
13056
13057
13058
13059
13060
13061
13062
13045
13035
13024
13023
13022
13021
13020
13019
13018
13034
13044
13033
13043
13054
13042
11716
13032
13041
13031
11512
13014
11511
13004
11510
12988
12972
12955
12956
12973
12974
12957
12945
12935
12946
12947
12936
12924
12923
12911
12910
12922
12934
12933
12944
12943
11509
12932
11508
12920
11507
12908
11506
12897
12898
12909
12921
12899
12900
12901
12883
11706
12882
12881
12880
11505
12865
12854
12855
12856
11704
12866
12867
12857
11705
12858
12859
12868
12869
12870
12871
12888
12887
12886
11707
12885
12884
12912
12913
12925
12937
12948
12959
12975
11711
12958
12991
12990
12989
13006
13005
11715
13015
13016
13017
13008
13007
12992
12993
12994
12976
12960
12961
12962
12926
12938
12949
12965
12964
12963
12979
12978
12977
12995
12996
12997
12998
12980
12981
12999
13009
13000
13010
13026
13025
13036
13046
13063
13073
13072
13087
13086
13085
13084
13083
13082
13108
13107
13117
13118
13127
11719
13126
13116
13106
13096
13095
13105
13115
13125
13142
13143
13144
13161
13160
13177
13178
13179
13162
13145
13146
13128
13129
13147
13148
13130
13131
13132
13133
13152
13134
13119
13120
13110
13109
13099
13100
13088
13089
13090
13101
13111
13121
13137
13155
13156
13138
13122
13112
13102
13091
13075
13074
13065
13064
13047
13037
13027
13028
13011
13012
13002
11713
12985
11714
13001
11712
12984
12983
12982
12966
12950
12939
12927
12915
12914
12902
12890
12889
12872
12873
11703
12847
12848
12849
12860
12861
12876
12877
12862
12863
12852
12835
12834
12851
12850
12833
12832
12815
12816
12817
12818
12805
11697
12789
12774
11696
12757
12756
12740
12726
15325
12741
12758
12775
15326
15327
12790
11698
12819
12836
12853
12864
12879
12878
12895
12894
12893
12892
12875
12874
12891
11708
12903
12916
12928
12940
12951
12967
12968
12969
12953
12952
12941
12929
12917
12904
12905
11709
12918
12906
12896
12907
12919
12930
12942
11710
12931
15328
15329
12954
12971
12970
12986
12987
13003
13013
13030
13029
13039
13038
13048
13066
11718
13049
13040
15330
15331
13050
13067
13076
13092
13093
15332
13103
13113
15333
15334
13123
13140
13139
13157
11720
15335
15336
15337
15338
15339
15340
11726
13218
11724
13201
13191
11722
13174
11721
13173
13190
13200
13199
13189
13188
13171
13172
13154
13136
13135
13153
13170
13169
13186
13197
13185
13184
13167
13168
13151
13150
13149
13166
13165
13183
13182
13181
13164
13163
13180
13196
13207
13208
13209
13210
13225
13226
13227
13228
13211
13229
13212
13213
13214
13198
13187
13215
13231
13230
13240
11729
13252
13241
13242
13243
13232
11725
13216
13217
13234
13233
13244
13255
11731
13265
13254
13253
13264
13263
13273
13274
13275
13286
13285
13284
13295
13306
13317
13327
13318
13328
13329
13319
13308
13307
13296
13297
13298
13287
13277
13276
13266
13256
13245
13246
13257
13267
15341
15342
13288
13299
15343
15344
13310
13309
13320
13321
15345
15346
13331
13330
13341
13357
13367
13383
11736
11735
13382
13366
13356
11734
13340
13339
13338
13355
13365
13381
13380
13379
13354
13353
13352
13351
13350
13349
13364
13374
13375
13376
13377
13378
13394
13393
13392
13391
13409
13410
13411
13412
13413
13395
13396
13397
13415
13414
13426
13436
13446
13447
13463
13474
13475
13493
13494
13476
13477
13504
13503
13492
13502
13501
13510
13511
13512
13513
13521
13520
13528
13529
13537
13554
13553
11748
13569
13570
13571
13588
11749
13589
15360
13572
15359
15358
11747
13555
13538
15357
15356
13530
13522
15355
15354
13514
13505
15353
15352
11743
13495
13478
15351
13467
13466
13465
13464
13448
13449
13450
13451
15350
13440
13430
13429
13439
13438
13428
13437
11740
11738
13416
13398
13399
13417
13427
13418
13400
13401
13419
13420
13402
13384
13368
15349
15348
13358
13342
15347
9187
7731
9168
7730
9158
7729
9148
7728
9132
9149
9150
9151
9134
9126
9133
9125
7971
9118
9117
7727
9101
9102
9094
9093
9076
7726
9059
9060
7966
9077
9061
9052
7965
9044
7964
9036
7963
9029
7961
9022
9006
8997
7959
8990
7957
8983
8974
8966
8967
8975
7956
8984
8976
8968
8960
7955
8945
8946
8947
8948
8991
8998
9008
9007
9053
9045
9037
9030
9023
9009
9010
9011
9012
9013
9014
9015
9016
8999
9000
9017
9024
9031
9032
9039
9038
9046
9047
9048
9058
11215
11216
9092
9100
9116
11217
11218
9124
9131
9145
9144
9156
9155
9165
9166
9177
9167
9157
9146
9147
11219
11220
11221
11222
11223
11224
9186
9196
9213
9212
9195
9185
9176
9175
9184
9183
9174
9164
9154
9143
9130
9129
9128
9142
9141
9140
9139
9138
9137
9136
9153
9163
9173
9182
9192
9181
9180
9191
9201
9200
9190
9199
9216
9217
9218
9229
9228
9227
9243
9253
9254
9244
9245
9246
9256
9255
9272
7977
9271
9280
9281
9282
9292
9291
9290
9289
9305
7980
9321
7982
9337
7984
9347
7985
9358
9359
9360
9349
9348
9338
9339
9323
9322
9306
9307
9308
7981
9324
9340
9350
9361
7986
9372
9373
9374
9375
9376
9377
9378
9362
9351
9363
9379
9380
9364
9353
9352
9342
9343
9354
9355
9366
9365
9381
9382
9383
9367
11230
11229
9356
9345
9344
7983
9333
9332
9331
9341
9330
9314
9315
9299
9284
9283
9298
9297
9313
9329
9328
9327
9311
9312
9296
9295
9294
9310
9326
9325
9309
7979
9293
7978
9273
9257
9258
9259
9260
9261
9262
9263
9247
9237
9238
9221
9220
9236
9235
9234
9233
9232
7975
9231
9230
9219
9202
9203
9204
9205
9206
9207
9208
9209
9193
9194
9210
9211
9222
9239
9249
9248
9265
9264
9274
9275
9276
9266
9267
7976
9250
9240
7974
9223
9224
11225
11226
9241
9251
9269
9268
9277
9278
11227
11228
9287
9286
9302
9301
9285
9300
9316
9317
9318
9334
9335
9319
9303
6135
4693
6118
6101
4692
6083
6065
6066
6084
4922
6102
6120
6119
6136
6141
6146
6147
6142
6137
6121
6122
6123
6105
6088
6087
6104
6103
6086
6085
6067
6060
4920
6053
6037
6036
6059
6052
4691
6035
6029
4690
4918
6024
6030
6031
6025
6040
6039
6038
6054
6061
6068
6069
6070
6071
6072
6090
6091
6092
6109
6108
6126
6125
6107
6089
6106
6124
6152
6157
6173
6156
6151
4694
6140
4695
6145
4696
6150
6155
6172
4697
6176
4698
6181
4699
6186
4700
6191
4701
6196
6202
6201
4702
6216
6221
6226
4703
6243
6249
6266
6271
4704
6288
6294
4705
6311
6316
6333
6317
6318
6312
6296
6295
6289
6290
6275
6276
6277
6278
6279
6280
6281
6282
6283
6284
6285
6269
6262
6261
6260
6259
6258
6257
6256
6255
6254
6253
6245
6252
4930
6268
6274
6273
6272
6267
6250
6251
6244
6228
6227
6222
6223
6229
6230
6231
6232
6233
6234
6235
6236
6237
6238
6239
6240
6246
6263
6264
6247
6241
6224
6219
4926
6199
6194
6189
6184
6179
6175
6214
6213
6212
6211
6210
6209
6208
6207
6206
6205
4927
6218
6217
6203
6197
6204
6198
6193
6192
6187
6188
6183
6182
6177
6178
6174
4924
6158
6159
6160
6161
6162
6163
6164
6165
6166
6167
6168
6169
6170
6171
7430
4925
6180
7431
7432
6185
6190
7433
7434
6195
6200
7435
7436
6215
6220
7437
7438
6225
6242
4928
7439
7440
6248
6265
4929
7441
7442
6270
6286
6291
6308
6309
6314
6307
6306
6305
6304
6303
6302
6301
6300
6299
6298
6297
6313
6319
6320
6321
6322
6323
6324
6325
6342
6341
6340
6339
6338
4933
6337
6336
6335
6334
6351
6350
6356
6352
4934
6357
6358
6365
6366
6367
6368
6369
6370
6371
6372
6373
6374
6375
6359
6376
6382
6383
6398
6404
4940
6409
6414
6429
6447
6428
6413
6408
6403
6397
6396
6395
6394
6393
6392
6391
6390
6389
6388
6387
4938
6381
4936
6380
6364
6363
6362
6379
6386
6385
4706
6401
6406
6411
6415
6431
6448
6449
6432
6433
6434
6416
4942
6412
4941
6407
4939
6402
6417
6418
6419
6420
6421
6422
6423
6441
6458
6459
6442
6424
6425
6426
6427
6445
6444
6443
6460
6461
6478
6477
6476
6475
6474
6473
6456
6457
6440
6439
6438
6455
6454
6472
6471
6470
6453
6437
6436
6435
6452
6469
6468
6451
6450
6467
4946
4947
6499
6505
6512
6527
4949
6511
6493
6483
6466
6465
4707
6482
6487
6492
4708
6498
4709
6504
6510
11255
11256
9795
9804
11257
11258
9813
9822
11259
11260
9830
9839
11261
11262
9848
9857
11263
11264
9873
8014
9884
8015
9901
9910
9920
11267
11266
11265
6632
4717
6630
4955
6612
6613
6614
6615
6616
6617
6618
6602
6601
6600
6599
6598
6597
6596
6595
6611
6610
6594
6588
6593
6609
6625
6628
6627
4716
6624
4715
6608
6592
6587
4714
6571
6566
4713
6557
4712
6552
4711
6547
4710
6531
6532
6533
6548
6553
6558
4951
6562
6567
4952
6572
6573
6574
6575
6576
6577
6578
6579
6580
6581
6582
6568
6563
6559
6554
6549
6545
6544
6543
6542
6541
6540
6539
6538
6537
6536
6535
6534
6513
6514
6515
6516
6517
6518
6519
6520
6521
6522
6523
6524
6528
6529
6546
6550
6551
6556
6555
6560
6564
6583
6584
6569
6570
6565
6561
7466
7465
7464
7463
7462
4950
6530
7461
7460
6526
4948
6509
7459
7458
6503
6502
6508
6507
6525
6506
6501
6500
6494
6495
6496
6497
7457
7456
6491
6490
6489
6488
6484
6479
6462
6446
6463
6480
4945
6485
6486
7455
6481
4944
6464
4943
7454
7453
6430
7452
6410
6405
6399
6400
7451
7450
6378
4937
6384
6377
4935
6360
6361
7449
7448
6355
6354
6349
6348
6347
6353
6346
6345
6344
6343
6326
6327
6328
6329
6330
6331
6332
6315
6310
6292
6293
6287
4931
7443
7444
7445
4932
7446
7447
3325
1970
3344
1971
3348
1972
3352
1973
3356
3375
1974
3393
1975
3396
3400
3399
1976
3418
3422
1977
3441
3423
3424
3447
3446
3445
3444
3463
3482
1978
3501
3505
3509
3513
3517
3521
3522
2212
1979
3529
1980
3533
1981
3537
1982
3541
1983
3548
1984
3552
1985
3556
3560
1986
3579
1987
3582
1988
3585
1989
3588
1990
3591
1991
3594
7474
7473
7472
7471
7470
7469
7468
7467
6586
6585
6591
6590
6589
6605
6604
6603
6619
6620
6621
6622
6606
4953
6607
4954
6623
6626
6629
6631
6633
6650
6649
6648
6647
6646
6645
6644
6643
6642
6641
6640
6639
6638
6637
4956
6636
6635
6634
6651
6654
4718
6655
4957
6658
4719
6660
11270
10000
10007
11271
11272
10022
10037
11273
11274
10044
10053
10070
10052
10069
10085
10086
10093
11275
11276
10100
10107
11277
11278
10114
10131
11279
10138
10130
10129
10128
10113
10106
10105
10104
10111
10112
10127
10136
10137
10154
10172
10173
10155
10156
11280
11281
11282
11283
11284
11285
11286
11287
11288
11289
11290
11291
11292
11293
10263
10280
8032
11294
11295
11296
11297
11298
11299
11300
11301
10389
10405
11302
10414
10413
10412
10411
10420
10419
10428
10436
10437
10429
10421
10430
10438
8037
10457
10448
10439
10431
10422
10423
11303
11304
10432
10440
11305
11306
10449
10458
10469
11307
11308
10481
10480
10468
10467
10479
10478
10466
10456
10447
10446
10445
10454
10455
10465
10464
8038
10500
10501
10502
10518
10517
10516
10515
10499
10498
8040
10486
8039
10475
10474
10463
10453
10444
10443
10452
8036
10451
10442
7789
10441
10450
7790
10459
10470
10482
10483
10494
10495
10484
10472
10471
10460
10461
10462
10473
10485
10496
10497
8041
10513
10514
10532
10533
10534
10535
10552
10553
10536
10537
10519
10503
10487
10476
10477
10488
10504
10520
10538
10539
10521
10522
10506
10505
10489
10490
10491
10507
10523
8042
10540
8043
10557
8044
10574
10573
10572
10556
10555
10554
10571
10570
10569
10568
10551
10550
10549
10567
10566
10565
10548
10531
10530
10529
10528
10512
10511
10510
10493
10509
10525
10542
10543
10526
10527
10544
10561
10562
10545
10546
10547
10564
10563
10580
10590
10589
8045
10579
10578
10588
10577
10560
10559
7791
10576
10587
10597
7792
10614
10624
10641
10650
10667
7793
10684
7794
10693
10702
10719
10736
10744
7795
10760
10768
10775
10782
7796
10798
7797
10804
7798
10810
10811
10805
10799
10783
10784
10819
10820
10821
10838
10839
10822
10823
10840
10841
10858
10857
10873
10872
10856
10837
10836
10835
10818
10817
10816
10833
10834
10852
10853
10854
10855
10871
10870
10869
10868
8059
10851
10850
7799
10867
7800
10884
7801
10887
8060
10888
8061
10889
10890
10891
10892
10893
10894
10895
10896
10897
10898
10879
10878
10877
10860
10876
10875
10874
10859
10842
10824
10825
10826
10843
10844
10861
10862
10845
10827
10828
10829
10830
10847
10846
10863
10864
10865
10881
10880
10885
10899
10905
10908
10911
10914
10917
10920
10923
10926
10929
10932
10935
10938
10941
10943
10958
10957
10956
10955
10954
10953
10991
10990
10989
10974
10972
10970
10968
10967
10965
10963
10959
10960
10961
10944
10942
11347
11346
10939
10936
11345
11344
10933
10930
11343
11342
10927
10924
11341
11340
10921
10918
11339
11338
10915
10912
11337
11336
10909
10906
11335
10903
10886
10902
10901
10900
10882
11334
10883
10866
8058
10849
10848
10831
10832
11333
6972
6973
6974
6975
6976
6977
6978
6979
6980
6981
6982
6983
6984
6985
6986
6954
6953
6952
6951
6950
6949
6948
6947
6946
6945
6944
6943
6942
6941
6940
4965
6965
6969
6968
4777
6964
4776
6961
6958
4775
6955
4774
6939
6938
4773
6937
4772
6936
4771
6935
4770
6934
4769
6933
4768
6932
4767
6931
4766
6930
4765
6929
4764
6928
4763
6927
4762
6926
4761
6925
4760
6924
4759
6923
4758
6922
4757
6921
4756
6920
4755
6919
4754
6901
6902
6903
6904
6905
6887
6888
6889
6907
6908
6909
6910
6911
6912
6894
6895
6896
6914
6915
6916
6917
6918
7522
7523
7524
7525
7526
7527
7528
7529
7530
7531
7532
7533
7534
7535
7536
7537
7538
7539
7540
7541
4964
7542
6957
6956
6959
6960
7543
7544
6963
6962
6966
6970
4966
6987
6971
6967
7545
7546
7547
6988
6993
7548
7549
7010
7014
7550
7551
7031
7048
7552
7553
7065
7082
7554
7555
7099
7098
4972
7081
4971
7064
4970
7047
4969
7030
4968
7013
7009
4967
6992
6991
7008
7007
7006
7005
7004
7003
7002
7001
7000
6999
6998
6997
6996
6995
6990
4778
6989
6994
4779
7011
7012
7016
7015
7032
7049
7050
7051
7068
7067
7066
7083
7084
7085
7086
7087
7070
7069
7052
7035
7034
7033
7017
7018
7019
7036
7053
7054
7071
7088
7089
7090
7073
7072
7055
7038
7037
7020
7021
7022
7023
7024
7041
7042
7025
7026
7027
7028
7029
7046
7045
7044
7043
7060
7059
7076
7075
7058
7057
7040
7039
7056
7074
7091
7092
7093
7094
7095
7078
7077
7061
7062
7079
7096
7063
7080
7097
7102
7103
7104
7556
7557
7109
7108
7107
7112
7117
7122
7127
7123
7118
7113
7114
7558
7559
7119
7124
7560
7561
7129
7128
7133
7134
7562
7563
7139
7143
7564
7565
7160
4974
7159
7142
7138
7132
7137
7141
7158
7157
7156
7155
7154
7153
7152
7151
7150
7149
7148
7147
7146
7145
7162
7166
7170
4975
7173
7169
4790
7165
4789
7161
4788
7144
7140
4973
7136
7131
7126
7121
7116
7111
7106
7101
4780
7100
4781
7105
4782
7110
4783
7115
4784
7120
4785
7125
4786
7130
4787
7135
11348
11349
11350
11351
11352
11353
11354
11355
11356
11357
8064
11358
11359
11360
11361
11362
11363
11364
11365
11366
11367
11368
11369
11370
11371
11372
11373
11374
11375
11376
11377
11378
11379
11380
11381
11382
11383
11384
11385
11386
11387
11388
11389
11390
11391
11392
11393
11394
11395
11396
11397
11398
11399
11400
11401
11402
11403
11404
11405
11406
11407
11408
11409
11410
11411
11412
11413
11414
11415
11416
11417
11418
11419
11420
11421
11422
11423
7287
4858
7286
4857
7285
4856
7284
4855
7283
4854
7282
4853
7281
4852
7280
4851
7279
4850
7278
4849
7277
4848
7276
4847
7275
4846
7274
4845
7273
4844
7272
4843
7271
4842
7270
4841
7269
4840
7268
4839
7267
4838
7266
4837
7265
4836
7264
4835
7263
4834
7262
4833
7261
4832
7260
4831
7259
4830
7258
4829
7257
4828
7256
4827
7255
4826
7254
4825
7253
4824
7252
4823
7251
4822
7250
4821
7249
4820
7248
4819
7247
4818
7246
4817
7245
4816
7244
4815
7243
4814
7242
4813
7241
4812
7240
4811
7239
4810
7238
4809
7237
4808
7236
4807
7235
4806
7234
4805
7233
4804
7232
4803
7231
4802
7230
4801
7229
4800
7228
4799
7227
4798
7226
4797
7225
4796
7224
4795
7223
4794
7221
4793
7203
7204
7187
7186
7183
4792
7180
7176
4791
7177
4976
7190
7189
7188
7205
7206
7207
7208
7191
7192
7193
7194
7195
7196
7209
7210
7211
7212
7213
7214
7197
7198
7215
7216
7199
7200
7217
7218
7201
7202
7184
7185
7182
7181
7178
7174
7171
7167
7163
7164
7566
7567
7168
7568
7172
7175
7569
7570
7179
7571
7572
7573
7220
7219
4977
7222
7574
7575
7576
7577
7578
7579
7580
7581
7582
7583
7584
7585
7586
7587
7588
7589
7590
7591
7592
7593
7594
7595
7596
7597
7598
7599
7600
7601
7602
7603
7604
7605
7606
7607
7608
7609
7610
7611
7612
7613
7614
7615
7616
7617
7618
7619
7620
7621
7622
7623
7624
7625
7626
7627
7628
7629
7630
7631
7632
7633
7634
7635
7636
7637
7638
4210
2150
4209
2149
4208
2148
4207
2147
4206
2146
4205
2145
4204
2144
4203
2143
4202
2142
4201
2141
4200
2140
4199
2139
4198
2138
4197
2137
4196
2136
4195
2135
4194
2134
4193
2133
4192
2132
4191
2131
4190
2130
4189
2129
4188
2128
4187
2127
4186
2126
4185
2125
4184
2124
4183
2123
4182
2122
4181
2121
4180
2120
4179
2119
4178
2118
4177
2117
4176
2116
4175
2115
4174
2114
4173
2113
4172
2112
4171
2111
4170
2110
4169
2109
4168
2108
4167
2107
4166
2106
4165
2105
4164
2104
4163
2103
4162
2102
4161
2101
4160
2100
4159
2099
4158
2098
4157
2097
4156
2096
4155
2095
4154
2094
4153
2093
4152
2092
4151
2091
4150
2090
4149
2089
4147
2088
4145
2087
4143
2086
4124
4125
4126
4127
4128
4110
4109
4108
4107
4106
4104
2085
4102
2084
4100
2083
4098
2082
4096
2081
4094
2080
4092
2079
4090
2078
4088
2077
4086
2076
4084
2075
4081
2074
4078
2073
4075
2072
4072
2071
4069
2070
4066
2069
4063
2068
4060
2067
4057
2066
4054
2065
4051
2064
4048
2063
4045
2062
4042
2061
4039
2060
4037
2059
4035
2058
4033
2057
4031
2056
4029
2055
4027
2054
4008
4005
2053
4002
2052
3999
2051
3996
2050
3993
2049
3990
2048
3987
2047
3984
2046
3981
2045
3962
2044
3958
2043
3959
2225
3963
3964
3965
3966
3967
3968
3969
3970
3971
3972
3973
3974
3975
3976
3977
3978
3982
3985
3988
3991
3994
3997
4000
4003
4006
4025
4024
4023
4022
4021
4020
4019
4018
4017
4016
4015
4014
4013
4012
4011
4010
4009
4040
4043
4044
4499
4498
4041
4038
2227
4036
4497
4496
4034
4032
4495
4494
4030
4028
4493
4492
2226
4026
4007
4491
4490
4004
4001
4489
4488
3998
3995
4487
4486
3992
3989
4485
4484
3986
3983
4483
3980
3979
3960
3961
4482
4481
3957
3956
3952
3953
4480
4479
4478
3945
3949
3948
3944
3940
3936
3941
4477
4476
3937
3932
3929
4474
4475
3933
3928
3924
3925
4473
4472
4471
4470
4469
4468
3877
3880
3883
3902
3921
3920
3919
3900
3901
3882
3879
3876
2222
3873
3855
4467
4466
3851
3848
4465
4464
3844
3840
4463
4462
3836
3832
4461
4460
3828
3823
4459
4458
3818
3813
4457
4456
3808
3803
4455
4454
3798
3793
4453
2218
4452
4451
4450
4449
4448
4447
4446
4445
4444
4443
4442
4441
4440
4439
3717
3736
3735
3716
3711
3712
4438
2217
4437
4436
4435
4434
4433
4432
4431
4430
4429
4428
4427
4426
4425
4424
4423
3616
2216
3634
3639
3644
3663
3643
3638
3633
3632
3631
3630
3629
3628
3627
3626
3625
3624
3623
3622
3621
3620
3619
3615
3614
3618
3636
3637
3642
3647
3648
3649
3650
3651
3652
3653
3654
3655
3656
3657
3658
3659
3660
3661
3662
3667
3671
3675
3679
3683
3687
3691
3695
3699
3703
3707
3710
3706
3702
3698
3694
3690
3686
3682
3678
3674
3673
3677
3681
3685
3689
3693
3697
3701
3705
3709
3714
3715
3720
3719
3738
3742
3743
3739
3721
3722
3723
3724
3725
3726
3727
3728
3729
3730
3731
3732
3733
3734
3740
3744
3748
3752
3756
3760
3764
3768
3772
3776
3780
3784
3788
3792
3797
3802
3807
3812
3817
3822
3827
3831
3835
3839
3843
3847
3850
3854
3872
3871
3870
3869
3868
3867
3866
3865
3864
3863
3862
3861
3860
3859
3858
3857
3875
3874
2033
3856
3852
2032
3853
3849
2221
3846
3845
2031
3841
2030
3837
2029
3833
3834
3838
3842
2220
3830
3826
3821
3816
3811
3806
3801
3796
3791
3787
3783
3779
3775
3771
3767
3763
3759
3755
3751
3747
3746
3750
3754
3758
3762
3766
3770
3774
3778
3782
3786
3790
3795
3800
3805
3810
3815
3820
3825
2219
3829
3824
2028
3819
2027
3814
2026
3809
2025
3804
2024
3799
2023
3794
2022
3789
2021
3785
2020
3781
2019
3777
2018
3773
2017
3769
2016
3765
2015
3761
2014
3757
2013
3753
2012
3749
2011
3745
2010
3741
2009
3737
2008
3718
3713
2007
3708
2006
3704
2005
3700
2004
3696
2003
3692
2002
3688
2001
3684
2000
3680
1999
3676
1998
3672
1997
3668
1996
3664
1995
3645
3665
3669
3670
3666
3646
3641
3640
1994
3635
1993
3617
3613
1992
2215
3589
3592
3595
3596
3597
3598
3599
3600
3601
3602
3603
3604
3605
3606
3607
3608
3609
3610
3611
3612
3593
4422
4421
3590
3587
4420
4419
3584
3581
4418
4417
2214
3578
3559
4416
4415
3555
3551
4414
4413
3547
3544
4412
4411
3540
3536
4410
4409
3532
3531
3535
3539
3543
3546
3550
3554
3558
3577
3576
3575
3574
3573
3572
3571
3570
3569
3568
3567
3566
3565
3564
3563
3586
3583
3580
3561
3562
3557
3553
3549
3545
2213
3542
3538
3534
3530
3526
2210
2209
2208
2207
2206
3486
3485
3484
3483
3464
3465
3466
3467
3448
3449
3468
3487
3488
3469
3450
3451
3470
3489
3490
3491
3472
3471
3452
3453
3454
3473
3492
3493
3494
3495
3496
3477
3476
3475
3474
3455
3456
3457
3458
3442
3460
3459
3478
3497
3498
3502
3506
3510
3514
3518
2211
3523
3524
3527
3528
4408
3525
3520
4407
4406
3516
3519
3515
3511
3507
3512
4405
4404
3508
3504
4403
4402
4401
3481
3500
3503
3499
3479
3480
3461
3462
3443
3440
3439
3438
3437
3436
3435
3434
3433
3432
3431
3430
3429
3428
3427
3426
3425
3401
3402
3403
3404
3405
3406
3407
3408
3409
3410
3411
3412
3413
3414
3397
3394
3391
3392
3395
3398
3417
3416
3415
3419
3420
3421
4400
4399
4398
4397
4396
4395
4394
4393
2205
3374
4392
4391
4390
4389
4388
3324
3319
4387
4386
3314
3309
4385
4384
3304
3299
4383
4382
3294
3289
4381
4380
3284
3279
4379
4378
3274
3269
3264
4377
4376
3258
3257
3251
3252
4375
4374
3245
3244
3217
3218
3237
3238
4373
3219
4372
4371
3211
3210
3209
3208
3207
3215
3216
3235
2201
3236
3243
3250
3256
3263
3262
2203
3268
3273
3278
3283
3288
3293
3298
3303
3308
3313
3318
3323
3343
3347
3351
3355
3373
3372
3354
3371
3370
3390
3369
3389
3388
3368
3367
3366
3387
3386
3385
3365
3364
3363
3384
3383
3362
3382
3381
3361
3360
3380
3379
3359
3358
3378
3377
3376
3357
2204
3353
3349
3345
3326
3327
3328
3329
3330
3331
3332
3333
3334
3335
3336
3337
3338
3339
3340
3341
3346
3350
3342
3322
3317
3312
3307
3302
3297
3292
3287
3282
3277
3272
3267
3261
3255
3249
3242
3234
3233
3232
3231
3230
3229
3228
3227
3226
3225
3224
2202
3241
3248
3247
3254
3260
3266
3271
3276
3281
3286
3291
3296
3301
3306
3311
3316
3321
3320
1969
3315
1968
3310
1967
3305
1966
3300
1965
3295
1964
3290
1963
3285
1962
3280
1961
3275
1960
3270
1959
3265
1958
3259
1957
3253
1956
3246
3239
1955
3240
3221
3222
3223
3214
2200
3206
2199
3197
2198
3188
2197
3179
2196
3161
3162
3163
3164
3145
3126
3125
3144
3143
3124
3090
3091
3092
3093
3094
3095
3096
3097
3098
3099
3133
3132
3151
3150
3131
3130
3129
3147
3128
3127
3146
3165
3166
3167
3148
3149
3168
3169
3170
3171
3152
3153
3172
3180
3181
3182
3183
3191
3190
3189
3198
3199
3200
3201
3192
3193
3202
4370
4369
3184
4368
4367
4366
4365
3137
3118
4364
4363
3110
3109
3108
3116
3117
2193
3136
3155
2194
3156
3175
3174
2195
3173
3154
3135
3134
3115
3107
3100
3082
3081
3073
3066
3074
3067
3059
3058
3050
3042
3034
3028
3029
3030
3036
3035
3043
3044
3051
3052
3060
3068
3075
3083
3101
2191
2192
3102
3084
4362
4361
3076
3069
4360
4359
3061
3053
4358
4357
3045
3037
4356
4355
3031
2187
3012
4354
4353
4352
2996
2988
4351
4350
2969
2962
4349
4348
2955
2961
2954
2936
2932
4347
2931
2935
2184
2185
2953
2960
2959
2952
2951
2950
2949
2948
2947
2946
2945
2944
2943
2942
2941
2940
2183
2182
2922
2917
2912
2907
2902
2884
2878
2877
2883
2901
2906
2911
2916
2920
1942
2921
2926
2925
2929
1943
2930
2934
2933
2937
1944
2956
1945
2963
2970
1946
2989
1947
2997
3005
1948
3006
3007
2999
2998
2990
2991
2972
2971
2964
2957
2938
2939
2958
2965
2973
2974
2975
2976
2977
2978
2979
2980
2981
2982
2983
2984
2966
2967
2968
2987
2986
2186
2985
2993
2992
3000
3001
3002
2994
2995
3003
3004
3011
3010
3009
3008
3027
3026
3025
3024
3023
3022
3021
3020
3019
3018
3017
3016
3015
3033
2188
3032
3014
3013
7416
7415
5994
5999
6005
7417
7418
6011
6017
7419
7420
6023
6028
7421
7422
6034
6051
4919
7423
7424
3103
1953
3085
3077
1952
3070
2190
3071
3064
3063
1951
3062
3054
1950
3046
1949
3038
3039
3047
3055
3056
3048
3040
3041
2189
3049
3057
3065
3072
3080
3079
3078
3086
3104
3105
3087
3088
3089
3106
3114
3123
3142
3141
3122
3121
3113
3112
1954
3111
3119
3120
3139
3140
3159
3160
3178
3187
3196
3205
3204
3195
3186
3177
3158
3138
3157
3176
3185
3194
3203
3212
3213
3220
7429
6154
6149
7428
7427
6144
6139
7426
7425
4923
6134
6117
6116
6098
6097
6079
6078
6096
6113
6131
6114
6115
6133
6132
6138
6143
6148
6153
6127
6128
6129
6130
6112
6095
6077
6076
6094
6111
6110
6093
6075
6074
6073
6041
6042
6043
6044
6045
6046
6047
6048
6032
6049
6055
6062
6080
6081
6099
6100
6082
6064
6058
6057
6063
4921
6056
6050
6033
6027
6026
6021
6022
6016
6010
6015
6009
6003
6004
5997
5998
5993
5992
5991
5990
5989
5988
5987
5986
5985
5984
5983
5982
5981
5996
6002
6008
6014
6020
6019
6013
6007
6001
5995
5980
5974
5957
5973
5979
4917
6018
4689
6012
4688
6006
4687
6000
4686
5978
5972
5956
4685
5941
5942
5934
4684
5919
4683
5904
4682
5896
4681
5888
4680
5879
5870
5854
5843
4679
5833
5823
11210
9003
9020
7960
11211
11212
9027
7962
9034
9042
11213
11214
9050
9049
9041
9040
9033
9026
9025
9018
9019
9001
9002
8994
8993
8992
8985
8986
8987
7958
8995
8988
11209
11208
8980
8972
11207
11206
8964
8955
11205
11204
8939
8923
11203
8914
8913
8896
8878
8862
11202
11201
8853
8843
8827
8810
11200
11199
11198
8785
7946
8802
8809
8826
8825
8841
8842
8852
8861
7952
8895
8894
8893
8877
8859
8860
8851
8850
8838
8837
8836
8835
8834
8818
8819
8820
8821
8822
8839
8840
8824
8823
8807
8808
8800
8801
8784
8783
8799
8798
8797
8796
8795
8794
8793
8792
8790
8789
8788
7947
8804
8805
8813
7949
8830
8847
8848
8849
8858
8868
8869
8870
8886
8885
8903
8904
8905
8888
8887
8871
8872
8873
8889
8890
8874
8875
8876
8892
8910
8920
8921
8911
8912
8922
7953
8938
7954
8954
8963
8971
8979
8978
8977
8969
8970
8962
8961
8953
8952
8951
8950
8949
8933
8934
8935
8936
8937
8909
8891
8908
8907
8906
8932
8931
8930
8929
8919
8918
8928
8944
8943
8927
8926
8917
8916
8899
8881
8865
8866
8882
8900
8901
8902
8884
8883
8867
8857
8856
8855
7951
8846
8845
8829
7948
8812
8814
7950
8831
8832
8833
8817
8816
8815
8806
8791
8782
8774
8766
8757
7944
8748
8747
8746
7942
8737
8721
8720
8719
8736
8718
7716
8735
8744
8745
8754
8755
8756
8765
8773
8781
8780
8772
8764
8771
8763
8753
7717
8762
7718
8770
8778
7719
8779
8787
8786
8803
7720
8811
8828
7721
8844
8854
8864
8863
8879
8880
8898
8897
7722
8915
8924
8925
8940
8941
8942
8959
8958
8957
8956
7723
8965
7724
8973
8982
8981
8989
8996
9005
9004
7725
9021
9028
9035
9043
9051
9103
9119
9104
9105
9106
9095
9080
9079
7967
9078
9062
9063
9064
9065
9081
9082
9066
9067
9083
9084
9068
9069
9085
9086
9087
7968
9096
7969
9113
9088
9089
9073
9072
9071
9070
9054
9055
9056
9057
9075
9074
9090
9091
9099
9115
7970
9098
9097
9114
9123
9122
9121
9112
9111
9110
9109
9108
9107
9120
9127
9135
7972
9152
9162
9172
9171
9161
9170
9160
9159
9169
9178
7973
9179
9189
9188
9198
9197
7732
9214
9215
9226
9225
9242
9252
9270
7733
9279
9288
7734
9304
9320
9336
9346
9357
9368
9369
9384
9395
9406
9417
9418
9419
9407
7989
9396
7988
9385
7987
9370
9371
9386
9397
9408
9432
9449
9450
9433
9420
7990
9409
9398
9387
9388
9399
9410
9421
9434
7991
9435
9436
9437
9438
9439
9440
7992
9451
9441
9423
9422
9411
9412
9401
9400
9389
9390
9391
9402
9413
9424
9425
9414
9404
9403
9392
9393
9394
11231
11232
9405
11233
11234
11235
9427
9416
9415
9426
9444
9454
9455
11236
11237
11238
9493
9482
9465
9464
9453
9443
9442
9452
9463
9462
9461
9478
9479
9490
9491
9480
9481
7994
9492
9510
9519
7995
11239
11240
9528
9527
9526
9544
9545
9563
11241
7998
9595
9594
9587
9579
7997
9562
9561
9560
9578
9585
9586
9593
9592
9601
9602
9603
9612
9604
11242
11243
9613
9621
9630
11244
11245
9639
9648
9656
9665
9657
11246
11247
9666
9683
8005
11248
11249
9691
9699
11250
11251
9707
9723
9722
9721
9720
9730
9739
9738
9729
9719
9718
9717
9716
9715
9714
9713
9727
9736
8007
9745
9746
9760
9761
9747
9748
9762
9763
9764
9749
9728
9737
9750
9751
9752
9766
9776
9784
9785
9777
9767
9768
9754
9753
9740
9731
9732
11252
11253
9741
9755
9769
11254
9778
9786
9794
9803
9802
9801
9793
9792
9783
9775
9765
9774
9782
9791
9800
9809
9810
9811
9812
9821
9820
9828
9829
9838
9847
9856
8012
9872
9855
9846
9845
9837
9836
9827
9819
9818
9826
9835
9844
9853
9854
9871
9881
9880
9870
9869
9868
9867
9866
8013
9865
9864
9852
9843
9834
9825
9817
9808
9799
9790
9781
9773
9759
8008
9758
9744
9735
9726
9725
9734
9743
9757
9771
9772
9780
9789
9788
9779
8009
9770
7752
9756
7751
9742
7750
9733
7749
9724
7748
9708
7747
9700
7746
9692
7745
9684
7744
9667
9658
7743
9649
9640
7742
9631
7741
9622
7740
9614
9605
9615
9623
9632
9641
9668
9659
9650
8004
9642
9633
9624
8001
9606
8000
9597
9589
9581
9566
9567
9568
9550
9533
9534
9551
9569
9570
9582
9590
9598
9607
9616
9625
9634
9643
9651
9660
9673
9672
9671
9670
9669
9685
9693
9701
9709
8006
9710
9711
9712
9702
9694
9686
9674
9675
9676
9677
9678
9695
9703
9696
9704
9705
9706
9698
9697
9689
9681
9690
9682
9664
9655
9646
8003
9647
9638
9629
9620
8002
9611
9610
9619
9628
9637
9636
9645
9653
9654
9663
9662
9680
9688
9687
9679
9661
9652
9644
9635
9626
9627
9618
9617
9609
9608
9599
9600
9591
7999
9583
9584
9577
9576
9575
9574
9557
9558
9559
9542
9543
9525
9524
9523
9541
9540
9539
9556
9555
9538
9537
9536
9553
9554
9573
9572
9571
9552
9535
9522
9514
9500
9501
9502
9503
9504
9505
9506
9515
9516
9517
9518
9509
9508
9507
9489
9477
9476
9475
9474
9473
9488
7993
9472
9460
9459
9471
9470
9487
9499
9498
9486
9469
9468
9458
9447
9448
9431
9430
9429
9428
9446
9445
7735
9456
9457
9467
9484
9485
9496
9497
9513
7996
9521
9531
9532
9549
9548
9565
9596
7739
9588
7738
9580
7737
9564
9546
9547
9530
9529
9520
9511
7736
9512
9495
9494
9483
9466
15361
15362
13634
13633
13639
13640
15363
13657
15364
13664
13679
13697
13711
11757
11759
13732
13738
13744
15365
15366
13750
13749
13743
13737
13736
11761
13731
13727
11756
13696
13695
13694
13710
13726
13725
13724
13709
13723
13722
13708
13690
13673
13672
13671
13688
13689
13707
13721
13720
13706
13719
13705
13687
13670
13669
13686
13685
13703
13704
13718
13717
13716
13715
13702
13684
13667
13666
11754
13660
13644
13668
13645
13646
13647
13648
13649
13650
13651
13652
13661
13675
13674
13691
13692
11755
13693
13676
13662
13677
13678
13663
13656
13655
13654
13638
13653
13637
13631
13625
13616
13599
13598
13615
13614
13613
13597
13583
13582
13581
13596
13595
13612
13611
13610
13594
13579
13580
13564
13563
13562
13545
13546
13547
13548
13565
13566
13584
13567
13550
13551
13568
13585
13586
13601
13600
13617
13618
13619
13626
13632
13627
13628
13622
13605
13604
13621
13620
13603
13602
13587
13552
13536
13535
13534
13526
13527
13519
13518
13549
13509
13517
13525
13533
13544
13543
13560
13561
13578
13577
13593
13592
11750
13575
13576
13559
13558
13540
13541
13542
13532
13524
11746
13507
11745
13516
13508
13499
13498
13481
13480
13469
11523
13468
13479
13497
13496
11524
13506
13515
11525
13523
13531
13539
13556
13557
13574
13591
13573
11526
13590
13606
11527
13607
11752
11751
13608
13609
13624
13630
13636
13643
13642
11753
13659
13658
11531
13641
11530
13635
11529
13629
11528
13623
20358
20359
17813
17800
20357
20356
17787
17786
17799
17812
17824
17825
17843
17842
17841
17840
17858
17859
17860
17861
17877
17892
17908
20360
20361
17924
17907
17891
17876
17875
17890
17906
17922
17923
17939
17940
17954
17968
17967
15868
17952
17953
17938
17921
17937
17936
15866
17951
17966
17965
17964
17963
17962
17948
17949
17950
17935
17919
17920
17905
17904
17903
17887
17888
17889
17874
17873
17872
17856
17857
17839
17821
17822
17823
17811
17798
17785
17784
17797
17810
17809
17796
17783
17770
17771
17772
17773
17774
20355
17761
20354
20353
17718
17701
20352
20351
17684
17670
17669
17683
15851
17700
15852
17717
17734
15853
17735
17749
17748
17760
17759
17747
17758
17757
17756
17769
17782
17795
17808
17820
17838
17837
17819
17807
17794
17781
17768
17755
17744
17745
17746
17732
17733
17716
17715
17698
17680
17666
17649
17648
17634
17635
17618
17617
17604
17605
17592
17593
17606
17619
17636
17620
17637
17650
17667
17681
17699
17682
17668
17651
17652
17653
20350
17639
17638
17621
17622
20349
20348
17609
17596
17595
17608
17607
17594
17578
17577
17576
17563
17564
17565
17566
17579
17580
20347
17567
20346
20345
17554
17553
17552
17551
17550
17549
15845
17548
17547
17546
17515
17516
17517
17501
17500
17499
17498
17497
15842
17514
15843
17531
17545
17544
17543
17558
17571
15846
17600
17599
17598
17583
17584
17570
17557
17556
17569
17582
15847
17624
17611
17612
17613
17625
17643
17642
17641
17655
17656
17673
17686
17672
17671
17685
17702
17703
17720
17737
17719
15652
17736
17750
15653
17751
17752
17738
17721
17704
17687
17688
17674
17657
17658
17644
17626
17627
17628
15848
17645
17660
17659
15849
15850
17675
17690
17689
17706
17705
17722
17723
17739
17753
17765
17764
17763
17762
17775
17776
17777
17778
17791
17804
15860
17817
17805
15859
17792
15858
17779
15857
17766
15856
17754
17740
17724
17707
17708
17691
17692
17676
17661
17662
17663
17646
17632
17631
17630
17629
17614
17601
17586
17585
17559
17572
17587
17588
17589
17573
17560
17561
17562
17575
17591
17574
17590
17603
17602
17615
17616
17633
17647
17664
17665
17679
17678
17677
17695
17696
17697
17714
17731
17730
17713
17712
17711
17694
17693
17710
17727
17709
17725
17726
15854
17741
15855
17742
17728
17729
17743
17767
17780
17793
17806
17818
17836
17853
17835
17834
17852
17851
15861
17868
17884
17883
17899
17915
17931
17916
17917
17901
17900
17885
17869
17870
17854
17855
17871
17886
17902
17918
17934
17933
17932
17947
17961
15870
17975
17990
18007
17991
17976
17977
17978
17979
17980
17995
17994
17993
17992
18008
18009
18010
18025
18024
18038
18053
18052
18051
18036
18037
18023
18022
18021
18006
17989
18005
18020
15876
18035
18050
15877
18078
18064
18065
18066
18067
18054
18039
18040
18041
18055
18069
18068
18081
18096
18095
18080
18079
18094
18110
18122
18133
18145
18146
18135
18134
18123
18111
18112
18124
18113
18097
18082
18098
18099
18083
20364
18070
18056
20363
18042
18027
18026
15874
18011
18012
15872
17996
17981
17982
17997
20362
13761
11536
13766
11537
13772
11538
13777
13782
11539
13787
13794
13800
11540
13806
11541
13811
11542
13815
11543
13819
11544
13823
11774
13824
13820
13816
13812
13807
13802
11770
13796
11769
13795
13801
13788
13778
11767
13783
13789
13790
13784
13779
13774
13773
13767
13768
13763
11764
13762
13758
13753
13752
13757
13756
11535
13751
11534
13745
11533
13746
13747
13741
13740
11532
13739
13733
13734
13728
13712
13698
13680
13665
13681
13682
13683
13701
13700
13699
13713
13714
11758
13729
13730
11760
13735
13742
13748
13754
13759
11763
11762
13755
13760
13765
11765
13764
13769
13770
11766
13776
13771
15367
15368
13781
13786
11768
13775
13780
13785
13791
13797
13798
13792
13793
15369
15370
13799
13805
15371
15372
13810
13814
13818
11772
11771
13809
13804
13803
13808
13813
13817
13821
13837
13836
13835
13834
13833
13832
13831
13830
13829
13828
13827
13826
13825
13841
13846
13845
11775
13840
11776
11545
13844
11546
13861
11547
13865
11548
13869
11777
11549
13876
13881
13880
11550
13885
20378
20379
20380
18381
15890
18364
15889
18347
15888
18330
18312
18294
18293
18292
18291
18290
18275
18258
18257
18256
18273
18274
18289
18307
18308
18309
18327
18328
18310
18311
18329
18346
18363
18345
18344
18326
18325
18324
18342
18343
18360
18359
18376
18375
18358
18341
18323
18305
18306
18288
18287
18272
18271
18270
18285
18286
18304
18322
18321
18339
18340
18357
18356
18373
18372
18387
18388
18389
18374
18390
18391
18392
18377
18378
18361
18362
18379
18380
18395
18396
18397
18414
18413
18412
18394
18411
18410
18393
18409
18421
15894
18408
18407
18406
18405
18404
15893
18403
18402
18420
18430
18447
18448
18431
18432
18433
18434
18449
18450
18451
18452
18435
18453
18454
18436
18422
18423
18437
18455
18464
18456
18438
18439
18424
18425
18440
15896
18457
20381
20382
18465
18473
20383
20384
20385
18489
18481
18472
18480
18479
18471
18463
18462
18470
18478
18486
18487
18488
18496
18497
18498
18499
18508
20386
20387
18517
18516
18507
18506
18505
18495
18494
15897
18504
18513
18522
18531
18540
18549
18558
18568
18584
18583
18601
18619
18618
18600
18582
18581
18580
18579
18597
18598
18599
18617
18616
18615
18614
18613
15900
18629
15901
18639
15902
18649
18660
18669
18692
18691
18690
18689
18688
15909
18704
15911
18714
15912
18724
18734
15913
18733
18723
18732
18731
15683
18721
18722
18712
18713
18703
18702
18711
18701
18684
18685
18686
18687
18678
18677
15906
18668
15904
18659
18658
18657
18667
18676
18675
18666
18656
15682
18646
18636
18637
18647
18648
18638
18628
18611
18612
18594
18595
18596
18578
18577
18567
18566
18565
18556
18555
18546
15680
18545
18554
15681
18563
18564
18574
18575
18576
18593
18592
18610
18627
18626
18609
18591
18573
23534
23533
23547
23548
25288
25289
23562
23576
25290
25291
23590
23589
23575
23561
23546
23532
23518
23502
20886
23485
23486
23503
23519
23520
23504
25287
25286
23487
23476
23460
23443
23442
23441
23458
23459
23475
23474
23473
23457
23440
23424
23425
23408
23391
23390
23373
23374
23357
23356
23355
23372
23371
23370
23369
23386
23387
23404
23403
23385
23368
23367
23384
23383
23382
23365
23366
23349
23350
23333
23334
23351
23352
23335
23318
23301
23302
23319
23336
23353
23354
23337
23320
23338
23339
23340
23323
23322
23321
23304
23303
23286
23287
23269
23261
23270
23288
23289
23305
20875
23306
23307
20876
23324
20877
23341
20878
23358
20879
23375
20880
23392
20881
23409
20882
23426
25285
25284
25283
25282
25281
25280
25279
25278
25277
23290
20874
23273
23272
23271
23262
23253
23254
23245
23244
23252
23243
23234
23226
23235
23236
23227
23218
23217
23216
23225
23224
23233
23242
20870
23251
23260
23268
20873
23285
23284
23283
23282
23299
23300
23317
23316
23315
23298
23281
23280
23279
23296
23297
23314
23332
23331
23348
23347
23364
23381
23363
23346
23329
23330
23313
23312
23295
23278
23294
23277
23276
23293
23310
23311
23328
23345
23362
23379
23380
23397
23414
23430
20884
23448
23465
20885
23464
23463
23479
23490
23489
23488
23505
23521
20640
23535
20641
23549
20642
23563
20643
23577
23591
23592
23593
23594
23580
23566
23552
23538
23525
23526
23539
23540
23541
23555
23554
23553
23567
23568
23569
23583
23582
23581
20890
23595
23596
23597
20892
23584
23585
23586
23600
20893
23613
23614
23627
23626
20894
23643
23644
23659
23658
23673
23674
23675
23660
23661
23676
23691
23690
23689
23706
23705
23688
23687
23704
23686
23685
23670
23671
23672
23657
23656
23655
23641
23642
23625
23612
23599
23598
23611
23624
23640
23639
23638
23637
23623
23610
23609
23622
23636
23654
23653
23652
23668
23669
23684
20895
23683
23682
23667
23666
23681
23696
23680
23679
23664
23665
23650
23651
23634
23635
23621
23608
23607
23620
23619
23618
23606
23605
23604
20644
23617
23631
23632
23633
23649
20645
23648
20646
23663
20647
23678
20648
23693
23694
23695
23712
23713
20896
23697
23698
20897
23714
23731
23730
23729
20899
23745
23755
23766
23777
23776
20904
23791
23800
23799
23790
23775
23789
23774
23764
23765
23754
23753
23743
23744
23728
23727
23711
23710
23726
23742
20649
23752
20650
23763
23773
23788
23797
23798
20907
23814
23815
23824
23823
23822
23830
20651
23831
23832
23833
23842
23841
23840
20652
23839
20653
23848
23849
20910
23857
23858
23868
23867
20911
23876
23893
23894
23882
23881
23880
23879
23878
23877
23869
23860
23859
23850
23851
23852
23843
23834
23825
20908
23816
23801
23802
23803
23804
23805
23806
23778
23779
23780
23781
23792
23807
23809
23810
23821
25300
25299
23813
23796
23795
23787
20903
23772
23771
23761
23762
25298
18741
15684
18742
18743
18760
18759
18758
18767
18768
18769
15918
18778
18770
15916
18761
15914
18744
18745
18746
18747
18748
18749
18750
18751
18762
18771
18779
18787
18796
18805
18806
18807
18808
18799
18800
18809
18826
18835
18834
18844
18854
18864
18865
18866
20409
20410
18876
18875
18884
18883
18874
18863
18853
18843
18833
18825
18824
15920
18823
18832
18842
18852
18862
18861
18851
18860
18850
18840
18841
18831
18830
18822
18821
18820
18819
18818
18817
18816
18804
18795
18786
18794
18785
18777
18776
15685
18784
15686
18793
15687
18802
18803
18811
18828
15921
18812
18813
18814
18815
18829
18839
18849
18859
18869
18878
18888
15923
18910
18909
18900
18899
18898
18897
18908
18918
18928
18927
18917
15694
18907
15693
18896
18886
15692
18887
18877
15922
18868
18858
18848
18838
15688
18837
15689
18847
15690
18857
15691
18867
25306
23898
25307
23906
23924
23923
20913
23932
20914
25308
23957
23973
23981
20916
23980
23972
23971
23970
23969
23968
23979
23987
23986
24001
24011
24000
23999
23998
23997
23996
23995
24010
24022
20918
24034
24047
24058
24057
24070
24069
24082
24083
24098
24110
24111
24099
24084
24085
24086
24087
24071
24088
24089
24072
24060
24059
24048
24049
24036
24035
24023
24024
24012
24002
24003
20917
24004
23988
23989
24005
24016
24015
24014
24013
24025
24037
20920
24050
24051
24063
24064
24076
24075
24074
24062
24061
24073
24090
20923
24091
24104
24118
24117
24103
24102
24101
24100
24114
24115
24116
24132
24133
24134
24151
24150
24135
24119
24105
24092
24093
20925
24106
24121
24120
24136
24137
24152
25316
25317
24167
24166
24165
24164
24149
24148
24163
24162
24147
24146
24131
24130
24129
24113
24112
20927
20929
24126
24142
24143
24158
24159
24144
24127
24128
24145
24160
24161
24179
24178
24177
24194
24195
24196
24213
24214
24198
24197
20933
24180
20932
24181
24182
24199
24200
24183
24184
25318
25319
24201
24217
24233
24251
24267
24266
20938
24279
24296
24313
25320
24325
20941
25321
25322
25323
25324
25325
24404
20942
24387
24377
24367
24366
24350
24349
24348
24347
24346
24336
24337
24338
24320
24319
24307
24308
24291
24292
24293
24310
24311
24322
24309
24321
24339
24340
24341
24323
24324
24312
24295
24294
24278
24265
24249
24250
24232
24216
24215
24231
24230
24229
20935
24212
24211
24210
24209
24227
24226
24208
24193
24176
24175
24192
24207
24225
24241
24259
24242
24260
20937
24261
24243
24228
24244
24245
20936
24262
24246
24263
24247
24248
24264
24277
24276
24275
24274
24290
24289
24306
24305
24288
24287
24286
24285
24273
24258
24240
24239
24223
24224
24206
24191
24174
24173
24157
24156
20931
24141
20930
24125
24124
20928
24109
20926
24097
20924
24081
24068
20922
24056
20921
24045
24046
24033
20919
24032
24021
24020
24019
24018
24030
20663
24042
24031
24044
24043
24055
24067
24080
24079
24096
24108
24107
24095
24078
24066
24054
30220
30219
28862
28848
30218
28834
28821
30217
30216
28808
28795
28783
28771
30215
30214
28758
28746
30213
30212
28734
28716
28717
28701
28700
28686
28687
28670
30211
30210
28653
28652
28669
28668
28651
28650
28649
28667
28684
28685
28699
28715
28732
25772
28733
28745
28757
28770
28782
28781
28769
28768
28755
28756
28744
28743
28742
28741
28730
28712
28713
28731
28714
28698
28697
28696
28695
25770
28680
28681
28682
28683
28666
28665
25767
28664
28647
28648
28634
28622
28610
28599
28587
28575
28576
28588
28600
28611
28623
28635
28636
28624
28612
28601
28589
28577
28565
28538
28548
25763
28564
28563
28562
28561
28560
28559
28547
28532
28531
28546
28545
28557
28558
28573
28572
28584
28585
28574
28586
28598
28597
28596
28595
28583
28582
28570
28555
28571
28556
28544
28529
28528
28511
28510
28493
28494
28495
28512
28530
28513
28514
28515
28516
28533
28534
28517
28501
28500
28499
28498
28484
28483
28497
28496
28482
28468
28469
28470
28454
28455
28471
25757
28456
28439
28438
28437
28423
25753
28422
28410
28411
28396
28395
28394
28377
28409
28421
28420
28433
28434
28435
28436
28453
28452
28451
28467
28481
28480
28479
28466
28449
28450
28432
28419
28408
28391
28374
28375
28392
28393
28376
28359
28360
28343
28344
28361
28378
28379
28380
28381
28399
28398
28397
28412
28424
28440
28457
28458
28472
25758
28485
28486
28504
28503
28502
28519
28518
28535
28536
28537
28520
28521
28522
28540
28539
28549
28550
28566
28578
28590
28602
28613
28625
28637
25766
28638
28639
28627
28626
28614
28603
28591
28592
28579
28567
28568
30204
30205
28580
30206
30207
28604
28615
30208
30209
23865
20654
23866
23875
20655
23874
20656
23891
20657
23899
23907
23908
23900
23892
23909
23926
23934
23925
23933
20658
23949
20659
23958
20660
23974
20661
23982
23991
20662
24007
24008
24009
23994
23993
23992
23983
23975
23959
23950
20915
23951
23935
23936
23952
23953
23960
23976
23984
23985
23977
23961
23962
23963
23964
23965
23966
23978
23967
23942
23941
23940
23939
23938
23937
23928
23927
20912
23910
23901
23902
23911
23912
23913
23914
23915
23916
23917
23929
23943
23954
23955
23944
23930
23918
23903
23895
23896
23904
23919
23920
23921
23945
23946
23947
23956
23948
23931
23922
23905
23897
23888
23889
23890
23873
25305
25304
23864
23856
25303
25302
23847
23838
25301
23829
20909
23820
23812
20906
23811
23819
23828
23837
23846
23855
23863
23872
23887
23886
23885
23884
23883
23870
23861
23871
23862
23854
23853
23844
23835
23845
23836
23827
23826
23817
23818
23808
23793
23783
23782
23767
23756
23746
23757
23747
23736
23735
23718
23717
23734
23733
23732
23716
23715
23699
23700
23701
23702
23703
23719
23720
23721
23722
23723
23707
23708
23724
23740
23739
20900
23738
20898
23737
23748
23758
23759
23769
20901
23768
23784
23785
20905
23794
23786
20902
23770
23760
23749
23750
23751
23741
25297
23725
23709
23692
25296
23677
25295
25294
23662
23647
25293
25292
23630
23629
23646
23645
23628
23615
23616
23603
23602
23601
20891
23587
23588
23574
23560
23573
23559
23545
23531
23530
23529
23544
23543
23557
23558
23572
23571
23570
23556
23542
23528
23516
20889
23515
23498
23499
23500
23501
20887
23517
23484
23472
23456
23439
23423
23406
23407
23389
23388
23405
23422
23421
23437
23454
23438
23455
23471
23483
23470
23469
23453
23452
23467
23468
23497
23514
23513
23496
23495
23482
23494
23512
20888
23527
23511
23510
23509
23508
23524
23523
23537
23551
23565
23579
23578
23564
23550
23536
23522
23506
23507
23491
23480
23492
23493
23481
23466
23449
23450
23451
23434
23435
23436
23420
23419
23402
23401
23400
23399
23416
23417
23418
23433
23432
23431
23415
23398
23396
23395
23412
23413
20883
23429
23447
23446
23445
23462
23478
23477
20639
23461
20638
23444
20637
23428
23427
20636
23410
23411
23393
23394
23378
23361
23344
23327
23326
23343
23360
23377
23376
23359
23342
23325
23308
23291
23309
23292
23275
23274
23264
23265
23266
23258
23257
23248
23247
23256
30175
30176
28076
28085
30177
30178
28094
28103
30179
30180
28112
28111
28102
28093
28084
28075
28066
28057
28067
28058
30174
30173
30172
30171
30170
30169
27993
27992
27991
28002
28013
28024
28032
28049
28048
28031
28023
28012
28001
27990
27972
27954
27955
27973
27974
27975
27957
27956
27942
27941
27940
27953
27971
27989
27988
27970
27952
27969
27968
27987
28000
28011
28022
28030
28045
28046
28047
28056
28065
28074
28083
28092
28101
28110
28120
28130
28140
28157
28156
28173
28182
28191
28200
28217
25736
25739
28261
28246
25737
28229
28218
28201
28192
28183
28174
25734
28158
28159
28141
28131
28121
28122
30181
30182
28132
28142
30183
30184
30185
30186
30187
30188
28219
28230
25738
28262
30189
30190
28273
28272
28284
30191
30192
28296
28312
28311
28295
28283
28271
28282
28294
28308
28323
28309
28310
28325
28324
25748
28336
28353
28352
28351
28335
28322
28321
28350
28367
28368
28369
28370
28387
28404
28415
28427
25754
28426
28444
28445
28428
25755
28446
28429
28416
28406
25752
28405
28388
25751
28371
25750
28354
25749
28337
28326
28327
28338
28355
30193
30194
28372
28389
30195
30196
30197
28417
28430
28447
30198
30199
25756
28491
28508
30200
30201
28525
28542
30202
30203
28552
28551
28541
25761
28524
28523
25760
28506
25759
28507
28490
28477
28464
28463
28476
28489
28488
28505
28487
28475
28462
28461
28474
28473
28460
28443
28442
28459
28441
28425
28413
28400
28401
28414
28402
28403
28386
28385
28384
28383
28382
28365
28364
28347
28348
28366
28349
28334
28320
28319
28318
28317
28333
28346
28363
28362
28345
28332
28331
28316
25746
28302
28290
28291
25744
28303
28304
28269
28280
28292
28305
28306
28307
28293
28281
28270
28258
28242
28257
28256
28240
28241
28226
28213
28227
28243
28259
28260
28244
28245
28228
28216
28215
28214
28199
28190
28181
28172
28171
28154
28155
28139
28129
28119
28109
28100
28091
28082
28073
28064
28055
28044
28043
28029
28021
28010
27999
27986
27985
27984
27966
27967
27948
27935
27934
27933
27932
27946
27947
27965
27964
27945
27963
27962
27980
27981
25726
27982
27983
25727
28020
25728
28009
28008
28019
28026
28027
28028
28040
28041
28042
28054
28063
28072
28081
28090
28099
28108
28118
28128
28138
28153
28152
28151
28150
28149
28166
28165
28164
28147
28148
28135
28146
28145
28162
28163
28177
28178
28179
28167
28168
28169
28170
28180
28189
28198
28212
28211
28210
28209
28208
28196
28197
28188
28187
28186
28195
25735
28185
28176
28161
28144
28134
28124
28114
25733
25732
25731
25730
25729
28078
28087
28096
28105
28115
28125
28126
28136
28137
28127
28117
28116
28106
28107
28098
28089
28097
28088
28079
28080
28071
28070
28069
28060
28051
28052
28061
28062
28053
28039
28038
28037
28036
28035
28034
28033
25537
28050
25538
28059
28068
28077
28086
28095
28104
25539
28113
25540
28123
25541
28133
28143
28160
25542
28175
25543
28184
28193
28194
28203
28204
28205
28206
28207
28225
28238
28239
28255
28254
28253
28237
28224
28223
28236
28252
25740
28251
28235
28234
28233
28222
28221
28202
25544
28220
28231
28247
28232
28248
28264
28263
28274
28275
28286
28285
28297
28298
28299
28300
28288
28287
28276
28265
28249
28250
25741
28266
28267
28268
28279
28278
28277
25742
28289
25743
28301
25745
28315
25747
28330
28342
28341
28358
28357
28340
28329
28314
28313
28328
28339
28356
28373
28390
25545
28407
28418
28431
28448
25546
28465
28478
28492
28509
28526
28527
25762
28543
28554
28553
25547
28569
25548
28581
28593
25549
28594
25764
28605
28616
25550
28617
28629
28628
28640
25551
28641
28655
28654
28671
25552
28672
28673
28656
28642
28643
28630
25765
28618
28606
28607
28608
28609
28621
28633
28646
28632
28620
28619
28631
28644
28645
28659
28660
28677
28661
28662
28663
28679
28678
25769
28709
28708
28707
28694
28676
28675
25768
28658
28657
28674
28691
28692
28693
25771
28706
28724
28723
28738
28750
25775
28763
28776
28788
25778
25780
28800
25781
28813
28827
28840
28841
28828
28814
28801
28789
28777
28764
28751
28739
28725
28726
28727
28728
28710
28711
28729
28740
28752
28765
28766
28753
28754
28767
25777
28780
28792
28793
28794
28807
28820
28819
28806
28805
28818
28817
28804
28791
25779
28779
28778
28790
28802
28803
28816
28815
28829
28842
28843
28830
28831
28844
28845
28846
28832
25782
28833
28847
28861
28875
28889
28902
28903
28917
28916
28915
28901
28887
28888
28874
28860
28859
28858
28857
28856
28870
28884
28898
28912
28913
28930
25787
28931
28943
28942
28954
28966
28955
28967
28968
28980
28979
28978
28994
28993
29011
29010
29029
29028
29027
29009
29008
28990
28991
28992
28929
28928
28927
28911
28897
28883
28869
28855
28854
25783
28868
25784
28882
25785
28896
25786
28910
28867
28881
28895
28909
28908
28894
28893
28892
28891
28877
28878
28879
28880
28866
28865
28851
28852
28853
28839
28838
28837
28836
28850
28864
28863
28849
25555
28835
25554
28823
28822
25553
28809
28810
28811
28824
28825
28826
28812
28799
28798
28786
28785
28773
28761
28762
25776
28774
28787
28775
28749
25774
28737
25773
28721
28722
28705
28704
28690
28689
28688
28702
28703
28719
28720
28736
28718
28735
28747
28748
28760
28759
28772
28784
28797
28796
35346
35347
33948
30682
30681
33941
33940
33923
33924
33916
35345
35344
35343
33891
33890
33908
33915
33907
33889
33881
33880
33872
33854
33838
33839
33855
33873
33882
30679
35342
33856
33840
33823
33822
33821
33803
33786
33777
33778
33787
33804
33805
35341
35340
33788
33779
35339
35338
33754
33770
33769
33768
33750
33740
33731
33721
33711
33701
33702
33703
33713
33712
33722
33732
33741
33751
33752
33753
33743
33744
35337
35336
33735
33734
33742
33733
33723
33724
33725
35335
35334
33715
33714
33704
33705
35333
35332
35331
33686
33695
33694
33685
33675
33676
35330
35329
33666
33665
33655
33656
33640
30670
33631
35328
35327
33622
33606
33589
33588
33605
33621
30669
33604
33603
33586
33587
33571
33554
33553
33570
33569
33585
33602
33601
33619
33620
33628
33637
33638
33629
33630
33639
33654
33664
33674
33684
33693
33692
33691
33682
33683
33673
33672
33662
33663
33653
33652
33651
33650
33649
33648
33647
33646
33645
33644
33643
30671
33634
33625
33635
33626
33612
33593
33611
33610
33624
33633
33642
33658
33668
33678
33679
33669
33659
33660
33670
33680
33689
33688
33698
33699
33709
33719
33729
33738
33748
30674
33758
33759
33760
33761
33762
33763
33764
33765
33766
33767
33776
33785
30675
33802
33820
33819
33818
33801
33784
33775
33800
33799
33798
33797
33814
33813
33812
33829
33845
33828
33810
33811
33794
33793
33792
33809
33826
33827
30677
33844
33862
30678
33861
33860
33877
33876
33885
33884
33875
33842
33841
33824
30428
33806
33808
33791
33781
33782
33773
33772
33756
33757
33747
33746
33737
33728
33718
33708
33707
33697
33687
30672
33677
30419
33667
30418
33657
30417
33641
30416
33632
30415
33623
30414
33607
33608
33590
30413
33573
30412
33556
33539
33540
33523
33522
33505
33506
33490
33507
33508
33491
33492
33509
33526
33525
33524
33541
33542
33559
33575
30667
33558
33557
33574
30668
33591
33609
33592
33576
33560
33543
33544
33527
33528
33545
33546
33529
33512
33495
33478
33477
33494
33511
33510
33493
33476
33475
33465
33464
33474
33473
33448
33449
33440
30659
33424
33415
33397
33380
33379
33396
33414
33423
33438
33439
33447
33446
33463
33472
33489
33488
33471
33462
30411
33445
33437
33421
33422
33413
33412
33394
33395
33377
33359
33360
33378
33361
33362
33381
33363
33352
30655
33351
33335
33350
33349
33333
33334
33317
33316
33304
33305
33306
30648
30650
33297
33296
33288
33295
30410
33287
33279
33273
30409
33267
30408
33261
30407
33255
30406
33249
30405
33232
33216
33217
33210
33209
30404
33200
33192
30403
33184
30402
33176
30401
33168
30400
33150
33151
33135
33134
33116
33117
33107
33106
30399
33096
30398
33086
30397
33076
30396
33066
30395
33056
30394
33046
30393
33036
30392
33026
30391
33016
30390
33006
30389
32996
30388
32986
30387
32976
30386
32959
30385
32949
30384
32934
32935
32918
32917
32906
30383
32907
32908
32919
32936
32952
32962
32963
32953
32940
32941
32942
32943
32944
32954
32969
32970
32971
32955
32945
30637
32929
32930
32912
32913
32914
32932
32931
32946
32956
32972
32973
32957
32947
30638
32958
32948
35291
35290
32933
30636
32916
35289
32905
32915
32904
32888
32889
32872
32873
32857
32856
32847
32838
32837
32836
32827
32826
32835
32844
32845
32846
32855
32871
32870
32854
32853
32869
32868
32884
32885
32886
32887
32903
32902
32901
32900
32899
32883
32882
32898
32911
32928
32927
32926
32925
32924
32923
32910
32922
32939
32921
32938
32937
32920
32909
30635
32891
32892
32893
32894
32895
32896
32897
32881
32880
32864
32865
32866
32867
32852
32843
32834
32825
32816
32805
32795
32785
32774
32773
32757
32739
32723
32722
32738
32737
32721
32720
32736
32735
32753
32752
32768
32769
32754
32755
32756
32772
32771
32770
32784
32794
32804
30632
32815
32824
32833
32842
32851
32862
32863
32879
32878
32877
32861
32860
32876
32875
30634
30633
32859
32850
32841
32832
32823
32814
32813
32812
32890
32874
32858
30382
32849
30381
32840
30380
32831
30379
32822
30378
32811
32801
30377
32791
30376
32781
30375
32765
35749
38089
38073
38055
38039
38023
38022
38021
38010
38011
37999
38000
38001
38012
35744
35743
35742
35741
37979
37978
37990
37989
37988
37987
37998
38009
38020
38035
35746
38052
38036
38037
38038
38054
38053
38071
38072
38088
38087
38070
38069
35748
38086
38099
38110
38111
38100
35750
35751
40731
38142
38154
40732
40733
38165
38180
40734
40735
38192
38208
38207
38206
38191
38190
38178
38179
38164
38153
38141
38126
38125
38140
38139
38124
38107
38108
38109
38098
38097
38096
38085
35747
38068
38067
38051
38050
38066
38084
38083
38082
38064
38065
38049
38048
38030
38031
38032
38033
38034
38019
38008
37997
37986
37974
37962
37948
37947
37946
37945
37931
37919
37907
37895
37896
37897
37886
35730
37877
37867
35728
37856
37857
37840
37823
37810
37809
37822
37839
37855
37866
37876
37885
37854
37853
37852
37835
37836
37837
37838
37821
37808
37795
37796
37783
35725
37768
37767
37751
37752
37735
37719
37736
37753
37769
37754
37737
37738
37720
37721
37722
37723
40724
40725
35721
37740
37756
35723
37739
35722
37755
35724
37770
37771
37772
37788
37787
37786
37785
37784
37797
37798
37799
37800
37801
40726
40727
37814
37813
37812
37811
37824
37825
37826
37827
40728
37844
37861
37843
37860
37870
37871
37880
37890
40729
37901
35732
37900
37912
37923
37922
37934
37921
37910
37911
37899
37888
37889
37879
35729
37869
37859
37842
37841
37858
37868
37878
37887
37898
37909
37908
35734
37920
37933
37932
37949
37950
37951
37965
37964
37963
35740
37975
37976
37977
37966
37967
35738
37954
37953
37952
37935
37936
37937
37924
40730
32554
30366
32570
30367
32587
32604
32605
32588
32606
32607
32623
30623
32639
32624
32625
32608
32590
32573
32574
32559
32558
32557
32572
32589
30620
32571
30619
32555
32556
32546
32547
32538
32529
32520
32510
32493
32509
32519
32528
32537
32545
30365
32536
30364
32527
30363
32518
30362
32508
30361
32491
32492
32475
32474
32457
32440
32458
32459
32476
32460
32442
32441
32426
32425
32408
32398
30360
32388
30359
32378
30358
32368
30357
32369
32379
32389
32399
32409
32410
30611
32427
32443
32444
32461
32478
32477
32494
32495
32496
32479
32497
32498
32499
32500
32483
32466
32449
32448
32465
32482
32481
32480
32463
32462
32445
32446
32464
32447
32429
32414
32415
32416
32430
32431
32432
32433
32451
32450
32467
32468
32469
32452
32434
32435
32420
32419
32418
32417
32402
32403
32393
32392
32382
32372
32373
32383
32384
32385
32395
32394
32404
32405
32421
32422
32423
32424
32439
32456
32455
32438
32437
32436
32454
32453
32470
32471
32488
32487
32504
32514
32505
32489
32472
32473
32490
32507
32506
32515
30613
32524
32533
32542
32550
32549
30616
32540
32541
32532
32523
32513
32512
32503
32486
32485
32484
32501
32502
32511
32521
32522
32531
32530
32539
32548
32564
32563
32579
32596
32614
32631
32630
32629
32628
32627
32610
32611
32612
32613
32594
32595
32578
32577
32562
32561
32560
32575
32576
32593
32592
32591
32609
32626
32649
32648
32647
32681
32680
30625
32665
32664
32679
32678
32663
32646
32638
32622
32621
30368
32637
30369
32645
30370
32662
30371
32677
30372
32694
30373
32704
30374
32714
32715
32732
32731
32747
32748
32749
30631
32766
32782
32792
32802
32803
32793
32783
32767
32751
32750
32733
30629
32716
30628
32706
32705
32695
32696
32697
32707
32717
30630
32734
32718
32719
32708
32698
32682
32683
32666
30624
32650
32651
32652
32667
32684
32685
32668
32653
32654
32669
32670
32655
32640
32641
32642
32643
32658
32657
32656
32671
32672
32673
32690
30626
32689
32688
32687
32686
32699
32709
32724
32725
32741
32740
32758
32759
32775
32776
32777
32787
32786
32796
32797
32798
32808
32807
32806
32817
32818
32819
32828
32829
32820
32809
32799
32789
32779
32788
32778
32762
32761
32760
32742
32726
32710
30627
32700
32701
32702
32712
32711
32727
32743
32744
32728
32729
32730
32746
32745
32763
32764
32780
32790
35281
35282
32800
32810
35283
35284
32821
32830
35285
35286
32839
32848
35287
35288
27684
25525
27677
25524
27670
25523
27663
25522
27656
25521
27649
25520
27642
25519
27633
25518
27615
27597
27598
27580
27579
27572
25517
27565
25516
27550
27551
27552
27553
27544
27536
27529
27522
27515
27505
27504
27503
27502
27501
27500
27499
27498
27476
27475
27474
25507
27447
25508
27456
25509
27465
27473
25510
27489
27497
25511
27514
25512
27521
25513
27528
25514
27535
25515
27543
27549
32713
32703
32693
32692
32691
32674
32659
32660
32675
32676
32661
32644
30622
32636
32635
32620
32602
32601
32584
32583
32582
32599
32598
32617
32600
32618
32619
32634
32633
32632
30621
32616
32615
32597
32580
32581
32565
30617
32566
32567
32568
32551
32552
30618
32585
32603
35280
32586
32569
32553
32544
32543
30615
30614
32534
32535
32526
32525
32516
32517
35279
35278
35277
35276
27438
25506
27423
25505
27413
25504
27403
25503
27393
25502
27383
25501
27372
27354
27355
27373
27374
27356
27357
27340
25696
27323
25695
27314
27315
27324
27341
27358
27375
27384
27394
27404
27414
25700
27424
27415
27405
27395
27385
27376
27359
27360
25698
27361
27343
27342
25697
27325
27326
27327
27328
27329
27330
27346
27345
27344
27362
27363
27364
27347
27348
27349
27333
27334
27320
27335
27336
27321
27337
27353
27352
27369
27351
27350
27368
27367
27380
27381
27382
27370
27371
25699
30132
27392
27391
27390
27389
27399
27400
27410
27409
27418
27419
27434
27435
27420
27421
27411
27401
27402
30133
30134
27412
30135
27422
27437
27436
27445
27446
30136
30137
27455
27454
27453
27444
27443
27442
27433
27432
27417
27407
27408
27398
27388
27379
27378
27366
27365
27377
27386
27387
27397
27396
27406
27416
27431
27430
27429
27428
27427
27426
27425
27439
27448
27457
27466
27477
27490
27478
27479
27480
27481
27482
27483
27467
27458
27468
25702
27484
27469
27460
27459
27450
27449
27440
27441
27451
27452
27461
27462
27463
25701
27472
27464
30138
22567
20618
22583
20619
22600
22601
22612
22611
22621
22622
22633
22632
22643
22644
22654
22653
20620
22663
22664
22676
22675
22692
22709
22726
22727
22736
22754
22737
22738
22728
22711
22710
22693
22694
22677
22665
22645
22634
22623
22624
22635
22646
20830
22655
22656
22647
22636
22625
20826
22614
22604
22587
20824
22570
20822
22569
22586
22603
20825
22613
22602
22585
22584
22568
22552
22551
22536
22525
20617
22513
20616
22496
20615
22485
20614
22474
20613
22464
22448
22430
22431
22449
22465
22475
22486
22487
22488
22499
22516
22517
22500
22489
22490
22479
22478
22477
22476
22466
22467
22450
20811
22433
22432
22416
22405
22389
22377
22378
22390
20810
22379
22367
22356
22344
22343
22331
22332
22320
22319
22318
22304
22305
22290
22276
22277
22291
22306
22307
20807
20805
22278
22292
22293
22294
22295
22308
20808
22321
22309
22310
22322
22323
22324
22325
22337
22336
22348
22349
22361
22372
22384
22385
25241
25240
22373
22362
25239
25238
22350
22338
25237
22326
22314
25236
22301
22300
22299
22313
22312
22311
22298
22282
22268
22269
22283
22284
22270
22271
22285
25235
25234
22257
22240
22239
22226
22225
22212
22213
22214
22215
22227
22228
25233
22216
25232
25231
22204
22203
22202
22201
22200
22199
22211
22223
22224
22236
22237
22238
22256
22255
22254
22253
22267
22266
22280
22281
22297
22296
22279
22265
22251
22252
22235
20803
22250
22249
22248
22264
22247
22234
22222
20802
20801
22210
22198
22197
22196
22184
22166
22167
22168
20800
22185
22169
22170
20798
22153
22171
22154
22155
22172
22173
22156
22143
22134
22125
22116
22108
22107
22098
22099
22100
22109
22118
22127
22117
22126
22135
22144
22145
22136
20797
22137
22147
22161
22160
22146
22159
22176
22175
22158
22157
22174
22186
22187
22188
22189
22177
22178
22190
22191
25230
22179
22162
22148
25229
22138
25228
22129
22128
22119
22120
25227
25226
22111
22110
22101
20795
22090
22091
22102
22092
22076
22060
22043
22042
22059
22075
22074
22058
22041
22040
22057
22056
22055
22054
22070
22071
22072
22073
22089
22088
22087
22086
22085
22069
22084
22083
22082
22066
22050
22051
22067
22068
22052
22053
22024
22025
22011
22010
22009
22023
22022
22008
22007
20788
20789
22038
22049
20792
22065
22081
20794
22080
20793
22064
20791
22048
22047
22046
22045
22062
22063
22079
22096
22097
22106
22115
22124
22133
22142
22141
22152
22151
22150
22140
22131
22132
22123
22122
22113
22114
22105
22104
20796
22095
22094
22078
22077
20595
22093
22103
20596
22112
20597
22121
20598
22130
20599
22139
20600
22149
20601
22163
20799
22164
22165
22183
22182
22181
22180
20602
22192
22205
22206
22218
22217
20603
22229
20604
22241
20605
22258
20606
22272
22273
22259
22242
22230
22219
22207
22193
22194
22195
22208
22220
22209
22221
22233
22245
20804
22246
22263
22262
22261
22244
22232
22231
22243
22260
22274
22275
22289
22288
22287
22286
22315
22316
22302
20806
22303
22317
22329
22330
22342
22355
22366
22365
22354
22353
22341
22340
22328
20607
22327
20608
22339
20609
22351
22352
20809
22363
22364
22376
22388
22387
22375
20610
22374
20611
22386
20612
22403
22404
22415
22414
30131
27311
27310
27309
27308
27319
27318
27307
27292
27293
27282
27272
27273
27283
27294
27295
27284
27274
30130
30129
30128
30127
30126
30125
27224
30124
30123
25691
25690
27174
27163
27162
27151
27152
25688
30122
30121
27120
30120
25682
25681
25679
25677
25676
25675
27033
30119
25674
27023
25673
27007
26996
26997
30118
22061
22044
22033
22017
22001
22002
22018
22034
22035
22019
22003
22004
22005
22020
22036
22037
22021
20787
22006
21995
21986
21971
21970
21985
21994
21993
21992
21991
20594
21982
20593
21967
21968
21983
21984
21969
21960
21950
21940
21939
21949
21959
21958
20592
21948
20591
21938
20590
25662
26870
26869
26877
26876
25663
26883
26884
26899
30117
26906
26905
26898
26897
26904
26911
26912
26913
26914
25666
26920
26936
26937
26953
26952
25669
26935
26934
25668
26951
26933
26918
26919
26910
26909
26903
26895
26896
26882
26875
26867
26868
26860
25660
26852
26853
26854
26861
26862
26855
25658
26830
26820
26819
26811
25655
26802
26801
25654
26810
26818
26828
26829
26839
26838
26837
26827
26826
25657
26817
26807
26816
26825
26836
26850
26851
26859
25661
26866
26874
26881
26894
26893
26902
25665
26917
26931
26932
26950
26949
25671
26958
26959
26960
26976
26977
26961
26962
26963
26979
26978
26995
27006
27022
27031
27041
27032
27042
27051
27060
25678
27076
27087
27098
27109
27119
27136
27135
27118
27108
27097
27086
27075
27085
27084
27083
27082
27093
27104
27115
27132
27133
27116
27105
27094
27095
27096
27107
27106
25684
27117
25685
27134
25686
27150
27161
27160
27171
27172
27173
27185
27184
27183
27194
27212
27195
27196
27213
27222
27223
27241
27252
27263
27262
27261
27249
27250
27251
27240
27239
27221
27211
27210
27193
27181
27182
27170
25689
27159
27149
27148
27158
27169
27180
27191
27192
27209
27208
27218
27219
27220
27238
27237
27248
27259
27260
27271
27281
27280
27270
27269
27279
27290
27291
27306
27317
27332
27331
27316
27305
27304
27303
27302
27301
27300
27299
27298
27289
25694
27288
27287
27276
27277
27278
27268
27257
27246
27229
27230
27231
27232
27233
27234
27258
27247
27236
27235
27207
27206
27205
27204
27203
27202
27201
27190
27179
27178
27189
27188
27187
27199
27200
27217
27216
27228
27245
27256
27267
27266
27265
25693
27275
27286
27297
27313
27339
27338
27322
27312
25500
27296
27285
25499
27264
25498
27253
25497
27242
25496
27225
27226
27243
27254
27255
27244
27227
27215
27214
25692
27198
27197
27186
25495
27175
25494
27164
25493
27153
27154
27165
27176
27177
27166
27167
27168
27157
27156
27155
27140
27141
27142
27143
25687
27144
27145
27146
27147
27131
27130
27129
27128
27127
27126
27114
27103
27092
27102
27101
25683
27112
27113
27125
27124
27123
27139
27138
27122
27137
27121
27110
27111
27100
27099
25492
27088
25491
27089
27078
27079
27090
27091
27081
27080
27064
27065
27066
27067
25680
27068
27069
27070
27071
27072
27056
27047
27038
27028
27029
27039
27048
27057
27073
27074
27058
27059
27050
27049
27040
27030
27021
27004
27005
26994
26993
26975
26974
26992
26991
26973
26972
26971
26970
26988
26989
26990
27002
27003
27020
27019
27018
27017
27016
27015
27014
27013
26985
26967
26968
26986
26987
26969
26945
26946
26947
26948
26930
26929
26928
26927
26926
26944
25670
26943
26925
26924
26942
26941
26957
25672
26966
26984
27001
27000
26983
26982
26999
26981
26965
26955
26939
26956
26940
25667
26922
26923
26916
26908
26901
25664
26879
26886
26887
26888
26889
26890
26891
26892
26880
26873
26865
26858
26849
26835
26848
26847
26846
26845
26844
26843
26842
26872
26864
26857
26841
25659
26832
26833
26834
26824
26815
26806
26797
26796
26805
26814
26823
26822
26813
26804
26795
26786
26777
26778
26787
26788
26779
26770
26769
26768
26751
26734
26717
26699
26700
25649
26718
26735
25650
25651
26752
26753
26754
26755
26756
26739
26738
26737
26736
26719
26701
26683
26675
26682
26681
26674
26659
26660
26661
26662
26663
26664
26665
26666
26667
26668
26690
26691
26709
26725
26708
26707
26724
26723
26706
26689
26688
26687
26686
26685
26684
26702
26703
26720
26721
26704
26705
26722
26740
26757
26741
26758
26759
26771
26760
26742
26743
26726
26727
26710
26711
26728
26745
26744
26761
26772
26781
26780
26790
26789
26798
26799
26808
25656
26809
26800
26791
26782
26773
26762
26763
26746
26747
26764
26765
26774
26783
25652
25653
26792
26793
26784
26775
30116
26766
26749
26732
26731
26748
26730
26729
26712
26713
26695
26696
26714
26715
26697
26679
30115
26672
25648
26671
26656
26657
30114
30113
26650
25646
26633
30112
30111
30110
30109
30108
26610
26616
26622
26627
26649
26655
26670
26678
26694
26693
26692
26676
26677
26669
25647
26654
26646
26647
26648
26632
26626
26621
26615
26609
26603
26596
26590
26581
26582
25642
26591
26597
25644
26604
26598
30107
26592
26585
26584
26583
26567
26568
26569
30106
26553
26552
25639
26546
26540
30105
26534
30104
25638
25637
26507
26501
26495
30103
30102
26489
25634
26488
26494
26500
25635
25636
26506
26523
26528
26527
26532
26533
26539
26538
26544
26545
26551
26550
26566
26565
26564
26549
26543
26537
26531
26526
26520
26521
26522
26505
26499
26493
26487
26471
26455
26450
26445
26440
26434
26427
26421
26420
26402
26401
26419
26426
26418
26417
26416
26415
26414
26413
26412
26411
26410
26409
26408
26390
26389
26383
25440
26377
26370
25439
26363
25438
26357
25437
26340
26341
26358
26364
26371
26359
26365
26372
25627
26378
26384
26391
26392
26393
26394
26395
26396
26397
26398
26399
26400
26385
26379
26373
26366
26360
26352
26351
26350
26349
26348
26347
26346
26345
26344
26343
26342
26334
25623
26327
26320
26314
25620
26300
26301
26302
26303
26304
26305
26306
26307
26308
26309
26315
25621
26321
26322
26329
26336
26328
25622
25624
26335
26353
26354
26355
26362
26361
25625
26367
26374
25626
26380
26386
26403
26404
26422
26423
26428
26435
26441
26446
26451
26456
26472
25633
25632
25631
30101
25630
26436
25629
26429
26430
30100
30099
26406
26405
26388
26387
26381
26375
25628
26382
30098
26376
26368
26369
30097
30096
26339
26338
26356
26337
26330
26331
26332
26325
26318
30095
30094
30093
26297
26312
26324
26323
26317
26316
26311
26310
25619
26295
26296
26288
26289
26290
26291
26274
25617
30092
30091
26257
26256
26255
26273
26272
26287
26286
26285
26284
26283
26282
26281
26280
26279
26263
26264
26265
26266
26267
26268
26269
26270
26271
26254
26249
26244
26243
26242
26241
26240
26239
26238
26237
26236
26235
26234
26227
26210
26211
26212
26195
26178
26194
26177
26176
26175
26193
26192
26209
25432
26226
26231
26232
26233
25615
25616
26260
25618
26261
26262
26278
26277
26294
26276
26259
26248
26253
26258
25433
26275
25434
26292
26293
26299
26298
26313
25435
26319
25436
26326
26333
30528
31319
31318
31317
30527
31309
31310
31311
31312
35217
35216
31304
30525
30524
31271
31270
31263
35215
31247
30521
31246
31262
30522
31261
30523
31269
31287
31303
31302
31286
31285
31284
31301
31300
31299
31283
31282
31298
31297
31281
31280
31296
31295
31279
31278
31294
31293
31277
31276
31268
31252
31251
31243
30520
31235
30518
31227
31212
31211
31195
31196
31213
31214
31215
31216
31217
31218
31219
31203
31187
31188
31204
31220
31221
31228
31229
31236
31253
31254
31255
31256
31257
31258
31259
31260
31244
31245
31237
31238
31230
31224
30517
30519
31239
31231
35214
35213
31207
31191
35212
35211
31175
31168
35210
35209
35208
31110
31104
35207
35206
35205
30509
31053
35204
35203
31046
31045
31052
31059
31058
31051
31044
31039
31038
31031
31024
31032
31025
31026
35200
35201
31033
31040
35202
26088
25427
26082
25426
26076
25425
26070
25424
26060
25606
25607
26065
26071
26077
26083
26089
25608
26094
26100
25428
26099
25429
26105
25430
26111
26117
25431
26134
26139
26157
26158
26159
26160
26161
26179
26196
26213
26214
26197
26180
26162
26163
26181
26198
26215
26216
26217
26201
26218
26219
26220
26221
26203
26186
26168
26169
26151
26150
26149
26148
26147
26165
26166
26167
26185
26202
26184
26183
26200
26199
26182
26164
26146
26145
26144
26143
26142
26141
26140
26135
26118
26112
26106
26119
26120
26121
26122
26123
26124
26125
26126
26127
26128
26129
26130
26136
26153
26152
26170
26188
26187
26204
26205
26222
26223
26206
26189
26171
26172
26154
26155
26173
26190
26207
26224
26228
26245
26250
26251
26252
30090
30089
26247
26246
25614
26229
26230
30088
30087
26225
25613
26208
25612
26191
25611
26174
26156
30085
30086
20547
21200
20548
21203
20549
21206
21209
21212
21215
21218
20550
21221
21224
21242
21241
21258
20551
21260
20552
21277
20553
21278
21281
21280
21284
21285
21286
21287
21288
21289
21290
21307
21306
21305
21304
21303
21302
21319
21323
21327
20554
21301
21318
20555
21322
20556
21326
20557
21330
21331
21347
21346
20558
21364
21365
20736
21348
21349
21350
20735
21332
21333
21351
21352
21334
21335
21353
21354
21336
21337
21338
21339
21357
21374
21375
21376
21377
21360
21359
21358
21340
21341
21342
21343
21361
21362
21363
21380
21379
21378
20737
21395
21396
21413
21412
20739
21420
25210
21427
21443
21442
21426
21425
21424
21418
21419
21411
21410
21409
21394
21393
21408
21407
21392
21391
21390
21406
21405
21404
21389
21372
21373
21356
21355
21371
21370
21369
21387
21388
21403
21402
21401
20740
21417
21416
21399
21400
21385
21386
21368
21367
21366
21384
21383
21398
20738
21382
21381
20559
21397
20560
21414
21421
21415
21422
21423
20741
21431
21447
21446
21430
21429
20561
21428
20562
21444
20563
21451
21457
21458
21452
21445
21453
21454
20743
21459
21466
20745
21432
21433
21434
21435
21436
21437
21438
21439
21440
21441
20742
21448
21449
21450
25211
21456
21462
21461
21455
21460
20744
20746
21467
21468
20747
21477
21469
21470
21478
21495
21494
21493
21492
21476
21475
21491
21508
21509
21525
21534
21542
21559
21560
21543
20754
20752
21526
21510
21511
21512
21528
21527
21535
21536
21544
21561
21577
21576
21585
21575
20756
21558
21557
21541
21533
21524
21507
21490
21489
21506
21522
21523
21556
21574
21584
21594
21604
21613
21614
21615
21605
20757
21595
21596
21586
21587
25212
25213
21597
21607
21606
21616
21633
21632
21631
21641
21651
21661
21660
21650
21640
21630
21629
21628
21627
21626
21625
21624
21623
21612
21603
21593
21592
21602
21601
21600
21590
21589
21579
21580
21591
21581
21582
21583
21568
21569
21570
21571
21572
21573
21555
21554
21553
21552
21551
21519
21503
21504
21520
21521
21505
21488
21487
21486
21485
21502
21518
21517
21501
21484
21483
21482
21474
21473
21481
21499
20749
21500
20750
21532
21540
20755
21549
21550
21567
21566
21565
21564
21547
21548
21539
20753
21531
20751
21516
21515
21498
21497
21480
21472
20748
21465
21464
21463
20564
21471
20565
21479
20566
21496
20567
21513
21529
21514
21530
21538
21537
20568
21545
21546
21563
21562
20569
21578
20570
21588
20571
21598
21599
20758
21608
21609
21620
21621
21610
21611
20759
21622
21639
21649
21659
21668
21678
20761
21687
21696
21705
21725
21726
21727
21745
21744
21743
21742
21724
21713
21695
21704
20765
21712
21722
21723
21741
21740
21739
21721
21711
21703
20763
21693
21685
21694
21686
21676
21677
21667
21666
21657
21658
21648
21638
21637
21647
21646
21636
21619
20572
21618
20573
21635
20574
21645
20575
21655
21656
20760
21665
21675
20576
21674
21684
20577
21692
21702
21710
21719
21720
21738
21737
20578
21755
20579
21763
20580
21780
21796
20581
21805
20582
21822
20583
21838
20584
21855
21872
20585
21879
20586
21894
20587
21909
20588
21918
20589
21928
21929
21919
21930
21920
21911
21910
21896
21881
21895
21880
21873
21874
21856
20775
20774
21839
21857
21858
21842
21841
21840
21824
21823
20773
20772
21797
21782
21781
21764
21756
20768
21765
20769
21766
21757
21758
21767
21784
21783
21800
21799
21798
21806
21807
21808
21825
21826
21809
21810
21811
21829
21828
21827
21843
21844
21845
21862
21861
21860
21859
20776
21875
20778
21882
20779
21883
21884
21885
21886
21887
21888
21902
21901
21900
21899
21898
21897
21912
21921
21931
21941
21951
21961
21972
21973
21974
21975
21976
21977
21978
21987
21996
22013
22012
22026
22027
20790
22039
22028
22029
22030
22031
22032
22016
20786
21999
22000
25225
21990
21981
21966
21957
25224
25223
21947
21956
21955
20781
21965
21980
20783
20784
21989
21998
22015
22014
20785
21997
21988
21979
20782
21964
21963
21962
21952
21953
21954
21944
21943
21942
21932
21922
21913
21903
21914
21915
21905
21904
21889
21890
21891
21892
21907
21906
20780
21916
21925
21926
21936
21935
21924
21923
21933
21934
21945
21946
21937
25222
25221
21927
21917
21908
21893
21878
21871
21870
21853
21854
21837
21821
21804
21795
21779
21778
21794
20771
21820
21836
21819
21802
21803
21793
21792
21791
21801
21817
21818
21835
21834
21851
21852
21869
20777
21868
21877
21876
21867
21850
21849
21866
21865
21848
21847
21864
21863
21846
21830
21831
21832
21833
21816
21815
21814
21813
21812
21787
21786
20770
21785
21768
21769
21770
21771
21788
21789
21790
21772
21773
21774
21775
21776
21777
21762
21753
20767
21754
21736
21735
21734
21752
21751
21761
21760
21759
21748
21747
21746
21728
21729
21730
21731
21749
21750
21732
21733
21715
21707
21708
21716
21717
21718
21709
20764
21700
21699
21698
21706
21714
20766
21697
21689
21688
21679
21680
21669
21670
21671
21662
21652
21642
21643
21653
21663
21672
21673
21683
21682
21681
20762
21690
21691
21701
25220
25219
25218
25217
21664
21654
25216
25215
21644
21634
21617
25214
16588
15610
16579
16571
16562
15609
16553
15608
16544
15607
16536
15606
16528
15605
16520
15604
16521
16529
16537
16545
16546
16538
16530
16522
16514
16507
16492
16485
16470
16469
16484
15777
16491
16506
16513
16512
15603
16505
15602
16490
16482
16483
16468
16467
15601
16466
16450
16442
15600
16433
16434
16443
16451
16452
16444
16445
16453
16454
16455
16456
16457
16473
16474
16458
16459
16460
16461
16477
16478
16462
16463
16479
16486
16487
16480
15775
16464
15774
16448
16449
16440
16441
15773
20298
20299
16489
15776
16481
16465
16488
16502
16503
16504
15779
20300
16519
16527
20301
20302
16535
15780
16543
20303
20304
20305
16570
16561
16552
16551
16560
16559
16568
16569
15782
16578
20306
16587
16604
16611
20307
12422
11490
12437
12438
11683
12453
12469
11491
12468
11492
12484
11493
12500
11494
12516
12517
11684
12532
12548
11495
12547
11496
12563
11497
12579
12595
12611
12629
12644
12660
11498
12677
12678
12661
12662
12646
12645
12630
12631
12614
12598
12599
12600
12584
12583
12582
12581
12597
12613
12612
12596
12580
12564
12565
12549
12550
12534
12535
12520
12519
12533
12518
12502
12501
12485
12486
12487
12503
12504
12488
12472
12473
12489
12474
12490
12506
12505
12521
12522
12537
12536
12553
12552
12551
12566
12567
12568
12569
12585
12601
12602
12618
12617
12635
12651
12650
12665
12682
12700
12683
12666
12667
12684
12701
12717
12716
12715
11693
12699
12698
12681
12664
12648
12649
12634
12616
12615
12633
12632
12647
12663
12680
12679
12696
12697
12714
12730
12729
12713
12712
12695
12694
12711
11499
12727
12728
11500
12742
12759
11501
12776
12777
12760
12743
12744
12761
12778
12779
12762
12745
11695
12746
12731
12732
12733
12748
12749
12750
12751
12769
12784
12768
12767
12766
12747
12765
12764
12763
12780
12795
12781
12796
12811
12810
12809
12794
12793
12792
12808
12822
12821
12807
12791
11502
12806
11503
12820
11504
12837
12838
12839
12840
12823
12824
11701
12841
12825
12826
12842
12843
11702
12844
12827
11700
12813
12812
12797
12782
12783
12798
12799
12800
12828
12845
12846
12829
12830
12831
12814
11699
12801
12802
12803
12804
12788
12787
12786
12785
12770
12752
12735
12736
12753
12771
12772
12773
12755
12754
12737
12738
12739
12724
12725
12709
12710
15324
15323
12693
12676
15322
12659
12643
12642
12627
12626
12625
12640
12639
11689
12656
11691
12672
12689
12688
11692
12705
12706
12707
12690
12673
12674
12657
12641
11690
12658
12675
12692
12691
12708
12723
12722
12721
12720
12704
12719
12734
12718
11694
12702
12703
12685
12668
12669
12670
12686
12687
12671
12655
12654
12653
12652
12636
11687
12619
12603
12586
12570
12554
12538
12523
12507
12491
12475
12459
12444
12428
12413
12397
12398
12383
12384
12399
12414
12415
12400
12385
12367
12366
12365
12350
12349
12348
12335
11675
12320
12319
12318
12334
12333
11677
12346
12347
12363
12364
12382
12381
12396
12412
12427
12426
12442
12443
12458
12457
12456
12455
12471
12470
12454
12439
12423
11682
12424
12440
12441
12425
12410
12411
12395
12379
12380
12362
12361
12360
12345
11679
11678
12359
12376
12377
12378
12394
12393
12409
12408
12407
12406
11489
12390
12391
12392
12375
12374
12358
12343
11488
12329
12312
12313
12330
12344
12331
12315
12314
12299
12284
12300
12316
12332
12317
11673
12301
12302
12286
12271
12287
12272
12273
12258
12274
12288
12303
12321
12322
12336
12337
12351
12352
12338
12339
12326
12308
12293
12294
12279
12278
12277
12292
12307
12306
12325
11676
12324
12323
12305
12304
12289
12290
12291
12276
12275
12259
12246
12245
12244
12243
12242
12229
12218
12207
12196
12185
12171
12172
12173
12174
12175
12186
12197
12208
12219
11668
12230
12231
12247
12248
12260
12261
12249
12233
12232
12220
12209
12210
12221
12222
12211
12200
12199
12198
12187
12188
12177
12176
11666
12150
12149
12148
12147
12146
12145
12144
12160
11664
12143
12142
12141
12159
12158
12140
12139
12157
12166
12167
12168
12169
12170
12184
12183
12182
12193
12194
12195
12206
12217
12216
12205
12204
12215
11667
12226
11669
12238
12239
12227
12228
11670
12240
12241
12257
12270
12285
11672
12269
12268
11671
12256
12255
12267
12254
12266
12283
12298
12297
12282
11487
12265
11486
12253
11485
12237
12225
12214
11484
12203
11483
12192
11482
12181
11481
12165
12156
12138
12131
12130
12123
12106
12107
12132
12124
11662
12108
12109
12092
12093
12110
11663
12133
12125
12111
12112
12113
12096
12095
12094
12079
12078
12077
12076
12068
12067
12075
12091
12090
12089
12074
12066
12058
11480
12059
12042
12043
12035
12026
12025
12034
12041
12033
12024
11479
12017
12010
12002
12003
11986
11985
11979
11478
11973
11477
11957
11476
11942
11938
11475
11934
11474
11931
11928
11910
11908
11473
11906
11472
11904
11471
11902
11470
11900
11469
20286
16168
16172
16190
16189
16171
15756
16188
16187
16186
16185
16184
16183
16182
16181
16180
16179
16178
16177
16170
16167
15755
16174
16208
16209
16192
15757
16175
16176
16193
16194
16195
16196
16197
16198
16199
16200
16201
16202
16203
15759
16220
16226
16232
16233
16227
16221
16215
16210
16204
16205
15758
16206
16211
16216
20287
16222
15760
16228
16234
15761
15762
16240
16247
20288
20289
16254
16261
20290
20291
16268
16274
15763
16267
16260
16259
16252
16253
16246
16245
16239
16238
16244
16251
16258
16265
16266
16273
16272
16278
16279
16285
16300
16301
16302
16286
16280
20292
20293
20294
16309
15766
20295
16322
16329
20296
20297
16336
16353
16354
16370
16388
16405
16404
15769
16415
16432
16431
16430
16439
16438
16447
16446
16437
15772
16427
16426
16425
16424
16423
16422
16421
15771
16420
15770
16410
16419
16436
16435
16418
16417
16416
15599
16406
15598
16407
16408
16409
16391
16374
16375
16392
16393
16376
16360
16359
16358
16373
16390
15768
16389
15597
16371
16372
16357
16339
16340
16341
16342
16343
16344
16362
16361
16377
16394
16395
16378
16379
16363
16345
16346
16347
16364
16380
16396
16397
16398
16399
16382
16381
16365
16366
16348
16349
16350
15767
16367
16385
16402
16401
16384
16383
16400
16411
16412
16428
16429
16413
16414
16403
16386
16387
16369
16368
16352
16351
16334
16335
16328
16327
16320
16321
16315
16308
16314
16307
16299
16284
16298
16297
16296
16295
16294
16293
16292
16291
16290
15764
15765
16306
16313
16312
16283
16277
16271
16264
16257
16250
16243
16237
16231
16225
16219
16214
16213
16218
16224
16230
16236
16242
16249
16256
16263
16270
16276
16282
16289
16288
16304
16305
16311
16317
16324
16325
16318
16319
16326
16333
16332
16331
16338
16356
16355
16337
16330
15596
16323
15595
16316
15594
16310
15593
16303
16287
16281
15592
16275
15591
16269
15590
16262
15589
16255
15588
16248
15587
16241
15586
16235
15585
16229
15584
16223
15583
16217
15582
16212
15581
16207
15580
16191
15579
16173
16169
16165
15578
16149
16166
16150
16146
16147
15754
16151
16152
16153
16154
16155
16156
16157
16158
16159
16160
16161
16162
16163
16164
16148
20285
15753
20284
20283
20282
20281
20280
20279
20278
20277
20276
20275
20274
20273
20272
20271
20270
20269
20268
20267
20266
20265
20264
20263
20262
20261
20260
20259
20258
16082
16081
16080
16079
16078
16077
16076
16075
16074
16073
16072
16071
16070
16069
16068
16067
16064
16063
16061
16062
16060
16058
16056
16055
15546
15545
16053
16054
16052
16050
16048
16047
16049
16051
15544
15543
15542
15541
15540
15539
15538
15537
15536
16035
16037
16039
16041
16043
16045
16046
16044
16042
16040
16038
16036
16034
16032
16030
16029
16031
16033
15535
15534
15533
15532
16027
16028
16026
16024
16022
16021
16023
16025
15531
15530
15529
25141
25142
25143
25144
25145
25146
25147
25148
25149
25150
25151
25152
25153
25154
25155
25156
25157
25158
25159
25160
25161
25162
15547
16057
16059
15548
15549
15550
16065
15551
16066
16083
16084
16086
16088
16090
16089
16087
16085
15552
15553
15554
15555
15556
15557
16095
16093
16091
16092
16094
16096
16098
16100
16102
16101
16099
16097
15558
15559
15560
15561
16103
16104
16106
16105
15562
15563
15564
15565
15566
16113
16111
16109
16107
16108
16110
16112
16114
16116
16115
15567
15568
16117
16118
16120
16122
16119
15569
15570
16121
15751
16123
16124
16127
16130
16129
16126
15571
16125
15572
16128
15573
16131
16132
16133
16136
16138
16141
16144
16143
16145
15577
16142
15576
16139
15575
16140
16137
15752
16135
15574
16134
25187
21123
25188
21130
21135
25189
21140
20725
21129
21122
21116
21117
25186
25185
21110
21103
25184
21096
21090
21091
25183
25182
25181
25180
25179
25178
25177
25176
25175
20718
25174
25173
25172
25171
25170
25169
25168
25167
25166
25165
25164
25163
21026
21025
21024
21023
21022
21021
21020
21019
21018
21017
21016
21015
21014
21013
21012
21011
21010
21027
20524
21009
21008
20523
20522
21007
21006
20521
20520
21005
21004
20519
20518
21003
21002
20517
20516
21001
21000
20515
20514
20999
20998
20513
20512
20997
20996
20511
20510
20995
20994
20509
20508
20993
20992
20507
20506
20991
20990
20505
20504
20989
20988
20503
20987
20502
30038
30039
30040
30041
30042
30043
30044
30045
30046
30047
30048
30049
30050
30051
30052
30053
30054
30055
30056
30057
30058
30059
30060
25905
25904
25906
25907
25908
25910
25912
25914
25916
25600
25931
25934
25937
25940
25601
25956
25973
25988
25989
30072
30071
30070
30069
30068
30067
30066
30065
30064
30063
30062
30061
20525
21028
21029
20526
20527
21030
21031
20528
20529
21032
21033
20530
20531
21034
21035
20532
20533
21036
21037
20534
20535
21038
21039
20536
21055
21040
21041
21042
21043
21044
21045
21046
21047
21048
21049
21050
21051
21052
21053
21054
21056
21058
21060
21064
21067
21070
21087
21086
21085
21084
20722
21095
21101
21102
21109
21108
21115
21121
21128
21134
21139
21143
20727
21144
25190
25191
21160
21178
21196
21199
25192
25193
21202
21205
25194
25195
21208
21211
25196
25197
21214
21217
25198
25199
21220
21223
25200
25201
25202
25203
21259
21276
21275
20734
21279
21282
21283
25204
25205
25206
25207
21321
21325
25208
25209
21329
21345
21344
21328
21324
21320
21317
21300
21299
21316
21315
21314
21298
21297
21296
21313
21312
21311
21310
21309
21308
21291
21292
21293
21294
21295
21270
21271
21272
21273
21274
21256
21257
21240
21239
21238
21255
21254
21237
21236
21235
21234
21233
21250
21251
21252
21253
21269
21268
21267
21266
21265
21264
21263
21262
21261
20733
20732
21243
21244
21245
21246
21247
21248
21249
21232
21231
21230
21229
21228
21227
21226
21225
21222
21219
20731
21216
20730
21213
20729
21210
20728
21207
21204
21201
21198
21182
21181
21180
21197
20546
21179
21161
21145
21141
21136
20545
21131
21124
20544
21125
21132
21137
21146
21162
21163
21164
21165
21183
21184
21166
21167
21185
21186
21168
21169
21187
21188
21189
21171
21172
21173
21190
21191
21192
21193
21194
21195
21177
21176
21175
21159
21158
21174
21157
21156
21155
21154
21170
21153
21152
21151
21150
21149
21148
21147
21142
20726
21138
21133
21126
21127
20724
21120
21119
21118
20723
21112
21111
20543
21104
20542
21097
20541
21092
21093
21098
21105
21106
21113
21114
21107
21100
21099
21094
20721
21089
21074
21075
21076
21077
21078
21079
21080
21081
21082
21083
20719
21066
21069
21073
21088
20720
21072
21071
20540
21068
21065
20539
21061
21062
21063
21059
21057
20537
20538
30075
26069
26064
30074
26059
26044
26058
26063
26062
26067
26068
26074
26075
30076
30077
26081
26087
30078
30079
26093
26098
30080
30081
26104
26110
30082
30083
30084
26116
25609
26133
26138
26137
25610
26132
26131
26113
26114
26115
26109
26108
26107
26101
26102
26103
26097
26092
26086
26085
26091
26096
26095
26090
26084
26078
26079
26080
26073
26072
26066
26061
26057
26043
26026
26025
26042
26041
26056
26055
26054
26039
26040
26024
26019
26002
26003
26020
26021
26027
30073
26022
26005
26004
25987
25986
25985
25984
25969
25968
25967
25966
25981
25982
25983
25999
26000
26001
26018
26017
26016
26015
25998
25997
26014
26013
25996
25980
25965
25964
25978
25979
25995
26012
26011
26010
26009
25992
25993
25994
25977
25976
25975
25991
26008
26023
26030
26031
26032
26033
26034
26035
26036
26037
26038
26053
26052
26051
26050
26049
26048
26047
26046
26045
25605
26029
25423
26028
25422
25421
25990
26006
26007
25604
25603
25959
25974
25602
25958
25942
25943
25944
25960
25961
25945
25946
25962
25963
25947
25948
25949
25950
25951
25952
25953
25954
25970
25971
25972
25955
25939
25936
25933
25930
25929
25928
25927
25926
25925
25924
25923
25922
25921
25920
25919
25918
25915
25913
25416
25417
25917
25418
25932
25935
25419
25420
25938
25941
25957
35195
35196
35197
30499
30500
30969
30964
30959
30498
30942
30497
30925
30920
35194
30496
30494
30492
35193
30899
30883
30898
30882
30865
30866
35192
30484
30483
30827
25909
25415
25911
25599
25414
25413
25412
25888
25889
25890
25891
25892
25893
25894
25895
25896
25897
25898
25899
25900
25901
25902
25903
25887
25886
25885
25884
25883
25882
25881
25880
25879
25878
25877
25876
25875
25874
25873
25872
25871
25870
25869
25868
25867
25866
25390
25391
25392
25393
25394
25395
25396
25397
25398
25399
25400
25401
25402
25403
25404
25405
25406
25407
25408
25409
25410
25411
35191
35190
30794
30792
35189
35188
30790
30788
35187
35186
30786
30784
35185
35184
30782
30780
35183
35182
30778
30776
35181
35180
30774
30772
35179
35178
30770
30768
35177
35176
30766
30764
35175
35174
30762
30760
35173
35172
30758
30756
35171
35170
30754
30753
30755
30757
30759
30761
30763
30765
30767
30769
30771
30773
30775
30777
30779
30781
30783
30785
30787
30789
30791
30793
30811
30810
30809
30808
30807
30806
30805
30820
30804
30289
30290
30291
30292
30293
30294
30295
30296
30297
30298
30299
30300
30301
30302
30303
30304
30305
30306
30307
30308
30309
30795
30310
30482
30796
30797
30798
30813
30812
30830
30831
30832
30833
30834
30835
30815
30814
30799
30800
30801
30816
30817
30802
30803
30818
30836
30819
30837
30838
30839
30821
30822
30840
30841
30823
30824
30842
30843
30825
30826
30844
30846
30848
30850
30864
30863
30862
30861
30879
30895
30896
30880
30881
30897
30903
30907
30911
30915
30919
30924
30941
30940
30939
30938
30893
30894
30878
30877
30860
30859
30858
30857
30874
30875
30876
30892
30891
30890
30889
30888
30872
30873
30856
30855
30854
30871
30887
30886
30489
30487
30870
30853
30486
30869
30885
30901
30902
30906
30910
30905
30909
30908
30493
30904
30491
30900
30490
30884
30488
30868
30867
30313
30851
30852
30849
30485
30847
30845
30829
30828
30311
30312
40625
35615
35616
40626
35617
35618
36075
40627
40628
40629
40630
40631
36090
36086
36083
36080
36078
36074
36073
36072
36071
36070
36069
36068
36067
36051
36035
36019
36004
36020
36021
36022
36023
36037
36036
36052
36053
36054
36038
36039
36055
36056
36040
36024
36025
36041
36057
36058
36042
36026
36010
35994
35993
36009
36008
35992
36007
35991
35990
36006
36005
35989
35988
35987
36003
36002
35986
35985
35984
36000
36001
36018
36034
36050
36066
36065
36049
36033
36017
36016
36015
35999
35983
35982
35998
36014
36013
36012
36029
36030
36031
36032
36048
36047
36064
36063
35619
36061
36062
36046
36045
36028
36027
36011
35995
35996
35997
35981
35980
35979
35977
35974
35434
35956
35953
35433
35936
35937
35934
35432
35917
46160
46159
46158
46157
46156
46155
46154
46153
46152
46151
41336
41337
41338
41339
41340
41341
41342
41343
41344
41345
46161
41346
41363
41362
41361
41360
41359
41358
41375
41357
41356
41373
41372
41355
41354
41371
41390
41391
41392
41374
41393
41404
41403
41402
41401
41400
41389
41388
41387
41386
41385
41396
41397
41398
41399
41007
41424
41428
41432
41008
41420
41423
41009
41427
41010
41431
41011
41435
41436
41441
41446
41447
41448
41449
41450
41451
41452
41453
41454
41455
41472
41471
41470
41469
41468
41467
41466
41465
41464
41480
41463
41462
41445
41440
40856
41439
41444
41461
40857
41478
41479
41014
41484
41485
41491
41492
41493
41494
41495
41496
41497
41498
41499
41500
41501
41507
41514
41522
41529
41546
41545
41560
41544
41543
41542
41541
41540
41555
41539
41538
41554
41570
41571
41572
41556
41557
41573
41574
41558
41559
41575
41576
41577
41561
41562
41563
41547
41548
41530
41523
41515
41516
41517
41518
46175
46174
41511
41504
41488
46173
41483
41477
41476
41460
41459
41458
41475
41013
41482
41487
41015
41503
41510
41509
41508
41502
41486
41481
41473
41474
41457
41456
41442
41437
41433
41429
41425
41421
41418
41415
41412
41405
41406
41407
41408
41409
41004
41376
41377
41378
41379
41380
41382
46162
46163
41394
41410
41413
46164
46165
41416
41419
46166
46167
41422
41426
46168
46169
41430
41434
46170
46171
41438
41012
41443
46172
36076
35435
36059
36043
36044
36060
36077
36079
36082
36081
35436
35437
36084
35620
36087
36085
36088
36093
36098
36103
35623
36092
35438
36091
36097
35624
36102
35625
36107
35627
36111
35629
36115
35631
36120
35439
36135
35633
36142
36143
36151
36158
36165
36164
36157
36150
35440
36149
35441
36156
35442
36163
35443
36170
36171
35635
36177
36172
36178
36185
36191
36184
35444
36183
36190
35445
36196
36202
36218
35446
36197
36204
36203
36219
36225
36226
36227
36242
36251
36268
35640
36284
36267
36283
36266
36249
36250
36241
36224
35447
36240
36248
36265
36282
35448
36290
35449
36299
35450
36308
36309
36310
36311
36322
36312
36303
36302
36301
36300
36291
36292
36293
36294
36285
36269
36270
36271
36272
36273
36274
36275
36258
36257
36256
36255
36254
36253
36252
36243
36228
36229
36230
36231
36232
36233
36234
36259
36276
36277
36260
36261
36278
36286
36295
36296
36287
36288
36297
36306
35641
36307
36298
40648
36289
40647
40646
40645
40644
36247
36239
36238
36222
35639
36237
36246
36263
36264
36281
36280
36279
36262
36245
36244
36236
36235
36216
36215
36214
36213
36212
36211
36210
36209
36208
36207
36206
36221
36220
36205
36198
36199
36192
35636
36186
36179
36173
36166
36159
36152
36144
36137
36136
36121
36116
36112
36108
35632
36122
36123
36124
36125
36126
36127
36128
36129
36130
36113
36117
36131
36138
36139
36132
36133
36118
36114
36110
36109
36104
36105
36100
36099
36094
35622
35621
36089
36095
36096
36101
40632
40633
36106
35626
35628
35630
36119
36134
36141
40634
40635
36148
36140
36147
36155
40636
40637
40638
36176
36175
36168
36169
36162
36161
36154
35634
36146
36145
36153
36160
36167
36174
36180
36187
35637
36193
36200
36194
36188
36181
36182
40639
40640
36189
36195
40641
36201
35638
36217
36223
40643
40642
31060
30324
31054
30323
31047
30322
31048
31055
31061
31067
31066
30325
31082
31087
31083
31084
31089
31088
31106
30326
31105
31111
31112
31107
31090
31091
31092
31093
31094
31095
31096
31097
31098
31099
31100
31085
31080
31079
31078
31077
31076
31075
31074
31073
31072
31071
31070
31069
31068
31062
31056
31049
31042
31041
30508
31035
31034
30321
31027
30320
31020
30319
31014
30318
31015
31021
31028
31036
31029
31022
31016
31010
31009
30506
30993
30987
30992
30986
30970
30971
30972
30988
30994
30995
30996
30997
30998
30999
31000
31001
31002
31003
31004
31005
31006
30989
30983
30982
30981
30980
30979
30978
30977
30976
30975
30503
30974
30973
30967
30966
30961
30962
30946
30929
30928
30945
30944
30960
30965
30317
30316
30943
30926
30927
30921
30315
30314
30916
30912
30495
30913
30914
30918
30917
30922
30923
30930
30947
30948
30949
30931
30932
30933
30950
30934
30951
30952
30935
30953
30936
30937
30954
30955
30956
30957
30958
30963
30968
30501
30984
30990
31007
30504
30502
30985
30991
30505
31008
35198
35199
31013
31019
30507
31018
31012
31011
31017
31023
31030
31037
31043
31050
31057
31063
31064
31065
30510
31081
31086
31103
31109
30511
31102
31101
31108
31125
31143
31126
31127
31144
31161
30513
31174
31190
31206
31223
31222
31205
30515
31189
30514
31173
31166
31167
31160
31159
31142
31124
31123
31122
31121
31138
31139
31140
31141
31158
31157
31156
31155
31154
31184
31185
31186
31202
31201
31200
31199
31183
31182
31198
31197
31181
31180
31179
31172
31165
31148
31149
31150
30512
31151
31134
31135
31152
31153
31136
31137
31120
31119
31118
31117
31116
31133
31132
31115
31114
31113
31130
31131
31147
31164
31171
31170
31163
31146
31129
31128
31145
31162
30327
31169
31176
31177
31178
31194
31210
30516
31226
31234
31242
31250
31266
31267
31275
31274
31273
31265
31249
31241
31233
31209
31193
31192
31208
31225
31232
31240
31248
30328
31264
31272
31288
31289
31306
31305
30329
31313
30330
31320
30331
31327
31328
31336
31335
30332
31352
30333
31360
40660
36519
36537
36550
40661
40662
36563
36576
40663
40664
36589
36602
40665
40666
36615
36614
36601
36588
36575
36562
36561
36548
36549
36536
36518
35654
36517
36535
36534
36500
36499
36516
36533
36532
36515
36498
36486
36487
36488
36477
36476
36475
35651
36462
36461
36460
36459
36458
36445
36434
36423
36422
36421
36412
36413
36396
36414
35647
35649
36446
35650
36463
36447
36448
36464
36465
36466
36478
36490
36489
36501
36502
36503
40659
40658
36491
36479
36467
36451
36439
40657
40656
36428
36427
36426
36438
36450
36449
36437
36436
36435
36424
36415
36425
36416
36417
36407
36406
36389
36379
36368
36369
36370
36381
36380
36390
36391
36408
36418
35645
36409
36392
40655
40654
36382
36371
40653
40652
40651
36344
36326
36327
40650
40649
36317
36316
36315
36314
36305
36304
36313
36323
36324
36325
36343
36361
36360
36359
36342
36341
36340
36339
36338
36337
36336
36353
36354
36355
36356
36357
36358
36367
36378
36388
36405
36404
36403
36402
36401
36400
36399
36398
36397
36387
36377
35642
36351
36352
36335
36334
36350
36333
36332
36331
36321
36320
36319
35451
36318
36328
36329
36330
36347
36364
36363
36346
36345
36362
35452
36372
36383
36393
36410
36419
36394
36373
36374
36375
36365
36348
36349
36366
36376
36386
36385
35643
36384
36395
35644
36411
35646
36420
36431
36432
36433
35648
36443
36444
36457
36456
36455
36454
36442
36430
36429
36440
36441
36453
36452
35453
36468
36480
36492
36504
36505
36506
36493
36481
36469
36470
36471
36483
36482
36494
36495
36507
36508
36524
36523
36522
36540
36539
36521
36520
35454
36538
35455
36551
35456
36564
35457
36577
35458
36590
35459
36603
36616
35460
36632
35461
36645
35462
36658
36659
36672
36673
36674
35657
36690
36704
35661
36715
36716
36705
35658
36691
36692
36693
36706
36717
36733
36732
36751
36750
36763
36777
35666
36762
36749
36731
35663
36748
36747
36730
35662
36714
35660
36703
36702
36689
36671
36688
36701
36713
36729
35463
36745
36746
36760
36761
35665
36776
36793
36806
36805
36792
36775
36759
36758
36774
36791
36790
36803
36804
35669
36820
36832
35464
36831
35465
36843
36844
36856
35466
36855
35467
36867
36868
35670
36879
35468
36890
36891
36903
36902
35469
36914
36915
36928
36927
36944
36945
36961
36960
36978
36996
37012
35470
37029
37030
37014
37015
37016
37000
36999
36998
37013
36997
36979
36980
36962
36963
36947
36946
36929
36930
36931
36948
36964
36981
36982
36983
37001
37002
36984
36985
37003
37019
37018
37035
37036
35676
37050
37063
37062
37049
37034
37017
37033
37048
35677
37061
37047
37032
37031
37046
37045
37044
37060
37059
37058
37071
37072
37073
37074
37075
37076
37077
37093
37092
37091
37090
37089
37088
37105
37122
37106
37123
37124
37107
37108
37109
37110
37111
37094
37095
37078
37079
37080
37081
37082
37099
37116
37115
37114
37098
37097
37096
37113
37112
37127
37138
37148
37174
37161
37162
37147
37137
37126
35681
37125
37136
35682
37135
37146
37145
37160
37173
37172
35685
37184
37196
35687
37211
35688
37224
37223
37210
37195
37183
37171
37159
37144
37134
37133
37143
35471
37158
35472
37170
37182
37194
37209
37222
37235
37236
37250
37264
37249
35473
37263
37277
37278
37296
37295
37309
37310
37311
37297
37279
37280
37265
37251
35691
37237
35690
37225
37238
37252
37266
37267
37253
37239
37226
37213
37212
37197
37185
37186
37198
37199
37187
37175
37163
37149
37150
37151
37152
37153
37139
37128
37129
37140
37154
37165
37166
37178
37190
37189
37177
37164
37176
37188
35686
37203
37204
37205
37218
37217
37216
37229
37230
37243
37244
37231
37245
37259
37260
37261
37262
37248
40701
37234
37233
37247
37246
37232
35689
37219
37206
37191
37192
37207
37220
37221
40700
40699
37208
37193
40698
40697
37181
37169
40696
40695
37157
37156
37168
37180
37179
37167
37155
35684
37141
37130
37119
35680
37120
37131
37142
35683
37132
40694
40693
37121
37104
35679
40692
40691
37087
37086
37069
37070
40690
40689
37057
37056
37042
37043
40688
31815
31806
31797
31789
31788
31770
31753
31746
30342
31739
30341
31724
31716
30340
31717
30557
31740
31747
31757
31775
31776
31759
31758
31748
31741
31726
31727
31728
31729
31730
31731
31732
31733
31742
31743
31744
31751
31750
31765
31764
31749
31763
31762
31761
31760
31777
31778
31779
31780
31781
31792
31793
31782
31783
31766
31767
31784
31794
31802
31810
30562
31795
31804
31803
31812
31811
31820
31821
31813
31814
31805
31796
30560
31786
31787
35243
35242
31769
31785
31768
31752
31745
31737
31738
35241
35240
35239
35238
35237
35236
31684
31683
31692
31700
31708
31715
31723
31736
31735
31734
31722
31714
31713
31721
31720
31712
31705
31706
31707
31699
31698
31697
31689
31690
31691
31679
30555
31671
31664
31665
31672
31680
31681
31682
31673
31666
31658
31657
31640
31641
31623
31613
31612
31611
31595
31594
31584
31574
31558
31557
31556
31573
31572
31571
31555
31554
31553
31570
31569
31568
31551
31552
30546
30544
31508
31507
31506
30542
31522
31530
31529
31539
31549
31540
31550
31567
31566
31581
31591
31590
31601
31600
31599
31589
31579
31580
31565
31548
31538
31528
31521
31504
31503
31520
31519
31526
31527
31537
31536
31546
31547
31564
31563
30334
31578
30335
31588
31598
30336
31615
31616
31617
31618
31602
31592
31582
31583
31593
31603
31604
31605
31606
31607
31608
31609
31610
31621
31622
31639
31656
31655
31638
31637
31654
31653
31636
31635
31652
31651
31634
31633
31650
31649
31632
31631
31620
31619
31630
31647
31648
31663
31670
30554
31678
31688
31696
31704
31711
31719
31725
30558
31718
31710
31703
31695
31687
31677
31668
31669
31662
31661
30552
31646
31645
31629
31628
31627
31626
31643
31644
31660
30553
31667
31675
31676
31686
31694
31702
30556
31709
31701
30339
31693
30338
31685
30337
31674
31659
40675
40674
36802
35668
36819
36830
40676
40677
36842
36854
40678
40679
36866
36878
40680
40681
36889
36901
40682
40683
36913
40684
40685
36926
35672
36943
36959
36977
40686
40687
37028
35675
37011
35674
36995
36994
36993
36975
36976
36958
36925
36942
36957
36974
36956
36941
36924
36923
36910
36911
36912
36900
36899
36898
36886
36887
36888
36877
36865
36853
36841
36829
36818
36828
36840
36852
36864
36876
36875
36863
36851
36839
36827
36815
36826
36838
36850
36862
36874
36885
36897
36909
36922
36937
36938
36939
36940
35673
36972
36973
36991
36992
37009
37010
37027
37041
37055
37068
37085
37103
37102
37101
37118
37117
37100
37083
37064
37065
37052
37051
37037
37038
37039
37053
37066
37084
35678
37067
37054
37040
37026
37025
37024
37023
37022
37021
37020
37004
36986
36967
36951
36952
36968
36969
36987
37005
37006
36988
37007
37008
36990
36989
36971
36955
36954
36970
36953
36936
36935
36934
36933
36950
36966
36965
36949
36932
36919
36918
36917
36916
36904
35671
36892
36893
36905
36906
36894
36895
36907
36920
36921
36908
36896
36884
36883
36882
36871
36872
36873
36861
36849
36837
36836
36835
36847
36848
36860
36859
36858
36870
36881
36880
36869
36857
36845
36846
36834
36833
36821
36822
36807
36794
36795
36808
36823
36824
36809
36810
36825
36811
36812
36813
36814
36797
36782
36781
36780
36779
35667
36796
36778
35664
36764
36765
36766
36752
36738
36737
36736
36735
36734
36718
36719
36720
36721
36739
36723
36722
36707
36694
36695
35659
36708
36696
36697
36684
36683
35656
36665
36652
36653
36666
36667
36654
36641
36612
36611
36627
36628
36640
36639
36638
36651
36664
36682
36681
36680
36679
36678
36677
36676
36675
36661
36648
36635
36636
36649
36662
36663
36650
36637
36621
36622
36623
36624
36625
36626
36610
36597
36598
36599
36586
36585
36584
36609
36596
36583
36570
36569
36582
36581
36568
36567
36580
36579
36592
36605
36593
36594
36595
36608
36620
36619
36607
36606
36618
36634
36647
36660
36646
36633
36617
36604
36591
36578
36565
36552
36566
36553
36554
36541
36542
36555
36556
36557
36544
36543
36525
36509
36496
36484
36472
36473
36474
35652
36485
35653
36497
36510
36526
36527
36511
36512
36528
36529
36513
36514
36530
36531
36545
36546
36547
36560
36559
36558
36571
36572
36573
36574
36587
36600
36613
35655
36629
36642
36655
36656
36669
36668
36685
36698
36710
36709
36725
36724
36740
36753
36769
36768
36767
36783
36784
36785
36798
36816
36817
36799
36800
36801
36788
36789
36773
36772
36757
40673
36744
36743
36756
36755
36771
36787
36786
36770
36754
36741
36742
36726
36727
36728
36712
36711
36699
36700
40672
40671
36687
36686
36670
40670
40669
36657
36644
36643
36630
36631
40667
40668
31502
31485
31486
31470
31469
31461
31444
31428
31427
31410
31411
31412
31395
31394
31393
31377
31378
31361
31353
31354
31362
31379
31380
31396
31413
31414
31415
31399
31398
31397
31381
31382
31383
31384
31366
31365
31364
31363
30531
31355
31338
31337
31329
31322
31321
31314
31315
31307
31290
31291
31292
30526
31308
31316
31323
31330
31339
31340
31341
31342
31343
31344
31345
31346
31347
31348
31349
31357
31373
31372
31356
31371
31370
31388
31389
31390
31406
31423
31422
31421
31405
31404
31403
31387
31386
31369
31368
31367
31385
31401
31400
31417
31416
31433
31434
31435
31436
31419
31418
31402
31420
31437
31438
31439
31440
31441
31424
31407
31391
31374
31358
31350
31332
31331
30529
31324
31325
31326
31333
31334
30530
31351
35218
35219
31359
31376
31375
30532
31392
35220
35221
35222
31426
31409
30533
31408
30534
31425
30535
31442
31443
30536
31460
35223
26447
25445
26442
25444
26437
25443
26431
25442
26424
25441
26407
26425
26432
26438
26443
26448
26453
25446
26452
26457
26473
25447
26490
25448
26496
25449
26502
26503
26497
26491
26475
26474
26458
26459
26460
26476
26461
26477
26478
26479
26480
26462
26463
26464
26465
26466
26481
26482
26483
26484
26468
26467
26433
26439
26444
26449
26454
26469
26470
26486
26485
26492
26498
26504
26519
26518
26517
26516
26515
26514
26513
26512
26511
26510
26509
26508
31535
31525
31524
30543
31517
30541
31518
35225
35224
31501
30540
30539
31468
31467
31466
31459
31458
30538
31465
31457
31456
31455
31454
31453
31452
31451
31450
31449
31432
31431
31448
30537
31464
31447
31430
31429
31446
31445
31462
31463
31471
31487
31505
31488
31472
31473
31489
31490
31491
31474
31475
31476
31492
31509
31510
31511
31512
31495
31494
31493
31477
31478
31479
31480
31496
31513
31514
31498
31497
31481
31482
31483
31484
31500
31499
31516
31515
31523
31531
30545
30547
31541
31560
31559
30549
31575
31585
31596
31586
31576
31561
31543
31542
31532
31533
31534
31544
31545
30548
31562
35226
35227
31577
31587
35228
35229
31597
30550
31614
35230
35231
31625
31624
31642
30551
35232
35233
35234
35235
26554
25455
26547
25454
26541
25453
26535
25452
26529
25451
26524
25450
26525
26530
26536
26542
26548
26555
26571
25456
26570
25457
26586
26587
25643
26593
26600
25458
26599
25459
26605
25460
26611
25461
26617
26618
25645
26623
25462
26628
26629
26630
26624
26619
26613
26612
26606
26607
26601
26594
26588
26572
25641
25640
26556
26557
26573
26558
26559
26574
26575
26576
26560
26561
26577
26578
26562
26563
26579
26580
26589
26595
26602
26608
26614
26620
26625
26631
26645
26644
26643
26642
26641
26640
26639
26638
26653
26637
26636
26652
26635
26634
25463
26651
26658
25464
26673
26680
26698
25465
26716
25466
26733
25467
26750
25468
26767
25469
26776
25470
26785
25471
26794
25472
26803
25473
26812
25474
26821
25475
26831
26840
25476
26856
25477
26863
25478
26871
25479
26878
25480
26885
25481
26900
25482
26907
25483
26915
25484
26921
26938
26954
25485
26964
26980
25486
26998
27008
25487
27024
25488
27034
25489
27043
25490
27052
27053
27044
27035
27025
27009
27010
27011
27026
27036
27045
27012
27027
27037
27046
27055
27054
27063
27062
27061
27077
35259
32174
32184
35260
32195
30596
30598
32194
32183
32182
32171
32181
32192
32193
32204
32205
32214
32213
32230
32239
32249
32250
32240
32231
30599
35261
35262
32241
32251
35263
35264
32261
30604
30606
30608
35265
35266
35267
35268
35269
35270
35271
35272
35273
35274
35275
32397
32407
32406
32396
32386
32376
32387
32377
32367
32358
32366
32375
32365
32364
32374
32363
32362
32353
32354
32344
32343
32333
32323
32313
32314
32324
32334
32335
32325
32315
32307
32306
32305
32304
32294
32283
32284
32295
32296
32297
32298
32308
32317
32316
32326
32327
32337
32336
32346
32345
32355
32356
32357
32347
32348
32338
32328
32318
32309
32299
32288
32277
32260
32259
32275
32276
32287
32286
32285
32274
32273
30603
32256
32257
32258
32248
32247
32246
32272
32271
32270
32269
30607
30605
32268
32235
32245
32255
32267
32266
32282
32281
32292
32293
32303
32312
32322
32332
32342
32352
32361
32371
32381
32391
32401
32413
32428
30612
32412
32411
32400
32390
32380
32370
32360
32351
32341
32331
32321
32311
32302
32291
32290
32301
30609
32310
32320
32330
32340
32350
30610
32359
32349
30356
32339
30355
32329
30354
32319
30353
32300
30352
32289
32279
32278
32262
32252
32253
32263
32280
32264
32265
32254
30602
32244
32243
30601
32233
32242
32232
32215
32206
32216
32217
30600
32234
32218
32219
32220
32221
32222
32223
32224
32225
32226
32227
32236
32237
32238
32229
32212
32203
32202
32211
32228
32210
32201
32166
32167
32168
32169
32179
32190
32191
32180
32170
32155
32154
32144
32133
32134
30590
32145
30592
32156
32172
32173
32157
32158
32148
32138
32137
32147
32146
32136
32135
32118
32117
32132
32131
32130
32129
32128
32127
32165
32164
32163
32153
32143
32126
32125
32116
32115
30588
32114
32098
32089
32088
30585
32097
32113
30587
32124
30589
32140
32141
32142
32152
30594
32162
32178
32189
32200
32209
32199
32208
32207
30597
32198
32197
32196
30351
32185
30350
32175
32159
32160
32176
32186
32187
32188
32177
30595
32161
30593
32151
30591
32150
32149
32139
32123
32112
30349
32096
32086
30348
32087
32070
32069
32051
32052
32071
32053
32035
32034
32017
32018
32019
32020
32037
32036
32054
32072
32073
32055
32056
32074
32090
30586
32099
32100
32101
32102
32103
32104
32105
32106
32107
32108
32119
32120
32121
32122
35258
32111
32110
32109
32094
32093
32092
32091
32080
32079
32061
32062
32063
32064
32081
32082
32065
32066
32083
32084
30584
32095
32085
32068
32067
32048
32049
32050
32032
30583
35257
35256
32015
32007
35255
35254
31991
31975
35253
35252
31967
31960
35251
35250
31953
31946
35249
35248
31939
30578
31922
31921
31913
31912
31920
31919
31911
31910
30574
31895
31904
31905
31906
31914
31907
35247
31898
31897
31896
31889
31872
31855
31856
30570
31873
30571
31890
35246
35245
35244
30569
31839
31823
31822
31838
31837
31836
30568
31819
30566
30564
31801
31800
31809
31818
30567
31835
31852
31851
31868
31850
31834
31833
31849
31832
31848
31865
31864
31863
31847
31831
31830
31846
31845
31862
31879
31878
31877
31860
31843
31861
31844
31828
31829
31817
31808
31799
31791
30559
31774
31773
31756
31755
31754
31771
31772
31790
30561
31798
31807
30563
30565
31816
31827
31826
31842
31859
31876
30572
31892
30573
31902
31893
31880
31881
31882
31883
31866
31867
31884
31885
31886
31869
31870
31853
31854
31871
31888
31887
31894
31903
30575
30577
31918
31936
31935
31934
31933
31932
31931
31930
31929
31928
31917
31909
30576
31926
31927
31942
31949
31956
31963
30579
31962
31955
31948
31941
31925
31924
31916
31901
31900
31875
31858
31841
31825
31824
31840
31857
31874
31891
31899
30343
31908
31915
31923
30344
31940
30345
31947
30346
31954
30347
31961
31968
31976
31992
31993
31977
31969
31970
31978
31979
31980
31981
31971
31982
31983
31999
32000
31984
31985
31986
32001
32002
32003
31987
31988
32004
32005
32012
32029
32013
31989
30580
31973
31972
31964
31965
31958
31951
31957
31950
31943
31944
31937
31938
31945
31952
31959
31966
31974
31990
30581
32006
32014
32031
32030
32047
32046
32045
32028
32027
32026
32044
32043
32042
32025
32024
32023
32040
32041
32059
32060
32078
32077
32076
32058
32075
32057
32039
32038
32021
32022
32011
31998
31997
31996
31995
32010
32009
30582
31994
32008
32016
32033
40702
40703
37276
37275
37274
37273
37272
37258
37257
37271
37270
37288
37289
35693
37303
37302
35692
37285
37286
37287
37269
37255
37256
37242
37241
37228
37215
37202
37201
37200
37214
37227
37240
37254
37268
37284
37283
37282
37281
37299
37298
37312
35694
37329
35695
37341
35697
37353
37367
37368
37385
37384
37383
37366
37365
37364
35474
37351
37339
37352
37340
37328
37327
46230
42742
42759
42758
42741
42740
42757
42773
42789
42788
42772
42771
42787
42803
42819
42820
42804
42805
42806
42790
42774
42775
46231
46232
42791
42807
42823
42839
46233
42855
42854
42853
42838
42822
42821
42837
42836
42852
42868
42869
42870
42871
46234
46235
42920
41125
42903
41124
42886
42885
42884
42883
42901
42900
42882
42881
42880
41123
41121
42865
42850
42866
42867
42851
42835
42834
42818
42817
42800
42815
42816
41118
42833
42849
42832
42848
41120
42864
42879
42896
42895
42912
42911
42894
42893
42910
42927
41128
42926
42925
41126
42909
42908
42891
42892
42877
42861
42844
41119
42828
41117
42812
41115
41116
42813
42830
42829
42845
42862
42878
41122
42863
42846
42847
42831
42814
42798
42799
42783
42767
42768
42752
42753
42769
42784
42785
42801
42802
42786
42770
42754
42755
42756
42739
42738
42723
42724
42708
42709
42725
42726
42710
42693
42678
46229
42661
46228
46227
42644
42627
46226
46225
42610
42594
42577
42561
42545
42544
42560
42576
42593
42609
42626
42592
42608
42625
42642
42643
42660
42659
41102
42658
41103
42675
42676
42677
42692
42691
42690
42689
42707
41107
42706
42705
42704
41106
42721
42722
42737
42736
42735
42720
42719
41109
42734
42751
42750
42765
42766
42782
42781
42797
41114
42780
41112
42764
41111
41113
42796
42811
42795
42779
42763
42762
42745
42744
42728
42729
42713
42712
42695
42680
42663
42646
42629
42612
42611
42628
42645
42662
42679
42694
42711
42727
42743
42760
42761
42778
42777
42776
42792
42793
42794
42810
42809
42808
42824
42840
42841
42825
42826
42827
42843
42842
42858
42857
42856
42872
42887
42904
42905
42921
51219
51218
51217
48478
48484
48500
48499
48515
48516
51220
48523
48530
51221
51222
48536
48542
51223
51224
48548
46703
48554
48561
51225
40887
43071
40888
43085
43086
43072
43073
43087
43101
43100
40889
43099
40890
43113
43114
41137
43127
43128
43115
43102
43116
43117
43118
43104
43090
43076
43062
43049
43048
43061
43075
43089
43103
43088
43074
43060
43059
43058
41136
43045
43044
40886
43027
43010
42993
42976
42977
42978
42965
41130
42953
42952
42964
42951
40885
42935
42936
42922
42923
42906
42889
42888
42873
42874
42875
42859
42860
42876
42890
42907
42924
41127
42937
42954
42966
42967
42955
42938
42939
42956
42968
42980
42979
42996
42995
42994
43011
43028
43046
43047
43029
43012
43013
43030
43031
43032
43033
43016
43015
43014
42997
42998
42981
42982
42999
43000
43017
43034
43050
43063
43077
43091
43105
43119
43132
43131
43145
43144
43130
43129
43143
43157
43142
43141
40891
43140
43154
40892
43171
43172
43155
43156
43173
43174
43158
43175
43176
43159
43160
43146
43162
43161
43177
43190
43191
43192
43178
43193
43208
43207
43206
43224
43242
41140
43225
43226
41141
43243
43244
43262
43261
43260
43277
43294
43293
43276
43259
43258
43275
43274
43273
43256
43257
43241
43223
43205
41139
43189
43188
43187
43186
41138
43202
43219
43220
43203
43204
43221
43222
43240
43239
43238
43237
43236
43218
43217
43201
43185
43184
43200
43216
43234
43235
43251
43250
43267
43284
43301
43318
43302
43303
41146
43319
43320
43338
43321
43304
43305
43288
43287
43270
43269
43286
43285
43268
43252
43253
43254
43271
43255
43272
43289
43306
43307
43324
43308
43290
43291
43292
43309
43310
43326
43325
41147
43341
43342
43357
43372
43356
43371
41151
43386
43387
43388
43389
43373
43358
43343
43344
43345
43329
43313
43314
43315
43330
43346
43361
43376
43360
43359
43374
43375
43391
43390
43406
43405
43421
43438
43439
43440
43422
43423
43407
43408
43392
43393
43377
43362
43363
43364
46258
46259
43379
43378
43394
43395
43411
43410
43426
43425
43409
43424
43442
43441
43458
43459
43443
41155
43460
43444
41154
43427
46262
46261
46260
37902
37913
37925
35493
37938
37939
37926
37914
37903
37904
37915
37916
35735
37927
37941
37940
37957
37958
35739
37970
37971
37983
37982
37993
38004
38015
38016
38005
37994
37995
37984
37972
37960
37959
37942
37943
37929
37928
37917
37905
35731
37893
37883
37874
37864
37848
37847
35727
37830
37817
37818
35726
37831
37819
37806
37793
37777
37776
37775
37791
37792
37805
37804
37803
37816
37829
37846
37863
37873
37882
37892
37891
35492
37881
35491
37872
35490
37862
35489
37845
35488
37828
35487
37815
35486
37802
35485
37789
35484
37790
37774
37758
37759
37743
37726
37727
37715
37714
37713
37701
37687
37688
37702
37703
37716
37728
37745
37744
37760
37761
37762
37746
37729
37730
37747
37748
37749
37732
37731
37717
37704
35719
37691
37677
37664
37650
37636
37622
35716
37609
37608
37607
37595
37594
37606
37605
37619
37620
37621
37635
37634
37633
37647
37648
37649
37663
37676
37690
37689
37675
37662
37661
37674
37673
37660
37646
37645
37631
37632
37618
37604
37603
35715
37591
37578
37579
37592
37593
37580
37566
37552
37553
37567
37581
37568
37554
37539
37538
37523
37509
35478
37508
37522
37536
37537
37551
37565
37550
37564
37577
37590
37617
37616
35479
37630
35480
37644
35481
37658
37659
35718
37672
35482
37685
37686
37700
37699
35483
37712
37724
37725
37742
37741
37757
37773
46252
46253
46254
46255
43317
43333
46256
46257
43349
43348
43347
43331
43332
43316
43300
41144
43283
41143
43266
41142
43249
43233
43232
43213
43231
43248
43247
43265
43282
43299
43298
43297
43296
43312
43328
43327
43311
41145
43295
43278
43279
43280
43281
43264
43263
43245
43246
43230
43229
43228
43227
43209
43194
43179
43180
43195
43210
43211
43212
43197
43196
43181
43167
43166
43165
43164
43163
43147
43133
43120
43106
43092
43078
43064
43051
43036
43035
43018
43019
43020
43037
43052
43065
43080
43079
43093
43094
43095
43109
43110
43096
43082
43081
43067
43066
43053
43054
43068
43069
43083
43097
43111
43125
43124
43137
43136
43135
43122
43123
43108
43107
43121
43134
43148
43149
43150
43138
43170
43169
43152
43151
43168
43182
43183
43198
43199
43214
43215
46251
46250
46249
43153
46248
46247
43139
43126
46246
46245
43112
43098
46244
46243
43084
43070
46242
46241
43057
43042
43056
43055
43041
43040
43039
43022
43038
43021
43004
42987
42986
43003
43002
43001
42985
42984
42983
42969
42957
42940
42941
42942
42958
42970
42971
42959
42944
42943
42928
42913
42914
42897
42898
42915
42929
42930
42916
42899
42917
42931
42932
42918
42902
42919
42933
42948
42947
42962
42963
42975
42974
42973
42961
42946
42945
42960
42972
42988
43005
43006
43023
43024
43025
42989
42990
42991
41133
43007
43008
43009
41134
43026
41135
43043
46240
46239
46238
46237
42992
41132
41131
41129
42950
42949
42934
46236
37494
35477
37480
37467
37454
37455
37456
37469
37468
37481
37495
35706
37482
37496
37510
35707
37524
37511
37497
37483
37471
37470
37457
37458
37459
37472
37484
37485
35704
35702
37460
37461
37474
37473
37486
37500
37501
37515
37514
37528
37529
37530
37516
37517
37503
37504
37490
37491
37477
37464
37451
37450
37463
35703
35705
37476
37489
37488
37502
37487
37475
37462
37448
37447
37434
37421
37420
37419
37418
37417
37416
37433
37446
37445
37444
37443
37442
37441
35476
37428
35475
37411
37398
37381
37382
37399
37412
37429
37413
37400
37401
37414
37430
37431
37432
37415
37402
37386
37387
35700
37388
37389
37390
37372
37371
37370
37369
35698
37355
37354
37342
37343
37331
37330
37313
37314
37300
37301
37315
37316
37317
37318
37344
37356
37345
37333
37332
37319
37320
37321
37322
37334
35696
37346
37359
37358
37357
37374
37373
37391
37403
37404
37392
37375
37376
37377
37360
37347
37348
37361
37362
37349
37337
37336
37335
37323
37305
37304
37290
37291
37292
37293
37294
37308
37307
37306
37324
37325
37326
40704
37338
37350
40705
37363
37380
37397
40706
40707
40708
37410
37409
37396
37379
37378
37395
37408
37425
37424
35701
37407
37394
35699
37393
37406
37405
37423
37422
37435
37436
37449
37437
37438
37439
37426
37427
37440
40709
40710
37453
37452
37465
37466
37479
37478
37492
37493
40711
40712
37507
37506
37505
37519
37518
37532
37531
37545
37544
37543
37542
35710
35709
35708
37527
37513
37499
37498
37512
37526
37525
37540
37541
37555
37556
35711
37569
35712
37582
35713
37596
35717
37623
37610
37611
37597
37583
37584
37598
35714
37585
37586
37599
37600
37601
37588
37575
37574
37587
37573
37572
37571
37570
37557
37558
37559
37560
37546
37533
37547
37561
37562
37548
37534
37520
37521
40713
40714
37535
40715
37549
37563
37576
40716
40717
37589
37602
40718
37615
37629
40719
37643
37642
37628
37614
37613
37612
37626
37627
37641
37655
37669
37670
37656
37657
40720
40721
37671
37684
40722
40723
37711
37698
37683
37697
37710
37709
37696
37682
37681
37695
37708
37707
37706
35720
37693
37694
37680
37679
37667
37666
37652
37653
37668
37654
37640
37625
37624
37639
37638
37637
37651
37665
37678
37692
37705
37718
37734
37733
37750
37765
37766
37782
37781
37780
37764
37763
37778
37779
37794
37807
37820
37834
37833
37832
37849
37850
37851
37865
37875
37884
37894
37906
35733
37918
37930
35736
37944
35737
37961
37973
37985
37996
38007
38018
35745
38006
38017
38029
38045
38046
38047
38063
38081
38095
38106
38105
38094
38093
38078
38079
38080
38062
38061
38060
38044
38028
38027
38043
38042
38026
38025
38014
38003
37992
37981
37969
37956
37955
37968
35494
37980
35495
37991
35496
38002
35497
38013
38024
38040
38056
38074
43620
43636
43635
43651
43652
43662
43661
43671
43672
46266
46267
46268
43706
43705
41175
43704
43721
43722
43723
43732
46269
46270
43740
43747
43748
46271
46272
43756
43765
46273
46274
43782
43781
43780
41180
43763
43764
43755
43754
43746
43738
43739
43731
43730
43720
43719
43718
43729
43737
43745
43753
43762
43779
43778
43777
43761
43752
43744
43736
43728
43717
43716
43700
43701
43685
43702
43703
43686
43687
43688
43689
43670
43669
43668
43659
43660
43650
43649
43648
43658
41173
43647
43632
43631
43630
43629
43645
43646
43657
43667
43684
43683
43682
43699
43715
43714
43713
43697
43698
43681
43680
43679
43696
43712
41176
43711
43694
43695
43678
43677
43665
43666
43656
43655
41172
41174
43664
43654
43638
43622
43609
43591
43592
43593
43594
43595
43613
43626
43625
43612
43611
43610
43623
43624
41171
43639
43640
43641
43642
43643
43644
43628
43627
41170
43614
43596
43597
43598
41168
43599
43581
41167
43565
43566
43567
43568
43583
43582
43600
43601
43615
43616
43617
43602
43603
43604
43618
43633
43634
43619
41169
43605
43606
43607
43589
46265
43573
41165
43572
43588
43587
43586
43571
43570
43585
43584
43569
43551
43550
41164
41162
43535
43536
43521
43522
43537
43552
43553
43538
43539
43554
43555
43556
43541
43540
43525
43526
43510
43494
46264
46263
43477
41156
43476
41157
43493
43509
43508
43524
43523
43507
43506
43491
43492
43475
43474
43473
43457
43456
43472
43471
43455
43454
43437
43420
43404
43403
43419
43418
43402
43401
43385
43370
43355
43340
43323
43322
43339
41148
43354
41149
43369
41150
43384
41152
43400
41153
43416
43417
43434
43433
43432
43431
43448
43449
43450
43451
43452
43435
43436
43453
43470
43487
43488
41159
43504
43489
43490
43505
43520
41160
43503
43502
43519
43534
43549
43548
43564
43580
43579
43578
43577
43561
43562
43563
43547
43546
41163
43531
41161
43532
43533
43518
43517
43500
43484
43485
43501
43486
43469
43468
43467
43466
43465
43464
43463
43447
43430
43414
43415
43399
43383
43368
43353
43337
43336
43352
43351
43335
43334
43350
43365
43380
43396
43381
43366
43367
43382
43398
43397
43413
43412
43428
43429
43446
43445
43462
43461
43478
43495
43511
43496
43479
43480
43481
43482
43483
41158
43499
43516
43515
43498
43497
43513
43514
43530
43545
43560
43576
43575
41166
43559
43558
43543
43544
43529
43512
43528
43527
43542
43557
43574
43590
43608
43621
40893
43637
43653
43663
43673
43674
43691
43708
43707
43690
51254
48940
48939
48928
48929
51253
48919
48903
48887
48886
48876
48877
48859
48843
51252
51251
48838
48832
51250
51249
48826
46718
48809
51248
51247
48804
48799
51246
51245
48794
46717
48789
51244
51243
48773
48768
51242
51241
48763
48758
51240
51239
48753
48748
51238
51237
48743
46712
48726
51236
51235
48720
48725
48724
48718
48719
48714
51234
51233
48708
48707
48713
48712
48706
46710
48689
48671
48672
48690
48691
48673
48655
48654
48638
48639
51232
51231
48631
48623
48622
48606
48607
51230
51229
48599
48592
51228
51227
48584
48576
51226
48568
48560
46706
48567
48575
48583
48574
48582
48590
48591
48598
48597
48605
48621
46708
48628
48629
48630
48637
48653
48652
48636
48651
48669
48670
48688
48687
48686
48705
48704
48703
48685
48667
48668
48650
48649
48648
48666
48684
48702
48701
48700
48699
48698
48680
48681
48682
48683
48665
48647
48646
48664
48663
48662
48645
48644
48643
48661
48642
48635
48627
48612
48613
48614
48615
48616
48617
48618
48619
48620
48604
48596
48589
48581
48573
48566
48559
48553
48547
48541
48535
48529
48522
48513
48512
48511
48496
48497
48514
48498
46697
48482
48483
48477
48461
48456
48450
48433
48432
48431
48414
48415
46692
48398
48399
48416
48434
46693
48451
46695
51216
51215
51214
48417
48400
51213
51212
48394
48389
51211
51210
48384
48383
48388
48393
48392
48387
48382
48378
48360
48361
48379
46688
51209
48362
48355
48349
48348
46685
48354
48353
46687
48377
48376
48375
48374
48373
48372
48371
48370
48369
48368
48367
48366
48365
46689
48381
48386
46690
48391
46691
48404
48421
48438
48439
48422
48405
48406
48407
48424
48423
48440
48441
48442
48425
48408
48409
48426
48443
48444
48445
48446
48429
48428
48427
48410
48411
48412
48413
48430
48447
48448
48449
48455
48460
48476
48475
48474
48473
48472
48471
48495
48510
48509
48494
48508
48507
48506
48491
48492
48493
48470
48469
48468
48467
48466
48490
48489
46698
48505
48521
48528
48534
48540
48539
48533
48538
46700
48532
46699
48525
48526
48527
48520
48519
48518
48502
48486
48487
48503
48504
48488
48481
48480
46696
48464
48458
48465
48459
48454
48453
46694
48437
48420
48403
48397
48396
48402
48419
48436
48435
48418
48401
48395
48390
48385
46431
48380
48363
48356
48350
48332
48325
48308
48309
48326
48334
48333
48351
48357
48364
48358
48359
46686
48352
46684
48335
48336
48337
48338
48339
48340
48341
48342
48343
48344
48345
48346
48347
48329
48330
48331
51208
51207
48324
48307
51206
51205
48290
48289
48306
48323
48322
46682
48305
46681
48288
48304
48321
48328
48320
48319
48303
48302
48301
48318
48317
48300
48299
48316
48298
48315
48314
48313
48312
48327
46683
48311
48294
48293
48310
48292
48291
48284
48285
48286
48278
46679
48279
48280
46680
48287
48295
48296
48297
48266
48267
48268
48269
48270
48271
48272
48273
48258
48274
48259
48275
48281
48282
48283
51204
51203
48276
46678
48260
51202
48253
48252
48234
48235
48236
46676
51201
51200
51199
48227
48226
48217
48218
48201
48184
48183
48200
48216
48225
48215
48214
48196
48195
48194
48193
48192
48191
48190
48207
48208
48209
48210
48211
48212
48213
48224
48233
48251
48250
48249
48248
48247
48246
48245
48244
48243
48242
48241
48240
48231
48230
48221
48204
48203
48220
48229
48238
48239
46677
48255
48256
48257
48265
48264
48263
48262
48277
48261
48254
48237
48228
46430
48219
46429
48202
46428
48185
46427
48186
48178
48177
48169
48161
48170
48162
48163
48171
48179
48187
48188
48205
48222
48232
48223
46675
48206
48189
46674
48180
46673
48172
46672
48164
46670
48148
46669
48131
48132
48133
48134
48149
48150
48151
48135
48136
48152
48153
48137
48138
48139
48154
48155
48156
48165
48173
48181
48197
48198
48199
48182
48174
48175
48167
48166
46671
48157
48158
48142
48141
48140
48123
48124
48125
48126
48118
48117
48116
48115
48108
48109
48110
48102
48101
48100
48091
48073
48090
46663
48089
48088
48087
48086
48085
48067
48068
48069
48070
48071
48072
48055
48056
48044
48035
48026
48017
48009
48000
47991
47992
47983
47982
47974
47973
47965
47966
47967
47968
47976
47975
47984
47993
48002
48001
48010
48018
48019
48011
48012
48003
48004
47995
47994
47985
47986
47977
47969
47960
47943
47926
47927
51181
51182
47944
47961
51183
51184
47970
47978
51185
51186
47987
47996
51187
51188
48005
48014
51189
51190
48022
48021
48013
48020
48029
48028
48027
48036
48045
48046
48037
48038
48047
48048
48049
48040
48039
48030
48031
51191
51192
51193
51194
48060
48077
48076
48075
48059
48058
48057
48074
48092
48093
48094
48095
48104
46665
48103
48111
48119
51195
51196
48127
48143
48144
48160
48159
48168
48176
51197
51198
42487
42488
42475
42474
42457
42444
40883
42431
40882
42419
42407
42394
40881
42381
42363
42347
42330
42320
40880
42306
42296
40879
42287
41080
42277
40878
42267
40877
42257
40876
42247
42238
41077
42229
42220
42211
42202
42193
42183
42173
42162
42163
42150
42135
51178
51177
51176
46650
47863
47878
46652
47894
46653
47911
51179
51180
47920
47919
47918
47925
46656
47942
47959
47958
47957
46657
47941
47940
47939
47956
47955
47938
47937
47954
47953
47952
47936
47935
47934
47951
47933
47923
47916
46654
47900
47899
47898
47915
46655
47914
47897
47881
47866
47867
47868
47882
47883
47901
47884
47870
47869
47852
47853
47854
47855
47872
47871
47885
47902
47903
47886
47887
47904
47905
47906
47924
47917
47908
47907
47890
47889
47888
47873
47856
47857
47874
47875
47858
47859
47842
47832
47831
47830
47829
47828
47827
47826
47810
47811
47812
47813
47814
47815
47816
47798
47799
47833
47843
47860
46651
47876
47891
47892
47909
47910
47893
47877
47861
47862
47844
47834
46648
47835
47845
47846
51175
51174
47836
47819
47820
51173
51172
47803
47802
47818
47817
46647
47800
47801
47790
47789
47778
47779
47769
47752
47753
46643
47770
47781
47780
47791
47792
51171
51170
51169
51168
46642
46641
47727
47736
47726
47717
47701
47718
47702
47684
47669
47668
47683
47700
47699
47715
47716
47725
47735
47734
47751
47750
47749
47766
47767
47768
47777
47788
47787
47776
47765
47764
47763
47762
47761
47744
47745
47746
47747
47748
47732
47733
47724
47723
47714
47698
47697
47713
46639
47712
47711
47694
47710
47709
47708
47707
47691
47673
47658
47659
47674
47692
47693
47675
47676
47677
47695
47696
47678
47679
47680
47681
47682
47667
47666
47665
47664
47663
47662
47661
47660
47634
47618
47635
47636
47619
47620
47621
47637
47638
47622
47623
47606
47596
46630
47580
47581
47597
47607
47624
47640
47639
47647
47648
47649
47641
47650
47651
51167
41953
41962
41978
41996
42012
42028
42043
42055
42056
42068
42067
42080
42092
42108
42120
42109
42110
42111
42122
41062
42121
41064
42136
41066
42151
42164
42165
42152
42137
42138
42153
42154
41067
42166
42167
42177
42178
42188
42198
42197
42187
42176
42186
42196
42206
42207
42216
42225
42234
42243
42242
42252
42262
42272
42282
42291
42281
42290
42289
42280
42269
42259
42249
42260
42270
42271
42261
42251
42250
42241
42232
42233
42224
42215
42205
42214
42223
42222
42213
42204
42195
42185
42175
41069
42174
41070
42184
41071
42194
41073
42203
41074
42212
41075
42221
41076
42230
42231
42240
42239
41078
42248
42258
42268
42278
42279
42288
42298
42297
42308
42307
42321
42332
42331
42348
42364
42382
42383
42365
42349
42350
42366
42367
42351
42334
42333
42322
42309
42310
42311
42299
42300
42301
41081
42312
42324
42323
42335
42336
42337
42354
42338
42355
42371
42372
42356
42339
42340
42325
41082
42313
42314
42326
42343
42342
42341
41084
42357
42375
41086
42374
42373
42388
42400
42401
42412
42425
42426
42413
42414
42402
42403
42415
41089
42428
42416
42417
42429
42442
42455
42472
42485
42498
42511
42510
42497
42496
42509
42525
42542
42558
41097
42541
41095
42524
41094
42508
42495
42494
42493
42480
42481
42482
42483
42484
42471
41091
42454
42441
41090
42427
42440
42453
42470
42469
42452
42439
42438
42451
42468
42467
42466
42465
42464
42463
42450
42437
42436
42449
42462
42448
42435
42422
41088
41087
42409
42397
42398
42410
42423
42424
42411
42399
42387
41085
42370
42369
42353
42352
42368
42386
42385
42384
42396
42395
42408
42421
42420
42432
42445
42458
42459
42446
42433
42434
42447
42461
42460
41092
42476
42489
42502
42501
40884
42500
42513
42529
42546
42562
42578
42595
42596
42597
42598
42580
42579
42564
42563
42547
42548
42530
42514
42515
42531
42532
42533
42516
42517
42534
42535
42518
42504
42503
42491
42490
41093
42477
42478
42479
42492
42505
42519
42520
42536
42537
42521
42506
42507
42557
42572
42573
42590
42589
42571
42570
42556
41096
42540
42523
42522
42539
42538
42555
42554
42568
42569
42586
42587
42588
41099
42605
42606
42623
42622
42639
42656
42673
42672
41105
42671
42670
42653
42654
42655
42638
42637
42621
42620
42604
42603
42585
42567
42553
42552
42566
41098
42551
42550
42549
42565
42581
42599
42615
42616
42617
42601
42600
42582
42583
42584
42602
42618
42619
42636
42635
42652
42651
42669
42685
42684
41104
42668
42667
42650
42634
42633
42632
42631
42614
42613
42630
42647
42648
42649
42666
42665
42664
42681
42696
42697
42682
42683
42698
42716
42715
42714
42730
42746
42747
42731
41108
42732
41110
42748
42749
42733
42718
42717
42699
42700
42701
42702
42703
42686
42687
42688
42674
42657
42640
42641
41101
42624
41100
42607
42591
42574
42575
42559
42543
42526
42527
42528
46224
46223
46222
42512
42499
46221
46220
42486
42473
46219
42456
42443
46218
42430
42418
46217
46216
42406
42393
42380
42362
42361
42379
42392
42405
42404
42391
42378
42377
42390
42389
42376
42358
42359
42360
42344
41083
42345
42346
46215
46214
42329
42319
42304
42294
42305
46213
46212
42295
42286
46211
46210
46209
46208
42246
42245
42255
42256
42266
42276
42265
42264
42274
42275
42285
42284
42293
42303
42317
42318
42328
42327
42316
42315
42302
42292
42283
42273
42263
41079
42253
42254
42244
42235
42236
42237
46207
46206
42228
42227
42226
42217
42218
42209
42208
42199
41072
42189
42190
42191
42200
42201
42210
42219
46205
46204
42192
46203
46202
42182
42181
42180
42179
42169
42170
42171
42160
42172
42161
46201
42149
42148
42134
42133
42132
42146
42147
42159
42158
41068
42157
42145
42144
42129
42128
42143
42142
42127
42126
42141
42140
42156
42168
42155
42139
41065
42123
42112
42113
41063
42124
42125
42114
41060
42097
42098
42099
42100
42101
42102
42103
42115
42130
42131
42116
42117
42104
42105
42118
42119
41061
42107
42106
42090
42091
46200
42079
42066
42078
42065
42053
42054
42042
42027
42026
42041
42052
42064
42077
42089
42088
42087
42086
42074
41056
42061
42062
42049
41052
42037
42022
42023
42024
42038
42050
42063
42075
42076
41054
42051
42039
42040
42025
42011
41993
41992
42010
42009
42008
42007
42006
42021
42036
42035
42060
41055
42085
42073
42059
42072
42083
42084
42096
42095
41059
42071
42070
42082
42094
42093
41058
42081
41057
42069
42057
42044
41051
42029
41049
42014
42013
41997
41979
41963
41954
41955
41964
41965
41966
41967
41982
41981
41980
41998
41999
42000
42016
41050
42015
42030
42045
41053
42058
42046
42031
42032
42047
42048
42033
42034
42020
42005
41987
41986
41985
42003
42004
42019
42018
42017
42002
42001
41983
41984
41968
41957
41947
41937
41938
41948
41958
41969
41970
41971
41972
41988
41989
41973
41974
41990
41991
41975
41046
41959
41949
41047
41976
41994
41048
41995
41977
41961
41952
46199
41941
41940
41951
41960
41045
41950
41939
41043
41042
41929
41919
41909
41910
41920
41930
41931
41921
46198
41911
46197
46196
41901
41900
41899
41040
41898
41882
41866
41849
41850
41867
41039
41883
41884
41885
41869
46195
46194
41835
41852
41868
41038
41851
41037
41834
41036
41823
41824
46193
41813
41798
46192
41030
41782
41797
41812
41811
41810
41796
41031
41781
41029
41765
41764
41763
41780
41795
41809
41821
41822
41833
41832
41848
41865
41864
41847
41846
41863
41862
41879
41880
41881
41897
41896
41895
41894
41893
41908
41918
41928
41927
41917
41907
41041
41892
41891
41875
41874
41857
41856
41839
41840
41841
41858
41859
41876
41877
41878
41861
41845
41844
41860
41843
41842
41830
41035
41831
41820
41819
41034
41804
41032
41789
41788
41818
41829
41838
41855
41854
41871
41872
41873
41890
41906
41916
41926
41925
41915
41905
41889
41888
41904
41913
41914
41924
41923
41933
41934
41935
41936
41946
41044
41956
41945
41944
41943
41942
40875
41932
40874
41922
40873
41912
40872
41902
41903
41887
41886
41870
41853
41836
41837
41826
41827
41828
41817
41802
41803
41787
41786
41771
41772
41773
41774
41775
41790
41033
41805
41791
41776
41777
41792
41806
41807
41808
41794
41779
41793
41778
41760
41759
41743
41729
41024
41728
41727
41027
41742
41758
41757
41028
41756
41755
41754
41770
41785
41801
41816
41815
41825
41814
41799
41783
41800
41784
41769
41768
41753
41737
41721
41738
41739
41740
41741
41725
41726
41716
41715
41706
41705
41704
41713
41714
41724
41723
41722
41712
41711
41703
40871
41686
40870
41023
41687
41680
41681
41688
41689
41690
41691
41692
41693
41694
41695
41696
41697
41707
41717
41733
41732
41731
41730
41744
41745
41761
41762
41746
41747
41748
41749
41734
41025
41718
41750
41766
41767
41751
41752
41736
41735
41026
41719
41720
41710
41701
41702
46191
46190
46189
41678
46188
41660
41677
41685
41684
41683
41699
41700
41709
41708
41698
41682
41674
41675
41676
41659
41658
41651
41645
41638
41631
41624
41618
41611
41604
41596
41588
41597
41605
41612
41619
41625
41632
41639
41646
41652
41022
41653
46187
46186
46185
46184
46183
46182
46181
41598
41019
41590
41589
41581
41582
46180
41583
41566
41550
41532
41533
46179
46178
46177
46176
41526
41525
41524
41531
41549
41565
41564
41580
41579
41578
41587
41595
41603
41610
41617
41623
41630
41637
41644
41650
41657
41673
41672
41671
41670
41669
41668
41667
41666
41665
41664
41656
41655
41663
41662
41679
40869
41661
41654
40868
41647
41641
41640
40867
41633
40866
41626
40865
41627
41634
41628
41635
41642
41021
41648
41649
41643
41636
41629
41622
41621
41620
41020
41614
41613
40864
41606
40863
41599
40862
41607
41608
41615
41616
41609
41602
41594
41586
41569
41568
41567
41018
41584
41585
41593
41601
41600
41592
41591
40861
40860
41551
41552
41553
41536
41537
41017
41528
41535
41534
41527
41519
40859
41520
41521
41513
41512
41016
41505
41506
41490
40858
41489
51138
47171
47170
47177
47178
51139
47186
47202
47201
47211
47221
47222
47212
51140
51141
51142
47232
47231
47240
47241
51143
47250
47261
47260
47249
47230
47229
47228
46606
47238
47239
47248
47259
47258
47247
47257
46608
47268
47279
47290
47300
47311
47328
47327
47326
47325
47324
47323
47322
47321
47337
47336
47335
47345
47356
47357
47346
47347
47358
47359
47360
47361
47362
47378
47377
47376
46613
47375
47374
47373
47391
47400
47401
46615
47402
47403
47404
47405
47406
47407
47408
46616
47415
47416
47424
47432
47449
47433
46618
47417
47410
47394
47393
47409
46614
47383
47382
47392
47381
47380
47379
47363
47364
47348
47338
47365
46612
47349
47339
46610
47312
47313
47314
47303
47302
47301
47291
47292
47293
47282
47281
47280
47269
47270
47271
47272
51144
51145
47283
47294
51146
51147
47304
51148
47315
47331
47330
47329
47340
47350
47366
47384
47385
47367
47351
47341
47342
51149
51150
47352
51151
47368
47386
51152
47395
47411
47418
47425
51153
47434
47450
47466
47483
51154
51155
47495
47494
47493
47492
47504
47505
47506
47507
51156
51157
47519
47531
51158
51159
51160
47543
47542
46628
47560
47572
51161
51162
47583
47599
51163
51164
47609
51165
51166
47642
46633
47625
46632
47608
47598
47582
47571
47559
47541
47540
47529
47530
47518
47517
47516
47528
47527
47539
47538
47526
47514
47515
47503
47502
47490
47491
47479
46622
47480
47481
47482
47465
46621
47448
47447
47464
47463
46620
47446
47430
47431
47423
47422
47445
47444
47462
47478
47477
47476
47475
47459
47460
47461
47443
47442
47441
47440
47458
47457
47439
46619
47456
47455
47454
47453
47469
47470
47471
47488
47487
47500
47512
47513
47501
47489
47472
47473
47474
46623
46624
46625
46626
46627
47551
47552
47553
47554
47555
47556
47557
47558
47570
47569
47568
47579
47595
47594
47593
47592
46631
47591
47590
47589
47588
47604
47605
47615
47631
47616
47617
47633
47632
47646
47657
47672
46635
47656
47645
47630
47614
47629
47628
46634
47644
47627
47643
47626
47610
47600
47584
47573
47574
47585
47601
47611
47612
47613
47603
47587
47602
47586
47575
47563
47564
47565
46629
47576
47577
47578
47566
47567
47550
47549
47537
47525
47524
47523
47522
47534
47535
47536
47548
47547
47546
47545
47562
47561
46415
47544
47532
47520
47533
47521
47509
47508
47496
47484
47485
47497
47510
47511
47499
47498
47486
47468
47467
47451
47452
47435
47436
47437
47438
47429
47421
47414
47399
47390
47372
47371
47370
47388
47389
47398
47413
46617
47420
47428
47427
47426
46414
47419
47412
47397
47396
47387
47369
47353
47354
47355
47344
46611
47334
47333
47343
47332
46413
47316
47305
46412
47306
47317
47318
47307
47295
46609
47296
47297
47308
47319
47320
47310
47309
47298
47299
47289
47288
47287
47286
47276
47275
47274
47285
47284
46411
47273
46410
47262
46409
47251
46408
47252
47263
47264
47253
47242
46607
47233
46407
46406
47223
47224
47234
47243
47244
47254
47265
47266
47277
47278
47267
47256
47255
47245
47246
47237
47236
47235
47225
47215
47214
47213
46405
46404
47203
47187
46403
47179
47180
47188
47204
47205
47189
47181
47174
47159
47190
47206
47207
47217
47216
47226
47227
47195
47194
47193
47192
47191
46605
46604
47160
47161
47162
47163
47164
47165
47166
47167
47168
46603
47175
47183
47182
47196
47197
47198
47199
47209
47208
47218
47219
47220
47210
47200
47184
47185
47176
47169
46601
47152
47146
47145
47144
47143
47142
47141
47140
47139
47138
47137
47136
47120
47121
47122
47123
47124
47125
47126
47127
47128
47129
47130
47131
47147
47153
47154
51137
47148
47133
47132
47116
47112
46594
47107
47108
47103
47102
47097
47091
47092
47098
47099
47104
47109
47113
47117
51136
51135
51134
51133
51132
47093
47088
47071
51131
46589
51130
51129
47031
47048
47051
47050
47046
47047
47029
47030
47012
47011
47028
47027
47026
47045
47044
47043
47042
47025
47024
47023
47041
47040
47022
47021
47039
47038
47037
47020
47019
47018
47036
47035
47034
47017
47016
47015
47010
47006
47002
46998
46982
46977
46397
46976
46981
46997
46398
47001
46399
47005
46400
47009
47014
47032
47033
46588
47049
47053
47052
46401
47068
47074
47054
47055
47056
47057
47058
47059
47060
47061
47062
47063
47064
47065
47066
47067
47069
47070
47087
47086
47085
47084
47083
47082
47081
47080
47079
47078
47077
47076
47075
47090
47096
47101
47106
47111
47115
47119
46597
46599
47135
46600
47151
47158
47157
47173
47172
46602
47156
47155
47149
47150
47134
46598
47118
46596
47114
46595
47110
46593
47105
46592
47100
46591
47095
47089
46590
47073
47072
46402
47094
56709
52068
52075
56710
56711
52081
52088
56712
56713
52095
52102
56714
56715
52110
52118
56716
56717
52135
52134
52151
52152
52160
52159
52166
52167
52168
56718
56719
52175
56720
52182
52181
52174
52173
52180
52187
52188
52189
56721
56722
52196
52195
52194
51603
52202
52203
52204
52214
56723
56724
52224
52234
56725
56726
52243
52253
56727
56728
52263
52262
52261
52251
52252
52242
52233
52232
52241
52240
52250
52260
52259
52249
52239
52230
52231
52220
52221
52222
52223
52213
52212
52211
52210
52201
52193
52186
52179
52172
52165
52157
52148
52149
51598
52158
52150
52133
51596
52116
52117
52109
52108
52100
52101
52094
52093
52107
52115
52132
52131
52147
52146
52145
52129
52130
52099
52092
52085
52078
52072
52065
51587
52058
52059
52066
52073
52079
52086
52087
52080
52074
52067
52060
52061
52053
56708
56707
52047
52046
52052
52051
52045
52040
52039
52022
51998
51999
52000
51582
52007
51583
52023
52024
51584
52041
51585
52025
56706
52009
52008
52002
52003
51987
51970
51579
51964
51578
51576
51954
56705
56704
51948
51947
51942
51937
51573
51921
51920
51919
51918
51917
51916
51915
51914
51913
51912
51911
51910
51909
51925
51926
51927
51928
51929
51930
51931
51932
51933
51934
51935
51936
51941
51946
51952
51953
51959
51958
51963
51969
51986
52001
51985
51984
51983
51982
51997
51996
51981
51980
51979
51994
51995
52017
52018
52019
52020
52021
52038
52037
52036
52035
52034
52033
52016
52015
52032
52031
52014
52013
52030
52044
52050
52049
52043
52028
52029
52012
52006
51581
51989
51990
51991
51992
51993
51978
51977
51976
51975
51974
51973
51972
51971
51580
51988
52005
52004
52010
52011
52027
52026
51393
52042
51586
52048
51394
52054
52055
52056
52057
52064
52071
52077
52084
51593
52098
52091
52090
51592
52083
51591
52076
51590
52070
51589
52063
51588
52062
52069
52082
52089
52096
52103
52097
51594
52104
52105
52106
52114
52113
52112
51595
52111
52120
52119
51395
52136
52154
52153
51396
52161
52162
51599
52169
51600
52176
51397
52183
51601
52190
52191
52184
52177
52170
52163
52155
52137
52121
52122
52123
52124
52125
52126
52127
52128
52144
52143
52142
52141
51597
52140
52139
52138
52156
52164
52171
52178
52185
52192
51602
52209
52219
52218
52208
52200
52199
52198
52197
51398
52205
51399
52215
51400
52225
52235
51604
52226
52216
52206
52207
52217
52227
52228
52229
52238
52237
52236
52246
52247
52248
52258
52268
52277
52276
51605
52267
52257
52256
52266
52255
52245
51401
52244
51402
52254
51403
52264
52265
52275
51606
52284
52302
52319
52301
52274
51404
52283
52300
52318
51405
52327
52338
52337
51406
52348
52359
52375
52389
52399
52409
51407
52426
51408
52435
51409
52444
51410
52453
51411
52462
51412
52471
51413
52479
52496
52505
51414
52513
52521
51415
52538
52555
52571
52588
52589
52607
52608
52590
52573
52572
52556
52557
52558
52540
52539
51622
52522
52523
52514
52515
52524
52525
52526
52541
52559
52575
52574
52591
52609
52626
52625
52635
52636
52646
52645
52644
52634
52624
52606
52623
52633
51416
52643
51417
52654
51418
52665
51419
52676
52687
52704
52721
52722
52705
52688
52677
52666
52655
52656
52657
52647
52658
52669
52668
52667
52678
52679
52680
52691
52690
52689
52706
52723
52735
52734
52745
52756
52755
51420
52744
52733
62353
58550
58549
58535
58536
58522
58521
58520
58506
58507
58508
62352
62351
58494
58493
58479
58480
62350
58463
62349
62348
58450
58437
58436
58424
58423
58410
58411
58425
58412
58400
62347
58388
58387
58399
58398
58386
58385
58397
57190
57192
58409
58422
57193
57195
58434
58435
58448
58449
58462
58461
58447
58460
58476
58503
58489
58474
58475
58459
58446
58433
58421
58408
58396
58384
58373
58355
58372
58371
58370
58369
58368
58383
58395
58394
58393
58392
57191
58404
58405
58418
58417
58416
58415
57194
58427
58428
58429
58430
58443
58456
58470
58457
58444
58431
58419
58406
58407
58420
58432
58445
58458
58471
58472
58473
58488
58502
58516
58530
58544
58543
58529
58515
58501
58487
58486
58469
58468
58455
58442
58441
58454
58467
58484
58498
58497
58496
58510
58524
58525
58511
58512
58513
58499
58485
58500
58514
58528
58542
58541
58527
58526
58540
58539
58538
56981
58537
56982
58551
58552
58553
58554
58568
58582
58599
58598
58581
58567
58566
56983
58565
58579
58580
58597
58596
58613
58614
58615
57201
58630
58631
58632
58616
58617
58633
58647
58646
58645
58672
58658
58644
56984
58643
56985
58657
56986
58671
56987
58685
58686
57202
58699
58700
58701
58715
58716
58730
58729
58743
58744
58758
58759
58760
58746
58745
58731
58732
58733
58747
57203
58761
58778
58779
57204
58780
58762
58763
58781
58764
58748
58749
58735
58734
58720
58721
58707
58706
58693
58694
58680
58666
58652
58638
58637
58651
58665
58679
58705
58719
58718
58717
58703
58690
58691
58704
58692
58678
58677
58663
58664
58650
58649
58662
58676
58675
58674
58689
58702
58688
58687
58673
58659
58660
58661
58648
58634
58618
58601
58600
58583
58584
58585
58571
58570
58569
58555
58556
58557
58558
58572
58586
58587
58588
58605
58604
58603
58602
58619
58635
58636
58620
58621
58622
58623
58606
58589
58573
58590
58607
58624
58625
58608
58609
58592
58591
58574
58575
58561
58547
58533
58532
58546
58560
58559
58545
58531
58517
57197
58518
58504
58490
58491
58477
57196
58478
58492
58505
58519
57198
58534
58548
58562
58563
58564
62354
62355
58578
58577
58576
58593
58594
58595
58612
62356
62357
58629
62358
58642
58656
62359
62360
58670
58669
58655
58641
58628
58611
57199
58610
58627
57200
58626
58639
58640
58654
58653
58667
58668
58682
58681
58695
58696
58697
58683
58684
62361
62362
58698
58710
58711
62363
62364
58725
58724
58737
58723
58709
58708
58722
58736
58765
58766
58785
58798
58799
58786
58768
58767
58750
58751
58752
58738
58739
62365
62366
58753
58770
58769
58787
58788
58800
58816
62367
62368
58844
58830
58815
58814
58828
58829
58843
58857
58858
62369
62370
58875
58874
58873
58886
58901
58914
58915
58902
58887
58888
62371
62372
58903
58916
58933
58950
58932
58949
58948
58931
58930
58929
58912
58913
58900
57209
58885
58872
57208
58855
58856
58842
58841
58827
58813
58797
57205
58784
58783
58782
58795
58796
58811
58812
58826
58825
58839
58840
58854
58853
58871
58884
58883
58897
58896
57210
58898
58899
57211
58911
58928
58927
58926
58943
58944
58945
58946
58947
58957
58973
58974
58958
58959
58975
58976
58960
62373
53122
51430
53109
51429
53096
51428
53079
53062
53046
53034
53017
53002
52992
52974
52975
52958
52957
52948
51427
52939
51426
52930
52931
52920
52919
51425
52898
51424
52887
51423
52876
51422
52865
52877
52888
52889
52900
52899
51643
52909
52910
52921
52922
52933
52932
52941
52942
52923
52912
52911
52901
52902
52891
52880
52890
52879
52878
52866
51641
52867
52868
52857
52856
52842
52830
52819
52820
52831
52843
52844
52858
52869
52881
52892
52903
52913
52924
51644
52934
52943
52952
52962
52961
52960
52951
52950
52940
52949
52959
52976
52993
53003
53018
53035
53036
53019
53037
53049
53048
53047
53063
53064
53081
53080
53097
53110
53098
53082
53065
53050
53066
53083
53084
53067
53068
53052
53051
53038
51649
53022
53023
53024
53008
53007
53006
53021
53020
53005
53004
52994
52995
52977
52978
52979
51646
52996
52980
52963
52964
52981
52982
52965
52966
52983
52984
52967
52968
52953
52944
52935
52925
52914
52904
52893
52882
52870
52859
52860
51642
52871
52872
52861
52862
52863
52864
56765
52854
52853
52852
52836
52825
52824
52835
52851
51639
52834
52833
51638
52850
52849
52848
52847
52846
52845
52832
52821
52810
51635
52798
52797
52809
52808
51636
52818
51637
52829
52841
52855
51640
52840
52839
52828
52817
52807
52806
52794
52777
52766
51421
52767
52778
52795
52796
52779
52768
52757
52746
52747
52758
52769
52780
52781
52782
52799
51634
52783
52771
52770
52759
52748
51632
52737
52725
52736
52724
52707
52708
52709
52692
52693
52681
52670
52659
52648
52637
51627
52627
51626
52611
52610
52592
52593
52594
52612
52613
52614
52615
52616
52617
52599
52582
52566
52548
52532
52531
52547
52565
52581
52598
52597
52596
52595
52578
52579
52580
52564
52546
52530
52529
52545
52563
52562
52561
52577
52576
52560
52542
52543
52544
52528
52527
52516
52508
52500
51619
52483
52482
52474
52481
52499
52507
52506
51620
52498
52497
51618
52480
52472
52473
52464
52465
52456
52455
52463
52454
52445
52446
52447
52436
52410
52411
52427
52428
52437
52438
52429
52414
52403
52393
51613
52363
51611
52362
52361
52377
52391
52378
52392
52402
52413
52412
52401
52400
51615
52390
51614
52376
51612
52360
51610
52349
52350
52340
52339
52328
52329
52320
51607
52303
52285
52286
52287
52288
52289
52290
52308
52307
52306
52305
52304
52321
52330
52341
52351
52352
51609
52364
52365
52379
52380
52381
52382
52366
52367
52368
52383
52420
52419
52418
52417
52416
52415
52430
52439
52448
52457
52466
52475
52484
52485
52486
52487
52488
52489
52490
52476
52467
52458
52449
52440
52431
52422
52421
52404
52394
52384
52369
52370
52371
52355
52356
52344
52343
52354
52353
52342
52331
52332
52333
52322
52313
51608
52312
52311
52310
52309
52291
52292
52293
52294
52295
52278
52269
52279
52270
52271
52272
52273
56729
56730
52282
52299
52317
52316
52298
52281
52280
52296
52297
52315
52314
52323
52324
52334
52345
52346
52335
52325
52326
56731
52336
52347
56732
56733
52358
52357
52373
52374
52388
56734
52398
52408
56735
56736
52425
52424
52407
52397
52387
52372
52386
52385
52395
52396
52405
52406
51616
52423
52432
52441
52450
52451
52442
52433
52434
56737
56738
52443
52452
56739
56740
52461
52460
52459
52468
52469
52478
52470
56741
51617
52495
52494
52493
52477
52492
52491
52501
52509
52517
52533
52534
52518
52519
52511
52510
52502
52503
52504
56742
56743
52512
52520
56744
56745
52537
52554
52553
52536
51621
52535
52552
52569
52570
56746
52587
52586
52585
51624
52568
51623
52551
52550
52549
52567
52584
52583
52600
52601
51625
52618
52619
52602
52603
52620
52628
52638
52639
52629
52630
52640
52651
52641
52652
52663
52662
52661
52650
52649
52660
52671
52672
52683
52700
52682
51628
52699
52717
52716
52727
52715
52698
52714
52697
52696
52695
52694
52713
52712
52711
52710
51629
52726
51630
52738
52749
52760
52784
52785
52786
52787
52788
52789
52772
52761
52762
52773
52790
52801
52800
52811
52822
52823
52812
52813
52802
52803
52814
52826
52837
52838
56764
52827
56763
56762
52816
52815
52804
52805
56761
52793
56760
56759
52776
52765
56758
56757
52754
52743
52742
52753
52764
52775
51633
52792
52791
52774
52763
52752
52751
52750
52739
52740
52728
52741
51631
52730
52729
52718
52719
52701
52684
52673
52674
52685
52702
52720
52731
52732
56756
56755
56754
52703
52686
56753
56752
52675
52664
56751
56750
52653
52642
56749
56748
52632
52631
52621
52604
52605
52622
56747
47670
46416
47652
47653
47654
47655
47671
47688
46637
47705
47689
47690
47706
47722
47731
47742
47743
47760
47759
46644
47775
46645
47786
47785
47795
47808
47796
47797
47809
47825
47841
47851
47850
47840
46649
47824
47823
47807
47806
47794
46646
47784
47783
47772
47755
47738
47739
47756
47773
47774
47757
47758
47741
47740
47730
47721
47729
46640
47720
46638
47704
46636
47687
47686
47685
47703
47719
47728
47737
47754
47771
47782
47793
47804
47821
47837
47838
47805
47822
47839
47849
47848
47847
47864
47865
47880
47879
47896
47895
47912
47921
47928
47913
47922
47930
47929
47946
47945
46417
47962
47971
46658
47963
47947
47948
47931
47932
47949
47950
47964
47972
47981
47990
47999
48008
48016
48025
48034
48043
46660
48066
48084
46662
48083
48065
48064
48054
48053
48052
48051
46661
48062
48063
48082
48081
48080
48079
48097
48098
48099
46664
48107
48114
46666
46667
48122
46668
48130
48147
48146
48145
48128
46426
48129
48121
48113
48120
48112
48105
48106
48096
48078
48061
46425
48050
48041
46424
48042
48033
48032
46423
48023
46422
48024
48015
46659
48007
48006
46421
47997
46420
47998
47989
47980
46418
47979
46419
47988
56766
56767
52897
52908
56768
56769
56770
52918
52907
52906
52895
52896
52885
52886
52875
52874
52873
52884
52883
52894
52905
52915
52926
52936
52945
52946
52955
52956
52947
52938
52937
52927
52916
52917
52928
52929
51645
56771
56772
56773
52973
52954
52971
52972
52989
52990
52991
53001
53000
53015
53016
56774
56775
56776
53045
53061
53060
53078
56777
56778
53095
53108
56779
56780
53121
53134
56781
56782
53151
53165
56783
56784
53179
53194
53193
53206
53205
53222
53223
53207
51660
56785
56786
56787
53272
53285
56788
56789
53298
53297
53315
53316
51665
53332
53331
53348
53360
53361
53349
53350
56790
53378
53377
53395
53412
53394
53393
53411
53427
53428
53429
53444
53445
53430
53413
53396
56791
56792
53446
51668
53454
51669
53470
51670
53486
53502
51672
51671
53501
51673
53517
53518
53519
53528
53527
53544
53543
51675
53526
53542
53541
53557
53556
53540
53539
53538
53537
53553
53570
53571
53554
53555
53572
53573
53574
53575
53558
53559
53576
53586
53587
53596
53595
53604
53613
53614
53605
53597
53606
53607
56799
56798
53598
53589
53580
53579
53588
51677
53578
53577
53560
53561
53545
53562
53563
53546
56797
53529
56796
56795
53520
53503
53487
53471
56793
56794
48452
46432
48457
48463
48462
48479
48485
46433
48501
46434
48517
46435
48524
48531
48537
48543
48549
46704
48555
48562
46436
48569
46437
48577
46438
48585
46707
48593
48586
48578
48570
48579
48571
48564
48563
46705
48556
48557
48551
48550
46702
48544
46701
48545
48546
48552
48558
48565
48572
48580
48588
48587
48594
48595
48603
48602
48601
48610
48611
48625
48626
48634
46709
48633
48641
48658
48657
48675
48676
48694
48695
48677
48659
48660
48678
48679
48697
48696
48711
48717
48723
48730
48729
46713
48745
46714
48750
48755
48760
46715
48765
46716
48770
48776
48791
48796
48801
48807
48802
48797
48792
48777
48771
48766
48761
48756
48751
48746
48731
48732
48733
48734
48735
48736
48737
48738
48739
48740
48741
48742
48747
48752
48757
48762
48767
48772
48788
48787
48786
48785
48784
48783
48782
48781
48780
48779
48778
48793
48798
48803
48808
48815
48816
48817
48818
48819
48820
48821
48822
48823
48824
48825
48831
48837
48842
48858
48857
46720
48875
48885
46724
48902
48918
48917
48916
48901
48900
46723
48883
48884
48874
48873
48856
48855
48854
48853
48852
48851
48850
48849
48865
48866
46721
48867
48868
48869
48870
48871
48872
46722
48899
48898
48897
48896
48895
48894
48908
48909
48910
48911
48912
48913
48914
48915
48925
48936
48937
48926
48927
48938
48956
48957
48974
48991
49001
51255
51256
49011
49028
51257
51258
49037
49027
49026
46730
49009
49008
49007
48997
48998
48988
48989
48999
49010
49000
48990
48973
48972
48955
48954
48971
48970
48953
48952
48969
48987
48986
48985
48984
48967
48968
48951
48950
48949
48966
48965
48948
48947
48964
48981
48982
48983
49018
49019
49020
49021
49022
49023
49024
49025
49034
49043
49060
49059
49068
49077
49087
49102
49110
49101
49100
49099
49058
49057
49056
49055
49054
49053
49052
49067
49076
49075
49066
49051
49042
49033
49032
46731
49041
49050
49049
49065
49074
49084
49083
49082
49093
49092
49091
49081
46460
49072
49063
49046
49038
49039
49047
49073
46735
49064
46734
49048
49040
49031
49030
49029
46459
49012
49013
49003
49002
46458
48992
46457
48975
46456
48958
46455
48941
46454
48930
46453
48920
48904
48888
48889
48878
48860
48844
48839
48833
46452
48834
48835
46719
48840
48846
48845
48861
48879
48880
48881
48891
48890
46725
48905
48922
48921
48931
48932
48943
48942
46728
48959
48976
46729
48993
48994
49004
49014
49015
49016
49017
49006
49005
48995
48996
48979
48980
48963
48946
48945
48962
48978
48977
48960
48961
48944
46727
48933
48934
48935
48924
48923
46726
48906
48907
48893
48892
48882
48864
48863
48862
48847
48848
48841
48836
48830
48814
48813
48812
48829
48828
48827
46451
48810
48811
48806
48805
46450
48800
46449
48795
46448
48790
46447
48774
48775
48769
48764
48759
46446
48754
46445
48749
48744
48727
48721
48728
48722
46711
48716
48710
48693
46444
48715
48709
46443
48692
48674
48656
48640
46442
48632
46441
48624
46440
48609
46439
48600
48608
56812
53780
51686
56813
56814
56815
56816
51690
53882
56817
53889
51694
53906
56818
56819
53923
51696
51697
51698
51699
56820
53959
51700
51701
56821
53996
54012
51705
51703
53980
53979
51702
53995
54011
51704
54010
51707
54018
54019
54036
54020
54021
54038
54037
54045
54053
54046
56822
51710
54076
51711
51712
54083
54090
54107
54124
54106
54105
54089
51713
54104
54103
54102
54101
54100
54099
54098
54097
54114
54115
54116
54117
54118
54119
54120
54121
54128
54129
54122
54123
51716
54130
51717
56823
56824
56825
56826
54188
54194
56827
56828
54200
56829
54206
54205
54210
54204
54198
54199
54193
54187
54182
54165
54164
54147
54148
54142
54136
54135
54141
54134
54140
54146
54163
54181
54186
54192
51719
54180
54179
54162
54161
54160
54178
54177
54176
54159
54175
54158
54157
54174
54173
54156
54155
54145
54154
54153
54152
54169
54170
54171
54172
54185
54191
54197
54203
54209
54215
54221
54227
54233
54239
54245
54251
54257
54263
54269
54278
54279
54280
54281
54282
54300
54283
54284
54302
54301
54319
54320
51726
54330
54321
54303
54285
54304
54322
54323
54305
54287
54286
54270
54271
54264
54265
54259
54258
54252
54253
54246
54247
54241
54235
54240
54234
54228
54222
54216
54217
54211
54212
56830
56831
54218
54223
54229
54224
56832
56833
54230
54236
56834
56835
54242
54248
56836
56837
54254
56838
54260
54266
56839
56840
54272
54288
54306
54324
54333
54332
54350
54367
54384
56841
56842
56843
56844
56845
56846
56847
56848
51727
54476
51728
54493
56849
49373
49365
49357
49349
49341
49333
49326
49309
49310
49311
49312
49328
49327
49334
49342
49335
49343
49350
49351
49359
49367
49358
49366
49374
49375
49393
49394
49411
49410
49409
49392
49383
49382
49391
49408
49424
49423
49440
49441
49442
49425
49426
49443
49444
49427
49428
49429
49412
49395
49396
49397
49414
49413
49430
49431
49415
49398
49399
49416
49433
49434
49435
49418
49419
49402
49401
49417
49400
49384
49376
49385
49377
49378
49370
49362
49361
49369
49368
49360
49352
49344
49336
49337
49345
49353
49354
49346
49347
51278
51279
49355
49363
51280
51281
49371
49379
51282
51283
51284
51285
51286
51287
49438
46750
49421
46749
49404
46748
49387
49386
49403
49420
49437
49436
49454
49455
49462
51288
51289
51290
46756
49508
46755
49492
49484
49483
49475
49461
46752
49453
49452
49451
49450
49432
49449
49448
49447
49446
49445
46751
49481
49489
49488
49480
49466
49479
46754
49487
49497
49498
49514
49513
49548
49549
49557
49556
49573
49589
49590
49599
49598
49604
56863
54725
56864
56865
54752
51740
54735
54734
54751
54750
54749
54765
54764
54774
54775
54776
54785
54786
54777
54766
54767
54768
54769
56866
54778
54787
56867
56868
54796
54805
51742
51744
54820
54835
54852
54867
56869
56870
56871
56872
56873
54934
51752
54917
54910
51750
54893
54884
54892
54909
54891
54890
54880
54881
54882
54883
54865
54866
54851
54850
54849
51749
51748
54848
54833
54832
54847
54846
54864
54879
54878
54877
54862
54863
54844
54845
54831
54830
54829
54828
54827
54826
54841
54840
54825
54824
54839
54838
51747
54823
54808
54809
54799
54790
54781
54772
54771
54780
54789
54798
54807
54822
54837
54836
51495
54821
54806
54797
51494
54788
51493
54779
51492
54770
51491
54753
51490
54736
54726
54716
51489
54706
51488
54696
51487
54686
51486
54670
54653
54644
54643
54627
54628
54645
54646
54656
54657
54673
54674
54658
54659
54647
51737
54632
54631
54630
54629
54619
54620
54610
54593
51734
54592
54609
54591
54590
54607
54608
54618
54617
54616
51485
54606
51484
54589
51483
54580
51482
54571
51481
54562
54563
54564
54573
54572
54581
54582
54583
54574
54565
54547
54546
54545
54528
54529
54530
54548
54549
54532
54531
54514
54513
54512
54511
54494
54477
54461
54445
54446
54462
54478
54495
54496
54479
54480
54497
54515
54533
54516
54499
54498
54481
54482
54465
54449
54450
54466
54467
54468
54485
54486
54469
54453
54454
54470
54487
54488
54471
54455
54456
54472
54489
54490
54491
54507
54524
54541
54540
54539
54522
54523
54506
54505
54504
54521
54503
54520
54536
54553
54554
54537
54538
54555
54556
54557
54558
54567
54576
54585
54601
54612
54602
54586
54577
54568
54569
54578
54587
54604
54603
54613
54624
54623
51736
54640
54650
54641
54651
54668
54669
54685
54684
54683
54667
54649
51738
54622
51735
54600
54599
54598
54597
54596
54595
54552
54535
54518
54519
54502
54501
54484
54483
54500
54517
54534
54551
54550
51733
54566
54575
54584
54594
54611
54621
54633
54634
54635
54636
54637
54638
54639
54648
54665
54666
54682
54691
54692
54702
54701
54711
54712
54722
54721
54720
54710
54700
54690
54681
54680
54664
54663
54662
54679
54678
54677
54661
54660
54676
54675
54689
54699
54709
54719
54729
54742
54741
54740
51739
54718
54708
54698
54688
54672
54655
54654
54671
54687
54697
54707
54717
54727
54737
54754
54728
54739
54738
51741
54755
54756
54757
54758
54743
54744
54745
54761
54760
54759
54773
54782
54791
54800
54810
54811
54812
54813
54814
54815
54816
54817
54801
54802
54803
51743
54818
54819
51745
54834
51746
54804
54795
54794
54784
54793
54792
54783
54763
54762
54746
54747
54748
54730
54731
54732
54733
54723
54724
54714
54713
54703
54693
54694
54704
54715
56862
56861
54705
54695
56860
56859
56858
54652
54642
54626
54625
54614
54615
56857
54605
54588
56856
56855
54579
54570
56854
56853
54561
54560
54559
51732
54542
51731
54525
51730
54526
54543
54544
56852
54527
56851
56850
54510
54509
54508
51729
54492
54475
54460
54444
54435
54434
54443
54459
54458
54474
54473
54457
54442
54432
54433
54415
54398
54381
54364
54365
54382
54399
54416
54417
54418
54401
54400
54383
54366
54349
54331
54348
54347
54346
54363
54362
54361
54379
54380
54397
54414
54431
54430
54429
54412
54413
54396
54395
54378
54377
54376
54375
54374
54357
54358
54341
54342
54359
54360
54343
54344
54345
54318
54317
54299
54298
54316
54315
54297
54296
54314
54313
54295
54277
54276
54275
51724
54274
51723
54268
54262
54256
54250
54244
54238
54232
54226
54220
54214
54208
54202
51722
54196
51721
54190
51720
54184
51718
54168
54167
54150
54151
54144
54138
54132
54126
54109
51715
54092
51463
54091
51464
54108
51465
54125
51466
54131
51467
54137
51468
54143
54149
54166
54183
54189
54195
54201
51469
54207
51470
54213
51471
54219
51472
54225
51473
54231
51474
54237
51475
54243
51476
54249
51477
54255
51478
54261
51479
54267
54273
54289
54307
54325
54334
54335
54326
54308
54290
54291
54292
54293
54294
54311
54312
51725
54329
54340
54339
54338
54337
54328
54310
54309
54327
54336
54353
54352
54351
54368
54385
54369
54370
54371
54354
54355
54356
54373
54372
54389
54388
54387
54386
54403
54402
54419
54420
54404
54405
54406
54407
54390
54391
54392
54393
54394
54411
54410
54409
54408
54425
54426
54427
54428
54452
54451
54441
54424
54423
54440
54448
54464
54463
54447
54439
54422
54421
54438
54437
51480
54436
62450
60409
62449
62448
60392
60375
62447
62446
60358
60342
60325
62445
60316
60298
60280
60270
62444
60259
62443
62442
60248
60247
60258
60257
60246
60234
60223
60224
60235
60236
60237
62441
62440
62439
60215
60226
60225
60214
60213
60212
60201
60190
60202
60191
60192
60203
60204
62438
62437
60193
60182
62436
62435
60171
60170
60181
60180
60169
60158
60157
60141
60140
60130
60131
60132
60142
60143
60159
60160
60144
62434
62433
60134
60133
60122
60121
60120
60109
60110
60099
60100
60111
60112
60123
60124
62432
62431
60113
60102
62430
62429
60085
60101
60084
60083
60082
60066
60050
60034
60035
60051
60067
57271
60068
60052
62428
60036
62427
62426
60027
60019
62425
62424
60004
60012
60011
60010
60009
60016
60017
60018
60026
60025
60024
60033
57269
60049
57270
60065
57272
60081
57273
60098
60097
60080
60063
60064
60048
60047
60046
60045
60044
60060
60061
60062
60078
60079
60096
60095
60094
60077
60076
60093
60092
60091
60108
60119
60129
57275
60150
60151
60152
60153
60154
60155
60156
60167
60168
60179
60178
60189
60200
60211
60222
60233
60244
60245
60256
60255
60243
60254
60253
60242
60231
60232
60221
60210
60209
60198
60199
60188
60187
60176
60165
60177
60166
60149
57276
60139
60138
60137
60147
60148
60164
60175
60186
60185
60174
60163
60162
60173
60184
60195
60206
60217
60218
60219
60208
60207
60196
60197
60220
60230
60229
60228
60239
60250
60251
60240
60241
60252
60263
60262
60273
60283
60284
60274
60275
60264
60265
57277
60276
60287
60288
60289
60307
60306
60305
60304
60286
60285
60303
60302
60320
60319
60301
60300
60318
60317
57045
60299
60281
60282
60272
60261
60271
60260
57044
60249
57043
60238
57042
60227
57041
60216
57040
60205
57039
60194
57038
60183
57037
60172
57036
60161
57035
60145
60146
60136
60135
60125
60126
60115
60116
60105
60106
60117
57274
60127
60128
60118
60107
60090
60072
60089
60088
60087
60104
57033
60103
57034
60114
68083
68082
68081
60086
60069
60053
60037
60038
60054
60070
60071
60055
60056
60057
60073
60074
60075
60059
60058
60043
60042
60041
60040
60039
60030
60031
57267
60032
57268
60023
60015
60008
60000
59992
59984
59969
59953
59938
59954
59970
59971
59972
59956
59955
59939
59940
59941
59957
59973
59974
59975
59958
59942
59917
59918
59900
59899
59898
59916
59915
59897
59881
59882
59883
59866
59856
59846
59836
59837
59847
59857
59867
57260
59884
59901
59919
59920
59902
59885
59886
59869
59868
59858
59848
59838
59839
59849
59859
59860
59850
59840
59841
62416
62417
59851
59861
62418
62419
59871
59870
57261
59887
59905
59904
59903
59921
59929
59928
59945
59944
59943
59959
59960
59976
59985
59993
60001
60002
60003
59995
59994
59986
59987
59979
59978
59977
59961
59962
59946
59930
57262
59922
59923
59931
59947
57263
57264
59963
57265
59980
62420
62421
59988
59996
62422
62423
54084
51462
54077
51461
54070
51460
54054
54055
54071
54072
54073
54080
54079
54078
54085
54086
54093
54087
51714
54094
54110
54111
54139
54133
54127
54113
54112
54095
54096
54088
54081
54074
54061
54062
54063
54064
54065
54066
54067
54068
54082
54075
54069
54052
54044
51709
54035
54034
54033
54032
54031
54030
54029
54005
54006
54007
54008
54009
53994
53993
53992
53991
53990
53989
53988
54004
54028
54043
54051
54060
54059
54058
54057
54056
54049
54050
54041
54042
51708
54026
54027
54017
51706
54002
53986
54003
53987
53978
53971
53964
53956
53949
53942
53935
53928
53913
53914
53915
53916
53917
53918
53919
53920
53929
53936
53943
53950
53957
53965
53972
53973
53966
53958
53951
53944
53937
53930
53922
53921
51695
53905
53904
53903
53902
53901
53900
53899
53898
53897
53896
53895
53894
53912
53911
53910
53909
53908
53925
53926
53927
53934
53941
53948
53955
53954
53947
53940
53933
53932
53939
53946
53953
53961
53962
53963
53970
53977
53984
53985
54001
54000
54015
54016
54025
54024
54023
54040
54048
54047
51459
54039
51458
54022
51457
54013
54014
53998
53997
53981
53982
53999
53983
53976
53969
53968
53975
53974
51456
53967
51455
53960
51454
53952
51453
53945
51452
53938
51451
53931
51450
53924
51449
53907
53890
53891
53892
53893
53885
51693
53871
53872
53873
53874
53886
53875
53876
53877
53878
53879
53880
53866
53858
53867
51691
53881
53887
53888
51692
53868
53861
53844
53827
53810
53809
53792
53793
53786
53779
53773
53766
53765
53772
51685
53764
53763
53745
53746
53728
53729
53730
51684
53747
53748
56811
53731
53716
56810
56809
53707
53691
56808
56807
53681
53680
53690
53706
53715
53714
53705
51681
53689
53679
53670
53660
53671
53672
56806
56805
53662
53661
53651
53641
53632
53633
53642
53652
56804
56803
56802
53625
56801
56800
53616
53615
53624
53631
53623
53622
53630
53639
53640
53650
53649
53659
53669
53678
53688
53704
53703
53702
53701
53700
53699
53698
53713
53712
51683
53720
53721
53722
53723
53741
53740
53739
53756
53757
53758
53759
53760
53743
53742
53724
53725
53726
53727
53744
53761
53762
53771
53778
53785
51688
53791
53808
53825
53826
53843
53860
53859
53842
53841
53840
53857
53856
53855
53839
53823
53824
53807
53806
53805
53822
53821
53838
53837
53854
53853
53836
53819
53820
53804
53803
53802
53801
53818
53835
53834
53851
53852
53865
53850
53833
53832
53849
53848
53847
51689
53863
53864
53870
53884
53883
53869
53862
53846
53845
53828
53811
62405
59683
59682
57249
59698
57250
59715
59716
59699
62406
62407
62408
59726
59741
59725
59724
59714
59697
59696
59681
59670
59653
59654
57248
59671
59672
62404
62403
59655
59644
59643
59632
59633
59617
57243
62402
59600
59599
59581
59582
59566
57241
59549
62401
62400
62399
59536
59523
62398
62397
59510
59509
59497
59496
59495
59494
59506
59507
59508
59522
59535
59548
59547
59534
59521
59520
59533
59546
59545
59563
59562
57242
59578
59579
59564
59565
59580
59598
59616
59631
59642
57246
59630
59615
59597
59596
59614
59629
59628
59627
59626
59625
59610
59611
59612
59613
59595
59594
59593
59592
59591
59609
59624
59623
59639
59638
59622
59621
59637
57245
57247
59648
59660
59661
59662
59649
59650
59663
59679
59664
59665
59666
59667
59651
59640
59641
59652
59669
59668
59680
59695
59694
59693
59711
59710
59709
59692
59691
59708
59707
59706
59690
59678
59677
59689
59688
59687
59703
59704
57251
59705
59720
57252
57254
59745
59730
59721
57253
59731
59732
59733
59734
59735
59736
59722
59712
59713
59723
59737
59738
59739
59740
59749
59748
59757
57256
59774
59758
59759
59750
62409
62410
62411
62412
59787
59776
59775
59786
57257
59803
57258
59820
59821
59804
62413
62414
62415
59831
59830
59829
59828
59827
59826
59816
59815
59814
59813
59812
59811
59794
59795
59796
59797
59798
59799
59817
59818
59819
59802
59785
59784
59801
59800
59782
59783
59773
59756
59747
59746
59755
59772
59771
59770
59769
59768
59767
59766
59765
59781
59793
59810
59809
57259
59825
59835
59845
59855
59865
59877
59878
59879
59880
59896
59914
59913
59895
59894
59912
59911
59927
59937
59936
59935
59951
59952
59968
59967
59966
59983
59965
59982
59990
59991
59999
59998
60006
60007
57266
60014
60022
60021
60029
60028
60020
60013
60005
57032
59997
57031
59989
57030
59981
57029
59964
59948
59932
59924
57028
59906
59888
59872
59873
59889
59907
59925
59933
59949
59950
59934
59926
59908
59909
59910
59892
59893
59876
59875
59891
59890
59874
59864
59854
59844
59834
59824
59823
59833
59843
59853
59863
59862
57027
59852
57026
59842
57025
59832
57024
59822
59805
59806
59807
59808
59792
59764
59754
57255
59753
59752
59761
59778
59779
59762
59763
59780
59791
59790
59789
59788
59777
57023
59760
59751
59742
59727
59717
59700
59684
59685
59701
59718
59728
59743
59744
59729
59719
59702
59686
59675
59676
59659
59658
59647
59646
59657
59674
59673
57022
59656
59645
59635
59636
59620
59603
59602
59584
59585
59569
59568
59551
59538
59525
59526
59539
59552
59553
59570
59586
59604
59605
57244
59606
59588
59587
59571
59572
59573
59589
59607
59608
59590
59574
59557
59556
59555
59554
59540
59541
59542
59543
59558
59559
59575
59576
59577
59560
59561
59544
59531
59532
59519
59518
59505
59493
59480
59467
59454
59441
59429
59428
59427
59426
59425
59412
59398
57237
59413
59430
59431
59443
59432
59414
59415
59416
59433
59445
59444
59457
59456
59442
59455
59468
59469
59481
59482
59483
59484
59485
59498
62396
62395
62394
59472
59471
59470
59458
59459
62393
62392
59446
59434
59417
59403
59390
59389
59402
59401
59400
59399
57236
59385
57234
59373
59374
59386
59387
59388
59375
57232
59362
59376
59377
53547
51676
51435
53564
51436
53581
51437
53590
51438
53599
51439
53608
51440
53617
53634
51441
53643
51442
53653
51443
53663
53664
51680
53673
53683
51444
53682
53692
51445
53708
53717
53718
53719
53734
53733
53732
53749
51446
53767
51447
53774
51448
53781
53787
53794
53795
53812
53829
53830
53831
53815
53816
53817
53800
53790
53784
53777
53770
51687
53799
53798
53797
53814
53813
53796
53789
53788
53782
53783
53776
53775
53768
53750
53751
53769
53752
53735
53736
53753
53754
53755
53738
53737
51682
53711
53710
53709
53693
53694
53695
53685
53684
53674
53665
53675
53666
53656
53655
53654
53644
53645
53646
53636
53635
51679
53626
51678
53609
53610
53619
53618
53627
53637
53647
53657
53667
53676
53686
53696
53697
53687
53677
53668
53658
53648
53638
53629
53628
53620
53621
53612
53611
53602
53603
53594
53593
53584
53585
53569
53568
53551
53552
53536
53535
53534
53533
53549
53550
53567
53566
53583
53592
53601
53600
53591
53582
53565
53548
53532
53531
53530
53521
53504
53488
53489
53505
53522
51674
53506
53490
53491
53507
53523
53508
53509
53524
53525
53510
53511
53512
53496
53495
53479
53480
53463
53464
53481
53497
53513
53514
53515
53516
53500
53484
53483
53499
53498
53482
53465
53466
53467
53468
53485
53469
53453
53443
53442
51667
53426
53425
53408
53407
53389
53390
53374
53391
53409
53410
53392
53375
53376
53359
53347
53346
53330
51664
53314
53296
53283
53284
53271
53256
53239
53238
53237
53221
53204
53191
53192
53177
53178
53164
53163
53149
53150
53133
53120
53119
53132
53131
53118
53105
53092
53093
53106
53107
53094
53077
53076
51652
53059
51651
53042
53043
53044
53033
53032
53031
51650
53058
53041
53030
53012
53013
53014
52999
52998
52988
51647
52987
52970
52969
52986
52985
52997
51648
53011
53029
53028
53040
53057
53056
53039
53027
53026
53010
53009
53025
53055
53072
53073
53074
53075
51653
53091
53104
53117
53130
51654
53147
53148
53162
53176
53175
53161
53160
53174
53173
53188
53189
53190
53203
53202
53219
53220
51661
53236
53254
53255
53270
53269
53282
53295
53313
53312
53294
53293
53292
53279
53280
53281
53268
51662
53253
53252
53251
53267
53266
53265
53249
53250
53234
53235
53218
51659
53201
51658
53187
53172
53158
53159
53146
53129
53116
53103
53090
53089
53102
53115
53128
53145
53144
53143
53142
53087
53088
53071
53070
53054
53053
53069
53086
53085
53101
53114
53127
53141
53140
53157
53171
51655
53184
53200
51656
53185
51657
53186
53217
53233
53232
53216
53215
53214
53230
53246
53231
53247
53248
53264
53263
53262
53261
53244
53245
53229
53228
53227
53211
53197
53212
53213
53199
53198
53183
53182
53168
53167
53153
53154
53155
53169
53170
53156
53139
53138
53137
53125
53126
53113
53100
53099
53112
53111
53124
53123
53136
53135
51431
53152
51432
53166
53180
53181
53196
53195
53208
53224
53240
53241
53225
53209
53210
53226
53242
53243
53260
53276
53275
53288
53287
53274
53259
53258
53257
51433
53273
53286
53299
53300
53301
53302
53289
53303
53322
53321
53337
53338
51666
53355
53356
53339
53323
53305
53304
53290
51663
53277
53278
53291
53306
53324
53340
53341
53325
53307
53308
53326
53342
53343
53344
53328
53327
53309
53310
53311
53329
53345
53358
53357
53373
53372
53371
53388
53406
53423
53424
53441
53440
53439
53438
53422
53421
53420
53437
53436
53419
53402
53403
53404
53405
53387
53370
53369
53386
53385
53368
53367
53384
53401
53418
53435
53434
53450
53451
53452
53462
53461
53478
53494
53493
53492
53476
53477
53460
53459
53458
53475
53474
53457
53449
53448
53456
53473
53472
53455
53447
51434
53431
53432
53433
53417
53416
53399
53400
53382
53383
53366
53365
53354
53336
53320
53319
53335
53334
53318
53317
53333
53351
53362
53379
53363
53352
53353
53364
53381
53380
53398
53415
53414
53397
62383
59200
62384
62385
59232
59216
59215
59231
59230
59246
59229
59213
59214
59198
59199
59183
59184
59171
62382
62381
59154
59153
59170
59182
59169
59168
59150
57220
59167
57221
59181
59197
59180
57222
59196
57223
59212
57224
59228
57225
59244
57226
59245
59259
59260
59261
59247
59248
59262
62386
62387
59276
59275
59274
59273
59272
59258
59257
59271
59289
59288
59287
59286
59285
59302
59303
59304
59305
59306
59290
59307
57229
59323
59324
59325
59338
59339
59326
59309
59308
57228
59291
57227
59292
59293
62388
62389
59310
59327
62390
62391
59340
59352
59364
59363
59351
59350
57230
59337
59336
59349
59361
57231
59322
59321
59320
59319
59318
59301
59317
59334
59347
59335
59348
59360
59359
59358
59370
59382
59383
59371
59372
59384
59397
59411
59410
59396
59395
59394
57235
59381
57233
59369
59368
59356
59357
59346
59333
59316
59315
59332
59345
59344
59343
59355
59367
59380
59379
59378
59391
57013
59404
57014
59418
59419
57239
59435
59436
59420
59405
59392
59393
59406
59407
57238
59421
59408
59409
59422
59423
59424
59440
59453
59439
59452
59465
59466
59479
59492
59504
59503
59516
59517
59530
59529
59528
59527
59514
59515
59502
59501
59489
59490
59491
59478
59477
59464
59451
59438
59437
59450
59463
59476
59488
59475
59474
59461
59462
59449
59448
57015
59447
57016
59460
57017
59473
57018
59486
59487
57240
59499
59500
59513
59512
57019
59511
57020
59524
57021
59537
59550
59567
59583
59601
59619
59618
59634
68054
68055
65060
65059
65068
65069
68056
65078
65077
62864
65050
65051
65035
68053
65026
65013
65025
65024
65023
65034
65049
65058
65067
65076
65085
65086
65087
65088
68057
68058
65098
65115
68059
68060
65124
65123
65114
62867
65097
65096
65095
65113
65122
65131
65147
65146
62870
65165
65155
65156
65166
65167
65157
65148
62868
65132
65133
68061
68062
65149
68063
65158
65168
65178
65179
68064
68065
65190
65189
65188
65177
65176
65187
62871
65204
65205
65214
65213
65231
65230
65229
65228
65227
65226
65225
65224
65223
65222
65238
65247
65258
65257
65246
65237
62873
65221
65220
65211
65212
65195
65194
65183
65184
65185
65196
65197
62872
65198
65199
65200
65201
65202
65203
65186
65175
65142
65143
65144
65145
65130
65121
65112
65111
65094
65084
65075
65110
65109
65108
65107
65106
65105
65104
65120
65129
65128
65119
65102
65103
65092
62866
65093
65083
65074
65065
65056
65055
62862
65064
62863
65073
62865
65082
65081
65080
65071
65072
65063
65054
65038
65029
65016
65015
65028
65037
65036
65027
62652
65014
64996
64997
64998
64982
64981
64980
64963
64964
64965
64966
64983
64999
65000
64984
64967
64952
64951
64950
64949
62651
64933
64919
62650
64920
64906
62855
64893
64907
64894
64879
64865
62649
64892
64878
62648
64864
62647
64850
64851
64835
62852
64820
64819
62646
64804
64805
64788
64787
64772
62645
64755
62644
64742
62643
64730
64719
64708
62642
64691
64692
64693
64710
64711
64712
64723
64722
64733
64746
64734
64735
62844
62842
64697
64698
64699
64700
64701
64702
64713
64724
62843
62845
64736
62846
64749
64766
64781
64780
64765
64764
64763
64762
62847
64761
64748
64747
64760
64759
64745
64758
64775
64774
64757
64744
64732
64721
64709
64720
64731
64743
64756
64773
64789
64790
62849
64806
64823
64807
64791
64776
64777
64778
64779
64795
64796
62850
64811
64828
64843
64858
64857
62853
64842
64827
64826
64841
64856
64870
64869
64868
64867
64853
64854
64855
64840
64825
64809
64810
64794
64793
64792
64808
64824
64839
64838
64837
64822
64821
64836
64852
64866
64880
64881
64882
64883
64884
64898
64897
64896
64895
64908
64909
64910
64911
64925
64924
64938
64923
64922
64921
64934
64935
64936
64937
64953
64954
64968
64985
65001
65002
64986
64987
64988
64971
64970
64969
64955
64939
64940
64941
64942
64956
64972
64973
62858
64989
65006
62861
65005
65004
65003
65019
65018
62860
65017
65030
65039
65040
65041
65031
65032
65042
65043
65044
65045
65046
65047
65057
65066
65048
65033
65022
65021
65020
65007
65008
65009
65010
64991
64990
62859
64974
64975
64976
64977
64992
64993
65011
65012
64994
64995
68052
68051
64962
64961
64979
64978
64960
64945
62857
64929
64928
62856
64944
64959
64958
64957
64943
64927
64926
64912
64913
64900
64899
64885
64871
64872
64886
64887
64888
64889
64903
64902
64901
64914
64915
64916
64930
64946
64947
64948
64932
68050
68049
64918
64931
64917
64904
64905
68048
68047
64891
64877
68046
64863
64848
64849
68045
64834
64833
64817
64818
64803
68044
68043
64786
64771
64754
64753
64770
64785
64802
64816
64815
64814
64813
64830
64831
64832
64847
62854
64862
64876
64890
64875
64861
64846
64845
64860
64874
64873
64859
64844
64829
62851
64812
64797
62848
64798
64799
64782
64783
64800
64801
64784
64769
64768
64767
64750
64737
64725
64714
64715
64716
64727
64726
64738
64751
64752
64739
64740
64741
64729
64728
64717
64706
64705
64704
64703
62841
64686
64687
64688
64678
64677
62840
64669
64661
64652
64643
64635
64644
64653
64662
62839
64670
64679
64689
64707
64718
68042
68041
68040
64690
64680
64671
64663
68039
68038
64654
64645
68037
68036
64636
62837
64619
64618
64617
64616
64634
64633
64615
64614
64632
64631
64630
64629
64628
64627
64626
64625
64642
64641
64640
64639
64622
64623
64624
64606
62836
64599
64592
64575
64576
64593
64600
64607
64608
64609
64610
64611
64612
64613
64583
64582
64564
64565
64548
64566
64584
64585
64594
64601
64586
64569
64570
64588
64587
62835
64595
64602
68035
59124
57005
59142
59143
59125
59107
59106
59088
59089
59090
59091
59078
59077
59076
59075
57004
59059
59048
59037
57003
59026
57002
59015
57001
59004
59005
59016
59027
59038
59049
59060
59061
59062
59050
57218
59051
59063
59079
59080
59081
59082
59095
59113
59131
59130
59112
59094
59093
59092
59111
59129
59147
59146
59145
59127
59128
59110
59109
59108
59126
59144
59157
59158
59175
59174
59156
59155
57006
59172
59173
59186
59187
59188
59204
59203
59202
59185
59201
59217
59218
59234
59233
57007
59249
57008
59263
59264
59265
59279
59295
59278
59277
59294
59312
59311
57009
59328
57010
59341
57011
59353
57012
59365
59366
59354
59342
59329
59330
59331
59314
59313
59296
59297
59298
59281
59280
59266
59252
59251
59250
59235
59219
59220
59236
59237
59221
59205
59189
59190
59177
59176
59159
59160
59161
59148
59149
59162
59179
59178
59191
59192
59208
59224
59223
59207
59206
59222
59238
59254
59253
59267
59268
59269
59282
59299
59300
59283
59284
59270
59256
59255
59239
59240
59241
59225
59226
59242
59243
59227
59211
59195
59194
59210
59209
59193
59163
59164
59165
59166
59136
59137
59138
59151
59152
59139
59140
59141
59123
59122
59121
59103
59104
59105
59087
62380
59074
59057
59046
59047
59058
62379
62378
62377
59036
59035
59034
59024
59025
62376
59014
62375
62374
59003
58992
58991
59002
59001
58990
58989
59000
58988
58999
59010
59021
59011
59012
59013
59023
59022
59033
59032
59043
59054
59055
59044
59045
59056
59071
59072
59073
59086
59085
59084
59102
59120
59119
59118
59117
59135
59134
59133
59132
59114
59096
59097
59115
59116
59098
59099
59100
59101
59083
59070
59069
59068
59067
59066
59065
59064
59053
57219
59052
59040
59039
59028
59029
59018
59007
58996
58995
57217
59006
59017
58994
57216
58978
58962
57214
58952
58935
58918
58919
58936
58953
58963
57215
58979
58980
58965
58964
58954
58955
58956
58966
58981
58997
59008
59019
59030
59041
59042
59031
59020
59009
58998
58982
58967
58968
58983
58984
58985
58986
58987
58972
58971
58970
58969
58942
58925
58924
58941
58923
58940
58939
58938
58937
57213
58920
58907
58908
58921
58909
57212
58922
58910
58895
58882
58865
58866
58867
58868
58869
58870
58852
58838
58824
58810
58809
58808
58807
57207
58806
57206
58794
58777
58776
58775
58774
58792
58793
58805
58820
58804
58803
58819
58832
58818
58802
58790
58791
58773
58757
58756
58742
58741
58727
58728
58714
58713
56988
58712
56989
58726
56990
58740
56991
58754
58755
58772
58771
58789
58801
56992
58817
56993
58831
56994
58845
58846
58847
58833
58834
58848
58849
58850
58836
58835
58821
58822
58823
58837
58851
58864
58863
58862
58861
58878
58879
58880
58881
58894
58893
58892
58891
58906
58905
58890
58877
58860
58859
56995
58876
58889
58904
56996
58917
56997
58934
56998
58951
56999
58961
57000
58977
58993
68032
64437
64420
64404
64395
64386
64385
64376
64375
62824
62825
64394
64403
62826
62827
64419
64436
64447
64463
64480
64489
64499
64498
64488
62831
64478
64479
64462
64446
64445
64461
64460
64444
64435
64434
64433
64432
64417
64418
64402
64393
64384
64374
64364
64416
64415
64430
64429
64428
64414
64413
64412
64427
64426
64425
64442
62829
64452
64453
64454
64455
64431
64443
64458
64459
64476
64477
64487
64496
64497
64506
64515
64516
64507
64508
68033
68034
64517
64534
64552
64551
64533
64532
64550
64568
64567
64549
64531
64530
64529
64547
64546
64545
64544
64562
64563
64581
64580
64561
64579
64578
64577
64559
64560
64542
64541
64523
64524
64543
64525
64526
64527
64528
64495
62833
64486
64475
64474
64457
64456
64473
64472
64471
64470
62832
64469
64468
64467
64451
64441
64424
62828
64408
64409
64410
64411
64401
64400
64391
64392
64383
64382
64381
64390
64399
64407
64423
64440
64422
64406
64405
62626
64421
62627
64438
64439
62628
64448
62629
64464
62630
64481
64490
64491
64482
64465
64449
64450
62830
64466
64483
64484
64485
64494
64493
64492
64501
62631
64500
62632
64509
62633
64518
64510
64511
64502
64503
64504
64505
64514
64513
64512
62834
64521
64522
64540
64558
64557
64539
64538
64556
64574
64573
64591
64590
64597
64598
64605
64604
64621
64638
64648
64647
64656
64665
64673
64674
64666
64657
64658
64667
64675
64676
64668
64659
64649
64650
64651
64660
62838
64696
64695
64685
64694
64684
64683
64682
64681
62641
64672
62640
64664
64655
62639
64646
62638
64637
62637
64620
64603
62636
64596
62635
64589
62634
64571
64572
64555
64537
64520
64519
64536
64554
64553
64535
70276
70291
68507
68505
70260
70261
70249
70232
70219
68500
70203
70187
68497
70177
70176
68495
68494
70160
70178
73841
70161
70153
70152
68493
68492
70159
70175
70174
70151
70150
70149
70148
70147
70146
70145
70158
70144
70137
70130
70115
70116
70117
70118
70119
70120
70121
70122
70123
70107
68485
70099
70100
70108
68487
70124
70131
68489
68491
70138
70139
70132
70125
70109
73840
70101
70093
70092
68483
68482
70084
70085
70077
70076
70068
70069
70052
70035
70036
73839
70019
70018
70017
70016
70033
68477
70050
70034
68478
70051
70067
70075
68481
70066
70065
70064
70048
70063
70062
70047
70046
70061
70060
70045
70027
70028
70029
70030
70031
70049
70032
70015
70005
69995
69996
70006
70007
69997
69987
69988
69979
69963
69946
69936
69926
69925
69935
69945
69962
69978
69977
69986
68475
69976
69961
69944
69934
69923
69924
69912
69900
69901
69913
69914
69902
69903
73834
73835
69915
69927
73836
69937
69947
69964
69980
69989
69999
69998
70008
70009
73838
73837
64272
64273
64274
64292
64291
64290
64300
64316
62619
64332
62620
64341
62621
64358
62622
64368
62623
64378
62624
64387
62625
64396
64397
64398
64389
64388
64379
64380
64370
64371
64372
64373
64363
64362
64361
64360
64369
64359
64342
64333
64334
64343
62823
64344
64335
64336
64345
64346
64347
64348
64349
64350
64351
64327
64326
64325
64324
64308
64309
64310
64311
64312
64329
64328
64337
64352
64353
64354
64365
64355
64338
64339
64356
64366
64367
64377
68031
68030
64357
64340
68029
64331
64330
62822
64314
64315
64299
64298
64288
64289
64271
64270
64254
64255
64239
64238
64221
64222
68028
64213
64196
68027
68026
64186
64177
68025
68024
64167
64157
68023
64147
64156
64166
64176
64185
64195
64212
64211
64220
64237
64253
64269
64287
62819
62821
64313
62820
64297
64296
64295
64284
64285
64286
64268
62817
62816
64236
64235
64219
64209
64210
64194
64184
64183
64193
64208
64207
64206
64205
64231
64249
64230
64229
64228
64245
64244
64260
64261
64262
64246
64247
64248
64264
64265
64266
64250
64232
64233
64234
64252
64251
64267
64283
64282
64281
64280
64263
64279
64278
64277
62818
64294
64305
64306
64307
64323
64322
64321
64304
64320
64319
64318
64317
64301
64302
64303
64293
64275
64276
64259
64243
64242
64258
64257
64256
64240
64241
64224
64223
62618
64214
62617
64197
62616
64187
62615
64188
64198
64215
64225
64216
64199
64200
64217
62815
64226
64227
64218
64201
62814
64191
64181
64180
64190
64189
64179
64178
62813
64169
64168
62614
64158
62613
64148
62612
64138
62611
64139
64140
64141
64151
64162
64161
64160
64150
64149
64159
64170
64171
64172
64173
64182
64192
64202
64203
64204
64163
64153
64152
64142
64143
64132
64122
64111
64100
64099
64098
64109
64110
64121
64131
64130
64120
64108
64119
64129
64128
62811
64118
64117
62610
64106
62609
64095
62608
64078
62607
64069
62606
64061
64053
62605
64045
62604
64037
62603
64029
64014
63998
62602
63990
62601
63982
62600
63974
62599
63957
62598
63948
62597
63949
62797
63958
63975
63983
63991
63992
63984
63985
63977
63978
63986
63994
64002
64003
64004
64005
64022
64021
64020
64019
64018
64001
62800
63993
64000
63999
64015
62802
64030
64038
64046
64054
62807
64062
64071
64080
64070
64079
64096
64107
64097
64081
64072
64063
64055
64047
64039
64031
64016
64017
64032
64040
64048
64056
64064
64073
62810
64082
64083
64084
64085
64086
64087
64088
64089
64090
64074
64065
64066
64075
64091
64092
64103
64102
64101
64112
64123
64133
64144
64154
64164
64174
64175
64165
64155
64145
64134
64124
64113
64114
64115
64126
64125
64135
62812
64146
64136
64137
68022
68021
64127
64116
68020
68019
64105
64104
64093
64094
64077
64076
62809
62808
64067
64068
64060
64059
62806
62805
64042
64050
64058
64057
64049
64041
64033
62803
64025
64024
64023
64006
64007
64008
64009
63995
63987
63979
63980
63988
63996
64010
62801
64026
64011
62799
63989
68017
63997
64013
64012
64027
64035
64034
62804
64043
64051
64052
64044
64036
64028
68018
58523
56980
58509
56979
58495
56978
58481
56977
58464
58465
58482
58483
58466
58453
58440
58439
58452
58451
56976
58438
56975
58426
58413
56974
58401
58414
58402
58403
58391
58390
58389
56973
58378
58361
58362
58379
58380
58363
58364
58381
58365
58366
58382
57189
58367
58354
58353
58352
58351
58350
58349
58331
58348
58330
58314
58315
58296
58285
56972
58269
58253
58254
58286
58297
58298
58287
58288
58299
58317
58316
58332
58333
58334
58318
58300
58301
58319
58335
58336
58320
58302
58290
58273
58274
58275
58276
58260
58259
58258
57183
58241
58242
58243
58244
58245
58261
58262
58246
58247
58264
58263
58279
58280
58292
58291
58278
58277
58307
58306
58324
58323
58305
58304
58303
58322
58321
58337
58338
57187
58339
58340
58341
58342
58356
58343
58344
58326
58325
57186
58308
58309
58310
58311
58327
58345
58358
58357
57188
58374
58375
58376
58377
62346
62345
58347
58360
58359
58346
58328
58329
58313
58295
58284
58283
58294
58312
58293
57185
58281
58265
58282
58266
58267
58268
58252
58251
58234
58235
62344
58224
58223
58213
58214
58198
58187
58176
58166
58165
58148
58149
58150
58133
62343
62342
58117
58132
58116
58106
58107
62341
62340
58091
57166
58074
62339
58063
58051
62338
58041
58025
58009
58008
57989
57990
57991
62337
57974
62336
62335
57962
57961
57973
57972
57971
57988
58006
58007
57161
58024
58040
58050
58061
58062
58073
58090
58089
57167
58105
58115
58131
58130
58129
57169
58113
58114
58104
58103
58102
58128
58127
58126
58125
58124
58112
58098
58097
58080
58069
58081
58082
58083
58099
58100
58101
58084
58085
58086
58070
58087
58088
58071
58072
58060
58059
58058
57165
58046
58047
58048
58049
58038
58039
58023
58037
58036
58021
57160
58022
58005
58004
58003
58002
58001
57985
57984
57983
58000
58019
58020
58035
58034
58033
58032
58018
58017
58031
57164
58057
58030
57162
58015
58016
57998
57999
57982
57981
57980
57997
57996
57995
58012
58013
58014
58029
58028
57163
58044
58045
58056
58068
58079
58078
58077
58066
58067
58055
58054
58053
58043
58042
58052
56968
58064
58065
58076
58093
58094
58095
58096
57168
58111
58122
58123
57170
58139
58156
58157
58158
58159
58140
58141
58142
58160
58161
58143
58144
58145
57171
58162
58173
58174
58163
58146
58147
57172
58164
57174
58175
58186
58197
58185
57176
57177
58196
58212
57178
57180
58222
58233
58250
58249
58248
58232
58231
58220
58221
58195
58184
58183
58194
58211
58210
58209
58208
58207
58206
58193
58182
57175
58172
58171
58170
58155
58154
58138
58137
58121
58110
58120
58136
58153
58152
58178
58189
58190
58179
58168
57173
58169
58180
58181
58192
58191
58202
58228
58229
58218
57179
58203
58204
58205
58219
57181
58230
58240
58239
58257
58271
58272
58289
58270
57184
58255
58256
58238
57182
58227
58226
58237
58236
56971
58225
58215
58216
58217
58201
58200
58199
58188
56970
58177
58167
58151
58134
56969
58118
58135
58119
58109
58108
58092
58075
68004
63651
63661
68005
63671
63681
68006
68007
63691
63690
63680
63670
63669
63679
63689
63705
63706
63707
68008
63717
63727
68009
68010
63737
62786
68011
63763
63780
68012
68013
63791
63790
63779
63778
63789
63806
63805
63816
63804
63787
63788
63777
62788
63760
62787
63744
63734
63735
63745
63761
63762
63746
63736
63726
63716
63715
63725
63724
63714
63704
63688
63687
63677
63678
63668
63658
63648
62784
63637
63636
63647
63656
63657
63667
63666
63676
63686
63703
63702
63701
63700
63699
63713
63723
63733
63743
63759
63758
63757
63774
63775
63776
63786
63803
63802
63801
63800
63799
63798
63797
63796
63813
63824
62790
63812
63795
63785
63769
63770
63771
63772
63773
63756
63755
63754
63753
63752
63742
63732
63722
63712
63698
63697
63696
63695
63694
63711
63721
63720
63731
63741
63749
63750
63751
63768
63767
63766
63783
63784
63794
63793
62789
63782
63765
63748
63739
63740
63730
63729
63719
63709
63710
63693
62785
63683
63673
63663
63653
63643
63644
63645
63654
63664
63674
63684
63685
63675
63665
63655
63646
62783
63629
63630
63631
63614
63613
63612
63602
63584
63568
63567
63566
63565
63564
63553
62778
63544
62777
63535
63534
63524
63525
63545
63554
63555
63546
63537
63536
63526
63527
63516
63515
63514
63503
63493
63482
63481
63470
63459
62574
63458
62575
63469
62576
63480
62577
63491
63492
62775
63502
63513
62578
63512
62579
63523
62580
63533
63543
63552
63563
63579
62581
63597
63598
63580
63581
63582
63583
63601
63611
63628
63627
63610
63600
63599
63626
62782
63609
63608
62582
63625
63642
62583
63652
62584
63662
62585
63672
62586
63682
62587
63692
62588
63708
62589
63718
62590
63728
62591
63738
63747
63764
62592
63781
62593
63792
62594
63809
62595
63820
62596
63831
63848
63849
63850
63833
63832
63821
63810
63811
63822
63823
63834
63851
63852
63868
63853
63835
63836
63854
63870
63869
63887
63886
63885
63867
63866
63865
63883
63884
63902
63901
63917
63918
63919
63903
63904
63888
63889
63871
63855
63837
63838
63856
63872
63873
63891
63890
63908
63909
63925
63942
63943
63926
63911
63910
63892
63874
63858
63857
63839
63840
63841
63842
63825
63814
63815
63826
63827
63828
63817
63818
63807
63808
63819
68014
68015
63830
63847
63846
63829
63845
63844
63843
62791
63860
63878
63896
63914
63913
63895
63877
63876
63859
63875
63893
63894
63912
63928
63927
63944
63945
63946
63929
63930
62794
63931
62792
63898
63897
63879
63880
63861
63862
63863
63881
63899
63915
68016
62793
63932
63947
62795
62796
63956
63973
63981
62798
63972
63971
63970
63955
63954
63969
63968
63967
63966
63965
63964
63963
63962
63953
63961
63960
63976
63959
63951
63952
63937
63938
63939
63940
63941
63924
63923
63922
63907
63906
63905
63921
63920
63936
63950
63935
63934
63933
63916
63900
63882
63864
69527
69511
69510
69526
69543
69555
69544
69556
69573
69572
69571
69554
69553
69552
68443
69539
69540
69541
69542
69525
69509
69508
69507
69524
69523
69506
69475
69476
69477
69460
69461
69445
69462
69478
69490
69479
68440
69491
69480
69463
69464
69481
69492
69493
69482
69465
69448
69432
69419
73827
69403
69388
69387
69373
69374
69357
69343
69342
69341
68432
69356
69372
69386
69401
69402
68437
69418
69431
69447
69446
69430
69417
69429
69428
69427
69416
69398
69397
69415
69414
68438
69426
69444
69459
69458
69443
69442
69441
69457
69456
69455
69440
69439
68439
69454
69470
69488
69489
69471
69472
69473
69474
69503
69502
69501
69500
69517
69518
69534
69535
69519
69520
69521
69504
69505
69522
69538
69537
69536
69564
69565
69566
69567
69568
69569
69570
69588
69603
69604
69605
69589
69590
69606
69615
69616
69633
69641
69650
69660
73828
69671
69688
69705
69717
69704
69703
69686
69687
69670
69659
69649
69640
69632
69631
69639
68449
69630
69614
68446
69602
69587
69586
69601
69600
69585
69584
69599
69598
69583
69582
69597
69596
69581
69563
69551
69533
69532
69550
69549
69531
68442
69515
69516
69499
69498
68441
69497
69486
69487
69469
69453
69437
69438
69425
69424
69409
69410
69411
69380
68435
69393
69408
69407
69392
69391
69390
69389
69404
68245
69420
69421
69405
69406
69422
69423
69436
69452
69468
69485
69496
69513
69514
69530
69529
69546
69558
69575
69576
69559
69547
69548
69560
69578
69577
69594
69593
69609
69610
69611
68447
69620
69636
69644
69653
69663
69674
69692
69691
69673
68452
69662
69652
69643
69635
68448
69619
69618
69608
69592
69591
68251
69607
68252
69617
69634
68253
69642
68254
69651
68255
69661
68256
69672
68257
69689
69690
69707
69706
69718
69734
68258
69745
68259
69762
69763
69746
69747
69735
68458
69719
68456
69708
69709
69720
69736
69748
68459
69749
69737
69738
69750
69767
69766
68460
68462
69782
69783
69784
69800
69799
69816
69833
69832
69831
68467
69844
69861
69843
69860
69872
69884
69896
69897
69886
69885
69873
69874
69862
69845
69846
69847
69817
69818
69819
69801
69785
69769
69768
69751
69752
69753
69754
69771
69770
69787
69786
69802
69803
69820
69821
69822
69835
69834
69848
69849
69850
69863
69875
69876
69864
69851
69852
69853
69836
69824
69823
69805
69804
69788
69772
69755
69756
69740
69739
69727
69726
69725
69724
69723
69722
69721
68457
69710
69711
68454
69695
69696
69697
69698
69681
69680
69679
69678
69677
69694
69693
68453
69675
69676
69664
69654
69645
69637
69621
69612
69595
68444
69579
69561
69562
69580
68445
69622
69623
69624
69625
69626
69627
69628
69613
69629
69638
69646
68451
69655
69656
68450
69647
69648
69658
69669
69657
69668
69667
69684
69685
69702
69714
68455
69701
69700
69683
69666
69665
69682
69699
69712
69713
69728
69729
69730
69741
69758
69757
69773
69789
69790
69774
69775
69776
69759
69742
69731
69715
69716
69732
69733
73829
69744
69743
69760
69761
69777
69778
69794
69793
69792
69791
69806
69807
69808
69825
69837
69838
69826
69809
69810
69827
73830
69839
73831
69868
69856
69855
69854
69866
69867
69879
69880
73832
73833
69892
69891
69890
69878
69865
69877
69889
69888
69887
69898
69899
69911
69910
68470
69922
69933
68471
69943
69960
69959
69975
69974
69973
69958
69957
69956
69972
69971
69955
69954
69970
69969
68474
69952
69953
68469
69909
69908
69921
69932
69942
68472
68473
69968
69984
69985
69994
69993
70003
70004
70014
70013
70023
68476
70022
70039
70040
70041
70024
70025
70026
70044
70059
70058
70043
70042
70057
70074
70083
70091
70090
70089
70096
70097
70098
70106
70105
70114
70113
70104
70103
68486
70095
68484
70088
70087
70079
70080
70081
70082
70073
68480
70056
68479
70072
70071
70054
70055
70038
70021
70011
70012
70002
70001
69991
69982
69992
69983
69967
69966
69949
69939
69929
69917
69930
69940
69950
69951
69941
69931
69920
69919
69918
69906
69907
69895
69894
69883
69871
69870
69858
69859
69842
69829
69830
69813
69814
69797
68465
69815
69798
68464
69781
69765
69764
68461
69780
68463
69796
69779
69795
68260
69811
69812
68466
69828
69841
68261
69840
68262
69857
68263
69869
68264
69881
69882
68468
69893
69905
68265
69904
69916
68266
69928
68267
69938
68268
69948
69965
68269
69981
68270
69990
68271
70000
68272
70010
68273
70020
70037
68274
70053
70070
68275
70078
68276
70086
70094
70102
70110
70111
70112
68488
70127
68490
70134
70135
70128
70129
70136
70143
70157
70166
70165
70164
70155
70156
70142
70141
70163
68496
70180
70181
70191
70192
70182
70183
70167
70168
70169
70170
70171
70172
70173
70199
70198
70215
70216
68501
68502
70217
68499
70201
70200
70184
70185
70186
70202
70218
70230
70231
70248
70247
70246
68503
70259
70275
68506
70290
68508
70306
68509
70307
73842
70321
70335
68510
68512
70348
70363
73843
70378
70393
70408
68518
70392
70391
70377
70362
70390
70406
70407
70422
70421
70437
70436
70420
70405
70389
70375
70376
70361
70346
70347
70334
70320
70319
70333
70360
70359
70344
70345
70332
70318
70317
70331
70330
70316
70303
70304
70305
70289
70273
70274
70258
70245
70244
70243
70242
70229
70214
70197
70213
70196
70195
70212
70211
70226
70227
70228
70241
70240
70239
70225
70238
70256
70255
70224
70209
70210
70194
68498
70193
70208
70207
70223
70222
70221
70234
70235
70252
70251
70263
70264
70253
70236
70237
70254
70266
70265
70280
70295
70311
70312
70313
70314
70298
70297
70296
70281
70282
70267
70268
70283
70299
70300
70285
70284
70269
70270
70271
70257
68504
70272
70288
70287
70286
70301
70302
70315
70329
70342
70343
70358
70373
70374
70388
70404
70419
70418
70403
70387
68516
70372
70357
70356
68514
68515
68517
70402
70417
68519
68521
70432
70433
70434
70435
70452
70453
70454
70438
70455
70439
70423
70424
73844
70440
73845
70456
70473
70472
70471
70487
70488
70504
70517
70534
73846
70548
70533
70516
70503
70486
70485
70470
70469
70484
70483
70468
70451
70450
70449
70466
70465
70480
68523
70464
70448
70447
70463
70479
68525
70495
70496
70481
70467
70482
70498
70497
68526
70511
70512
70530
70531
70514
70513
70499
70500
70501
70502
70515
70532
70546
70545
70544
70561
70562
70563
70547
70564
70565
70579
73847
73848
70596
70595
68530
70578
70577
70576
70594
70608
70621
70622
70636
70650
70637
70623
70609
70610
73849
73850
70624
70638
73851
73852
70651
73853
73854
70679
70665
70664
70678
70677
70663
70649
70648
70647
70635
70634
70620
70606
70607
70593
70575
70592
70574
70573
70591
70605
70619
70633
70646
70660
70674
70688
70689
70675
70661
70662
70676
70690
70691
70705
70706
70692
70693
73855
73856
70707
70723
70741
70740
70722
70721
70739
70757
70756
70738
70720
70719
70704
70703
70702
70717
70735
70753
70754
70736
70718
70737
70755
70772
70771
70770
70769
70752
70751
70768
70784
70767
70750
70732
70733
70734
70716
70715
68533
70714
70731
70749
70766
68535
70783
68536
70813
70827
70842
70843
70858
70873
70874
70859
70844
70828
70829
70814
68537
70797
70798
70799
70800
70785
70786
70801
70815
70830
70831
70816
70817
70818
70803
70802
70787
70773
70788
70804
70819
70834
70849
70864
70879
70896
70897
70880
73862
70865
73861
73860
70850
70835
73859
73858
70820
70806
70805
70789
70774
70775
70758
70759
70776
70790
73857
65052
62653
65053
65062
65061
65070
65079
65089
65099
62654
65116
62655
65125
65134
65135
65126
65117
65100
65090
65091
65101
65118
65127
65136
65152
65137
65153
62869
65138
65139
65140
65141
65154
65164
65163
65174
65173
65172
65162
65161
65171
65182
65170
65160
65151
65150
62656
65159
62657
65169
62658
65180
65181
65191
65208
65217
65218
65209
65192
65193
65210
65219
65236
65245
65235
65234
62659
65243
65244
65253
65252
65270
65271
65288
65272
65254
65255
65256
62874
65273
65274
65292
65293
65275
65259
65260
65261
65262
65263
65279
65278
65277
65276
65294
65295
65296
65297
65298
65280
65264
65265
65281
65299
62875
65309
65319
65318
65328
65338
65348
65366
65365
65364
65363
65362
65361
65360
65359
65358
65347
65337
65327
65317
65308
65291
65290
65289
65307
65306
65305
65287
65286
62660
65304
62661
65313
62662
65323
62663
65333
62664
65343
65344
65334
65325
65324
65314
65315
65316
65326
65336
65335
65345
65346
65356
65357
65374
65384
65394
65404
65403
65419
65428
65427
65418
65402
65392
65393
65383
65382
65391
65381
65371
65372
65373
65355
65354
65353
62665
65370
62666
65380
62667
65390
65400
65401
65417
65416
62668
65425
65426
65436
65453
65454
65437
65438
65456
65455
65472
65489
65488
65471
65470
65487
65486
62669
65469
65452
65435
73870
71315
68574
71332
73871
73872
71348
71364
71378
68578
71363
71331
71347
71362
71361
71360
71375
71376
71377
71390
71389
71405
71404
71388
71387
71373
71374
71359
71358
71343
68575
71342
71357
71372
71371
71356
71370
71385
71386
71402
71403
71418
71419
71420
71435
71434
71433
71448
71449
71450
71465
71464
71463
71447
71462
71477
71492
71493
71478
71479
71480
71481
71496
71511
71526
71541
71555
71569
71570
71571
71556
71557
71542
71527
71528
71529
73880
73879
71514
71499
73878
73877
71484
71469
71468
71483
71498
71513
71512
71497
71482
71467
71466
71451
71436
71437
71452
71453
71438
71423
71408
71407
71422
71421
71406
71391
71392
71393
71409
71424
73873
73874
71439
71454
73876
73875
65535
62673
65552
62674
65562
65563
65553
65536
65537
65526
65525
65524
62672
65513
62671
65496
62670
65497
65514
65515
65498
65499
65500
65517
65516
65527
65528
65529
65530
65519
65518
65501
65490
65473
65474
65491
62880
65502
65503
65504
65505
65506
65507
65508
65509
65520
65531
65550
65560
65570
65580
65581
65571
65561
65551
65533
65532
65521
65510
65492
62879
65482
65465
65481
65480
65463
65446
65445
65444
65443
65442
65441
65458
65459
65460
65461
65462
65479
65478
65477
65476
65475
65457
65440
65439
65429
65430
65420
62878
65405
65406
65407
65408
65409
65410
65411
65412
65447
65464
65448
65449
65431
65421
65413
65414
65396
65395
65385
65375
65376
65377
65386
65387
65397
65415
62876
65398
65388
65378
65369
65368
65367
65349
65350
65340
65339
65329
65330
65331
65321
65320
65310
65301
65283
65300
65282
65266
65267
65268
65250
65249
65248
65239
65240
65241
65233
65232
65215
65206
65207
68066
68067
65216
68068
68069
65242
68070
65251
65269
65285
65284
65302
65311
65303
65312
65322
68071
68072
65332
68073
65342
65341
65351
65352
68074
68075
68076
65379
65389
68077
68078
65399
62877
68079
68080
65434
65424
65423
65422
65432
65433
65450
65451
65468
65485
65484
65467
65466
65483
65493
65494
65495
65512
65511
65522
65523
68084
68085
65534
68086
68087
68088
68089
68090
68091
68092
68093
68094
68095
68096
65667
65666
65651
65665
62881
65649
65650
65640
65641
65631
65630
65639
65629
65619
65609
65610
65620
65621
65611
65601
65591
65590
65600
65599
65589
65579
65569
65559
65549
65548
65547
65546
65545
65544
65543
65542
65541
65558
65568
65567
65557
65540
65539
65538
65555
65554
65564
65565
65556
65566
65576
65577
65578
65588
65587
65597
65596
65586
65595
65594
65604
65603
65593
65583
65584
65585
65575
65574
65573
62675
65572
62676
65582
62677
65592
62678
65602
62679
65612
62680
65622
62681
65632
62682
65642
65643
65644
65634
65633
65623
65613
65614
65624
65625
65615
65605
65606
65616
65617
65607
65598
65608
65618
65628
65627
65637
65638
65648
65647
65646
65636
65626
65635
65645
65655
65656
65657
65673
65674
65658
65659
65660
65676
65677
65661
65662
65663
65664
65680
65681
65699
65698
65716
65732
65715
65697
65679
65678
65696
65695
65713
65714
65730
65731
65748
65749
65733
65717
65700
65682
65683
65701
62882
65718
65719
65702
65684
65685
65703
62883
68097
65736
65735
62884
65734
62885
65750
65751
65763
65762
65761
65760
65772
65773
65789
65800
65801
65802
65803
65820
65819
65818
65817
65816
65799
65788
65787
65786
65785
65747
65746
65729
65728
65745
65744
65727
65726
65743
65759
65771
65782
65783
65784
65813
65814
65815
62889
65832
65833
65834
65835
65848
65863
65880
65879
65862
65861
65878
65890
65891
65908
65922
65907
62897
65921
65932
65933
65934
65935
65951
65962
62902
65950
65961
65949
65931
62900
65920
65919
65918
65917
65902
65901
65900
65899
65886
65870
65871
65872
62895
65873
65874
65903
65904
65905
65906
65888
65889
65877
62893
65860
65847
65846
65845
62891
62892
65859
65876
65887
62896
65875
65858
65844
65831
65830
65812
65811
65829
65828
65843
65842
65857
65856
65855
65854
65840
65841
65826
65808
65827
65809
65810
65798
65797
65796
65795
62887
65779
65780
65781
65770
65758
65742
65725
65724
65741
65740
65756
65757
65769
65768
65767
65766
65778
65777
65765
62684
65753
62683
65754
65755
65739
65738
65721
65722
65723
65707
65708
65709
65710
65711
65712
65694
65693
65675
65692
65691
65690
65672
65671
65670
65654
65653
65652
65668
65669
65689
65706
65688
65687
65686
65705
65704
65720
65737
73886
71675
71691
68586
71674
71673
71656
71655
71638
71639
71640
71657
71658
73885
73884
71641
71624
71608
71590
71574
73883
73882
73881
71544
71559
71543
71558
71573
71572
71588
71589
71607
71623
71622
71606
71605
71621
71620
71637
71654
71671
71672
71690
71706
71707
71708
71725
68589
71724
71723
71739
71738
71737
71752
71751
71750
71736
71720
71721
71722
71705
71689
71688
71704
71703
71702
71719
71735
71749
71748
68590
71734
71718
71717
71716
71699
71700
71701
71685
68585
71686
71687
71670
71653
71636
71635
71634
71633
71632
71631
71615
68582
71598
71597
71581
71580
71579
71562
71578
71594
71612
71613
71595
71596
71614
71630
71647
71648
71649
71650
71651
71652
71669
71668
71667
71666
71684
71665
71683
71698
68587
71682
71664
71663
71662
71645
71646
71629
71628
71627
71644
71661
71678
71694
71710
71728
71729
71742
71757
71741
71727
68588
71693
71677
71660
68584
71643
71626
71611
71593
71576
71577
71561
71546
71531
71516
71501
71486
71471
71456
71441
71442
71457
71472
71473
71474
71489
71488
71487
71502
71503
71518
71517
71532
71547
71548
71563
71564
71549
71534
71533
71519
71504
71505
71520
71521
71536
71535
71550
71551
71552
71567
71566
71565
68581
71582
71600
71599
68583
71616
71617
71601
71583
71584
71602
71618
71619
71603
71604
71587
71586
71585
71568
71553
71554
71539
71540
71525
71524
71510
71495
71494
71509
71508
71523
71538
71537
71522
71507
71506
71491
71490
71475
71476
71461
71460
71446
71445
71430
71415
71416
71431
71432
71417
71401
71400
71384
71383
71399
71398
71397
71414
71429
71444
71459
71458
71443
71428
71413
71396
71381
71382
71368
71369
71353
71354
71355
71341
71340
71323
71339
71338
71352
71337
71336
71319
71302
71301
71318
71335
68576
71350
71351
71367
71366
68577
68579
71380
68580
71395
71412
71427
71426
71411
71425
68306
71410
68305
71394
71379
71365
71349
71333
71334
71317
71316
71300
71284
71267
71251
71252
71253
71238
71239
71254
71270
71269
71268
71285
71286
71287
71288
71303
71320
71321
71322
71305
71304
71289
71290
71291
71306
71307
71324
71325
71308
71309
71326
71327
71328
71344
71345
71346
71330
71312
71313
71314
71298
71299
71283
73869
73868
71266
71250
71235
71234
71233
71248
71249
71265
71264
71263
71262
71279
71280
71281
71282
71297
71296
71295
71311
71329
71310
68573
71294
71293
71292
68572
71276
71277
71278
68571
71261
68570
71245
68569
71229
71230
71214
71231
71246
71247
71232
71215
71201
71186
71170
71155
71156
71157
71173
71203
71188
71172
71171
71187
71202
71216
71217
71218
71219
71204
68564
71189
71190
71174
71158
71143
68557
71130
68555
71115
71116
71098
71097
71096
71095
71094
71112
71111
71110
71125
71126
71127
71128
71113
71114
71129
71142
71141
71140
71139
71138
71153
71154
71169
71168
71152
71167
68562
71184
71185
71200
71199
71213
71198
68566
71212
71228
71244
71260
71259
71258
68568
71243
71227
68567
71211
68565
71196
71210
71225
71226
71242
71241
71256
71257
71275
71274
71273
71272
71271
71255
71240
71224
71223
71222
71207
71193
71194
71208
71209
71195
71178
71179
71163
71162
71161
71177
71176
71192
71206
71221
71237
71236
71220
71205
71191
71175
71159
71160
71145
71144
71131
71117
68304
71099
71100
71082
71083
71084
71085
71086
71104
71123
71122
71136
71135
71134
71120
71121
71103
71102
71101
71119
71118
71132
71133
71146
71147
71148
71149
71165
71164
71180
71181
71182
68563
71197
71183
71166
68560
68561
71151
68559
71150
68558
71137
68556
71124
71106
71107
71108
71109
71091
71090
71074
71073
71089
71088
71105
71087
71071
71072
71056
71055
71038
71037
71054
71070
71069
71053
71052
71035
71036
71019
71003
71002
71001
71018
71017
71016
71033
71034
71068
71067
71051
71050
71066
71081
71065
71049
71032
71015
70999
71000
70982
70983
70984
70985
70986
70971
70970
70956
70955
70969
70968
70967
70953
70954
70940
70939
70925
70926
70927
70941
70942
70928
70929
70943
70944
70945
70959
70958
70957
70972
70987
71004
71020
71021
71005
70988
70973
70989
70990
68548
71006
68550
71022
68551
71039
71040
68552
71057
71041
71042
71043
71044
71027
71010
71009
71026
71025
71024
71023
71007
70991
70992
68549
71008
70993
70994
70995
70978
70977
70962
70963
70964
70950
70936
70937
70951
70965
70980
70997
70979
70996
71011
71028
71029
71012
71013
71030
71047
71046
71045
71060
71059
71076
71058
68553
71075
71092
71093
71077
71061
71078
71079
71062
71063
68554
71080
71064
71048
73867
73866
71031
71014
70998
68547
73865
70981
70966
68544
68542
70952
70938
73864
73863
70910
70924
70923
70922
70909
68539
70895
70894
70878
70863
70848
70833
70832
70847
70862
70877
70876
70861
70846
70845
70860
70875
70891
70890
70906
70907
70892
70893
70908
70921
70935
70949
70948
70934
70920
70919
70933
70947
70961
70976
70975
68546
70974
68545
70960
68543
70946
68541
70932
70918
70905
70889
70888
70887
70904
70917
70931
70930
68540
70916
70903
70886
70872
70857
70841
70856
70855
70840
70839
70838
70853
70854
70869
70870
70871
68538
70885
70902
70915
70914
70901
70884
70883
70882
70899
70900
70913
70912
70911
68303
70898
68302
70881
68301
70866
68300
70867
70868
70852
70851
68299
70836
68298
70821
68297
70807
70837
70822
70808
70792
70791
70777
70760
68296
70742
70743
68534
70761
70779
70778
70793
70794
70795
70811
70810
70809
70823
70824
70825
70826
70812
70796
70782
70781
70780
70762
70763
70746
70728
70727
70745
70744
70726
70725
70724
70708
70694
68295
70680
68294
70666
68293
70652
68292
70653
70654
70668
70682
70667
70681
70695
70696
68532
70709
70710
70697
70698
70711
70712
70729
70747
70764
70765
70748
70730
70713
70700
70701
70687
70686
70685
70699
70684
70670
70683
70669
70655
70656
70657
70671
70672
70673
70659
70658
70644
70645
70632
70631
70630
70643
70642
70641
70640
70639
68531
70626
70625
68291
70611
68290
70597
68289
70598
70581
70582
70567
70551
70550
68529
70566
70580
70549
68288
70535
68287
70518
68286
70505
68285
70489
70474
68284
70457
68283
70441
68282
70425
70409
70394
70379
70364
70365
70380
70395
70396
70411
70410
70426
70442
68522
70458
70443
70427
70412
70428
70444
70459
70460
70461
70477
70476
70475
70490
70491
70492
70506
70507
70508
70522
70540
70554
70553
70539
70521
70520
70519
68527
70536
70537
70538
70552
70568
70583
70569
70584
70601
70615
70614
70600
70599
70612
70613
70627
70628
70629
70616
70617
70618
70604
70587
70588
70589
70590
70558
70559
70560
70543
70542
70529
70528
70527
70526
70525
70524
68528
70556
70557
70572
70571
70586
70603
70602
70585
70570
70555
70541
70523
70510
70509
70493
68524
70494
70478
70462
70445
70446
70431
70430
70429
68520
70413
70397
70398
70399
70414
70415
70416
70401
70400
70385
70386
70370
70371
70355
68513
68511
70328
70327
70341
70326
70340
70353
70354
70369
70384
70383
70382
70381
70366
70367
70368
70352
70339
70338
70351
70337
70350
70349
70336
70322
68281
70308
68280
70292
70323
70324
70325
70310
70309
70293
70294
70279
70278
70277
70262
70250
68279
70233
70220
70204
70205
70206
70190
70189
70188
68278
70179
70162
70154
68277
70140
70133
70126
78965
78964
75757
75745
78963
75733
78962
74329
74328
75699
78961
75687
75675
78960
75662
75661
75674
74327
75673
75660
75645
75659
75672
75671
75684
75685
75686
75698
75697
75696
75708
75719
75718
75707
75706
75717
75728
75729
75740
75741
75753
75765
75764
75752
75776
75777
75778
75779
75780
75790
75802
75817
75816
75815
75831
75832
75833
75834
75848
75861
75862
75849
75835
75818
75803
75791
74330
75781
75792
75804
75820
75819
75836
74333
75837
75850
75851
75838
75821
75806
75805
75793
75794
75783
75782
75767
75766
75754
75742
75730
75731
75720
75709
75710
75721
75732
75744
75743
75755
75756
75768
75769
75784
78966
78967
75795
74332
75807
75824
75823
75822
75839
75840
75841
75854
78968
75868
75886
75904
78969
75918
75917
75933
75934
75946
75945
75944
75943
75931
75930
75929
75913
75912
75898
75899
75914
75900
75881
75882
75901
75902
75916
75915
75932
75903
75885
75867
75853
75852
75866
75884
75883
75865
75864
75863
75880
75879
75878
75896
75897
75911
75927
75928
74338
75941
75942
75959
75970
75971
75960
75961
75972
75973
75962
75963
75974
75985
75984
75996
76008
76007
76024
76023
76006
76005
74346
76022
76033
76034
76045
76044
76055
76056
76066
76083
76100
76101
76102
76103
76086
76085
76084
76067
76068
76069
76058
76047
76057
76046
76035
76036
76025
76026
76009
75997
78970
78971
78972
78973
76037
76048
78974
78975
76059
78976
76070
76087
76104
76121
76120
76131
76142
76143
76132
78977
78978
78979
78980
78981
76178
76190
78982
78983
76202
76214
78984
78985
76226
76225
76213
76201
76189
76188
76187
76186
76198
76199
76200
76212
76224
76236
76237
76249
76248
76247
76235
76223
76211
76210
76222
76234
76246
76258
76259
76271
76270
76281
76282
76283
76284
76273
76272
76260
76261
76250
76238
78986
78987
78988
76262
74353
78989
76301
76317
76335
76353
76352
74356
76364
78990
74358
78991
76400
76411
78992
78993
78994
78995
74359
74360
74361
78996
78997
78998
78999
79000
79001
79002
79003
79004
76598
76609
76597
76608
76607
76625
76624
76606
76595
76596
76581
76571
76570
76561
76551
76542
76532
76531
76541
76550
76560
76559
76558
76548
76549
76540
76539
76529
76530
76520
76519
76509
76510
76511
76521
76522
76512
76502
76501
76491
76492
76482
76472
76471
76481
76480
76490
76500
76499
76489
76479
76469
76470
76459
76442
76441
76424
76425
76409
76426
76444
76443
76460
76461
76462
76445
76428
76427
76410
76399
76389
76379
76363
76351
76350
76349
76331
76332
76333
76334
76316
76300
76299
76315
76314
76298
74355
76297
76296
76295
76313
76312
76328
76329
76330
76348
76347
76360
76361
76362
74357
76378
76388
76398
76397
76408
76407
76396
76387
76386
76377
76376
76375
76359
76346
76345
76344
76343
76342
76341
76358
76357
76369
76368
76356
76340
76339
76338
76337
76355
76354
74110
76336
76318
76302
76286
76285
74109
76274
74108
76263
74107
76251
74106
76239
74105
76227
74104
76215
74103
76203
74102
76191
74101
76179
74100
76167
74099
76155
74098
76144
76133
76145
76146
76147
76135
76134
74351
76123
76124
76107
76090
76073
76062
76063
76052
76041
76029
76030
76031
76042
76053
76064
76075
76074
76091
76108
76125
76136
76148
76159
76158
76157
76156
76168
76169
76170
76171
76160
76172
76184
76183
76182
76181
76180
76192
76193
76194
76206
76205
76204
76216
76217
76218
76230
76229
76228
76240
76241
76253
76265
76252
76264
76275
76276
74354
76287
76305
76304
76303
76319
76320
76321
76322
76306
76288
76278
76277
76266
76254
76242
76243
76231
76219
76207
76195
76196
76208
76220
76232
76244
76256
76255
76267
76268
76279
76289
76290
76308
76307
76323
76324
76325
76309
76291
76292
76310
76326
76327
76311
76293
76294
76280
76269
76257
76245
76233
76221
76209
76197
76185
76173
76161
74352
76137
76126
76109
76092
76110
76093
76076
76077
76078
76079
76095
76094
76111
76112
76113
76096
76097
76098
76115
76114
76127
76138
76149
76162
76174
76175
76176
76177
76166
76154
76153
76165
76164
76163
76151
76150
76139
76128
76129
76140
76152
76141
76130
76119
76118
76117
76116
76099
76082
76081
76080
76065
76054
76043
76032
76020
76021
76004
75992
75993
75994
75995
75983
75982
75981
74343
74341
75958
75957
75940
75926
75925
75924
74336
74337
75951
75952
75953
75954
75955
75956
75969
75980
75991
76003
76019
76018
76017
76016
76015
76014
76013
76000
76001
76002
75990
75979
75968
75967
75978
75989
75988
75977
75966
75950
75939
75923
74335
75910
75892
75891
75909
75908
75922
75938
75949
75948
74340
75965
74342
75976
74344
75987
74345
75999
76012
76028
76039
76040
76051
76050
74347
76061
76072
74348
74349
76089
76106
74350
76122
74097
76105
74096
76088
74095
76071
74094
76060
76049
74093
76038
74092
76027
74091
76010
76011
75998
75986
75975
75964
75947
74090
74339
75936
75937
75921
75907
75906
75920
75935
75919
75905
75887
75888
75870
75856
75869
75855
74089
75842
74088
75825
75808
75809
75797
75796
74087
75785
75770
75771
75772
74331
75786
75798
75810
75811
75812
75829
75846
75858
75845
75828
75827
75826
75843
75844
75857
75871
75889
75890
75872
75873
75859
75860
75874
75875
75893
75894
74334
75895
75877
75876
75847
75830
75814
75813
75801
75789
75788
75800
75799
75787
75773
75774
75775
75763
75751
75739
75738
75725
75724
75713
75712
75723
75735
75747
75748
75736
75737
75749
75750
75762
75761
75760
75759
75758
74086
75746
74085
75734
74084
75722
74083
75711
74082
75700
74081
75688
74080
75676
74079
75663
74078
75647
75633
74077
75619
74076
75605
74075
75591
74074
75574
74073
75561
74072
75548
75549
75550
75534
75533
74071
75516
75500
74070
75501
75485
74318
75470
75469
74069
75453
74068
75437
74067
75422
75423
75438
75454
75455
75471
75486
75472
75487
75503
75502
75518
75517
75535
75536
75551
75564
75577
75576
75563
75562
75575
75592
75606
75620
75621
75607
75593
75594
75608
75622
75636
75650
75649
75635
75634
75648
75664
75677
75689
75690
75701
75702
75703
75714
75715
75726
75727
75716
75705
75704
75692
75693
75681
75668
75652
75667
75680
75679
75691
75678
75665
75666
75651
75637
75638
75624
75623
75609
75595
75596
75597
75598
75612
75611
75610
75625
75639
75640
74326
75653
75654
75626
75613
75627
75641
75655
75669
75682
75694
75695
75683
75670
75656
75657
75658
75643
75644
75630
75631
75617
75616
75602
75603
75604
75618
75632
75646
74325
74324
74323
78959
75590
78958
78957
75547
74321
75560
75573
75589
75588
75587
75571
75572
75559
75558
75544
75543
75557
75570
75586
75601
75615
75629
75642
75628
75614
75600
75599
75583
75582
75581
75580
74322
75567
75554
74320
75540
75539
75521
75538
75553
75566
75579
75578
75565
75552
75537
75519
75520
75504
75488
75473
75474
75489
75505
75506
75522
75523
75524
75525
75526
75541
75555
75568
75569
75584
75585
75556
75542
75527
75509
75493
75508
75492
75477
75461
75462
75478
75479
75463
75464
75480
75495
75494
75510
75511
74319
75528
75529
75512
75496
75497
75483
75498
75514
75513
75530
75545
75546
75531
75532
78956
78955
75515
75499
78954
78953
75484
75468
78952
78951
75452
75436
75435
75451
75467
75466
75482
75481
75465
75449
75450
75434
75433
75418
75417
75416
75431
75432
75448
75447
75446
75445
75429
75430
75415
75414
74317
74316
75413
75399
75384
75369
75354
75340
75341
75326
75325
75310
75311
75312
75327
75342
75355
75370
75371
75356
74313
75343
75357
75373
75372
75387
75386
75385
75400
75401
75402
75403
75388
75389
75404
75405
75419
75420
75421
78950
75406
74314
75391
78949
78948
75376
75361
75360
75375
75390
75374
75358
75359
75345
75344
75329
75328
75313
75314
75315
75330
74312
75346
75331
75316
75317
75332
78947
78946
78945
75302
75287
75272
75258
75257
75271
75270
75269
75268
74310
74309
75254
75241
74307
74305
75225
75212
75213
75226
75227
75228
75244
75243
75242
75255
75256
75245
75229
75216
78944
75204
74303
75215
75214
75203
75188
75187
75202
75201
74302
75186
75175
75164
75165
75176
75177
75178
74301
75189
75179
78943
75168
75167
75166
75155
75154
74300
75138
75139
75128
75127
75116
75115
75126
75137
75153
75152
75151
75150
75149
75148
75147
75163
75146
75162
75161
75145
75144
75160
75171
75172
75183
75184
75173
75174
75185
75196
75197
75198
75199
75200
75211
75224
74306
75240
75253
75252
75266
75267
75281
75282
75283
75284
75285
75286
75301
75300
75299
75298
75297
75296
75295
75280
74311
75239
75238
75237
75236
74308
75251
75265
75264
75263
75277
75278
75279
75294
75309
75324
75339
75353
75352
75367
75368
75383
75398
75412
75428
75427
75411
75410
75426
75441
75442
75443
75444
75460
75476
75491
75507
75490
75475
75459
75458
75457
75456
75440
75439
75424
75425
75409
75395
75396
75397
75382
75381
75366
75351
75350
75336
75335
75334
75348
75349
75364
75363
75378
75365
75380
75379
75394
75408
75407
74315
75393
75392
74066
75377
74065
75362
74064
75347
74063
75333
74062
75318
74061
75304
75319
75320
75305
75306
75321
75337
75338
75323
75322
75307
75308
75293
75292
75291
75276
75262
75275
75290
75289
75274
75260
75261
75248
75247
75231
75232
75218
75205
74056
75217
75230
75246
74057
75259
74058
75273
74059
75288
74060
75303
79489
79487
79485
79484
79483
80119
82717
82716
80114
80113
80118
80123
80139
80138
80137
80136
80135
80151
80152
80153
80154
80155
80158
80161
79490
80165
82718
82719
82720
82721
82722
80195
80191
80190
80189
80188
80187
80186
80185
80184
80183
80182
80181
80180
80179
80178
80174
80171
80170
80173
80176
80177
80194
80193
80197
80201
80205
80209
80213
80217
80221
80225
80229
80230
80226
80222
80218
80214
80210
80206
80202
80198
80203
80199
82723
82724
82725
80207
80211
82726
82727
80215
80219
82728
82729
80223
80227
82730
82731
80231
82732
80235
80239
82733
82734
80243
80247
79491
79492
80251
79493
80255
82735
80271
79494
80270
80285
80269
80268
80267
80266
80265
80280
80281
80282
80299
80298
80315
80316
80317
80300
80283
80284
80301
80302
80319
80318
80325
80330
80335
80340
80356
79499
79498
79497
79496
80320
80303
80286
80287
80304
80321
80326
80331
80336
80341
80357
80362
82736
80368
80361
80367
80373
80374
82737
80380
80379
80387
80388
82738
82739
80396
80403
80409
79505
80402
80395
80394
80401
79504
80393
80385
80386
80378
79503
80372
80366
79501
80355
80354
80353
80352
80351
80350
80349
80348
80347
80346
80345
80344
79500
80339
80334
80329
80324
80307
80290
80291
80292
80308
80309
80310
80311
80295
80312
80313
80314
80297
80296
80279
80264
80278
80263
80262
80277
80294
80293
80275
80276
80261
80260
80259
80274
79495
80258
80254
80250
80246
80242
80238
80234
80233
80237
80241
80245
80249
80253
80257
80273
80289
80306
80323
80328
80333
80338
80343
80359
80364
80370
80369
79237
80363
79236
80358
79235
80342
80337
79234
80332
79233
80327
79232
80322
79231
80305
85725
84051
84047
85724
80288
80272
79230
80256
80252
79229
80248
79228
80244
79227
80240
79226
80236
79225
80232
79224
80228
79223
80224
79222
80220
79221
80216
79220
80212
79219
80208
79218
80204
79217
80200
79216
80196
79215
80192
79214
80175
80172
79213
80169
79212
80166
79211
80162
79210
80159
80156
80140
80124
80125
80141
80163
80167
80168
80164
80160
79488
80157
79486
80142
80143
80144
80145
80146
80147
80148
80149
80150
80134
80133
80132
80131
80130
80129
80128
80127
80126
80122
80117
80112
80111
80116
80121
80120
79209
80115
79208
80110
79207
80106
79206
80107
80108
80089
80088
80104
80103
79481
80087
80086
80070
80066
80067
80071
79480
80072
80073
80090
80091
80092
80074
80075
80093
80094
80076
80077
80095
80096
80097
80098
80078
80079
80080
80081
80099
80100
80082
80083
80101
80102
80105
80109
79482
82715
82714
75158
74054
75169
74055
75180
75190
75191
75192
74304
75206
75219
75220
75221
75234
75233
75249
75250
75235
75222
75223
75210
75209
75195
75194
75208
75207
75193
75182
75181
75170
75159
75143
75142
74053
75141
75131
74052
75120
74051
75109
74050
75091
75081
74049
75071
74048
75061
75051
75042
74047
75033
74046
75024
74045
75009
74044
75000
74043
74990
74042
74980
74041
74970
74040
74954
74955
74956
74942
74943
74957
74973
74983
74993
74992
74982
74972
74971
74981
74991
75002
75001
75010
75011
75003
75012
75026
75025
75034
75035
75036
75027
75028
75037
75046
74295
75055
74296
75066
75076
75075
75074
75065
75045
75044
75043
75052
75062
75053
75054
75064
75063
75072
75073
75084
75083
75082
75092
75093
75110
75111
75094
75095
75096
75085
75086
75097
75113
75112
75122
75121
75132
75133
75134
75123
75135
75136
75124
75125
75114
75098
75099
75100
75101
75102
75103
75104
75087
75088
75105
75117
75129
75118
75107
75106
75089
75079
75069
75068
75078
75077
75067
75056
75047
75038
75039
75030
75029
75019
75018
75017
75016
75015
75014
75013
74293
75004
74994
74984
74974
74961
74962
74963
74946
74934
74922
74923
74935
74936
74924
74910
74909
74897
74885
74873
74286
74287
74898
74911
74912
74913
74900
74901
74914
74915
74288
74289
74939
74927
74926
74925
74937
74938
74950
74951
74952
74968
74967
74966
74965
74949
74948
74947
74290
74964
74291
74975
74985
74995
75005
75006
75020
75021
75007
75022
75031
75040
75049
75048
75057
75058
75059
74297
75070
78938
75080
74298
75090
75108
75119
78939
78940
75130
74299
75140
75156
75157
78941
78942
69574
69557
69545
68250
69528
68249
69512
68248
69494
69495
69484
69483
68247
69466
69467
69450
69451
69435
69434
69433
68246
69449
78937
75060
75050
74294
75041
78936
78935
75032
75023
75008
74999
78934
78933
74989
74988
74998
74292
74997
74996
74986
74976
74977
74987
74978
74979
74969
74953
78932
74940
74928
74916
78931
74903
74902
74891
74879
74878
74890
74889
74888
74876
74877
74865
74847
74834
74833
74846
74864
74863
74875
74887
74899
74886
74874
74285
74861
74843
74830
74831
74844
74862
74845
74832
74817
74799
74800
74801
74281
74818
74819
74835
74848
74866
74867
74849
74836
74820
78930
74803
78929
69120
68235
69108
68234
69096
68233
69097
69098
69110
69109
69121
69122
69123
69124
69111
69112
69100
69099
69087
69088
69077
69076
69086
69085
68418
69074
69075
69063
69062
69073
68232
69061
68231
69049
68230
69038
69039
69029
68415
69021
68229
69013
69014
68998
68412
68981
68982
68983
68965
68964
68410
68948
68947
68940
68939
68946
68227
68962
68963
68980
68997
68996
68228
68979
78920
74692
74684
74683
74682
74691
74707
74708
74709
78921
74716
74723
74276
74722
74729
74728
74721
74715
74714
74713
74720
74727
74736
74737
74745
74746
74765
74766
74757
74756
74747
74738
74730
74731
78922
78923
74740
74739
74748
74749
78924
78925
74758
74767
78926
78927
74775
78928
74784
74793
74792
74802
74791
74782
74783
74774
74773
74772
74764
74755
74754
74763
74771
74780
74781
74790
74789
74280
74798
74816
74815
74814
74813
74828
74829
74284
74860
74859
74858
74857
74856
74872
74884
74896
74908
74921
74933
74945
74960
74959
74958
74944
74932
74920
74907
74906
74894
74882
74881
74893
74905
74918
74919
74931
74930
74941
74039
74929
74038
74917
74037
74904
74036
74892
74035
74880
74034
74868
74033
74850
74851
74869
74852
74853
74870
74895
74883
74871
74854
74855
74842
74841
74824
74282
74808
74807
74797
74809
74810
74825
74826
74283
74827
74812
74811
74279
74779
74770
74778
74769
74761
74762
74752
74753
74744
74735
74726
74743
74734
74725
74718
74719
74712
74696
74695
74711
74710
74717
74277
74724
74733
74742
74751
74760
74278
74768
74777
74786
74787
74788
74796
74795
74805
74806
74822
74823
74840
74839
74838
74837
74821
74032
74804
74794
74031
74785
74776
74030
74759
74029
74750
74028
74741
74027
74732
74026
74025
74024
74023
74685
74022
74693
74694
74686
74687
74688
74697
74698
74699
74700
74701
74702
74703
74704
74705
74706
74690
74681
74665
74666
74667
78919
78918
74660
74652
74653
74638
78917
78916
74630
74614
78915
78914
74598
74591
78913
78912
74584
74569
78911
78910
74554
74547
78909
78908
74542
74536
78907
78906
74521
74518
78905
78904
74515
74511
74510
74494
78903
78902
74493
74492
78901
78900
74491
74490
78899
78898
74489
74488
78897
78896
74487
74486
78895
78894
74485
74484
78893
78892
74483
74482
78891
78890
74481
74480
78889
78888
74479
74478
78887
78886
74477
74476
78885
74475
78884
68192
68706
68193
68707
68194
68708
68195
68709
68196
68710
68197
68711
68198
68712
68199
68713
68200
68714
68201
68715
68202
68716
68203
68717
68204
68718
68205
68719
68206
68720
68207
68721
68208
68722
68723
68724
68725
68726
68727
68728
68729
68730
68731
68732
68733
68734
68735
68736
68737
68738
73809
73810
68739
73811
68740
68758
68757
68756
68772
68773
68774
68791
63173
63191
63197
62559
63215
62560
63231
62561
63237
63238
63232
63216
63198
63192
63174
63158
63141
63133
62752
63132
63140
63157
63156
63139
62558
63116
62751
63117
63112
63107
63102
63097
63092
63087
63082
63077
63072
63067
63062
63057
63052
63047
63042
63037
63041
63036
62542
62543
62544
63046
63051
62545
62546
63056
63061
62547
62548
63066
63071
62549
62550
63076
63081
62551
62552
63086
63091
62553
62554
63096
63101
62555
62556
63106
63111
62557
73808
73807
73806
73805
73804
73803
73802
73801
73800
73799
73798
73797
73796
73795
73794
73793
690
691
692
693
694
695
593
696
697
698
699
700
701
702
703
704
705
706
707
708
709
596
710
711
712
713
714
715
716
717
718
719
595
597
599
303
302
301
300
299
298
297
296
295
294
293
292
291
290
289
288
287
286
594
285
284
283
282
281
280
279
278
277
276
275
274
273
272
271
270
269
268
267
266
265
264
263
262
261
260
259
258
257
256
255
254
253
252
251
250
249
248
247
246
245
244
589
592
689
688
687
686
685
684
683
682
681
680
591
590
679
678
677
676
675
674
673
672
671
670
669
668
667
666
665
664
663
662
661
660
659
658
657
656
655
654
653
652
651
650
649
648
647
646
645
644
643
642
641
640
639
638
637
636
588
635
634
633
632
631
630
629
628
627
626
625
624
623
622
621
620
619
618
617
196
197
198
199
200
201
202
203
204
205
206
207
208
209
210
211
212
213
587
214
215
216
217
218
219
220
221
222
223
224
225
226
227
228
229
230
231
232
233
234
235
236
237
238
239
240
241
242
243
64
65
67
66
68
69
71
70
72
73
75
74
76
77
79
78
80
81
83
82
84
85
87
86
88
89
91
90
92
93
95
94
96
97
99
98
100
101
103
102
104
105
107
106
15
14
12
13
11
10
586
585
584
583
582
581
580
579
578
577
576
575
574
573
572
571
570
569
568
567
566
565
564
563
562
561
560
559
558
557
556
555
554
553
552
551
550
549
548
547
546
545
544
543
542
541
540
539
538
537
536
535
534
533
532
531
530
529
528
527
526
525
524
523
522
521
520
519
518
517
516
515
514
513
512
511
510
509
508
507
506
505
504
503
502
501
500
499
498
497
496
495
494
493
492
491
490
489
488
487
486
485
484
615
483
482
481
480
479
478
477
476
475
474
473
472
471
470
469
468
467
466
465
464
463
462
461
460
459
458
457
456
455
454
453
452
451
450
449
448
447
446
445
444
443
442
441
440
439
611
438
437
436
435
434
433
432
431
430
429
428
427
426
425
424
423
422
421
420
419
418
417
416
415
414
413
412
411
410
409
408
407
406
405
404
403
402
401
400
399
398
397
396
395
394
608
393
392
391
390
389
388
387
386
385
384
383
382
381
380
379
378
377
376
375
374
373
372
371
370
369
368
367
366
365
364
363
362
361
360
359
358
357
356
355
354
353
352
351
350
349
605
348
347
346
345
344
343
342
341
340
339
338
337
336
335
334
333
332
331
330
329
328
327
326
325
324
323
322
321
320
319
318
317
316
315
314
313
312
311
310
309
308
307
306
305
304
601
752
751
750
749
748
747
746
745
744
743
742
741
740
739
603
602
738
737
736
735
734
733
732
731
730
729
728
727
600
726
725
724
723
722
721
598
720
67969
63040
67970
63045
63050
67971
67972
67973
67974
67975
63070
63065
63060
63055
63049
63044
63039
63038
63043
63048
63053
63054
63059
63058
63063
63064
63069
63068
63073
63078
63083
63088
63089
63084
63079
63074
63075
67976
67977
63080
63085
67978
67979
63090
63095
67980
67981
63100
67982
63105
63110
67983
67984
63115
63131
63138
63155
67985
67986
63172
63171
63188
63169
62755
63170
63153
62754
63136
63154
63137
63130
63114
63109
63104
63099
63094
63093
63098
63103
63108
63113
63129
63128
63135
63152
63151
62753
63127
63126
63125
63124
63123
63122
63121
63120
63119
63118
63134
63143
63142
63159
63160
63178
62756
63177
63176
63175
63193
63199
62758
63217
63200
63201
63218
63219
63220
63202
63203
63204
63221
63222
63223
63205
63206
63207
63208
63184
63183
63182
63181
63164
63163
63180
63179
63162
63161
63144
63145
63146
63147
63148
63165
63166
63149
63150
63167
63168
63185
63186
63187
62757
63194
63212
63213
63195
63189
63190
63196
63214
63230
63229
63235
63236
67987
63243
63242
63259
63260
63277
63276
63275
63258
63241
63240
63257
63274
63273
63256
63239
63233
62759
63234
63228
63227
63211
63210
63209
63226
63225
63224
63253
63254
63255
63272
63271
63288
63289
63290
63299
63308
63325
63326
63343
63342
63351
63359
63366
62766
63358
63365
63374
63384
63385
63375
63376
63377
63367
63360
63352
63344
63327
63310
63309
62762
63300
63291
63292
63301
63302
63293
63294
67988
63303
63311
63328
63345
63353
67989
67990
63361
63368
63378
67991
67992
63388
63387
63386
63403
63413
63414
63404
63405
67993
63415
63426
67994
67995
63436
63446
67996
63457
63456
63455
63454
63465
63476
63475
63464
62774
63452
63453
63443
63442
62772
63432
63433
63434
63444
63445
63435
63425
63424
63423
63422
63411
63412
63402
63401
63400
63399
63398
63397
63396
63395
63394
63393
63383
62768
63373
62767
63334
63335
63336
63337
63338
63339
63340
63350
63341
63324
63323
63322
63321
63320
63319
63318
63317
63316
63333
63332
63315
63331
62764
63314
63307
63298
63280
63281
63264
63265
63266
63282
63283
63284
63285
63286
63287
63270
63269
63252
63251
63268
63267
63250
63249
63248
63247
62761
63246
62760
63245
62562
63244
62563
63261
63262
63263
63279
63297
63306
62763
63305
63313
63330
63347
63348
63349
63357
63364
63356
63363
63362
62765
63355
63354
62570
63346
62569
63329
62568
63312
62567
63304
62566
63295
62565
63296
63278
62564
68847
68864
68881
68898
68915
68914
68897
68896
68879
68880
68863
68402
68840
68846
68862
68861
68878
68895
68912
68913
68930
68929
68928
68911
68927
68910
68893
68894
68877
68876
68860
68859
68858
68875
68874
68857
68856
68855
68872
68873
68890
68891
68892
68909
68926
68925
68908
68907
68906
68889
68888
68871
68854
68853
68852
68851
68869
68870
68887
68904
68903
68886
68885
68868
68867
68404
68405
68884
68902
68919
68407
68901
68406
68900
68883
68866
68849
68843
68844
68403
68850
68845
68839
68838
68837
68820
68821
68400
68822
68823
68824
68825
68826
68827
68828
68829
68830
68831
68832
68833
68810
68811
68812
68399
68817
68834
68401
68841
68835
68818
68813
68797
68397
68794
68396
68790
68789
68788
68771
68755
68754
68770
68787
68786
68769
68753
68752
68751
68750
68766
68765
68749
68748
68747
68746
68745
68744
68760
68761
68778
68779
68762
68763
68764
68780
68781
68782
68783
68784
68767
68768
68785
68809
68808
68807
68806
68805
68804
68803
68802
68801
68800
68816
68815
68799
68796
68398
68777
68776
68759
68395
68742
68743
68209
68210
68211
68741
68212
68213
68775
68793
68214
68792
68215
68795
68216
68798
68217
68814
68218
68819
68219
68836
68220
68842
68221
68848
68222
68865
68223
68882
68224
68899
68225
68916
68226
68933
68934
68917
68918
68935
68941
68942
68949
68950
68951
68966
68984
68985
68967
68952
68408
68920
68921
68905
68922
68923
68924
68956
68971
68955
68954
68953
68968
68969
68970
68988
68987
69003
69004
69005
68989
68990
69006
69007
68991
68973
68972
68957
68958
68974
68992
69008
69009
69017
69016
69025
68414
69033
69044
69055
69056
69045
69034
68417
69046
69058
69057
69069
69068
69080
69081
69082
69070
69071
69083
69094
69106
69105
69093
69092
69091
69103
69104
69116
69115
69128
69127
69126
68419
69114
69102
69090
69079
69067
68416
69002
68986
69001
69000
68999
68413
69015
69024
69023
69022
69030
69040
69050
69051
69052
69064
69065
69053
69041
69031
69032
69042
69043
69054
69066
69078
69089
69101
69113
69125
69139
69155
69173
69172
69171
69189
69190
68420
69207
69191
69192
69174
69156
69140
69141
69157
69158
69142
69143
69144
69145
69146
69129
69130
69117
69118
69131
69149
69148
69147
69163
69181
69182
69164
69165
69183
69201
69200
69199
69198
69214
69227
69226
69213
69212
69225
69211
69210
69194
69195
69196
69197
69178
69179
69180
69162
69161
69160
69159
69177
69176
69175
69193
69209
69208
69224
69223
69236
68422
69261
68423
68424
69277
69293
68426
69276
69260
69248
69235
69234
69222
69206
69205
69188
69187
69186
69168
69169
69170
69152
69153
69154
69138
69137
69136
69135
69151
69134
69133
69150
69167
69185
68236
69203
69204
68237
69219
68238
69231
69232
69220
69221
69233
69246
69245
69257
69244
69243
68239
69256
68240
69272
69288
69289
69273
69258
69247
69259
69275
69274
68425
69290
69291
69292
69310
69309
69322
69323
69336
69335
69321
69308
69307
69306
69305
68241
69304
68242
69317
69318
69319
69320
69333
69334
69348
69362
69361
69347
69346
69332
69331
69330
69344
68243
69358
68244
69375
69376
69359
69345
69360
69377
69378
69379
69363
69349
69350
68433
69364
69381
68436
69394
69412
69413
69395
69396
69382
69367
69366
69365
68431
68429
68430
69337
69351
69352
69368
68434
69383
69369
69370
69384
69399
69400
69385
69371
69355
69340
69339
69354
69353
69338
69325
69324
69311
69312
69313
69326
68428
69327
69328
69329
69316
69315
69314
68427
69300
69301
69285
69269
69268
69252
69251
69250
69266
69267
69283
69284
69299
69298
69282
69281
69297
69296
69295
69279
69294
69278
69262
69263
69264
69280
69265
69249
69237
69238
69239
69240
69241
69253
69254
69270
69286
69302
69303
69287
69271
69255
73826
68421
69242
69230
69229
69228
69215
69216
69217
69218
73825
69202
69184
69166
73824
73823
69132
69119
69107
73822
69095
73821
73820
69084
69072
73819
73818
69048
69060
69059
69047
69036
69037
73817
69028
69020
73816
69012
69019
69027
69035
69026
69018
69010
69011
68994
68993
68411
68976
68975
68409
68959
68960
68944
68943
68936
68937
68931
68932
73812
68938
68945
73813
73814
68961
68978
68977
68995
73815
63369
63370
63371
63372
63382
62769
63381
63380
63379
62571
63389
63390
63407
63406
62572
63416
63417
63418
63419
63429
63428
62771
63427
62573
63437
62773
63447
63448
63438
63439
63449
63450
63440
63430
63420
63408
62770
63391
63392
63409
63410
63421
63431
63441
63451
63463
63462
63461
63460
63471
63472
63473
63474
63485
63484
63483
63494
63504
63505
63495
63496
63506
63517
63528
63538
63547
63556
63569
63570
63585
63586
63615
63632
63616
63617
63633
63634
63635
63618
63619
63620
63604
63603
63591
63590
63589
63588
63587
63571
63572
63573
62779
63557
62780
63574
63592
63593
62781
63605
63623
63622
63621
63638
63639
63649
63659
63660
63650
63640
63641
63624
63607
63606
63595
63596
63578
63577
63576
63594
63575
63559
63558
63548
63539
63529
63518
63507
63508
63499
63498
63497
63486
63487
63488
63489
63478
63477
63466
63467
63468
67997
63479
63490
67998
67999
63501
63500
63510
63509
63519
62776
63530
63520
63521
63531
63541
63540
63549
63560
63561
63550
63562
63551
68003
68002
63542
63532
63522
63511
68000
68001
57963
57964
57976
57975
57992
58010
56967
58026
58027
58011
57993
57994
57977
57978
57979
57967
57955
57939
57925
57924
57911
57898
57897
57910
57909
57923
57908
57922
57937
57938
57954
57966
57965
57158
57953
57952
57936
57935
57951
57950
56966
57934
56965
57920
56964
57921
57907
57156
57894
57893
56963
57879
56962
57865
56961
57851
56960
57852
57838
57155
57826
56959
57814
57153
57798
57151
57782
57149
57783
57784
57785
57801
57802
57818
57817
57829
57830
57842
57841
57840
57828
57816
57800
57799
57815
57827
57839
57854
57853
57867
57866
57880
57881
57895
57896
57882
57868
57869
57883
57884
57870
57855
57856
57857
57871
57885
57899
57912
57926
57157
57940
57941
57942
57927
57913
57900
57901
57888
57887
57886
57872
57858
57844
57845
57859
57873
57874
57860
57846
57834
57822
57809
57810
57823
57824
57835
57154
57847
57861
57875
57876
57877
57891
57905
57904
57890
57889
57903
57902
57914
57915
57916
57930
57946
57929
57928
57944
57943
57956
57968
57969
57159
57986
57987
57970
57957
57945
57958
57959
57960
57947
57931
57917
57918
57932
57948
57949
57933
62334
62333
57919
57906
62332
62331
57892
57878
62330
62329
57864
57863
57862
57848
57849
57836
57837
57850
62328
57825
62327
57813
57812
57811
57795
57779
57794
57793
57778
57777
57776
57790
57806
57791
57792
57808
57807
57820
57821
57833
57832
57843
57831
57819
57803
57152
57787
57786
57774
57775
57150
57788
57804
57805
57789
57147
57146
57751
57740
57739
57728
57729
57714
57713
57727
57738
57737
57747
57758
57759
57748
57749
57760
57750
57762
57761
57773
57772
57771
57770
57769
56958
57757
57746
57735
56957
57736
57725
57145
57726
57711
57712
57702
57703
57695
57704
57715
57716
57717
57718
57719
57720
57730
57741
57742
57753
57752
57148
57763
57764
57765
57766
57754
57755
57767
57780
57796
57797
57781
62326
57768
57756
62325
62324
57745
57734
62323
57724
62322
62321
62320
62319
57690
57689
57680
57671
57655
57672
57681
62318
62317
57656
57640
62316
57629
57614
57613
57628
57639
57638
57654
57142
57670
57679
57688
57697
57706
57698
57699
57708
57707
57723
57733
57744
57743
57732
57722
57731
57721
57144
57705
57696
57687
57678
57669
57668
57667
57666
57665
57664
57663
57647
57648
57649
57650
57651
57652
57635
57625
57636
57141
57653
57637
57626
57627
57612
57138
57611
57610
57624
57623
57622
57621
57620
57619
57618
57617
57609
57599
57582
57581
57580
57597
57598
57608
57616
57140
57607
57606
57139
57615
57631
57643
57642
57658
57659
57660
57644
57632
57633
57634
57645
57646
57662
57661
57143
57676
57677
57686
57685
57694
57693
57684
57683
57675
57674
57682
57691
57692
57701
57700
57710
57709
56956
56955
56954
57673
57657
57641
57630
56953
57605
56952
57595
56951
57577
57568
57578
57596
57579
57569
57553
57552
57551
57550
57534
57535
57536
57537
57519
57502
57501
57518
57517
57500
56950
57483
57484
57485
57486
57468
57467
57466
56949
56948
56947
56946
56945
56944
56943
56942
56941
56940
56939
56938
56937
56936
56935
56934
57394
57398
57402
57406
57410
57414
57418
57422
57426
57430
57434
57438
57442
57446
57134
57450
57451
57452
57453
57454
57471
57470
57469
57487
57488
57489
57504
57503
57520
57521
57135
57538
57556
57555
57554
57136
57570
57571
57583
57584
57585
57586
57587
57588
57589
57600
57601
57590
57591
57573
57574
57592
57602
57603
57604
62315
57594
57593
57575
57576
57567
57566
57548
57549
57533
57532
57531
57547
57565
57564
57546
57530
57529
57528
57544
57545
57563
57572
57137
57562
57561
57560
57559
57558
57557
57539
57523
57522
57505
57506
57490
57472
57455
57456
57473
57491
57507
57524
57540
57541
57525
57508
57509
57526
57542
57543
57527
57510
57494
57476
57475
57493
57492
57474
57457
57458
57459
57460
57461
57462
57479
57478
57477
57495
57511
57512
57513
57496
57497
57514
57515
57516
57499
57498
57481
57480
57463
57447
57443
57444
57448
57464
57482
57465
57449
62314
62313
57445
57441
62312
62311
57437
57436
57440
57439
57435
57431
57432
57427
57423
57424
57428
57429
57433
62310
62309
57425
62308
62307
57421
57417
62306
62305
62304
57409
57405
62303
62302
57401
57400
57404
57408
57412
57413
57416
57420
57419
57415
57411
57407
57403
57399
57395
57396
57397
62301
51376
51860
51377
51862
51378
51864
51379
51866
51380
51868
51381
51871
51382
51874
51383
51877
51384
51893
51385
51896
51386
51899
51387
51902
51906
51922
51388
51938
51389
51943
51390
51949
51391
51955
51960
51392
51965
51966
51967
51968
51962
51961
51577
51956
51957
51951
51950
51944
51945
51940
51939
51924
51923
51907
51908
51903
51900
51897
51894
51569
51878
51879
51880
51881
51882
51883
51884
51885
51886
51887
51888
51889
51890
51891
51875
51872
51873
56700
56701
51876
51892
51895
51570
51571
51898
51901
51572
51904
51905
56702
56703
51574
51575
46971
46396
46955
46950
46945
46395
46940
46394
46935
46393
46930
46392
46927
46924
46921
46917
46391
46900
46883
46866
56696
51861
51863
56697
56698
51865
51568
51867
56699
51870
51869
753
754
755
756
757
758
759
604
760
761
762
763
764
606
765
766
767
768
769
770
771
772
773
774
775
776
777
778
779
780
781
782
783
784
785
786
787
607
825
824
823
822
821
820
819
818
817
816
815
814
813
812
811
810
809
808
807
806
805
804
803
802
801
800
799
798
797
796
795
794
793
792
791
790
789
788
40841
40842
40843
40844
51118
51119
51120
51121
46920
46574
46926
46929
46578
46576
46923
46919
46916
46572
46899
46571
46882
46881
46880
46879
46878
46896
46897
46898
46915
46914
46913
46912
46911
46895
46894
46877
46876
46875
46874
46893
46910
46909
46892
46891
46908
46907
46890
46873
46872
46871
46870
46869
46886
46887
46888
46889
46906
46905
46904
46577
46575
46573
46903
46902
46885
46868
46867
46884
46901
46918
46922
46925
46928
46931
46932
46937
46936
46941
46942
46947
46946
46951
46956
46972
46973
46978
46983
46984
46584
46985
46986
46987
46988
46989
46990
46991
46992
46993
46994
46995
46585
46999
46996
46582
46980
46979
46974
46975
46970
46969
46968
46967
46966
46965
46964
46963
46962
46961
46960
46959
46958
46957
46581
46952
46953
46948
46580
46579
46943
46938
46933
46934
51122
51123
46939
46944
46949
46954
51124
51125
51126
51127
46583
47000
47004
47003
46586
46587
47007
47008
47013
51128
40852
41364
41381
40853
40854
40855
41417
41006
41414
41411
41395
41005
41383
41384
41003
41365
41366
41367
41368
41369
41370
41353
41352
41351
41350
41349
41348
41002
41347
40851
40850
40849
41001
41000
40999
40998
40848
40847
40997
40996
40846
40845
41318
41319
41320
41321
41322
41323
41324
41325
41326
41327
41328
41329
41330
41331
41332
41333
41334
41335
46150
46149
46148
46147
46146
46145
35416
35417
35418
35419
35420
35421
35422
35423
35424
35425
35426
35427
35428
35429
35430
35431
35609
35918
35919
35920
35921
35922
35923
35924
35925
35926
35927
35928
35929
35930
35931
35932
35933
35951
35950
35949
35948
35947
35946
35945
35944
35943
35942
35941
35940
35939
35938
35957
35958
35611
35959
35960
35961
35962
35963
35964
35965
35966
35967
35968
35969
35970
35971
35972
35975
35978
35614
35613
35612
35976
40624
35973
35954
35955
40623
40622
35952
35610
35935
40621
40620
40619
40618
40617
40616
40615
40614
40613
40612
40611
40610
40609
40608
40607
40606
40605
40604
40603
826
609
827
828
829
830
831
832
833
834
835
836
837
838
839
840
841
842
843
844
845
846
847
610
848
849
850
851
852
853
854
855
856
857
858
859
860
861
862
863
864
865
866
867
868
612
869
870
871
872
873
874
875
613
876
877
878
879
880
881
882
883
884
885
886
887
888
889
890
891
892
893
894
895
896
897
614
898
899
900
901
902
903
904
905
906
907
908
909
910
911
912
913
914
915
916
917
616
918
919
920
921
922
923
924
925
926
927
928
929
930
931
932
933
934
935
936
937
938
939
940
941
942
943
944
945
946
947
948
949
950
951
952
953
954
955
956
957
958
959
960
961
962
963
964
965
966
967
968
969
970
971
972
973
974
975
976
977
978
979
980
981
982
983
984
985
986
987
988
989
990
991
992
993
994
995
996
997
998
999
1000
1001
1002
1003
1004
1005
4211
4212
2151
4213
2231
2232
4214
4215
2233
2234
4216
4217
2235
2236
4218
4219
2237
2238
4220
4221
2239
2240
4222
4223
2241
2242
4224
4225
2243
2244
4226
4227
2245
2264
4228
2266
2263
2262
2261
2260
2259
2258
2257
2256
2255
2254
2253
2252
2251
2250
2249
2248
2247
2246
1842
1841
1840
1839
1838
1837
1836
1835
1834
1833
1832
1831
1830
1829
1828
1827
1826
1825
1824
7288
7289
7290
7291
7292
7293
7294
7295
7296
7297
7298
7299
7300
7301
7302
7303
7304
7305
7306
7307
7308
4979
4980
4981
4982
4983
4984
4985
4986
4987
4988
4989
4990
4991
4992
4993
4994
4995
7309
7310
7311
7312
7313
7314
7315
7316
7317
7318
7319
7320
7321
7322
7323
7324
7325
7326
7327
7328
7329
7330
7331
7332
7333
7334
7335
7336
7337
7338
7339
7340
5011
5012
5013
7341
7342
7343
7344
7345
7346
5031
5030
5029
5028
5027
5026
5025
5024
5023
5022
5021
5020
5019
5018
5017
5016
5015
5010
5009
5008
5007
5006
5005
5004
5003
5002
5001
5000
4999
4998
4997
4642
4996
4641
4640
4639
4638
4637
4636
4635
4634
4633
4632
4631
4630
4629
4628
4627
4626
4625
4624
4623
4622
4621
4620
4619
4618
4617
4616
4615
4614
4613
4612
4611
4610
4978
4609
4608
4607
4606
4605
4604
4603
4602
4601
4600
4599
4598
4597
4596
4595
4594
4593
4592
4591
4590
4589
11100
11101
11102
11103
11104
11105
11106
11107
11108
11109
11110
11111
11112
11113
11114
11115
11116
11117
11118
11119
11120
8071
8072
8073
8074
8075
8076
8077
8078
8079
8080
8081
8082
11121
11122
11123
11124
11125
11126
11127
11128
11129
11130
11131
11132
11133
11134
11135
11136
11137
11138
11139
11140
11141
11142
11143
11144
11145
11146
11147
11148
11149
11150
11151
11152
8132
8131
8130
8129
8128
8127
8126
8125
8124
8123
8122
8121
8120
8119
8118
8117
8116
8135
8150
8149
8134
8133
7693
8115
8114
7692
8113
7691
8112
7690
8111
7689
8110
7688
8109
7687
8108
7686
8107
7685
8106
7684
8105
7683
8104
7682
8103
7681
8102
7680
8101
7679
8100
7678
8099
7677
8098
7676
8097
7675
8096
7674
8095
7673
8094
7672
8093
7671
8092
7670
8091
7669
8090
7668
8089
7667
8088
7666
8087
7665
8086
7664
8085
7663
8084
7662
8083
7661
8070
8069
8068
8067
8066
7660
7659
7658
7657
7656
7655
7654
7653
7652
7651
7650
7649
7648
7647
7646
7645
7644
7643
7642
7641
7640
7639
15233
15234
15235
15236
15237
15238
15239
15240
15241
15242
15243
15244
15245
15246
15247
15248
15249
15250
15251
15252
15253
15254
15255
15256
15257
15258
15259
15260
15261
15262
15263
15264
15265
15266
15267
15268
15269
15270
15271
15272
15273
15274
15275
15276
15277
11641
11875
11445
11874
11444
11873
11443
11872
11442
11871
11441
11870
11440
11869
11439
11868
11438
11867
11437
11866
11436
11865
11435
11864
11434
11863
11433
11862
11432
11861
11431
11860
11430
11859
11429
11858
11428
11857
11427
11856
11426
11855
11425
11854
11424
20236
20237
20238
20239
20240
20241
20242
20243
20244
20245
20246
20247
20248
20249
20250
20251
20252
20253
20254
20255
20256
20257
11446
11447
11448
11449
11450
11451
11452
11453
11454
11455
11456
11457
11458
11459
11460
11461
11462
11463
11464
11465
11642
11877
11876
11466
11893
11467
11895
11468
11897
11643
11878
11879
11880
11881
11882
11883
11884
11885
11886
11887
11888
11889
11890
11891
11892
11894
15278
15279
11896
15280
11898
11899
15281
15282
11901
11903
15283
15284
11905
11907
15285
15286
11909
11927
11926
11925
11924
11923
11922
11921
11920
11919
11918
11917
11916
11915
11914
11644
11913
11912
11911
11929
11645
11932
11936
11935
11939
11940
11944
11943
11648
11958
11974
11980
11987
12004
11651
12011
11652
12018
12019
12012
11988
11989
11649
12005
12013
12020
12028
12027
12036
12044
12060
12061
11658
12045
12046
11654
12037
12029
12021
12014
12006
11992
11993
11994
11995
11996
11997
11998
11999
11650
12000
12001
11983
11977
11971
11970
11969
11968
11967
11966
11965
11964
11963
11962
11961
11976
11982
11991
11990
11981
11975
11960
11959
11945
11646
11647
11946
11947
11948
11949
11950
11951
11952
11953
11954
11955
11937
11933
11930
15287
15288
15289
15290
11941
11956
11972
15291
11978
11984
15292
15293
12009
15294
11653
15295
12032
12031
12023
12016
12008
12007
12015
12022
12030
11655
12055
12038
12056
11656
12039
12040
15296
12057
11657
15297
12073
12072
12065
12064
12071
12087
11659
12070
12063
12054
12053
12052
12051
12050
12049
12048
12047
12062
12069
12080
12081
12082
12083
12084
12085
12100
12099
12098
12097
12114
12115
12116
12117
12118
12119
12101
12086
12102
12103
12104
12121
12120
12126
12127
12135
12136
12128
12129
12122
11661
12105
11660
12088
15298
15299
15300
15301
12137
12155
12164
12163
12154
12153
12152
12134
12151
11665
12161
12162
12178
12179
12180
15302
8325
8329
8333
8337
8341
7701
8355
7702
8358
15307
12252
12251
12236
12224
15306
15305
12213
12202
15304
15303
12191
12190
12189
12201
12212
12223
12235
12234
12250
12262
12263
12264
12281
12280
12295
12310
12309
12327
12340
12355
12354
12353
12369
12368
12386
12401
12416
12417
12402
12387
12403
12388
12370
12371
12356
12341
12328
11674
12311
12296
15308
12342
12357
12373
12372
11680
12389
11681
12404
12405
15309
15310
12421
12420
12419
12418
12433
12449
12463
12462
12446
12447
12448
12432
12431
12430
12429
12445
12460
12461
12478
12477
12476
12492
12493
12509
12508
12524
12539
12555
12571
12587
12605
12604
12620
12621
12637
12638
12622
12606
12588
12589
12572
12556
12540
12525
12526
12541
12557
12573
12574
12590
11685
12607
12623
11688
12624
12608
12591
12575
12559
12558
12542
12527
12511
12510
12494
12495
12479
12480
12464
12465
12450
12434
12435
12436
15311
15312
12452
12451
12466
12482
12498
12514
12513
12497
12481
12496
12512
12528
12543
12560
12576
12577
12593
12592
11686
12609
12628
12610
12594
15321
12578
15320
15319
12562
12561
12545
12544
12529
12530
12531
12546
15318
15317
15316
12515
12499
15315
15314
12483
12467
15313
8498
7709
8490
8491
8499
8508
7710
8507
7711
8516
8517
7928
8525
8534
7712
8533
8542
7713
8559
8560
8543
8544
8535
8545
8561
7930
8569
8570
8562
8546
8536
8537
8528
8551
8550
8549
8548
8547
8563
8571
8581
8580
8579
8578
8577
8568
8576
8592
8610
8593
8594
7933
8611
8595
8596
8612
8622
8621
8620
8619
8618
8635
8652
7714
8669
8686
7715
8702
8710
8687
7939
8711
8703
8704
8690
8672
8671
8689
8688
8670
7937
8653
8654
8636
8637
8638
8655
8656
8639
8640
8623
8613
8597
8598
8582
8583
8599
8600
8584
8585
8586
8602
8601
8626
8627
8628
8629
8646
8647
8630
8631
8648
8649
8632
8615
8614
8605
8604
8603
8588
8587
8552
8553
8554
8555
8538
8529
8521
8522
8530
8523
8531
8540
8539
8557
8556
8564
8565
8566
8574
7932
8573
8572
7931
8589
8606
8607
8616
8633
8650
8667
8666
8665
8681
8680
8698
8697
8696
8678
8679
8664
8663
8662
8645
8644
8643
8660
8661
8677
8695
8694
8676
8675
8693
8692
8674
8659
8642
8625
8624
8641
8658
8657
8673
8691
8705
8712
8713
8723
8722
8738
8739
8724
8725
8726
8727
8728
8729
8730
8731
7941
7943
7945
8767
8775
8776
8768
8758
8749
8740
8732
8715
8714
8706
8707
8699
7938
8682
8683
8684
8685
11192
8701
8700
8708
8716
8733
8741
8750
8759
8760
8751
8742
8734
7940
8717
8709
11193
11194
11195
8743
8752
8761
11196
8769
8777
11197
5640
4674
5650
4675
5660
4676
5670
4677
5680
5681
5682
5691
5690
4678
5689
5706
5713
5721
5738
5748
5758
5774
5785
5795
5806
5807
5808
5824
5825
5835
5834
5844
5845
4905
5855
4907
5871
5880
4908
5856
5872
5881
5890
5889
5897
5905
5920
5935
5943
5944
4914
5958
4915
5959
5960
5961
5962
5963
5964
5965
5966
5967
5968
5975
5976
5969
5970
4916
5977
5971
5955
5954
4913
5939
5931
5930
5938
5953
4912
5937
5928
5929
5914
5915
5916
5917
5918
5933
5932
5940
7414
7413
7412
5887
5886
5885
5894
5895
5903
5902
5901
5893
5884
4909
5875
5874
5883
5892
5900
5913
5912
5911
5910
5909
5908
5923
5924
5925
5926
5927
5952
5951
5950
5949
5948
5947
5946
5945
5936
5921
5906
5898
4911
5922
5907
4910
5899
5891
5882
5873
5857
4906
5847
5846
5836
5837
5827
5826
5809
5810
5811
5812
4903
4904
5848
5858
5859
5860
5861
5862
5863
5864
5865
5876
5866
5867
5877
5878
7411
5869
5868
5853
5842
5832
5822
5804
5803
5802
5820
5821
5831
5841
5852
5851
5850
5849
5838
5839
5840
5830
5829
5819
5818
5828
5817
5816
5815
5814
5813
5799
5789
5778
5777
5776
5787
5788
5798
5797
5796
4902
5786
4900
5775
4899
5760
5759
4897
5750
5749
5739
5722
5723
5714
4891
5707
4889
5708
5715
5724
5740
5751
5741
5725
5742
4895
5752
4898
5761
5762
5763
5764
5765
5766
5767
5768
5779
5790
5800
5801
5791
4901
5780
5769
5753
5754
5744
5755
5770
5781
5792
5782
5771
5756
4896
5745
5736
5735
5718
5717
5734
5743
4894
5733
5732
5731
5730
5729
5728
4893
5727
5726
5716
5709
5693
5692
4888
5683
5673
5663
5653
5652
5662
5672
5671
5661
5651
5641
4673
5631
5614
4672
5604
4671
5594
4670
5584
4669
5574
4668
5564
4667
5554
4666
5544
4665
5528
5512
5513
5514
5530
5529
5545
5546
5547
5557
5556
5566
5567
5577
5576
5555
5565
5575
5585
5586
5587
5597
5596
5595
5605
4885
5615
4886
5632
5642
5643
5633
5606
5607
5616
5617
5618
5608
5598
5588
5578
5568
5558
5548
5532
4884
5531
5515
5505
5494
5484
5495
5506
4883
5516
4882
5496
5486
5485
5477
5476
5459
5460
5461
5462
4879
5463
5464
5465
5466
5467
5468
5478
4881
5487
5497
5498
5499
5509
5510
5526
5525
5524
5508
5507
5523
5522
5521
5520
5519
5518
5517
5533
5534
5535
5536
5537
5538
5539
5549
5559
5569
5579
5580
5590
5591
5601
5612
5629
5611
5610
5600
5589
5599
5609
5626
5635
5625
5624
5623
5622
5621
5620
5619
5634
5644
5654
5664
5674
5684
5694
5695
5696
5697
5698
5699
5700
5701
5710
5711
5719
5712
5705
4890
5704
5703
5702
5685
5686
5676
5675
5665
5655
5645
5656
5666
5667
5657
5647
5646
5636
5627
5628
5637
5638
5648
5658
5668
5678
5677
4887
5687
5688
5679
7402
5669
7401
7400
5659
5649
7399
7398
5639
5630
5613
7397
7396
5603
5602
5592
5593
7395
7394
7393
7392
7391
5553
5552
5561
5571
5572
5562
5563
5573
5583
5582
5581
5570
5560
5550
5551
5540
5541
5542
5543
5527
5511
7390
7389
5501
5500
5488
5479
5480
5489
5490
5481
7388
7387
7386
5455
5472
5471
4878
5454
5447
5446
5453
5470
5469
5452
5445
5429
5422
5430
5423
5417
5410
5416
5409
5402
5403
5396
5389
5383
5376
5359
5341
5336
5319
5335
5340
5358
5357
5374
5375
5382
5388
5395
5381
5387
5394
5401
5408
5415
5421
5428
5444
5443
5442
5441
5440
5439
5438
5437
5436
5435
5451
5450
5449
5433
5434
5427
5426
5425
5418
4877
5412
5405
5398
5391
5384
4876
5378
5379
5380
5385
5392
5399
5406
5413
5419
5420
5414
5407
5400
5393
5386
4875
5365
5366
5367
5368
5369
5370
5353
5352
5351
5350
5349
5348
5347
5364
5363
5362
5345
5346
5338
5337
5322
5321
5320
4657
5343
5344
5361
5360
5377
4658
5390
4659
5397
4660
5404
4661
5411
4662
5424
5432
5431
4663
5448
5456
5473
5474
5457
5458
5475
4880
5483
5493
5504
5503
5492
5502
5491
4664
5482
11188
11189
11190
11191
8668
7936
8651
7935
8634
7934
8617
8609
8608
8590
8591
8575
11187
11186
8567
8558
7929
8541
11185
11184
8532
11183
11182
8524
8515
11181
11180
8506
8505
8514
8513
8512
8503
8504
8496
8495
8487
8479
8471
8463
8472
8473
8481
8480
8488
8489
8497
7927
11179
11178
11177
11176
8457
11175
11174
8427
8426
8419
8420
8404
8403
8402
8418
8401
8400
8399
8398
8414
8415
8416
8417
7919
8425
8432
8439
8440
8433
8434
8441
8456
8465
8464
8455
8454
8453
8452
8451
8450
8449
8448
8447
8446
7921
8445
7920
8444
7922
8460
7923
8468
7924
8476
8469
8461
8462
8470
8478
8477
8485
8486
8494
8502
8511
8520
8519
8527
8526
8518
8509
8510
8501
8493
8500
8492
7926
8484
8483
8482
7925
8475
8467
8459
8474
8466
8458
8442
8443
8435
7708
7707
8428
8421
7706
7918
8390
8389
8385
7705
8381
7704
8377
7703
8361
8362
8363
8364
8365
8378
8382
8386
8391
7917
8406
8423
8405
8422
8429
8436
8437
8438
8430
8431
8424
8407
8408
8409
8410
8411
8412
8413
8397
8396
8395
8394
8393
8392
8367
8366
8359
8356
7912
7911
7910
7909
7908
8309
8310
8292
8291
8285
8290
8308
8307
8289
8284
7700
8280
8277
8274
8259
7699
8255
8251
7698
8234
8230
7697
8226
8221
7696
8204
8187
8182
8178
8174
8159
7695
8155
7694
8152
8153
8156
8160
7893
8175
7895
8179
8183
8188
8189
7897
8176
8180
8184
8191
8190
8208
8223
8207
8206
8205
8222
7899
8227
8231
8237
8236
8235
7901
8260
7903
7905
7907
8275
8278
8281
8286
8293
8294
8295
8296
8297
8315
8314
8313
8312
8311
8326
8330
8334
8338
7913
8342
8343
8344
8345
8346
8347
8348
8349
8350
8368
8369
8370
8371
8372
8373
8374
8375
8379
8383
8387
8388
8384
8380
8376
7916
8360
8357
8353
8352
8351
8339
8340
8354
7914
7915
11170
11171
11172
11173
5271
5266
5250
5229
5225
4654
5226
5227
5223
5222
5221
4653
5218
11169
11168
8336
8335
8331
8332
11167
11166
8324
8328
8327
8323
8322
8321
8320
8319
8318
8317
8316
8298
8299
8300
8301
8302
8303
8304
8305
8306
8287
8282
8283
8288
11165
11164
8279
7906
7904
8272
8276
8273
8258
11163
11162
11161
11160
11159
8229
8233
7900
8250
8254
8253
8257
8271
8270
8269
8268
8267
8266
8265
8264
8263
8262
8261
7902
8256
8252
8238
8239
8240
8241
8242
8243
8244
8245
8246
8247
8248
8249
8232
8228
8224
8225
11158
11157
7898
8220
8219
8202
8203
8185
8186
11156
11155
8181
7896
8177
8173
11154
8158
8172
7894
8171
8170
8169
8168
8200
8201
8218
8217
8216
8199
8198
8215
8214
8213
8212
8211
8210
8209
8192
8193
8194
8195
8196
8197
8167
8166
8165
8164
8163
8162
8161
7892
8157
8154
7890
8151
7888
7886
7887
8136
8137
8138
8139
8140
8141
8142
8143
8144
8145
8146
8147
7891
7889
8148
11153
4643
4644
4645
5014
4646
4647
4648
4859
5035
5036
4860
4861
5037
5038
5039
5040
5041
5042
5043
5044
5045
5046
5047
5048
5049
5050
5051
5034
5033
5032
7347
7348
7349
7350
7351
7352
7353
7354
7355
1889
2385
1890
2388
1891
2391
1892
2394
1893
2397
1894
2400
1895
2403
1896
2406
1897
2155
2409
7361
7360
7359
7358
7357
7356
5119
5118
5117
5100
5099
5116
5115
5098
5081
5082
5083
5084
5101
5102
5085
5068
5067
5066
5065
5064
5063
5062
5061
5078
5079
5080
5097
5114
5113
5096
5095
5112
5111
5094
5093
5110
5109
5108
5107
5090
5091
5092
5075
5076
5077
5060
5059
5058
5057
5056
5074
5073
5072
5055
5054
5071
5070
5053
5052
5069
5086
5087
5104
5105
5088
5089
5106
4862
5132
5131
5130
5129
5128
5148
5149
5150
5151
5169
5168
5167
5166
5165
5181
4864
5164
5146
5147
5142
5127
5124
5123
5122
5121
5103
5120
4649
4650
4651
5126
5125
4652
5145
5163
5184
5201
5202
5185
5186
5203
4865
5219
5204
5187
5188
5205
5206
5189
5190
5207
5208
5191
5171
5170
5152
5153
5154
5172
5173
5174
5175
5176
5158
5157
5156
5155
5133
5134
5135
5136
5137
5138
5139
5140
4863
5141
5143
5144
5162
5161
5160
5159
5177
5198
5197
5196
5195
5194
5193
5192
5209
5210
5211
5212
5213
5214
5215
5216
5220
5217
5200
5199
5182
5178
5179
5180
5183
7362
7363
7364
7365
7366
7367
7368
7369
5249
5265
5264
4870
5270
4872
4874
7370
5296
5295
5290
5275
5269
5274
4873
5289
5294
5299
5293
5288
5287
5286
5285
5284
5283
5282
5281
5280
5279
5273
5268
4868
5252
5253
5254
5255
5256
5257
5258
5259
5260
5261
5262
5263
5248
5245
5224
5228
5244
5243
5242
5241
5240
5239
5238
5237
5236
5235
5234
5233
5232
5231
5230
4866
5246
5247
4867
5251
4869
5267
4871
5272
5278
5277
5276
4655
4656
5303
5304
5305
5297
5291
5292
5298
5306
5323
5324
5307
5308
5325
5309
5326
5327
5310
5311
5328
5329
5312
5313
5330
5331
5314
5315
5316
5332
5355
5354
5371
5372
5373
5356
5339
5333
5334
5317
5318
5300
5301
5302
7371
7372
7373
7374
5342
7375
7376
7377
7378
7379
7380
7381
7382
7383
7384
7385
2557
1920
2551
1919
2545
1918
2526
2527
2528
2529
2530
2531
2546
2552
2558
2162
2563
2569
2163
2583
2590
2598
2165
2605
2612
2166
2619
2625
2618
2611
2604
2596
2597
2589
2164
2582
2576
2575
1921
2568
2574
1922
2581
2588
1923
2595
2603
1924
2610
2617
1925
2624
1926
2630
2631
2636
2635
2640
2641
2642
2643
2168
2644
2645
2646
2664
2665
2684
2683
2702
2721
2720
2701
2682
2663
2662
2661
2660
2659
2678
2679
2680
2681
2700
2719
2174
2718
2699
2698
2697
2716
2717
2736
2735
1927
2741
2742
2748
2747
1928
2766
1929
2771
1930
2776
1931
2781
1932
2786
1933
2791
1934
2796
2801
1935
2807
2815
2814
7404
7403
5720
4892
5737
5746
5747
5757
5773
5772
5783
5793
5794
5784
7405
7406
5805
7407
7408
7409
7410
2915
1941
2910
1940
2905
1939
2900
1938
2882
2876
1937
2857
2858
2859
2854
2853
2852
1936
2833
2834
2835
2816
2817
2836
2837
2818
2819
2838
2839
2840
2841
2842
2843
2844
2869
2868
2867
2866
2865
2864
2863
2862
2861
2860
2885
2886
2887
2888
2889
2890
2891
2892
2893
2894
2895
2896
2897
2879
2874
2880
2181
2898
2903
2904
2908
2913
2918
2923
2927
2928
4346
4345
2924
2919
4344
4343
2914
2909
4342
4341
4340
2899
2881
4339
4338
2875
2180
2856
4337
4336
2851
2179
2832
2831
2178
2812
2805
2799
2176
2800
2806
2813
4335
4334
4333
2795
4332
4331
2790
2785
4330
4329
2780
2775
4328
4327
2770
2765
2175
2746
4326
4325
4324
2740
2734
4323
4322
2715
2714
2733
2739
2745
2744
2764
2768
2769
2774
2773
2778
2779
2784
2783
2788
2789
2794
2793
2798
2803
2804
2811
2810
2830
2849
2850
2855
2873
2872
2871
2870
2845
2846
2847
2848
2829
2828
2827
2826
2825
2824
2823
2822
2821
2820
2177
2809
2808
2802
2797
2792
2787
2782
2777
2772
2767
2749
2750
2751
2752
2753
2754
2755
2756
2757
2758
2759
2760
2761
2762
2763
2743
2737
2738
2732
2173
2713
2172
2695
2694
2675
2674
2693
2712
2731
2730
2729
2728
2727
2708
2689
2688
2707
2726
2725
2724
2723
2722
2703
2704
2705
2706
2687
2668
2667
2686
2685
2666
2647
2648
2649
2650
2669
2670
2651
2652
2653
2672
2671
2691
2690
2709
2710
2711
2692
2673
2654
2655
2656
2637
2638
2657
2676
2169
2658
2170
2677
2171
2696
4321
4320
4319
4318
2639
2634
2167
2628
2627
2633
2632
2626
2620
2621
2622
2623
2629
4317
4316
4315
2616
2615
2608
2607
2614
2613
2606
2599
2591
2592
2600
2601
2609
4314
4313
2602
2594
4312
4311
2587
2580
4310
4309
2573
2567
4308
4307
2562
2561
2566
2572
2579
2586
2593
2585
2584
2578
2577
2570
2571
2565
2564
2532
2533
2534
2535
2536
2537
2538
2539
2540
2541
2547
2553
2559
2560
2554
2548
2542
2161
2523
2543
2549
2555
2556
4306
4305
2550
2544
4304
4303
2525
2524
2520
2521
2503
2500
2504
4302
4301
2501
2498
4300
4299
2495
2492
4298
4297
2489
2486
4296
4295
2483
2479
2476
2477
2480
4294
4293
4292
2474
2473
2470
2471
4291
4290
2468
2465
4289
4288
2462
2461
2460
2463
2464
2467
2466
2469
2472
2475
2478
2481
2482
2485
2484
2487
2488
2491
2490
2493
2494
2497
2496
2499
2502
2519
2518
2517
2516
2515
2514
2513
2512
2511
2510
2509
2508
2507
2506
2505
2159
2522
2160
1917
1916
1915
1914
1913
1912
1911
1910
1909
1908
1907
1906
1905
1904
1903
1902
1901
1900
1899
1898
2433
2414
2415
2434
2435
2436
2416
2417
2418
2419
2437
2438
2439
2420
2421
2422
2423
2440
2441
2442
2443
2424
2425
2444
2445
2426
2427
2446
2447
2428
2429
2430
2448
2449
2431
2450
2452
2454
2456
2158
2458
2459
2457
4287
4286
2455
2453
4285
4284
2451
2157
2432
2156
2413
4283
4282
4281
4280
2408
2411
2412
2410
2407
2404
2405
4279
4278
2402
2401
2398
2399
4277
4276
2396
2395
2392
2393
4275
4274
2390
2389
2386
2387
4273
2384
2365
4272
4271
2363
2361
4270
4269
2359
2357
4268
4267
2355
2353
4266
4265
2351
2349
4264
4263
2347
2346
2348
2350
2352
2354
2356
2358
2360
2362
2364
2383
2382
2381
2380
2379
2378
2377
2376
2375
2374
2373
2372
2371
2370
2369
2368
2367
2366
1888
1887
1886
1885
1884
1883
1882
1881
1880
1879
1878
1877
2154
2339
1876
2336
1875
2333
1874
2331
1873
2329
1872
2327
1871
2325
1870
2323
1869
2321
1868
2319
1867
2317
1866
2315
1865
2313
1864
2311
1863
2309
1862
2307
1861
2305
1860
2303
1859
2301
1858
2300
1857
2299
1856
2298
1855
2297
1854
2296
1853
2295
1852
2294
1851
2293
1850
2292
1849
2291
1848
2290
1847
2289
1846
2288
1845
2269
2267
1844
2265
1843
2270
2271
2272
2273
2274
2275
2276
2277
2278
2279
2280
2281
2282
2283
2284
2285
2286
2287
2268
4229
4230
4231
4232
4233
4234
4235
4236
4237
4238
4239
4240
4241
4242
2152
4243
2302
2304
2306
2308
2310
2312
2314
2316
2318
2320
2322
2324
2326
2328
2330
2153
2334
2337
2340
2342
2344
2345
4262
4261
2343
2341
4260
4259
2338
2335
4258
2332
4257
4256
4255
4254
4253
4252
4251
4250
4249
4248
4247
4246
4245
4244
108
109
111
110
112
113
115
114
116
117
119
118
120
121
123
122
124
125
127
126
128
129
131
130
132
133
135
134
136
137
139
138
140
141
143
142
144
145
147
146
148
149
151
150
9
8
7
6
4588
4587
4586
4585
4584
4583
4582
4581
4580
4579
4578
4577
4576
4575
4574
4573
4572
4571
4570
4569
4568
4567
4566
4565
4564
4563
4562
4561
4560
4559
4558
4557
4556
4555
4554
4553
4552
4551
4550
4549
4548
4547
4546
4545
4544
4543
4542
4541
4540
4539
4538
4537
4536
4535
4534
4533
4532
4531
4530
4529
4528
2230
4148
4527
4526
4146
4144
4525
4524
4523
2229
4522
4521
4520
4519
4518
4517
4516
4515
4514
4513
2228
4083
4512
4511
4080
4077
4510
4509
4074
4071
4508
4507
4068
4065
4506
4505
4062
4059
4504
4503
4502
4053
4050
4501
4500
4047
4046
4049
4052
4055
4056
4058
4061
4064
4067
4070
4073
4076
4079
4082
4085
4087
4089
4091
4093
4095
4097
4099
4101
4103
4105
4142
4141
4140
4123
4122
4121
4120
4139
4138
4137
4119
4118
4136
4135
4117
4116
4115
4134
4133
4132
4114
4113
4131
4130
4129
4111
4112
3955
3954
2042
3951
3947
3950
2041
3946
2040
3942
2039
3943
3939
3935
3938
2038
3934
2037
3930
2036
3931
3927
3923
3904
3885
3886
3905
3906
3907
3908
3909
3910
3911
3912
3913
3914
3915
3916
3917
3918
3899
3898
3897
3896
3895
3894
3893
3892
3891
3890
3889
3888
3887
2224
2223
3878
3881
3884
3903
2034
3922
2035
3926
6900
6899
6898
6897
6913
6893
6892
6891
6890
6906
6886
6885
6884
6883
6882
4753
6865
6866
6867
6868
6869
6870
6871
6872
6873
6874
6875
6876
6877
6878
6879
6880
6881
4963
7521
7520
7519
7518
7517
7516
7515
7514
7513
7512
7511
7510
7509
7508
7507
7506
7505
7504
7503
7502
7501
7500
7499
7498
7497
7496
7495
7494
7493
7492
7491
6836
7490
7489
7488
7487
7486
7485
7484
7483
7482
4960
7481
7480
7479
7478
7477
4959
4958
6657
7476
7475
6653
6652
6656
6659
6661
6678
6677
6676
6675
6674
6691
6708
6709
6692
6693
6710
6727
6726
6725
6742
6743
6744
6745
6728
6711
6694
6695
6712
6729
6765
6782
6799
6798
6797
6780
6781
6764
6763
6762
6761
6778
6779
6796
6795
6812
6813
6814
6815
6816
6835
6834
6833
6832
6831
6830
6829
6828
6827
6826
6825
6824
6823
6822
6821
6820
6803
6804
6787
6770
6771
6772
6789
6788
6805
6806
6807
6808
6809
6810
6811
6794
6777
6760
6759
6758
6775
6776
6793
6792
6791
6790
6773
6774
6757
6756
6755
6754
6753
6735
6734
6717
6718
6702
6703
6720
6719
6736
6737
6738
6721
6704
6687
6688
6689
6706
6705
6722
6739
6740
6741
6724
6723
6707
6690
6673
6672
6671
6670
6669
6686
6685
6668
6667
6666
6665
6683
6684
6701
6700
6699
6682
6681
6664
6663
6662
6679
6680
6697
6696
6713
6714
6698
6715
6716
6733
6732
6731
6730
4720
6746
4721
6747
4722
6748
6749
6750
6767
6766
6783
6784
6768
6751
6752
6769
6786
6785
6802
6801
6800
4723
6817
4724
6818
6819
4725
6837
4726
6838
4727
6839
4728
6840
4729
6841
4730
6842
4731
6843
4732
6844
4733
6845
4734
6846
4735
6847
4736
6848
4737
6849
4738
6850
4739
6851
4740
6852
4741
6853
4742
6854
4743
6855
4744
6856
4745
6857
4961
4746
6858
4747
6859
4748
6860
4749
6861
4962
4750
6862
4751
6863
4752
6864
11309
10492
10508
10524
11310
10541
11311
10558
11312
10575
11313
10586
10596
11314
11315
10613
10623
11316
11317
10640
11318
10649
10648
10647
10639
8047
10622
10612
10595
10585
10584
10594
10611
10621
10620
10610
10593
10583
10582
10592
8046
10609
10581
10591
10608
10607
10606
10605
10604
10603
10602
10601
10630
10629
10643
10654
10671
10670
10685
10686
10695
10694
10705
10706
10723
10724
10725
10749
10750
10751
10752
10753
10754
10755
10739
10731
10714
10713
10730
10729
10728
10712
10711
10710
10727
10726
10709
10708
10707
10672
10655
10656
10673
10674
10675
10676
10677
10678
10661
10660
10659
10658
10657
10631
10632
10633
10634
10635
10644
10662
10679
10645
10637
10636
10618
10619
10638
10646
10664
10663
10680
10681
10689
10690
10691
10682
8050
10665
8049
10666
11319
11320
10683
10692
11321
11322
10701
10700
10717
10718
11323
11324
10735
11325
10743
10758
10759
11326
11327
10767
10774
11328
11329
10781
11330
10803
10797
10796
10802
10808
10809
11331
11332
10815
10814
10813
10807
10801
10795
10780
10779
10772
10773
10766
10765
10757
10741
10742
10734
10733
8052
10716
8051
10699
10698
10688
10687
10696
10697
10715
10732
10740
8054
10756
10764
10771
10778
10793
10794
10812
10806
10800
10792
10791
10790
10789
10788
10787
10786
10785
8057
10777
10776
8056
8055
10769
10770
10763
10748
10738
10737
10722
10721
8053
10746
10747
10762
10761
10745
10720
10703
10704
10669
10668
10651
10652
10653
10642
8048
10626
10627
10628
10617
10616
10600
10599
10598
10615
10625
15428
14545
11822
11823
14568
15429
15430
14574
11825
14591
15431
15432
14598
11828
14604
14620
14619
14635
14636
14640
15433
15434
14643
15435
14646
11832
15436
15437
14684
14683
14682
14681
14680
14679
14678
14677
14676
14675
14674
14673
14672
14671
14670
14669
11833
14652
14653
14654
14655
14656
14657
14658
14659
14660
14661
14662
14663
14664
14665
14666
14667
14650
14648
14645
14642
14639
14634
14633
14632
14631
14615
14616
14617
14618
14603
14596
14597
14590
14573
14589
14588
14587
14586
14585
14584
14583
14582
14581
14580
14609
14610
14611
14612
14613
14614
14630
14629
14628
14627
14626
14625
14624
14608
11829
14602
14595
14579
14578
14571
14572
14556
14557
14558
14559
14560
14561
14562
14563
14564
14565
14566
14567
14551
14550
14543
14544
14537
14536
14529
14513
14514
14515
14530
14531
14538
15427
15426
15425
15424
14485
14484
14483
14490
14491
14508
14507
14506
14505
14504
14528
14527
14526
14525
14524
14523
14522
14521
14520
14519
14512
14518
14535
14542
14549
11820
14541
11821
14548
14555
14570
11824
14554
14553
14552
14546
14539
14547
14540
14533
14532
14516
14509
11568
14492
14493
14494
14510
11818
14534
11819
14517
14511
14495
14488
14489
14496
14497
14498
14499
14500
14501
14502
14503
14476
14477
14478
14479
14480
14481
14482
11817
14458
14465
14466
14467
11815
15423
14453
14452
14460
14459
14451
14450
14442
14443
14444
14445
15422
15421
14437
14436
14435
11813
14418
14419
14412
14411
14434
14433
14432
14431
14430
14429
14428
14427
14426
14425
14424
14423
14415
14416
14417
14410
14409
14408
11812
14402
14403
14404
14397
14396
14395
14388
14382
11810
14376
14377
14383
14389
14390
14384
14378
14363
14364
14365
14348
14347
14346
14329
14312
14313
14314
14330
14331
14332
14315
14316
14333
14334
14317
14318
14319
14336
14353
14352
14335
14351
14350
14349
14366
14367
14368
14369
14370
14371
14372
14379
14385
14391
14392
14399
14398
14405
14406
14407
14413
14420
15420
15419
15418
14400
15417
15416
14393
14386
11811
14380
15415
15414
15413
15412
14323
14340
14357
14374
14373
14356
14355
14354
14337
14320
14321
14338
14339
14322
14305
14298
14291
14282
14267
14251
14252
14268
14283
14284
14269
14236
14235
14231
14232
14211
14227
14226
14225
14224
14207
14208
14209
14210
14193
14189
14185
14182
14179
14176
14173
11798
14168
14150
14133
14126
14132
14147
14148
14149
14167
14166
14165
14164
14146
14145
14163
14162
14144
14143
14161
14160
14142
14141
14159
14158
14140
14139
14157
11797
14156
14155
14154
14171
14172
11799
11800
11801
11802
14188
14197
14198
14199
14200
14201
14202
14203
14204
14205
14206
14223
14222
14221
14220
14219
14218
14217
14216
11805
14215
14214
14213
14230
14234
14238
14254
14255
14239
14240
14241
14242
14258
14259
14243
14244
14245
14246
14247
14248
14264
14265
14249
14250
14266
14281
14280
14279
14278
14263
14262
14277
14276
14261
14260
14275
14274
14273
11808
14257
14256
14272
14271
14287
14288
14289
14290
14296
14297
14304
14311
14328
14327
14326
14309
14310
14303
14302
14295
14294
14301
14308
14325
14342
14343
14344
14345
14362
14361
14360
14359
11809
14375
14358
14341
14324
14307
14300
11560
14293
11559
14286
11558
14270
14253
14237
14233
14229
11557
14212
14195
14196
14192
14191
11556
14187
11555
14184
14181
14178
14175
14170
14152
14153
14136
14135
11554
14129
14123
14117
14100
14101
14102
11793
14118
11794
14124
11795
14130
11796
14137
14138
14131
14125
14119
14103
14104
14105
14106
14107
14108
14109
14110
14111
14112
14113
14120
14114
11792
14097
11791
14091
14098
14099
14115
14116
15395
15396
14122
14121
14127
14128
15397
15398
14134
14151
14169
14174
14177
15399
15400
14180
14183
15401
15402
14186
14190
15403
15404
14194
15405
15406
11803
14228
11804
11806
11807
15407
14285
14292
15408
15409
14299
14306
15410
15411
10315
10332
10349
10366
7785
10390
7786
10406
7787
10415
7788
10424
8035
10433
10425
10426
10434
10435
10427
10418
10409
10408
10417
10416
10407
10391
10392
8034
10393
10394
10395
10396
10397
10398
10399
10410
10400
10401
10402
10403
10404
10388
10382
10381
10387
10380
10363
10364
10365
10348
10331
10314
10297
10256
10255
10262
10254
10238
10239
10233
10227
10221
10215
10214
10213
10220
10219
10225
10226
10232
10231
10237
10252
10253
10261
10277
10278
10279
10296
10295
10312
10313
10330
10347
10329
10346
10362
10379
10386
10385
10378
10377
10360
10361
10344
10345
10328
10327
10310
10311
10294
10293
10275
10276
10260
10251
10250
10249
10248
10247
10246
10245
10244
10243
10236
10230
10229
10235
10242
10258
10259
10267
10284
10300
10301
10302
10285
10268
10269
10286
10270
10287
10304
10305
10288
10271
10272
10289
10290
10273
10274
10291
10292
10309
10326
10343
10325
10308
10307
10306
10324
10341
10342
10359
10376
10375
10358
10357
10374
10373
10372
10355
10356
10339
10340
10323
10322
10321
10338
10337
10336
10319
10320
10303
10318
10317
10334
10335
10352
10353
10354
10371
10370
10369
10384
10383
8033
10367
10368
10351
10350
10333
10316
10299
10298
10281
10282
10283
10266
10265
10264
10257
7784
10240
10241
10234
7783
10228
7782
10222
7781
10216
7780
10210
7779
10204
7778
10198
7777
10192
7776
10186
7775
10180
7774
10174
7773
10157
10158
10159
10175
10181
10187
10193
10199
10205
10211
10217
10223
10224
10218
10212
10206
10200
10194
10188
10182
10176
10160
10142
10134
10143
10161
10162
10144
10145
10146
10163
10164
10165
10147
10148
10149
10150
10166
10167
10168
10183
10189
10195
10196
10202
10201
10207
10208
10209
10203
10197
10191
10190
10184
10185
10179
10178
10177
10169
10170
10171
10153
10152
10151
10135
10126
10125
10124
10123
10122
10121
10120
10119
10118
10117
10116
8030
8031
10133
10141
10140
10139
10132
10115
7772
10108
7771
10101
7770
10094
7769
10087
7768
10071
10054
7767
10055
10056
8028
10072
10088
10095
10102
10109
10110
10103
10096
10089
10073
10057
8027
8029
10074
10058
10059
10075
10076
10060
10061
10077
10078
10062
10063
10079
10080
10064
10065
10049
10041
10042
10050
10067
10066
10082
10081
10090
10097
10098
10099
10091
10092
10083
10084
10068
10051
8026
10043
10036
10035
8023
10020
10021
10006
8022
10005
10004
9997
9998
9999
9991
9992
9993
9976
11269
9968
9967
8019
9958
9957
9956
9966
9965
9974
9975
9990
9989
9988
9987
9986
9985
9973
9964
9955
9944
9943
9928
9929
9916
9930
9945
9946
9947
9948
9949
9959
11268
9950
9935
9934
9933
9932
9931
9917
9918
9919
9909
9900
9883
9882
9899
9908
9898
9907
9906
9897
9896
9895
9894
9893
9892
9891
9890
9905
9915
8017
9925
9926
9927
9942
9941
9940
8018
9954
9939
9924
9923
9938
9953
9962
9971
9963
9972
9979
9980
9996
8021
10003
10012
10027
10013
9981
9982
9983
9984
10016
10017
10018
10019
10034
10033
10032
10031
10030
10015
10014
10029
10028
8025
10048
10040
10026
10011
10010
10009
10024
10025
8024
10039
10047
10046
10045
10038
10023
10008
10001
10002
9995
9978
8020
9970
9961
9952
9937
9922
9912
9913
9914
9889
9888
9904
9903
8016
9887
9886
9875
9876
9877
9878
9879
9863
9862
9861
9860
9850
9851
9842
8011
9833
9824
9816
9815
9806
9807
9798
9797
7753
9787
7754
9796
7755
9805
7756
9814
8010
9823
9832
9841
7757
9831
9840
7758
9849
9858
9859
9874
9885
9902
7759
9911
7760
9921
7761
9936
7762
9951
7763
9960
7764
9969
7765
9977
7766
9994
15389
15388
15387
15386
13980
15385
15384
13975
13970
15383
15382
13965
13959
13941
13923
13922
13940
13958
13964
13969
13968
13963
13955
13954
13953
13952
13934
13935
13917
13916
13915
13933
13951
13950
13932
13914
13898
13899
13900
13901
13902
13918
13936
13937
13919
13903
13904
13920
13938
13956
13957
13939
13921
13905
13888
13883
13878
13874
13871
13867
13863
13859
13864
13868
13872
13875
13879
13884
13889
11779
13906
15381
15380
15379
15378
15377
15376
15375
15374
13860
13843
15373
13839
13822
11773
13838
13842
13858
13857
13856
13855
13854
13853
13852
13851
13850
13849
13848
13847
13862
13866
13870
13873
13877
11778
13882
13886
13887
13893
13894
13895
13896
13897
13913
13931
13949
13948
13930
13912
13911
13929
13947
13946
13928
13910
13909
13908
13892
13891
13890
13907
13924
13925
13942
13960
13961
13943
13944
13926
13927
13945
11780
13962
13967
11781
11782
13972
13977
13984
13983
14000
13999
13982
13966
13971
11551
13976
13981
13998
11552
14014
14017
14034
14039
14056
14057
14040
14041
14035
14018
14019
14015
14001
14002
13985
13986
14003
14004
13987
13988
14005
14006
14007
13989
13990
13991
14008
13992
14009
14010
14011
14012
13993
13994
13995
13996
13978
13973
13974
13979
13997
11783
14013
14016
14033
14032
14031
14030
14029
14028
14027
14026
14025
14024
14023
14022
14021
14020
11784
14036
14042
14043
14044
14045
14046
14047
14048
14049
14050
14051
14052
14053
14037
14038
15390
15391
15392
15393
14082
11788
15394
14093
14092
14087
14086
11786
14081
14076
14072
14055
14054
14071
14070
14069
14068
14067
14066
14065
14064
14063
14062
14061
14060
14059
14058
11785
14074
14075
14080
14085
14090
14096
14095
11790
14089
11789
14084
11787
14079
14078
14073
11553
14077
14083
14088
14094
20388
18526
18535
20389
20390
18544
18553
20391
20392
18562
20393
18572
18590
18589
18588
18606
18607
18608
15899
18625
20394
20395
18635
18645
20396
20397
18655
15903
15905
15907
20398
18700
18699
18698
18682
18683
18674
18673
18681
18697
18696
15908
18680
18671
18672
18663
18664
18665
18654
18644
18634
18624
18633
18632
18642
18643
18653
18652
18662
18651
18641
18631
18622
18623
18605
18587
18570
18571
18561
18552
18543
18534
18525
18524
18515
18514
18523
18533
18532
18541
18542
18551
18550
18559
18560
18569
18585
18586
18604
18621
18603
18602
18620
18630
18640
18650
18661
18670
18679
18695
18694
18693
18705
18715
18725
18735
18752
18753
18736
18726
18727
18717
18716
15910
18706
18707
18708
18718
18728
18729
18719
18709
18710
18720
20399
20400
18730
20401
18740
18757
18766
18775
18783
18782
15919
15917
18774
18765
15915
18755
18756
18739
18738
18737
18754
18764
18773
18763
18772
18780
18781
18789
18788
18797
18798
18790
18791
18792
20402
20403
18801
18810
20404
20405
18827
18836
20406
20407
18846
18845
18855
18856
20408
14381
11561
14387
11562
14394
11563
14401
11564
14414
14422
14439
14440
14441
14449
11814
11816
14475
14474
14473
14472
14471
14470
14487
14469
14486
11567
14468
14461
14462
14463
14464
14457
14448
14447
14456
14455
14454
14446
11566
14438
11565
14421
20413
20414
18926
18935
18934
18925
18924
18923
18922
18912
18913
18914
18904
18905
18915
18916
18906
18895
20412
20411
18885
18894
18893
18892
18903
18902
18890
18891
18882
18873
18872
18881
18880
18871
18870
18879
18889
15924
18901
18911
18921
15926
18931
18932
18933
18952
18953
18968
18967
18976
18977
18994
19003
18993
19002
15933
19019
19020
20415
20416
19031
19048
20417
20418
20419
19082
15937
19065
19064
15936
19047
15935
19030
19029
19028
19018
19017
19027
19043
19026
19016
18999
19000
19001
15932
18992
18975
18966
18951
18950
18965
18964
18949
18948
18947
18962
18963
15930
18973
18974
18991
18990
18989
18988
18961
18960
18946
18945
18944
18959
18958
18943
18942
18957
15928
18941
18930
15925
18920
18919
18929
18939
18940
15927
15929
18982
18983
18984
18985
18986
18987
19015
19014
19013
19012
19011
15934
19010
19009
19008
19025
19024
19023
19006
19007
18998
18981
15931
18972
18971
18956
18938
18937
18936
18954
18955
18970
18969
15695
18978
15696
18995
18979
18980
18997
18996
19005
19022
19033
19034
19035
19051
19052
19069
19070
19053
19036
19037
19038
19055
19056
19039
19040
19057
19074
19073
19072
19054
19071
19087
19086
19095
19096
19105
19104
15939
15938
19094
19093
19083
15697
19084
19085
19068
19067
19066
19050
19049
19032
19021
19004
25309
23990
24006
25310
24017
24029
25311
25312
24041
24040
24028
24027
24026
24038
24039
24052
24053
24065
25313
25314
24077
24094
25315
15700
19220
19231
19232
19242
19259
19276
19277
19286
19285
19294
19295
19305
19306
15957
19323
19324
19325
19326
19327
19328
19312
19311
19310
19309
19308
19307
19296
19287
19278
19260
19261
19244
19243
19233
19221
19222
19223
15952
19247
19246
19245
19262
19263
19264
19265
19248
19249
19266
19267
19250
19251
19268
19269
19270
19279
19288
19289
19290
19299
19298
19297
15956
19314
19315
19316
19333
19343
19353
19363
19373
19390
19374
19364
19354
19355
19345
19344
19334
19317
19300
19291
19281
19280
15954
19271
19272
19273
19255
19238
19237
19236
19254
19253
19252
15953
19235
19234
19224
19213
19214
19225
19226
19227
19228
19217
19216
19215
19199
19184
19185
19200
19201
19202
19218
19229
20425
20426
19239
19256
20427
20428
19282
15955
20429
19301
20430
19318
19335
20431
20432
20433
19365
19375
20434
20435
19392
19391
15963
19408
19409
20436
20437
19418
19417
19434
19435
19443
19444
20438
20439
19461
19460
19459
19442
19441
19432
19433
19416
19415
19414
19406
19407
19389
19388
15962
19371
19372
19362
19352
19342
19332
19341
19331
19330
19313
19329
19340
19350
19351
19361
19360
19370
19405
19404
19387
19386
19385
19402
19403
19428
19429
19430
19431
19440
15967
19457
19458
19476
19492
19507
19508
19525
19535
19536
19526
19509
19493
15969
19477
15968
19478
20440
20441
19494
19510
20442
20443
19527
20444
19537
19545
19546
20445
20446
19556
19566
20447
20448
19576
19586
20449
20450
19595
20451
19605
20452
19631
19621
19604
19594
19585
19584
19593
19592
19602
19603
19619
19620
19630
19629
19637
19638
19639
19656
20453
19673
19672
19655
19654
19671
19670
15979
19653
19652
19651
19650
19649
19648
19647
19646
19645
19644
19662
19663
19664
19665
19666
19667
19668
19669
19678
19686
19694
19702
19710
19711
19712
19703
19704
19696
19695
19687
19679
19688
19680
19681
20454
20455
19689
19697
20456
20457
19705
19713
20458
20459
19720
20460
20461
19728
15982
19744
15984
19760
19770
19780
19779
19789
19790
20462
19801
19800
19799
19816
19817
19818
19833
19844
19843
19832
19831
19830
19815
19798
19797
19814
15990
15991
19851
15994
19868
19869
19852
19841
19842
19853
19854
19855
19872
20463
20464
20465
19896
19884
19871
19870
19882
19883
19895
19907
19908
20466
20467
20468
20469
19953
15999
19936
15998
19919
19918
19935
19952
19964
19979
19987
19986
19978
19963
19962
19961
19951
19950
19949
19948
16001
19959
19960
19975
16004
16005
20000
16006
20008
20016
20015
20022
20030
16008
20047
20055
20054
20046
20045
20044
20043
20042
20041
20040
20039
20038
19999
19998
19997
19996
19995
19994
19993
19992
19991
19990
19982
19956
19955
19966
19981
19989
20005
20006
20007
20014
20013
20012
20019
20020
20021
20029
20028
20036
20037
16009
20053
16010
20061
20069
16012
20076
16014
20088
20089
20090
20091
20092
20093
20094
20095
20096
20097
20098
20099
20104
20110
20116
20117
20123
20122
20139
20140
20144
20149
20154
20158
20153
20148
20143
20138
20137
20136
20135
20134
20133
20132
20131
20130
20129
20128
20127
16016
20121
20120
20114
20115
20109
20103
20087
20082
20081
20075
20068
15729
20067
20074
20080
20085
20086
20102
15730
20101
15731
20107
20108
15732
20113
15733
20119
15734
20125
20126
16017
20142
20147
15735
20146
15736
20151
15737
20156
15738
20161
25379
25378
25377
25376
25375
25374
25373
25372
25371
25370
25044
25043
25046
25047
20983
25050
25053
25056
25059
25061
25064
25067
25070
25087
25104
20985
25380
25381
25106
25103
25086
25102
25085
25084
25083
25101
25100
25099
25098
25097
25096
25082
25081
25080
25079
25078
25095
25094
25077
25076
25075
25093
25092
25091
20986
25090
25074
25073
25066
25069
25072
25089
25105
25088
25071
25068
20709
25065
20708
25062
20707
25063
25060
20984
25058
25057
20706
25054
20705
25051
20704
25055
25052
25049
25048
20703
25045
20982
25042
25041
20702
25037
20701
25038
25034
25030
25027
25024
25021
25018
25015
24998
24981
24982
24983
24999
25000
25001
25002
25003
24987
24986
24985
24984
24976
24970
24969
24964
24963
20692
24968
20693
24974
24975
24980
24997
20694
25014
20695
25017
20696
25020
20697
25023
20698
25026
20699
25029
20700
25033
30270
29839
29847
30271
30272
29855
29872
30273
30274
29878
29871
29870
25860
29853
29854
29846
29838
29831
29832
30269
30268
29825
29824
29806
29807
29808
30267
30266
29790
29799
29798
29797
29796
29795
29786
29787
29788
29789
29772
29763
29747
29746
29762
29771
29770
25853
29760
29761
29745
29744
29741
29740
29756
29757
29758
29759
29785
29784
29783
29782
29781
29780
29779
29778
25856
29814
29815
29816
29817
29818
29819
29820
29821
29804
29805
25857
29822
29823
29830
29829
29836
29837
29845
29844
29852
29869
29868
29867
29866
29865
29864
29863
29862
29861
29860
29859
29875
29882
29888
29887
29886
29892
29893
29899
29894
29900
29939
29938
29937
29955
29956
29957
29958
29940
29941
29959
29976
29977
29978
29979
29980
29998
29997
29996
29995
29994
29993
29975
29974
29992
29991
29973
29972
29954
29953
29971
29990
29989
30007
30011
30015
30019
30023
30027
30031
30035
30034
25598
30030
25597
30026
25596
30022
25595
30018
25594
30014
25593
30010
25592
30006
25591
29988
29970
29952
29936
29931
25590
29914
25589
29915
29932
25865
29933
29916
29910
29909
25588
29908
35404
35405
35054
35406
35407
35093
35111
35110
35092
35109
35127
35126
35132
35137
35142
35147
35152
35157
35162
35167
35168
35163
35158
35153
35148
35143
35138
35133
35128
35129
35134
35408
35409
35139
35144
35410
35411
35149
35154
35412
35413
35159
35164
35414
35415
35169
1198
1199
1200
1201
1202
1415
1203
1204
1205
1206
1207
1208
1209
1210
1211
1212
1213
1214
1215
1216
1217
1218
1219
1220
1221
1420
1222
1223
1224
1225
1226
1227
1228
1229
1230
1231
1232
1233
1234
1235
1236
1237
1238
1239
1240
1241
1242
1422
1423
1243
1244
1245
1246
1247
1248
1249
1250
1251
1252
1253
1254
1255
1256
1257
1258
1259
1260
1261
1262
1263
1425
1264
1265
1266
1267
1268
1269
1270
1271
1272
1273
1274
1275
1276
1277
1278
1279
1280
1281
1282
1283
1284
1285
1428
1427
1429
1780
1779
1778
1777
1776
1775
1774
1773
1772
1771
1770
1769
1768
1767
1766
1765
1764
1763
1762
1761
1760
1759
1758
1757
1756
1755
1754
1753
1752
1751
1750
1749
1748
1747
1426
1746
1745
1744
1743
1742
1741
1740
1739
1738
1737
1736
1735
1734
1733
1732
1424
1731
1730
1729
1728
1727
1726
1725
1724
1723
1722
1721
1720
1719
1718
1717
1716
1715
1714
1713
1712
1711
1710
1709
1708
1707
1706
1705
1704
1703
1702
1421
1701
1700
1699
1698
1697
1696
1695
1694
1693
1692
1691
1690
1689
1688
1687
1417
1686
1685
1684
1683
1682
1681
1680
1679
1678
1677
1676
1675
1674
1673
1672
1413
1671
1670
1669
1668
1667
1666
1665
1664
1663
1662
1661
1660
1659
1658
1657
1656
1655
1654
1653
1652
1651
1650
1649
1648
1647
1646
1645
1644
1643
1642
1403
1641
1640
1639
1638
1637
1636
1635
1634
1633
1632
1631
1630
1629
1628
1627
1404
1407
1409
1410
1411
1412
1418
1419
1416
1414
1197
1196
1195
1194
1193
1192
1191
1190
1189
1188
1187
1186
1185
1408
1184
1183
1182
1181
1180
1406
1405
1179
1178
1177
1176
1175
1174
1173
1172
1171
1170
1402
1401
1169
1168
1167
1166
1165
1399
1398
1164
1163
1162
1161
1160
1159
1158
1157
1156
1391
1155
1154
1153
1152
1151
1150
1149
1148
1147
1146
1145
1144
1143
1142
1141
1140
1139
1138
1385
1137
1136
1135
1134
1133
1379
1380
1383
1387
1388
1390
1393
1394
1396
1397
1400
1626
1625
1624
1623
1622
1621
1620
1619
1618
1617
1616
1615
1614
1613
1612
1611
1610
1609
1608
1607
1606
1605
1604
1603
1602
1601
1600
1599
1598
1597
1395
1392
1389
1386
1381
1378
1374
1375
1376
1377
1382
1384
1596
1595
1594
1593
1592
1591
1590
1589
1588
1587
1586
1585
1584
1583
1582
1581
1580
1579
1578
1577
1576
1575
1574
1573
1572
1571
1570
1569
1568
1567
1566
1565
1564
1563
1562
1561
1560
1559
1558
1557
1556
1555
1554
1553
1552
1371
1370
1369
1368
1366
1365
1364
1360
1362
1363
1551
1550
1549
1548
1547
1546
1545
1544
1543
1542
1541
1540
1539
1538
1537
1536
1535
1534
1533
1532
1531
1530
1529
1528
1527
1361
1526
1525
1524
1523
1522
1521
1520
1519
1518
1517
1516
1515
1514
1513
1512
1511
1510
1509
1508
1507
1356
1355
1354
1506
1505
1504
1503
1502
1501
1500
1499
1498
1497
1496
1495
1494
1493
1492
1491
1490
1489
1488
1487
1486
1485
1484
1483
1482
1481
1480
1479
1478
1477
1476
1475
1474
1473
1472
1471
1470
1469
1468
1467
1466
1465
1464
1463
1462
1461
1460
1459
1458
1457
1456
1455
1454
1453
1452
1451
1450
1449
1448
1447
1446
1349
1445
1444
1443
1442
1441
1440
1439
1438
1437
1436
1435
1006
1007
1008
1009
1010
1011
1012
1013
1014
1015
1016
1017
1018
1019
1020
1021
1022
1023
1024
1025
1026
1027
1028
1029
1030
1031
1032
1033
1034
1035
1036
1037
1038
1039
1040
1041
1042
1043
1044
1045
1046
1047
1048
1049
1050
1051
1052
1350
1053
1054
1055
1056
1057
1058
1059
1060
1061
1062
1063
1064
1065
1066
1067
1068
1069
1070
1071
1072
1073
1074
1351
1352
1353
1075
1076
1077
1078
1079
1080
1081
1082
1083
1084
1085
1357
1358
1359
1090
1089
1088
1087
1086
73790
73783
73776
73769
73762
73755
73748
73741
73742
73749
73756
73763
73770
73777
73784
73791
73792
73994
73993
73785
73778
73992
73991
73771
73764
73990
73989
73757
73750
73988
73987
73743
73736
73735
73734
73733
73732
73716
73717
73699
73698
73697
73715
73731
73730
73714
73713
73729
73728
73727
73726
73710
73692
73691
73709
73725
73724
73708
73690
73689
73707
68705
73706
73705
68704
73722
73723
73740
73739
73738
73745
73746
73747
73754
73753
73752
73759
73766
73767
73760
73761
73768
73775
73782
73789
73788
73781
73774
73773
73780
73787
73786
68394
73779
68393
73772
68392
73765
68391
73758
68390
73751
68389
73744
68388
73737
68387
73721
73703
73704
73686
73687
73688
73671
73664
73663
73670
73669
73685
73668
73662
68386
73656
68385
73650
68384
73639
68383
73633
68382
73627
68381
73610
73611
73612
73628
73634
73635
73629
73630
73636
73642
73647
73653
73652
73646
73641
73640
68703
73645
73651
73657
73658
73659
73665
73672
73673
73674
73675
73676
73693
73711
73712
73694
73677
73678
73695
73696
73679
73680
73681
73682
73666
73660
73654
73648
73643
73637
73631
73625
73626
73632
73638
73644
73649
73655
73661
73667
73684
73683
73700
73718
73701
73719
73720
73702
73986
73985
73984
73983
73982
73981
73980
73979
73978
67820
62740
67813
62739
67806
62738
67790
67791
67773
63029
67782
67792
67807
67814
67821
67827
63032
62741
67833
67834
67835
67828
67823
67829
67836
63033
67868
67886
67887
67869
67870
67871
67889
67907
67906
67888
67905
67904
67903
67902
67901
67900
67882
67883
67884
67885
67867
67866
67865
67864
67863
67881
67899
67898
67880
67862
67855
67854
63035
67848
67849
67843
67842
67841
67840
62742
67847
67853
67859
67860
67861
67879
67878
67877
67895
67896
67897
67915
67914
62743
67913
62744
67920
62745
67927
62746
67934
62747
67941
62748
67948
62749
67955
62750
67962
67963
67964
67957
67956
67949
67942
67943
67936
67935
67928
67929
67921
67922
67916
67923
67930
67937
67944
67950
67951
67958
67965
1091
1092
1093
1094
1095
1096
1097
1098
1099
1100
1101
1102
1103
1104
1105
1106
1367
1107
1108
1109
1110
1111
1112
1113
1114
1115
1116
1117
1118
1119
1120
1121
1122
1123
1124
1125
1126
1372
1373
1127
1128
1129
1130
1131
1132
56690
56691
56692
56680
56668
56669
56681
56693
56694
56695
56933
56932
56683
56682
56670
56671
56931
56930
56659
56647
56929
56928
56635
56623
56927
56926
56611
56599
56584
56583
56582
51859
56598
56610
56609
56608
56620
56632
56644
56645
56633
56621
56622
56634
56646
56658
56657
56656
56655
56667
56679
56678
56666
56654
56642
56630
56643
56631
56619
56607
56618
56606
51858
56578
56595
56596
56597
56581
56565
56547
56548
56549
51857
56566
56550
56539
56925
56529
51854
56518
56507
56496
56495
56484
56485
56474
56463
56473
56462
56451
56452
56453
56442
56441
56440
51850
56439
56450
56461
56472
56483
56494
56504
56505
56506
56517
56528
56538
56537
56527
56516
56515
56526
56536
51856
56546
56564
56580
56579
56563
56562
56561
56577
56576
56594
56593
56592
56591
56573
56557
56558
56574
56575
56559
56560
56545
56535
56525
56514
56503
56493
56482
56471
56460
56449
56437
56436
56419
56402
56401
56400
56399
56416
56417
56418
56435
56434
56433
56432
56448
51852
56459
56470
56481
56492
56502
56513
56524
56534
51855
56544
56556
56555
56554
56553
56542
56532
56543
56533
56523
56531
56521
56522
56511
56500
56512
56501
56491
56490
56479
56478
56467
56468
56480
56469
56458
56457
56456
56455
51554
56466
51555
56477
51556
56488
56489
51853
56499
56510
51557
56509
51558
56520
51559
56530
56540
56541
56552
56568
56569
56570
56588
56603
56614
56602
56587
56586
56601
56613
56625
56626
56638
56639
56627
56615
56616
56604
56589
56571
56572
56590
56605
56617
56629
56628
56640
56652
56651
56663
56676
56664
56641
56653
56665
56677
56689
56688
56687
56675
56674
56686
56685
56684
51567
56672
51566
56660
51565
56648
51564
56649
56661
56673
56662
56650
56637
56636
51563
56624
51562
56612
51561
56600
51560
56585
56567
56551
62534
62535
62536
62537
62538
62539
62540
62541
62300
62297
62294
62291
62288
62285
62282
62279
62275
62276
62258
62257
62274
62273
62272
62271
62270
62252
62251
62269
62268
62250
62249
62267
62266
62248
62247
62229
62230
62231
62232
62233
62234
62235
62253
62254
62236
62237
62255
62256
62238
62239
62240
62222
62219
62215
57393
62211
62207
62204
62205
62208
62212
62216
62533
62532
62531
62530
62529
62528
62527
62526
62525
62524
62169
62523
62522
62164
62163
62168
62186
62189
62193
62197
62201
62200
62196
62192
62188
62185
62167
62162
62184
62183
62182
62181
62180
62179
62178
62177
62176
62175
62174
62173
62172
62171
57391
62187
62191
62195
62199
62203
57392
62206
62210
62214
62218
62221
62224
62243
62225
62226
62227
62245
62228
62246
62265
62264
62263
62244
62262
62261
62278
62281
62284
62287
62290
62293
62296
62299
62298
57133
62295
57132
62292
57131
62289
57130
62286
57129
62283
57128
62280
57127
62277
57126
62259
62260
62242
62241
62223
62220
57125
62217
57124
62213
57123
62209
57122
62202
57121
62198
57120
62194
57119
62190
57118
62170
62166
62165
57117
62160
57116
62156
62151
57115
62152
62157
62161
57389
62137
62138
62139
62140
62141
62124
62123
62107
62106
62122
62105
62104
62121
62120
62103
62102
62098
62097
62101
62118
62119
62136
62153
62135
62134
62117
62100
62096
57114
62092
57113
62088
57112
62084
57111
62081
62078
62062
62045
62029
62030
62046
62047
62048
62064
62063
62079
62082
62085
62089
62093
62094
62090
62086
57388
57387
62065
62066
62067
62068
62051
62052
62069
62070
62071
62055
62072
62073
62074
62075
62076
62059
62041
62040
62058
62057
62056
62039
62038
62037
62036
62054
62053
62035
62034
62033
62032
62050
62049
62031
57385
62025
62008
61992
61991
61990
62007
62024
62023
57110
62006
61989
61983
61984
61985
61970
61969
61968
61950
61942
57109
61943
61951
61952
61944
61936
61919
61935
61934
57108
61918
61910
61893
57107
61883
61884
61885
61895
61894
61911
61912
61920
61921
61913
57376
61886
61896
61923
61922
61937
61945
61954
61953
61971
61972
57383
61986
61993
62009
62010
62011
61994
61995
62012
62013
62014
62015
61998
61997
61996
61976
61977
61959
61958
61957
61975
61974
61973
61955
61956
61924
61925
61926
61927
61928
61929
61930
61914
57378
61915
61907
61908
61916
61917
61909
61892
62507
61882
61891
61881
61880
61879
61864
57373
61845
57371
61855
61865
61866
61856
61847
62506
62505
61830
61846
57369
61829
61820
57368
61804
61805
61821
62504
61795
62503
62502
61778
61762
61761
61776
61777
61794
61793
57367
61803
61792
57366
61775
57365
61759
61760
61744
61743
61727
61719
57362
61745
57363
62501
61728
61720
57361
61712
61704
61686
61703
57360
61702
61711
61701
61684
57358
61667
61668
57359
61685
61669
61670
57357
61635
61625
61614
61605
61597
61588
61579
61578
61577
61568
61558
61567
61576
61585
61586
61587
61596
61604
61613
61624
61634
61651
61666
61650
61633
61623
61612
61603
61595
61594
61602
61611
61622
61632
61649
61648
61647
61663
61662
61646
61645
61661
61644
61660
61659
61658
61642
61643
61631
61630
61641
61657
61656
61674
61675
61691
61692
61676
61677
61708
61709
61693
61694
61678
61695
61679
61680
61696
61697
61681
61664
61665
61683
61682
61698
61699
61700
61710
61718
61726
61741
61742
61758
61757
61740
61739
61738
61754
61771
61772
61755
61756
61773
61774
61791
61790
61789
61788
61787
61770
61769
61786
61785
61751
61752
61753
61737
61736
61725
61717
61716
61724
61735
61734
61733
61732
57364
61749
61750
61768
61784
61783
61767
61766
61748
61731
61730
61747
61764
61765
61782
61799
61809
61825
61810
61800
61811
61826
61812
61813
61814
61815
61816
61817
61818
61801
61802
61819
61828
61844
61854
61863
61878
61889
61890
61906
61905
61888
61904
61903
61902
61901
61900
61899
57377
61898
61897
61887
57375
57374
61871
61872
61873
61874
61875
61876
61877
61862
61853
61843
61827
61842
61841
61840
61839
61838
61837
57372
61861
61852
57370
61836
61835
61834
61851
61860
61870
61869
61859
61850
61833
61824
61823
61832
61849
61858
61868
61867
61857
61848
61831
61822
57106
61806
61807
61808
61798
61781
61780
61797
61796
57105
61779
61763
61746
57104
61729
61721
57103
61713
57102
61705
57101
61687
61671
61653
61637
61627
57100
61628
61638
61654
61672
61688
61706
61714
61722
61723
61715
61707
61690
61689
61673
61655
61639
61640
61629
61618
61617
61616
61607
57099
61608
61609
61619
61620
61621
57356
61610
61601
61593
61584
61575
61566
61557
61544
61543
61542
61541
61556
61565
61574
61573
61582
61583
61592
61600
61599
57355
61591
61590
57098
61581
57097
61572
57096
61563
57095
61564
61555
57354
61540
61539
61531
57094
61523
57093
61506
61507
61508
61524
61532
61533
61525
61509
61510
61511
61512
61500
57351
61486
61472
57350
61457
61456
61455
57349
61445
61454
61471
61453
61470
61484
61485
61499
61498
61497
57092
61483
57091
61469
57090
61452
57089
61442
57088
61432
57087
61422
57086
61412
57085
61396
61388
61380
61372
61364
61353
61354
61342
61341
61325
61307
61308
61309
57339
61326
61343
61344
61356
61355
57343
61365
57344
61373
57345
61381
57346
61389
57347
61397
61413
61423
61433
61443
61444
61434
61435
61425
61424
61414
61415
57348
61398
61399
61400
61416
61426
61436
61446
61458
61459
61460
61461
61475
61474
61473
61487
61488
61489
61490
61491
61492
61478
61477
61476
61462
61463
61447
61448
61464
61465
61466
61449
61439
61440
61430
61429
61438
61437
61427
61428
61418
61417
61406
61405
61404
61403
61402
61401
61390
61382
61374
61366
57341
57340
61330
61329
61328
61346
61358
61357
61345
61327
61311
61310
61292
61274
61275
61293
61312
61313
61295
61294
61276
61277
61265
61253
61254
61278
61296
61297
61315
61314
61331
61332
61333
61317
61316
61298
61299
61282
61281
61280
61279
61255
61256
61257
61258
61259
61260
61247
61248
61261
57338
61268
61262
57334
61242
61227
61241
61240
61239
61226
61218
61209
61210
61211
61196
61212
61219
61220
62475
62476
61228
61243
61249
61263
61270
61269
61287
61288
61306
61324
61305
61323
61322
61302
61303
61304
61286
61285
61284
61267
61266
61283
61301
61300
61318
61319
61335
61334
61347
61359
61360
61348
61336
61320
61321
61337
61338
61339
61340
62477
61352
61363
61362
61351
61350
61349
57342
61361
61369
61370
61371
62478
62479
61379
61387
62480
62481
61395
61411
61410
61394
61393
61385
61386
61378
61377
61376
61368
61367
61375
61383
61384
61392
61391
61407
61408
61409
61419
61420
61421
62482
62483
61431
61441
62484
62485
61451
61450
61467
61481
61468
61482
61496
62486
62487
61522
57352
61505
61504
61495
61494
61480
61479
61493
61503
61521
61520
61519
61502
61501
61518
61517
61516
61515
61514
61513
61526
61534
61545
61546
61547
61548
61549
61550
61551
61535
61527
61528
61536
61552
61559
61560
61569
61570
61561
61553
57353
61537
61529
61530
62488
62489
61538
61554
62490
62491
61562
61571
62492
62493
61580
61589
62494
62495
61598
61606
62496
62497
61615
61626
62498
62499
61636
61652
62500
55705
55722
55735
55736
55750
55749
51533
55767
51534
55783
51535
55798
55811
51536
55827
55828
55843
55842
55856
51537
55871
55887
55902
55917
51538
55932
51539
55948
51540
55964
55981
51541
55998
51542
56013
51543
56028
51544
56043
56058
62508
61941
61933
61932
57379
57380
61940
61948
61949
61967
61966
61981
61982
61988
61987
57384
61980
57382
61964
61965
61947
61939
61931
61938
61946
61963
57381
61962
61961
61960
61978
61979
61999
62016
62017
62000
62001
62018
62019
62002
62003
62004
62005
62022
62509
62028
62044
62043
62027
62021
62020
62026
62042
62060
62061
57386
62077
62080
62083
62087
62091
62095
62099
62116
62115
62132
62131
62114
62113
62130
62129
62112
62111
62128
62110
62109
62108
62125
62142
62143
62126
62127
62144
62145
62146
62147
62148
62149
62133
62150
62154
57390
62158
62159
62155
62521
62520
62519
62518
62517
62516
62515
62514
62513
62512
62511
62510
56151
56135
56119
56105
56106
56107
56108
56122
56121
56120
56136
56152
56153
56137
56138
56154
56170
56171
56155
56139
56123
56124
56110
56109
56090
56089
56075
56074
56073
56088
56087
56072
56059
56044
56029
56014
55999
55982
55965
55966
55983
56000
56015
56030
56045
56060
56061
56046
56031
56032
56047
56063
56077
56062
56076
56091
56092
56093
56078
56079
56094
56080
56064
51824
56050
56049
56048
56033
56018
56017
56016
56001
55984
55985
56002
56003
56004
56019
56034
56035
56020
56005
55989
55988
55970
55971
55972
55955
55954
55953
55952
55969
55987
55986
55968
51818
55967
55951
55950
55949
55933
55918
55903
55888
55872
55873
55874
55890
55889
55904
55919
55934
55935
55920
55905
55875
55860
55859
55858
55857
55844
55845
55846
55847
55861
55876
51812
55891
51814
55906
51816
55921
55936
55937
55938
55923
55922
55907
55892
55877
55878
55893
55908
55909
55894
55895
55910
55925
55924
55939
55940
55956
55957
55974
55973
55991
55990
56006
56007
56022
56021
56036
56037
56052
56051
56065
56066
51826
56081
56097
51829
56096
56095
51828
56127
56126
56125
56141
56140
56156
56172
56187
56186
56185
56169
56184
56200
56183
56168
56167
56182
56199
56215
56232
51545
56248
51546
56264
51547
56281
51548
56298
51549
56312
51550
56328
51551
56345
51552
56362
51553
56379
56380
56394
56393
56410
56427
56411
56395
56396
56382
56381
56364
56363
56346
56347
56329
56313
56299
56282
56265
56249
56233
56216
56217
56201
56202
56203
56204
56220
51839
56236
56237
56221
56205
56188
56173
56157
56142
56158
56174
56175
56189
56206
56207
56190
56191
56208
56209
56192
56193
56194
51837
56210
56195
56178
51835
56162
56161
56177
56176
56160
56159
56143
56144
56145
56128
51830
56111
51831
56112
56098
56099
56113
56114
56130
56129
51832
56146
51833
56163
56164
56165
56180
56179
56196
56211
56212
56197
56213
56230
56246
56245
56229
56228
56244
56261
56260
56259
56258
56242
56243
56227
51838
56226
56241
56225
56224
56223
56222
51840
56238
56239
56240
56256
56257
56274
56291
56305
56304
56290
56273
56272
56289
56288
56271
56255
56254
56253
56270
56287
56286
56269
56268
51842
51843
56284
56267
56251
51841
56252
56219
56218
56235
56234
56250
56266
56283
56300
56301
56315
56314
56330
56331
56348
56365
56383
56397
56413
56412
56429
56428
51851
56444
56445
56430
56446
56447
56431
56414
56415
56398
56384
56366
51847
51846
56349
56350
56367
56368
56369
56352
56335
56334
56351
56333
56332
51845
51844
56285
56302
56316
56317
56303
56318
56336
56319
56320
56337
56321
56338
56355
56354
56353
56370
56371
56372
56386
56385
56403
56420
56438
56421
56422
51849
56404
51848
56387
56373
56356
56339
56340
56323
56322
56306
56307
56293
56292
56275
56276
56277
56278
56279
56262
56263
56280
56297
56296
56295
56294
56308
56324
56341
56358
56357
56374
56375
56376
56359
56342
56325
56309
56310
56311
56913
56327
56326
56343
56344
56361
56378
56392
56914
56915
56409
56408
56391
56377
56360
56390
56389
56388
56405
56406
56407
56423
56424
56425
56426
56916
56917
56443
56454
56918
56919
56465
56464
56475
56476
56920
56921
56487
56486
56497
56498
56922
56923
56508
56519
56924
46559
51006
46560
51012
46561
51028
46562
51033
51038
51044
51062
46563
51078
46564
51083
46565
51088
46566
51093
46567
51098
46568
51103
46569
51108
46570
51113
51114
51109
51104
51099
51094
51089
51084
51079
51064
51065
51047
51063
51045
51039
51046
51040
51034
51035
46862
51050
51049
51048
51066
51067
51068
51069
51051
51052
51070
51071
51053
51072
51054
51055
51073
51056
51074
51075
51057
51058
51059
46864
51076
51080
51081
51077
51368
51082
51087
51369
51370
51092
51091
51086
51085
51090
51095
51096
51097
51371
51372
51102
51107
51111
51106
51101
51100
51105
51110
51115
51116
51117
51375
51112
51374
51373
40995
46136
46137
46138
46139
46130
46121
46112
46103
46094
46085
46076
46060
46061
46062
46063
46064
46065
46066
46039
46022
46021
46020
46038
46037
46036
46019
46018
46035
46034
46017
46016
46033
41316
46050
46059
46058
46057
46049
46056
46074
46083
46075
46084
46093
46092
46101
46102
46111
46110
46119
46120
46129
46128
46127
40994
46118
40993
46109
40992
46100
40991
46091
40990
46082
40989
46073
40988
46055
46047
46048
46030
46029
46012
46005
46006
46014
46013
46031
46032
46015
46007
46008
46000
45991
45982
45974
45965
45964
45956
45955
45954
45953
45943
40981
45942
40982
45952
40983
45961
40984
45970
45971
45962
45963
45972
45973
45981
45990
45999
45998
45997
45988
45989
45980
41313
45979
40985
45987
40986
45996
40987
46004
51367
51366
51032
51037
51043
51061
46865
51060
51042
51041
46863
51036
51031
51025
51024
51023
51022
51021
51020
51019
51018
51017
51016
51015
46861
51009
51003
50998
50997
51002
51008
51014
51030
51029
51013
51007
51001
46860
50995
46558
50989
46557
50983
46556
50967
50968
50969
50970
50985
50984
50990
50996
50991
50992
50986
50971
50972
50973
50974
50975
50976
50977
50978
50979
50980
50963
50956
46856
50947
50938
50939
50930
50940
50948
50949
50958
50957
50964
46858
50981
50987
50993
50999
51004
51010
51026
51027
51011
51365
51364
51005
51000
51363
51362
50994
50988
51361
50982
46859
50965
50966
51360
50959
51359
50951
50950
50941
50942
51358
51357
50933
50932
50931
50922
50913
50912
50921
50929
50920
50911
50902
50893
50894
50903
50904
50895
50886
50878
50879
50887
50896
50897
50905
50914
50923
50924
51356
51355
50915
50906
51354
51353
50888
51352
46854
50870
51351
50853
46852
50845
51350
51349
50837
50836
50844
50843
50835
50834
50842
50852
50851
50859
46853
50867
50868
50860
50861
50869
50877
50885
50884
50876
50892
50883
50882
50874
50875
50866
50865
50858
50857
50856
50864
50863
50872
50873
46855
50881
50890
50891
50901
50910
50909
50900
50899
50908
50917
50926
50927
50918
50919
50928
50937
50946
50936
50935
50944
50945
50954
50955
50962
50961
50960
50953
46857
50952
46555
50943
46554
50934
46553
50925
46552
50916
46551
50907
46550
50898
46549
50889
46548
50880
50871
46547
50862
46546
50854
46545
50855
50847
50848
50849
50850
50841
50840
50839
46851
50831
50832
50833
50817
50818
50819
50820
50796
50795
50779
50778
50794
50793
50810
46850
50816
50815
46849
50809
46847
50792
46846
46845
50776
50777
50771
50770
50769
50760
50761
50762
50763
46843
50780
50781
50797
50798
50782
50783
50784
50785
50786
50787
50803
50802
50801
50800
50799
50821
50822
50823
50824
50825
50826
50827
50828
50812
50811
50804
50788
50772
46844
50764
50752
50753
50754
50765
50755
50756
50766
50773
50789
50805
50806
46848
50829
50813
50807
50790
50774
50767
46842
50757
50741
50742
50758
45637
45621
45622
45614
45613
40971
45605
40970
45597
40969
45580
45572
40968
45556
45557
45573
45581
45598
45606
45607
45615
45623
41296
45638
45639
45624
45616
45617
45625
45626
45627
45628
45629
45630
45631
45632
45618
45610
45602
45592
45591
45590
45589
45588
45587
45567
45566
45565
45564
45563
45562
45561
45551
45534
45535
45536
45537
45538
45539
45522
45523
45540
45541
45524
45525
45508
45509
45526
45543
45542
45552
45570
45578
45569
45568
45577
45593
45594
45595
45596
45579
45571
41293
45555
45546
45545
45554
45553
45544
45527
45510
45493
45492
45491
45490
45489
45507
45506
45505
45488
45487
45504
45521
45520
45503
45486
45485
45502
45519
45518
45501
45484
45483
45475
45466
45457
45440
45441
45442
45443
45444
45445
45446
45447
45448
45458
45467
45476
45477
45468
45469
45478
45494
45495
45496
45512
45511
41292
45528
45529
46349
46350
46351
46352
41294
46353
46354
46355
46356
41295
45620
45612
45604
45603
45611
45619
45636
41297
45635
45634
45633
45641
45657
45656
45655
45654
45653
45652
45651
45650
45640
45649
45666
45674
45673
45681
45699
45698
45697
41298
45680
45672
45664
45665
45648
45647
45646
45645
40972
45663
40973
45671
40974
45679
40975
45696
40976
45705
45706
45715
45714
45731
40977
45748
45749
45732
45733
45750
45751
45734
45752
45735
45736
45719
45718
45717
45716
45707
45708
45709
45700
45682
45683
45684
45685
45686
45687
45688
45689
45675
45667
45658
45659
45642
45660
45669
45668
45676
45677
45693
45694
45661
45643
45644
45662
45670
46357
46358
45678
45695
45704
46359
46360
46361
45713
41299
45730
41300
45747
46362
46363
45757
45774
46364
46365
45783
45782
45773
41301
45756
45755
45754
45744
45727
45728
45745
45746
45729
45712
45703
45711
45702
45692
45691
45690
45701
45710
45726
45725
45724
45723
45722
45721
45720
45737
45738
45739
45740
45741
45742
45743
45753
45769
45768
45767
45766
45765
45764
45763
45762
45779
45778
45761
45760
45759
45758
40978
45775
45776
45777
45787
45796
45795
45786
45785
40979
45784
45793
45809
45810
45794
45811
45827
45826
45825
45841
45842
45857
45856
45872
45889
45906
40980
45923
45924
41311
45933
45934
45944
45935
45945
45946
45936
45927
45911
45912
45913
45914
45897
45879
45896
45895
45878
45894
45877
45861
45862
45847
45831
45815
45814
45830
45829
45845
45846
45860
45876
45893
45910
45909
45892
45891
45926
45925
45908
45907
45890
45873
45874
45875
45859
45858
45843
45844
45828
45812
45813
45797
45788
45798
45799
45800
45801
45802
45803
45819
45818
45834
45833
45817
45816
45832
45848
45863
45849
45850
45865
45864
45880
45881
45898
45915
45916
45899
45882
45883
45867
45866
45851
45835
45836
45852
45853
45868
45884
45885
45902
45901
45900
45917
45918
45928
45937
45938
45939
45930
45929
45919
45920
45903
45886
45869
41307
45854
45837
45821
45820
45804
45805
45789
45780
45770
45771
45772
45781
45790
41302
45806
41303
45822
41304
45838
41305
41306
45839
45824
45823
45807
45791
45792
46366
46367
45808
46368
46369
45840
45855
45870
45887
41309
45904
41310
45921
45931
45940
45949
45950
45959
45968
45977
45985
45994
45995
46380
46379
45986
45978
46378
45969
46377
46376
45960
45951
45941
46375
45932
46374
46373
45922
45905
46372
46371
45888
41308
45871
46370
40348
35590
40365
35591
40375
35592
40392
35593
40401
40402
35910
40410
40419
35594
40418
35595
40426
35596
40434
35597
40442
40443
35912
40450
40444
40436
40435
40427
40428
40429
40437
40445
40452
40451
40459
40460
40467
40466
35913
40458
35598
40457
35599
40465
35600
40482
40483
35914
40490
40491
40484
40468
40469
40470
40471
40472
40473
40474
40475
40461
40453
40446
40438
40430
40422
40413
40405
40396
40387
40371
40388
40397
40406
40414
35911
40423
40431
40439
40440
40448
40447
40454
40455
40463
40480
40487
40494
40512
40519
40537
40545
40544
40552
40551
40543
40535
40536
40518
35916
40510
40511
40493
40486
40479
40462
40478
40477
40476
40485
40492
40508
40509
40517
40507
40506
40505
40504
40503
40502
40501
35915
40500
40499
40498
40516
40515
40514
40496
40497
40489
46382
46028
41315
46011
46381
46003
41314
46027
46044
41317
46053
46045
46046
46054
46072
46081
46383
46384
46090
46098
46097
46106
46107
46108
46099
46385
46386
46387
46117
46116
46115
46124
46123
46114
46105
46096
46087
46078
46079
46088
46089
46080
46071
46070
46069
46052
46042
46025
46043
46026
46010
46002
45993
45984
45976
45967
45958
45948
41312
45947
45957
45966
45975
45983
45992
46001
46009
46024
46023
46040
46041
46051
46068
46067
46077
46086
46095
46104
46113
46122
46131
46140
46141
46132
46133
46142
46143
46134
46125
46126
46388
46389
46135
46144
46390
40579
35607
40587
35608
40595
40596
40597
40589
40588
40580
40581
40573
40565
40564
40572
35606
40571
35605
40563
35604
40555
35603
40547
35602
40539
35601
40521
40522
40540
40548
40556
40557
40549
40541
40523
40524
40525
40526
40527
40528
40529
40530
40531
40532
40533
40534
40542
40550
40558
40566
40574
40582
40590
40598
40591
40599
40600
40601
40602
40840
40839
40594
40593
40592
40584
40583
40575
40567
40559
40560
40569
40568
40576
40577
40585
40586
40838
40837
40578
40570
40836
40835
40562
40561
40553
40554
40834
40833
40546
40538
40520
40513
40495
40832
40831
40488
40481
40464
40830
40456
40829
40828
40449
40441
40827
40826
40433
40432
40424
40416
40415
40407
40398
40408
40399
40400
40823
40824
40409
40417
40425
40825
34988
34971
34954
34937
34928
34911
34912
34929
34930
34939
34938
34955
34956
34957
34940
34941
34932
34931
34914
34897
34915
34916
34898
34899
34917
30747
34918
34900
34901
34919
34920
34921
34902
34903
34904
34889
34890
34891
34907
34906
34905
34922
34933
34949
34948
34965
34982
34981
34964
34947
34946
34945
34944
34943
34942
34959
34958
34974
34973
34972
34989
30749
35005
30467
35010
35011
35027
35032
30468
35026
30469
35031
30470
35036
35037
30751
35041
35046
30471
35045
30472
35050
30473
35055
35051
35056
35060
35061
35062
35063
35064
35081
35080
35079
35097
35096
35078
35077
35059
35076
35094
35095
35113
35112
30474
35130
30475
35135
30476
35140
30477
35145
30478
35150
30479
35155
30480
35160
30481
35165
35166
35161
35156
35151
35146
35141
35136
35131
35114
35115
35098
35116
35117
35099
35100
35082
35065
35066
35067
35083
35101
35118
35119
35120
35121
35122
35123
35105
35104
35103
35102
35084
35085
35068
35069
35086
35087
35070
35071
35072
35089
35088
35106
35124
35125
35107
35108
35090
35091
35074
35075
35058
35053
35049
35048
30752
35073
35057
35052
35047
35042
35043
35044
35040
35403
35402
35401
35025
35400
35399
34987
34970
34953
35398
35397
34936
34927
34926
34935
30748
34952
34969
34968
34967
34984
34985
34986
35004
35009
35024
35008
35003
35002
35007
35023
35029
35030
35035
35034
35039
35038
35033
35028
35022
35021
35020
35019
35018
35017
35016
35015
35014
35013
35012
30750
35006
34990
34991
34992
34975
34976
34993
34994
34995
34996
34979
34978
34977
34960
34961
34962
34963
34980
34997
34998
34999
35000
35001
34983
34966
34950
34951
34934
34923
34924
34925
34908
34909
34892
34882
34883
34867
34866
34865
34881
34880
34864
34848
34831
34818
34805
34793
34794
34806
34819
34832
30745
34849
34850
35395
34833
34820
35394
34807
34795
35393
34783
34782
34766
34767
35392
35391
34756
34745
35390
35389
34734
34733
34732
34743
34744
34755
34754
34765
34781
34780
34779
34778
34777
34790
34791
34792
34804
30742
34817
34816
30744
34830
34847
34846
34829
34815
34803
34802
34814
34828
34845
34861
34862
34863
34879
34878
34877
34876
34875
34859
34860
34844
34843
34842
34841
34857
34858
34874
34873
30746
34856
34840
34827
34813
34801
34800
34812
34826
34839
34838
34854
34871
34855
34872
34888
34887
34886
34870
34853
34837
34836
34823
34824
34825
34811
30743
34799
34787
34786
34785
34769
34770
34759
34758
34757
30461
34768
30462
34784
30463
34796
34797
34798
34810
34822
34809
34808
30464
34821
34834
34835
34852
34869
34885
34896
34913
34895
34894
34884
30466
34868
30465
34851
40327
40326
40318
40319
40302
40818
40817
40293
40301
40292
40283
35902
40273
35901
40256
35900
35898
40247
40238
35896
40228
40227
40237
40236
40226
40216
40217
40218
40208
35893
40209
40219
40229
40230
40239
40248
40257
40274
40284
40275
40816
40258
40249
40240
40231
40815
40814
40221
40220
40210
40211
40813
40194
40193
40181
35890
40171
40170
40155
35885
40138
35886
40139
40123
40107
40812
40811
40090
40078
40077
40065
40066
40050
35877
40034
40033
40032
40020
40019
40031
35876
40048
40049
40064
40063
40062
40061
40073
40074
40075
40076
40089
40106
40122
40121
40105
35882
40088
40087
40086
40104
40120
40137
35884
40119
35883
40103
40102
40085
40084
40099
40100
40101
40118
40134
40135
40136
40153
40154
40169
40168
40167
40180
40192
40191
40179
40190
40207
40206
40189
35892
40178
40164
40165
40166
40152
40151
40150
40149
40148
40132
40133
40117
40116
40115
40131
40147
40146
40160
35889
40177
40161
40162
40163
35891
40205
40204
40203
40202
40201
40188
40187
40200
35894
35895
35897
35899
40263
40264
40265
40266
40267
40268
40269
40270
40254
40245
40246
40255
40272
40271
40280
40289
40290
40281
40282
40291
40300
40299
40315
40324
40333
40334
40325
40316
40317
35905
40335
40345
40346
40336
40337
40819
40820
40347
40364
40821
40822
40374
40391
40390
40389
40372
40373
40363
40362
40361
35908
40344
40343
40342
40332
40323
40314
40298
40313
40312
40311
40310
40309
40308
40307
40306
35906
35907
40352
40353
40354
40355
40356
40357
40358
40359
40360
40370
40386
40385
40384
40383
40382
40381
40380
40379
35909
40369
40368
40378
40395
40404
40412
40421
40420
40411
40403
40394
40377
40393
40376
40366
40367
40349
40340
40350
40351
40341
40331
40330
40329
40339
40338
40328
40320
40303
35589
40294
35588
40285
35587
40276
35586
40259
40260
40277
40286
40295
35903
40304
35904
40321
40322
40305
40297
40296
40287
40278
40288
40279
40262
40261
40252
40253
40244
40243
40234
40235
40225
40215
40224
40214
40197
40196
40213
40223
40233
40242
40251
40250
40241
40232
40222
40212
35585
40195
40182
40183
40184
40174
40173
40172
40156
40140
40124
40108
40109
40125
40126
40141
40142
35887
40157
40175
40185
40198
40199
40186
40176
40159
40145
40144
40158
35888
40143
40127
40128
40129
40130
40114
40097
40098
40083
40071
40055
40041
40040
40054
35879
40039
40038
40053
40069
35881
40070
40082
40095
40096
40113
40112
40111
40110
40094
40093
40081
40080
40092
40091
40079
40067
35584
40051
40068
40052
35878
40037
40036
40035
40023
40007
39990
35583
39980
39981
35872
39991
40010
40009
40008
40024
40025
40026
40027
40028
40012
40011
39993
39992
39983
39982
39965
39964
39963
39954
39946
39947
39948
35868
39955
39956
39966
39967
39957
39968
35870
39984
39994
39995
39969
39970
39971
39972
39973
39974
39975
39985
40001
40000
40016
35875
40015
39999
39998
40014
40013
39997
39996
35873
35874
40029
40043
40042
40056
40057
40058
40044
40045
40059
35880
40072
40060
40046
40047
40030
40018
40017
40002
40003
40004
39986
35871
39976
39977
39978
39987
40005
40021
40022
40006
39989
39988
39979
40810
39962
39953
39945
39952
39961
39960
39959
35869
39958
39950
39941
39940
39923
39922
39939
39938
39937
39921
39920
39919
39936
39935
39934
39949
35866
39933
35865
39917
39916
39932
39931
39930
35582
39914
39915
39905
39904
35581
39894
35580
39877
35579
39866
35578
39848
39832
39821
39805
39795
35577
39778
35576
39767
35575
39768
39779
39796
39806
39822
39833
39849
39867
39878
39895
39906
39896
39879
39868
39850
39851
39834
39823
39824
39825
35860
39835
35861
39836
39837
39838
39839
39857
39856
39855
39854
39853
39852
39870
39869
35863
39880
39897
39907
35864
39918
39881
39882
39883
39884
39885
39886
39887
39888
39889
39872
39871
39860
39861
39862
39863
39864
39845
39844
39843
39842
39827
39828
39829
39817
39816
39815
39800
39801
39802
39803
39818
39830
39831
39846
39847
39865
39876
39875
39874
39873
39890
39900
39899
39898
39908
39924
39925
39909
39910
39911
39912
39927
39926
39942
35867
39951
39943
39944
39928
39929
39913
40809
39903
39902
39901
39891
39892
39893
40808
34440
34457
34474
30451
34490
34496
34491
34492
34475
34476
34477
34460
34459
34458
34441
34442
34443
34444
34445
34446
34463
34462
34461
34478
34479
34480
30722
34499
34508
34507
34498
34497
34506
34522
34505
30452
34521
34529
30453
34545
34554
30454
34569
30455
34579
30456
34589
34599
30457
34580
34570
34555
34571
34581
34591
34590
34600
34601
34612
34611
34625
34636
30734
34652
34635
34624
34610
34609
34623
34634
30458
34651
30459
34668
34679
34680
34669
34670
34681
34682
34671
34672
34683
34701
34700
34699
34698
34697
34708
30460
34724
34735
34746
34747
34736
34725
34709
34710
34726
34737
34738
30739
34748
34749
30740
34760
34771
34772
34788
34789
34773
30741
34761
34750
34739
34728
34727
34711
34712
30738
34774
34775
34776
34762
34751
34740
34741
34752
34763
34764
34753
34742
34731
34730
34729
34719
34718
34717
34716
34715
34714
34713
34684
34685
30735
34686
34687
34688
34689
34690
34702
34703
34720
34721
34704
34692
34693
30736
34705
30737
34722
34723
34707
34696
34678
35388
34667
35387
34633
30731
34608
35386
34598
35385
35384
34588
34587
34577
34578
35383
34568
34553
34544
35382
34528
34543
34527
34519
34520
34504
34495
35381
34489
34473
35380
35379
34456
34455
30720
34472
34488
34487
34494
34503
34502
34518
30725
30726
34542
30727
34552
34567
34566
34565
34551
34541
34550
34563
34564
34576
34586
34596
34575
34574
34584
34585
34595
34594
34604
34621
34605
34606
30730
34597
34607
34622
34632
34650
34666
34677
34695
34706
34694
34665
34664
34648
34649
34631
34630
30733
34629
34646
34662
34647
34663
34676
34691
34675
34674
34661
34660
34659
34658
34642
34643
34644
34645
34628
34620
34619
34618
34617
34616
34615
34614
34627
34639
34640
34641
34657
34656
34655
34673
34654
34653
34637
34638
34626
30732
34613
34603
34602
34592
34593
34583
34582
34572
34573
34556
30728
34548
34533
34532
34531
34547
34546
34530
34523
34524
34509
34510
34511
34512
34513
34514
34515
34539
34538
34537
34536
34535
34534
30729
34557
34558
34559
34560
34561
34562
34549
34540
34525
34526
30724
34516
34517
34501
34500
30723
34493
34485
34484
34483
34467
34468
34469
34470
30721
34486
34471
34454
30719
34437
34436
30718
34429
34430
34438
34439
35378
34431
34415
34399
34391
35377
35376
35375
34377
34376
34383
34384
34390
34398
34414
30717
34397
34396
34389
34382
34375
34368
34361
34355
34348
34341
34335
34329
34321
34305
34290
34304
34320
34319
34328
34334
34340
34347
34354
34360
34367
34374
34381
34388
30716
34395
34413
34412
34411
34410
34426
34427
34428
34435
34453
34452
34451
34450
34449
34466
34465
34482
34481
34464
34447
34448
34424
34425
34409
34408
34407
34423
34422
34406
34405
34421
34420
34419
34418
34434
34433
34432
30450
34416
34400
34401
34417
34402
34403
34404
30715
34387
34380
34373
34372
34379
30714
34386
34394
34393
34392
34385
34378
30449
34371
30448
34364
30447
30713
34358
34365
34366
34359
34353
34352
34345
34346
34339
34333
34327
34312
34311
34294
34286
34285
34276
34277
34268
30705
34261
30703
34253
30701
34244
30700
34235
30699
34226
34217
34208
30697
34200
34199
30439
34198
34207
34216
34215
30440
34225
34234
34243
34252
34260
34267
30441
34275
30442
34284
30443
34292
34293
34310
30710
34325
34326
30711
34332
34338
34351
30446
34344
30445
34337
30444
34331
34309
40799
35852
35851
39669
39652
40798
40797
40796
39607
40795
40794
39596
39595
39606
39624
39641
39651
39650
39640
39623
39605
39594
39593
39583
39582
39591
39581
39580
39590
39617
39616
39633
39634
39635
39618
39619
39636
39646
39647
39637
39620
39601
39602
39603
39592
39604
39622
39621
39638
39639
39649
39648
39665
39666
39678
39679
39667
39668
39680
39691
39702
39712
39711
39701
39690
39689
39700
39710
39709
39699
39688
39677
39687
39686
39675
39676
39664
39663
39662
39661
39660
39659
39658
39657
39645
39656
39674
39685
39696
39706
39717
39728
39739
39750
39760
39771
39782
39798
39783
39784
39785
39786
39787
39772
39773
39762
39761
39751
39752
39753
39754
39742
39731
39730
39741
39740
39729
39718
39707
39697
39698
39708
39719
39720
39721
39732
39743
39744
39745
39734
39733
39722
39723
40800
40801
40802
40803
40804
40805
40806
39794
40807
39820
35859
39819
39804
39793
39792
39775
39776
39777
39766
39756
39755
39765
39764
39763
39774
39791
39790
39789
39788
39799
39814
39826
39841
39859
35862
39858
39840
39813
39812
39811
39810
35858
39809
39808
35857
39807
35856
39797
39781
39780
35855
39769
39758
39770
39759
39749
39738
39727
39726
39725
39736
39737
39748
39757
35854
39747
39746
35574
39735
35573
39724
35572
39713
35571
39714
39715
39716
39705
39695
39694
39704
39703
35853
39693
39682
39671
39672
39683
39684
39673
39655
35850
39654
39643
39644
39629
39630
39631
39632
39615
39614
39613
39612
39611
39628
39627
39626
39625
35566
39642
35567
39653
35568
39670
35569
39681
35570
39692
46335
45231
45248
46336
45258
45257
45267
45268
46337
46338
45278
45287
46339
46340
45297
45286
45277
45285
45284
45275
45276
45266
45265
45255
45256
45246
45247
45230
45229
45219
45220
45221
45204
45194
45193
45203
45202
45192
45191
45201
41280
41278
45181
45182
45166
45167
45183
45184
45168
45156
45155
45154
45165
41275
45152
45153
45136
45137
45138
45139
46334
45127
45126
45109
45110
45095
45094
45093
45077
45068
45059
45069
45078
45079
45070
46333
45061
45060
45043
45042
45041
45040
45057
45056
45055
45066
45075
45090
45089
45088
45101
45100
45117
45118
45119
45120
45102
45103
45104
45121
45122
45105
45106
45091
41271
41270
45058
45067
45076
45092
45107
45108
45125
45124
45123
45135
45134
45151
45150
45149
45148
45147
45146
45145
45144
45132
45131
41274
45143
45161
45173
41277
45188
45172
45160
45159
45158
45170
45171
45187
45186
45196
45197
45207
45223
45224
41283
45225
45235
45236
45252
45262
45272
45281
45291
45271
45261
45251
45234
45250
45260
45270
41284
45279
45280
45290
41285
45300
41286
45326
45317
45301
45302
45292
45282
45273
45263
45253
45237
45226
45210
45209
45208
41281
45198
41279
45199
45189
45174
41276
45162
45163
45175
45176
45177
45178
45179
45164
45180
45190
45200
45215
45214
45213
45212
45211
45238
45239
45240
45241
45242
45243
45227
45216
45217
45218
45228
45245
45244
45254
45264
45274
45283
45293
45309
45310
45311
45294
45295
45296
45313
45314
46341
45323
45337
45355
45373
45391
45400
46342
46343
45409
45408
45407
45416
45415
45424
45433
45434
45425
45417
45418
46344
46345
45427
45426
45435
45436
46346
45453
45462
46347
46348
45471
45479
41289
45470
45461
45452
45451
45460
45459
45450
45449
45432
45423
45414
45405
45396
45406
45397
45398
45399
45390
45372
45371
45389
45388
45370
45352
45353
45354
45336
45335
45321
45322
45312
45320
45334
45333
45332
45350
45351
45369
45387
45386
45368
45367
45349
45331
45319
45308
45307
45306
45305
45304
45303
45318
41287
45327
45328
45346
45347
45329
45330
45348
45366
45385
45384
45383
45365
45364
45382
45381
45380
45379
45361
45362
45363
45345
45344
45343
45342
45341
45359
45360
45378
45377
45376
45394
45395
45404
45413
45422
45431
45439
45438
41288
45429
45430
45421
45420
45411
45412
45403
45402
45393
45375
45357
45358
45340
45339
45325
45316
40955
45315
45324
45338
45356
45374
40956
45392
40957
45401
40958
45410
40959
45419
40960
45428
40961
45437
40962
45454
40963
45463
40964
45472
40965
45480
40966
45497
45498
45515
45499
45481
41290
45473
45464
45455
45456
45465
45474
45482
41291
45500
45517
45516
45533
45550
45559
45560
45576
45586
45585
45584
45583
45601
45609
45608
45600
45599
45582
45575
45574
45558
45549
45532
45548
45547
40967
45530
45531
45514
45513
50591
46828
51345
51346
51347
50662
50661
50669
50668
50660
50667
50675
50676
50677
50670
46833
46834
51348
46835
50700
50716
50717
50726
50725
50740
50724
50715
50714
50698
50699
50693
50692
50691
50690
50689
50688
50687
50686
50685
50684
50683
50650
50651
50635
50636
50652
50653
50654
50638
50637
50620
50619
50602
50603
50604
50605
50621
50622
50623
50606
50607
50624
50640
50639
50655
50656
50657
50658
50659
50643
50642
50626
50641
50625
50608
50609
50610
50611
46830
50627
50644
50645
50628
50612
50596
50590
50589
50595
50588
50587
50586
50585
50584
50583
50582
50581
50580
50579
50601
50600
50599
50594
50593
50576
50577
50578
46826
50559
50553
50558
50552
50546
50547
50530
50531
50532
50533
50534
50535
50536
50537
50538
50539
50540
50541
50525
50519
50520
50514
50513
50512
50511
50510
50509
50508
50507
50506
50505
50504
50503
50502
50495
46823
50478
50477
50472
50471
50476
50494
50499
50500
50501
50518
50524
46527
50517
46528
50523
50529
46529
50545
46530
50551
46531
50557
46532
50563
50564
50565
50571
46827
50570
50569
46533
50575
46534
50592
46535
50597
50613
50629
46536
50646
50663
46537
50671
50672
50673
50665
50664
50647
50648
50649
50632
50631
50630
50614
46829
50598
50615
50616
50617
50618
50634
50633
46831
46832
50666
50674
50682
50697
46836
50704
50705
50706
50707
50708
50709
50710
50711
50712
50713
46837
50723
50739
50738
50737
50736
50735
50751
50750
50734
50733
50749
50748
50732
50731
46838
50747
46841
50746
46840
50745
50744
46839
50728
50729
50730
50722
50721
50720
50703
50696
50681
50680
50679
50678
46538
50694
46539
50701
50695
50702
50719
46540
50718
50727
50743
50759
50768
46541
50775
46542
50791
50808
50814
46543
50830
50838
46544
50846
56247
56231
56912
56214
56198
51836
56181
56911
56910
56166
56150
56134
56118
56117
56104
56086
56085
56103
56102
56116
56132
56133
56149
51834
56148
56147
56131
56115
56100
56101
56083
56084
56070
51825
56071
56057
51823
56041
56056
56055
56069
56082
51827
56067
56068
56054
56053
56038
56039
56040
56025
56010
51821
56026
51822
56042
56027
56012
56011
55997
56909
55980
55963
56908
56907
55931
55947
55962
55979
55996
51820
55995
55994
55993
56009
56024
56023
56008
55992
51819
55975
55958
55942
55941
55926
55927
55912
55911
55896
55897
55898
55913
55928
55914
55929
55944
55943
55960
55959
55976
55977
55978
55961
55945
55946
55930
51817
51815
55915
55916
55901
55886
56906
55870
55855
55841
55826
55840
55825
51805
55810
55797
55782
55781
55796
55780
55764
55765
55766
55748
55747
55746
55732
55720
55721
55733
55734
56905
56904
55694
51798
55683
55682
55693
55704
55703
55719
55731
55730
55744
55745
55763
55779
55795
55794
55778
55762
55761
55743
55729
55728
55716
55715
55714
51800
55727
51802
55742
55760
55759
55758
55741
55713
55712
55711
51799
51801
55755
55754
55753
51803
55771
55787
55802
51806
55815
51807
55816
55817
55818
55819
55820
55805
55804
55803
55790
55789
55788
51804
55772
55773
55756
55757
55774
55775
55791
55776
55777
55792
55793
55806
55807
55822
55821
55837
55838
55839
55823
55808
55809
55824
51808
51810
55854
55869
55885
55900
51813
55899
55884
55868
55853
55852
55851
55850
55836
55835
55834
55848
55849
55864
55865
55866
55867
55883
55882
55881
55880
55879
55863
55862
51811
51809
55833
55832
55831
55830
55829
55812
55799
55784
55768
55769
55785
55800
55813
55814
55801
55786
55770
55752
55751
55737
55738
55739
55740
55726
55710
55709
55708
55698
55697
55707
55725
55724
55723
55706
55696
55695
51532
55684
55685
55686
55674
55673
55672
51531
55661
51796
55650
55649
51530
55637
51529
55625
51528
55609
55584
55572
55560
55548
55535
55521
51527
55507
51526
55494
51525
55481
51524
55465
51523
55455
51522
55445
51521
55434
51520
55418
55403
55419
55420
55435
55446
55456
55466
55482
55495
55508
55509
55496
55483
55484
55467
51780
55457
55458
55468
55485
55498
55497
55510
55511
55486
55499
55512
55526
55525
55524
55523
55522
51783
55536
51785
55549
51787
55561
51789
55573
51791
55585
55586
55598
55597
51793
55596
55610
55626
55638
55639
55627
55611
55612
55628
55640
55652
55651
55662
55663
55675
55687
55676
55677
51797
55688
55699
55700
55689
55678
55666
55655
55643
55631
55630
55642
55654
55665
55664
55653
55641
55629
55613
55599
55587
55588
55576
55564
55552
55563
55575
55574
55562
55550
55537
55551
55538
55539
55540
55553
55565
55577
55589
55601
55600
55614
55615
55616
55617
55618
55619
55620
55632
55644
55656
55667
55679
55690
55701
55717
55718
55702
55691
55692
55680
55681
55670
55659
55658
55669
55668
55657
55645
55633
55634
55646
55647
55635
55623
55622
55621
51794
55604
55603
55602
55590
55578
55566
55554
51786
55541
55527
55542
55555
55567
55568
55580
55579
55591
55592
55605
55593
55581
55569
55570
55582
55583
55595
55594
55606
55607
55624
55636
55648
55660
55671
56903
56902
56901
56900
56899
51795
55608
56898
51792
51790
51788
55571
55559
55558
55546
55545
55557
55556
55544
55543
55529
55528
55514
55513
55500
55501
55515
55530
55531
55517
55516
55503
55502
55488
55487
51781
55473
55472
55471
55470
55469
55459
55449
55448
55447
55436
55422
55423
55437
55438
55425
55424
55408
55407
55406
55405
55421
55404
55395
51774
55384
51772
55373
55394
55383
55372
51519
55355
55340
51518
55322
55304
55288
55277
51517
55260
51516
55244
55234
51515
55224
51514
55214
51513
55204
51512
55205
55206
55217
55207
51765
55196
55195
55186
55176
55166
55156
55146
55136
55125
55113
55102
55091
55080
55063
55045
55046
51759
55064
55081
55092
55103
55093
55094
55106
55105
55104
55115
55114
55127
55126
55137
55157
55147
55138
51763
55128
51761
55116
55117
55129
55139
55148
55158
55168
55167
55177
55178
55188
55187
55197
55198
55208
55218
55228
55227
55237
55238
55251
55252
55267
55266
55280
55265
55250
55249
55264
55279
55293
55294
55295
55296
55297
55313
55314
55315
55316
55317
55335
55336
55318
55300
55299
55298
51770
55282
55281
55268
55253
55269
55254
55239
55229
55219
55209
55199
55189
55179
55169
55159
55149
55140
55130
55118
55107
55096
55085
55072
55073
55074
55057
55058
55040
55039
55038
55056
55055
55054
55071
55070
55053
55052
55051
55050
55067
55068
55069
55084
55095
55083
55082
55065
55066
55049
55036
51757
55019
55020
55021
55022
55023
51758
55037
55024
55025
55008
55007
55006
55005
55004
55003
55002
54992
54983
54974
54965
54957
54948
54939
54924
54923
54938
54922
54921
54937
54946
54947
54956
54955
54963
54964
54973
54982
54972
51754
54981
54990
54991
55000
55001
55018
55017
55035
55048
55047
55034
55033
55032
55014
55015
55016
54999
54998
54989
54980
54971
51500
54970
54979
51501
54987
54988
54997
54996
55013
55031
55044
51502
55062
51503
55079
51504
55090
51505
55101
51506
55112
55124
55135
51507
55145
51508
55155
51509
55165
51510
55175
55185
51511
55194
62474
62473
62472
61187
61186
61185
61184
61195
61194
61182
61181
61180
61179
61178
61193
61177
61166
61165
61154
61143
61155
61144
61126
61125
61124
61142
61153
61152
61163
61162
61151
61150
61139
61140
61141
61123
61122
57324
61104
61103
57081
61121
57082
61138
57083
61149
57084
61160
61161
61171
61188
61189
61172
61173
61174
61164
61175
61176
61192
61191
57328
61190
61200
61201
61215
61223
57332
61231
61224
61216
61202
61203
61204
61205
61206
61207
61208
61217
61225
61238
61237
61236
61235
61234
61233
61232
61246
61252
61251
57336
57337
57335
57333
61245
61230
57331
57330
61222
61214
57329
61199
61198
61197
61213
61221
61229
61244
61250
61264
61271
61272
61273
61291
61290
61289
68129
66730
66712
66694
66678
68128
68127
66668
66652
68126
68125
68124
66618
66608
68123
68122
66598
66597
66607
66617
66616
66606
66596
66578
66579
66568
66567
66550
66539
66538
66549
66548
66564
66563
66562
66561
62954
66560
66559
66547
66536
66511
66510
66525
66524
66535
66546
66558
66575
66557
66556
66573
66574
66586
66585
66602
66612
66611
66610
66620
66621
66622
66623
66613
66603
66587
66588
66589
66590
66591
66592
66593
66576
66565
66566
66577
62955
66594
66595
66605
66615
66604
66614
66631
66632
66649
66648
66664
66665
66675
62959
66691
62960
66692
66676
66666
62958
66650
62957
66633
62956
66634
66635
66651
66667
66677
66693
66711
66710
66728
66729
66742
66753
68130
66765
66764
66777
66778
68131
68132
66792
66806
68133
68134
66820
66819
66833
66834
68135
68136
66848
68137
66862
66861
66847
66832
66831
66830
66829
66843
66842
66828
66814
66815
66816
66802
66803
66817
66818
66804
66805
66791
66776
66790
66789
66775
66762
66763
66751
66752
66741
66740
66739
66750
66738
66726
66727
66709
66708
66707
66706
66724
66725
66737
66736
62963
66748
66749
66761
66760
66759
66772
66773
66774
66788
66787
66801
66800
66786
62966
66799
66798
66785
66784
66783
66796
66797
66811
66810
66825
66826
66812
66813
62969
66827
62970
66841
62971
66855
62972
66869
66884
66899
66914
66915
66916
66917
66934
66933
66932
66931
62975
66947
62976
66959
62977
66975
66960
66961
66962
66963
66948
66935
62974
66936
66949
66964
66965
66950
66937
66920
66903
66888
66872
66871
66886
66887
66902
66919
66918
62973
66901
66900
66885
66870
66856
66857
66858
66844
66845
66846
66860
66859
66873
66874
66875
66876
68138
68139
66891
66890
66889
66904
66905
66906
68140
68141
66923
68142
68143
66953
66968
66980
66995
66979
66967
66952
66940
66939
66922
66921
66938
66951
66966
66978
66993
66994
67009
67010
68144
68145
67025
67042
68146
67058
67074
68147
68148
67090
67106
68149
68150
67122
67139
68151
67154
67170
67187
62984
67169
67153
67152
67151
67167
67168
67184
67201
67200
62983
67199
67216
67215
67229
67230
67241
67253
67265
62991
67278
67266
67254
67242
67243
67255
67267
67268
67280
67279
67291
67292
67293
67281
67269
67258
67246
67234
67233
67245
67257
67256
67244
67232
67231
67217
67218
67219
67202
67185
67186
67203
67220
67221
62986
62988
62990
68152
67271
67270
67282
67283
68153
68154
67295
67294
67306
67318
67307
62993
68155
62996
68156
67352
67364
68157
68158
67380
67397
68159
68160
67408
67423
68161
67433
67441
67449
63007
67474
67473
67456
67448
67447
67455
67454
67453
67470
67488
67471
67472
63008
67489
67505
63012
67511
67506
63009
67490
63010
68162
67513
67512
67518
67519
67535
67552
68163
68164
67561
67560
67551
63014
67534
63013
67550
67559
67558
67557
67549
67548
67547
67574
67575
67576
67586
67577
67578
68165
67587
67604
68166
68167
67621
67638
68168
68169
67655
68170
67672
67671
63021
67654
63020
67637
63019
67620
63018
67603
67602
63017
67585
67584
67601
67583
67573
67572
67571
67570
67569
67568
67567
67566
63016
67594
67593
67610
67611
67628
67645
67662
67663
67646
67647
67664
67665
67666
67649
67648
67631
67630
67629
67612
67595
67596
67613
67614
67597
67598
67599
67600
67617
67616
67615
67632
67633
67650
67667
67668
67651
67652
67635
67634
67618
67619
67636
67653
67670
67669
67677
67678
67697
67679
67680
68171
68172
68173
63024
67721
67714
67713
67696
67695
67712
67720
63025
67736
67737
67738
68174
67755
67772
67771
67754
67753
67770
67769
67752
67751
67750
67749
67733
67734
67735
67719
67711
67694
67693
67710
67709
67692
67691
67690
67689
67707
67708
67732
67748
67747
67731
67730
67746
67745
67762
67763
67764
67765
67766
67767
67768
67777
67785
67778
67786
67787
67779
67780
67781
68175
68176
67789
63031
67788
63030
67805
67812
68177
68178
68179
68180
68181
67819
67826
67832
67839
67846
67845
67851
67857
67852
68182
68183
67858
67876
67894
67893
67875
67874
67873
67892
67891
67909
67910
67911
67912
68184
68185
67926
67919
67918
67925
67932
67933
68186
68187
68188
68189
67954
67947
67940
67939
67946
67953
67960
67961
68190
68191
67968
67967
67966
67959
67952
67945
67938
67931
67924
67917
67908
67890
67872
67856
67850
67844
67837
63034
67838
67831
67830
67824
67817
67825
67818
67811
67804
67810
67803
67802
67801
67800
67799
67798
67797
67796
67795
67784
67794
67809
67816
67822
67815
67808
67793
67783
67775
67774
63028
67757
63027
67756
62737
67739
62736
67722
67723
63026
67740
67724
67716
63023
67700
67701
67684
67676
67685
67702
67718
67717
67725
67726
67742
67741
67758
67776
67759
67760
67761
67744
67743
67727
67728
67729
67706
67705
67688
67687
67704
67703
67686
63022
67661
67660
67659
67642
67641
67624
67625
67643
67644
67627
67626
67609
67608
67607
67606
67623
67640
67657
67658
67675
67674
67683
67682
67699
67715
67698
67681
67673
67656
67639
67622
67605
67588
67579
67580
67589
67590
67581
67591
67592
67582
67565
67564
67563
67562
67553
67554
67555
67556
67538
67539
67523
67516
67495
67496
67479
67480
67481
67497
67498
67482
67483
67484
67485
67486
67502
67501
67500
67499
67527
67526
67525
67524
67540
67541
63015
67542
67543
67544
67528
67529
67545
67546
67530
67531
67532
67533
67517
67510
67504
67503
67487
67469
67468
67467
67466
67465
67464
67463
67462
67461
67478
67494
67509
67508
63011
67515
67522
67521
67537
67536
67520
67514
67507
62735
67491
67475
67457
67458
67476
67492
67493
67477
67459
67460
67452
67444
67436
67427
63002
67412
67411
67410
63000
67399
67383
67382
67366
67367
67354
67342
62997
67331
62995
67320
67319
67330
67341
62732
67353
67365
67381
62733
67398
67409
67424
67425
67426
63003
67435
63005
67443
67451
67450
62734
67442
67434
73960
73358
73357
73349
73350
73959
73958
73957
68681
73300
73283
73956
73272
73282
73281
73280
73270
68676
68677
73271
73255
73256
73955
73954
73246
73245
68675
73228
73218
73217
73206
73196
73186
73174
73175
73176
73164
73165
73177
73188
73187
73197
73198
73207
73208
73219
73229
73953
73952
67308
67296
62731
67284
62730
67272
62729
67259
62728
67247
67235
67222
67204
67188
67205
67189
67190
67173
67174
67175
67159
67144
67143
67158
67157
67142
67125
67109
67110
67111
67126
67127
62981
67112
67113
67128
67146
67145
67160
62982
67176
67193
67192
67191
67206
62985
67223
67224
67207
67208
67209
67210
67194
67177
67178
67161
67162
67147
67180
67179
67195
67196
67212
67211
67227
62987
67239
67226
67225
67238
67250
67237
67236
62989
67248
67249
67261
67260
67273
67285
67297
62992
67309
62994
67321
67332
67343
67355
67368
67384
67400
67401
67385
67386
67370
67369
67356
67344
67333
67322
67311
67299
67310
67298
67286
67287
67275
67274
67262
67251
67263
67276
67288
67300
67312
67323
67334
67345
67357
67371
67387
67402
63001
67413
67414
67415
67416
67417
67418
67428
63004
63006
67445
67446
67437
67438
67439
67440
67432
67422
67407
67406
67395
67396
67379
67378
67377
67376
62999
67393
67394
67405
67420
67421
67431
67430
67429
67419
67404
67403
67392
67391
67390
67389
67388
67372
67373
67374
67358
62998
67375
67360
67359
67347
67348
67349
67338
67337
67326
67327
67339
67350
67361
67362
67363
67351
67340
67329
67328
67317
67305
67304
67316
67315
67303
67290
67302
67314
67325
67336
67346
67335
67324
67313
67301
67289
67277
67264
67252
67240
67228
67214
67213
67197
67198
67181
67163
67164
67165
67182
67183
67166
67150
67149
67148
67133
67134
67135
67118
67119
67120
67136
67137
67138
67121
67105
67089
67072
67073
67057
67041
67024
67023
67008
67007
67006
66991
66992
66977
66976
62978
62979
66990
67005
67004
67019
67018
67003
66989
66988
66987
67002
67017
62980
67032
67033
67034
67035
67051
67067
67068
67069
67053
67052
67036
67037
67020
67021
67022
67040
67056
67055
67039
67038
67054
67070
67071
67087
67088
67104
67103
67102
67086
67085
67084
67083
67099
67100
67101
67117
67116
67115
67132
67131
67130
67129
67114
67098
67082
67081
67097
67096
67095
67094
67093
67092
67108
67124
67141
67156
67172
67171
67155
62727
67140
62726
67123
62725
67107
62724
67091
62723
67075
62722
67076
67077
67061
67045
67046
67062
67078
67079
67080
67065
67066
67050
67049
67048
67064
67063
67047
67030
67031
67016
67001
67000
66984
66985
66986
66974
66973
66972
66971
66983
66982
66997
67012
67013
66998
66999
67015
67014
67029
67028
67027
67044
67060
67059
62721
67043
62720
67026
62719
67011
62718
66996
62717
66981
66969
66970
66955
66956
66943
66926
66927
66944
66957
66958
66945
66946
66929
66930
66913
66898
66883
66882
66868
66881
66880
66895
66896
66897
66912
66928
66911
66910
66909
66894
66879
66878
66893
66908
66925
66942
66954
66941
66924
66907
66892
62716
66877
62715
66863
66849
66850
66864
66865
66851
66852
66866
66867
66853
66854
66840
66839
66838
66837
66836
66835
66821
66822
66807
66793
66779
66780
66781
62967
66794
62968
66808
66823
66824
66809
66795
66782
66769
66757
66758
62965
66770
66771
62964
66747
62962
66735
62961
66718
66719
66720
66702
66721
66722
66723
66705
66690
66674
66689
66688
66704
66703
66687
66686
66685
66701
66700
66684
66683
66682
66698
66699
66717
66716
66734
66746
66745
66744
66755
66756
66768
66767
66766
66754
66743
66731
66713
66695
66679
66696
66714
66732
66733
66715
66697
66681
66680
66670
66669
62714
66653
66654
66655
66671
66672
66656
66657
66658
66673
66659
66660
66644
66661
66662
66663
66647
66630
66629
66646
66645
66628
66627
66626
66643
66642
66625
66624
66641
66640
66639
66638
66637
66636
66619
66609
62713
66599
62712
66582
66570
66553
66542
62711
66543
66554
66571
66583
66600
66601
66584
66572
66555
66544
66545
66534
66533
66532
66531
62710
66520
62709
66504
66505
66493
66494
66478
66462
66461
66477
66492
66476
66460
66448
66439
62708
66422
66440
66449
66450
66441
66423
66424
66416
66415
66414
66398
66397
62707
66413
72437
72436
72426
72427
72409
72408
72390
72391
73914
73913
73912
73911
73910
73909
73908
73907
66275
62697
66267
66258
62696
66249
62695
66233
62694
66223
62693
66214
62692
66206
66197
62691
66188
62690
66172
66158
66145
66132
66116
66103
66091
66092
66104
66117
66133
66146
66159
66173
66189
66198
66215
66216
66207
62930
66199
66190
66174
66160
66147
66134
66118
66119
66135
66148
66161
66162
66163
66176
66175
66191
66200
66208
66217
66226
66235
62934
66225
66224
66234
66250
66259
66268
66276
62698
66284
62699
66293
62700
66302
62701
66311
62702
66320
62703
66329
62704
66338
62705
66347
62706
66356
66357
66358
66367
66366
66365
66383
66384
66385
66386
66399
66400
66401
66387
66369
66368
66359
66350
66349
66348
66339
66330
66331
66340
66341
66332
66323
66314
66305
66296
66295
66304
66313
66322
66321
66312
66303
66294
66285
66286
66287
66277
66278
66269
62935
66260
66251
66236
66237
66227
66218
66209
66201
66192
66177
66178
66179
66164
66165
66180
66181
66166
66167
66182
66193
66202
66210
66219
66228
66241
66240
66239
66238
66252
66261
66270
66279
66288
66297
66306
66315
66324
66333
66342
66351
66360
66370
66388
66402
66417
66418
66427
66426
66425
66442
66451
66463
66479
66495
66506
66521
66522
66523
66507
66508
66509
66497
66496
62947
66480
62945
66464
62943
66452
62941
66443
66444
66453
62944
62946
66481
66465
66428
66429
66430
66431
66432
66433
66434
66435
66419
66409
66408
66407
66406
66405
66404
66403
62939
66389
66371
66372
66373
62937
66374
66375
62938
66390
66391
66392
66393
66379
66378
66377
66376
66361
66352
66343
66334
66325
66316
66307
66298
66289
66280
66271
66262
66253
66242
66243
66244
66245
66229
66220
66221
66212
66211
66203
66204
66195
66194
66183
66184
66185
66186
66196
66205
66213
66222
66232
66248
66257
68107
68108
66266
62936
66265
66274
66273
66264
66255
66256
66247
66231
66230
62933
66246
66254
66263
66272
66281
66290
66299
66308
66317
66326
66335
66344
66353
66362
66363
66380
66381
66395
66394
66410
66411
66421
66420
66436
66446
66457
66473
66474
66490
66502
66519
66518
62949
66501
66489
66488
66472
66471
66470
66455
66456
66445
66454
62942
66469
66468
66467
66466
66482
66483
66484
66512
66513
66514
62951
66515
66498
66485
66486
62948
66487
66499
66500
66517
66516
66526
66537
66527
66528
66529
66540
66551
66530
66541
66552
66569
66580
66581
68121
68120
62953
62952
62950
66503
66491
66475
66459
66458
66447
66437
62940
66438
68119
66412
66396
66382
66364
66355
66354
66345
66336
66327
66318
66309
66300
66291
66282
66283
66292
66301
66310
66319
66328
66337
66346
68118
68117
68116
68115
68114
68113
68112
68111
68110
68109
60907
57072
60917
57073
60927
57074
60937
57075
60947
57076
60957
57077
60967
60968
60978
60977
60995
61011
61021
61029
57078
61043
57079
61059
57080
61069
61085
61086
61087
61105
61106
61107
61108
61090
61089
61088
61071
61070
61060
61061
61062
57323
61072
61064
61063
61047
61046
61045
61044
61030
61022
61012
60996
60997
61013
61014
57318
61023
61031
61032
61024
60999
60998
60979
60969
60970
60980
60981
60971
60961
60951
60941
60931
60921
60911
60901
60891
60881
60871
60857
60856
60855
60870
60880
60890
60900
60910
60920
60919
60929
60930
60940
60950
60949
60960
60959
60958
60948
60938
60939
60928
60918
60909
60899
60889
60879
60878
60888
60898
60908
57071
60897
57070
60887
57069
60877
57068
60867
57067
60852
60853
60868
60869
60854
60836
60837
60838
60839
60840
60823
60822
60821
60820
60811
60796
60812
60797
60781
60780
57308
60748
60734
57304
60719
60718
60717
60702
60716
60701
60689
60678
60690
60691
60680
60679
60668
60669
60681
60670
60653
60639
60627
60617
60607
60606
60616
60626
60638
60637
60652
57297
60636
60635
60651
60634
60624
60625
60615
60605
60589
60590
60591
60592
60593
60594
60576
60575
60574
60573
60572
60571
60555
60556
60557
60548
60541
60534
60527
60528
60535
60542
60549
60558
60559
60560
60577
60595
60596
60578
60561
60562
60563
60564
60580
60579
60597
60608
60609
60618
60619
60629
60628
60644
60643
60642
60641
60640
60656
60657
60658
57300
60655
60654
57298
60671
60682
60693
60704
60692
57302
60703
60721
60720
60735
60736
60750
60749
60764
60765
60782
57310
60798
60813
60824
60841
60859
60858
60872
60882
60892
60902
60912
60922
60932
60942
60952
60962
60972
60985
60986
60987
61005
61004
61003
61002
60984
60983
60982
61000
61001
57316
61015
61025
57320
57321
61048
61033
61049
61050
61034
61035
61051
61052
61036
61053
61065
61066
61054
61038
61037
61026
61016
61007
61006
60988
60989
60990
60991
57315
57317
61017
61027
61039
61055
61056
57322
61067
61083
61100
61082
61081
61080
61079
61078
61077
61095
61113
61112
61094
61076
61075
61074
61073
61091
61109
61127
61110
61092
61093
61111
61128
61129
61130
61131
61114
61096
61097
61098
61099
61117
61118
61134
61146
61133
61116
61115
61132
61145
61156
61157
61167
61183
61168
57327
57326
61158
61169
61170
61159
61148
61147
57325
61135
61136
61137
61120
61119
61101
61102
61084
61068
61058
61042
61057
61041
61040
61028
57319
61020
61019
61018
61008
60992
60993
61009
61010
60994
60976
60966
60956
60946
62471
62470
62469
62468
62467
62466
62465
62464
62463
62462
62461
57314
60851
60850
60866
60876
60886
60896
60906
60916
60926
60936
60905
60895
60885
60884
60894
60904
60914
60915
60925
60935
60945
60955
60965
60975
60974
60973
60963
60964
60954
60953
60943
60933
60944
60934
60924
60923
60913
60903
60893
60883
60873
60874
60875
60865
60848
60849
60833
60834
57311
60808
60807
60806
60818
60832
60831
60817
60816
60830
60815
60829
60847
60864
60863
57313
60846
60845
60844
60862
60861
60860
60842
60825
60843
60826
60827
60828
60814
60802
60787
60788
60803
60804
60805
60790
60789
60772
60771
60770
60754
60753
60752
60767
60785
60768
60769
60786
60801
60800
60799
60784
60783
60766
60751
60737
60722
60723
60705
60706
60707
60724
60725
57305
60726
60708
60694
57301
60683
60695
60696
60710
60709
60727
60738
57306
60755
60756
60757
60773
60791
60774
60775
60792
60793
60776
60759
60743
60742
60758
57307
60741
60740
60739
60728
60729
60711
60697
60698
60712
60730
60713
57303
60714
60699
62460
60687
60665
57296
60632
60622
62459
62458
60612
60602
60586
60585
60601
60611
60621
60631
57294
57295
60647
60648
60664
60676
60675
60686
60685
60684
60674
60663
60662
60661
60673
60672
57299
60659
60660
60645
60646
60630
60620
60610
60598
57293
60581
60582
60583
60599
60600
60584
60567
60566
60565
60550
60543
60536
60529
60522
60515
60507
60506
60505
60504
60503
60502
60501
60514
60521
60520
60513
60499
60500
60483
60472
60484
60485
60486
60487
60488
60489
60490
60473
60491
60508
60516
60523
60530
60537
60544
57291
60551
57292
60568
62457
57290
57289
57288
62456
62455
62454
62453
62452
62451
60458
60467
60476
60475
60493
57287
60509
60492
60474
60465
60466
60457
60442
60434
57285
57284
60426
60425
57283
60408
57282
60391
57281
60374
57280
60357
57279
60341
60324
60315
60314
60323
60313
60295
60296
60297
60279
60269
60268
60278
57278
60267
60266
60277
60294
60293
60292
60310
60309
60291
60290
60308
60334
60335
60351
60350
60349
60366
60383
60384
60367
60368
60369
60352
60336
60337
60338
60311
60312
60322
60339
60340
60356
60355
60354
60353
60370
60387
60371
60372
60373
60390
60407
60424
60423
60406
60389
60388
60405
60404
60403
60386
60385
60402
60401
60400
60417
60418
60419
60420
60421
60422
60433
60441
60455
60456
60464
60454
60453
60452
60451
60450
60449
60448
60463
60462
60471
60482
60481
60498
60497
60480
60479
60470
60469
60478
60495
60496
60512
60511
60518
60519
60526
60525
60532
60533
60540
60539
60546
60547
60554
60553
60570
60569
60552
60545
57056
60538
57055
60531
57054
60524
57053
60517
57052
60510
57051
60494
60477
60468
57050
60460
60459
57049
60443
57048
60435
57047
60427
57046
60410
60411
60412
60395
60394
60393
60376
60377
60378
60379
60396
60413
60430
60429
60428
60436
60444
60461
60445
60437
60438
57286
60446
60447
60439
60440
60432
60431
60415
60416
60399
60382
60381
60398
60414
60397
60380
60364
60365
60348
60333
60332
60321
60331
60330
60329
60346
60347
60363
60362
60361
60345
60328
60327
60344
60360
60359
60343
60326
68098
65752
65764
68099
68100
65776
65775
65774
62886
65790
65791
65792
68101
68102
65804
65821
65837
65836
65849
65850
65864
62894
68103
65893
65892
65909
62898
65923
65924
65936
65953
65952
65963
65964
65981
65980
65996
62905
65979
65978
65977
65994
65995
66010
66026
62909
66043
62911
66044
66055
66056
66045
66029
66028
66027
66011
66012
66013
65997
60587
60588
60604
57057
60603
57058
60613
60614
57059
60623
60633
57060
60649
60650
60667
60666
60677
57061
60688
60700
60715
60731
60744
57062
60745
60732
60733
60746
60747
60763
60779
57309
60762
60761
60778
60795
60810
57312
60835
60819
57066
60809
57065
60794
57064
60777
57063
60760
62932
62931
62929
68106
66187
66171
62927
66157
66156
66155
66154
66170
66169
66153
66141
66142
62923
66129
66130
66114
66101
66143
66144
66131
66115
68105
66102
66090
68104
66078
66067
66066
62913
62915
66077
66089
66088
62918
66100
66113
66112
66128
66127
66111
66110
66126
66140
66139
62925
66152
62926
66168
62928
66151
66138
66124
66125
66109
66097
66086
66098
66099
66087
66076
66075
66064
66065
66054
66042
66025
66009
66008
66007
62907
66024
62908
66041
66053
66052
66063
66062
66073
66074
66085
66084
66096
66108
66123
66122
66121
62921
66137
66150
66149
62924
66136
62922
66120
62920
66107
62919
66095
62917
66083
62916
66072
62914
66061
66050
66034
66035
66019
66001
66002
66003
65989
65988
65987
65986
66000
66018
66017
66016
66032
66033
62910
66048
66049
66060
66059
66071
66082
66094
66106
66105
66093
66081
66080
66079
66068
66069
66070
66058
62912
66031
66047
66057
66046
66030
66014
66015
65998
65982
65983
65984
62906
65999
65985
65967
62903
65956
65957
65958
65968
65969
65959
65970
65971
65972
65990
66004
66005
66023
66022
66021
66020
66036
66037
66038
66039
66051
66040
66006
65992
65991
65973
65974
65975
65993
62904
65976
65960
65948
65947
65946
65945
65944
65943
62901
65930
65916
65915
65914
62899
65929
65942
65941
65940
65939
65938
65955
65966
65965
62689
65954
62688
65937
62687
65925
65926
65927
65928
65913
65912
65911
65895
65910
65894
65881
65865
65852
65866
65882
65883
65896
65897
65898
65885
65869
65868
65884
65867
65853
65839
62890
65824
65825
65807
65806
62888
65794
65793
62685
65805
65823
65822
65838
62686
65851
73889
71810
71796
68594
71782
71768
71783
73888
73887
71769
71754
68591
71753
71767
71781
71795
71794
71793
71779
71780
71766
71765
71764
71778
71777
71763
71762
71776
71790
71791
71792
71806
71805
71804
71819
71818
71833
71846
71860
71861
71878
71893
71908
71907
71921
71920
68604
71937
71938
71922
71923
71924
71925
71911
71895
71910
71909
71894
71879
71862
71848
71847
71834
71820
71821
71835
71836
71849
71863
71864
68598
71880
71896
71897
71881
71865
71851
71850
71837
71838
71824
71823
71822
71807
71808
71809
71825
71826
71839
73890
73891
71852
73892
71866
71882
68599
68601
71898
71913
68602
71912
71926
71927
71928
73893
71944
71959
71976
71977
71993
73894
72010
72027
73895
73896
72043
72042
72041
72025
68608
72026
72009
71992
72008
72007
68607
72006
72024
72039
72040
72056
72055
72073
72072
72054
72053
72052
72071
72087
72086
72085
72070
72069
72068
72067
72051
72037
72038
72023
72022
72005
71987
71988
71989
71990
71991
71975
71974
71956
71957
71958
71943
71942
71941
71940
71955
71973
71972
71954
71939
71953
71971
71970
71969
71952
71951
71950
71968
71985
71986
72003
72004
72021
72020
72002
72001
72000
71983
71984
71967
71966
68605
71936
71935
68603
71890
71891
71906
71892
68600
71877
71876
71875
71874
71873
71859
71858
71872
71888
71889
71905
71904
71903
71887
71886
71902
71917
71918
71919
71934
71933
71948
71949
71965
71964
71963
71979
68606
71961
71962
71946
71947
71932
71931
71916
71915
71930
71914
71929
71945
71960
68325
71978
71994
71995
71996
72012
72029
72011
68326
72028
72044
72059
68327
72076
72077
72060
72045
72046
72061
72062
72063
72080
72079
72078
72093
72092
68328
72091
68329
72106
68330
72121
72138
72139
72122
72107
72108
68610
72140
72141
68612
72154
72155
72142
72143
72125
72111
72110
72124
72123
72109
72094
72095
72096
72081
72064
72049
72033
72032
72048
72047
72031
72030
72013
72014
71997
71980
71981
71982
71999
71998
72015
72016
72034
72017
72018
72019
72036
72035
68609
72050
72066
72065
72082
72083
72084
72099
72098
72097
72112
72126
72113
72114
72128
72129
72130
72131
72146
72147
72148
72133
72132
72116
72115
72100
72101
72102
72117
72118
72134
72135
72136
72120
72119
72104
72103
72088
72089
72105
72090
72074
72075
72057
72058
73897
73898
73899
73900
73901
72137
73902
68613
72151
72164
72163
72150
72149
72162
72161
72160
72159
68614
72173
72187
72205
72218
72230
72231
72232
72220
72219
72206
72207
72189
72188
72174
72175
72176
72190
72191
72177
72178
73903
72192
72209
72208
68616
72221
68617
68618
68619
73904
73905
73906
72276
72275
72264
72265
72254
72243
72242
72253
72252
72241
72240
72229
72217
72204
72203
72202
72201
72200
72186
72185
72171
72172
72158
72145
72127
68611
72144
72157
72156
72170
72184
72169
72183
72182
72168
72167
72181
68615
72195
72196
72197
72198
72199
72215
72216
72228
72239
72238
72227
72226
72214
72213
72212
72225
72224
72235
72236
72237
72248
72247
72246
72257
72258
72269
72270
72259
72249
72250
72261
72260
72271
72282
72293
72294
72283
72272
72251
72262
72263
72274
72273
72284
72295
72306
72307
72308
72297
72296
72285
72286
72287
72298
72309
72320
72319
72318
72317
72328
72329
72330
72331
72342
72341
72340
72339
72350
72361
72373
72372
72386
72385
72384
72402
72420
72421
72433
72422
72403
72404
72405
72387
72388
72374
72363
72362
72351
72352
72353
72364
72375
72389
72407
72406
72425
72435
72434
72424
72423
68621
68622
72450
72466
72481
72492
72482
72483
72467
68623
72451
72452
72453
68624
73915
73916
73917
73918
68625
72527
73919
72538
72537
72510
72484
72493
72509
72508
72525
72526
72536
68628
72547
72548
72549
72565
72576
73920
72588
72604
73921
72615
72625
72624
72614
72603
72587
72575
72564
72563
68629
68631
72574
72586
72602
72613
72623
72641
72642
73922
72653
72652
72651
72640
72639
72622
72612
72621
68637
72610
72611
72600
72601
72585
72584
72573
72572
72583
72599
72598
72597
72596
72595
72594
68634
72582
72581
72593
72609
72608
72592
72580
72569
72570
72555
72554
72542
72543
72544
72556
72571
72557
72558
72559
72560
72561
72562
72545
72546
72535
72524
72507
72506
72491
72479
72480
72465
72464
72449
72448
72463
72478
72477
72462
72447
72446
72461
72460
72475
72476
72502
72503
72504
72505
72523
72534
72522
72521
72520
72519
72518
72501
72517
72533
72532
72531
72515
72516
72499
72500
72490
72474
72473
72459
72472
72489
72498
72488
72487
72486
72469
72455
72456
72470
72471
72457
72458
72442
72431
72414
72396
72380
72367
72368
72357
72358
72369
72381
72382
72398
72397
72415
72432
72443
72444
72445
72416
72417
72399
72400
72418
72419
72401
72383
68620
72371
72360
72349
72338
72327
72316
72305
72304
72315
72326
72337
72348
72359
72370
72347
72336
72325
72324
72323
72334
72335
72346
72345
72356
72355
72344
72333
72322
72311
72300
72301
72312
72313
72302
72314
72303
72292
72281
72280
72291
72290
72279
72268
72289
72278
72267
72256
72245
72234
72223
72211
72194
72180
72166
72153
72152
68331
72165
68332
72179
68333
72193
68334
72210
68335
72222
68336
72233
68337
72244
68338
72255
68339
72266
68340
72277
68341
72288
68342
72299
68343
72310
68344
72321
68345
72332
68346
72343
68347
72354
68348
72365
72366
72377
72376
72392
72410
68349
72428
72429
72411
72393
72394
72378
72379
72395
72413
72412
72430
72441
72440
72439
72438
72454
72468
68350
72485
72494
72495
72496
72497
72514
68626
72530
72541
72540
68627
72529
72513
72512
72511
72528
72539
72550
72551
72552
72553
68630
72568
68632
72579
68633
72591
68635
72607
68636
72618
72619
72620
72630
72631
72632
72633
72634
72635
72636
72637
72638
72649
72650
68639
72667
72677
68642
72687
72678
72668
72669
72670
73923
73924
72680
72679
72688
72689
68643
72716
72715
72698
72697
72714
72713
72731
72732
72749
72748
72747
72730
72729
72746
72763
72762
72745
72728
72727
72744
72761
72777
72760
72743
72742
72759
72776
72793
72794
72795
72778
72779
72796
72797
72780
72781
72764
72765
72766
72783
72784
72767
72750
72733
72734
73925
73926
73927
73928
72809
68645
72801
72808
72800
72799
72782
72798
72807
72815
72823
72838
72855
72854
72837
72836
72835
72852
72853
72871
72872
72873
72890
72891
72892
72907
72923
72932
72933
72924
72908
72893
72876
72859
72858
72875
72874
72857
72856
72839
72840
72841
72824
72816
72817
73929
73930
72825
68648
72842
73931
73932
73933
73934
72909
72925
68652
73935
72942
72951
73936
73937
72960
72959
72950
72941
72940
72949
72958
68655
72974
72982
72983
72975
72976
73938
73939
72984
72992
73940
72999
73007
73941
73942
73015
73014
73022
73021
73013
73005
73006
72998
72991
72997
72990
72989
68657
72996
73004
73012
73020
73028
73035
73043
73060
73044
73036
73029
73030
73031
73023
73943
73944
73945
73038
73037
73045
68660
73061
73062
73046
73946
73947
73948
73070
73949
73077
73093
73092
68662
73076
73069
73075
73068
73059
73058
73057
73056
73055
73054
73053
73052
73051
73042
73041
73033
73034
73027
73026
73018
73019
73011
73010
73002
73003
72995
72988
72981
72980
72965
72964
72963
72954
72953
72962
72978
72979
68656
72987
72994
73009
73017
73025
68659
73032
73024
68359
73016
68358
73008
68357
73000
68356
73001
72993
68658
72986
72985
72977
68355
72961
72952
68354
72943
72944
72945
72955
72946
68654
72937
72936
68653
72928
68651
68650
72912
72929
72930
72938
72947
72956
72966
72967
72968
72969
72970
72971
72972
72973
72957
72948
72939
72931
72921
72922
72906
72905
72904
72920
72919
72903
72889
72888
72887
72870
72869
72868
72851
72834
72833
72850
72849
72832
72831
72822
72821
72830
72847
72848
72865
72882
72883
72866
72867
72884
72885
72886
72901
72902
72918
72917
72916
72915
72900
72899
72898
72914
72913
72897
72896
68649
72880
72881
72864
72863
72879
72878
72895
72911
72927
72935
72934
72926
72910
72894
72877
72860
72843
72826
72827
72828
72845
72844
72861
72862
72846
72829
72820
68647
72812
68646
72813
72814
72806
72790
72791
72792
72775
72774
72773
72772
72754
72755
72756
72757
72758
72741
72724
72723
72740
72739
72722
72704
72703
72721
72738
72737
72720
72702
72701
72719
72718
72736
72752
72769
72753
72770
72771
72789
72805
72804
68644
72788
72787
72786
72803
72811
72819
72818
72810
72802
72785
72768
72751
72735
72717
72699
72700
72691
72690
68353
72681
72682
72692
72693
72694
72695
72705
72706
72707
72725
72726
72708
72709
72710
72711
72712
72696
72686
72676
72666
72665
72664
72663
72662
72661
72660
72659
72648
72647
72658
72674
72675
72685
72684
72683
68641
72673
68640
72657
72656
72645
72646
72629
72628
68638
72627
72644
72655
72672
72671
72654
72643
68352
72626
68351
72616
72617
72606
72605
72589
72590
72578
72567
72577
72566
79068
79067
79066
77915
77907
77899
77890
77891
74412
77862
79065
77852
77835
77818
77834
77817
77806
77805
74408
77788
77770
77753
77739
77725
77711
77712
77726
77740
77754
77771
77789
74409
77790
77772
77755
79064
79063
77741
77727
79062
79061
77713
77699
79060
79059
77685
77684
77698
77697
77683
77682
77668
77654
77640
77641
77642
77656
77655
77669
77670
77671
79058
79057
77657
77643
79056
77629
79055
79054
77615
77614
77628
77627
77613
77612
77626
77639
77625
77611
77598
77599
77600
77582
77581
77568
77554
77555
77569
77556
77570
77583
77584
74406
77601
79053
79052
79051
77571
77557
79050
79049
77543
77529
79048
79047
77515
77514
77528
77542
77527
77541
77540
77526
77511
77497
77483
77482
77496
77510
77524
77525
77539
77538
77552
77553
77567
77566
77579
77580
77597
77596
77595
77594
77593
77592
77609
77608
77622
77621
77607
77606
77589
77590
77591
77577
77576
77563
77549
77548
77534
77533
77532
77518
77517
77531
77545
77546
77547
77562
77561
74405
77574
77575
77588
77605
77619
77620
77634
77648
77635
77636
77650
77649
77663
77677
77691
77705
77719
77718
77704
77690
77676
77662
77661
77647
77646
77660
77675
77689
77703
77717
77731
77730
77729
77743
77757
77756
74187
77742
74186
77728
74185
77714
74184
77715
77716
77702
77688
77674
77673
77687
77701
77700
74183
77686
74182
77672
74181
77659
77658
74180
77644
74179
77630
74178
77616
74177
77602
74176
77585
77586
77603
77617
77631
77645
77632
77633
77618
77604
77587
77560
77559
77573
77572
77558
74175
77544
74174
77530
74173
77516
74172
77503
77502
74171
77488
74170
77474
74169
77461
77445
77430
77431
77446
77447
77432
77418
77417
77416
74168
77402
74167
77387
74166
77372
74165
77356
74164
77340
74163
77324
77306
77288
77289
77307
77308
77290
77291
77309
77310
77328
77327
77342
77326
77325
77341
77357
77373
77388
77403
77404
77389
77390
77375
77374
77358
77359
77343
77344
77360
77376
77377
77378
77393
77392
77391
77406
77405
77419
77433
77434
77449
77448
77464
77463
77462
77475
77476
77477
77478
77465
77479
77480
77494
77493
77492
77491
77490
77489
77504
77505
77519
77520
77506
77507
77508
77522
77521
77535
77536
77550
77564
77578
77565
77551
77537
77523
77509
77495
77481
77467
77466
74403
77451
77450
77435
77420
77407
77421
77436
77452
77437
77438
77423
77422
77408
77409
77394
77379
77363
77347
77346
77362
77361
77345
77330
77329
77311
77293
77312
77313
77331
77314
77332
77348
77364
77380
77395
77410
77424
74399
77453
77454
77455
77468
77469
77456
74401
77457
74404
77470
77484
77498
77512
77513
77499
77485
77471
77458
77442
77443
77459
77472
77486
77500
77501
79046
79045
77487
77473
77460
77444
77429
77428
77427
77413
77399
77384
77370
77385
77400
77414
77415
77401
79044
77386
77371
79043
79042
77355
77354
77353
77369
77368
77367
77382
77383
77398
74397
77397
77412
74398
77426
77441
74402
77440
74400
77439
77425
77411
77396
77381
74396
77366
77365
77349
77350
77351
77335
77336
77352
77337
77338
77339
77323
77305
77304
77322
77321
77320
77319
77301
77302
77303
77285
77286
77287
79041
77272
77271
77270
77253
77254
77255
79040
77241
77240
77239
77225
77211
77210
77224
77238
77252
77269
77284
77283
77300
77318
77334
77333
77317
77299
77298
77316
74395
77315
77297
77296
77295
77294
77279
77262
77248
77234
77220
77207
77235
77236
77250
77249
74392
77265
77264
77263
74393
74394
77280
77281
77266
77282
77267
77268
77251
74391
77237
77223
77222
74390
77221
77208
77194
77180
77166
77152
77137
77138
74388
77153
77139
77124
77125
77140
77154
77168
77167
77181
77182
77196
77195
74389
77209
77197
77198
77199
77212
77226
77227
77213
77200
79039
77186
79038
71827
71840
68323
71853
71867
71868
71884
71883
68324
71899
71900
71901
71885
71869
71855
71854
71841
71828
71829
71842
71843
71856
71870
71871
71857
71844
71831
71830
71815
71816
71832
71845
68597
68596
71817
68595
71803
71789
71775
71761
71746
71747
71733
71732
71715
71714
71713
71696
71697
71681
71680
71679
71695
71711
71712
71730
71731
71745
71760
71759
71744
71743
71758
68592
71772
68593
71786
71787
71773
71774
71788
71802
71801
71800
71814
71813
71799
71785
71798
71812
71811
71797
68322
71784
71770
71771
71756
71755
68321
71740
71726
68320
71709
68319
71692
68318
71676
71659
71642
68317
71625
68316
71609
71610
71592
71591
71575
71560
68315
71545
68314
71530
68313
71515
68312
71500
68311
71485
68310
71470
68309
71455
68308
71440
68307
79027
79026
79025
79024
79023
79022
74376
76829
79021
79020
76818
76828
76817
76816
76815
76826
76827
76844
76845
76856
76867
76878
76877
76866
76855
76854
76853
76843
76842
74375
76825
76814
76803
76792
76781
76770
76771
76762
76763
76747
76764
76773
76772
76783
76782
76793
76804
76805
76794
76806
76807
79019
79018
76796
76795
76784
76785
79017
79016
76774
76765
76748
79015
79014
76738
76737
76727
76728
79013
79012
76718
76708
79011
79010
76698
74371
76681
79009
79008
76673
76665
79007
79006
76657
76649
79005
74368
76627
76626
76640
76639
76638
76623
76622
74367
76621
74366
76605
76594
76579
76580
76569
76568
76578
76593
76592
76577
76567
76557
76547
76538
76528
76518
76508
76498
76488
76478
76468
76455
76456
76457
76458
76440
76439
76423
76422
76406
76395
76385
76374
76373
76372
76371
76370
76384
76394
76405
76404
76393
76383
76382
76392
76403
76415
76432
76414
76413
76402
76391
76381
76367
76366
76365
74111
76380
74112
76390
74113
76401
76412
76429
76430
76431
76448
76449
76450
76433
76416
76417
76418
76434
76435
76436
76419
76420
76421
76438
76437
76454
76453
76452
76451
76467
76477
76487
76486
76476
76466
76465
76475
76485
76495
76496
76497
76507
76517
76516
76506
76505
76515
76525
76526
76527
76537
76546
74363
76566
76576
76587
76588
76589
76590
76591
76604
76620
76637
76619
76618
76636
76635
76617
76616
76615
76603
74365
76586
76585
76584
76574
76575
76565
76556
76545
76536
76535
74362
76544
76555
76564
76554
76553
76563
76573
74364
76583
76601
76600
76611
76612
76602
76613
76614
76632
76633
76634
74369
76645
76653
76661
76669
76677
76676
74370
76668
76660
76652
76644
76643
76631
76630
76629
76642
76651
76659
76667
76675
76683
76682
74128
76699
74129
76709
74130
76719
74131
76729
74132
76739
76740
76730
76720
76721
76711
76710
76700
76701
76684
76685
76702
76712
76722
76723
76713
76703
76686
76687
76688
76689
76690
76691
76692
76693
76694
76678
76671
76670
76662
76654
76646
76647
76648
76656
76655
76663
76664
76672
76680
76679
76695
76704
76714
76724
76734
76735
76725
76715
76705
76696
76697
76706
76707
76717
76716
76726
76736
76746
76745
76744
76761
76760
76759
76758
76757
76756
76755
76754
76753
74373
76780
74374
76791
76802
76813
76824
76837
76838
76839
76840
76841
76852
76863
76864
76865
76876
76887
76888
76889
76900
76911
76921
76932
76933
76922
79028
79029
79030
79031
76973
76972
76955
76944
76943
76954
76971
76970
76953
76942
76941
76930
76931
76920
76919
76908
76909
76910
76899
76898
76897
76886
76875
76874
76885
76896
76907
76918
76929
76940
76951
76952
76969
76968
74377
76980
76981
76999
76998
76997
76996
76995
74378
77008
77009
77010
74379
77011
77012
77013
77001
77000
76982
76983
76984
77014
77025
77024
77023
77022
77034
77033
77045
77046
77047
77035
77036
77037
79032
79033
77049
77048
77064
77063
77075
77076
77065
77077
77090
79034
77103
77115
77114
77128
77129
79035
79036
77144
77143
77157
77158
79037
77172
77171
77185
77184
77183
77169
77170
77156
77155
77141
77142
77127
77126
77112
77113
77102
77089
77088
77101
77100
77099
77111
74386
77098
77110
77123
77122
77109
77097
77084
77071
74382
74384
77085
77086
77087
77074
77062
77061
77073
77072
77060
74380
77044
77032
77021
76992
76993
76994
76967
76966
76965
76964
76963
76962
76979
76991
77007
77020
77031
77043
77055
74381
77070
77056
77057
77058
77059
74383
77096
77108
74387
77121
77083
77082
77095
77107
77106
77094
77093
74385
77105
77118
77117
77131
77132
77146
77160
77147
77148
77133
77119
77120
77134
77135
77136
77151
77165
77150
77149
77162
77161
77175
77174
77188
77202
77215
77216
77203
77189
77176
77177
77163
77164
77178
77179
77193
77192
77191
77190
77204
77217
77231
77232
77218
77205
77206
77219
77233
77247
77246
77245
77259
77260
77261
77278
77277
77292
77276
77275
77274
77273
77256
77257
77258
77244
77230
77229
77243
77242
74162
77228
74161
77214
74160
77201
74159
77187
74158
77173
74157
77159
74156
77145
74155
77130
74154
77116
77104
77091
74153
77078
77066
77050
77051
77052
77068
77067
77079
77092
77080
77081
77069
77053
77054
77042
77030
77019
77018
77017
77016
77003
76986
76975
76976
76987
76988
77004
77005
77006
76989
76990
76978
76977
76959
76958
76957
76946
76935
76924
76913
76902
76903
76914
76925
76936
76947
76948
76937
76926
76915
76916
76927
76938
76949
76960
76961
76950
76939
76928
76917
76906
76895
76884
76873
76862
76851
76836
76835
76823
76812
76801
76800
76811
76822
76821
76832
76833
76834
76850
76861
76860
76849
76848
76859
76871
76872
76883
76894
76905
76904
76893
76882
76870
76881
76892
76891
76880
76869
76858
76847
76831
76820
76809
76810
76799
76798
76787
76788
76777
76778
76789
76790
76779
76769
76768
76751
76752
76742
74372
76743
76733
76732
76731
76741
76750
74133
76749
76766
76767
76776
76775
74134
76786
74135
76797
74136
76808
74137
76819
76830
74138
76846
74139
76857
74140
76868
74141
76879
74142
76890
74143
76901
74144
76912
74145
76923
74146
76934
74147
76945
76956
74148
76974
76985
74149
77002
74150
77015
74151
77027
77028
77029
77041
77040
77039
77038
74152
77026
79574
79573
79572
81380
79571
81386
81392
81398
81412
81413
81430
81446
81445
81429
81428
81444
81461
79581
81470
81462
81463
81471
81481
82778
82779
81491
81490
81480
81479
81469
81478
81488
81498
81489
79582
81499
81500
79583
82780
82781
82782
82783
81563
81570
79584
79585
81577
81584
79586
81591
81592
82784
81609
81625
81642
81641
81640
81623
81624
81608
81607
81622
81606
81590
81583
81576
81569
81562
81554
81555
81556
81539
81538
81537
81523
81516
81515
81514
81513
81512
81511
81510
81509
81508
81507
81506
81522
81521
81528
81545
81546
81529
81530
81547
81548
81531
81532
81549
81550
81533
81534
81535
81536
81553
81552
81551
81601
81617
81634
81635
81636
81637
81620
81619
81618
81602
81603
81604
81605
81621
81638
81639
81647
81664
81663
81662
81661
81660
81659
81658
81657
81656
81655
81654
81653
81669
81668
81667
81674
81675
81676
81683
81691
81692
79596
81693
81694
81695
81696
81697
81698
81699
81700
81684
81677
81670
81671
81672
81665
79589
81648
81649
82785
79590
79591
81679
81686
81702
82786
82787
81731
79598
81714
81708
79595
79593
79592
81678
81685
79594
81701
81707
79597
81712
81713
81730
79600
81736
81737
81741
81742
81746
81745
81744
79603
81740
79602
81735
81729
81728
81727
81726
81725
81724
81723
81722
81721
81720
79599
81719
81718
81711
81706
81690
81682
81681
81689
81688
81704
81705
81710
81716
81717
79601
81734
81733
81739
81743
79332
81738
81732
81715
81709
79331
81703
81687
81680
79330
81673
79329
81666
79328
81650
81643
81651
81652
81644
79588
81645
81646
81629
81630
81613
81614
81631
81632
81633
81616
81600
81615
81599
81598
81597
79587
81589
81582
81588
81596
81612
81628
81627
81611
81595
81587
81586
81594
81610
81626
79327
79326
81593
79325
81585
79324
81578
79323
81579
81572
81571
79322
81564
79321
81557
79320
81540
81541
81558
81565
81566
81559
81560
81567
81573
81580
81581
81574
81575
81568
81561
81544
81543
81527
81520
81519
81518
81526
81542
81525
81524
81517
79319
81501
81502
81503
81494
81493
81492
79318
81482
79317
81472
79316
81464
81447
79315
81431
79314
81414
79313
81399
81400
81415
81432
81448
81465
81466
81467
81449
79579
79578
81416
79577
79575
79576
81395
81389
81383
81377
81372
81366
81360
81354
81348
81342
81336
81330
81324
81318
81312
81306
81300
81294
81288
81289
81295
81301
81307
81313
81319
81325
81331
81337
81343
81349
81355
81361
81367
81373
81378
81384
81390
81396
81402
81403
81404
81405
81406
81407
81408
81409
81426
81442
81441
81425
81424
81440
81439
81423
81422
81421
81420
81436
81419
81418
81401
81417
81433
81450
81476
81475
81474
81473
81483
81484
81485
81486
81495
81504
81505
81496
81497
81487
81477
81468
79580
81451
81434
81435
81452
81453
81454
81437
81438
81455
81456
81457
81458
81459
81460
81443
81427
81411
81410
81397
81391
81385
81379
81374
81368
81362
81356
81350
81344
81338
81332
81326
81320
81314
81308
81302
81296
81290
81283
81282
81281
81280
81279
81278
81277
81276
81275
81274
81273
81272
79567
81263
81262
81271
81287
81293
81299
81305
81311
81317
81323
81329
81335
81341
81347
81353
81359
81365
81371
81376
81382
81388
81394
81393
79312
81387
79311
81381
79310
81375
79309
81370
79308
81364
79307
81358
79306
81352
79305
81346
79304
81340
79303
81334
79302
81328
79301
81322
79300
81316
79299
81310
79298
81304
79297
81298
79296
81292
79295
81286
79294
81270
79293
81261
79292
81245
79564
81230
81231
81214
81215
81197
79562
81180
81196
81213
81229
81212
81195
79291
81179
79290
81163
81164
81147
81130
79289
81131
81132
79557
81148
81149
81133
81122
81121
81110
81111
81101
81085
81068
81067
81084
81100
81099
81109
81120
81119
79288
81108
79287
81098
79286
81082
81083
81066
81065
79285
81048
79284
81040
79283
81032
79282
81015
79281
81007
79280
80991
79279
80983
80976
80968
79278
80960
80961
80969
80970
79546
80977
80984
79549
80992
81008
81017
81016
79550
81033
81041
81049
79552
81050
81042
81034
81018
81035
81043
81052
81051
79553
81069
81070
81053
81054
81055
81056
81073
81091
81090
81072
81071
81089
81088
81087
81086
81102
81112
81103
81113
81124
81134
81123
79556
79558
81150
79560
81166
79559
81165
81181
81182
81198
81199
81217
81216
81233
81232
81246
79565
81247
81264
81265
81248
81234
81235
81249
81250
81251
81252
81253
81254
81255
81240
81241
81224
81223
81206
81225
81242
81257
81256
79566
81266
81267
81284
81285
81291
81297
81303
81309
81315
81321
81327
81333
81339
81345
81351
81357
81363
79570
81369
82777
82776
82775
82774
82773
82772
82771
82770
82769
82768
82767
82766
79569
79568
81269
81268
81258
81259
81260
81244
81243
79563
81227
81226
81208
81207
81190
81191
81209
81192
81193
81210
81228
81211
81194
81178
81177
81161
81162
81146
81129
81128
81145
81144
81160
81176
81175
81174
81173
81189
81188
81205
81204
81222
81239
81238
81237
81236
81219
81218
81200
81201
81184
81183
79561
81167
81151
81135
81136
81137
81138
81139
81140
81155
81154
81170
81169
81153
81152
81168
81185
81202
81220
81221
81203
81186
81187
81171
81172
81156
81157
81141
81142
81158
81159
81143
81127
81126
81125
81114
81104
81105
81115
81116
81106
81097
81096
81095
81077
81094
81076
81075
81093
81092
81074
81057
81058
81059
81060
81061
81078
81079
81080
81081
79554
79555
81107
81117
81118
82764
82765
76674
76666
74127
76658
74126
76650
74125
76641
76628
76610
76599
76582
74124
76572
74123
76562
74122
76552
76543
76534
76524
76514
76504
76494
76484
76474
76464
76447
76446
74114
76463
74115
76473
74116
76483
74117
76493
74118
76503
74119
76513
74120
76523
74121
76533
82760
82761
80982
80990
81006
81005
81013
81030
79551
81014
82762
81031
81039
82763
81047
81064
81063
81062
81046
81045
81044
81036
81027
81026
81025
81024
81023
81022
81021
81020
81019
81009
80994
80993
80986
80985
80978
80971
80963
80962
80953
80954
80944
80943
80952
80951
79277
80942
79276
80934
80933
79275
80917
80918
80935
80919
79539
80903
80920
80936
80945
80946
80955
79544
79547
80995
80996
80997
80998
80999
81000
81001
81002
81010
81011
81028
81037
81038
81029
81012
81004
81003
80987
79548
80979
80972
80973
80965
80958
80959
80966
80974
80980
80988
80989
80981
80975
80967
79543
79542
80950
80941
80940
80949
80948
80957
80964
79545
80956
80947
80938
80939
80932
79541
79540
80916
80900
79538
79537
80892
80884
82759
82758
80876
80869
80868
80867
80875
80883
80882
80874
80866
80865
80850
80849
80848
80847
80846
80845
80844
80858
80859
80860
80861
80862
80863
80864
80873
80881
80890
80889
80897
80898
80891
80899
80915
80914
80931
80930
80913
80912
80929
80928
80911
80910
80927
80926
80925
80909
80908
80907
80924
80923
80906
80905
80922
80937
80921
80904
80896
80895
80887
80888
80880
80872
80879
80871
80855
80856
80857
80843
80842
80834
80818
80819
80820
80821
80822
80823
80824
80825
80826
80827
80835
79534
80851
80852
80836
80828
80829
79533
79535
80837
80830
80813
80805
80804
80812
80811
79531
80802
79530
80792
80793
80803
80794
80795
80796
80779
80762
80778
80761
80745
80744
80737
80730
80723
80724
80731
80738
82757
82756
82755
82754
82753
82752
82751
82750
82749
82748
79526
80659
80652
82747
80635
80634
80617
80618
79519
79518
79517
82746
80561
80544
80543
80560
80559
80542
80541
79514
80517
80509
80510
80518
80525
80526
80527
80519
82745
80511
82744
82743
80504
80503
79512
80486
79511
80487
82742
82741
80470
80463
79510
80456
80457
80439
82740
79508
79507
80426
80425
80408
80424
80423
80422
80421
80420
80419
80418
80417
80416
80415
80414
80413
79506
80407
80400
80392
80391
80383
80384
79502
80360
80365
80371
80377
80376
80382
80390
80398
80399
80406
80412
80405
80411
80428
80429
80433
80432
80436
80437
80442
80441
80459
80460
80467
80461
80443
80444
79509
80445
80446
80447
80448
80449
80450
80451
80452
80453
80454
80430
80434
80438
80455
80462
80469
80468
80485
80484
80483
80502
80501
80500
80499
80482
80481
80498
80497
80480
80479
80478
80496
80495
80477
80494
79513
80493
80476
80475
80474
80473
80466
80465
80464
79246
80458
79245
80440
80435
80431
79244
80427
79243
80410
79242
80404
79241
80397
79240
80389
79239
80381
79238
80375
85727
84147
84166
84185
84184
84203
84204
84208
84212
85728
85729
84216
85730
84220
84224
85731
85732
84228
84227
84223
84219
84215
84211
84207
83298
84202
84201
84200
84199
84180
84179
84198
84197
84178
84160
84159
84158
84157
84177
84196
84195
84176
84175
84194
84193
84192
84174
84173
84172
84191
84190
84171
84170
84189
84188
84169
84168
83296
83297
84187
84206
84210
84214
84218
84222
84226
84230
83300
84234
83301
84235
84236
84237
84238
84239
84240
84241
84242
84243
84244
84245
84246
84247
84248
84249
84250
83299
84231
84232
84251
85733
80488
80471
80472
80489
80490
80491
80492
80516
80515
80508
80507
80514
80522
80529
79515
80521
80513
80506
80505
79247
80512
79248
80520
79249
80528
79250
80545
79516
80546
80564
80581
80589
80590
80598
80597
80596
80588
80580
80563
80562
79251
80579
79252
80587
79253
80595
80603
79254
80619
80620
80604
80605
80621
80638
80639
80663
80664
80665
80666
80667
80668
80669
80670
80671
80672
80673
80656
80649
80648
80630
80615
80614
80629
80647
80646
80628
80613
80612
80627
80626
80645
80644
80643
80625
80611
80610
80609
80624
80642
79523
80641
80640
80622
79521
80606
80607
80623
80608
80599
80591
80583
80582
80565
80566
80548
80547
80530
80523
80524
80531
80532
80549
80567
80568
80569
80551
80550
80533
80534
80535
80552
80570
80571
80572
80554
80553
80536
80537
80538
80555
80573
80574
80575
80556
80539
80540
80557
80558
80576
80584
80592
80593
80585
80577
80578
80586
80594
80602
80601
80600
79520
80616
80633
80632
80631
80650
79524
79522
80651
80658
80657
79525
80674
80675
80682
80689
80696
80703
80710
80717
80716
80709
80702
80695
80688
80681
80680
80687
80694
80701
80708
80715
80722
80729
80736
80743
80758
80759
80760
80777
80776
80775
80774
80791
80790
80773
80757
80756
80755
80754
80771
80772
80789
80788
80787
80786
80769
80770
80753
80752
80751
80750
80767
80768
80785
80784
79529
80766
80749
80748
80742
80734
80733
80726
80719
80712
80713
80720
80727
80735
80728
80721
80714
80707
80700
80693
80686
80679
80678
80677
80661
80662
80655
80654
80637
80636
80653
80660
79255
80676
79256
80683
79257
80690
79258
80697
80698
80691
80684
80685
80692
80699
80706
80705
79259
80704
79260
80711
79261
80718
79262
80725
79263
80732
79264
80739
79265
80746
79266
80763
79267
80780
79268
80797
79269
80806
79270
80814
80815
80807
80798
80781
80764
80747
80740
80741
79527
79528
80765
80783
80782
80799
80808
80809
80800
80801
80810
80817
80816
79532
80833
80841
80840
80854
79536
80878
80886
80894
80902
80901
79274
80893
79273
80885
79272
80877
79271
80870
80853
80838
80839
80832
80831
85753
85754
84453
84458
85755
85756
84463
84467
84466
83311
84461
84462
84457
84452
84451
84456
84481
84482
84483
84502
84503
84504
84484
84485
84486
84505
84524
85757
84527
84530
84529
83315
84526
84523
84522
84521
84520
84501
84500
84519
84518
84517
84498
84499
84480
84479
84478
84497
84516
84515
84496
84477
84476
84495
84514
84513
84494
84475
84474
84473
84472
84471
84450
84455
84460
84465
83312
84469
84470
84489
84490
84491
84492
84493
84512
84511
84510
84509
84508
84507
84488
83313
83314
83318
84542
84561
84566
84565
83058
84560
83057
84541
83056
84537
83055
84534
83054
84531
83053
84528
83052
84525
83051
84506
83050
84487
83049
84468
83048
84464
83047
84459
83046
84454
83045
84449
83044
84430
84426
83043
84427
84431
84432
84433
84434
84435
84436
84437
84438
84439
84440
84441
84442
84443
84444
84445
84446
84447
83309
83308
83307
84420
84424
84428
84448
83310
84429
84425
84421
84417
85752
84414
85751
85750
84411
84408
85749
85748
84405
84402
85747
85746
84399
84396
85745
85744
84393
84390
85743
85742
84387
84384
85741
85740
85739
85738
85737
84381
84380
84379
84378
84377
84376
84375
84374
84373
84372
84371
84370
84369
84368
84367
84366
84365
84364
84383
84386
84389
84392
84395
84398
84401
84404
84407
84410
84413
84416
84419
84423
84422
83042
84418
83041
84415
83040
84412
83039
84409
83038
84406
83037
84403
83036
84400
83035
84397
83034
84394
83033
84391
83032
84388
83031
84385
83030
84382
83029
84363
84361
83028
84362
84360
84358
84356
83027
84359
84357
83026
84355
83025
83024
83023
83022
84332
84334
84336
84337
84338
84339
84340
84341
84342
84343
84344
84345
84346
84347
84348
84349
84350
84351
84352
84353
83306
84354
84335
83305
83304
84333
84331
83303
84328
84325
84329
85736
84326
84307
84306
84287
84288
84269
84268
84264
84265
85735
85734
84260
84255
84254
84253
84259
84258
84263
83302
84286
84305
84324
84323
84322
84303
84304
84285
84284
84283
84282
84301
84302
84321
84320
84319
84300
84281
84280
84299
84318
84317
84298
84279
84278
84277
84297
84316
84315
84296
84314
84295
84276
84275
84294
84313
84312
84293
84292
84311
84310
84291
84290
84309
84308
84327
84330
83021
83020
83019
83018
84289
84270
84271
84272
84273
84274
84257
84262
84267
83017
84266
83016
84261
83015
84256
83014
84252
84233
83013
84229
83012
84225
83011
84221
83010
84217
83009
84213
83008
84209
83007
84205
83006
84186
83005
84167
83004
84148
83003
84144
83002
84125
83001
84106
83000
84087
82999
84068
84064
82998
84060
82997
84056
82996
84052
82995
84048
82994
84044
82993
84040
82992
84037
82991
84034
82990
84031
82989
84028
82988
84024
82987
84020
82986
84016
82985
84012
82984
84013
84017
84021
84025
84029
84032
84035
84038
84041
84045
84049
84053
84057
84061
84065
84070
84069
83292
84088
84107
83293
83294
84126
83295
84149
84150
84151
84152
84153
84154
84155
84156
84132
84131
84112
84111
84091
84110
84130
84129
84128
84127
84108
84109
84090
84089
84071
84072
84073
84074
84092
84093
84075
84076
84077
84078
84096
84095
84094
84113
84114
84133
84134
84115
84116
84135
84136
84137
84118
84117
84098
84097
84079
84080
84081
84099
84100
84119
84138
84161
84181
84162
84163
84182
84183
84164
84165
84146
84145
84140
84139
84120
84121
84122
84141
84142
84143
84124
84123
84103
84104
84105
84086
83291
85726
84067
83290
83289
84063
84059
84055
83287
83288
84062
84066
84085
84084
84102
84101
84082
84083
84058
84054
84050
84046
83286
84042
84043
84039
85723
84036
83285
83284
84033
84030
83283
84026
84022
84023
84027
85722
85721
84019
85720
85719
84015
84018
84014
84010
84011
85718
85717
84008
84007
84004
84005
85716
85715
85714
85713
85712
85711
83990
83993
83996
83999
84002
84001
83998
83995
83992
83989
83986
83983
83987
85710
85709
83984
83981
83978
83977
83980
83281
83280
83974
83975
83972
83971
83952
83947
83948
83953
85708
85707
85706
83943
83942
83938
83937
83941
83946
83951
83970
83279
83969
83968
83967
83966
83965
83964
83963
83962
83961
83960
83959
83924
83925
83906
83907
83926
83927
83908
83890
83889
83888
83887
83905
83886
83867
83866
83885
83904
83923
83922
83903
83921
83920
83901
83902
83883
83884
83865
83864
83863
83882
83900
83881
83862
83861
83880
83899
83918
83919
83278
83945
83950
83954
83955
83956
83957
83958
83979
83982
83985
83988
83991
83994
83997
84000
84003
84006
83282
84009
82983
82982
82981
82980
82979
82978
82977
82976
82975
82974
82973
83976
83973
82972
82971
83949
82970
83944
82969
83940
83936
82968
83917
82967
82966
83898
83879
82965
82964
83277
83857
82963
82962
83853
83849
82961
82960
83846
83827
82959
82958
83808
83809
83828
83829
83810
83811
83830
83831
83832
83833
83834
83815
83816
83835
83868
83869
83870
83871
83872
83873
83874
83875
83876
83894
83893
83912
83911
83892
83891
83910
83909
83928
83929
83930
83931
83932
83933
83934
83939
85705
83935
83916
83915
83914
83913
83895
83896
83897
83878
83877
83859
83860
85704
85703
83856
83855
83858
83854
83850
83847
83851
83852
85702
83848
83276
83845
83826
83807
83806
83788
85701
85700
85699
83275
83758
83739
85698
85697
83736
83733
83273
83730
83727
83724
83721
83718
83717
83720
83723
83726
83729
83732
83735
83738
83757
83756
83755
83754
83753
83752
83751
83750
83770
83771
83772
83773
83774
83775
83776
83779
83780
83784
83783
83787
83805
83824
83825
83844
83843
83842
83841
83840
83839
83838
83819
83820
83821
83822
83823
83804
83803
83802
83801
83800
83799
83818
83837
83836
83817
83798
83797
83796
83814
83795
83794
83813
83812
83793
83792
83791
83790
83762
83763
83764
83765
83766
83767
83768
83769
83749
83748
83747
83746
83745
83744
83743
83742
83741
83274
83761
83760
83778
83782
83786
83789
82957
83785
82956
83781
82955
83777
82954
83759
83740
82953
83737
82952
83734
82951
83731
82950
83728
82949
83725
82948
83722
82947
83719
82946
83716
82945
83713
82944
83710
82943
83707
82942
83703
82941
83699
82940
83696
82939
83678
83677
82938
83676
82937
83675
82936
83674
82935
83673
82934
83671
82933
83669
82932
83667
82931
83665
82930
83663
82929
83661
82928
83659
82927
83657
82926
83655
82925
83653
82924
83262
82923
82922
82921
82920
82919
83628
82918
82917
83609
83610
83629
83630
83611
83631
83612
83594
83575
83556
83557
83576
83595
83614
83613
83632
83633
83634
83635
83636
83637
83638
83619
83618
83617
83597
83616
83615
83596
83577
83558
83559
83578
83560
83579
83598
83599
83580
83581
83600
83601
83582
83563
83544
83543
83562
83561
83542
83523
83524
83525
83506
83507
83508
83527
83526
83545
83564
83583
83584
83602
83621
83620
83639
83640
83641
83642
83622
83603
83604
83623
83624
83643
83644
83625
83606
83605
83585
83566
83565
83546
83547
83548
83567
83586
83587
83588
83589
83608
83627
83607
83626
83645
83646
83647
85673
85674
83648
83649
85675
85676
83650
83651
85677
85678
83652
83654
85679
85680
83656
83658
85681
85682
83660
83662
85683
85684
83664
83666
85685
85686
83668
83670
85687
85688
83672
83263
85689
79867
79184
79885
79185
79887
79186
79890
79187
79893
79896
79188
79913
79914
79897
79894
79891
79888
79886
79868
79869
79870
79871
79872
79873
79874
79875
79876
79877
79878
79879
79880
79881
79882
79883
79889
79892
79895
79912
79911
79910
79909
79908
79907
79906
79905
79904
79903
79902
79901
79900
79899
79898
79461
79463
79918
79917
79189
79916
79915
85692
85691
83702
83698
83268
83267
83695
85690
83266
83265
83264
83679
83680
83681
83682
83683
83684
83685
83686
83687
83688
83689
83690
83691
83692
83693
83694
83697
83700
83704
83708
83711
83714
83715
83712
83709
83705
83701
83706
83269
85693
85694
85695
85696
83270
83271
83272
79194
79960
79195
79963
79196
79966
79197
79969
79972
79990
79198
80008
79199
80012
79200
80015
79201
80019
79202
80023
80024
80020
80016
80013
80009
79991
79992
79993
79994
79995
79996
79997
79979
79978
79977
79976
79975
79974
79973
79970
79967
79964
79961
79958
79957
79193
79940
79192
79923
79191
79920
79190
79921
79466
79924
79467
79941
79942
79925
79926
79943
79944
79927
79928
79945
79946
79929
79930
79947
79948
79931
79932
79933
79949
79950
79951
79952
79934
79935
79936
79937
79953
79954
79959
79962
79965
79968
79472
79988
79987
79986
79985
79984
79983
79982
79981
79980
79998
79999
80000
80001
80002
80003
80004
80005
79473
80014
80017
80021
80022
80026
80042
80041
80025
80040
80039
80038
80037
80036
80035
80034
80033
80032
80031
80030
80029
79476
80046
80045
80028
79203
80027
79204
80044
79205
80049
80050
80051
80052
79478
80053
80054
80055
80056
80057
80058
80059
80060
80061
80062
80063
79479
80068
80084
80085
80069
80065
80064
80047
80048
79477
80043
82713
82712
80018
79475
79474
80011
80010
80006
80007
79989
79971
79471
79470
79469
79468
79956
79955
79938
79939
79922
79465
79919
82711
79464
79462
79460
82710
82709
82708
82707
79459
79884
82706
82705
82704
82703
82702
82701
82700
82699
82698
79458
79846
82697
79457
79456
79455
79454
79453
79819
79452
79835
79834
79833
79832
79831
79830
79829
79828
79827
79826
79825
79824
79823
79822
79821
79837
79839
79841
79843
79845
79848
79850
79852
79854
79856
79858
79860
79862
79864
79866
79865
79183
79863
79182
79861
79181
79859
79180
79857
79179
79855
79178
79853
79177
79851
79176
79849
79175
79847
79174
79844
79173
79842
79172
79840
79171
79838
79170
79836
79169
79820
79817
79168
79815
79167
79818
79816
79813
79796
79812
79166
79795
79165
79791
79164
79787
79163
79783
79162
79780
79161
79777
79160
79774
79775
79779
79778
79781
79784
79782
79785
79789
79788
79792
79793
79450
79797
79798
79799
79800
79801
79802
79803
79804
79805
79806
79807
79808
79809
79810
79814
79451
82696
79811
79794
82695
82694
79790
79786
82693
79449
82692
74592
74585
74017
74570
74571
74556
74557
74558
74573
74572
74586
74593
74594
74587
74588
74271
74595
74603
74604
74620
74621
74605
74606
74622
74623
74624
74608
74607
74577
74562
74561
74268
74560
74576
74575
74574
74559
74551
74544
74543
74550
74549
74555
74548
74537
74538
74267
74539
74524
74525
74526
74266
74527
74528
74529
74530
74531
74532
74533
74534
74540
74545
74552
74567
74566
74565
74564
74563
74578
74579
74580
74581
74582
74589
74596
74612
74611
74610
74609
74625
74626
74627
74628
74635
74636
74650
74649
74648
74647
74646
74645
74644
74643
74642
74641
74640
74634
74619
74618
74602
74601
74617
74616
74600
74599
74615
74018
74631
74274
74275
74632
74633
74639
74655
74656
74663
74662
74661
74654
74019
74020
74021
74668
74669
74670
74671
74672
74673
74674
74675
74676
74677
74678
74679
74689
74680
74664
74657
74658
74659
74651
74637
74629
74273
74613
74272
74597
74590
74583
74270
74269
74568
74553
74546
74541
74535
74265
74520
74517
74514
74509
74508
74507
74506
74505
74504
74503
74502
74501
74500
74499
74264
74498
74497
74496
74513
74516
74519
74523
74522
74016
74015
74512
74495
74014
74013
74012
74011
74010
74009
74008
74007
74006
74005
74004
74003
74002
74001
74000
73999
73998
73997
73996
73995
82668
82669
82670
82671
82672
82673
82674
82675
82676
82677
82678
82679
82680
82681
82682
82683
82684
82685
82686
82687
79698
79697
79696
79695
79694
79711
79710
79709
79693
79692
79691
79708
79707
79690
79689
79688
79687
79686
79685
79702
79703
79704
79705
79706
79725
79724
79723
79722
79721
79720
79445
79738
79739
79740
79741
79742
79743
79744
79745
79746
79747
79726
79727
79728
79729
79730
79731
79732
79712
79713
79714
79715
82688
79444
82689
79736
82690
82691
79773
79776
79448
79772
79756
79752
79735
79751
79750
79749
79748
79771
79770
79769
79768
79767
79766
79765
79764
79763
79762
79761
79760
79447
79759
79446
79755
79758
79757
79159
79753
79158
79754
79737
79734
79733
79717
79718
79719
79716
79157
79156
79681
79699
79682
79683
79700
79701
79684
79443
79442
79441
79680
79679
79155
79678
79677
79676
79675
79154
79674
79153
79673
79152
79672
79151
79671
79150
79670
79149
79669
79148
79668
79147
79667
79146
79666
79145
79665
79144
79664
79143
79663
79142
79662
79141
79661
79140
79660
79139
85648
83397
83398
85649
85650
83399
83400
85651
85652
83401
83402
85653
85654
83403
83404
85655
85656
83405
83406
85657
85658
83407
83408
85659
85660
83409
83410
85661
85662
83411
83412
85663
85664
83413
83414
85665
85666
83415
83434
83433
83432
83431
83430
83429
83428
83447
83448
83449
83450
83451
83452
83453
85667
83456
83459
85668
85669
83462
83465
85670
85671
83468
83471
83259
83261
83473
85672
83475
83494
83513
83532
83512
83493
83492
83511
83530
83531
83550
83551
83570
83569
83568
83549
83529
83528
83509
83510
83491
83490
83489
83488
83487
83505
83486
83485
83504
83503
83484
83483
83502
83520
83521
83522
83541
83540
83539
83538
83519
83518
83537
83517
83536
83535
83554
83573
83555
83574
83593
83592
83591
83572
83590
82916
83571
82915
82914
83552
83553
83534
83515
83516
83497
83498
83499
83500
83501
83482
83481
83480
83479
83478
83477
83496
83514
83533
82913
82912
82911
83495
83476
82910
83474
82909
83472
83260
83470
83467
83469
82908
83466
82907
83463
82906
83464
83461
83458
83455
82905
83460
83457
82904
83454
82903
83435
82902
83258
83436
83437
83438
83439
83440
83441
83442
83443
83444
83445
83446
83427
83426
83425
83424
83423
83422
83421
83420
83419
83418
83417
83416
82901
82900
82899
82898
82897
82896
82895
82894
82893
82892
82891
82890
82889
82888
82887
82886
82885
82884
82883
82882
63
62
61
60
59
58
57
56
55
54
53
52
51
50
49
48
47
46
45
44
43
42
41
40
39
38
36
37
34
35
32
33
30
31
28
29
26
27
24
25
22
23
20
21
19
18
83208
83207
83206
83205
83204
83203
83202
83201
83200
83199
83198
83197
85456
85457
85458
85459
85460
85461
85462
85463
85464
85465
85466
85467
85468
85469
85470
85471
85472
85454
85451
85450
85449
85448
85447
85446
85445
85444
85443
85442
85441
85440
85439
85438
85437
85436
85435
83387
85431
83388
85453
83196
85434
83195
85430
83194
85427
85424
83193
85421
83192
85418
83191
85415
83190
85412
83189
85409
83188
85406
83187
85403
83186
85401
83185
85399
83184
85397
83183
85395
83182
85392
83181
85389
83180
85386
83179
83382
83178
83177
83176
83175
83174
83173
83172
83171
83170
83169
83168
83167
83166
83165
83164
85305
85306
85307
85308
85279
85280
85281
85262
85263
85282
85283
85284
85285
85266
85265
85264
85245
85246
85247
85248
85267
85286
85287
85288
85289
85290
85291
85292
85293
85274
85273
85254
85255
85236
85235
85234
85233
85232
85251
85252
85253
85272
85271
85270
85269
85268
85249
85250
85231
85230
85229
85228
85227
85226
85225
85224
85244
85243
85261
85260
85241
85242
85223
85222
85221
85215
85218
83367
83368
85240
85259
83369
83370
85278
85297
85300
85303
85302
83163
85299
83162
85296
83161
85277
83160
85258
83159
85239
83158
85220
83157
85217
83156
85214
83155
85211
83154
85208
83153
85212
85209
85206
85203
85200
83152
85205
85202
83151
85199
83150
85196
83149
85197
85194
83365
85175
85176
85177
85178
85179
85180
85181
85182
85183
85184
85185
85186
85187
85188
85189
85190
85191
85192
85193
85195
85812
85813
85198
85201
85814
85815
85204
85207
85816
85817
85210
85213
85818
85819
85216
83366
85219
85238
85237
85256
85257
85276
85295
85275
85294
83371
85298
85301
83372
83373
85304
85820
83374
85323
85342
85341
85340
85322
85321
85339
85338
85337
85320
85319
85318
85336
85335
85317
85316
85315
85334
85333
85332
85331
85314
85313
85312
85330
85329
85328
85311
85310
85309
85327
85326
85325
85324
85343
85346
85349
85351
85353
85355
83378
85357
85358
85359
85360
85361
85362
85363
85364
85365
85366
85367
85368
85369
85370
85371
85372
85375
85376
85377
85378
85380
85382
85383
85384
85387
85390
85393
85396
85398
85400
85402
85404
85407
85408
85833
85405
85832
83386
83385
83384
83383
85394
85831
85830
85391
85388
85829
85385
85828
83381
83380
85381
85827
85379
85826
83379
85825
85824
85374
85373
85356
85354
85352
85350
85347
85344
85345
85821
85822
85348
83375
83376
83377
85823
82137
79364
82120
79363
82103
79362
82098
79361
82099
79624
82104
82121
79625
82138
82139
82140
79627
82160
82161
82162
82163
82164
82165
82166
82167
82168
82169
82170
82171
82172
82175
82178
82183
82188
82193
82198
82203
82219
79637
82225
82241
82242
82258
82262
79640
82257
82256
82240
82239
82255
82254
82238
82237
82253
82252
82236
82235
82251
82250
82234
82233
82249
82248
82247
82232
82231
82230
82246
79639
82229
82224
82223
82228
79638
82222
82206
82201
82196
82191
82186
82181
82182
82187
82192
82197
82202
79636
82207
82208
82209
82210
82211
82212
82213
82214
82215
82216
82217
82218
79633
79632
82174
82158
82159
82154
79629
82149
82144
82143
82142
79365
82147
82148
82153
82157
79366
82173
82177
82180
79367
82185
79368
82190
79369
82195
79370
82200
79371
82205
79372
82221
79373
82227
79374
82244
79375
82260
82245
82261
79641
82265
82266
82267
82268
82269
82270
82271
82272
82273
82274
82275
82276
82277
82278
82281
82284
82287
82290
82293
82296
82299
82302
82305
82306
82303
82832
82831
82300
82297
82830
82829
82294
82291
82828
82827
82288
82285
82826
82825
82282
82279
82263
82259
82243
82226
82220
82204
79635
79634
82199
82194
82824
82823
82189
82184
82822
82821
82179
82176
82820
79631
79630
82152
82151
82156
82155
82150
82145
79628
82133
82134
82117
82116
82115
82132
82131
82130
82114
82113
82112
82129
82128
82127
82111
82110
82109
82108
82126
82125
82124
82107
82106
82123
82122
82105
82101
82100
82082
82065
82048
82049
82066
82083
82084
82067
82068
82085
82086
82087
82088
82089
82090
82091
82074
82075
82092
82093
82076
82059
82058
82057
82056
82073
82055
82072
82071
82070
82054
82053
82052
82069
82051
82050
82044
82043
82047
82064
82081
79360
82063
82046
79359
82042
82038
79358
79357
82034
82035
82039
82040
82036
82032
82029
82025
82020
82019
82018
82023
82024
82028
82031
82030
79621
82027
82026
79356
82022
79355
82017
79354
82013
82012
79353
81995
81978
81962
81961
81944
81929
81945
81963
81980
81979
81996
81997
82014
82015
81998
81999
82000
81983
81982
81981
81964
81947
81946
81931
81930
81914
81915
81932
81916
81917
81933
81934
81935
81950
81949
81948
81965
81966
81967
81951
81936
81920
81902
81919
81918
81901
81900
81884
81885
81886
81887
81903
81904
81888
81889
81890
81891
81892
81893
81908
81909
79615
81927
79616
81943
79617
81960
79618
81977
81994
81993
81976
81959
81958
81957
81956
81955
81954
81939
81940
81941
81942
81926
81925
81924
81907
81906
81923
81922
81905
81921
81938
81937
81952
81953
81970
81971
81988
81987
81986
81969
81968
81985
81984
82001
82002
82003
82004
82005
82006
81989
81972
81973
81990
82007
82008
81991
81974
81975
81992
82009
82010
82011
82016
82812
82811
82810
82809
82808
81928
82807
81912
81911
79614
81910
79613
81894
79611
79612
81895
81879
82806
82805
81873
79610
81857
81853
79609
81852
81836
81835
81834
81833
81832
81831
81830
81829
81828
81827
81826
81825
81824
81823
79607
81816
81813
81810
81807
81804
81801
81798
81795
81792
81789
79605
79337
81779
79338
81783
79339
79340
79341
79342
79343
79344
79345
79346
79347
79348
79349
81819
81822
79350
79351
81837
81854
81855
81859
81875
81876
81860
81838
81856
79608
81839
81840
81841
81842
81843
81844
81845
81846
81847
81848
81849
81850
81851
81878
81872
81871
81870
81869
81868
81867
81866
81865
81864
81863
81862
81861
81877
81883
81899
81898
81882
81881
81897
81913
81896
81880
81874
79352
81858
85811
85174
85171
85810
85809
85168
85165
85808
85807
85162
85159
85806
85805
85156
85153
85804
85803
85150
85147
85802
85801
85144
85141
85800
85799
85138
85135
85798
85797
85113
85110
85106
85102
85101
85098
85094
85090
85086
85085
85089
85093
85097
83361
83362
85105
83363
85109
83364
85132
85131
85130
85129
85128
85127
85126
85125
85124
85123
85122
85121
85120
85119
85118
85117
85116
85108
85112
85115
85134
85137
85140
85143
85146
85149
85152
85155
85158
85161
85164
85167
85170
85173
83148
85172
83147
85169
83146
85166
83145
85163
83144
85160
83143
85157
83142
85154
83141
85151
83140
85148
83139
85145
83138
85142
83137
85139
83136
85136
83135
85133
83134
85114
85111
83133
85107
83132
85103
83131
85099
83130
85104
85100
85096
85092
85088
83129
85095
85091
83128
85087
83127
85083
83126
85084
85064
83125
83124
83123
83122
85018
83121
85012
83120
85006
83119
85002
84998
83118
84980
83117
84976
83116
84972
83115
84968
83114
84964
83113
84960
83112
84941
83111
84937
83110
84933
83109
84929
83108
84925
83107
84920
83106
84915
83105
84896
83104
84877
84858
83103
84839
83102
84820
83101
84816
83100
84813
83099
84810
83098
84807
83097
84804
83096
84785
83095
84766
83094
84747
83093
84743
83092
84739
83091
84735
83090
84731
83089
84712
84709
83088
84706
83087
84703
83086
84700
83085
84697
83084
84694
83083
84691
83082
84688
83081
84685
83080
84681
83079
84677
83078
84673
83077
84668
83076
84662
83075
84656
83074
84652
84648
83073
84644
83072
84640
83071
84636
83070
84617
83069
84613
83068
84609
83067
84605
83066
84601
83065
84597
83064
84593
83063
84589
83062
84584
83061
84579
83060
84574
83059
84570
84571
84575
84580
84585
84586
84581
84576
83319
84543
84544
84545
84546
84547
84548
84549
84550
84551
84552
84553
84554
84555
84556
84557
84558
84539
84538
84535
83317
83316
84532
84533
84536
85758
84540
84559
85759
85760
84569
84564
84563
84562
84568
84567
83320
84572
84573
85761
85762
85763
83322
83321
84588
84583
84578
84577
84582
84587
84592
84596
84600
83323
85764
83324
83325
84604
84608
84612
84616
83326
84635
84639
85765
85766
84643
84647
83329
84651
84655
84654
84650
83328
84646
84642
84638
84634
84633
84632
84631
84630
84629
84628
84627
84626
84625
84624
84623
84622
84621
84620
84619
84615
84611
84607
84603
84599
84595
84591
84590
84594
84598
84602
84606
84610
84614
83327
84618
84637
84641
84645
84649
83330
84653
84658
84657
84663
84669
84674
84678
84682
84686
84689
84690
84687
84683
84679
84675
84670
84664
83332
84665
84659
84660
84661
83331
85767
85768
84667
84666
84672
84671
83333
84676
84680
83334
83335
84684
83336
85769
85770
85771
85772
85773
85774
85775
85776
85777
85778
84734
84738
85779
85780
84742
85781
84746
84765
84784
84783
84764
84763
84782
84781
84762
84761
84780
84799
84800
84801
84802
84803
85782
84806
84809
83340
83341
84812
84815
83342
84818
84819
85783
84838
84837
84836
84855
84856
84857
84876
84875
83346
84894
84895
85784
84914
84913
84918
84919
85785
85786
84924
84923
83348
84928
84932
83349
83350
84936
84940
83351
84939
84935
84931
84927
84922
84917
84912
84893
84911
84910
84892
84872
84873
84874
84854
84835
84834
84853
84852
84833
84798
84797
84796
84795
84794
84793
84792
84791
84790
84771
84751
84752
84753
84772
84773
84754
84755
84774
84775
84776
84756
84757
84758
84777
84778
84779
84759
84760
84730
84729
84728
84727
84726
84725
84724
84723
84722
84721
84720
84719
84718
84717
84716
84715
84714
84711
84708
84705
84702
84699
84696
84693
84692
84695
84698
84701
84704
84707
84710
84713
84732
84736
84733
84737
84740
84741
84745
83337
84749
84768
84750
84769
84770
84789
84788
84787
83339
83338
84744
84748
84767
84786
84805
84808
84811
84814
84817
83343
84821
83344
83345
84859
84840
84841
84860
84861
84842
84822
84823
84843
84824
84825
84826
84845
84846
84827
84828
84829
84830
84831
84832
84851
84850
84869
84889
84890
84870
84871
84891
84909
84908
84907
84906
84888
84887
84905
84904
84886
84867
84868
84849
84848
84847
84866
84865
84864
84844
84863
84862
84882
84883
84884
84885
84903
84902
84901
84900
84899
84898
84881
84880
84879
84878
83347
84897
84916
84921
84926
84930
84934
84938
83352
84942
84943
84944
84945
84946
84947
84948
84949
84950
84951
84952
84953
84954
84955
84956
84957
84961
84965
84969
84973
84977
84978
84974
84970
84966
84962
84958
84959
85787
84963
84967
85788
85789
84971
84975
85790
85791
84979
84997
84996
83354
85001
85005
83356
85004
85000
84995
84994
84993
84992
84991
84990
84989
84988
84987
84986
84985
84984
84983
84982
84981
83353
84999
83355
85003
85008
85007
85013
85019
85014
83357
85020
85021
85022
85023
85024
85025
85026
85027
85046
85045
85044
85043
85042
85041
85040
85039
85038
85037
85056
85060
85065
85066
85067
85068
85069
85070
85071
85072
85073
85074
85075
85076
85077
85078
85079
85080
85061
85057
85053
85052
85051
85050
85049
85048
85047
85028
85029
85030
85031
85032
85033
85034
85015
85009
85010
85016
85011
85792
85793
85017
85036
85035
85054
85055
85794
85795
85063
85059
85058
85062
85081
85082
83358
83359
83360
85796
79333
81747
79334
81751
79335
81755
79604
79336
81762
81763
81764
81765
81766
81767
81768
81769
81770
81771
81772
81773
81774
81775
81776
81759
81756
81752
81748
81749
81750
82788
82789
81754
81753
81757
81758
82790
82791
81761
81760
81777
81778
81782
82792
82793
82794
82795
81794
81791
81788
81786
81785
81781
81780
81784
79606
81787
81790
81793
81796
81799
81800
81797
82796
82797
82798
81803
81802
81805
81808
81811
81812
81809
81806
82799
82800
82801
82802
81815
81814
81817
81820
81821
81818
82803
82804
77773
77791
74188
77807
77819
77836
74189
77853
77854
77864
77863
77876
77877
77865
77878
77894
77879
77880
77868
77869
74413
77881
77882
77883
77884
77885
77874
74411
77860
77859
77846
77873
77872
77871
77870
77843
77842
77858
77857
77856
77867
77866
77855
77838
77837
77820
77808
77792
77774
77758
77744
77745
77759
77776
77775
77793
77809
77810
77821
77839
77840
77841
77823
77812
77822
77811
77795
77794
77777
77760
77761
77747
77746
77732
77733
77734
77735
77720
77721
77707
77706
77692
77678
77693
77679
77665
77664
77651
77637
77623
77610
77624
77638
77652
77653
77667
77666
77680
77681
77695
77694
77708
77722
77736
77737
77723
77709
77696
77710
77724
77738
77752
77769
77768
77785
77767
77751
77750
77766
77765
77764
77782
77783
77784
77802
77801
77800
77799
77781
77763
74407
77749
77748
77762
77778
77796
77779
77780
77798
77797
77813
77824
77825
77826
77844
77845
77827
77828
77829
77847
77848
77830
77815
77814
77803
77804
77786
77787
74410
77816
77833
77832
77831
77849
77850
77851
77861
77875
77889
77888
77887
77886
77898
77906
77914
77925
77924
77923
77922
77921
77913
77904
77905
77897
77896
77895
77903
74414
77902
74415
77910
74416
77918
74418
77934
77942
77943
77935
77919
77911
77912
74417
77920
77936
77945
77944
77961
77960
77976
77975
77959
77958
77941
77957
77940
77933
77917
77909
77901
77893
74190
77892
77900
77908
77916
77932
77939
77956
74191
77974
77981
77988
77995
78004
78013
78012
78003
77994
77987
77980
74192
77973
82813
82021
79619
79620
82814
82033
82037
82815
82816
82041
82045
82817
82818
79622
82062
82080
82097
82079
82078
82061
82060
82077
82094
82095
82096
79623
82102
82118
82119
82136
82135
79626
82141
82146
82819
78167
78184
78201
78202
78185
78168
78169
78170
78160
78161
78152
78151
78134
78150
78159
78158
74196
78149
74195
78132
78133
78123
78122
74194
78111
78101
78112
78113
78103
78102
78092
78091
74193
78073
78074
78056
78055
78038
78021
78022
78039
78040
78023
78024
78014
74424
78005
74423
77996
74421
77989
74419
77982
77983
77990
77997
78006
78015
78025
78041
78042
78043
78060
78061
78062
78080
78095
78079
78078
78077
78059
78058
78057
78075
78076
78094
78093
78104
78114
78115
78125
78124
78135
78136
78137
78162
78153
78138
78126
78116
74427
78105
74428
78139
78140
78141
78142
78143
78127
78117
78106
78096
78107
78097
78087
78086
78085
78067
78068
78051
78034
78035
78069
78070
78088
78098
78099
78089
78071
78053
78052
74426
78036
78019
78018
78009
78010
78001
78000
74422
77993
77986
77979
77971
77972
77955
77954
77953
77970
77969
77952
77951
77968
77978
77985
77992
77999
78008
78017
78033
78032
78050
78049
78066
78084
78083
78082
78081
78063
78046
78047
78064
78065
78048
78031
78030
78029
78028
78045
78044
78027
78026
78016
78007
77998
77991
77984
77977
77962
77963
77946
77947
77964
77965
77948
77949
77966
77967
77950
77937
77926
77927
77928
77938
77929
77930
77931
79069
79070
79071
79072
79073
74420
78002
78011
79074
79075
78020
74425
78037
79076
79077
78054
78072
78090
78100
79078
79079
78110
78121
79080
79081
78131
78130
78148
78129
78120
78109
78108
78119
78118
78128
78146
78147
78156
78165
78164
78155
78145
78144
78154
78163
78179
78178
78177
78176
78193
78192
78175
78174
78173
78172
78171
78188
78187
78186
78203
78204
78205
78206
78189
78190
78191
78208
78209
78210
78227
78226
78243
78244
78245
78228
78229
78246
78247
78230
78231
78248
78257
78267
78277
78287
78296
74430
78288
78278
78268
78258
78249
78250
78259
78269
78270
78260
78251
78234
78233
78232
78215
78216
78217
78200
78199
78198
78197
78214
78213
78212
78211
78194
78195
78196
78180
78181
78182
78183
78166
78157
79082
79083
79084
79085
79086
79087
79088
79089
79090
78261
79091
78271
78281
79092
79093
78291
78290
78280
78279
78289
78297
78298
78299
78315
78316
78326
78335
79094
79095
78344
78353
78363
79096
79097
78373
79098
78383
78382
78381
78371
78372
78362
78352
78351
78361
78350
74432
78341
78332
78323
78333
78342
78343
78334
78325
78324
78314
78313
78312
78322
74431
78311
78310
78309
78308
78307
78306
78321
78331
78340
78349
78358
78368
78378
78388
78398
78408
78407
74433
78397
78387
78377
78367
78357
78348
78339
78330
78320
78319
78329
78338
78347
78356
78366
78376
78386
78396
78406
78422
78431
74434
78440
78449
74436
78458
78457
78448
78447
78456
78473
78474
78475
78476
78459
78460
78450
78441
78432
78423
78409
78410
78411
78412
78413
78414
78424
78433
78434
78443
78442
78451
78452
78453
78444
78435
78426
78425
78415
78399
78389
78379
78369
78359
78360
78370
78380
78390
78391
78401
78400
78416
78417
78418
78402
78392
78393
79099
79100
78403
78419
78427
78428
79101
79102
78437
78436
74435
78445
79103
78454
78471
78481
74437
78470
78469
78480
74438
78491
78501
74439
78490
78489
78479
78468
78467
78478
78466
78465
78464
78463
78462
78461
78477
78487
78497
74440
78506
78518
78519
78520
78521
78522
78523
78524
78507
74441
78498
78488
78499
78500
78508
74442
78525
78532
78533
78526
78509
78510
78527
79104
79105
78534
78541
79106
73166
68366
73149
68365
73167
73168
73151
73150
73139
73140
73129
73113
73112
73128
73138
68364
73127
68363
73111
73094
68362
73095
73096
73080
73079
73078
73071
73064
73063
68361
73047
73039
68360
73040
73048
73065
73072
68661
73049
73050
73066
73067
73074
73073
73082
73081
68663
73097
68664
73114
73115
73098
73083
73084
73099
68665
73116
73117
73118
73119
73120
73121
73105
73104
73103
73102
73101
73100
73085
73086
73087
73088
73089
73090
73091
73106
73107
73108
73109
73110
73126
73137
73950
73951
73148
73147
73146
73163
73162
73145
73134
73135
73136
73125
73124
73123
73122
73133
73144
73161
68667
73160
73159
73158
73157
73156
73155
73154
73143
73132
73131
73130
73141
73142
73153
73152
68666
73169
73170
73171
73172
68668
68670
68672
68671
73184
73173
68669
73185
73195
68673
73205
73216
73227
73226
73244
73254
73243
73242
73241
73240
73239
73238
73237
73253
73236
73225
73224
73235
73234
73223
73213
73212
73202
73192
73193
73203
73214
73215
73204
73194
73183
73182
73181
73180
73179
73178
73189
73190
73191
73201
73211
73210
73200
73199
68367
73209
73220
73231
73230
68368
73247
73257
73248
73249
73232
73221
68674
73222
73233
73250
73251
73252
73262
73261
73276
73287
73286
68679
73275
68678
73260
73259
73258
73274
73273
68369
73284
73285
73302
73303
73304
73305
73322
73332
73331
73346
73345
68683
73330
73321
73320
73319
73328
73329
68684
73353
73354
73362
73371
73380
73396
73397
73381
73382
73383
73398
73399
73400
73384
73385
73401
73402
73386
73336
73335
73334
73333
68682
73308
73309
73291
73290
73289
73307
73306
73288
73277
73278
73263
73264
73265
73266
73267
73268
73269
73279
73296
73314
73313
73295
73294
73293
73292
73310
73311
73312
73337
73338
73339
73323
73324
73315
73297
73298
73299
68680
73316
73325
73342
73341
73340
73348
73347
73355
73363
73372
73387
73388
73389
73374
73373
73364
73356
68685
73365
73366
68687
73375
73390
73391
73407
73415
73414
73406
73405
73413
73404
73403
68692
73412
73420
73421
73428
73445
73446
73429
73422
73961
73962
73963
73964
73965
73966
73967
73968
73969
73970
73971
73972
73973
73538
73974
73975
73564
73580
73596
73603
73976
73977
73609
73608
73602
73601
73607
73624
73623
73622
73621
73620
73619
73618
73617
73616
73615
73614
73606
73600
73585
73586
73587
73588
73589
73590
73591
73592
73576
73575
73574
73573
73572
73571
73570
73559
73569
73584
73568
73558
73557
73567
73566
73582
73583
73598
73599
73605
73613
73604
68702
73597
68380
73581
73565
73556
68379
73539
73531
73524
73517
73509
68378
73501
68377
73493
68376
73485
68375
73478
73486
73494
73495
73487
73479
73480
73473
68693
73472
73465
73466
73467
73474
73481
73489
73488
73496
73497
73505
73504
73512
73513
73520
73527
73534
73533
73526
73519
68694
73511
73503
73502
73510
73518
68695
73525
68696
73532
73540
73541
73542
73543
73544
73545
73546
73547
73548
73549
73550
73551
73552
73553
73560
73577
73593
73594
68700
73578
68698
73561
73562
68699
68701
73595
73579
73563
73554
73555
73537
73536
73535
68697
73528
73521
73522
73529
73530
73523
73516
73508
73500
73499
73507
73515
73514
73506
73498
73490
73491
73492
73484
73477
73470
73463
73462
73469
73476
73483
73482
73475
73468
73461
73444
73427
73443
73460
73459
73458
73442
73441
73440
73439
73457
73456
73455
73438
73437
73454
73453
73436
73435
73452
73451
73450
73433
73434
73426
73425
73418
73419
73411
73410
68691
73409
73417
73424
73432
73449
73448
68374
73471
73464
68373
73447
73430
73431
73423
68372
73416
68371
73408
73392
73393
73394
68688
73378
68689
73395
68690
73379
73370
68686
73361
73369
73360
73352
73344
73327
73318
73301
73317
73326
73343
73351
68370
73359
73367
73368
73377
73376
79111
78666
78670
74458
78669
78665
78660
78659
78658
78657
78656
78639
78640
78641
78642
78627
78643
78644
78661
78662
78645
78628
79110
79109
78622
74454
78605
78600
74451
78592
74449
79108
78575
74448
78568
78569
78553
79107
78547
74444
78540
78539
78546
78552
78567
78566
78565
78564
78563
78562
78561
78560
78559
78551
78545
78538
78531
78517
78516
78515
78514
78505
78504
78494
78495
78496
78486
78485
78484
78483
78493
78492
74217
78482
74216
78472
74215
78455
74214
78446
74213
78438
78439
78430
78421
78429
74212
78420
74211
78405
78395
78385
78375
78365
78355
78346
78337
78328
78318
78301
78302
78293
74429
78283
78273
78263
78284
78274
78264
78254
78255
78265
78275
78285
78294
78303
78304
78305
78295
78286
78276
78266
78256
78241
78242
78225
78207
78224
78223
78240
78239
78222
78221
78238
78237
78220
78219
78218
78235
78236
78253
74197
78252
74198
78262
74199
78272
74200
78282
78292
78300
74201
78317
74202
78327
74203
78336
74204
78345
74205
78354
74206
78364
74207
78374
74208
78384
74209
78394
74210
78404
82833
82834
82309
82327
82330
82835
82836
82332
82349
82348
82331
82329
82326
82308
82325
82324
82323
82322
82321
82320
82319
82318
82317
82316
82315
82314
82313
82312
82311
79642
79643
82334
82335
82352
82353
82336
82337
82338
82355
82356
82339
82340
82357
82358
82359
82341
82342
82343
82360
82377
82376
82375
82374
82373
82372
82354
82371
82370
79646
82369
82368
82351
79644
79645
82385
82389
82390
82395
82400
82394
82393
79392
82388
79391
82384
82367
79390
82350
79389
82333
79388
82328
79387
82310
82307
79386
82304
79385
82301
79384
82298
79383
82295
79382
82292
79381
82289
79380
82286
79379
82283
79378
82280
79377
82264
79376
85834
85835
85411
85410
85413
85416
85417
85414
85836
85837
85420
85419
85422
85423
85838
85839
85426
85425
85428
85432
85429
85840
85841
85433
85452
85842
85455
85474
85473
83389
85475
85476
83390
83391
85477
85843
85478
85479
85844
85845
85480
85481
85846
85847
85482
83392
85848
85849
85850
85851
85502
85501
85500
85499
85498
85497
85496
85495
85494
85493
85492
85491
85490
85489
85488
85487
85486
85485
85484
85483
83209
83210
83211
83212
83213
83214
83215
83216
83217
83218
83219
85512
85513
85514
85515
85516
85517
85518
85519
85520
85521
85522
85523
85524
85525
85526
85527
85528
85529
85530
85532
85861
85862
85534
85536
85863
85864
85538
83393
85557
85865
85866
85560
85559
85556
85555
85554
85553
85552
85551
85550
85549
85548
85547
85546
85545
85544
85543
85542
85541
85540
83220
85531
83221
85533
83222
85535
83223
85537
85539
83224
85558
83225
85561
83226
85564
83227
85567
83228
85570
83229
85573
83230
85576
83231
85579
83232
85582
83233
85585
83234
85588
83235
85591
83236
85594
83237
85597
83238
85600
83394
83239
83240
83241
83242
83243
83244
83245
83246
83247
83248
83249
83250
83251
83252
83253
85625
83254
83255
83256
83257
85626
85627
85628
85629
85630
85631
85632
85633
85634
85635
85636
85637
85638
85639
85640
85641
85642
85643
85894
85895
85896
85644
85645
85897
85898
85646
85647
85899
79440
79439
79438
79437
79436
79435
79434
79433
79432
82650
82651
82633
82634
82652
82653
82635
82636
82654
82655
82637
82638
82639
82640
82656
82657
82658
82659
82641
82642
82660
82643
82661
82662
82663
82644
82645
82646
82664
82665
82647
82648
82666
82667
82873
82874
82875
82876
82877
82878
82879
82880
82881
78883
74263
78882
74262
78881
74261
78880
74260
78879
74259
78878
74258
78877
74257
78876
74256
78859
74255
78841
78842
74474
78860
78843
78844
78826
78825
78824
78823
82649
82872
82871
82870
82869
82868
82867
82866
82865
82864
82863
82862
82861
82860
82859
82858
82857
82856
82855
82854
82853
82852
82851
82631
82630
82629
82628
82627
82626
82625
82624
82623
82622
82621
82620
82619
82618
82617
82616
82615
79410
79411
79412
79413
79414
79415
79416
79417
79418
79419
79420
79421
79422
79423
79424
79425
79426
79427
79428
79429
79430
79431
82632
85893
85892
85891
85624
83396
85623
85621
83395
85622
85890
85889
85620
85619
85617
85618
85888
85887
85616
85615
85613
85614
85886
85885
85612
85611
85609
85610
85884
85883
85608
85607
85605
85603
85604
85606
85882
85881
85602
85880
85879
85599
85601
85598
85595
85596
85878
85877
85593
85592
85589
85590
85876
85875
85874
85873
85581
85584
85587
85586
85583
85580
85577
85578
85872
85871
85575
85574
85571
85572
85870
85869
85566
85569
85568
85565
85562
85563
85867
85868
79409
82614
79408
82613
79407
82611
79406
82608
79405
82605
79404
82602
79403
82599
79402
82581
82564
79401
82547
79400
82542
79399
82543
82525
79398
79397
82508
82491
79396
82487
85857
85858
85859
85860
85511
85510
85509
85508
85507
85856
85855
85506
85505
85854
85853
85504
85503
85852
82454
82437
82438
82439
82440
82457
82456
82455
79649
82471
82475
79650
79651
82479
79652
82483
79653
82488
82492
82509
82526
82544
79655
82549
82566
82565
82548
79656
82582
82583
82584
82585
82586
82568
82567
82550
82551
82552
82569
82587
82588
82570
82553
82554
82555
82556
82557
82558
82575
82574
82573
82572
82571
82589
82590
82591
82592
82593
82594
82595
82577
82576
82559
82560
82561
82562
82545
82540
82523
82539
82538
82537
82536
82535
82518
82517
82534
82533
82532
82531
82530
82513
82512
82529
82528
82527
82510
82493
82494
82511
82495
82496
82497
82514
82515
82498
82499
82516
82500
82501
82502
82519
82520
82503
82504
82521
82522
82505
82506
82489
79654
82484
82485
82480
82476
82472
82468
82451
82432
82431
82430
82448
82449
82450
82467
82466
82465
82464
82463
82462
82461
82460
82443
82424
82442
82459
82458
82441
82423
82422
82421
82420
79395
82403
79394
82398
79393
82399
79648
82404
82405
82406
82407
82408
82425
82444
82445
82427
82426
82409
82410
82411
82428
82446
82447
82429
82412
82413
82414
82415
82416
82417
82433
82434
82452
82469
82473
82470
82453
82435
82418
82401
79647
82396
82391
82386
82382
82381
82380
82363
82362
82379
82378
82361
82344
82345
82346
82347
82364
82365
82366
82383
82387
82837
82838
82392
82839
82397
82402
82419
82436
82840
82841
82842
82474
82843
82478
82477
82481
82482
82844
82845
82486
82490
82507
82524
82541
82846
82546
82563
82580
82579
82578
82596
82597
82598
82601
82600
82603
82606
82609
79657
79659
79658
82612
82610
82850
82849
82607
82604
82848
82847
78689
78705
74225
78711
74226
78716
74227
78732
74228
78736
74229
78739
74230
78742
74231
78745
74232
78749
74233
78754
74234
78758
74235
78762
74236
78766
74237
78769
74238
78772
74239
78775
74240
78778
74241
78781
74242
78784
74243
78788
74244
78792
74245
78795
74246
78798
74247
78801
74248
78804
74249
78807
74250
78810
74251
78813
74252
78816
74253
78819
74254
78821
78822
78820
78817
78814
78811
78808
78805
78802
78799
78796
78793
78789
78785
78782
78779
78776
78773
78770
78767
78763
78759
78755
78750
78746
78743
78740
78737
78733
78717
78712
78706
78690
78691
78673
78672
78671
78667
78663
74224
78646
74223
78629
74222
78630
74456
78647
78648
78631
74455
78625
78609
78603
78597
78580
78579
78596
78595
74452
78602
78608
78607
78624
78623
74221
78606
78601
78593
78594
78578
78577
78576
78570
78554
78548
74220
78542
74219
78535
74218
78528
78511
78502
78503
78512
78513
74443
78529
78530
78537
78544
78536
78543
78549
74445
78555
74447
78571
78572
74446
78550
78556
78557
78558
78573
78582
78581
78598
74450
78583
78584
78585
78586
78587
78588
78589
78590
78574
78591
78599
74453
78604
78621
78620
78619
78618
78617
78616
78615
78614
78613
78612
78611
78610
78626
78632
78633
78634
78635
78636
78637
78638
78655
78654
78653
78652
78651
78650
78649
78664
74457
78668
78675
78676
78677
78678
78679
78680
78681
78682
78683
78701
78700
78699
78698
78697
78696
78695
78694
74461
78693
78674
78692
78707
78713
74463
78718
78719
78720
78721
78722
78723
78724
78725
78726
78727
78728
78738
78734
78729
78714
78715
78709
78708
74462
78702
78684
78685
78686
74459
78703
78704
78687
78688
74460
78710
79112
78731
78730
74464
78735
79113
79114
74465
74466
78741
78744
78747
78751
74467
78756
78752
78748
79115
78753
78757
78761
78760
74468
74469
78764
74470
78765
78768
79116
78771
78774
79117
79118
78777
79119
78780
78783
74471
78786
78787
79120
79121
78791
74472
79122
79123
79124
79125
79126
79127
79128
78790
78794
78797
78800
78803
78806
78809
78812
78815
74473
78818
79129
79130
78840
78839
78838
78837
78836
78835
78852
78834
78833
78832
78831
78849
78848
78847
78846
78830
78829
78828
78827
78845
78861
78862
78863
78864
78865
78866
78867
78850
78851
78868
78869
78870
78853
78854
78871
78872
78873
78855
78856
78857
78874
78858
78875
79131
79132
79133
79134
79135
79136
79137
79138
16
17
0
