0
1
3
2
4
5
194
195
193
192
1471
1472
1473
1474
1475
1476
1477
1478
1479
1480
1481
1482
1483
1484
1485
1486
1487
1488
1489
1490
1491
1492
1493
1494
1495
1496
1497
1498
1499
1500
1501
1502
1503
1504
1505
1506
1507
1508
1509
1510
1511
1512
1513
1514
1515
1516
1517
1518
1519
1520
1521
1522
1523
1524
1525
1526
1361
1527
1528
1529
1530
1531
1532
1533
1534
1535
1536
1537
1538
1539
1540
1541
1542
1543
1544
1545
1546
1547
1548
1549
1550
1551
190
191
189
188
186
187
185
184
182
183
181
180
178
179
177
176
174
175
173
172
170
171
169
168
166
167
165
164
162
163
161
160
158
159
157
156
154
155
153
152
1781
1782
1783
1784
1785
1786
1787
1788
1789
1790
1791
1792
1793
1794
1795
1796
1797
1798
1799
1800
1801
1802
1803
1804
1805
1806
1433
1807
1808
1809
1810
1811
1812
1813
1814
1815
1816
1817
1818
1819
1820
1821
1822
1823
1434
1348
1347
1346
1345
1344
1343
1342
1341
1340
1339
1338
1337
1336
1335
1334
1333
1332
1331
1330
1432
1329
1328
1327
1326
1325
1324
1323
1322
1321
1320
1319
1318
1317
1316
1431
1315
1314
1313
1312
1311
1310
1309
1308
1430
1307
1306
1305
1304
1303
1302
1301
1300
1299
1298
1297
1296
1295
1294
1293
1292
1291
1290
1289
1288
1287
1286
1428
1285
1284
1283
1282
1281
1280
1279
1278
1427
1429
1780
1779
1778
1777
1776
1775
1774
1773
1772
1771
1770
1769
1768
1767
1766
1765
1764
1763
1762
1761
1760
1759
1758
1757
1756
1755
1754
1753
1752
1751
1750
1749
1748
1747
1426
1746
1745
1744
1743
1742
1741
1740
1739
1738
1737
1736
1735
1734
1733
1732
1424
1731
1730
1729
1728
1727
1726
1725
1724
1723
1722
1721
1720
1719
1718
1717
1716
1715
1714
1713
1712
1711
1710
1709
1708
1707
1706
1705
1704
1703
1702
1421
1701
1700
1699
1698
1697
1696
1695
1694
1693
1692
1419
1691
1690
1418
1689
1688
1687
1417
1686
1685
1684
1683
1682
1681
1680
1679
1678
1677
1676
1675
1674
1673
1672
1671
1670
1669
1668
1667
1666
1665
1664
1663
1662
1661
1660
1659
1658
1657
1656
1655
1654
1653
1652
1651
1650
1649
1648
1647
1646
1645
1644
1643
1642
1403
1641
1640
1639
1638
1637
1636
1635
1634
1633
1632
1631
1630
1629
1628
1627
1404
1407
1409
1410
1411
1413
1412
1416
1414
1198
1199
1200
1201
1202
1415
1203
1204
1205
1206
1207
1208
1209
1210
1211
1212
1213
1214
1215
1216
1217
1218
1219
1220
1221
1420
1222
1223
1224
1225
1226
1227
1228
1229
1230
1231
1232
1233
1234
1235
1236
1237
1238
1239
1422
1240
1241
1242
1423
1243
1244
1245
1246
1247
1248
1249
1250
1251
1252
1253
1254
1255
1256
1257
1258
1259
1260
1261
1262
1263
1425
1264
1265
1266
1267
1268
1269
1270
1271
1272
1273
1274
1275
1276
1277
15232
11640
15231
11639
15230
11638
15229
11637
15228
11636
15227
11635
15226
11634
15225
11633
15224
11632
15223
11631
15222
11630
15221
11629
15220
11628
15219
11627
15218
11626
15217
11625
15216
11624
15215
11623
15214
11622
15213
11621
15212
11620
15211
11619
15194
15195
15196
15197
15180
15163
15162
15179
15178
15177
15160
15161
15144
15143
15126
15127
15128
15145
15146
15129
15130
15147
15148
15131
15132
15149
15166
15167
15150
15133
15134
15151
15168
15169
15170
15153
15152
15135
15136
15137
15138
15155
15154
15171
15187
15186
15185
15184
15183
15182
15165
15164
15181
15198
15199
15200
15201
15202
15203
15204
15205
15188
15189
15206
15207
15208
15191
15175
15192
15209
15210
15193
15176
15159
15158
15157
15174
15173
15190
15172
15156
15139
15140
15141
15142
15125
15123
15121
15119
15498
15499
15500
15501
15502
15503
15504
15505
15506
15507
15508
15509
15510
15511
15512
15513
15514
15515
15516
15517
15518
15519
15520
15521
15522
15523
15524
15525
15526
15527
15528
11099
7885
11098
7884
11097
7883
11096
7882
11095
7881
11094
7880
11093
7879
11092
7878
11091
7877
11090
7876
11089
7875
11088
7874
11087
7873
11086
7872
11085
7871
11084
7870
11083
7869
11082
7868
11081
7867
11080
7866
11079
7865
11078
7864
11077
7863
11076
7862
11075
7861
11074
7860
11073
7859
11072
7858
11071
7857
11070
7856
11069
7855
11068
7854
11067
7853
11066
7852
11065
7851
11064
7850
11063
7849
11050
11051
11052
11053
11054
11055
11056
11057
11058
11059
11060
11061
11062
8065
11049
11047
11045
11043
11041
11039
11037
11035
11033
11031
11029
11027
11025
11023
11021
11019
11017
11015
11013
11011
11009
11007
11005
11003
11001
10999
10997
10995
10993
10988
10987
10986
10985
10984
10983
10982
10981
10980
10979
10978
10977
10976
10975
7820
10992
7821
10994
7822
10996
7823
10998
7824
11000
7825
11002
7826
11004
7827
11006
7828
11008
7829
11010
7830
11012
7831
11014
7832
11016
7833
11018
7834
11020
7835
11022
7836
11024
7837
11026
7838
11028
7839
11030
7840
11032
7841
11034
7842
11036
7843
11038
7844
11040
7845
11042
7846
11044
7847
11046
7848
11048
15484
15485
15486
15487
15488
15489
15490
11846
11847
11848
15491
15075
15078
15492
15493
15494
15495
15496
15497
15117
15115
15113
15111
15095
15094
15093
15110
15109
15108
15092
15107
15091
15090
15106
15105
15104
15103
15089
15088
15087
15086
15102
15101
15085
15084
11849
11612
15071
11613
15072
11614
15073
15074
11615
15076
15077
15079
15080
15081
15082
15083
15100
15099
15098
15097
11850
11851
11852
11853
11618
15124
15122
11617
15120
11616
15118
15116
15114
15112
15096
20472
20471
20025
20033
20050
20473
20474
20058
20057
20049
20032
20031
20048
20056
20064
20065
20066
20475
20073
20079
20078
20072
20071
20063
20062
16011
20070
16013
20077
20083
20100
20084
16015
20476
20477
20106
20105
20111
20118
20112
20478
20479
20480
20124
20141
20481
20145
20150
20482
20483
20155
20484
20485
20486
20169
20165
20160
20159
20164
20163
20167
20168
20173
20174
20487
20488
20489
20490
20491
20492
20493
20494
20495
20496
20497
20498
20499
20500
20501
20235
20233
20231
20229
20227
20225
20223
20221
20219
20217
20214
20211
16019
20195
20191
20172
20190
20189
20188
20187
20186
20194
20210
20209
20208
20207
20206
20205
20204
20203
20185
20184
20183
20182
20181
20180
20179
20202
20201
20200
20199
20198
20193
20197
20213
20216
16020
15750
20234
20232
15749
20230
15748
20228
15747
20226
15746
20224
15745
20222
15744
20220
15743
20218
20215
15742
20212
15741
20196
20192
15740
20175
20170
15739
20171
20176
20177
20178
20166
16018
20162
20157
20152
15738
20161
20156
15737
20151
15736
20146
15735
20147
20142
16017
20126
20125
15734
20119
15733
20113
15732
20108
20107
15731
20101
15730
20085
20086
20102
20087
20103
20109
20115
20114
20120
20121
16016
20127
20128
20129
20130
20131
20132
20133
20134
20135
20136
20137
20138
20143
20148
20153
20158
20154
20149
20144
20140
20139
20122
20123
20117
20116
20110
20104
20099
20098
20097
20096
20095
20094
20093
20092
20091
20090
20089
20088
16014
20076
16012
20069
20061
16010
20053
16009
20037
20038
20039
20040
20041
20042
20043
20044
20045
20046
20054
20055
20047
16008
20030
20022
20015
20016
20023
20024
20017
20009
16007
20010
20470
20003
20002
20001
20008
16006
20000
16005
16004
19975
19960
19959
16001
19948
19949
19950
19951
19961
19962
19963
19977
19976
19984
19985
19978
19986
19987
19979
19964
19953
15999
19936
15998
19919
19918
19935
19952
19934
19933
19932
19931
19913
19902
19890
19891
19892
19893
19905
19904
19903
19914
19915
19916
19917
19906
19894
19881
19880
19879
19878
19867
19866
19865
19864
19863
19862
15995
15996
19901
19912
19911
15997
19900
19888
19889
19877
19876
19859
19858
19875
19887
19899
19898
19897
15724
19885
19886
19874
19873
19856
19857
19846
19845
19835
19834
15723
19819
19820
19836
19847
19848
19837
19838
19849
19860
19861
15992
19824
15988
19807
19808
19825
19826
19809
19810
19811
19827
19828
19850
19839
19812
19796
19813
15989
19829
19840
15993
19851
15994
19868
19869
19852
19841
15991
15990
19814
19797
19798
19815
19830
19842
19843
19832
19831
19816
19799
19800
19817
19818
19833
19844
19855
19872
20463
20464
20465
19896
19884
19871
19854
19853
19870
19882
19883
19895
19907
19908
20466
20467
20468
20469
15070
11611
15069
11610
15068
11609
15067
11608
15066
11607
15065
11606
15064
11605
15063
11604
15062
11603
15061
11602
15060
11601
15043
15041
11600
15039
11599
15037
11598
15035
11597
15018
15001
15019
15002
15003
15020
15021
15022
15005
15004
14987
14986
14985
14984
14983
11596
14982
11595
14981
11594
14980
11593
14979
11592
14978
11591
14977
14975
11590
14973
11589
14970
11588
14967
11587
14968
14971
14974
14976
11845
14988
14989
14990
14991
14992
14993
15010
14994
15011
15012
14995
14996
15013
15014
14997
14998
14999
15000
15017
15016
15034
15033
15032
15015
15031
15030
15029
15028
15027
15026
15025
15009
15008
15007
15024
15006
15023
15044
15045
15046
15047
15048
15049
15050
15051
15052
15053
15054
15055
15056
15057
15058
15059
15483
15482
15481
15480
15479
15478
15042
15040
15477
15476
15038
15036
15475
15474
15473
15472
15471
15470
15469
15468
15467
15466
15465
15464
15463
14972
11844
14969
14966
14964
14961
14958
14955
14937
14935
14918
14901
14884
14867
14850
14849
14848
14847
14845
14862
14861
14878
14879
14880
14896
14895
14894
14911
14910
14893
14892
14909
14926
14925
14908
14907
14924
14923
14906
14905
14888
14887
14871
14872
14927
14928
14915
14913
14930
14929
14912
14877
14876
14891
14857
14856
14855
14854
14838
14837
14836
14853
14870
14869
14868
14851
14852
14835
14834
14817
14818
14819
14820
14821
14822
14839
14840
14823
14824
14825
14826
14828
14827
14844
14843
14860
14859
14842
14841
14858
14875
14874
14873
14890
14889
14922
14921
14904
14903
14886
14885
14902
14919
14920
11842
14936
14940
14939
11584
14956
11585
14959
11586
14962
14965
11843
14963
14960
14957
14941
14942
14943
14944
14945
14946
14947
14948
14949
14950
14951
14952
14953
14954
14934
14917
14900
14899
14916
14933
14932
14931
14914
14897
14898
14881
14882
14883
14866
14865
14864
14863
14846
14829
14830
14831
14832
14833
14815
14811
14807
14808
15446
15447
14812
14816
15448
15449
15450
15451
15452
15453
15454
15455
15456
14938
15457
15458
15459
15460
15461
15462
10973
7819
10971
7818
10969
7817
8063
10966
7816
10964
7815
10962
7814
10945
10946
10947
10948
10949
10950
10951
10952
8062
10940
7813
10937
7812
10934
7811
10931
7810
10928
7809
10925
7808
10922
7807
10919
7806
10916
7805
10913
7804
10910
7803
10907
7802
10904
15445
14804
14803
14799
14800
15444
15443
11841
11839
14761
11838
14776
14779
14796
14795
14794
14793
14792
14791
14790
14789
14788
14787
14786
14785
14784
14783
14782
14781
14798
14802
14806
14810
14814
14813
11583
14809
11582
14805
11581
14801
11580
14797
11579
14780
14777
14778
14762
14763
14747
14731
14746
11578
14730
14713
14714
14715
14716
14717
14734
14733
14732
11837
14748
14749
14764
11840
14765
14766
14767
14751
14750
14735
14718
14719
14736
14737
14752
14768
14769
14770
14771
14754
14739
14753
14738
14720
14721
14722
14723
14740
14755
14756
14772
14773
14774
14775
14760
14759
14758
14757
14741
14724
14725
14742
14743
14726
14727
14744
14728
14729
11836
14745
15442
15441
15440
14712
14711
11834
14708
14692
15439
15438
14688
14687
14691
14707
14706
14705
14704
14703
14702
14701
14700
14699
14698
14697
11835
14696
14695
14710
14709
14693
14694
14690
14686
14689
11577
14685
11576
14668
11575
14651
14649
11574
14647
11573
14644
11572
14641
14637
11571
14621
11570
14605
11569
14599
14592
14600
14606
14622
14638
11831
14623
11830
14607
14601
11827
14594
14593
11826
14577
14576
14575
14569
20420
19092
20421
20422
20423
15941
15943
15944
20424
19170
19186
15947
19169
19158
19168
19157
19146
19147
19126
19110
19101
19100
19091
19081
19080
19079
19062
19063
19046
19045
19027
19017
19018
19028
19029
19030
15935
19047
15936
19064
19065
15937
19082
20419
20418
20417
19048
19031
20416
20415
19020
19019
15933
19002
18993
19003
18994
18977
18976
18967
18968
18953
18952
18934
18925
18935
18926
20414
20413
18916
18915
18905
18904
18914
18913
18912
18922
18923
18924
18933
18932
18931
15926
18921
18911
18901
15924
18889
18879
18870
18871
18880
18881
18872
18873
18882
18891
18890
18902
18903
18892
18893
18894
18906
18895
20412
18885
20411
20410
18876
18875
18884
18883
18874
18863
18853
18843
18833
18834
18844
18854
18864
18865
18866
20409
20408
18856
18855
18845
18846
20407
20406
18836
18827
20405
20404
18810
18801
20403
20402
18792
18791
18790
18799
18808
18800
18809
18826
18835
18825
18824
15920
18823
18832
18842
18852
18862
18861
18860
18850
18851
18840
18841
18831
18830
18822
18805
18796
18787
18779
18771
18762
18751
18750
18749
18748
18747
18746
18745
18744
15914
18761
15916
18770
18778
15918
18769
18768
18767
18758
18759
18760
18743
18742
15684
18741
25298
23762
23761
23760
23769
23759
23758
20901
23768
23784
23785
20905
23810
23809
23808
23793
23783
23782
23767
23756
23746
23757
23747
23736
23735
23718
23717
23734
23733
23732
23716
23715
23699
23700
23701
23702
23703
23719
23720
23721
23722
23723
23707
23708
23724
23740
23739
23738
20898
23737
23748
20900
23749
23750
23751
23741
25297
23725
23709
23692
25296
23677
25295
25294
23662
23661
23676
23691
23690
23689
23706
23705
23688
23687
23704
23686
23685
23670
23655
23671
23672
23673
23674
23675
23660
23659
23658
23657
23656
23642
23641
23640
23639
23638
23637
23623
23610
23609
23622
23636
23654
23653
23652
23668
23669
23684
20895
23683
23682
23667
23666
23665
23664
23649
23650
23651
23634
23635
23621
23608
23607
23620
23619
23633
23632
23618
23606
23605
23604
20644
23617
23631
20645
23648
20646
23663
20647
23678
20648
23693
23694
23695
23679
23680
23681
23696
23713
20896
23697
23698
20897
23714
23731
23730
23729
20899
23745
23755
23766
23777
23776
20904
23791
23800
23799
23790
23775
23789
23774
23764
23765
23754
23753
23743
23744
23727
23728
23712
23711
23710
23726
23742
20649
23752
20650
23763
23773
23788
23797
23798
20907
23814
23815
23824
23823
23822
20651
23830
23831
23832
23833
23842
23851
23850
23841
23840
20652
23839
20653
23848
23849
20910
23857
23858
23859
23868
23867
20911
23876
23893
23894
23902
23911
23912
23913
23914
23915
23916
23917
23903
23904
23896
23895
23882
23881
23880
23879
23878
23877
23869
23860
23852
23843
23834
23825
20908
23816
23801
23802
23803
23804
23805
23806
23778
23779
23780
23781
23792
23807
23818
23817
23826
23827
23836
23835
23844
23845
23853
23854
23862
23871
23861
23870
23883
23884
23885
23886
23887
23888
23872
23863
23855
23846
23837
23828
23819
23811
20906
23794
23786
20902
23770
23771
23772
20903
23787
23795
23796
23813
25299
25300
23821
23812
23820
20909
23829
25301
23838
23847
25302
25303
23856
23864
25304
25305
23873
23890
23889
23897
23905
23922
23931
23948
23956
23947
23946
23945
23921
23920
23919
23918
23930
23944
23955
23954
23943
23929
23942
23941
23940
23939
23938
23928
23937
23963
23962
23961
23977
23985
23984
23976
23960
23953
23952
23936
23935
23951
20915
23950
23959
23975
23983
23992
23993
23994
24009
24008
24007
20662
23991
23982
20661
23974
20660
23958
20659
23949
20658
23933
23925
23934
23926
23909
23927
20912
23910
23901
23892
23900
23908
23907
23899
20657
23891
20656
23874
20655
23875
23866
20654
23865
30209
30208
28615
28604
30207
30206
28580
30205
30204
28568
28567
28579
28592
28591
28603
28614
28626
28627
28639
28638
25766
28637
28625
28613
28602
28590
28578
28566
28550
28549
28565
28577
28589
28601
28612
28624
28636
28635
28623
28611
28600
28588
28576
28575
28587
28599
28610
28622
28634
28648
28647
25767
28664
28665
28666
28683
28682
28681
28680
25770
28695
28696
28697
28698
28714
28731
28713
28712
28730
28741
28742
28743
28744
28756
28755
28768
28769
28781
28782
28770
28757
28745
28733
28732
25772
28715
28699
28685
28684
28667
28649
28650
28651
28668
28669
28652
28653
30210
30211
28670
28687
28686
28700
28701
28717
28716
28734
30212
30213
28746
28758
30214
30215
28771
28783
28795
28808
30216
30217
28821
28834
30218
28848
28862
30219
30220
28876
28890
28889
28875
28861
28847
28833
25782
28832
28846
28845
28844
28831
28830
28843
28842
28829
28815
28816
28803
28802
28790
28778
28779
25779
28791
28804
28817
28818
28805
28806
28819
28820
28807
28794
28793
28792
28780
25777
28767
28754
28753
28766
28765
28752
28740
28729
28711
28710
28728
28727
28726
28725
28739
28751
28764
28777
28789
28801
28814
28828
28841
28840
28827
28813
25781
28800
25780
25778
28788
28776
28763
25775
28750
28738
28723
28724
28706
25771
28693
28692
28691
28674
28657
28658
25768
28675
28676
28694
28707
28708
28709
25769
28678
28679
28663
28662
28661
28677
28660
28659
28645
28644
28631
28619
28620
28632
28646
28633
28621
28609
28608
28607
28606
28618
25765
28630
28643
28642
28656
28673
28690
28704
28705
28722
28721
25773
28737
25774
28749
28775
28787
28774
25776
28762
28761
28760
28759
28748
28747
28735
28718
28736
28720
28719
28703
28702
28688
28689
28672
28671
25552
28654
28655
28641
28640
25551
28628
28629
28617
28616
25550
28605
25764
28594
28593
25549
28581
25548
28569
25547
28553
28554
28543
25762
28527
28526
28509
28492
28478
28479
28480
28481
28467
28451
28452
28453
28436
28435
28434
28433
28420
28421
28409
28393
28392
28375
28374
28391
28408
28419
28432
28450
28449
28466
28465
25546
28448
28431
28418
28407
25545
28390
28373
28356
28339
28328
28313
28314
28329
28340
28357
28358
28341
28342
28330
25747
28315
25745
28300
28299
28298
28297
28285
28286
28275
28274
28263
28264
28248
28232
28247
28231
28220
25544
28202
28221
28222
28233
28249
28265
28276
28287
28288
28316
28331
28332
28345
28362
28363
28346
28333
28317
28318
28319
28320
28334
28349
28366
28365
28348
28347
28364
28382
28381
28380
28379
28378
28361
28344
28343
28360
28359
28376
28377
28394
28395
28396
28411
28410
25753
28422
28423
28437
28438
28439
28456
25757
28471
28455
28454
28470
28469
28468
28482
28496
28497
28483
28484
28498
28499
28500
28501
28517
28534
28533
28516
28515
28514
28513
28530
28529
28512
28495
28494
28493
28510
28511
28528
28544
28556
28571
28555
28570
28582
28583
28595
28596
28597
28598
28586
28574
28585
28584
28572
28573
28558
28557
28545
28546
28531
28532
28547
28559
28560
28561
28562
28563
28564
25763
28548
28538
28539
28540
28522
28521
28520
28537
28536
28535
28518
28519
28502
28503
28504
28486
28485
25758
28472
28458
28457
28440
28424
28412
28397
28398
28399
28400
28413
28425
28441
28459
28442
28443
28460
28473
28474
28461
28462
28475
28487
28505
28488
28489
28476
28477
28490
28507
25759
28506
25760
28523
28524
25761
28541
28551
28552
30203
30202
28542
28525
30201
30200
28508
28491
25756
30199
30198
28447
28430
28417
30197
30196
30195
28389
28372
30194
30193
28355
28338
28327
28326
28337
25749
28354
25750
28371
25751
28388
25752
28405
28406
28416
28429
25755
28446
28464
28463
28428
28445
28444
28426
25754
28427
28415
28404
28387
28370
28369
28368
28385
28386
28403
28402
28414
28401
28383
28384
28367
28350
28321
28322
28335
28351
28352
28353
28336
25748
28324
28325
28310
28309
28323
28308
28294
28282
28271
28283
28295
28311
28312
28296
30192
30191
28284
28272
28273
30190
28262
30189
25738
28230
28219
30188
30187
30186
30185
30184
30183
28142
28132
30182
30181
28122
28121
28131
28141
28159
28158
25734
28174
28183
28192
28201
28218
28229
25737
28246
28261
25739
25736
28217
28216
28228
28245
28244
28260
28259
28270
28281
28293
28307
28306
28305
28292
28280
28269
28304
28303
25744
28291
28290
28302
25746
28301
25743
28289
25742
28277
28278
28279
28268
28267
28266
25741
25740
28251
28250
28234
28235
28252
28236
28223
28224
28237
28253
28254
28255
28239
28238
28225
28208
28207
28206
28205
28204
28203
28194
28193
28184
25543
28175
25542
28160
28143
28133
25541
28123
25540
28113
25539
28104
28095
28086
28077
28068
28059
25538
28050
25537
28033
28034
28035
28036
28037
28038
28039
28052
28053
28062
28061
28051
28060
28069
28070
28071
28080
28079
28088
28097
28089
28098
28107
28106
28116
28117
28127
28137
28150
28151
28152
28169
28168
28167
28179
28178
28177
28163
28162
28145
28146
28135
28148
28147
28164
28165
28166
28149
28136
28126
28125
28115
28105
28096
28087
28078
25729
25730
25731
25732
25733
28114
28124
28134
28144
28161
28176
28185
25735
28195
28186
28187
28188
28197
28196
28209
28210
28211
28212
28198
28189
28180
28170
28171
28172
28181
28190
28199
28214
28213
28226
28241
28240
28256
28257
28258
28242
28243
28227
28215
28200
28191
28182
28173
28156
28157
28140
28130
28120
28110
28101
28092
28083
28074
28065
28056
28047
28046
28030
28022
28011
28000
27988
27970
27987
27969
27952
27953
27940
27941
27942
27956
27957
27975
27974
27973
27955
27954
27972
27971
27989
27990
28001
28012
28023
28031
28048
28049
28032
28024
28013
28002
27991
27992
27993
30169
30170
30171
30172
30173
30174
28058
28067
28057
28066
28075
28084
28093
28102
28111
28112
30180
30179
28103
28094
30178
30177
28085
28076
30176
30175
23256
23247
23248
23257
23258
23266
23265
23264
23274
23275
23292
23309
23291
23308
23325
23342
23359
23376
23377
23360
23361
23378
23395
23412
23411
23394
23393
23410
20636
23427
23428
20637
23444
20638
23461
20639
23477
23478
23462
23445
23446
23447
23429
20883
23413
23396
23397
23380
23379
23362
23345
23328
23311
23327
23344
23343
23326
23310
23293
23276
23277
23294
23278
23295
23312
23313
23330
23329
23346
23363
23381
23364
23347
23348
23331
23332
23314
23297
23296
23279
23280
23281
23298
23315
23316
23317
23300
23299
23282
23283
23284
23285
20873
23268
23260
23251
20870
23242
23233
23224
23225
23216
23217
23218
23227
23236
23235
23226
23234
23243
23252
23244
23245
23254
23253
23262
23271
23272
23273
20874
23290
25277
25278
25279
25280
25281
25282
25283
25284
25285
23426
20882
23409
20881
23392
20880
23375
20879
23358
20878
23341
20877
23324
20876
23307
23306
23305
20875
23289
23288
23270
23261
23269
23287
23286
23303
23304
23321
23322
23323
23340
23339
23338
23320
23337
23354
23353
23336
23319
23302
23301
23318
23335
23352
23351
23334
23333
23350
23349
23366
23365
23382
23383
23384
23367
23368
23385
23403
23404
23387
23386
23369
23370
23371
23372
23355
23356
23357
23374
23373
23389
23388
23405
23422
23421
23420
23419
23402
23401
23400
23399
23416
23417
23418
23433
23432
23431
23415
23398
23414
23430
20884
23448
23465
20885
23464
23463
23479
23490
23489
23488
23505
23521
20640
23535
20641
23549
20642
23563
20643
23577
23591
23592
23593
23594
23580
23566
23552
23538
23539
23526
23525
23509
23508
23524
23523
23537
23551
23565
23579
23578
23564
23550
23536
23522
23506
23507
23491
23480
23492
23493
23481
23466
23449
23450
23451
23434
23435
23436
23454
23437
23438
23455
23471
23484
23472
23456
23439
23423
23406
23407
23390
23391
23408
23425
23424
23440
23457
23473
23474
23475
23459
23458
23441
23442
23443
23460
23476
23487
25286
25287
23504
23520
23534
23533
23547
23548
25288
25289
23562
23576
23575
23561
23560
23574
23573
23559
23530
23531
23545
23546
23532
23519
23503
23486
23485
20886
23502
23518
23517
20887
23501
23500
23516
23528
23529
23544
23543
23557
23558
23572
23571
23570
23556
23542
20889
23515
23498
23499
23483
23470
23469
23453
23452
23468
23467
23497
23514
23513
23496
23495
23482
23494
23510
23511
23512
20888
23527
23540
23541
23555
23554
23553
23567
23568
23569
23583
23582
23581
20890
23595
23596
23597
20892
23611
23624
23625
23612
23599
23598
23584
23585
23586
23600
20893
23613
23614
23627
23626
20894
23643
23644
23645
23646
23647
25293
25292
23630
23629
23628
23615
23616
23603
23602
23601
20891
23587
23588
23589
23590
25291
25290
18636
18637
18647
18646
15682
18656
18666
18675
18676
18685
18684
18701
18711
18702
18703
18713
18712
18722
18721
15683
18731
18732
18723
18733
15913
18734
18724
15912
18714
15911
18704
15909
18688
18689
18690
18691
18692
18678
18669
18660
18659
15904
18668
15906
18677
18687
18686
18667
18657
18658
18648
18638
18628
18612
18611
18610
18627
18626
18609
18591
18573
18592
18593
18594
18595
18576
18575
18574
18564
18563
15681
18554
18545
15680
18546
18555
18556
18565
18566
18567
18577
18578
18596
18613
15900
18629
15901
18639
18649
15902
18614
18615
18616
18617
18599
18598
18597
18579
18580
18581
18582
18600
18618
18619
18601
18583
18584
18568
18558
18549
18540
18531
18522
18513
18504
15897
18494
18495
18505
18506
18507
18516
18517
20387
20386
18508
18499
18498
18497
18496
18488
18487
18486
18478
18470
18462
18463
18471
18479
18480
18472
18481
18489
20385
20384
20383
18473
18465
20382
20381
18457
15896
18440
18425
18424
18439
18438
18456
18464
18455
18437
18423
18422
18436
18454
18453
18435
18452
18451
18450
18449
18434
18433
18432
18431
18448
18447
18430
18420
18402
18403
18404
15893
18405
18406
18407
18408
15894
18421
18409
18390
18391
18392
18377
18378
18393
18410
18411
18394
18412
18413
18414
18397
18396
18395
18380
18379
18362
18361
18344
18345
18363
18346
18328
18310
18309
18327
18326
18325
18324
18342
18343
18360
18359
18376
18375
18358
18341
18340
18339
18321
18320
18338
18355
18372
18373
18356
18357
18374
18389
18388
18387
15891
18371
18370
18353
18354
18337
18319
18301
18300
18318
18336
18335
18334
18317
18299
18298
18316
18315
18333
18350
18349
18332
18314
18296
18295
18313
18331
18348
18365
18366
18367
18368
18351
18352
18369
18386
18401
15892
18385
18384
18383
18382
15668
18398
18399
18416
18427
18442
18443
18460
18459
18467
18475
18483
18491
18501
18510
18519
18528
18529
18520
18511
18502
18492
18484
18476
18468
18444
18428
18417
18400
18418
18419
15895
18429
18446
18445
18461
18469
18477
18485
18493
18503
18512
18521
18530
18539
18548
15898
18557
18547
18538
18537
18536
15679
18527
15678
18518
15677
18509
15676
18500
15675
18490
15674
18482
15673
18474
15672
18466
15671
18458
15670
18441
18426
15669
18415
25276
23263
23255
23246
25275
25274
23237
23228
25273
25272
23219
23210
23192
23191
23190
23175
23163
23162
23174
23189
23209
23208
23207
23206
23205
23215
23204
23186
23187
23188
23173
23172
23160
23150
23151
23161
23152
23153
23143
23144
23154
23164
20867
23176
23165
25271
25270
23155
23145
25269
23135
23134
23133
23122
23112
23101
23090
23091
23102
23113
23123
23124
25268
25267
23114
23103
25266
25265
23092
23081
25264
25263
23070
23059
23044
23028
23016
23015
20858
23043
23058
23042
23057
23068
23069
23080
23079
23078
23067
23056
23055
23066
23065
23054
23038
23037
23036
23009
23008
23007
23006
23005
22993
22981
22965
22966
22967
22968
22969
22970
22982
22983
22995
22994
23010
23023
23024
23039
23040
23041
23025
23011
22996
23012
23013
23026
23027
23014
22998
22999
23000
25262
25261
22988
22987
22986
22974
22975
22976
22960
22947
22935
22924
22923
22922
22933
22934
22946
22959
22958
22957
22973
22985
22997
22984
22971
22972
22956
22955
20851
20849
22943
22944
22945
22932
22931
20847
22919
22920
22921
22904
22903
22902
22918
22917
22901
22900
22916
22915
22899
22898
22886
22871
22872
22873
22874
22875
22887
22888
22889
22905
22906
22907
22908
22892
25260
25259
22880
22879
22891
22890
22878
22861
22877
22876
20842
22860
22849
22838
22825
22824
22823
22808
22809
22810
22811
22826
22827
22812
22828
22840
22839
22850
22851
22862
22863
22864
25258
25257
25256
22831
22842
22853
22852
22841
22830
22829
22814
22813
22795
22794
22780
22779
22778
22763
22764
22746
22747
22765
22766
22781
22782
22783
22796
22784
22785
22797
22798
20836
22815
25255
25254
22786
22771
22753
25253
22735
22752
22770
22769
22768
22767
22749
22748
22720
22719
22702
22701
22700
22699
22716
22717
22718
22745
22762
22744
22743
22761
20835
22777
22793
20834
22760
22742
22741
22759
22758
22776
22775
22790
22774
22789
22801
22818
22834
22835
22836
22819
20837
22803
22802
22791
22792
22804
20838
22805
22806
22807
22822
22821
22820
20839
22837
20840
22848
22859
20841
22870
22869
22885
20843
22914
22930
22942
20850
22954
20853
22953
22952
22940
22941
22929
20846
22913
20845
22897
22896
22884
22868
22858
22847
22846
22845
22833
22844
22855
22856
22857
22867
22883
22895
20844
22911
22912
22928
22939
22927
20848
22938
22951
20852
22963
22964
22980
22992
20856
23004
23020
23031
23032
23021
23022
23033
20861
23049
23034
23035
23050
23051
23052
23053
23064
23075
23076
23077
23088
23089
23100
23111
23121
23132
23142
23141
23131
23130
23119
23120
23110
23099
23109
23098
23087
23086
23097
23108
23118
23129
20865
23140
20866
20868
23182
23183
23184
23185
23203
23202
23201
23200
23199
23198
23181
23180
23179
23194
23195
23196
23197
23213
23214
23223
23222
23231
23232
23241
23240
23250
20871
23259
23267
20872
23249
20869
23212
23221
23230
23239
23238
20635
23229
20634
23220
20633
23211
20632
23193
23177
23178
23168
23169
23148
23158
23170
23171
23159
23149
23139
23128
23117
23107
23096
23095
23106
23116
23127
23138
23137
23147
23157
23167
23166
23156
20631
23146
20630
23136
20629
23125
20628
23126
23115
20864
23105
23104
20627
23093
20626
23082
20625
23071
23094
23083
23072
23060
20862
23061
20863
23062
23073
23084
23085
23074
23063
23048
23047
20860
20859
23019
20857
23003
20855
22991
20854
22979
22978
22962
22961
20624
22977
22990
22989
23001
23017
23002
23018
23029
23030
23046
23045
30160
30159
30158
27814
27797
30157
30156
27786
27775
27774
27785
27796
27813
27812
25715
27811
25716
27828
27829
27830
27831
25717
27848
27857
30161
30162
27866
27875
30163
30164
27884
27893
30165
30166
27901
30167
27910
30168
25723
27926
27919
27918
25722
27909
27925
27917
27908
27899
27900
27892
27883
27891
27882
27873
27874
27865
27864
27855
27856
27847
27846
27845
27827
27826
27843
27844
27854
27863
27872
27881
27890
27898
27907
27916
27924
27939
27938
27951
27950
27968
27967
27966
27984
27985
27986
27999
28010
28021
28029
28043
28044
28045
28055
28064
28073
28082
28091
28100
28109
28119
28129
28139
28155
28154
28153
28138
28128
28118
28108
28099
28090
28081
28072
28063
28054
28042
28041
28040
28028
28027
28026
28019
28008
28009
28020
25728
25727
27983
25726
27982
27981
27980
27962
27963
27945
27964
27965
27947
27946
27932
27933
27934
27935
27948
27949
27936
27937
27923
27915
27906
27897
27889
27880
27871
27862
27853
27842
27841
27840
27870
27861
27852
27851
27835
27834
27817
27818
27800
27799
27816
27833
25718
27849
27850
25719
27859
27860
27869
27868
27877
27886
25720
27894
27903
27904
27895
27887
27878
27879
27888
27896
27905
25721
27914
27922
27931
25725
25724
27930
27929
27921
27913
27912
27911
25535
27920
27927
27928
27944
27943
27958
27976
27994
28003
28004
27995
27977
27959
27960
27961
27978
27979
27997
27998
28007
28018
28017
28006
27996
28005
28016
28015
28014
25536
28025
35308
33208
33199
33198
30642
33190
33182
33191
35307
35306
33183
33175
33174
30641
33165
33166
33167
33149
33148
33147
30640
33130
33131
33132
33114
33133
33115
35305
27902
25534
27885
25533
27876
25532
27867
25531
27858
27832
27815
27798
27787
27776
25530
27777
27788
27789
27778
27761
27762
27779
25714
27790
27801
27802
27803
27804
27805
27821
27820
27819
27836
27837
27838
27839
27822
27823
27806
27807
27824
27825
27808
27809
27791
27780
27768
27767
27751
27734
27718
27710
27701
27693
27686
27679
27672
27665
27680
27674
27673
27666
27659
27658
27651
27644
27645
27652
27653
27654
27661
27660
27667
27668
27675
27682
27681
27688
27687
27694
27702
27711
27719
27737
27736
27735
27752
27753
27754
27769
27770
27781
27792
27810
27793
27782
27783
27794
27795
27784
27773
27757
27756
27772
27771
27755
27738
27720
25709
27703
27704
27695
27696
27689
25708
27697
27706
27705
27713
27712
27721
27739
27740
27722
27723
27724
25711
27741
25712
27758
30155
30154
30153
27715
27714
27707
27698
30152
22948
22949
22950
22937
22936
22925
22926
22910
22909
22894
22893
20623
22881
20622
22882
22866
22865
22854
22843
22832
22816
22799
22817
22800
22788
22787
20621
22772
22754
22736
22737
22738
22755
22773
22756
22757
22739
22740
22730
22713
22696
22695
22712
22729
22728
22711
22694
22693
22710
22727
22726
22709
22692
22675
30144
30145
27578
27571
27564
27563
27562
27561
27560
27546
27547
27548
27540
27533
27539
27532
27531
27538
27537
27545
25705
27559
27568
27575
27576
27569
27570
27577
27593
27610
27592
27591
27609
27608
27590
27589
27588
27574
27567
27558
27557
27556
27555
27554
27553
27544
27536
27529
27522
27515
27530
27523
27524
27516
27517
27509
27510
27493
27492
27491
27508
27507
27506
27505
27504
27503
27502
27501
27500
27499
27490
27478
27479
27480
27481
27482
27483
27467
27458
27468
25702
27484
27469
27460
27459
27450
27449
27440
27441
27451
27442
27433
27432
27417
27407
27408
27398
27388
27379
27378
27366
27365
27364
27363
27362
27344
27345
27346
27330
27329
27328
27327
27326
27325
25697
27342
27343
27361
25698
27360
27359
27385
27395
27405
27415
27424
25700
27414
27404
27394
27384
27375
27376
27358
27341
27324
27315
27314
25695
27323
25696
27340
27357
27356
27374
27373
27355
27354
27372
25501
27383
25502
27393
25503
27403
25504
27413
25505
27423
25506
27438
25507
27447
25508
27456
25509
27465
27473
25510
27489
27497
25511
27514
25512
27521
25513
27528
25514
27535
25515
27543
32713
32703
32693
32692
32691
32674
32659
32660
32675
32676
32661
32644
30622
32636
32635
32620
32602
32601
32584
32583
32582
32599
32598
32581
32580
32597
32615
32616
30621
32617
32600
32618
32619
32634
32633
32632
32641
32642
32643
32658
32657
32656
32671
32672
32673
32690
32689
30626
32700
32701
32702
32712
32711
30627
32710
32688
32687
32686
32699
32709
32724
32725
32741
32740
32758
32759
32775
32776
32777
32787
32786
32796
32797
32798
32808
32807
32806
32817
32818
32819
32828
32829
32820
32809
32799
32789
32779
32788
32778
32762
32761
32760
32742
32726
32727
32743
32744
32728
32729
32730
32746
32745
32763
32764
32780
32790
35281
35282
32800
32810
35283
35284
32821
32830
35285
35286
32839
32848
35287
35288
27684
25525
27677
25524
27670
25523
27663
25522
27656
25521
27649
25520
27642
25519
27633
25518
27615
27597
27598
27580
27579
27572
25517
27565
25516
27549
27550
27551
27552
27566
27573
27583
27601
27602
27584
27585
27603
27604
27586
27587
27605
27606
27607
27626
27627
27628
27629
27611
27612
27594
27595
27613
27596
27614
27632
30146
30147
30148
30149
30150
30151
27683
27690
25707
27676
27669
27662
27655
27648
27641
27640
27631
27630
27639
27638
27647
27646
27637
27636
27635
25706
27625
27624
27623
27622
27621
27620
27619
27600
27582
27581
27599
27616
27617
27618
27634
27643
27650
27657
27664
27671
27678
27685
27692
27700
27709
27717
27730
27731
27748
27749
27732
27733
27750
27766
27765
27764
27763
27747
27746
27729
27728
27745
27744
25713
27760
27743
27726
27727
25710
25526
27691
25527
27699
25528
27708
27716
27725
27742
25529
27759
32975
32974
32983
32993
32994
32984
32985
35292
35293
32995
35294
33005
33004
33003
33002
32992
32982
32981
32991
33001
33011
33021
33031
33041
33051
33061
33062
33052
33042
33053
33054
33044
33043
33032
33022
33012
33013
33014
33015
35295
35296
33025
33024
33023
33033
33034
33035
35297
35298
33045
33055
35299
35300
35301
35302
33085
33075
33065
33064
33063
33074
33084
33094
33095
35303
35304
33105
33104
33103
33093
33092
33082
33083
33073
33072
33071
33081
33091
33101
33102
33113
33112
33111
33129
33128
33146
33162
33163
33164
33173
33181
33189
33197
33205
33213
33229
33246
33245
33244
33228
33227
33212
33204
33196
33188
33180
33172
33161
33160
33144
33159
33143
33125
33126
33145
33127
33110
33100
33090
33080
33070
33060
33050
33040
33030
33020
33010
33000
32990
32980
32968
32967
32966
32965
32964
32979
32989
32999
33009
33019
33029
33039
33049
33059
33069
33079
33089
33099
33109
33121
33122
33123
33124
33142
33141
33140
33156
33157
33158
33171
33179
33187
33195
33203
33211
33223
33239
33240
33241
33224
33225
33226
33242
33243
33252
33258
33264
33270
33276
33282
33290
33299
30653
33310
33300
33301
33302
33293
33292
33291
30651
30649
33283
33284
33285
33277
30647
33271
33265
33259
33253
33247
30646
33230
30645
30644
33206
33207
33214
33215
33231
33248
35309
35310
33254
33260
35311
35312
33266
35313
33272
33278
33286
33294
35314
33303
33315
33332
33331
33314
33313
33330
33329
33312
33311
33328
33344
33345
33346
33347
33348
35315
33358
33357
33375
33374
33356
33355
33343
33327
33326
33325
33324
33340
33341
33342
33370
33388
33387
33369
33368
33367
33366
33365
33364
33382
33399
33398
33416
30658
33425
33417
30657
33400
33383
33384
33385
33386
33402
33401
33426
33427
33428
33403
33404
33405
33406
33407
33408
33391
33390
33389
33371
33372
33373
33392
33409
33419
33434
33433
33443
33435
33410
33411
33393
30656
33376
35316
35317
33420
33436
35318
33444
30660
33461
35319
35320
35321
35322
35323
35324
35325
35326
33572
30666
33555
30665
33538
30664
33521
30663
33504
30662
33487
30661
33470
33469
33468
33460
33459
33467
33484
33485
33486
33503
33502
33519
33520
33537
33536
33552
33535
33534
33551
33568
33584
33583
33567
33566
33582
33581
33598
33599
33600
33618
33617
33616
33615
33597
33580
33565
33548
33549
33550
33533
33532
33531
33514
33515
33497
33480
33481
33498
33499
33516
33517
33518
33501
33500
33483
33482
33456
33457
33458
33442
33432
33418
33431
33430
33429
33455
33454
33453
33452
33441
33451
33450
33449
33448
33440
30659
33424
33415
33397
33380
33379
33396
33414
33423
33438
33439
33447
33446
33463
33472
33489
33488
33471
33462
30411
33445
33437
33421
33422
33413
33395
33412
33394
33377
33359
33360
33378
33361
33362
33381
33363
33352
30655
33351
33350
33349
33333
33334
33335
33319
33318
33317
33316
33304
33305
33306
33297
33296
33295
30410
33287
33288
30648
30650
33307
33308
33320
30654
33336
33353
33354
33337
33321
33322
33338
33339
33323
33309
30652
33298
33289
33281
33275
33269
33263
33257
33251
33238
33222
33221
33237
33236
33220
30643
33194
33186
33178
33170
33152
33169
33177
33185
33193
33201
33202
33218
33219
33235
33234
33233
33250
33256
33262
33268
33274
33280
33279
33273
30409
33267
30408
33261
30407
33255
30406
33249
30405
33232
33216
33217
33210
33209
30404
33200
33192
30403
33184
30402
33176
30401
33168
30400
33150
33151
33135
33134
33116
33117
33118
33136
33137
33153
33154
33155
33139
33138
33120
33119
33108
33098
33088
33078
33068
33058
33048
33038
33028
33018
33008
32998
32988
32978
32961
30639
32951
32950
32960
32977
32987
32997
33007
33017
33027
33037
33047
33057
33067
33077
33087
33097
33107
33106
30399
33096
30398
33086
30397
33076
30396
33066
30395
33056
30394
33046
30393
33036
30392
33026
30391
33016
30390
33006
30389
32996
30388
32986
30387
32976
30386
32959
30385
32949
30384
32934
32935
32918
32917
32906
30383
32890
32874
32907
32908
32919
32936
32952
32962
32963
32953
32940
32941
32942
32943
32944
32954
32969
32970
32971
32955
32945
30637
32929
32930
32900
32899
32883
32884
32885
32886
32887
32903
32902
32901
32912
32913
32914
32932
32931
32946
32956
32972
32973
32957
32947
30638
32958
32948
35291
35290
32933
30636
32916
35289
32905
32915
32904
32888
32889
32872
32873
32857
32856
32847
32838
32837
32836
32827
32826
32835
32844
32845
32846
32855
32871
32870
32854
32853
32869
32868
32867
32852
32843
32834
32825
32816
32805
32795
32785
32774
32773
32757
32739
32723
32722
32738
32756
32772
32771
32770
32754
32755
32737
32721
32736
32735
32753
32752
32768
32769
32784
32794
32804
30632
32815
32824
32833
32842
32851
32862
32863
32879
32878
32877
32893
32894
32895
32896
32897
32881
32880
32864
32865
32866
32882
32898
32911
32928
32927
32926
32925
32924
32923
32910
32922
32939
32921
32938
32937
32920
32909
30635
32891
32892
32861
32860
32876
32875
30634
30633
32859
32850
32841
32832
32823
32803
32793
32783
32767
32751
32750
32733
30629
32716
30628
32706
32705
32695
32696
32697
32707
32717
30630
32734
32718
32719
32720
32708
32698
32682
32683
32666
30624
32650
32651
32652
32667
32684
32685
32668
32653
32654
32669
32670
32655
32640
32631
32614
32596
32579
32564
32563
32562
32577
32578
32595
32594
32561
32560
32559
32558
32557
32572
32589
30620
32571
30619
32555
32556
32546
32547
32538
32537
32528
32519
32509
32493
32492
32475
32458
32459
32476
32460
32477
32478
32461
32444
32443
32442
32441
32426
32425
32440
32457
32474
32491
30361
32508
30362
32518
30363
32527
30364
32536
30365
32545
32554
30366
32570
30367
32587
32604
32605
32588
32606
32607
32623
30623
32647
32639
32624
32625
32608
32590
32573
32574
32575
32576
32593
32592
32591
32609
32626
32627
32610
32611
32612
32613
32630
32629
32628
32649
32648
32681
32680
30625
32665
32664
32679
32678
32663
32646
32638
32622
32621
30368
32637
30369
32645
30370
32662
30371
32677
30372
32694
30373
32704
30374
32714
32715
32732
32731
32747
32748
32749
30631
32766
32782
32792
32802
32814
32813
32812
30382
32858
32849
30381
32840
30380
32831
30379
32822
30378
32811
32801
30377
32791
30376
32781
30375
32765
35749
38089
38088
38087
38070
38069
35748
38086
38099
38110
38111
38100
35750
35751
40731
38142
38154
40732
40733
38165
38180
40734
40735
38192
38208
38207
38206
38191
38190
38178
38179
38164
38153
38141
38126
38125
38140
38139
38124
38107
38108
38109
38098
38097
38096
38085
35747
38068
38067
38051
38050
38066
38084
38083
38082
38081
38095
38106
38105
38094
38093
38078
38079
38080
38062
38061
38060
38044
38028
38027
38043
38042
38026
38025
38041
38057
38075
38091
38076
38058
38059
38077
38092
38103
38104
38116
38117
38133
38134
35753
38135
38118
38119
38120
38136
38137
38121
38122
38123
35752
38138
38150
38149
38160
35755
38175
38161
38162
38151
38152
38163
38177
38176
38188
38189
38205
38219
38220
38221
40736
38233
35762
40737
40738
38288
35765
35766
35767
35768
38328
38318
38308
38298
38286
38287
38276
38265
35763
38249
38232
38231
38218
38217
38204
38203
38216
38230
38247
38248
38264
38275
38285
38297
38296
38284
38274
38263
38262
38273
38272
35764
38283
38295
38305
38315
38316
38306
38307
38317
38327
38341
38342
38343
38344
40739
40740
40741
40742
40743
40744
40745
40746
40747
40748
38444
38443
38434
38425
38416
38407
38398
38389
38380
38371
38362
38353
38352
38361
38360
38369
38370
38379
38378
38387
38396
38388
38397
38406
38405
38414
38413
38404
38395
38386
38377
38368
38359
38350
38351
38340
38326
38325
38339
38338
38337
38336
38335
38334
35769
38324
38314
38313
38312
38311
38321
38322
38323
38333
38332
38348
38349
38358
38357
38366
38367
38376
38385
38384
38375
38374
38373
38382
38391
38400
38409
38418
38419
38410
38411
38420
38429
38428
35770
38437
38438
38449
38448
38464
38465
38483
38484
38466
38467
38485
38486
38487
38488
38489
38490
38491
38492
38499
38493
35774
38476
38477
38494
38500
38506
38505
38521
38528
38522
38523
38529
38545
38555
38554
38553
38544
38543
38542
35776
38552
38562
38570
38578
38586
38594
38608
38607
38606
38605
38604
38603
38602
38601
38593
35782
38592
38584
38585
38577
38576
38568
38569
38561
38551
38535
38527
38526
38525
38533
38549
38550
38560
38559
38567
38575
38583
38591
35781
38600
35783
38615
38616
35784
38626
38637
38636
38648
38647
38646
38657
38656
38645
38635
35785
38625
38624
38614
38613
38623
46299
44161
44151
46298
46297
44141
44131
46296
46295
44114
44097
46294
46293
44080
44079
44078
44077
41199
44060
44059
44076
44075
44058
44048
44032
44015
44014
44031
44030
44013
44012
44011
44010
44027
44043
44044
44028
44029
44045
44046
44047
44074
44092
44091
44090
44073
44072
44071
44070
44069
44086
44087
44104
44121
44122
44123
44124
44105
44088
44089
44106
44107
44108
44125
44109
44093
44110
41202
44126
44127
44128
44138
44137
44136
44146
44147
44157
44156
44174
44173
44172
44171
44170
44169
44168
44167
44155
41205
44145
44144
41204
44134
41203
44118
44117
44100
44099
44098
44081
44082
44064
44054
44037
44038
44055
44065
44066
44083
44101
44135
44120
44119
44102
44103
44085
44084
44067
44068
44057
44056
41198
44040
44039
44023
44022
44021
44004
51276
51275
49307
46746
49324
49331
51277
49339
49338
49330
46747
49329
49323
49300
49301
49302
49287
49271
49286
49270
49269
49251
49252
49253
49235
49234
49227
51274
51273
49219
49211
51272
51271
49203
49195
51270
51269
49187
49179
51268
51267
49171
49163
51266
51265
49155
49147
46740
51264
49130
49114
51263
49105
49090
51262
51261
49080
49089
49079
49070
49071
51260
51259
49062
46733
49045
46732
49036
49035
49044
49061
49069
49078
49088
49103
49104
49113
49129
49128
49112
49111
49127
49126
49144
49143
49125
49124
49123
49122
49121
49098
49097
49096
49095
46737
49086
49076
49075
49066
49050
49041
46731
49032
49033
49042
49051
49067
49052
49053
49054
49055
49056
49057
49058
49099
49100
49101
49110
49102
49087
49077
49068
49059
49060
49043
49034
49025
49024
49023
49022
49021
49020
49019
49018
49017
49006
48996
48979
48962
48980
48963
48946
48945
48935
48934
48933
46727
48944
48961
48960
48977
48978
48995
49005
49016
49015
49014
49004
48994
48993
46729
48976
48959
46728
48942
48943
48932
48931
48921
48922
48905
46725
48890
48891
48881
48880
48879
48861
48845
48846
48840
46719
48835
48834
46452
48833
48839
48844
48860
48878
48889
48888
48904
48920
46453
48930
46454
48941
46455
48958
46456
48975
46457
48992
46458
49002
49003
49013
49012
46459
49029
49030
49031
49040
49049
49065
49074
49084
49085
46736
49094
46738
49109
46739
49118
49136
49137
49119
49120
49138
49139
49140
49141
49142
49152
49160
49168
49176
49177
49169
49161
49153
49145
49146
49154
49162
49170
49178
49186
49194
49193
49185
49184
49192
49200
49201
49202
49210
49209
49217
49225
49218
49226
49233
49232
46742
49224
49216
49208
49245
49244
49243
49242
46741
49241
49259
49258
49240
49231
49239
49257
46743
49275
49276
49290
49291
49277
49260
49261
49262
49279
49278
49292
49293
49294
49295
49296
49297
49282
49281
49280
49263
49264
49246
49247
49265
49266
49248
49249
49250
49268
49285
49267
49283
49284
49298
49299
49306
49322
49321
49320
49319
49318
49317
49316
49315
49314
49313
49305
49304
46745
49289
46744
49274
49256
49238
49230
49229
49221
46470
49220
49228
49236
49237
49255
49273
49254
46471
49272
49288
49303
49308
46472
49325
46473
49332
46474
49340
46475
49348
46476
49356
46477
49364
46478
49372
49373
49365
49357
49349
49341
49333
49326
49309
49310
49311
49312
49328
49327
49334
49342
49335
49343
49350
49351
49359
49367
49358
49366
49374
49375
49393
49394
49411
49410
49409
49392
49383
49382
49391
49408
49424
49423
49440
49441
49442
49425
49426
49443
49444
49427
49428
49429
49412
49395
49396
49397
49414
49413
49430
49431
49415
49398
49399
49416
49450
49451
49452
49436
49437
49420
49403
49386
49387
46748
49404
46749
49421
46750
49438
49455
49454
49453
46752
46753
49461
49475
49476
49462
51288
51289
51290
46756
49508
46755
49492
49484
49483
49491
49524
49525
49526
49544
49543
49542
49541
49523
49507
49506
49522
49540
49550
49558
49566
49591
49600
49609
49624
49623
49622
49621
49620
49619
49635
49618
49608
49607
49617
49634
49642
49641
49633
49631
49639
49630
46481
49613
49614
49605
49604
56863
54725
56864
56865
54752
51740
54735
54734
54751
54750
54749
54765
54764
54763
54762
54746
54747
54748
54730
54731
54732
54733
54723
54724
54714
54713
54703
54693
54694
54704
54715
56862
56861
54705
54695
56860
56859
56858
54652
54642
54626
54625
54614
54615
56857
54605
54588
56856
56855
54579
54570
56854
56853
54561
54560
54559
51732
54542
51731
54525
51730
54526
54543
54544
56852
54527
56851
56850
54510
54509
54508
51729
54492
54475
54459
54460
54444
54435
54434
54443
54458
54474
54473
54457
54442
54432
54433
54416
54415
54398
54381
54364
54365
54382
54399
54417
54418
54401
54400
54383
54366
54349
54331
54348
54347
54346
54363
54362
54361
54360
54378
54377
54376
54375
54374
54357
54356
54373
54372
54389
54388
54387
54386
54385
54368
54351
54352
54353
54336
54327
54309
54311
54293
54294
54312
51725
54329
54339
54340
54341
54358
54359
54342
54343
54344
54345
54318
54317
54299
54298
54316
54315
54297
54296
54314
54313
54295
54277
54269
54263
54257
54251
54245
54239
54233
54227
54221
54215
54209
54203
54197
54191
54185
54172
54154
54171
54170
54169
54152
54153
54111
54110
54093
54086
54085
54084
51462
54077
51461
54070
51460
54054
54055
54071
54078
54079
54087
51714
54094
54080
54073
54072
54056
54057
54058
54059
54060
54074
54081
54088
54096
54095
54112
54113
54127
54133
54139
54145
54155
54156
54173
54174
54157
54158
54175
54159
54176
54177
54178
54160
54161
54162
54179
54180
51719
54192
54186
54181
54163
54146
54140
54134
54120
54119
54118
54117
54116
54115
54114
54097
54098
54099
54100
54101
54102
54103
54104
54121
54128
54129
54122
54105
54106
54123
51716
51717
54130
54124
54107
54090
54083
54076
51711
51712
54089
51713
54082
54075
54069
54052
54044
54068
54067
54066
54065
54064
54063
54062
54061
54051
54043
54026
54027
54017
51706
54002
53986
53985
54001
51708
54025
54016
54015
54000
53984
53977
53970
53963
53962
53961
53953
53946
53939
53932
53933
53940
53947
53954
53955
53948
53941
53934
53927
53926
53925
53908
53909
53910
53911
53912
53894
53895
53896
53897
53898
53899
53900
53901
53902
53903
53904
53905
51695
53921
53922
53930
53937
53944
53951
53958
53966
53973
53972
53965
53957
53950
53943
53936
53929
53920
53919
53918
53917
53916
53915
53914
53913
53928
53935
53942
53949
53956
53964
53971
53978
53987
54003
54004
53988
53989
53990
53991
53992
53993
53994
54009
54008
54007
54006
54005
54028
54029
54030
54031
54032
54033
54034
54035
51709
54036
54019
54018
51707
54010
51704
54011
53995
51702
53979
53980
51703
51705
54020
54037
54045
54053
51710
56822
54046
54038
54021
54012
53996
56821
51701
51700
53959
56820
51699
51698
51697
51696
53923
56819
56818
53906
51694
53889
56817
53882
51692
53888
53887
53881
51691
53867
53858
53866
53880
53879
53878
53877
53876
53875
53886
53874
53873
53872
53871
51693
53885
53893
53892
53891
53890
53907
51449
53924
51450
53931
51451
53938
51452
53945
51453
53952
51454
53960
51455
53967
51456
53974
53975
53968
53969
53976
53983
53999
53998
53982
53981
53997
54014
54013
51457
54022
51458
54040
54023
54024
54041
54042
54050
54049
54048
54047
51459
54039
59923
59905
59887
59871
62419
62418
62417
59851
59861
59870
57261
59904
59922
57262
59931
59947
57263
57264
59963
57265
59980
62420
62421
59988
59996
62422
62423
60004
60012
62424
62425
60019
60027
62426
62427
60036
62428
60052
60068
57271
60067
60051
60035
60034
60050
60066
60082
60083
60084
60101
60100
60111
60112
60102
60085
62429
62430
62431
60113
60123
60124
62432
62433
62434
60160
60144
60134
60133
60132
60142
60143
60159
60170
60171
62435
62436
62437
62438
60204
60193
60182
60181
60180
60169
60158
60157
60141
60140
60130
60131
60122
60121
60120
60109
60110
60099
60098
57273
60081
57272
60065
57270
60049
57269
60033
60024
60025
60017
60026
60018
60011
60010
60016
60009
60001
60002
60003
59995
59994
59993
59985
59986
59987
59979
59962
59946
59961
59978
59977
59976
59960
59959
59943
59944
59945
59928
59929
59930
59921
59903
59886
59869
59868
59858
59859
59860
59850
59849
59839
59838
59848
59847
59837
59836
59846
59856
59857
59885
59902
59920
59919
59901
59884
57260
59867
59866
59883
59882
59881
59897
59915
59916
59898
59899
59900
59918
59917
59942
59958
59975
59974
59973
59957
59941
59940
59939
59955
59956
59972
59971
59970
59954
59938
59953
59969
59984
59992
60000
60008
60015
60023
57268
60032
57267
60014
57266
60007
60006
59998
59999
59991
59990
59982
59965
59983
59966
59967
59968
59952
59951
59935
59936
59937
59927
59911
59912
59894
59895
59913
59914
59896
59880
59879
59878
59877
59865
59855
59845
59835
59825
57259
59809
59810
59793
59781
59765
59766
59767
59768
59769
59770
59771
59772
59755
59746
59747
59756
59773
59783
59782
59800
59801
59802
59784
59785
59819
59818
59817
59799
59798
59797
59796
59795
59794
59811
59812
59813
59814
59815
59816
59826
59827
59828
59829
59830
59840
59841
62416
62415
59831
59821
59820
57258
59803
57257
59786
59775
59776
59787
59804
62414
62413
62412
62411
62410
62409
59750
59759
59758
59774
57256
59757
59748
59749
59740
59739
59738
59737
59723
59713
59712
59722
59736
59735
59734
59733
59732
59731
57253
59721
59730
59745
57254
57252
59720
59705
57251
59704
59703
59687
59688
59689
59677
59678
59679
59690
59706
59707
59708
59691
59692
59709
59710
59711
59693
59694
59695
59680
59668
59669
59670
59681
59696
59697
59714
59724
59725
59741
59726
62408
62407
62406
59699
59716
59715
57250
59698
57249
59682
59683
62405
53795
53812
53829
53846
53830
53831
53815
53816
53817
53800
53790
53784
53777
53770
51687
53799
53798
53797
53814
53813
53796
53789
53788
53782
53781
51448
53774
51447
53767
51446
53749
53732
53733
53734
53719
53718
53717
53708
51445
53692
53682
51444
53683
53673
51680
53664
53663
51443
53653
51442
53643
51441
53634
53617
51440
53608
51439
53599
51438
53590
51437
53581
51436
53564
51435
51676
53565
53582
53591
53600
53601
53592
53583
53566
53567
53550
53549
53533
53548
53547
59377
59376
59362
57232
59375
59388
59387
59386
59374
59373
57234
59385
57236
59399
59400
59401
59402
59389
59390
59403
59417
59434
59446
62392
62393
59459
59458
59470
59471
59472
62394
62395
62396
59498
59485
59484
59483
59482
59481
59469
59468
59455
59442
59456
59457
59445
59433
59416
59415
59414
59432
59444
59443
59431
59430
59413
57237
59398
59412
59425
59426
59427
59428
59429
59441
59454
59467
59480
59493
59505
59518
59519
59532
59531
59544
59561
59560
59577
59593
59594
59595
59613
59612
59611
59610
59625
59626
59627
59628
59629
59614
59596
59597
59615
59630
57246
59642
59631
59616
59598
59580
59565
59564
59579
59578
57242
59562
59563
59545
59546
59533
59520
59534
59547
59548
59535
59522
59521
59508
59507
59506
59494
59495
59496
59497
59509
59510
62397
62398
59523
59536
62399
62400
62401
59549
57241
59566
59582
59581
59599
59600
62402
57243
59617
59633
59632
59643
59644
59655
62403
62404
59672
59671
57248
59654
59653
59652
59641
59640
59651
59667
59666
59665
59664
59663
59650
59649
59662
59661
59660
59648
57247
57245
59637
59621
57244
59605
59604
59586
59587
59588
59606
59622
59638
59639
59623
59624
59609
59591
59592
59576
59575
59559
59558
59543
59542
59541
59540
59554
59555
59556
59557
59574
59590
59608
59607
59589
59573
59572
59571
59570
59553
59552
59539
59526
59525
59524
57020
59511
57019
59512
59513
59500
59499
57240
59487
59486
57018
59473
57017
59460
57016
59447
57015
59448
59449
59462
59461
59474
59475
59488
59476
59463
59450
59437
59438
59439
59451
59464
59477
59478
59491
59490
59489
59501
59502
59515
59514
59527
59528
59529
59530
59517
59516
59503
59504
59492
59479
59466
59465
59452
59453
59440
59424
59411
59410
59423
59422
59409
59408
59421
57238
59407
59406
59393
59392
59405
59420
59436
59435
57239
59419
59418
57014
59404
57013
59391
59378
59379
59380
59367
59355
59343
59344
59345
59332
59315
59316
59333
59346
59357
59356
59368
59369
57233
59381
57235
59394
59395
59396
59397
59384
59372
59371
59383
59382
59370
59358
59359
59360
59348
59335
59347
59334
59317
59301
59318
59319
59320
59321
59322
57231
59361
59349
59336
59337
57230
59350
59351
59363
59364
59352
59340
62391
62390
59327
59310
62389
62388
59293
59292
57227
59291
57228
59308
59309
59326
59339
59338
59325
59324
59323
57229
59307
59290
59306
59305
59304
59287
59288
59289
59271
59257
59258
59272
59273
59274
59275
59276
62387
62386
59262
59248
59247
59261
59260
59259
59229
59213
59214
59198
59199
59183
59184
59171
62382
62381
59154
59153
59140
59139
59152
59151
59138
59120
59119
59137
59136
59166
59165
59164
59163
59193
59209
59210
59194
59195
59211
59227
59243
59242
59226
59225
59241
59240
59239
59255
59256
59270
59286
59303
59302
59285
59284
59283
59300
59299
59282
59269
59268
59267
59253
59254
59238
59222
59206
59207
59223
59224
59208
59192
59191
59178
59179
59162
59149
59148
59161
59160
59159
59176
59177
59190
59189
59205
59221
59237
59236
59220
59219
59235
59234
59250
59251
59252
59266
59280
59281
59298
59297
59296
59313
59314
59331
59330
59329
59342
59354
59366
59365
57012
59353
57011
59341
57010
59328
57009
59311
59312
59294
59277
59278
59295
59279
59265
59264
59263
57008
59249
57007
59233
59218
59217
59201
59185
59202
59203
59204
59188
59187
59186
59173
59172
57006
59155
59156
59157
59174
59175
59158
59144
59126
59108
59109
59110
59128
59127
59145
59146
59147
59129
59111
59093
59094
59112
59130
59131
59113
59095
59082
59081
59080
59079
59063
59051
57218
59050
59062
59061
59060
59049
59038
59027
59016
59005
58994
57216
58978
58962
57214
58952
58935
58918
58919
58936
58953
57213
58920
58907
58908
58921
58937
58938
58939
58940
58923
58922
57212
58909
58910
58895
58882
58865
58866
58867
58868
58869
58870
58854
58840
58839
58826
58825
58795
58796
58811
58812
58813
58827
58841
58842
58856
58855
57208
58872
58885
57209
58900
58913
58912
58929
58930
58931
58948
58949
58932
58950
58933
58916
58903
62372
62371
58888
58887
58902
58915
58914
58901
58886
58873
58874
58875
62370
62369
58858
58857
58843
58829
58828
58814
58797
57205
58784
58783
58782
58781
58763
58764
58748
58734
58720
58721
58735
58749
58765
58766
58767
58768
58786
58785
58798
58799
58815
58830
58844
62368
62367
58816
58800
58788
58787
58769
58770
58753
62366
62365
58739
58738
58752
58751
58750
58736
58722
58708
58709
58723
58737
58724
58725
62364
62363
58711
58698
62362
62361
58684
58683
58697
58710
58696
58695
58707
58706
58693
58694
58680
58679
58665
58651
58637
58638
58652
58666
58667
58681
58682
58668
58669
58670
62360
62359
58656
58655
58641
58628
58611
58610
57199
58593
58576
58577
58578
62355
62354
58564
58563
58562
58548
58534
57198
58519
58505
58506
58507
58508
62352
62351
58494
58493
58492
58478
57196
58477
58491
58490
58504
58518
57197
58517
58531
58545
58559
58560
58546
58532
58533
58547
58561
58575
58574
58591
58592
58609
58608
58625
58624
58607
58590
58573
58589
58606
58623
58622
58621
58620
58636
58650
58664
58663
58677
58678
58692
58705
58719
58718
58704
58691
58690
58703
58717
58702
58689
58688
58687
58700
58701
58715
58716
58730
58729
58728
58727
58741
58742
58756
58757
58743
58744
58758
58773
58791
58790
58802
58818
58832
58819
58803
58804
58820
58835
58821
58822
58823
58837
58836
58850
58849
58848
58834
58833
58847
58846
58845
56994
58831
56993
58817
56992
58801
58789
58771
58772
58755
58754
56991
58740
56990
58726
56989
58712
56988
58713
58714
58699
57202
58686
58685
56987
58671
56986
58657
56985
58643
56984
58644
58630
57201
58631
58645
58646
58660
58659
58658
58672
58673
58674
58675
58676
58662
58649
58635
58619
58602
58603
58604
58605
58588
58587
58586
58572
58558
58557
58556
58555
58554
58568
58582
58599
58600
58583
58569
58570
58571
58585
58584
58601
58618
58634
58648
58661
58647
58633
58617
58616
58632
58615
58614
58613
58596
58579
58580
58597
58598
58581
58567
58566
58565
56983
58551
56982
58537
56981
58538
58552
58553
58539
58540
58526
58527
58541
58542
58528
58514
58500
58485
58499
58513
58512
58511
58525
58524
58510
58496
58497
58498
58484
58467
58468
58455
58442
58441
58440
58453
58466
58483
58482
58465
58464
56977
58481
56978
58495
56979
58509
56980
58523
68018
64028
64036
64044
64052
64051
64043
62804
64034
64035
64027
64012
64013
63997
68017
63989
62799
64011
64026
62801
64010
63996
63988
63980
63979
63987
63995
64009
64008
64007
64006
64023
64024
64025
62803
64033
64041
64049
64057
64058
64050
64042
62805
62806
64059
64060
64068
64067
62808
62809
64076
64077
64094
64093
64104
64105
68019
68020
64116
64127
68021
68022
64137
64136
64146
62812
64135
64125
64126
64115
64114
64113
64124
64134
64145
64155
64165
64175
64174
64164
64154
64144
64133
64123
64112
64101
64102
64103
64092
64091
64075
64066
64065
64074
64090
64089
64088
64087
64086
64085
64084
64083
64082
62810
64073
64064
64056
64048
64040
64032
64017
64016
64031
64039
64047
64055
64063
64072
64081
64097
64107
64096
64079
64070
64080
64071
64062
62807
64054
64046
64038
64030
62802
64015
63999
64000
63993
62800
64001
64018
64019
64020
64021
64022
64005
64004
64003
64002
63994
63986
63978
63977
63985
63984
63992
63991
63983
63975
63958
62797
63949
62597
63948
62598
63957
62599
63974
62600
63982
62601
63990
62602
63998
64014
64029
62603
64037
62604
64045
62605
64053
64061
62606
64069
62607
64078
62608
64095
62609
64106
62610
64117
64118
62811
64128
64129
64119
64120
64130
64131
64121
64110
64109
64108
64098
64099
64100
64111
64122
64132
64143
64142
64152
64153
64163
64204
64203
64202
64192
64182
64173
64172
64171
64170
64159
64149
64150
64160
64161
64162
64151
64141
64140
64139
62611
64138
62612
64148
62613
64158
62614
64168
64169
62813
64178
64179
64180
64181
64191
62814
64201
64218
64227
64226
62815
64217
64216
64225
64215
64198
64199
64200
64190
64189
64188
62615
64187
62616
64197
62617
64214
62618
64223
64224
64241
64240
64256
64257
64258
64242
64243
64259
64260
64276
64275
64293
64303
64302
64301
64317
64318
64319
64320
64304
64321
64322
64323
64307
64306
64305
64294
62818
64277
64278
64279
64263
64280
64281
64282
64283
64267
64251
64252
64234
64233
64232
64250
64266
64265
64264
64248
64247
64246
64262
64261
64244
64245
64228
64229
64230
64249
64231
64205
64206
64207
64208
64193
64183
64184
64194
64210
64209
64219
64235
64236
62816
62817
64268
64286
64285
64284
64295
64296
64297
62820
64313
62821
62819
64287
64269
64253
64237
64220
64211
64212
64195
64185
64176
64166
64156
64147
68023
64157
64167
68024
68025
64177
64186
68026
68027
64196
64213
68028
64222
64221
64238
64239
64255
64254
64270
64271
64289
64288
64298
64299
64315
64314
62822
64330
64331
68029
64340
64357
68030
68031
64377
64367
64366
64356
64339
64338
64355
64365
64354
64353
64352
64337
64328
64329
64312
64311
64310
64309
64308
64324
64325
64326
64327
64351
64350
64349
64348
64347
64346
64345
64336
64335
64344
62823
64343
64334
64333
64342
64359
64369
64360
64361
64362
64363
64373
64372
64371
64370
64380
64379
64388
64389
64407
64423
64440
64422
64406
64405
62626
64421
62627
64438
64439
62628
64448
62629
64464
62630
64481
64490
64491
64482
64465
64449
64450
62830
64466
64483
64484
64485
64494
64493
64492
64502
64503
64513
64504
64505
64514
64522
64540
64558
64557
64556
64574
64573
64591
64590
64597
64598
64605
64604
64621
64638
64648
64647
64656
64665
64673
64674
64666
64657
64658
64667
64675
64676
64668
64659
64649
64650
64651
64660
62838
64685
64694
64684
64683
64682
64681
62641
64672
62640
64664
64655
62639
64646
62638
64637
62637
64620
64603
62636
64596
62635
64589
62634
64571
64572
64555
64538
64539
64521
62834
64512
64511
64501
64510
64519
64520
64537
64536
64554
64553
64535
64518
62633
64509
62632
64500
62631
73841
70160
68494
68495
70176
70186
70202
70185
70184
70200
70201
68499
70217
68502
68501
70216
70199
70198
70197
70214
70229
70242
70243
70244
70245
70258
70274
70273
70289
70305
70304
70303
70316
70315
70329
70342
70344
70345
70332
70318
70333
70319
70320
70334
70347
70346
70361
70376
70375
70389
70390
70406
70407
70422
70421
70437
70436
70420
70405
70388
70404
70419
70418
70403
70387
68516
70372
70357
70356
68514
68515
68517
70402
70417
68519
68521
70432
70433
70449
70450
70434
70435
70451
70468
70483
70484
70469
70452
70453
70454
70438
70455
70439
70423
70424
73844
70440
73845
70456
70473
70488
70487
70472
70471
70470
70485
70486
70503
70504
70517
70516
70533
70534
73846
70548
70547
70532
70515
70502
70501
70500
70499
70498
70482
70467
70466
70465
70480
68523
70464
70448
70447
70463
70479
68525
70495
70496
70481
70497
68526
70511
70512
70513
70514
70531
70530
70544
70561
70562
70545
70546
70563
70564
70565
70579
73847
73848
70596
70595
68530
70578
70577
70576
70575
70593
70594
70608
70622
70636
70635
70634
70620
70621
70607
70606
70592
70574
70573
70591
70605
70619
70633
70646
70660
70674
70688
70689
70675
70661
70647
70648
70649
70650
70637
70623
70609
70610
73849
73850
70624
70638
73851
73852
70651
73853
73854
70679
70665
70664
70678
70677
70663
70662
70676
70690
70691
70705
70704
70703
70702
70717
70735
70753
70754
70736
70718
70737
70719
70720
70738
70756
70755
70772
70771
70786
70801
70799
70798
70797
68537
70814
70829
70844
70859
70874
70873
70858
70843
70828
70842
70827
70813
70812
70826
70825
70824
70823
70809
70810
70811
70795
70794
70793
70778
70779
70761
68534
70743
70742
68296
70760
70777
70791
70792
70808
70822
70837
70807
68297
70821
68298
70836
68299
70851
70852
70868
70867
68300
70866
68301
70881
68302
70898
68303
70911
70912
70913
70900
70899
70882
70883
70884
70901
70914
70915
70902
70885
68538
70871
70856
70855
70870
70869
70854
70853
70838
70839
70840
70841
70857
70872
70886
70903
70916
68540
70930
70931
70917
70904
70887
70888
70889
70890
70891
70875
70860
70845
70846
70861
70876
70877
70892
70907
70906
70905
70918
70932
68541
70946
68543
70960
68545
70974
68546
70975
70976
70961
70947
70933
70919
70920
70934
70935
70948
70949
70950
70936
70937
70923
68539
70895
70909
70922
70921
70908
70893
70894
70878
70863
70862
70847
70832
70833
70848
70879
70864
70849
70834
70819
70789
70775
70774
70757
70739
70721
70722
70706
70692
70693
73855
73856
70707
70723
70741
70740
70758
70759
70776
70790
73857
65052
62653
65053
65062
65061
65070
65079
65089
65099
62654
65116
62655
65125
65134
65135
65126
65117
65100
65090
65091
65101
65118
65127
65136
65152
65137
65138
62869
65153
65154
65164
65163
65162
65161
65171
65182
65181
65170
65160
65151
65150
62656
65159
62657
65169
62658
65180
65191
65208
65217
65218
65209
65192
65193
65210
65219
65220
65211
65221
65212
65195
65194
65183
65184
65172
65173
65174
65185
65196
65197
62872
65198
65199
65200
65201
65202
65203
65186
65175
62870
65165
65155
65156
65166
65167
65157
65148
62868
65132
65133
68061
68062
65149
68063
65158
65168
65178
65179
68064
68065
65190
65189
65188
65177
65176
65187
62871
65204
65213
65214
65205
65215
65206
65207
68066
68067
65216
68068
68069
65242
68070
65251
65269
65285
65284
65302
65311
65303
65312
65322
68071
68072
65332
68073
65342
65341
65351
65352
68074
68075
68076
65379
65389
68077
68078
65399
62877
68079
68080
65434
65424
65423
65422
65432
65433
65450
65451
65468
65485
65484
65467
65466
65465
65483
62879
65482
65481
65480
65463
65446
65447
65464
65448
65449
65431
65421
65413
65414
65396
65395
65385
65386
65387
65397
65415
62876
65398
65388
65378
65369
65368
65377
65376
65375
65367
65349
65350
65340
65339
65329
65330
65331
65321
65320
65310
65301
65283
65267
65268
65250
65249
65248
65239
65240
65241
65233
65232
65231
65230
65229
65228
65227
65226
65225
65224
65223
65222
65238
62873
65237
65246
65247
65257
65258
65274
65273
62874
65256
65255
65290
65289
65307
65315
65316
65326
65336
65335
65334
65325
65324
65314
65305
65306
65288
65272
65254
65245
65236
65235
65234
62659
65243
65244
65253
65252
65270
65271
65287
65286
62660
65304
62661
65313
62662
65323
62663
65333
62664
65343
65353
62665
65370
62666
65380
62667
65390
65400
65401
65417
65416
62668
65425
65426
65436
65435
65452
65453
65454
65437
65438
65439
65429
65430
65420
62878
65405
65404
65403
65419
65428
65427
65418
65402
65392
65393
65383
65382
65391
65381
65371
65372
65373
65355
65354
65344
65345
65346
65356
65357
65358
65347
65337
65327
65317
65308
65291
65292
65293
65275
65259
65260
65261
65262
65263
65279
65278
65277
65276
65294
65295
65296
65297
65298
65280
65264
65265
65266
65282
65300
65281
65299
62875
65309
65319
65318
65328
65338
65348
65366
65365
65364
65363
65362
65361
65360
65359
65374
65384
65394
65406
65407
65408
65409
65410
65411
65412
65445
65444
65443
65442
65441
65458
65459
65460
65461
65462
65479
65478
65477
65476
65475
65474
65491
65490
65473
65457
65440
65456
65455
65472
65489
65488
65471
65470
65487
65486
62669
65469
71378
68578
71363
71364
71348
73872
73871
73870
71315
68574
71332
71331
71347
71362
71361
71360
71375
71376
71377
71392
71393
71409
71424
73873
73874
71439
71454
73875
73876
71469
71484
73877
73878
71499
71514
73879
73880
71529
73881
71544
71559
73882
73883
71574
71590
71608
73884
71641
71658
73885
73886
71675
71691
68586
71674
71657
71656
71655
71672
71673
71690
71706
71707
71708
71725
68589
71724
71723
71739
71738
71737
71752
71751
71750
71736
71720
71721
71722
71705
71689
71688
71704
71703
71702
71719
71735
71749
71748
68590
71734
71718
71717
71716
71699
71700
71701
71685
68585
71686
71687
71670
71653
71671
71654
71637
71620
71621
71605
71606
71622
71638
71639
71640
71624
71623
71607
71589
71588
71587
71604
71586
71570
71569
71555
71571
71572
71573
71558
71543
71528
71527
71542
71557
71556
71541
71526
71511
71496
71481
71482
71497
71512
71513
71498
71483
71468
71467
71466
71451
71436
71437
71452
71453
71438
71423
71422
71421
71406
71407
71408
71391
71390
71389
71405
71404
71388
71387
71373
71374
71359
71358
71343
68575
71342
71357
71372
71371
71356
71370
71385
71386
71402
71403
71418
71419
71420
71435
71434
71433
71448
71449
71450
71465
71480
71495
71510
71524
71525
71540
71539
71554
71553
71568
71584
71583
71601
71617
71618
71602
71585
71603
71619
71636
71635
71634
71650
71651
71652
71669
71668
71667
71666
71684
71665
71683
71698
68587
71682
71664
71663
71662
71645
71646
71629
71628
71627
71644
71661
71678
71694
71710
71728
71729
71742
71757
71741
71727
68588
71693
71677
71660
68584
71643
71626
71611
71593
71576
71577
71561
71546
71531
71516
71501
71486
71471
71456
71441
71442
71457
71472
71473
71474
71489
71488
71487
71502
71503
71504
71519
71518
71517
71532
71547
71548
71533
71534
71549
71564
71563
71562
71578
71594
71612
71613
71614
71596
71595
71579
71580
71581
71597
71598
68582
71615
71631
71630
71647
71648
71649
71632
71633
71616
68583
71599
71600
71582
68581
71565
71566
71567
71552
71551
71550
71535
71536
71521
71520
71505
71490
71475
71476
71460
71461
71462
71477
71492
71491
71506
71507
71522
71537
71538
71523
71508
71509
71494
71493
71478
71479
71464
71463
71447
71446
71445
71430
71415
71416
71431
71432
71417
71401
71400
71384
71383
71399
71398
71397
71414
71429
71444
71459
71458
71443
71428
71413
71412
71427
71411
71426
79027
79026
79025
79024
79023
79022
74376
76829
79021
79020
76818
76807
79019
79018
76796
76806
76817
76828
76816
76815
76826
76827
76844
76845
76856
76867
76878
76877
76866
76855
76854
76853
76843
76842
74375
76825
76814
76803
76792
76781
76770
76771
76762
76763
76747
76764
76773
76772
76783
76782
76793
76804
76805
76794
76795
76784
76785
79017
79016
76774
76765
76748
79015
79014
76738
76737
76727
76728
79013
79012
76718
76708
79011
79010
76698
74371
76681
79009
79008
76673
76665
79007
79006
76657
76649
79005
74368
76627
76626
76640
76639
76638
76623
76622
74367
76621
76578
76568
76569
76559
76558
76548
76549
76540
76539
76529
76530
76520
76519
76509
76510
76511
76521
76522
76512
76502
76501
76491
76492
76482
76472
76471
76481
76480
76490
76500
76499
76489
76479
76469
76470
76459
76442
76441
76424
76425
76409
76426
76444
76443
76460
76461
76462
76445
76428
76427
76410
76399
76389
76379
76363
76351
76350
76349
76331
76332
76333
76334
76316
76300
76299
76315
76314
76298
74355
76297
76296
76295
76313
76312
76328
76329
76330
76348
76347
76360
76361
76362
74357
76378
76388
76398
76397
76408
76407
76396
76387
76386
76377
76376
76374
76373
76372
76371
76370
76384
76394
76405
76404
76393
76383
76382
76392
76403
76415
76432
76414
76391
76381
76367
76366
76365
74111
76380
74112
76390
74113
76401
76402
76413
76412
76429
76430
76431
76448
76449
76450
76433
76416
76417
76418
76434
76435
76436
76419
76420
76421
76438
76437
76454
76453
76452
76451
76467
76477
76466
76465
76475
76476
76486
76487
76497
76507
76517
76516
76506
76496
76485
76495
76505
76515
76525
76535
76545
76536
76526
76527
76537
76546
74363
76566
76576
76587
76588
76589
76590
76591
76604
76620
76637
76619
76618
76636
76635
76617
76616
76615
76603
74365
76586
76585
76584
76574
76575
76565
76556
76555
76544
74362
76543
76534
76524
76514
76504
76494
76484
76474
76464
76447
76446
74114
76463
74115
76473
74116
76483
74117
76493
74118
76503
74119
76513
74120
76523
74121
76533
80967
79543
80950
79542
79541
79540
80916
80900
79538
79537
80892
80884
82759
82758
80876
80869
80868
80867
80875
80883
80882
80874
80866
80865
80864
80850
80849
80848
80847
80846
80845
80844
80858
80859
80860
80861
80862
80863
80873
80881
80889
80890
80898
80891
80899
80915
80914
80931
80930
80913
80897
80912
80929
80928
80911
80910
80927
80926
80925
80909
80908
80907
80924
80923
80906
80905
80922
80937
80921
80904
80896
80895
80887
80888
80880
80879
80871
80855
80872
80856
80857
80843
80842
80834
80818
80819
80820
80821
80822
80823
80824
80825
80826
80827
80835
79534
80851
80852
80836
80828
80829
79533
79535
80837
80830
80813
80805
80804
80812
80811
79531
80802
79530
80792
80793
80803
80794
80795
80796
80779
80778
80761
80762
80745
80744
80737
80730
80723
80724
80731
80738
82757
82756
82755
82754
82753
82752
82751
82750
82749
82748
79526
80659
80658
80657
79525
80674
80675
80682
80689
80696
80703
80710
80717
80716
80709
80702
80695
80688
80681
80680
80687
80694
80701
80708
80715
80722
80729
80736
80743
80758
80759
80760
80777
80776
80775
80774
80791
80790
80773
80757
80756
80755
80754
80771
80772
80789
80788
80787
80786
80769
80770
80753
80752
80751
80750
80767
80768
80785
80784
79529
80766
80749
80748
79528
80765
80783
80782
80799
80798
80781
80764
80747
80740
80741
79527
80742
80734
80733
80726
80719
80712
80713
80720
80727
80735
80728
80721
80714
80707
80700
80693
80686
80679
80692
80699
80706
80705
79259
80704
79260
80711
79261
80718
79262
80725
79263
80732
79264
80739
79265
80746
79266
80763
79267
80780
79268
80797
79269
80806
79270
80814
80815
80807
80808
80809
80800
80801
80810
80817
80816
79532
80833
80841
80840
80854
79536
80878
80886
80894
80902
80901
79274
80893
79273
80885
79272
80877
79271
80870
80853
80838
80839
80832
80831
85753
85754
84453
84458
85755
85756
84463
84467
84466
83311
84461
84462
84457
84452
84451
84456
84481
84482
84483
84502
84503
84504
84484
84485
84486
84505
84524
85757
84527
84530
84529
83315
84526
84523
84522
84521
84520
84501
84500
84519
84518
84517
84498
84499
84480
84479
84478
84497
84496
84477
84476
84495
84516
84515
84514
84513
84494
84475
84474
84473
84472
84471
84450
84455
84460
84465
83312
84469
84470
84489
84490
84491
84492
84493
84512
84511
84510
84509
84508
84507
84488
83313
83314
83318
84542
84561
84566
84565
83058
84560
83057
84541
83056
84537
83055
84534
83054
84531
83053
84528
83052
84525
83051
84506
83050
84487
83049
84468
83048
84464
83047
84459
83046
84454
83045
84449
83044
84430
84426
83043
84427
84431
84432
84433
84434
84435
84436
84437
84438
84439
84440
84441
84442
84443
84444
84445
84446
84447
83309
83308
83307
84420
84424
84428
84448
83310
84429
84425
84421
84417
85752
84414
85751
85750
84411
84408
85749
85748
84405
84402
85747
85746
84399
84396
85745
85744
84393
84390
85743
85742
84387
84384
85741
85740
85739
85738
85737
84381
84380
84379
84378
84377
84376
84375
84374
84373
84372
84371
84370
84369
84368
84367
84366
84365
84364
84383
84386
84389
84392
84395
84398
84401
84404
84407
84410
84413
84416
84419
84423
84422
83042
84418
83041
84415
83040
84412
83039
84409
83038
84406
83037
84403
83036
84400
83035
84397
83034
84394
83033
84391
83032
84388
83031
84385
83030
84382
83029
84363
84361
83028
84362
84360
84358
84356
83027
84359
84357
83026
84355
83025
83024
84336
84334
83023
83022
84332
84330
83021
83020
84327
84308
83019
83018
84289
84309
84290
84291
84310
84311
84312
84337
84338
84339
84340
84341
84342
84343
84344
84345
84346
84347
84348
84349
84350
84351
84352
84353
83306
84354
84335
83305
83304
84333
84331
83303
84328
84325
84329
85736
84326
84307
84306
84287
84288
84269
84268
84264
84265
85735
85734
84260
84255
84254
84253
84259
84258
84263
83302
84286
84305
84324
84323
84322
84303
84304
84285
84284
84283
84282
84301
84302
84321
84320
84319
84300
84281
84280
84299
84318
84317
84316
84315
84296
84297
84298
84279
84278
84277
84276
84295
84314
84313
84294
84293
84275
84274
84273
84292
84272
84271
84270
84267
84262
84257
83017
84266
83016
84261
83015
84256
83014
84252
84233
83013
84229
83012
84225
83011
84221
83010
84217
83009
84213
83008
84209
83007
84205
83006
84186
83005
84167
83004
84148
83003
84144
83002
84125
83001
84106
83000
84087
82999
84068
84064
82998
84060
82997
84056
82996
84052
82995
84048
82994
84044
82993
84040
82992
84037
82991
84034
82990
84031
82989
84028
82988
84024
82987
84020
82986
84016
82985
84012
82984
84013
84017
84021
84025
84029
84032
84035
84038
84041
84045
84049
84053
84057
84061
84065
84070
84069
83292
84088
84107
83293
83294
84126
83295
84149
84150
84151
84152
84153
84154
84155
84156
84175
84194
84193
84192
84174
84173
84172
84191
84190
84171
84170
84189
84188
84169
84168
83296
83297
84187
84206
84210
84214
84218
84222
84226
84230
83300
84234
83301
84235
84236
84237
84238
84239
84240
84241
84242
84243
84244
84245
84246
84247
84248
84249
84250
83299
84231
84232
84251
85733
80488
80471
80472
80489
80490
80491
80492
80516
80515
80508
80507
80514
80522
80529
79515
80521
80513
80506
80505
79247
80512
79248
80520
79249
80528
79250
80545
79516
80546
80564
80581
80589
80590
80598
80597
80596
80588
80580
80563
80562
79251
80579
79252
80587
79253
80595
80603
79254
80619
80620
80604
80605
80621
80638
80639
80655
80654
80637
80636
80653
80660
79255
80676
79256
80683
79257
80690
79258
80697
80698
80691
80684
80685
80678
80677
80661
80662
80663
80664
80665
80666
80667
80668
80669
80670
80671
80672
80673
80656
80649
80648
80630
80615
80614
80629
80647
80646
80645
80644
80643
80625
80626
80627
80628
80613
80612
80611
80610
80609
80624
80642
79523
80641
80640
80622
79521
80606
80607
80623
80608
80599
80591
80583
80582
80565
80566
80548
80547
80530
80523
80524
80531
80532
80549
80567
80568
80569
80551
80550
80533
80534
80535
80552
80570
80571
80572
80554
80553
80536
80537
80538
80555
80573
80574
80575
80556
80539
80540
80557
80558
80576
80584
80592
80593
80585
80577
80578
80586
80594
80602
80601
80600
79520
80616
80633
80632
80631
80650
79524
80651
79522
80652
82747
80635
80634
80617
80618
79519
79518
79517
82746
80561
80544
80543
80560
80559
80542
80541
79514
80517
80509
80510
80518
80525
80526
80527
80519
82745
80511
82744
82743
80504
80503
79512
80486
79511
80487
82742
82741
80470
80463
79510
80456
80457
80439
82740
79508
79507
80426
80425
80438
80434
80430
80424
80408
80423
80422
80421
80420
80419
80418
80417
80416
80415
80414
80413
79506
80407
80406
80405
80411
80412
80428
80429
80433
80432
80436
80437
80442
80441
80459
80460
80467
80461
80443
80444
79509
80445
80446
80447
80448
80449
80450
80451
80452
80453
80454
80455
80462
80469
80468
80485
80484
80483
80502
80501
80500
80499
80482
80481
80498
80497
80480
80479
80478
80496
80495
80477
80494
79513
80493
80476
80475
80474
80473
80466
80465
80464
79246
80458
79245
80440
80435
80431
79244
80427
79243
80410
79242
80404
79241
80397
79240
80389
79239
80381
79238
80375
80376
80382
80390
80398
80399
80400
80392
80391
80383
80377
80384
79502
80371
80365
80360
79500
80339
80334
80329
80324
80307
80290
80291
80292
80309
80308
80344
80345
80346
80347
80348
80349
80350
80351
80352
80353
80354
80355
79501
80366
80372
79503
80378
80386
80385
80393
79504
80401
80394
80395
80402
79505
80409
80403
80396
82739
82738
80388
80387
80379
80380
82737
80374
80373
80367
80361
80356
80340
80335
80330
80325
80319
80302
80301
80300
80318
80317
80316
80315
80298
80299
80281
80282
80283
80284
80269
80285
80270
79494
80271
82735
80255
79493
80251
80247
80243
82734
82733
82732
82731
82730
82729
82728
82727
82726
82725
82724
82723
80199
80203
80207
80211
80215
80219
80223
80227
80231
80235
80239
79491
79492
80268
80267
80266
80265
80280
80264
80279
80296
80297
80314
80313
80312
80295
80278
80263
80262
80277
80294
80311
80310
80293
80275
80276
80261
80260
80259
80274
79495
80258
80257
80253
80254
80250
80249
80245
80241
80237
80233
80246
80242
80238
80234
80230
80226
80229
80225
80221
80217
80222
80218
80214
80213
80209
80210
80206
80202
80198
80205
80201
80197
80193
80194
80174
80146
80147
80148
80149
80150
80134
80133
80132
80131
80130
80129
80145
80144
80143
80128
80127
80126
80125
80124
80140
80156
80159
79210
80162
79211
80166
79212
80169
79213
80172
80175
79214
80192
79215
80196
79216
80200
79217
80204
79218
80208
79219
80212
79220
80216
79221
80220
79222
80224
79223
80228
79224
80232
79225
80236
79226
80240
79227
80244
79228
80248
79229
80252
80256
79230
80272
80273
80289
80306
80323
80328
80333
80338
80343
80359
80364
80370
80369
79237
80363
79236
80358
79235
80342
80337
79234
80332
79233
80327
79232
80322
79231
80305
80288
85724
84047
85725
84051
84055
83287
83288
84059
84063
83289
83290
84067
85726
83291
84086
84105
84104
84103
84123
84124
84142
84143
85727
84147
84166
84185
84184
84203
84204
84208
84212
85728
85729
84216
85730
84220
84224
85731
85732
84228
84227
84223
84219
84215
84211
84207
83298
84202
84201
84182
84183
84164
84165
84146
84145
84141
84122
84121
84120
84139
84140
84163
84162
84161
84181
84200
84199
84180
84179
84198
84197
84178
84160
84159
84177
84196
84195
84176
84157
84158
84136
84135
84116
84134
84115
84096
84095
84094
84113
84114
84133
84132
84131
84112
84111
84091
84110
84130
84129
84128
84127
84108
84109
84090
84089
84071
84072
84073
84074
84092
84093
84075
84076
84077
84078
84079
84080
84097
84098
84117
84118
84137
84138
84119
84100
84099
84081
84082
84083
84101
84102
84084
84085
84066
84062
84058
84054
84050
84046
83286
84042
84043
84039
85723
84036
83285
83284
84033
84030
83283
84026
84022
84023
84027
85722
85721
84019
85720
85719
84015
84018
84014
84010
84011
85718
85717
84008
84007
84004
84005
85716
85715
85714
85713
85712
85711
83990
83993
83996
83999
84002
84001
83998
83995
83992
83989
83986
83983
83987
85710
85709
83984
83981
83978
83977
83980
83281
83280
83974
83975
83972
83971
83952
83947
83948
83953
85708
85707
85706
83943
83942
83938
83937
83941
83946
83951
83970
83279
83969
83968
83967
83966
83965
83964
83963
83962
83961
83960
83959
83924
83925
83926
83907
83906
83905
83886
83887
83888
83889
83890
83908
83927
83909
83928
83929
83930
83910
83891
83892
83911
83912
83931
83932
83933
83934
83939
85705
83935
83916
83915
83914
83913
83896
83897
83878
83877
83859
83860
85704
85703
80046
80045
85702
83852
83851
83847
83850
83856
83855
83854
83858
83876
83895
83894
83893
83875
83874
83873
83872
83871
83870
83869
83868
83867
83866
83885
83904
83923
83922
83921
83920
83901
83902
83903
83883
83884
83865
83864
83863
83882
83900
83881
83862
83861
83880
83899
83918
83919
83278
83945
83950
83954
83955
83956
83957
83958
83979
83982
83985
83988
83991
83994
83997
84000
84003
84006
83282
84009
82983
82982
82981
82980
82979
82978
82977
82976
82975
82974
82973
83976
83973
82972
82971
83949
82970
83944
82969
83940
83936
82968
83917
82967
82966
83898
83879
82965
82964
83277
83857
82963
82962
83853
83849
82961
82960
83846
83827
82959
82958
83808
83809
83828
83829
83810
83811
83830
83831
83832
83833
83834
83815
83816
83835
83836
83837
83818
83819
83838
83839
83840
83841
83822
83823
83842
83843
83844
83848
83276
83845
83826
83825
83806
83788
83807
85701
85700
85699
83275
83758
83739
85698
85697
83736
83733
83273
83730
83727
83724
83721
83718
83717
83720
83723
83726
83729
83732
83735
83738
83757
83756
83755
83754
83753
83752
83751
83750
83770
83771
83772
83773
83774
83775
83776
83779
83780
83784
83783
83787
83805
83824
83804
83803
83802
83821
83820
83801
83800
83799
83798
83817
83797
83796
83814
83795
83794
83813
83812
83793
83792
83791
83790
83762
83763
83764
83765
83766
83767
83768
83769
83749
83748
83747
83746
83745
83744
83743
83742
83741
83274
83761
83760
83778
83782
83786
83789
82957
83785
82956
83781
82955
83777
82954
83759
83740
82953
83737
82952
83734
82951
83731
82950
83728
82949
83725
82948
83722
82947
83719
82946
83716
82945
83713
82944
83710
82943
83707
82942
83703
82941
83699
82940
83696
82939
83678
83677
82938
83676
82937
83675
82936
83674
82935
83673
82934
83671
82933
83669
82932
83667
82931
83665
82930
83663
82929
83661
82928
83659
82927
83657
82926
83655
82925
83653
82924
83262
82923
82922
82921
82920
82919
83628
82918
82917
83609
83610
83629
83630
83611
83631
83612
83594
83575
83556
83557
83576
83595
83614
83613
83632
83633
83634
83635
83636
83637
83638
83619
83600
83581
83580
83599
83618
83617
83598
83579
83560
83561
83562
83543
83542
83541
83559
83578
83597
83616
83615
83596
83577
83558
83540
83539
83538
83519
83518
83537
83517
83496
83477
83478
83479
83480
83481
83482
83520
83521
83522
83523
83524
83525
83487
83488
83489
83490
83491
83510
83509
83528
83529
83530
83549
83568
83569
83570
83551
83550
83531
83511
83492
83493
83512
83532
83513
83494
83475
85672
83473
83261
83259
83471
83468
85671
85670
83465
83462
85669
85668
83459
83456
85667
83453
83452
83451
83450
83449
83448
83447
83428
83429
83430
83431
83432
83433
83434
83415
85666
85665
83414
83413
85664
85663
83412
83411
85662
85661
83410
83409
85660
85659
83408
83407
85658
85657
83406
83405
85656
85655
83404
83403
85654
85653
83402
83401
85652
85651
83400
83399
85650
85649
83398
83397
85648
79139
79660
79140
79661
79141
79662
79142
79663
79143
79664
79144
79665
79145
79666
79146
79667
79147
79668
79148
79669
79149
79670
79150
79671
79151
79672
79152
79673
79153
79674
79154
79675
79676
79677
79678
79155
79679
79680
79443
79442
79441
79692
79693
79709
79710
79728
79729
79730
79731
79732
79727
79726
79747
79746
79745
79744
79743
79742
79741
79740
79739
79738
79716
79157
79156
79681
79699
79682
79683
79700
79701
79684
79685
79702
79703
79686
79687
79704
79705
79688
79689
79690
79691
79708
79707
79706
79725
79724
79723
79722
79721
79720
79445
79719
79718
79717
79733
79734
79737
79755
79446
79759
79447
79760
79761
79762
79763
79764
79765
79766
79767
79768
79769
79770
79771
79748
79749
79750
79751
79735
79752
79756
79772
79448
79776
79773
82691
82690
79736
82689
79444
82688
79715
79714
79713
79712
79711
79694
79695
79696
79697
79698
82687
82686
82685
82684
82683
82682
82681
82680
82679
82678
82677
82676
82675
82674
82673
82672
82671
82670
82669
82668
73995
73996
73997
73998
73999
74000
74001
74002
74003
74004
74005
74006
74007
74008
74009
74010
74011
74012
74013
74014
74495
74496
74497
74498
74264
74499
74500
74501
74502
74503
74504
74505
74506
74507
74508
74509
74514
74517
74520
74265
74535
74541
74546
74553
74568
74269
74270
74583
74590
74597
74272
74598
74591
78913
78912
74584
74569
78911
78910
74554
74547
78909
78908
74542
74536
78907
78906
74521
74518
78905
78904
74515
74511
74510
74494
78903
78902
74493
74492
78901
78900
74491
74490
78899
78898
74489
74488
78897
78896
74487
74486
78895
78894
74485
74484
78893
78892
74483
74482
78891
78890
74481
74480
78889
78888
74479
74478
78887
78886
74477
74476
78885
74475
78884
68192
68706
68193
68707
68194
68708
68195
68709
68196
68710
68197
68711
68198
68712
68199
68713
68200
68714
68201
68715
68202
68716
68203
68717
68204
68718
68205
68719
68206
68720
68207
68721
68208
68722
68723
68724
68725
68726
68727
68728
68729
68730
68731
68732
68733
68734
68735
68736
68737
68738
73809
73810
68739
73811
68740
68758
68757
68756
68772
68773
68774
68791
68794
68396
68790
68789
68788
68771
68755
68754
68770
68787
68786
68769
68753
68752
68751
68750
68766
68767
68768
68785
68784
68783
68782
68765
68749
68748
68747
68746
68745
68744
68760
68761
68762
68763
68764
68781
68780
68779
68778
68777
68776
68759
68395
68742
68743
68209
68210
68211
68741
68212
68213
68775
68793
68214
68792
68215
68795
68216
68798
68217
68814
68218
68819
68815
68816
68799
68796
68398
68800
68801
68802
68803
68804
68805
68806
68807
68808
68809
68810
68811
68812
68399
68817
68397
68797
68813
68818
68835
68834
68401
68841
68402
68847
68864
68881
68898
68915
68914
68897
68880
68863
68879
68896
68913
68930
68929
68928
68911
68912
68895
68878
68861
68862
68846
68840
68833
68832
68831
68830
68829
68828
68827
68826
68825
68824
68823
68822
68400
68821
68820
68837
68838
68839
68845
68850
68403
68844
68843
68849
68866
68883
68900
68406
68901
68407
68919
68902
68885
68884
68405
68404
68867
68868
68886
68887
68870
68869
68851
68852
68853
68854
68871
68888
68889
68906
68907
68908
68909
68892
68891
68890
68873
68872
68855
68856
68857
68874
68875
68858
68859
68860
68876
68877
68894
68893
68910
68927
68926
68925
68924
68923
68922
68905
68904
68903
68920
68921
68408
68952
68953
68954
68955
68956
68971
68970
68988
68987
68969
68968
68967
68985
68984
68966
68951
68950
68949
68942
68941
68935
68918
68917
68934
68933
68226
68916
68225
68899
68224
68882
68223
68865
68222
68848
68221
68842
68220
68836
68219
78914
78915
74614
74630
78916
78917
74638
74653
74652
74660
78918
78919
74667
74684
74683
74682
74691
74707
74708
74276
74722
74729
74728
74721
74715
74714
74713
74720
74727
74736
74737
74745
74746
74738
74747
74756
74757
74766
74765
74774
74773
74772
74764
74755
74754
74763
74771
74780
74781
74790
74789
74280
74798
74799
74800
74801
74791
74782
74783
74792
74802
74819
74281
74818
74835
74848
74866
74878
74879
74867
74849
74836
74820
78930
78929
74803
74793
74784
78928
74775
78927
78926
74767
74758
78925
78924
74749
74748
74739
74740
78923
78922
74731
74730
74723
74716
78921
74709
74692
78920
68979
68228
68996
68997
68980
68963
68962
68227
68946
68939
68940
68947
68948
68410
68964
68965
68983
68982
68981
68412
68998
69014
69013
68229
69021
68415
69029
69039
69038
68230
69049
68231
69061
68232
69073
69062
69063
69064
69065
69053
69042
69032
69031
69041
69052
69051
69050
69040
69030
69022
69023
69024
69015
68413
68999
69000
69001
68986
69002
69003
69004
69005
68989
68990
69006
69007
68991
68973
68972
68957
68958
68974
68992
69008
69009
69017
69016
69025
68414
69033
69044
69055
69056
69045
69034
68417
69046
69058
69057
69069
69068
69080
69081
69082
69070
69071
69083
69094
69106
69105
69093
69092
69091
69103
69104
69116
69115
69128
69127
69126
68419
69114
69102
69090
69079
69067
68416
69043
69054
69066
69078
69089
69101
69113
69125
69139
69155
69173
69172
69171
69189
69190
68420
69207
69191
69192
69174
69156
69140
69141
69157
69158
69142
69143
69144
69145
69146
69129
69130
69117
69118
69131
69149
69165
69164
69148
69147
69163
69181
69182
69200
69199
69198
69214
69227
69226
69213
69212
69225
69211
69210
69194
69195
69196
69197
69178
69179
69180
69162
69161
69160
69159
69177
69176
69175
69193
69209
69208
69224
69223
69236
68422
69261
68423
68424
69277
69293
68426
69276
69260
69248
69235
69234
69222
69206
69205
69188
69187
69186
69168
69169
69170
69152
69153
69154
69138
69137
69136
69123
69124
69111
69112
69100
69099
69087
69088
69077
69076
69075
69074
68418
69085
69086
69098
69110
69109
69097
68233
69096
68234
69108
68235
69120
69121
69122
69135
69151
69134
69133
69150
69167
69185
68236
69203
69204
68237
69219
68238
69231
69232
69220
69221
69233
69246
69245
69257
69244
69243
68239
69256
68240
69272
69288
69289
69273
69258
69247
69259
69275
69274
68425
69290
69291
69292
69310
69309
69322
69323
69336
69335
69334
69333
69320
69321
69308
69307
69306
69305
68241
69304
68242
69317
69318
69319
69332
69331
69330
69344
68243
69358
68244
69375
69376
69359
69345
69360
69377
69378
69379
69362
69361
69346
69347
69348
69363
69349
69350
68433
69364
69381
68436
69380
68435
69393
69408
69407
69392
69391
69390
69389
69404
68245
69420
69421
69405
69406
69422
69423
69436
69452
69451
69435
69434
69450
69449
68246
69433
78937
75060
75050
74294
75041
78936
78935
75032
75023
75008
74999
78934
78933
74989
74988
74998
74292
74997
74996
74986
74976
74977
74987
74978
74979
74969
74953
78932
74940
74928
74916
78931
74903
74891
74902
74890
74889
74888
74876
74877
74865
74847
74834
74833
74846
74864
74863
74875
74887
74899
74886
74874
74285
74861
74843
74830
74831
74844
74862
74845
74832
74817
74816
74815
74814
74813
74828
74829
74284
74860
74859
74858
74857
74856
74872
74884
74896
74908
74921
74933
74945
74960
74961
74962
74963
74946
74934
74922
74923
74935
74936
74924
74910
74909
74897
74885
74873
74286
74287
74898
74911
74912
74913
74900
74901
74914
74915
74288
74289
74939
74927
74926
74925
74937
74938
74950
74951
74952
74968
74967
74966
74965
74949
74948
74947
74290
74964
74291
74975
74985
74995
75005
75006
75020
75021
75007
75022
75031
75030
75029
75019
75018
75017
75016
75015
75014
75013
74293
75004
74994
74984
74974
74959
74958
74944
74932
74920
74907
74906
74894
74882
74881
74893
74905
74918
74919
74931
74930
74941
74039
74929
74038
74917
74037
74904
74036
74892
74035
74880
74034
74868
74033
74850
74851
74869
74852
74853
74870
74895
74883
74871
74854
74855
74842
74841
74824
74282
74808
74807
74797
74809
74810
74825
74826
74283
74827
74812
74811
74279
74779
74770
74778
74769
74761
74762
74752
74753
74744
74735
74726
74743
74734
74725
74718
74719
74712
74696
74695
74711
74710
74717
74277
74724
74733
74742
74751
74760
74278
74768
74777
74786
74787
74788
74796
74795
74805
74806
74822
74823
74840
74839
74838
74837
74821
74032
74804
74794
74031
74785
74776
74030
74759
74029
74750
74028
74741
74027
74732
74026
74025
74024
74023
74685
74022
74693
74694
74686
74687
74688
74697
74698
74699
74700
74701
74702
74703
74704
74705
74706
74690
74681
74665
74666
74659
74658
74657
74664
74680
74689
74679
74678
74677
74676
74675
74674
74673
74672
74671
74670
74669
74668
74021
74020
74019
74654
74661
74662
74663
74656
74655
74639
74633
74632
74275
74274
74631
74018
74615
74599
74600
74616
74617
74601
74602
74618
74619
74634
74640
74641
74642
74643
74644
74645
74646
74647
74648
74649
74635
74636
74650
74651
74637
74629
74273
74613
74628
74627
74626
74625
74609
74610
74611
74612
74596
74589
74582
74581
74580
74579
74578
74563
74564
74565
74566
74567
74552
74545
74540
74534
74533
74532
74531
74530
74529
74528
74527
74266
74526
74525
74519
74516
74513
74512
74015
74016
74522
74523
74524
74539
74267
74538
74537
74548
74555
74549
74550
74543
74544
74551
74559
74574
74575
74576
74560
74268
74561
74562
74577
74607
74608
74624
74623
74622
74606
74605
74621
74620
74604
74603
74595
74271
74588
74587
74586
74594
74593
74572
74573
74558
74557
74556
74571
74570
74017
74585
74592
82692
79449
82693
79786
79790
82694
82695
79794
79811
82696
79451
79814
79810
79809
79808
79807
79806
79805
79804
79803
79802
79801
79800
79799
79798
79797
79450
79793
79796
79792
79788
79789
79785
79784
79781
79782
79779
79778
79775
79758
79754
79158
79753
79159
79757
79774
79160
79777
79161
79780
79162
79783
79163
79787
79164
79791
79165
79795
79166
79812
79813
79816
79818
79167
79815
79168
79817
79820
79169
79836
79170
79838
79171
79840
79172
79842
79173
79844
79174
79847
79175
79849
79176
79851
79177
79853
79178
79855
79179
79857
79180
79859
79181
79861
79182
79863
79183
79865
79866
79864
79862
79860
79858
79856
79854
79852
79850
79848
79845
79843
79841
79839
79837
79821
79822
79823
79824
79825
79826
79827
79828
79829
79830
79831
79832
79833
79834
79835
79452
79819
79453
79454
79455
79456
79457
82697
79846
79458
82698
82699
82700
82701
82702
82703
82704
82705
82706
79884
79459
82707
82708
82709
82710
79460
79462
79464
82711
79919
79465
79922
79939
79938
79955
79956
79468
79469
79470
79471
79971
79989
80007
80006
80005
79473
80010
80011
79474
79475
80018
82712
82713
80043
79477
80048
80047
80064
80065
80069
80085
80084
80068
79479
80063
80062
80061
80060
80059
80058
80057
80056
80055
80054
80053
79478
80052
80051
80050
80049
79205
80044
79204
80027
79203
80028
79476
80029
80030
80031
80032
80033
80034
80035
80036
80037
80038
80039
80040
80025
80041
80042
80026
80022
80021
80017
80014
80004
80003
80002
80001
80000
79999
79998
79980
79981
79982
79983
79984
79985
79986
79987
79988
79472
79968
79965
79962
79959
79954
79953
79937
79936
79935
79952
79951
79934
79950
79933
79932
79949
79948
79931
79930
79929
79947
79946
79945
79928
79927
79944
79943
79926
79925
79924
79942
79941
79467
79466
79921
79190
79920
79191
79923
79192
79940
79193
79957
79958
79961
79964
79967
79970
79973
79974
79975
79976
79977
79978
79979
79997
79996
79995
79994
79993
79992
79991
80009
80013
80016
80020
80024
80023
79202
80019
79201
80015
79200
80012
79199
80008
79198
79990
79972
79969
79197
79966
79196
79963
79195
79960
79194
83272
83271
83270
85696
85695
85694
85693
83269
83706
83701
83705
83709
83712
83715
83714
83711
83708
83704
83700
83697
83694
83693
83692
83691
83690
83689
83688
83687
83686
83685
83684
83683
83682
83681
83680
83679
83264
83265
83266
85690
83695
83267
83268
83698
83702
85691
85692
79915
79916
79189
79917
79918
79463
79461
79898
79899
79900
79901
79902
79903
79904
79905
79906
79907
79908
79909
79910
79911
79912
79895
79892
79889
79883
79882
79881
79880
79879
79878
79877
79876
79875
79874
79873
79872
79871
79870
79869
79868
79886
79888
79891
79894
79897
79914
79913
79188
79896
79893
79187
79890
79186
79887
79185
79885
79184
79867
85689
83263
83672
85688
85687
83670
83668
85686
85685
83666
83664
85684
85683
83662
83660
85682
85681
83658
83656
85680
85679
83654
83652
85678
85677
83651
83650
85676
85675
83649
83648
85674
85673
83647
83646
83645
83626
83607
83627
83608
83589
83588
83587
83586
83567
83548
83547
83566
83585
83605
83606
83625
83644
83643
83624
83623
83604
83603
83622
83642
83641
83640
83639
83620
83621
83602
83601
83582
83563
83544
83526
83545
83564
83583
83584
83565
83546
83527
83508
83507
83506
83505
83486
83485
83504
83503
83484
83483
83502
83501
83500
83499
83498
83497
83516
83515
83534
83553
83552
83571
83572
83573
83554
83535
83536
83555
83574
83593
83592
83591
83590
82916
82915
82914
82913
83533
83514
82912
82911
83495
83476
82910
83474
82909
83472
83260
83470
83467
83469
82908
83466
82907
83463
82906
83464
83461
83458
83455
82905
83460
83457
82904
83454
82903
83435
82902
83258
83436
83437
83438
83439
83440
83441
83442
83443
83444
83445
83446
83427
83426
83425
83424
83423
83422
83421
83420
83419
83418
83417
83416
82901
82900
82899
82898
82897
82896
82895
82894
82893
82892
82891
82890
82889
82888
82887
82886
82885
82884
82883
82882
617
618
619
620
621
622
623
624
625
626
627
628
629
630
631
632
633
634
635
588
636
637
638
639
640
641
642
643
644
645
646
647
648
649
650
651
652
653
654
655
656
657
658
659
660
661
662
663
664
665
666
667
668
669
670
671
672
673
674
675
676
677
678
679
590
229
230
231
232
233
234
235
236
237
238
239
240
241
242
243
589
244
245
246
247
248
249
250
251
252
253
254
255
256
257
258
259
260
261
262
263
264
265
266
267
268
269
270
271
272
273
274
275
276
277
278
279
280
281
282
283
284
285
594
286
287
288
289
290
291
292
293
294
295
296
297
298
299
300
301
302
303
599
597
595
719
718
717
716
715
714
713
712
711
710
596
709
708
707
706
705
704
703
702
701
700
699
698
697
696
593
695
694
693
692
691
690
689
592
591
680
681
682
683
684
685
686
687
688
73793
73794
73795
73796
73797
73798
73799
73800
73801
73802
73803
73804
73805
73806
73807
73808
62557
63111
63106
62556
62555
63101
63096
62554
62553
63091
63086
62552
62551
63081
63076
62550
62549
63071
63066
62548
62547
63061
63056
62546
62545
63051
63046
62544
62543
62542
63036
63041
63037
63042
63047
63052
63057
63062
63067
63072
63077
63082
63087
63092
63097
63102
63107
63112
63117
62751
63116
62558
63139
63156
63157
63140
63132
62752
63133
63141
63158
63174
63192
63173
63191
63197
62559
63215
62560
63231
62561
63237
62562
63244
62563
63261
62564
63262
63263
63278
63296
62565
63295
62566
63304
62567
63312
62568
63329
62569
63346
62570
63354
63355
62765
63362
63370
63369
73815
68995
68977
68978
68961
73814
73813
68945
68938
73812
68932
68931
68937
68936
68943
68944
68960
68959
68409
68975
68976
68411
68993
68994
69010
69018
69026
69035
69027
69019
69011
69012
73816
69020
69028
73817
69037
69036
69047
69059
69060
69048
73818
73819
69072
69084
73820
73821
69095
73822
69107
69119
69132
73823
73824
69166
69184
69202
73825
69218
69183
69201
69217
69216
69215
69228
69229
69230
69242
68421
73826
69255
69271
69287
69303
69302
69286
69270
69254
69253
69241
69240
69239
69238
69237
69249
69265
69280
69264
69263
69262
69278
69294
69279
69295
69296
69297
69281
69282
69298
69299
69284
69283
69267
69266
69250
69251
69252
69268
69269
69285
69301
69300
68427
69314
69315
69316
69329
69328
69327
68428
69326
69313
69312
69311
69324
69325
69338
69353
69354
69339
69340
69355
69371
69385
69400
69399
69384
69370
69369
69383
68434
69368
69352
69351
69337
68430
68429
68431
69365
69366
69367
69382
69396
69395
69413
69412
69394
69411
69410
69409
69425
69424
69437
69438
69453
69469
69487
69486
69497
68441
69498
69499
69516
69515
68442
69531
69549
69550
69532
69533
69551
69563
69581
69564
69536
69537
69538
69522
69505
69504
69521
69520
69519
69535
69534
69518
69517
69500
69501
69502
69503
69474
69473
69472
69471
69489
69488
69470
69454
68439
69439
69440
69455
69456
69457
69441
69442
69443
69458
69459
69444
69426
68438
69414
69415
69397
69398
69416
69427
69428
69429
69417
69430
69446
69447
69431
69418
68437
69402
69401
69386
69372
69356
68432
69341
69342
69343
69357
69374
69373
69387
69388
69403
73827
69419
69432
69448
69465
69482
69493
69492
69481
69464
69463
69480
69491
68440
69479
69490
69478
69462
69445
69461
69460
69477
69476
69475
69506
69523
69524
69507
69508
69509
69525
69542
69541
69540
69539
68443
69552
69553
69554
69571
69572
69573
69556
69544
69555
69543
69526
69510
69511
69527
63864
63882
63900
63916
63933
63934
63935
63950
63936
63920
63921
63905
63906
63907
63923
63924
63941
63940
63922
63939
63938
63937
63952
63951
63959
63976
63960
63961
63953
63962
63963
63964
63965
63966
63967
63968
63969
63954
63955
63970
63971
63972
62798
63981
63973
63956
62796
62795
62794
63931
63930
63929
63946
63945
63944
63927
63928
63912
63894
63893
63875
63859
63876
63877
63895
63913
63914
63896
63878
63860
62791
63843
63844
63845
63861
63880
63879
63897
63898
62792
63915
62793
63932
63947
68016
63899
63881
63863
63862
63846
63847
63830
68015
68014
63819
63808
63807
63818
63817
63829
63828
63827
63826
63815
63814
63825
63842
63841
63840
63839
63857
63858
63874
63892
63910
63911
63926
63943
63942
63925
63909
63908
63890
63891
63873
63872
63856
63838
63837
63855
63871
63889
63888
63904
63903
63919
63918
63917
63901
63902
63884
63883
63865
63866
63867
63885
63886
63887
63869
63870
63854
63836
63835
63853
63868
63852
63851
63834
62790
63824
63813
63796
63797
63798
63799
63800
63801
63802
63803
63804
63816
63805
63806
63789
63790
63791
68013
68012
63780
63763
68011
62786
63737
68010
68009
63727
63717
68008
63707
63706
63705
63689
63679
63669
63670
63680
63690
63691
68007
68006
63681
63671
68005
63661
63651
68004
58042
58043
58052
56968
58064
58075
58092
58108
58109
58119
58135
58118
56969
58134
58151
58167
58177
56970
58188
58199
58200
58201
58202
58191
58192
58181
58180
58169
57173
58168
58179
58190
58189
58178
58152
58153
58136
58120
58110
58121
58137
58138
58154
58155
58170
58171
58172
57175
58182
58193
58206
58207
58208
58209
58210
58211
58194
58183
58184
58195
58221
58220
58231
58232
58248
58249
58250
58233
58222
57180
57178
58212
58196
57177
57176
58185
58186
58197
58187
58198
58214
58213
58223
58224
62344
58235
58234
58251
58252
58268
58267
58266
58282
58265
58281
57185
58293
58312
58294
58283
58284
58295
58313
58329
58328
58346
58359
58360
58347
62345
62346
58377
58376
58375
58374
57188
58357
58358
58345
58327
58311
58310
58309
58308
57186
58325
58326
58344
58343
58356
58342
58341
58355
58340
58339
57187
58338
58337
58321
58322
58303
58304
58305
58323
58324
58306
58307
58277
58278
58291
58292
58280
58279
58263
58264
58247
58246
58262
58261
58245
58244
58243
58242
58241
57183
58258
58259
58260
58276
58275
58274
58273
58290
58302
58320
58336
58354
58367
57189
58382
58366
58365
58381
58364
58363
58380
58379
58362
58349
58350
58351
58352
58353
58335
58319
58301
58300
58318
58334
58333
58332
58316
58317
58299
58288
58289
58272
58271
58257
58239
58240
58230
57181
58219
58205
58204
58203
57179
58218
58229
58228
58217
58216
58215
58225
56971
58236
58237
58226
58227
57182
58238
58256
58255
57184
58270
58287
58298
58297
58286
58254
58253
58269
56972
58285
58296
58314
58315
58331
58330
58348
58361
58378
56973
58389
58390
58391
58403
58402
58414
58401
56974
58413
58426
56975
58438
56976
58451
58452
58439
58454
58469
58486
58487
58501
58515
58529
58543
58544
58530
58516
58502
58488
58472
58471
58458
58445
58432
58420
58407
58406
58419
58431
58444
58457
58470
58456
58443
58430
58429
58428
58427
57194
58415
58416
58417
58418
58405
58404
57191
58392
58393
58394
58395
58383
58368
58369
58370
58371
58372
58373
58384
58396
58408
58421
58433
58446
58459
58475
58474
58473
58503
58489
58476
58460
58447
58461
58462
58449
58448
58435
58434
57195
57193
58422
58409
57192
57190
58397
58385
58386
58398
58399
58387
58388
62347
58400
58412
58425
58411
58410
58423
58424
58436
58437
58450
62348
62349
58463
62350
58480
58479
58520
58521
58522
62353
58550
58536
58535
58549
58594
58595
58612
62356
62357
58629
58627
57200
58626
58639
58653
58654
58640
58642
62358
52817
52828
52839
52840
51640
52855
52841
52829
51637
52818
51636
52808
52807
52806
52794
52777
52766
51421
52755
51420
52744
52733
52734
52735
52723
52706
52689
52690
52691
52680
52679
52678
52667
52668
52669
52658
52647
52657
52656
52655
52666
52677
52688
52705
52722
52721
52704
52687
52676
51419
52665
51418
52654
51417
52643
51416
52633
52623
52606
52624
52634
52644
52645
52646
52636
52635
52625
52626
52609
52591
52574
52575
52559
52541
52526
52525
52524
52515
52514
52523
52522
51622
52539
52540
52558
52557
52556
52572
52573
52590
52608
52607
52589
52588
52571
52555
52538
51415
52521
52513
51414
52505
52496
52497
52498
51620
52506
52507
52499
52481
52474
52482
52483
51619
52500
52508
52516
52527
52528
52544
52543
52542
52560
52561
52562
52563
52545
52529
52530
52546
52564
52580
52579
52578
52595
52596
52597
52598
52581
52565
52547
52531
52532
52548
52566
52582
52599
52617
52616
52615
52614
52613
52612
52594
52577
52576
52593
52592
52610
52611
51626
52627
51627
52637
52648
52659
52670
52681
52693
52692
52709
52737
52725
52708
52707
52724
52736
52747
52758
52769
52780
52779
52768
52757
52746
52745
52756
52767
52778
52795
52796
52797
52809
52819
52830
52842
52856
52857
52868
52867
51641
52866
52878
52879
52890
52880
52891
52902
52901
52911
52912
52923
52942
52941
52932
52933
52922
52921
52910
52909
51643
52899
52900
52889
52888
52877
52865
51422
52876
51423
52887
51424
52898
51425
52919
52920
52931
52930
51426
52939
51427
52948
52957
52958
52975
52974
52992
53002
53003
52993
52976
52959
52949
52940
52950
52951
52960
52961
52978
52977
52995
52994
53004
53005
53020
53019
53036
53035
53018
53017
53034
53046
53062
53079
53080
53081
53064
53063
53047
53048
53049
53037
53021
53006
53007
53008
53024
53023
53022
51649
53038
53052
53068
53051
53067
53084
53083
53066
53050
53065
53082
53098
53110
53097
51428
53096
51429
53109
51430
53122
62373
58960
58976
58975
58959
58958
58974
58973
58957
58947
58946
58945
58944
58943
58926
58927
58928
58911
57211
58899
58898
57210
58896
58897
58883
58884
58871
58853
58852
58838
58824
58810
58809
58808
58807
57207
58806
57206
58794
58778
58779
57204
58780
58762
58761
57203
58747
58733
58732
58731
58745
58746
58759
58760
58777
58776
58775
58774
58792
58793
58805
58851
58864
58863
58862
58861
58878
58879
58880
58881
58894
58893
58892
58891
58906
58905
58890
58877
58860
58859
56995
58876
58889
58904
56996
58917
56997
58934
56998
58951
56999
58961
57000
58977
58993
68032
64463
64447
64437
64420
64404
64395
64386
64385
64376
64375
62824
62825
64394
64403
62826
62827
64419
64436
64435
64434
64433
64444
64460
64461
64445
64446
64462
64479
64480
64489
64499
64498
64488
62831
64478
64487
64477
64476
64459
64458
64443
64431
64432
64417
64418
64402
64393
64384
64374
64364
64416
64415
64430
64429
64414
64413
64428
64412
64427
64426
64425
64442
62829
64452
64453
64470
64471
64454
64455
64472
64473
64456
64457
64474
64475
64486
62833
64495
64496
64497
64506
64515
64516
64507
64508
68033
68034
64517
64534
64552
64551
64533
64532
64550
64568
64567
64549
64531
64530
64529
64547
64546
64528
64527
64526
64525
64543
64561
64579
64578
64577
64559
64560
64542
64541
64523
64524
62832
64469
64468
64467
64451
64441
64424
62828
64408
64409
64410
64411
64401
64400
64391
64392
64383
64382
64381
64390
64399
64398
64397
64396
62625
64387
62624
64378
62623
64368
62622
64358
62621
64341
62620
64332
62619
64316
64300
64290
64291
64292
64274
64273
64272
73837
73838
69999
69989
69980
69964
69947
69937
73836
69927
69915
73835
73834
69903
69902
69914
69913
69901
69900
69912
69923
69944
69961
69976
68475
69986
69977
69978
69962
69945
69935
69934
69924
69925
69926
69936
69946
69963
69979
69988
69987
69997
69998
70009
70008
70018
70019
73839
70036
70035
70052
70069
70068
70051
68478
70034
70050
68477
70033
70016
70017
70007
70006
69996
69995
70005
70015
70032
70049
70031
70030
70029
70028
70027
70045
70060
70061
70046
70047
70062
70063
70048
70064
70065
70066
68481
70067
70075
70076
70077
70085
70084
68482
68483
70092
70093
70101
73840
70109
70125
70132
70139
70138
68491
68489
70131
70124
68487
70108
70100
70099
68485
70107
70123
70122
70121
70120
70119
70118
70117
70116
70115
70130
70137
70144
70158
70145
70146
70147
70148
70149
70150
70151
70174
70175
70159
68492
68493
70152
70153
70161
70178
70177
68497
70187
70203
70219
68500
70218
70230
70231
70232
70249
70261
70276
70291
68507
68505
70260
70248
70247
70246
68503
70259
70275
68506
70290
68508
70306
68509
70307
73842
70321
70335
68510
68512
70348
70363
73843
70378
70393
70408
68518
70392
70391
70377
70362
70360
70359
70374
70373
70358
70343
70330
70331
70317
70302
70301
70286
70287
70288
70272
68504
70257
70271
70270
70269
70284
70285
70300
70299
70283
70268
70267
70282
70281
70296
70297
70298
70314
70313
70312
70311
70295
70280
70265
70266
70254
70237
70236
70253
70264
70263
70251
70252
70235
70234
70221
70222
70223
70207
70208
70193
68498
70194
70210
70209
70224
70255
70256
70238
70225
70226
70239
70240
70241
70228
70227
70211
70212
70195
70196
70213
70215
70173
70172
70171
70170
70169
70168
70167
70183
70182
70192
70191
70181
70180
68496
70163
70164
70165
70166
70157
70143
70136
70129
70114
70105
70106
70098
70097
70096
70089
70090
70091
70083
70074
70057
70042
70043
70058
70059
70044
70026
70025
70024
70041
70040
70039
70022
68476
70023
70013
70014
70004
70003
69993
69994
69985
69984
69968
68473
68472
69942
69932
69921
69908
69896
69884
69872
69860
69861
69844
69845
69862
69874
69873
69885
69886
69897
69909
68469
69953
69952
68474
69969
69970
69954
69955
69971
69972
69956
69957
69958
69973
69974
69975
69959
69960
69943
68471
69933
69922
68470
69910
69911
69899
69898
69887
69888
69889
69877
69865
69878
69890
69891
69892
73833
73832
69880
69879
69867
69866
69854
69855
69856
69868
73831
69839
73830
69827
69810
69794
69793
69792
69791
69807
69808
69809
69826
69838
69837
69825
69824
69836
69853
69852
69864
69876
69875
69863
69850
69851
69835
69834
69849
69848
69847
69846
69833
69832
68467
69831
68465
69815
69798
68464
69781
69765
69764
68461
69780
68463
69796
69797
69814
69813
69829
69830
69843
69842
69859
69858
69870
69871
69883
69894
69895
69907
69906
69918
69919
69920
69931
69941
69951
69950
69940
69930
69917
69929
69939
69949
69966
69967
69983
69992
69982
69991
70001
70002
70012
70011
70021
70038
70055
70054
70071
70072
68479
70056
68480
70073
70082
70081
70080
70079
70087
70088
68484
70095
68486
70103
70104
70113
70128
70135
70142
70156
70155
70141
70134
68490
70127
68488
70112
70111
70110
70102
70094
70086
68276
70078
68275
70070
70053
68274
70037
70020
68273
70010
68272
70000
68271
69990
68270
69981
68269
69965
69948
68268
69938
68267
69928
68266
69916
69904
68265
69905
69893
68468
69882
69881
68264
69869
68263
69857
68262
69840
68261
69841
69828
68466
69812
69811
68260
69795
69779
69763
69746
69747
69735
68458
69719
68456
69708
69691
69673
68452
69662
69663
69674
69692
69709
69720
69736
69748
68459
69749
69737
69738
69750
69767
69766
68460
68462
69782
69783
69784
69800
69799
69816
69817
69818
69819
69801
69785
69769
69768
69751
69752
69753
69754
69755
69756
69740
69739
69727
69726
69725
69724
69723
69722
69721
68457
69710
69711
68454
69695
69696
69697
69698
69681
69680
69679
69678
69677
69694
69693
68453
69675
69676
69664
69654
69645
69637
69622
69623
69624
69625
69626
69627
69628
69638
69646
68451
69665
69682
69683
69666
69655
69656
68450
69629
69613
69601
69586
69587
69602
68446
69614
69630
68449
69639
69631
69632
69640
69649
69659
69670
69687
69686
69669
69658
69648
69647
69657
69668
69667
69684
69685
69702
69714
68455
69701
69700
69699
69712
69713
69728
69729
69757
69773
69789
69805
69804
69788
69772
69771
69770
69787
69786
69802
69803
69820
69821
69822
69823
69806
69790
69774
69775
69758
69741
69730
69731
69742
69759
69776
69777
69778
69761
69760
69743
69744
73829
69733
69732
69716
69715
69703
69704
69717
69705
69688
69671
73828
69660
69650
69641
69633
69616
69615
69606
69590
69589
69605
69604
69603
69588
69570
69569
69568
69567
69566
69565
69584
69585
69600
69599
69598
69583
69582
69597
69596
68445
69580
69562
69561
69579
68444
69595
69612
69621
68447
69611
69610
69609
69620
69636
69644
69653
69652
69643
69635
68448
69619
69618
69608
69592
69593
69594
69577
69578
69560
69548
69547
69559
69576
69575
69558
69546
69529
69530
69514
69513
69496
69485
69468
69467
69466
68247
69483
69484
69495
69494
68248
69512
68249
69528
68250
69545
69557
69574
69591
68251
69607
68252
69617
69634
68253
69642
68254
69651
68255
69661
68256
69672
68257
69689
69690
69707
69706
69718
69734
68258
69745
68259
69762
78947
75332
75346
74312
75331
75330
75316
75317
78946
78945
75302
75301
75287
75272
75258
75257
75245
75229
75216
78944
75204
74303
75203
75215
75214
75227
75228
75244
75243
75256
75255
75242
75226
75213
75212
75225
74305
74307
75241
75254
74309
74310
75268
75269
75270
75271
75286
75285
75300
75315
75314
75313
75328
75329
75344
75345
75359
75358
75374
75390
75375
75360
75361
75376
78948
78949
75391
74314
75406
78950
75421
75420
75419
75405
75404
75389
75388
75403
75402
75401
75400
75385
75386
75387
75372
75373
75357
75343
74313
75356
75371
75370
75355
75342
75327
75312
75311
75310
75325
75326
75341
75340
75354
75369
75384
75399
75413
74316
74317
75414
75415
75430
75429
75445
75446
75447
75448
75432
75431
75416
75417
75418
75433
75434
75450
75449
75465
75481
75482
75466
75467
75451
75435
75436
75452
78951
78952
75468
75484
78953
78954
75499
75515
78955
78956
75532
75531
75546
75545
75530
75513
75514
75498
75483
75497
75496
75512
75529
75528
74319
75511
75510
75494
75495
75480
75464
75463
75479
75478
75462
75461
75477
75492
75508
75493
75509
75527
75542
75556
75569
75568
75555
75541
75526
75525
75524
75523
75522
75506
75507
75491
75476
75460
75444
75443
75442
75441
75426
75410
75411
75427
75428
75412
75398
75383
75368
75353
75339
75324
75309
75294
75279
75278
75277
75263
75264
75265
75251
74308
75236
75237
75238
75239
74311
75280
75295
75296
75297
75298
75299
75284
75283
75282
75281
75267
75266
75252
75253
75240
74306
75224
75211
75200
75199
75198
75197
75196
75185
75174
75173
75184
75183
75172
75171
75160
75144
75145
75161
75162
75146
75163
75147
75148
75149
75150
75151
75152
75153
75137
75126
75115
75116
75127
75128
75139
75138
74300
75154
75155
75166
75167
75178
75177
75176
75165
75164
75175
75186
74302
75201
75202
75187
75188
74301
75189
75179
78943
75168
78942
78941
75157
75156
75140
74299
75130
78940
78939
75119
75108
75090
74298
75080
78938
75070
74297
75059
75058
75069
75068
75057
75048
75049
75040
75039
75038
75047
75056
75067
75077
75078
75079
75089
75106
75107
75118
75129
75117
75105
75088
75087
75104
75103
75102
75101
75100
75099
75098
75114
75097
75086
75085
75096
75113
75125
75136
75135
75124
75123
75134
75133
75132
75121
75122
75112
75095
75094
75111
75110
75093
75092
75082
75083
75084
75073
75072
75063
75064
75054
75053
75062
75052
75043
75044
75045
75065
75074
75075
75076
75066
74296
75055
74295
75046
75037
75028
75027
75036
75035
75034
75025
75026
75012
75003
75011
75010
75001
75002
74991
74981
74971
74972
74982
74992
74993
74983
74973
74957
74943
74942
74956
74955
74954
74040
74970
74041
74980
74042
74990
74043
75000
74044
75009
74045
75024
74046
75033
74047
75042
75051
75061
74048
75071
74049
75081
75091
74050
75109
74051
75120
74052
75131
75141
74053
75142
75143
75159
75170
75181
75182
75193
75207
75208
75194
75195
75209
75210
75223
75222
75235
75250
75249
75233
75234
75221
75220
75219
75206
74304
75192
75191
75190
75180
74055
75169
74054
75158
82714
82715
79482
80109
80105
80102
80101
80083
80082
80100
80099
80081
80080
80079
80078
80098
80097
80096
80095
80077
80076
80094
80093
80075
80074
80092
80091
80090
80073
80072
79480
80071
80067
80066
80070
80086
80087
79481
80103
80104
80088
80089
80108
80107
79206
80106
79207
80110
79208
80115
79209
80120
80121
80116
80111
80112
80117
80122
80141
80142
79486
80157
79488
80160
80164
80163
80167
80168
80171
80170
80173
80176
80177
80178
80179
80180
80181
80182
80183
80184
80185
80186
80187
80188
80189
80190
80191
80195
82722
82721
82720
82719
82718
80165
79490
80161
79489
79487
80158
80155
80154
80153
80152
80151
80135
80136
80137
80138
80139
80123
80118
80113
80114
82716
82717
80119
79483
79484
79485
75288
74059
75273
74058
75259
74057
75246
75230
75217
74056
75205
75218
75232
75231
75247
75248
75261
75260
75274
75289
75290
75275
75262
75276
75291
75292
75293
75308
75307
75322
75323
75338
75337
75321
75306
75305
75320
75319
75304
74060
75303
74061
75318
74062
75333
74063
75347
74064
75362
74065
75377
74066
75392
75393
74315
75407
75408
75394
75379
75378
75363
75364
75349
75348
75334
75335
75336
75350
75365
75380
75381
75366
75351
75352
75367
75382
75397
75396
75395
75409
75425
75424
75439
75440
75456
75457
75458
75459
75475
75490
75505
75489
75474
75473
75488
75504
75520
75519
75518
75502
75503
75487
75486
75471
75472
75455
75454
75438
75423
75422
74067
75437
74068
75453
74069
75469
75470
74318
75485
75501
74070
75500
75516
74071
75533
75534
75517
75535
75550
75563
75576
75577
75564
75551
75536
75537
75552
75565
75578
75579
75566
75553
75538
75521
75539
75540
74320
75554
75567
74322
75580
75581
75582
75583
75599
75600
75584
75585
75586
75570
75557
75543
75544
75558
75559
75572
75571
75587
75588
75589
75573
75560
74321
75547
78957
78958
75590
78959
74323
74324
74325
75646
75632
75618
75604
75603
75602
75601
75615
75629
75616
75617
75631
75630
75644
75643
75658
75657
75656
75670
75683
75695
75694
75682
75669
75655
75641
75642
75628
75614
75613
75627
75626
75654
75653
74326
75640
75639
75625
75610
75611
75612
75598
75597
75596
75595
75609
75623
75624
75638
75637
75651
75652
75668
75681
75693
75692
75691
75679
75680
75667
75666
75665
75678
75690
75689
75677
75664
75648
75634
75620
75621
75635
75649
75650
75636
75622
75608
75594
75593
75607
75606
75592
75575
75562
75549
75548
74072
75561
74073
75574
74074
75591
74075
75605
74076
75619
74077
75633
75647
74078
75663
74079
75676
74080
75688
74081
75701
75712
75723
75735
75747
75748
75759
75760
75761
75762
75750
75749
75737
75736
75725
75724
75713
75702
75703
75714
75715
75704
75705
75716
75727
75726
75738
75739
75751
75763
75775
75774
75773
75787
75799
75800
75788
75789
75801
75813
75814
75815
75816
75817
75833
75832
75831
75830
75847
75876
75877
75895
74334
75894
75893
75875
75874
75860
75859
75873
75872
75871
75857
75844
75843
75826
75827
75828
75845
75858
75846
75829
75812
75811
75810
75798
75786
74331
75772
75771
75770
75758
74086
75746
74085
75734
74084
75722
74083
75711
74082
75700
80326
80321
80304
80287
80286
80303
80320
79496
79497
80331
80336
79498
79499
80341
80357
80362
80368
82736
75785
74087
75796
75797
75809
75808
75825
74088
75842
74089
75855
75869
75856
75870
75888
75887
75905
75919
75935
74090
75947
75964
75975
75986
75998
76011
76010
74091
76027
74092
76038
74093
76049
76060
74094
76071
74095
76088
74348
74349
76089
76106
74350
74096
76105
74097
76122
76133
76145
76144
74098
76155
74099
76167
74100
76179
74101
76191
74102
76203
74103
76215
74104
76227
74105
76239
74106
76251
74107
76263
74108
76274
74109
76285
76286
76275
76276
74354
76304
76305
76287
76288
76306
76322
76321
76320
76319
76303
76302
76318
76336
74110
76354
76355
76337
76338
76339
76340
76356
76368
76369
76357
76358
76341
76342
76324
76323
76307
76308
76290
76289
76279
76278
76277
76266
76267
76268
76255
76256
76244
76232
76220
76208
76196
76195
76207
76219
76231
76243
76242
76254
76253
76265
76264
76252
76241
76240
76228
76229
76230
76218
76217
76216
76204
76205
76206
76194
76193
76192
76180
76181
76182
76183
76184
76172
76160
76171
76170
76169
76168
76156
76157
76158
76159
76148
76136
76135
76147
76146
76134
74351
76123
76124
76107
76090
76074
76075
76064
76053
76042
76031
76030
76029
76041
76052
76063
76062
76073
76072
76061
74347
76050
76051
76040
76039
76028
76012
75999
74345
75987
74344
75976
74342
75965
74340
75948
75949
75938
75922
75921
75937
74339
75936
75920
75906
75907
75889
75890
75908
75909
75891
75892
75910
74335
75923
75939
75950
75966
75977
75988
75989
75978
75967
75968
75979
75990
76002
76001
76000
76013
76014
76015
76016
76017
76018
76019
76003
75991
75980
75969
75956
75955
75954
75953
75952
75951
74337
74336
75924
75925
75926
75940
75957
75958
74341
74343
75981
75993
75992
76004
76021
76020
76032
76043
76054
76065
76080
76081
76082
76099
76116
76117
76118
76119
76102
76101
76100
76083
76066
76067
76084
76085
76086
76103
76120
76131
76130
76141
76152
76151
76140
76129
76128
76139
76150
76163
76164
76165
76153
76142
76143
78978
78977
76132
76121
76104
76087
78976
76070
76069
76068
76058
76047
76059
78975
78974
76048
76037
78973
78972
78971
78970
75997
76009
76026
76025
76036
76035
76046
76057
76056
76055
76044
76045
76034
76033
76022
74346
76005
76006
76023
76024
76007
75995
75994
75982
75983
76008
75996
75984
75985
75974
75963
75962
75973
75972
75961
75960
75971
75970
75959
75942
75941
74338
75928
75927
75911
75897
75896
75878
75879
75880
75862
75849
75861
75848
75834
75835
75818
75819
75820
75804
75792
75781
74330
75791
75803
75802
75790
75780
75779
75778
75777
75776
75752
75764
75765
75753
75741
75740
75729
75728
75717
75706
75707
75718
75719
75708
75696
75697
75709
75720
75731
75730
75742
75754
75766
75767
75782
75783
75794
75793
75805
75806
75821
75837
75836
74333
75850
75863
75881
75882
75864
75865
75883
75901
75916
75932
75915
75914
75900
75899
75898
75912
75913
75929
75930
75931
75943
75944
75945
75946
75934
75933
75917
75918
78969
75904
75886
75868
78968
75854
75841
75840
75853
75867
75885
75903
75902
75884
75866
75852
75851
75838
75839
75822
75823
75824
75807
74332
75795
78967
78966
75784
75769
75768
75756
75755
75743
75744
75732
75721
75710
75698
75686
75685
75684
75671
75672
75659
75645
75660
75673
74327
75674
75661
75662
78960
75675
75687
78961
75699
74328
74329
78962
75733
78963
75745
75757
78964
78965
70126
70133
70140
68277
70154
70162
70179
68278
70188
70189
70190
70206
70205
70204
70220
70233
68279
70250
70262
70277
70278
70279
70294
70293
70309
70310
70325
70324
70323
70292
68280
70308
68281
70322
70336
70349
70364
70379
70380
70365
70350
70337
70338
70339
70351
70352
70368
70367
70366
70381
70382
70383
70384
70369
70354
70353
70340
70326
70341
70327
70328
68511
68513
70355
70371
70370
70386
70385
70400
70401
70416
70415
70414
70399
70398
70397
70413
68520
70429
70430
70431
70446
70445
70462
70478
70494
68524
70493
70509
70510
70523
70541
70555
70540
70522
70521
70508
70507
70506
70492
70491
70490
70475
70476
70477
70461
70460
70459
70444
70428
70427
70443
70458
68522
70442
70426
70410
70411
70412
70396
70395
70394
70409
70425
68282
70441
68283
70457
68284
70474
70489
68285
70505
78979
76154
76166
78980
78981
76178
76190
78982
78983
76202
76201
76213
76214
78984
78985
76226
76225
76238
76250
76261
76260
76272
76273
76284
76283
76282
76281
76270
76271
76259
76258
76246
76234
76222
76210
76211
76223
76235
76247
76248
76249
76237
76236
76224
76212
76200
76199
76198
76186
76187
76188
76189
76177
76176
76175
76174
76162
76149
76138
76127
76114
76115
76098
76097
76113
76112
76111
76094
76095
76096
76079
76078
76077
76076
76093
76110
76109
76092
76091
76108
76125
76126
76137
74352
76161
76173
76185
76197
76209
76221
76233
76245
76257
76269
76280
76294
76293
76311
76327
76326
76310
76292
76291
76309
76325
76343
76344
76345
76346
76359
76375
76385
76395
76406
76422
76423
76440
76439
76455
76456
76457
76458
76468
76478
76488
76498
76508
76518
76528
76538
76547
76557
76567
76577
76592
76593
74366
76605
76594
76579
76580
76570
76560
76550
76541
76531
76532
76542
76551
76561
76571
76581
76596
76595
76606
76624
76625
76607
76608
76597
76609
76598
79004
79003
79002
79001
79000
78999
78998
78997
78996
74361
74360
74359
78995
78994
78993
78992
76411
76400
78991
74358
78990
76364
74356
76352
76353
76335
76317
76301
78989
74353
76262
78988
78987
78986
70580
70566
68529
70550
70549
68288
70535
68287
70518
68286
68527
70519
70520
70539
70553
70554
70570
70585
70602
70603
70586
70571
70572
70557
70556
68528
70524
70525
70526
70527
70528
70529
70542
70543
70560
70559
70558
70590
70589
70588
70587
70604
70618
70617
70616
70629
70628
70627
70613
70612
70599
70600
70614
70615
70601
70584
70569
70583
70568
70552
70538
70537
70536
70551
70567
70582
70581
70598
68289
70597
68290
70611
68291
70625
70626
68531
70639
70640
70641
70642
70643
70630
70631
70632
70645
70644
70658
70659
70673
70672
70671
70657
70656
70655
70654
70653
68292
70652
68293
70666
68294
70680
68295
70694
70708
70724
70725
70726
70744
70745
70727
70728
70746
70763
70762
70780
70781
70782
70796
68536
70783
68535
70766
70749
70731
70714
70701
70700
70713
70730
70748
70765
70764
70747
70729
70712
70711
70698
70697
70710
70709
68532
70696
70695
70681
70667
70668
70682
70683
70669
70670
70684
70699
70685
70686
70687
68533
70715
70716
70734
70733
70732
70750
70767
70784
70768
70751
70752
70769
70770
70785
70800
70815
70830
70831
70816
70817
70818
70803
70802
70787
70773
70788
70804
70805
70806
70820
73858
73859
70835
70850
73860
73861
70865
73862
70880
70897
70896
70910
70924
73863
73864
70938
70952
68542
70951
70965
70980
68544
70966
70981
73865
68547
70998
71014
71031
73866
73867
71048
71064
71080
68554
71063
71062
71079
71078
71061
71077
71093
71111
71112
71094
71095
71096
71097
71098
71116
71115
68555
71130
68557
71143
71158
71174
71190
71189
68564
71204
71219
71218
71217
71216
71202
71187
71171
71172
71188
71203
71173
71157
71156
71155
71170
71186
71201
71200
71185
71184
68562
71167
68561
71151
71152
71168
71169
71154
71153
71138
71139
71140
71141
71142
71129
71114
71113
71128
71127
71126
71125
71110
71109
71091
71092
71075
68553
71058
71076
71059
71060
71045
71046
71047
71030
71013
70997
71012
71029
71028
71011
70996
70979
70964
70963
70962
70977
70978
70995
70994
70993
71008
68549
70992
70991
71007
71023
71024
71025
71026
71009
71010
71027
71044
71043
71042
71041
71057
68552
71040
71039
68551
71022
68550
71006
68548
70990
70989
70973
70988
71005
71021
71020
71004
70987
70972
70957
70958
70959
70945
70944
70943
70929
70928
70942
70941
70927
70926
70925
70939
70940
70954
70953
70967
70968
70969
70955
70956
70970
70971
70986
70985
70984
70983
70982
70999
71000
71016
71017
71001
71002
71003
71019
71018
71034
71033
71015
71032
71049
71065
71081
71066
71050
71051
71067
71068
71084
71085
71086
71104
71105
71087
71071
71054
71070
71069
71053
71052
71035
71036
71037
71038
71055
71056
71072
71088
71089
71073
71074
71090
71108
71107
71106
71124
68556
71137
68558
71150
68559
68560
71166
71183
71197
68563
71182
71181
71180
71164
71165
71149
71148
71147
71146
71133
71132
71118
71101
71119
71120
71134
71135
71136
71123
71122
71121
71103
71102
71083
71082
71100
71099
68304
71117
71131
71144
71145
71160
71159
71175
71191
71205
71220
71236
71237
71221
71206
71192
71176
71177
71161
71162
71163
71179
71178
71194
71195
71209
71208
71193
71207
71222
71223
71224
71240
71255
71271
71272
71273
71274
71275
71257
71256
71241
71242
71226
71225
71210
71196
68565
71211
68567
71227
71243
68568
71258
71259
71260
71244
71228
71212
68566
71198
71199
71213
71214
71230
71229
68569
71245
71246
71231
71215
71232
71247
71262
71263
71264
71265
71249
71248
71233
71234
71235
71250
71266
73868
73869
71283
71299
71298
71314
71313
71312
71330
71346
71345
71344
71328
71329
71311
71295
71296
71297
71282
71281
71280
71279
71278
68571
71261
68570
71277
71276
68572
71292
71293
71294
68573
71310
71327
71326
71309
71308
71325
71324
71307
71306
71291
71290
71289
71304
71305
71322
71321
71320
71337
71352
71338
71339
71323
71340
71341
71355
71354
71353
71369
71368
71382
71381
71396
71395
68580
71380
68579
68577
71366
71367
71351
71350
68576
71335
71318
71301
71302
71319
71336
71303
71288
71287
71286
71285
71268
71269
71270
71254
71239
71238
71253
71252
71251
71267
71284
71300
71316
71317
71334
71333
71349
71365
71379
71394
68305
71410
68306
71425
68307
71440
68308
71455
68309
71470
68310
71485
68311
71500
68312
71515
68313
71530
68314
71545
68315
71560
71575
71591
71592
71610
71609
68316
71625
68317
71642
71659
71676
68318
71692
68319
71709
68320
71726
71740
68321
71755
71756
71771
71770
71784
68322
71797
71811
71812
71798
71785
71799
71800
71801
71802
71788
71774
71773
71787
71786
68593
71772
68592
71758
71743
71744
71759
71760
71745
71731
71730
71712
71711
71695
71679
71680
71681
71697
71696
71713
71714
71715
71732
71733
71747
71746
71761
71775
71789
71803
68595
71817
68596
68597
71845
71832
71816
71815
71814
71813
71830
71831
71844
71857
71871
71870
71856
71843
71842
71829
71828
71841
71854
71855
71869
71885
71901
71900
71899
68324
71883
71884
71868
71867
71853
68323
71840
71827
79038
77186
79039
77200
77213
77227
77226
77225
77224
77210
77211
77212
77199
77198
77197
77196
77209
74389
77195
77182
77181
77167
77168
77154
77140
77125
77124
77139
77153
74388
77138
77137
77152
77166
77180
77194
77208
77221
74390
77222
77223
77237
74391
77251
77268
77267
77282
77266
77281
77280
74394
74393
77263
77264
77265
74392
77249
77250
77236
77235
77207
77220
77234
77248
77262
77279
77294
77295
77296
77297
77315
74395
77316
77298
77299
77317
77333
77334
77318
77300
77301
77283
77284
77269
77252
77238
77239
77240
77241
79040
77255
77254
77253
77270
77271
77272
79041
77287
77286
77285
77303
77302
77319
77320
77321
77322
77304
77305
77323
77339
77338
77337
77352
77336
77335
77351
77350
77349
77365
77366
74396
77381
77396
77411
77425
77439
74400
77440
74402
77441
77426
74398
77412
77397
74397
77398
77383
77382
77367
77368
77369
77353
77354
77355
79042
79043
77371
77386
79044
77401
77415
77414
77400
77385
77370
77384
77399
77413
77427
77428
77429
77444
77460
77473
77487
79045
79046
77501
77500
77486
77472
77459
77443
77442
77458
77471
77485
77499
77513
77512
77498
77484
77470
74404
77457
74401
77456
77469
77468
77455
77454
77453
74399
77424
77410
77395
77380
77364
77348
77332
77314
77331
77313
77312
77293
77311
77329
77330
77346
77345
77361
77362
77347
77363
77379
77394
77409
77423
77438
77437
77452
77436
77422
77408
77407
77420
77421
77435
77450
77451
74403
77466
77467
77481
77495
77509
77523
77537
77551
77565
77578
77564
77550
77536
77535
77521
77522
77508
77507
77506
77520
77519
77505
77504
77489
77490
77491
77492
77493
77494
77480
77479
77465
77478
77477
77476
77475
77462
77463
77464
77448
77449
77434
77433
77419
77405
77406
77391
77392
77393
77378
77377
77376
77360
77344
77343
77359
77358
77374
77375
77390
77389
77404
77403
77388
77373
77357
77341
77325
77326
77342
77327
77328
77310
77309
77291
77290
77308
77307
77289
77288
77306
77324
74163
77340
74164
77356
74165
77372
74166
77387
74167
77402
74168
77416
77417
77418
77432
77447
77446
77431
77430
77445
77461
74169
77474
74170
77488
74171
77502
77503
74172
77516
74173
77530
74174
77544
74175
77558
77572
77573
77559
77560
77587
77604
77618
77633
77632
77645
77631
77617
77603
77586
77585
74176
77602
74177
77616
74178
77630
74179
77644
74180
77658
77659
74181
77672
74182
77686
74183
77700
77701
77687
77673
77674
77688
77702
77716
77715
74184
77714
74185
77728
74186
77742
74187
77756
77757
77743
77729
77730
77731
77717
77703
77689
77675
77660
77646
77647
77661
77662
77676
77690
77704
77718
77719
77705
77691
77677
77663
77649
77650
77636
77635
77648
77634
77620
77619
77605
77588
77575
77574
74405
77561
77562
77548
77547
77546
77545
77531
77517
77518
77532
77533
77534
77549
77563
77576
77577
77591
77590
77589
77606
77607
77621
77622
77608
77609
77592
77593
77594
77595
77596
77597
77580
77579
77566
77567
77553
77552
77538
77539
77525
77524
77510
77496
77482
77483
77497
77511
77526
77527
77542
77528
77514
77515
79047
79048
77529
77543
79049
79050
77557
77571
79051
79052
79053
77601
74406
77584
77583
77570
77556
77569
77555
77541
77540
77554
77568
77581
77582
77600
77599
77598
77611
77610
77624
77625
77639
77653
77652
77638
77623
77637
77651
77664
77665
77679
77693
77678
77692
77706
77707
77721
77720
77734
77735
77749
74407
77763
77781
77799
77800
77801
77802
77784
77783
77782
77764
77765
77766
77750
77751
77767
77785
77786
77768
77769
77752
77738
77724
77710
77711
77725
77739
77753
77770
77788
74408
77805
77806
77789
77771
77754
77740
77726
77712
77698
77697
77683
77682
77696
77709
77723
77737
77736
77722
77708
77694
77695
77681
77680
77666
77667
77668
77654
77640
77641
77642
77629
77628
77627
77626
77612
77613
77614
77615
79054
79055
79056
77643
77657
79057
79058
77671
77656
77655
77669
77670
77684
77685
79059
79060
77699
77713
79061
79062
77727
77741
79063
79064
77755
77772
77790
74409
77818
77817
77834
77835
77852
79065
77862
74412
77891
77890
77899
77907
77915
77930
77929
77938
77928
77927
77926
77937
77950
77967
77966
77949
77948
77965
77964
77947
77946
77963
77962
77977
77984
77991
77998
78007
78016
78026
78027
78044
78045
78028
78029
78030
78031
78048
78065
78064
78047
78046
78063
78081
78082
78083
78084
78066
78049
78050
78032
78033
78017
78008
77999
77992
77985
77978
77968
77951
77952
77969
77970
77953
77954
77955
77972
77971
77979
77986
77993
74422
78000
78001
78010
78009
78018
78019
78053
78071
78089
78099
78098
78088
78070
78069
78052
74426
78036
78035
78034
78051
78068
78067
78085
78086
78087
78097
78107
78096
78106
78117
78127
78143
78142
78141
78140
78139
74428
78105
74427
78116
78126
78138
78153
78162
78137
78136
78135
78124
78125
78115
78114
78104
78093
78094
78076
78075
78057
78058
78059
78077
78078
78079
78095
78080
78062
78061
78060
78043
78042
78041
78025
78015
78006
77997
77990
77983
77982
74419
77989
74421
77996
74423
78005
74424
78014
78024
78023
78040
78039
78022
78021
78038
78055
78056
78074
78073
74193
78091
78092
78102
78103
78113
78112
78101
78111
74194
78122
78123
78133
78132
74195
78149
74196
78158
78159
78150
78134
78151
78152
78161
78160
78170
78169
78168
78185
78202
78201
78184
78167
82819
82146
82141
79626
82135
82136
82119
82118
82102
79623
82096
82095
82094
82077
82060
82061
82078
82079
82097
82080
82062
79622
82818
82817
82045
82041
82816
82815
82037
82033
82814
79620
79619
82021
82016
82011
82010
82009
81992
81975
81974
81991
82008
82007
81990
81973
81972
81989
82006
82005
82004
82003
82002
82001
81984
81985
81968
81969
81986
81987
81988
81971
81970
81953
81952
81937
81938
81921
81905
81922
81923
81924
81925
81926
81942
81941
81940
81939
81954
81955
81956
81957
81958
81959
81976
81993
81994
81977
79618
81960
79617
81943
79616
81927
79615
81909
81908
81893
81892
81891
81907
81906
81890
81889
81888
81904
81903
81887
81886
81885
81884
81900
81901
81918
81919
81902
81920
81936
81951
81967
81966
81983
82000
81999
81982
81965
81948
81949
81950
81935
81934
81933
81917
81916
81932
81915
81914
81897
81881
81882
81898
81899
81883
81877
81861
81862
81863
81864
81865
81866
81867
81868
81869
81870
81871
81872
81878
81851
81850
81849
81848
81847
81846
81845
81844
81843
81842
81841
81840
81839
79608
81856
81838
79607
81823
81824
81825
81826
81827
81828
81829
81830
81831
81832
81833
81834
81835
81836
81852
79609
81853
81857
79610
81873
82805
82806
81879
81895
79612
79611
81894
79613
81910
79614
81911
81912
82807
81928
82808
82809
82810
82811
82812
82813
77956
74191
77973
74192
77980
77987
77994
78003
78012
78013
78004
77995
77988
77981
77974
77957
77940
77939
77932
77916
77908
77900
77892
74190
77893
77901
77909
77917
77933
77941
77958
77959
77975
77976
77960
77961
77944
77945
77936
77920
74417
77912
77911
77919
77935
77943
77942
77934
74418
77918
74416
77910
74415
77902
74414
77903
77895
77896
77897
77905
77904
77913
77921
77922
77923
77924
77925
77914
77906
77898
77886
77887
77888
77889
77875
77861
77851
77850
77849
77831
77832
77833
77816
74410
77787
77804
77803
77814
77815
77830
77848
77847
77829
77828
77827
77845
77844
77826
77825
77824
77813
77797
77798
77780
77779
77796
77778
77762
77748
77733
77732
77746
77747
77761
77760
77777
77794
77795
77811
77822
77812
77823
77841
77840
77839
77821
77810
77809
77793
77775
77776
77759
77745
77744
77758
77774
77792
77808
77820
77837
77838
77855
77866
77867
77856
77857
77858
77842
77843
77870
77871
77872
77873
77846
77859
77860
74411
77874
77885
77884
77883
77882
77881
74413
77869
77868
77880
77879
77894
77878
77865
77877
77876
77863
77864
77854
77853
74189
77836
77819
77807
74188
77791
77773
82804
82803
81818
81821
81820
81817
81814
81815
82802
82801
82800
82799
81806
81809
81812
81811
81808
81805
81802
81803
82798
82797
82796
81797
81800
81799
81796
81793
81790
81787
79606
81784
81780
81781
81785
81786
81788
81791
81794
82795
82794
82793
82792
81782
81778
81777
81760
81761
82791
82790
81758
81757
81753
81754
82789
82788
81750
81749
81748
81752
81756
81759
81776
81775
81774
81773
81772
81771
81770
81769
81768
81767
81766
81765
81764
81763
81762
79336
79604
81755
79335
81751
79334
81747
79333
81743
79332
81739
81733
81734
79601
81717
81716
81710
81705
81704
81688
81689
81681
81682
81690
81706
81711
81718
81719
79599
81720
81721
81722
81723
81724
81725
81726
81727
81728
81729
81735
79602
81740
79603
81744
81745
81746
81742
81741
81737
81736
79600
81730
81713
81712
79597
81707
81701
79594
81685
81678
79592
79593
79595
81708
81714
79598
81731
82787
82786
81702
81686
81679
79591
79590
82785
81649
81648
79589
81665
81672
81671
81670
81677
81684
81700
81699
81698
81697
81696
81695
81694
81693
79596
81692
81691
81683
81676
81669
81675
81674
81667
81668
81653
81654
81655
81656
81657
81658
81659
81660
81661
81662
81663
81664
81647
81639
81638
81621
81605
81604
81603
81602
81618
81619
81620
81637
81636
81635
81634
81617
81601
81551
81552
81553
81536
81535
81534
81533
81550
81549
81532
81531
81548
81547
81530
81529
81546
81545
81528
81521
81522
81506
81507
81508
81509
81510
81511
81512
81513
81514
81523
81537
81538
81539
81556
81555
81554
81562
81569
81576
81583
81590
81606
81622
81623
81607
81608
81624
81640
81641
81642
81625
81609
82784
81592
81591
79586
81584
81577
79585
79584
81570
81563
82783
82782
82781
82780
79583
81500
81499
81489
79582
81516
81515
81498
81488
81478
81469
81479
81480
81490
81491
82779
82778
81481
81471
81463
81462
81470
79581
81461
81444
81428
81429
81445
81446
81430
81413
81412
81398
81392
81386
79571
81380
79572
79573
79574
77026
74152
77038
77039
77040
77028
77027
74151
77015
74150
77002
74149
76985
76974
74148
76956
76945
74147
76934
74146
76923
74145
76912
74144
76901
74143
76890
74142
76879
74141
76868
74140
76857
74139
76846
74138
76830
76819
74137
76808
74136
76797
74135
76786
74134
76775
76776
76767
76766
76749
74133
76750
76741
76731
76732
76733
76743
74372
76742
76752
76751
76768
76769
76779
76790
76789
76778
76777
76788
76787
76798
76799
76810
76809
76820
76831
76847
76858
76869
76870
76880
76891
76892
76881
76882
76893
76904
76905
76894
76883
76872
76871
76859
76848
76849
76860
76861
76850
76834
76833
76832
76821
76822
76811
76800
76801
76812
76823
76835
76851
76862
76873
76884
76895
76906
76917
76928
76939
76950
76961
76960
76949
76938
76927
76916
76915
76926
76937
76948
76947
76936
76925
76914
76903
76902
76913
76924
76935
76946
76957
76958
76959
76977
76978
76990
76989
77006
77005
77004
76988
76987
76976
76975
76986
77003
77016
77017
77018
77019
77030
77029
77041
77042
77054
77053
77069
77081
77080
77092
77079
77067
77068
77052
77051
77050
77066
77078
74153
77091
77104
77116
74154
77130
74155
77145
74156
77159
74157
77173
74158
77187
74159
77201
74160
77214
74161
77228
74162
77242
77243
77229
77230
77244
77258
77257
77256
77273
77274
77275
77276
77292
77277
77278
77261
77260
77259
77245
77246
77247
77233
77219
77206
77205
77218
77232
77231
77217
77204
77190
77191
77192
77193
77179
77178
77164
77163
77177
77176
77189
77203
77216
77215
77202
77188
77174
77175
77161
77162
77149
77150
77165
77151
77136
77135
77134
77120
77119
77133
77148
77147
77160
77146
77132
77131
77117
77118
77105
74385
77093
77094
77106
77107
77095
77082
77083
77121
74387
77108
77096
74383
77059
77058
77057
77056
77070
74381
77055
77043
77031
77020
77007
76991
76979
76962
76963
76964
76965
76966
76967
76994
76993
76992
77021
77032
77044
74380
77060
77072
77073
77061
77062
77074
77087
77086
77085
74384
74382
77071
77084
77097
77109
77122
77123
77110
77098
74386
77111
77099
77100
77101
77088
77089
77102
77113
77112
77126
77127
77142
77141
77155
77156
77170
77169
77183
77184
77185
77171
77172
79037
77158
77157
77143
77144
79036
79035
77129
77128
77114
77115
77103
79034
77090
77077
77065
77076
77075
77063
77064
77048
77049
79033
79032
77037
77036
77035
77047
77046
77045
77033
77034
77022
77023
77024
77025
77014
76984
76983
76982
77000
77001
77013
77012
77011
74379
77010
77009
77008
74378
76995
76996
76997
76998
76999
76981
76980
74377
76968
76969
76952
76951
76940
76929
76918
76907
76896
76885
76874
76875
76886
76897
76898
76899
76910
76909
76908
76919
76920
76931
76930
76941
76942
76953
76970
76971
76954
76943
76944
76955
76972
76973
79031
79030
79029
79028
76922
76933
76932
76921
76911
76900
76889
76888
76887
76876
76865
76864
76863
76852
76841
76840
76839
76838
76837
76836
76824
76813
76802
76791
74374
76780
74373
76753
76754
76755
76756
76757
76758
76759
76760
76761
76744
76745
76746
76736
76735
76734
76724
76714
76704
76695
76696
76705
76715
76725
76726
76716
76717
76707
76706
76697
76680
76672
76664
76663
76655
76656
76648
76647
76646
76654
76662
76670
76671
76679
76678
76694
76693
76692
76691
76690
76689
76688
76687
76686
76703
76713
76723
76722
76712
76702
76685
76677
76669
76661
76653
76645
74369
76634
76633
76632
76614
76613
76602
76601
76600
76583
74364
76573
76563
76564
76554
76553
76552
74122
76562
74123
76572
74124
76582
76599
76610
76628
76641
74125
76650
74126
76658
76659
76651
76642
76629
76611
76612
76630
76631
76643
76644
76652
76660
76668
74370
76676
76684
76701
76700
76710
76711
76721
76720
76730
76740
76739
74132
76729
74131
76719
74130
76709
74129
76699
74128
76682
76683
76675
76667
74127
76666
76674
82765
82764
81118
81117
81107
79555
79554
81081
81080
81063
81064
81047
82763
81039
81031
82762
81014
79551
81030
81013
81005
81006
80990
80982
82761
82760
80975
80974
80966
80959
80958
80949
80940
80941
80932
80939
80938
80947
80956
79545
80948
80957
80964
80965
80972
80973
80981
80989
80988
80980
80979
79548
80987
81003
81004
81012
81029
81038
81037
81028
81011
81010
81002
81001
81000
80999
80998
80997
80996
80995
79547
79544
80955
80946
80945
80936
80920
80903
79539
80919
80935
80918
80917
79275
80933
80934
79276
80942
79277
80951
80952
80943
80944
80954
80953
80962
80963
80971
80978
80985
80986
80993
80994
81009
81019
81020
81021
81022
81023
81024
81025
81026
81027
81036
81044
81045
81046
81062
81079
81078
81061
81060
81059
81058
81057
81074
81092
81093
81075
81076
81094
81077
81095
81096
81097
81106
81116
81115
81105
81104
81114
81125
81126
81127
81143
81159
81158
81142
81141
81157
81156
81172
81171
81187
81186
81203
81221
81220
81202
81185
81168
81152
81153
81169
81170
81154
81155
81140
81139
81138
81137
81136
81135
81151
81167
79561
81183
81184
81201
81200
81218
81219
81236
81237
81238
81239
81222
81204
81205
81188
81189
81173
81174
81175
81176
81160
81144
81145
81128
81129
81146
81162
81161
81177
81178
81194
81211
81228
81210
81193
81192
81209
81191
81190
81208
81226
81227
79563
81243
81244
81260
81259
81258
81268
81269
79568
79569
82766
82767
82768
82769
82770
82771
82772
82773
82774
82775
82776
82777
81369
79570
81363
81357
81351
81345
81339
81333
81327
81321
81315
81309
81303
81297
81291
81285
81284
81267
81266
79566
81256
81257
81242
81225
81207
81206
81223
81224
81241
81240
81255
81254
81253
81252
81251
81250
81249
81235
81234
81248
81265
81264
81246
81232
79565
81247
81233
81216
81217
81199
81198
81182
81181
81165
79559
81166
79560
81150
79558
79556
81123
81134
81124
81113
81103
81112
81102
81086
81087
81088
81089
81071
81072
81090
81091
81073
81056
81055
81054
81053
81070
81069
79553
81051
81052
81043
81035
81018
81034
81042
81050
79552
81049
81041
81033
79550
81016
81017
81008
80992
79549
80984
80977
79546
80970
80969
80961
80960
79278
80968
80976
80983
79279
80991
79280
81007
79281
81015
79282
81032
79283
81040
79284
81048
79285
81065
81066
81083
81082
79286
81098
79287
81108
79288
81119
81120
81109
81099
81100
81084
81067
81068
81085
81101
81111
81110
81121
81122
81133
81149
81148
79557
81132
81131
79289
81130
81147
81164
81163
79290
81179
79291
81195
81212
81229
81213
81196
81180
79562
81197
81215
81214
81231
81230
79564
81245
79292
81261
79293
81270
79294
81286
79295
81292
79296
81298
79297
81304
79298
81310
79299
81316
79300
81322
79301
81328
79302
81334
79303
81340
79304
81346
79305
81352
79306
81358
79307
81364
79308
81370
79309
81375
79310
81381
79311
81387
79312
81393
81394
81388
81382
81376
81371
81365
81359
81353
81347
81341
81335
81329
81323
81317
81311
81305
81299
81293
81287
81271
81262
81263
79567
81272
81273
81274
81275
81276
81277
81278
81279
81280
81281
81282
81283
81290
81296
81302
81308
81314
81320
81326
81332
81338
81344
81350
81356
81362
81368
81374
81379
81385
81391
81397
81410
81411
81427
81443
81460
81459
81458
81457
81456
81455
81438
81437
81454
81453
81452
81435
81436
81420
81421
81422
81423
81439
81440
81424
81425
81441
81442
81426
81409
81408
81407
81406
81405
81404
81403
81402
81419
81418
81401
81396
81390
81384
81378
81373
81367
81361
81355
81349
81343
81337
81331
81325
81319
81313
81307
81301
81295
81289
81288
81294
81300
81306
81312
81318
81324
81330
81336
81342
81348
81354
81360
81366
81372
81377
81383
81389
81395
79576
79575
79577
81416
79578
79579
81449
81467
81450
81433
81417
81434
81451
79580
81468
81477
81487
81497
81496
81505
81504
81503
81494
81495
81486
81476
81475
81485
81484
81483
81473
81474
81466
81465
81448
81432
81415
81400
81399
79313
81414
79314
81431
79315
81447
81464
79316
81472
79317
81482
79318
81492
81493
81502
81518
81501
79319
81517
81524
81525
81541
81558
81540
79320
81557
79321
81564
79322
81571
81572
81565
81566
81573
81567
81560
81559
81542
81526
81519
81520
81527
81543
81544
81561
81568
81575
81574
81581
81580
81579
79323
81578
79324
81585
79325
81593
79326
79327
81626
81610
81594
81586
81587
81595
81611
81627
81628
81612
81596
81588
81582
81589
79587
81597
81598
81599
81615
81600
81616
81633
81632
81631
81614
81613
81630
81629
81646
81645
79588
81644
81652
81651
81643
81650
79328
81666
79329
81673
79330
81680
81687
81703
79331
81709
81715
81732
81738
85796
83360
83359
83358
85082
85081
85062
85058
85059
85063
85795
85794
85055
85054
85035
85036
85017
85793
85792
85011
85016
85010
85009
85015
85034
85053
85052
85033
85032
85031
85030
85029
85028
85047
85048
85049
85050
85051
85057
85061
85080
85079
85078
85077
85076
85075
85074
85073
85072
85071
85070
85069
85068
85067
85066
85065
85060
85056
85037
85038
85039
85040
85041
85042
85043
85044
85045
85046
85027
85026
85025
85024
85023
85022
85021
85020
83357
85014
85019
85013
85007
85008
85003
83355
84999
83353
84981
84982
84983
84984
84985
84986
84987
84988
84989
84990
84991
84992
84993
84994
84995
85000
85004
83356
85005
85001
83354
84996
84997
84979
85791
85790
84975
84971
85789
85788
84967
84963
85787
84959
84958
84962
84966
84970
84974
84978
84977
84973
84969
84965
84961
84957
84956
84955
84954
84953
84952
84951
84950
84949
84948
84947
84946
84945
84944
84943
84942
83352
84938
84934
84930
84926
84921
84916
84897
83347
84878
84879
84880
84881
84898
84899
84900
84901
84902
84903
84885
84884
84883
84882
84862
84863
84844
84864
84865
84866
84847
84848
84849
84868
84867
84887
84886
84904
84905
84888
84906
84907
84908
84909
84891
84871
84870
84890
84889
84869
84850
84851
84832
84831
84830
84829
84828
84827
84846
84845
84826
84825
84824
84843
84823
84822
84842
84861
84860
84841
84840
84859
83345
83344
84821
83343
84817
84814
84811
84808
84805
84786
84767
84748
84744
83338
83339
84787
84788
84789
84770
84771
84790
84791
84792
84793
84794
84775
84776
84757
84756
84774
84755
84754
84773
84772
84753
84752
84751
84750
84769
84768
84749
83337
84745
84741
84740
84736
84737
84733
84732
84713
84710
84711
84714
84715
84716
84717
84718
84719
84720
84721
84722
84723
84724
84725
84726
84727
84728
84729
84730
84760
84779
84778
84759
84758
84777
84795
84796
84797
84798
84833
84852
84853
84834
84835
84854
84855
84874
84873
84872
84892
84910
84911
84893
84912
84917
84922
84927
84931
84935
84939
83351
84940
84936
83350
83349
84932
84928
83348
84923
84924
85786
85785
84919
84918
84913
84914
85784
84895
84894
83346
84875
84876
84857
84856
84836
84837
84838
85783
84819
84818
83342
84815
84812
83341
83340
84809
84806
85782
84803
84802
84801
84800
84799
84780
84761
84762
84781
84782
84763
84764
84783
84784
84765
84746
85781
84742
85780
85779
84738
84734
85778
85777
85776
85775
85774
85773
85772
85771
85770
85769
83336
84684
83335
83334
84680
84676
83333
84671
84672
84666
84667
85768
85767
83331
84661
84660
84659
84665
83332
84664
84670
84675
84679
84683
84687
84690
84693
84696
84699
84702
84705
84708
84707
84704
84701
84698
84695
84692
84689
84686
84682
84678
84674
84669
84663
84657
84658
84653
83330
84649
84645
84641
84637
84618
83327
84614
84610
84606
84602
84598
84594
84590
84591
84595
84599
84603
84607
84611
84615
84619
84620
84621
84622
84623
84624
84625
84626
84627
84628
84629
84630
84631
84632
84633
84634
84638
84642
84646
83328
84650
84654
84655
84651
83329
84647
84643
85766
85765
84639
84635
83326
84616
84612
84608
84604
83325
83324
85764
83323
83322
84600
84596
84592
84587
84582
84577
84578
84583
84588
83321
85763
85762
85761
84573
84572
83320
84567
84568
84569
85760
85759
84559
84540
85758
84536
84533
84532
83316
83317
84535
84538
84539
84558
84564
84563
84562
84557
84556
84555
84554
84553
84552
84551
84550
84549
84548
84547
84546
84545
84544
84543
83319
84576
84581
84586
84585
84580
84575
84571
84570
83059
84574
83060
84579
83061
84584
83062
84589
83063
84593
83064
84597
83065
84601
83066
84605
83067
84609
83068
84613
83069
84617
83070
84636
83071
84640
83072
84644
83073
84648
84652
83074
84656
83075
84662
83076
84668
83077
84673
83078
84677
83079
84681
83080
84685
83081
84688
83082
84691
83083
84694
83084
84697
83085
84700
83086
84703
83087
84706
83088
84709
84712
83089
84731
83090
84735
83091
84739
83092
84743
83093
84747
83094
84766
83095
84785
83096
84804
83097
84807
83098
84810
83099
84813
83100
84816
83101
84820
83102
84839
83103
84858
84877
83104
84896
83105
84915
83106
84920
83107
84925
83108
84929
83109
84933
83110
84937
83111
84941
83112
84960
83113
84964
83114
84968
83115
84972
83116
84976
83117
84980
83118
84998
85002
83119
85006
83120
85012
83121
85018
83122
83123
83124
83125
85064
85084
83126
85083
83127
85087
83128
85091
85095
83129
85088
85092
85096
85100
85104
83130
85099
83131
85103
83132
85107
83133
85111
85114
83134
85133
83135
85136
83136
85139
83137
85142
83138
85145
83139
85148
83140
85151
83141
85154
83142
85157
83143
85160
83144
85163
83145
85166
83146
85169
83147
85172
83148
85173
85170
85167
85164
85161
85158
85155
85152
85149
85146
85143
85140
85137
85134
85115
85112
85108
85116
85117
85118
85119
85120
85121
85122
85123
85124
85125
85126
85127
85128
85129
85130
85131
85132
83364
85109
83363
85105
83362
83361
85097
85093
85089
85085
85086
85090
85094
85098
85101
85102
85106
85110
85113
85797
85798
85135
85138
85141
85144
85147
85150
85153
85156
85159
85162
85165
85168
85171
85174
85811
85810
85809
85808
85807
85806
85805
85804
85803
85802
85801
85800
85799
81783
79338
81779
79337
79605
79339
81789
81792
79340
79341
81795
81798
79342
79343
81801
81804
79344
79345
81807
81810
79346
79347
81813
81816
79348
79349
81819
81822
79350
79351
81837
81854
81855
81859
81860
81876
81875
81858
79352
81874
81880
81896
81913
81929
81944
81930
81931
81946
81947
81964
81981
81998
82015
82014
81997
81996
81979
81980
81963
81945
81962
81961
81978
81995
79353
82012
82013
79354
82017
79355
82022
79356
82026
82027
79621
82030
82031
82028
82024
82023
82018
82019
82020
82025
82029
82032
82036
82040
82039
82035
82034
79357
79358
82038
82042
79359
82046
82063
79360
82064
82081
82082
82065
82048
82047
82043
82044
82049
82066
82083
82050
82067
82084
82085
82068
82051
82052
82053
82054
82055
82072
82073
82056
82057
82058
82059
82076
82093
82092
82075
82074
82091
82090
82089
82071
82070
82069
82086
82087
82088
82111
82110
82109
82108
82125
82126
82127
82128
82129
82112
82113
82130
82131
82114
82132
82115
82116
82117
82134
82133
79628
82145
82150
82155
82156
82151
82152
79630
79631
82820
82176
82179
82821
82822
82184
82189
82823
82824
82194
82199
79634
79635
82204
82220
82226
82243
82259
82263
82279
82282
82825
82826
82285
82288
82827
82828
82291
82290
82287
82284
82281
82278
82277
82276
82275
82274
82273
82272
82271
82270
82269
82268
82267
82266
82265
79641
82261
82245
82260
79375
82244
79374
82227
79373
82221
79372
82205
79371
82200
79370
82195
79369
82190
79368
82185
79367
82180
82177
82173
79366
82157
82153
82158
82174
79632
79633
82218
82217
82216
82215
82214
82213
82212
82211
82210
82209
82208
82207
79636
82202
82197
82192
82187
82182
82181
82186
82191
82196
82201
82206
82222
79638
82228
82223
82224
82229
79639
82246
82230
82231
82247
82248
82232
82249
82233
82234
82250
82251
82235
82236
82252
82253
82237
82238
82254
82255
82239
82240
82256
82257
79640
82262
82258
82242
82241
82225
79637
82219
82203
82198
82193
82188
82183
82178
82175
82172
82171
82170
82169
82168
82167
82166
82165
82164
82163
82162
82161
82160
82159
82154
79629
82149
82144
82143
82148
82147
79365
82142
82138
82139
82140
79627
82124
82107
82106
82123
82122
82105
82101
82100
82104
82121
79625
79624
82099
79361
82098
79362
82103
79363
82120
79364
82137
85823
83377
83376
83375
85348
85822
85821
85345
85344
85347
85350
85352
85354
85356
85373
85374
85824
85825
83379
85826
85379
85827
85381
83380
83381
85828
85385
85829
85388
85391
85830
85831
85394
83383
83384
83385
83386
85832
85405
85833
85408
85407
85404
85402
85400
85398
85396
85393
85390
85387
85384
85383
85382
85380
85378
85377
85376
85375
85372
85371
85370
85369
85368
85367
85366
85365
85364
85363
85362
85361
85360
85359
85358
85357
83378
85355
85353
85351
85349
85346
85343
85324
85325
85326
85327
85309
85310
85328
85329
85311
85330
85312
85313
85331
85332
85314
85333
85334
85315
85316
85317
85335
85336
85318
85319
85320
85337
85338
85339
85321
85322
85340
85341
85342
85323
83374
85820
85304
83373
83372
85301
85298
83371
85294
85275
85295
85276
85257
85256
85237
85238
85219
83366
85216
85819
85818
85213
85210
85817
85816
85207
85204
85815
85814
85201
85198
85813
85812
85195
85193
85192
85191
85190
85189
85188
85187
85186
85185
85184
85183
85182
85181
85180
85179
85178
85177
85176
85175
83365
85194
85197
83149
85196
83150
85199
83151
85202
85205
83152
85200
85203
85206
85209
85212
83153
85208
83154
85211
83155
85214
83156
85217
83157
85220
83158
85239
83159
85258
83160
85277
83161
85296
83162
85299
83163
85302
85303
85300
85297
85278
83370
83369
85259
85240
83368
83367
85218
85215
85221
85222
85223
85242
85241
85260
85261
85262
85263
85264
85265
85246
85245
85244
85243
85224
85225
85226
85227
85228
85229
85230
85231
85250
85249
85268
85269
85270
85271
85272
85253
85252
85251
85232
85233
85234
85235
85236
85255
85254
85273
85274
85293
85292
85291
85290
85289
85288
85287
85286
85267
85248
85247
85266
85285
85284
85283
85282
85281
85280
85279
85308
85307
85306
85305
83164
83165
83166
83167
83168
83169
83170
83171
83172
83173
83174
83175
83176
83177
83178
83382
83179
85386
83180
85389
83181
85392
83182
85395
83183
85397
83184
85399
83185
85401
83186
85403
83187
85406
83188
85409
83189
85412
83190
85415
83191
85418
83192
85421
83193
85424
85427
83194
85430
83195
85434
83196
85453
83388
85431
83387
85435
85436
85437
85438
85439
85440
85441
85442
85443
85444
85445
85446
85447
85448
85449
85450
85451
85454
85472
85471
85470
85469
85468
85467
85466
85465
85464
85463
85462
85461
85460
85459
85458
85457
85456
83197
83198
83199
83200
83201
83202
83203
83204
83205
83206
83207
83208
85483
83209
83210
83211
83212
83213
83214
83215
83216
83217
83218
85484
85485
85486
85487
85488
85489
85490
85491
85492
85493
85494
85495
85496
85497
85498
85499
85500
85501
85502
85851
85852
85503
85504
85853
85854
85505
85506
85855
85856
85507
85508
85509
85510
85511
85860
85859
85858
85857
82487
79396
82491
82508
79397
79398
82525
82543
79399
82542
79400
82547
79401
82564
82581
79402
82599
79403
82602
79404
82605
79405
82608
79406
82611
79407
82613
79408
82614
79409
85868
85867
85563
85562
85565
85568
85569
85566
85869
85870
85572
85571
85574
85575
85871
85872
85578
85577
85580
85583
85586
85587
85584
85581
85873
85874
85875
85876
85590
85589
85592
85593
85877
85878
85596
85595
85598
85601
85599
85879
85880
85602
85881
85882
85606
85604
85603
85605
85607
85608
85883
85884
85610
85609
85611
85612
85885
85886
85614
85613
85615
85616
85887
85888
85618
85617
85619
85620
85889
85890
85622
83395
85621
85623
83396
85624
85891
85892
85893
82632
79431
79430
79429
79428
79427
79426
79425
79424
79423
79422
79421
79420
79419
79418
79417
79416
79415
79414
79413
79412
79411
79410
82615
82616
82617
82618
82619
82620
82621
82622
82623
82624
82625
82626
82627
82628
82629
82630
82631
82851
82852
82853
82854
82855
82856
82857
82858
82859
82860
82861
82862
82863
82864
82865
82866
82867
82868
82869
82870
82871
82872
82649
78823
78841
78842
74474
74255
78859
74256
78876
74257
78877
74258
78878
74259
78879
74260
78880
74261
78881
74262
78882
74263
78883
82881
82880
82879
82878
82877
82876
82875
82874
82873
82667
82666
82648
82647
82665
82664
82646
82645
82644
82663
82662
82661
82643
82642
82660
82659
82641
82658
82640
82639
82638
82657
82656
82655
82637
82636
82654
82653
82635
82634
82652
82633
82651
82650
79432
79433
79434
79435
79436
79437
79438
79439
79440
85899
85647
85646
85898
85897
85645
85644
85896
85895
85894
85643
85642
85641
85640
85639
85638
85637
85636
85635
85634
85633
85632
85631
85630
85629
85628
85627
85626
83257
83256
83255
83254
85625
83253
83252
83251
83250
83249
83248
83247
83246
83245
83244
83243
83242
83241
83240
83239
83394
85600
83238
85597
83237
85594
83236
85591
83235
85588
83234
85585
83233
85582
83232
85579
83231
85576
83230
85573
83229
85570
83228
85567
83227
85564
83226
85561
83225
85558
83224
85540
85541
85542
85543
85544
85545
85546
85547
85548
85549
85550
85551
85552
85553
85554
85555
85556
85559
85560
85866
85865
85557
83393
85538
85864
85863
85536
85534
85862
85861
85532
85530
85529
85528
85527
85526
85525
85524
85523
85522
85521
85520
85519
85518
85517
85516
85515
85514
85513
85512
83219
83220
85531
83221
85533
83222
85535
83223
85537
85539
16
17
18
19
20
21
22
23
24
25
26
27
28
29
30
31
32
33
34
35
36
37
38
39
40
41
42
43
44
45
46
47
48
49
50
51
52
53
54
55
56
57
58
59
60
61
63
62
196
197
198
199
200
201
202
203
204
205
206
207
208
209
210
211
212
213
587
214
215
216
217
218
219
220
221
222
223
224
225
226
227
228
64
65
67
66
68
69
71
70
72
73
75
74
76
77
79
78
80
81
83
82
84
85
87
86
88
89
91
90
92
93
95
94
96
97
99
98
100
101
103
102
104
105
107
106
15
14
12
13
11
10
586
585
584
583
582
581
580
579
578
577
576
575
574
573
572
571
570
569
568
567
566
565
564
563
562
561
560
559
558
557
556
555
554
553
552
551
550
549
548
547
546
545
544
543
542
541
540
539
538
537
536
535
534
533
532
531
530
529
528
527
526
525
524
523
522
521
520
519
518
517
516
515
514
513
512
511
510
509
508
507
506
505
504
503
502
501
500
499
498
497
496
495
494
493
492
491
490
489
488
487
486
485
484
615
483
482
481
480
479
478
477
476
475
474
473
472
471
470
469
468
467
466
465
464
463
462
461
460
459
458
457
456
455
454
453
452
451
450
449
448
447
446
445
444
443
442
441
440
439
611
438
437
436
435
434
433
432
431
430
429
428
427
426
425
424
423
422
421
420
419
418
417
416
415
414
413
412
411
410
409
408
407
406
405
404
403
402
401
400
399
398
397
396
395
394
608
393
392
391
390
389
388
387
386
385
384
383
382
381
380
379
378
377
376
375
374
373
372
371
370
369
368
367
366
365
364
363
362
361
360
359
358
357
356
355
354
353
352
351
350
349
605
348
347
346
345
344
343
342
341
340
339
338
337
336
335
334
333
332
331
330
329
328
327
326
325
324
323
322
321
320
319
318
317
316
315
314
313
312
311
310
309
308
307
306
305
304
601
752
751
750
749
748
747
746
745
744
743
742
741
740
739
603
602
738
737
736
735
734
733
732
731
730
729
728
727
600
726
725
724
723
722
721
598
720
67969
63040
67970
63045
63050
67971
67972
67973
67974
67975
63070
63065
63060
63055
63049
63044
63039
63038
63043
63048
63053
63054
63059
63058
63063
63064
63069
63068
63073
63078
63083
63088
63089
63084
63079
63074
63075
67976
67977
63080
63085
67978
67979
63090
63095
67980
67981
63100
67982
63105
63110
67983
67984
63115
63131
63138
63155
67985
67986
63172
63171
63188
63169
62755
63170
63153
62754
63136
63154
63137
63130
63114
63109
63104
63099
63094
63093
63098
63103
63108
63113
63129
63128
63135
63152
63151
62753
63127
63126
63125
63124
63123
63122
63121
63120
63119
63118
63134
63143
63142
63159
63160
63178
62756
63177
63176
63175
63193
63199
62758
63198
63216
63232
63238
63245
62760
63246
62761
63264
63265
63248
63247
63217
63200
63201
63218
63219
63220
63202
63203
63204
63221
63222
63223
63205
63206
63207
63224
63252
63269
63253
63254
63255
63256
63273
63274
63257
63240
63239
63233
62759
63234
63228
63227
63211
63210
63209
63226
63225
63208
63184
63183
63166
63165
63182
63181
63164
63163
63180
63179
63162
63161
63144
63145
63146
63147
63148
63149
63150
63167
63168
63185
63186
63187
62757
63194
63212
63213
63195
63189
63190
63196
63214
63230
63229
63235
63236
67987
63243
63242
63241
63258
63259
63260
63277
63276
63275
63292
63293
63294
67988
63303
63311
63328
63345
63353
67989
67990
63361
63368
63378
67991
67992
63388
63387
63386
63403
63413
63414
63404
63405
67993
63415
63426
67994
67995
63436
63446
67996
63457
63456
63455
63454
63465
63476
63475
63464
62774
63452
63453
63443
63442
62772
63432
63433
63434
63444
63445
63435
63425
63424
63423
63422
63411
63412
63402
63385
63375
63376
63377
63367
63360
63352
63344
63327
63310
63302
63301
63309
62762
63300
63291
63290
63299
63308
63325
63326
63343
63342
63351
63359
63366
62766
63358
63365
63374
63384
63401
63400
63399
63398
63397
63396
63395
63394
63393
63383
62768
62767
63373
63364
63357
63349
63331
62764
63314
63315
63332
63333
63316
63317
63334
63335
63336
63318
63319
63320
63337
63338
63339
63340
63350
63341
63324
63323
63322
63321
63288
63289
63272
63271
63270
63287
63286
63285
63284
63283
63267
63268
63251
63250
63249
63266
63282
63281
63280
63279
63297
63298
63307
62763
63306
63305
63313
63330
63347
63348
63356
63363
63371
63372
63382
63391
62770
63408
63419
63429
63428
63418
62769
63381
63380
63379
62571
63389
63390
63407
63406
62572
63416
63417
62771
63427
62573
63437
62773
63447
63448
63438
63439
63449
63450
63440
63430
63420
63409
63392
63410
63421
63431
63441
63451
63463
63462
63461
63460
63471
63472
63473
63474
63485
63484
63483
63482
63481
63470
63459
62574
63458
62575
63469
62576
63480
62577
63491
63492
62775
63502
63513
62578
63512
62579
63523
62580
63533
63543
63552
63563
63579
62581
63597
63598
63599
63600
63610
63627
63628
63611
63601
63583
63582
63581
63580
63564
63565
63553
62778
63544
62777
63545
63546
63537
63536
63535
63534
63524
63525
63526
63515
63514
63503
63493
63494
63504
63505
63495
63496
63506
63517
63516
63527
63528
63538
63547
63556
63555
63554
63566
63567
63568
63584
63602
63612
63613
63614
63631
63630
63629
62783
63646
63655
63665
63675
63685
63695
63694
63711
63721
63720
63730
63740
63731
63741
63749
63750
63751
63768
63767
63766
63783
63784
63794
63793
62789
63782
63765
63748
63739
63729
63719
63709
63710
63693
62785
63683
63684
63674
63673
63663
63664
63654
63645
63644
63653
63643
63626
62782
63609
63608
62582
63625
63642
62583
63652
62584
63662
62585
63672
62586
63682
62587
63692
62588
63708
62589
63718
62590
63728
62591
63738
63747
63764
62592
63781
62593
63792
62594
63809
62595
63820
62596
63831
63848
63849
63850
63833
63832
63821
63810
63811
63822
63823
63812
63795
63785
63769
63770
63771
63772
63773
63756
63755
63754
63753
63752
63742
63732
63722
63712
63696
63697
63698
63699
63700
63701
63702
63703
63713
63723
63733
63743
63759
63758
63757
63774
63775
63776
63786
63787
63788
63777
62788
63760
62787
63744
63734
63735
63745
63761
63778
63779
63762
63746
63736
63726
63716
63715
63725
63724
63714
63704
63688
63687
63686
63676
63666
63656
63647
63657
63667
63677
63678
63668
63658
63648
62784
63637
63636
63635
63634
63633
63632
63615
63616
63617
63618
63619
63620
63604
63603
63591
63590
63589
63588
63587
63586
63585
63569
63570
63571
63572
63573
62779
63557
62780
63574
63592
63593
62781
63605
63606
63623
63622
63621
63638
63639
63649
63659
63660
63650
63640
63641
63624
63607
63595
63596
63578
63577
63576
63594
63575
63559
63558
63548
63539
63529
63518
63507
63508
63499
63498
63497
63486
63487
63488
63489
63478
63477
63466
63467
63468
67997
63479
63490
67998
67999
63501
63500
63510
63509
63519
62776
63530
63520
63521
63531
63541
63540
63549
63560
63561
63550
63562
63551
68003
68002
63542
63532
63522
63511
68000
68001
57963
57964
57976
57975
57992
58010
56967
58026
58027
58011
57993
57994
57977
57978
57979
57980
57997
57996
57995
58012
58013
58028
57163
58044
58029
58014
58015
57162
58030
58016
58017
58031
57164
58057
58045
58056
58068
58079
58080
58069
58081
58082
58083
58099
58100
58101
58084
58085
58086
58070
58087
58104
58103
58102
58128
58127
58126
58125
58124
58112
58098
58097
58078
58077
58066
58067
58055
58054
58053
58065
58076
58093
58094
58095
58096
57168
58111
58122
58123
57170
58139
58156
58157
58158
58159
58140
58141
58142
58160
58161
58143
58144
58145
57171
58162
58173
58174
58163
58146
58147
57172
58164
57174
58175
58176
58166
58165
58148
58149
58150
58133
62343
62342
58117
58107
62341
62340
58091
57166
58074
62339
58063
58051
62338
58041
58025
58009
58008
57989
57990
57991
62337
57974
62336
62335
57962
57961
57973
57972
57971
57988
58006
58007
57161
58024
58040
58050
58061
58062
58073
58090
58106
58116
58132
58131
58130
58129
57169
58113
58114
58115
58105
57167
58089
58088
58071
58072
58060
58059
58058
57165
58046
58047
58048
58049
58038
58039
58023
58037
58036
58021
57160
58022
58005
58004
58003
58002
57985
57984
58001
58019
58020
58035
58034
58033
58032
58018
58000
57983
57982
57999
57998
57981
57967
57955
57939
57925
57911
57898
57884
57883
57897
57910
57924
57923
57909
57908
57922
57937
57938
57954
57966
57965
57158
57953
57952
57936
57935
57951
57950
56966
57934
56965
57920
56964
57921
57907
57156
57894
57893
56963
57879
56962
57865
56961
57851
56960
57852
57838
57155
57826
56959
57814
57153
57798
57151
57782
57149
57783
57784
57785
57801
57802
57818
57817
57829
57830
57842
57841
57840
57828
57816
57800
57799
57815
57827
57839
57854
57853
57867
57866
57880
57881
57895
57896
57882
57868
57869
57855
57856
57870
57857
57871
57885
57899
57912
57926
57157
57940
57941
57942
57927
57913
57900
57901
57902
57888
57887
57886
57872
57858
57844
57845
57859
57873
57874
57860
57846
57834
57822
57809
57810
57823
57824
57835
57154
57847
57861
57875
57876
57877
57891
57905
57904
57890
57889
57903
57916
57930
57929
57915
57914
57928
57944
57943
57956
57968
57969
57159
57986
57987
57970
57957
57945
57958
57959
57960
57946
57947
57931
57917
57918
57932
57948
57949
57933
62334
62333
57919
57906
62332
62331
57892
57878
62330
62329
57864
57863
57862
57848
57849
57836
57837
57850
62328
57825
62327
57813
57812
57811
57794
57793
57778
57777
57776
57790
57806
57791
57792
57808
57807
57820
57821
57833
57832
57843
57831
57819
57803
57152
57787
57786
57774
57775
57150
57788
57804
57805
57789
57147
57146
57751
57740
57739
57728
57729
57714
57713
57727
57738
57737
57747
57748
57749
57760
57761
57750
57762
57773
57772
57771
57759
57758
57770
57769
56958
57757
57746
57735
56957
57736
57725
57145
57726
57711
57712
57702
57703
57695
57704
57715
57716
57717
57718
57719
57720
57730
57741
57742
57753
57752
57148
57763
57764
57765
57766
57754
57755
57767
57780
57779
57795
57796
57797
57781
62326
57768
57756
62325
62324
57745
57734
62323
57724
62322
62321
57708
57707
57723
57733
57744
57743
57732
57722
57731
57721
57144
57705
57696
57687
57678
57669
57668
57667
57666
57665
57664
57663
57647
57648
57649
57650
57651
57652
57635
57636
57141
57653
57637
57625
57626
57627
57628
57639
57638
57654
57142
57670
57679
57688
57697
57706
57698
57699
62320
62319
57690
57689
57680
57671
57655
57672
57681
62318
62317
57656
57640
62316
57629
57613
57614
57604
62315
57594
57576
57567
57549
57533
57532
57531
57530
57546
57564
57565
57547
57548
57566
57575
57593
57603
57602
57612
57138
57611
57610
57624
57623
57622
57621
57620
57619
57618
57617
57609
57599
57582
57581
57580
57597
57598
57608
57616
57140
57607
57606
57139
57615
57631
57643
57642
57658
57659
57660
57644
57632
57633
57634
57645
57646
57662
57661
57143
57676
57677
57686
57685
57694
57693
57684
57683
57675
57674
57682
57691
57692
57701
57700
57710
57709
56956
56955
56954
57673
57657
57641
57630
56953
57605
56952
57595
56951
57577
57568
57578
57596
57579
57569
57553
57552
57551
57550
57534
57535
57536
57537
57519
57502
57501
57518
57517
57500
56950
57483
57484
57485
57486
57468
57467
57466
56949
56948
56947
56946
56945
56944
56943
56942
56941
56940
56939
56938
56937
56936
56935
56934
57394
57398
57402
57406
57410
57414
57418
57422
57426
57430
57434
57438
57442
57446
57134
57450
57451
57452
57453
57454
57471
57470
57469
57487
57488
57489
57504
57503
57520
57521
57135
57538
57556
57555
57554
57136
57570
57571
57583
57584
57585
57586
57587
57588
57589
57600
57601
57590
57591
57592
57574
57573
57572
57563
57137
57562
57561
57560
57559
57558
57557
57539
57523
57522
57505
57506
57490
57472
57455
57456
57473
57491
57507
57524
57540
57541
57525
57508
57509
57526
57542
57543
57527
57510
57494
57476
57475
57493
57492
57474
57457
57458
57459
57460
57461
57462
57479
57478
57477
57495
57511
57528
57544
57545
57529
57512
57513
57496
57497
57514
57515
57516
57499
57498
57481
57480
57463
57447
57443
57444
57448
57464
57482
57465
57449
62314
62313
57445
57441
62312
62311
57437
57436
57440
57439
57435
57431
57432
57428
57427
57423
57424
57429
57433
62310
62309
57425
62308
62307
57421
57417
62306
62305
62304
57409
57405
62303
62302
57401
57400
57404
57408
57412
57413
57416
57420
57419
57415
57411
57407
57403
57399
57395
57396
57397
62301
51376
51860
51377
51862
51378
51864
51379
51866
51380
51868
51381
51871
51382
51874
51383
51877
51384
51893
51385
51896
51386
51899
51387
51902
51906
51922
51388
51938
51389
51943
51390
51949
51391
51955
51960
51392
51965
51971
51972
51580
51988
52005
52004
52010
52011
52027
52026
51393
52042
51586
52048
52049
52043
52028
52029
52012
52006
51581
51989
51990
51991
51992
51993
52017
52018
52019
52036
52035
52034
52033
52016
52015
52032
52031
52014
52013
52030
52044
52050
52056
52057
52064
52071
52077
52084
51593
52098
52091
52090
51592
52083
51591
52076
51590
52070
51589
52063
52062
51588
52055
51394
52054
52069
52082
52089
52096
52103
52097
51594
52104
52105
52106
52114
52113
52112
51595
52111
52120
52119
51395
52136
52154
52153
51396
52161
52162
51599
52169
51600
52176
51397
52183
51601
52190
52191
52184
52177
52170
52163
52155
52137
52121
52122
52123
52124
52125
52126
52127
52128
52144
52143
52142
52141
51597
52140
52139
52138
52156
52164
52171
52178
52185
52192
51602
52209
52219
52218
52208
52200
52199
52198
52197
51398
52205
51399
52215
51400
52225
52235
51604
52226
52216
52206
52207
52217
52227
52228
52229
52238
52237
52236
52246
52247
52248
52258
52268
52277
52276
51605
52267
52257
52256
52266
52255
52245
51401
52244
51402
52254
51403
52264
52265
52275
51606
52284
52302
52319
52301
52274
51404
52283
52300
52318
51405
52327
52338
52337
51406
52348
52359
52375
52389
52399
52409
51407
52426
51408
52435
51409
52444
51410
52453
51411
52462
51412
52471
51413
52479
51618
52480
52472
52473
52464
52465
52456
52455
52463
52454
52445
52446
52447
52436
52410
52411
52427
52428
52437
52438
52429
52414
52403
52393
51613
52363
51611
52362
52361
52377
52391
52378
52392
52402
52413
52412
52401
52400
51615
52390
51614
52376
51612
52360
51610
52349
52350
52340
52339
52328
52329
52320
51607
52303
52285
52286
52287
52288
52289
52290
52308
52307
52306
52305
52304
52321
52330
52341
52351
52352
51609
52364
52365
52379
52380
52381
52382
52366
52367
52368
52383
52420
52419
52418
52417
52416
52415
52430
52439
52448
52457
52466
52475
52484
52485
52486
52487
52488
52489
52490
52476
52467
52458
52449
52440
52431
52422
52421
52404
52394
52384
52369
52370
52353
52354
52343
52342
52331
52332
52333
52344
52355
52371
52356
52357
52347
52336
56731
52326
52325
52335
52346
52345
52334
52324
52323
52314
52315
52297
52296
52313
52322
51608
52312
52311
52310
52309
52291
52292
52293
52294
52295
52278
52269
52279
52280
52281
52298
52316
52317
52299
52282
56730
56729
52273
52272
52271
52270
52260
52259
52249
52250
52240
52239
52230
52231
52220
52221
52222
52223
52233
52232
52241
52242
52252
52251
52261
52262
52263
56728
56727
52253
52243
56726
56725
52234
52224
56724
56723
52214
52204
52196
52195
52194
51603
52202
52203
52213
52212
52211
52210
52201
52193
52186
52179
52172
52165
52157
52148
52147
52146
52145
52129
52130
52131
52132
52115
52107
52099
52092
52085
52078
52072
52065
51587
52058
52059
52066
52073
52079
52086
52093
52100
52108
52101
52094
52087
52080
52074
52067
52060
52061
52053
56708
56707
52047
52046
52052
52051
52045
52040
52022
52039
52038
52037
52020
52021
51998
51999
52000
51582
52007
51583
52023
52024
51584
52041
51585
52025
56706
52009
52008
52002
52003
51987
51970
51579
51964
51578
51576
51954
56705
56704
51948
51947
51953
51959
51946
51952
51958
51963
51969
51986
52001
51985
51984
51983
51982
51997
51996
51981
51980
51995
51994
51979
51978
51977
51976
51975
51974
51973
51966
51967
51968
51962
51961
51577
51956
51957
51951
51950
51944
51945
51940
51939
51924
51923
51907
51908
51903
51900
51897
51894
51569
51878
51879
51880
51881
51882
51883
51884
51885
51886
51887
51888
51889
51890
51891
51875
51872
51873
56700
56701
51876
51892
51895
51570
51571
51898
51901
51572
51904
51920
51919
51918
51917
51916
51915
51914
51913
51912
51911
51910
51909
51925
51926
51927
51928
51929
51930
51931
51932
51933
51934
51935
51936
51941
51942
51937
51573
51921
51905
56702
56703
51574
51575
46971
46396
46955
46950
46945
46395
46940
46394
46935
46393
46930
46392
46927
46928
46931
46932
46937
46936
46941
46942
46947
46946
46951
46956
46972
46397
46976
46981
46997
46398
47001
46399
47005
46400
47009
47014
47032
47033
46588
47049
47053
47052
46401
47068
47072
46402
47094
56709
52068
52075
56710
56711
52081
52088
56712
56713
52095
52102
56714
56715
52110
52109
52117
52116
51596
52133
52150
52149
51598
52158
52166
52167
52159
52151
52134
52118
56716
56717
52135
52152
52160
56718
52168
52175
56719
56720
52182
52181
52174
52173
52180
52187
52188
52189
56721
56722
46408
47251
46409
47262
46410
47273
46411
47284
47285
46609
47295
47296
47297
47308
47307
47306
46412
47305
47316
46413
47332
47343
47353
47354
47355
47344
46611
47334
47333
47317
47318
47319
47320
47310
47309
47298
47299
47289
47288
47287
47286
47276
47275
47274
47263
47264
47253
47252
47242
46607
47233
46407
46406
47223
47224
47234
47243
47244
47254
47265
47266
47277
47278
47267
47256
47255
47245
47246
47237
47236
47235
47225
47215
47214
47213
46405
46404
47203
47187
46403
47179
47180
47188
47204
47205
47189
47181
47174
47159
47190
47206
47207
47217
47216
47226
47227
47195
47194
47193
47192
47191
46605
46604
47160
47161
47162
47163
47164
47165
47166
47167
47168
46603
47175
47183
47182
47196
47197
47198
47199
47209
47208
47218
47219
47220
47230
47229
47228
46606
47238
47239
47248
47249
47250
47261
47260
47271
47272
51144
51145
47283
47294
51146
51147
47304
51148
47315
47331
47330
47329
46610
47312
47301
47291
47292
47302
47313
47314
47303
47293
47282
47281
47280
47269
47270
47259
47258
47247
47257
46608
47268
47279
47290
47300
47311
47328
47327
47326
47325
47324
47323
47322
47321
47337
47336
47335
47345
47356
47357
47346
47347
47358
47359
47360
47361
47362
47378
47377
47376
46613
47375
47374
47373
47391
47400
47401
46615
47402
47403
47404
47405
47406
47407
47408
46616
47415
47416
47424
47432
47448
46621
47447
47464
47463
46620
47446
47431
47423
47422
47430
47445
47444
47462
47478
47477
47461
47443
47442
47441
47440
47459
47460
47476
47475
47458
47457
47439
46619
47456
47455
47454
47453
47469
47470
47471
47472
47473
47474
46623
46624
46625
46626
46627
47551
47552
47553
47554
47555
47556
47557
47558
47570
47569
47568
47579
47595
47594
47593
47592
47591
46631
47618
47619
47620
47634
47635
47636
47637
47621
47622
47623
47606
47596
46630
47580
47581
47597
47607
47624
47640
47641
46632
47608
47598
47582
47571
47559
47541
47529
47530
47518
47517
47516
47528
47540
47527
47539
47538
47526
47514
47515
47503
47502
47490
47491
47479
46622
47480
47481
47482
47465
47449
47433
46618
47417
47410
47394
47393
47409
46614
47383
47382
47392
47381
47380
47379
47363
47364
47348
47338
47339
47349
46612
47365
47340
47350
47366
47384
47385
47367
47351
47341
47342
51149
51150
47352
51151
47368
47386
51152
47395
47411
47418
47425
51153
47434
47450
47466
47483
51154
51155
47495
47494
47493
47492
47504
47505
47506
47507
51156
51157
47519
47531
51158
51159
51160
47543
47542
46628
47560
47572
51161
51162
47583
47599
51163
51164
47609
47625
51165
51166
46633
47642
51167
41953
41962
41978
41996
42012
42028
42043
42055
42056
42068
42067
42080
42092
42110
42109
42108
42120
42135
42150
51178
51177
51176
46650
47863
47878
46652
47894
46653
47911
51179
51180
47920
47919
47918
47925
46656
47942
47959
47958
47957
46657
47941
47940
47939
47956
47955
47938
47937
47954
47953
47952
47936
47935
47934
47951
47950
47933
47923
47916
46654
47900
47901
47902
47884
47870
47853
47854
47855
47872
47871
47885
47886
47903
47904
47905
47906
47924
47917
47908
47907
47890
47889
47888
47887
47873
47856
47857
47874
47875
47858
47859
47842
47832
47831
47830
47829
47828
47827
47826
47810
47811
47812
47813
47814
47815
47816
47798
47799
47833
47843
47860
46651
47876
47891
47892
47909
47910
47893
47877
47861
47862
47844
47834
46648
47835
47845
47846
51175
51174
47836
47819
47820
51173
51172
47803
47802
47818
47817
46647
47800
47801
47790
47789
47778
47779
47769
47752
47753
46643
47770
47781
47780
47791
47792
51171
51170
51169
51168
46642
46641
47727
47736
47726
47717
47701
47718
47702
47684
47683
47668
47669
47651
47650
47649
47648
47647
47639
47638
47664
47663
47662
47661
47660
47633
47617
47616
47632
47646
47657
47672
46635
47656
47645
47630
47631
47615
47605
47590
47589
47588
47587
47602
47586
47575
47574
47585
47584
47573
47561
47562
47563
47564
47565
46629
47576
47577
47578
47567
47550
47566
47549
47537
47525
47524
47523
47511
47499
47500
47512
47513
47501
47489
47488
47487
47486
47498
47497
47510
47522
47534
47535
47536
47548
47547
47546
47545
46415
47544
47532
47520
47533
47521
47509
47508
47496
47484
47485
47468
47467
47451
47452
47436
47437
47438
47429
47421
47414
47399
47390
47372
47371
47370
47369
47387
47396
47397
47388
47389
47398
47413
46617
47420
47428
47427
47435
47426
46414
47419
47412
56732
56733
52358
52374
52388
56734
52398
52408
56735
56736
52425
52424
52407
52397
52387
52373
52372
52386
52385
52395
52396
52405
52406
51616
52423
52432
52441
52450
52451
52442
52433
52434
56737
56738
52443
52452
56739
56740
52461
52460
52459
52468
52469
52478
52470
56741
51617
52495
52494
52493
52477
52492
52491
52501
52509
52517
52533
52534
52518
52519
52511
52510
52502
52503
52504
56742
56743
52512
52520
56744
56745
52537
52554
52536
51621
52535
52552
52553
52569
52570
56746
52587
52586
52585
51624
52568
51623
52551
52550
52549
52567
52584
52583
52600
52601
51625
52618
52619
52602
52603
52620
52628
52638
52639
52629
52630
52640
52651
52641
52652
52663
52662
52661
52650
52649
52660
52671
52672
52683
52700
52682
51628
52699
52717
52718
52729
52728
52740
52741
52730
51631
52742
52753
52764
52775
51633
52792
52791
52790
52801
52800
52811
52822
52823
52812
52813
52802
52803
52814
52826
52837
52838
56764
52827
56763
56762
52816
52815
52804
52805
56761
52793
56760
56759
52776
52765
56758
56757
52754
52743
56756
52732
52731
52720
52719
52701
52684
52673
52674
52685
52702
52703
56755
56754
52686
56753
56752
52675
52664
56751
56750
52653
52642
56749
56748
52632
52631
52621
52604
52605
52622
56747
47670
46416
47652
47653
47643
47627
47626
47610
47600
47601
47611
47612
47613
47603
47604
47614
47629
47628
46634
47644
47654
47655
47671
47688
46637
47705
47689
47690
47691
47673
47658
47659
47674
47692
47693
47675
47676
47677
47695
47696
47678
47679
47680
47681
47665
47666
47667
47682
47700
47699
47715
47716
47725
47735
47734
47751
47750
47749
47766
47767
47768
47777
47788
47787
47776
47765
47764
47763
47762
47761
47744
47745
47746
47747
47748
47732
47733
47724
47723
47714
47698
47697
47713
46639
47712
47711
47694
47710
47709
47708
47707
47706
47722
47731
47742
47743
47760
47759
46644
47775
46645
47786
47785
47795
47808
47796
47797
47809
47825
47824
46649
47840
47841
47852
47869
47883
47882
47899
47898
47915
46655
47914
47897
47881
47866
47867
47868
47851
47850
47823
47807
47806
47794
46646
47784
47783
47772
47755
47738
47739
47756
47773
47774
47757
47758
47741
47740
47730
47721
47729
46640
47720
46638
47704
46636
47687
47686
47685
47703
47719
47728
47737
47754
47771
47782
47793
47804
47821
47837
47838
47805
47822
47839
47849
47848
47847
47864
47865
47880
47879
47896
47895
47912
47921
47928
47922
47913
47930
47929
47946
47945
46417
47962
47971
46658
47963
47947
47948
47931
47932
47949
47964
47972
47981
47990
47999
48008
48016
48025
48034
48043
46660
48066
48084
46662
48083
48065
48064
48054
48053
48052
48051
46661
48062
48063
48082
48081
48080
48098
48099
46664
48107
48114
46666
46667
48122
46668
48130
48147
48146
48145
48128
46426
48129
48121
48113
48120
48112
48105
48106
48096
48097
48079
48078
48061
46425
48050
48041
46424
48042
48033
48032
46423
48023
46422
48024
48015
46659
48007
48006
46421
47997
46420
47998
47989
47980
46418
47979
46419
47988
56766
56767
52897
52908
56768
56769
56770
52918
52907
52906
52895
52896
52885
52886
52875
52874
52863
52864
56765
52854
52853
52852
52836
52825
52824
52835
52851
51639
52834
52833
51638
52850
52849
52848
52847
52846
52845
52832
52821
52810
52799
51634
52783
52771
52784
52785
52786
52787
52788
52789
52772
52761
52762
52773
52774
52763
52752
52751
52750
52739
52727
52716
52715
52698
52714
52697
52696
52695
52694
52713
52712
52711
52710
51629
52726
51630
52738
51632
52748
52749
52760
52759
52770
52782
52781
52798
51635
52820
52831
52843
52844
52858
52869
52881
52892
52903
52913
52924
51644
52934
52943
52952
52962
52979
51646
52996
52980
52963
52964
52981
52982
52965
52966
52983
52984
52967
52968
52953
52944
52935
52925
52914
52904
52893
52882
52870
52859
52860
51642
52871
52872
52861
52862
52873
52884
52883
52894
52905
52915
52926
52936
52945
52946
52947
52938
52937
52927
52916
52917
52928
52929
51645
56771
56772
56773
52973
52956
52955
52954
52971
52972
52990
52991
53001
53000
53015
53016
56774
56775
56776
53045
53061
53060
53078
56777
56778
53095
53108
56779
56780
53121
53134
56781
56782
53151
53165
56783
56784
53179
53194
53193
53206
53205
53222
53223
53207
51660
56785
56786
56787
53272
53285
56788
56789
53298
53297
53315
53316
51665
53332
53314
53296
53283
53284
53271
53256
53239
53238
53237
53221
53204
53203
53190
53175
53161
53160
53174
53173
53188
53189
53202
53219
53220
51661
53236
53254
53255
53270
53269
53282
53295
53313
51664
53330
53331
53348
53360
53361
53349
53350
56790
53378
53377
53395
53412
53394
53393
53411
53427
53428
53429
53444
53445
53430
53413
53396
56791
56792
53446
51668
53454
51669
53470
53471
56793
56794
48452
46432
48457
48463
48462
48479
48485
46433
48501
48502
48486
48487
48503
48504
48488
48481
48480
46696
48464
48458
48465
48459
48454
48453
46694
48437
48420
48403
48397
48396
48402
48419
48436
48435
48418
48401
48395
48390
48385
46431
48380
48363
48356
48350
48332
48325
48326
48334
48333
48351
48357
48364
48358
48365
46689
48381
48386
46690
48391
46691
48404
48421
48438
48439
48422
48405
48406
48407
48424
48423
48440
48441
48442
48425
48408
48409
48426
48443
48444
48445
48446
48429
48428
48427
48410
48411
48412
48413
48430
48447
48448
48449
48455
48460
48476
48475
48474
48473
48472
48471
48494
48495
48510
48509
48508
48507
48506
48491
48492
48493
48470
48469
48468
48467
48466
48490
48489
46698
48505
48521
48528
48534
48540
48539
48533
48538
46700
48532
46699
48525
48526
48527
48520
48519
48518
46434
48517
46435
48524
48531
48537
48543
48549
46704
48555
48556
46705
48563
48564
48557
48551
48550
46702
48544
46701
48545
48546
48552
48558
48565
48572
48580
48588
48587
48579
48571
48578
48570
48562
46436
48569
46437
48577
46438
48585
46707
48586
48593
48594
48595
48603
48602
48601
48610
48611
48625
48626
48634
46709
48633
48641
48658
48657
48675
48676
48694
48695
48677
48659
48660
48678
48661
48662
48663
48664
48646
48645
48644
48643
48642
48635
48627
48612
48613
48614
48615
48616
48617
48618
48619
48620
48604
48596
48589
48581
48573
48566
48559
48553
48547
48541
48535
48529
48522
48512
48511
48496
48497
48513
48514
48498
46697
48482
48483
48477
48461
48456
48450
48433
48432
48431
48414
48415
46692
48398
48399
48416
48434
46693
48451
46695
51216
51215
51214
48417
48400
51213
51212
48394
48389
51211
51210
48384
48383
48388
48393
48392
48387
48382
48378
48360
48361
48379
46688
51209
48362
48355
48349
48348
46685
48354
48353
46687
48377
48376
48375
48374
48373
48372
48371
48370
48369
48368
48367
48366
48359
46686
48352
46684
48335
48336
48337
48338
48339
48340
48341
48342
48343
48344
48345
48346
48347
48329
48330
48331
51208
51207
48324
48307
51206
51205
48290
48289
48306
48323
48322
46682
48305
46681
48288
48281
48282
48283
51204
51203
48276
46678
48260
51202
48253
48252
48234
48235
48236
46676
51201
51200
51199
48227
48226
48217
48218
48201
48184
48183
48200
48216
48225
48215
48214
48196
48195
48194
48193
48192
48191
48190
48207
48208
48209
48210
48211
48212
48213
48224
48233
48251
48250
48249
48248
48247
48246
48245
48244
48243
48242
48241
48240
48257
48256
48264
48265
48266
48267
48268
48269
48270
48271
48272
48273
48258
48259
48275
48274
48304
48328
48321
48320
48319
48303
48302
48301
48318
48317
48316
48300
48299
48298
48315
48297
48314
48313
48327
46683
48311
48312
48296
48295
48287
46680
48280
48279
48294
48293
48310
48309
48308
48292
48291
48284
48285
48286
48278
46679
48263
48262
48277
48261
48254
48237
48228
46430
48219
46429
48202
46428
48185
46427
48186
48178
48177
48169
48161
48170
48162
48163
48171
48179
48187
48188
48205
48204
48221
48203
48220
48229
48238
48255
46677
48239
48230
48231
48222
48232
48223
46675
48206
48189
46674
48180
46673
48172
46672
48164
46670
48148
46669
48131
48132
48133
48134
48149
48150
48151
48135
48136
48152
48153
48137
48138
48154
48155
48156
48165
48173
48181
48197
48198
48199
48182
48174
48175
48167
48166
46671
48157
48158
48142
48141
48140
48139
48123
48124
48125
48126
48118
48117
48116
48115
48108
48109
48110
48102
48101
48100
46663
48090
48091
48073
48056
48072
48089
48088
48087
48086
48085
48067
48068
48069
48070
48071
48055
48044
48035
48026
48017
48009
48000
47991
47982
47983
47992
47993
48002
48001
48010
48018
48019
48011
48012
48003
48004
47995
47994
47984
47975
47974
47973
47965
47966
47967
47968
47976
47985
47986
47977
47969
47960
47943
47926
47927
51181
51182
47944
47961
51183
51184
47970
47978
51185
51186
47987
47996
51187
51188
48005
48014
51189
51190
48022
48021
48013
48020
48029
48028
48027
48036
48045
48046
48037
48038
48047
48048
48049
48040
48039
48030
48031
51191
51192
51193
51194
48060
48077
48076
48075
48059
48058
48057
48074
48092
48093
48094
48095
48104
46665
48103
48111
48119
51195
51196
48127
48143
48144
48160
48159
48168
48176
51197
51198
42487
42488
42475
42474
42457
42444
40883
42431
40882
42419
42407
42394
40881
42381
42363
42347
42330
42320
40880
42306
42307
42296
40879
42287
41080
42277
40878
42267
40877
42257
40876
42247
42238
41077
42229
42220
42211
42202
42193
42183
42173
42162
42163
42164
42151
41066
42136
41064
42121
41062
42122
42111
41059
42095
42096
42084
42083
42072
42071
42070
42082
42094
42093
41058
42081
41057
42069
42057
42044
41051
42029
41049
42014
42013
41997
41979
41963
41954
41955
41964
41965
41966
41967
41983
41982
41981
41980
41998
41999
42015
42030
42045
41053
42058
42046
42031
41050
42016
42000
42001
42002
42017
42018
42032
42047
42059
42073
42085
41055
42060
42048
42033
42034
42035
42036
42021
42006
42020
42019
42004
42005
41987
41986
41985
42003
41984
41968
41957
41947
41937
41927
41917
41918
41928
41938
41948
41958
41969
41970
41971
41972
41988
41973
41974
41990
41989
42007
42008
42009
41991
41992
42010
42025
42011
41993
41975
41046
41959
41949
41047
41976
41994
41048
41995
41977
41961
41952
46199
41941
41940
41951
41960
41045
41950
41939
41043
41042
41929
41919
41909
41910
41920
41930
41931
41921
46198
41911
46197
46196
41901
41900
41899
41040
41898
41882
41866
41867
41039
41883
41884
41885
41869
46195
46194
41835
41852
41868
41038
41851
41037
41834
41036
41823
41824
46193
41813
41798
46192
41030
41782
41797
41812
41811
41810
41796
41031
41781
41029
41765
41764
41763
41780
41795
41809
41821
41822
41833
41832
41850
41849
41848
41865
41864
41847
41846
41863
41862
41879
41880
41881
41897
41896
41895
41894
41893
41908
41907
41041
41892
41891
41875
41874
41857
41856
41839
41838
41855
41854
41871
41872
41873
41890
41906
41916
41926
41925
41915
41905
41889
41888
41904
41913
41914
41924
41923
41933
41934
41935
41936
41946
41044
41956
41945
41944
41943
41942
40875
41932
40874
41922
40873
41912
40872
41902
41903
41887
41886
41870
41853
41836
41837
41826
41827
41828
41817
41802
41803
41818
41829
41840
41841
41858
41859
41876
41877
41878
41861
41845
41844
41860
41843
41842
41830
41035
41831
41820
41819
41034
41804
41032
41789
41788
41787
41786
41771
41772
41773
41774
41775
41790
41033
41805
41791
41776
41777
41792
41806
41807
41808
41794
41779
41793
41778
41760
41759
41743
41729
41024
41728
41727
41027
41742
41758
41757
41028
41756
41755
41754
41770
41785
41801
41816
41815
41825
41814
41799
41783
41800
41784
41769
41768
41753
41737
41721
41738
41739
41740
41741
41725
41726
41716
41715
41714
41706
41705
41704
41713
41724
41723
41722
41712
41711
41703
40871
41686
40870
41023
41687
41680
41681
41688
41689
41690
41691
41692
41693
41694
41695
41696
41697
41707
41717
41733
41732
41731
41730
41744
41745
41761
41762
41746
41747
41748
41749
41734
41025
41718
41750
41766
41767
41751
41752
41736
41735
41026
41719
41720
41710
41701
41702
46191
46190
46189
41678
46188
41660
41677
41685
41684
41683
41699
41700
41709
41708
41698
41682
41674
41675
41676
41659
41658
41651
41645
41638
41631
41624
41618
41611
41604
41596
41588
41597
41605
41612
41619
41625
41632
41639
41646
41652
41022
41653
46187
46186
46185
46184
46183
46182
46181
41598
41019
41590
41589
41581
41582
46180
41583
41566
41550
41532
41533
46179
46178
46177
46176
41526
41525
41524
41531
41549
41565
41564
41580
41579
41578
41587
41595
41603
41610
41617
41623
41630
41637
41644
41650
41657
41673
41672
41671
41670
41669
41668
41667
41666
41665
41664
41656
41655
41663
41662
41679
40869
41661
41654
40868
41647
41641
41640
40867
41633
40866
41626
40865
41627
41634
41628
41635
41642
41021
41648
41649
41643
41636
41629
41622
41621
41620
41020
41614
41613
40864
41606
40863
41607
41608
41615
41616
41609
41602
41594
41586
41569
41568
41567
41018
41584
41585
41593
41601
41600
41592
40861
41591
40862
41599
51143
47241
47240
47231
47232
51142
51141
51140
47212
47222
47221
47211
47210
47200
47184
47185
47201
47202
47186
51139
47178
47177
47176
47169
46601
47152
47146
47145
47144
47143
47142
47141
47140
47139
47138
47137
47136
47120
47121
47122
47123
47124
47125
47126
47127
47128
47129
47130
47131
47147
47153
47170
47171
51138
51137
47154
47148
47133
47132
47116
47112
46594
47107
47108
47103
47102
47097
47091
47092
47098
47099
47104
47109
47113
47117
51136
51135
51134
51133
51132
47093
47088
47071
51131
46589
51130
51129
47031
47048
47051
47050
47066
47067
47069
47070
47087
47086
47085
47084
47083
47082
47081
47080
47079
47078
47077
47076
47075
47090
47096
47101
47106
47111
47115
47119
46597
46599
47135
46600
47151
47158
47157
47173
47172
46602
47156
47155
47149
47150
47134
46598
47118
46596
47114
46595
47110
46593
47105
46592
47100
46591
47095
47089
46590
47073
47074
47054
47055
47056
47057
47058
47059
47060
47061
47062
47063
47064
47065
47045
47046
47047
47029
47030
47012
47011
47028
47027
47026
47044
47043
47042
47025
47024
47023
47041
47040
47022
47021
47039
47038
47037
47020
47019
47018
47036
47035
47034
47017
47016
47015
47010
47006
47002
46998
46982
46977
46973
46978
46983
46984
46584
46985
46986
46987
46988
46989
46990
46991
46992
46993
46994
46995
46585
46999
46996
46582
46980
46979
46974
46975
46970
46969
46968
46967
46966
46965
46964
46963
46962
46961
46960
46959
46958
46957
46581
46952
46953
46948
46580
46579
46943
46938
46933
46934
51122
51123
46939
46944
46949
46954
51124
51125
51126
51127
46583
47000
47004
47003
46586
46587
47007
47008
47013
51128
40852
41364
41381
40853
40854
40855
41417
41006
41414
41411
41395
41005
41383
41384
41003
41365
41002
41347
40851
40850
40849
41001
41000
40999
40998
40848
40847
40997
40996
40846
40845
41318
41319
41320
41321
41322
41323
41324
41325
41326
41327
41328
41329
41330
41331
41332
41333
41334
41335
46150
46149
46148
46147
46146
46145
35416
35417
35418
35419
35420
35421
35422
35423
35424
35425
35426
35427
35428
35429
35430
35431
35609
35918
35919
35920
35921
35922
35923
35924
35925
35926
35927
35928
35929
35930
35931
35932
35933
35951
35950
35949
35948
35947
35946
35945
35944
35943
35942
35941
35940
35939
35938
35957
35958
35611
35959
35960
35961
35962
35963
35964
35965
35966
35967
35968
35969
35970
35971
35972
35975
35978
35614
35613
35612
35976
40624
35973
35954
35955
40623
40622
35952
35610
35935
40621
40620
40619
40618
40617
40616
40615
40614
40613
40612
40611
40610
40609
40608
40607
40606
40605
40604
40603
826
825
824
823
822
821
820
819
818
817
816
815
814
813
812
811
810
809
808
807
806
805
804
803
802
801
800
799
798
797
796
795
794
793
792
791
790
789
788
40841
40842
40843
40844
51118
51119
51120
51121
46920
46574
46926
46929
46578
46576
46923
46919
46916
46572
46899
46571
46882
46881
46880
46879
46878
46896
46897
46898
46915
46914
46913
46912
46911
46895
46894
46877
46876
46875
46874
46893
46910
46909
46892
46891
46908
46907
46890
46873
46872
46871
46870
46869
46886
46887
46888
46889
46906
46905
46904
46577
46575
46573
46903
46902
46885
46868
46867
46884
46901
46918
46922
46925
46924
46921
46917
46391
46900
46883
46866
56696
51861
51863
56697
56698
51865
51568
51867
56699
51870
51869
753
754
755
756
757
758
759
604
760
761
762
763
764
606
765
766
767
768
769
770
771
772
773
774
775
776
777
778
779
780
781
782
783
784
785
786
787
607
609
827
828
829
830
831
832
833
834
835
836
837
838
839
840
841
842
843
844
845
846
847
610
848
849
850
851
852
853
854
855
856
857
858
859
860
861
862
863
864
865
866
867
868
612
869
870
871
872
873
874
875
613
876
877
878
879
880
881
882
883
884
885
886
887
888
889
890
891
892
893
894
895
896
897
614
898
899
900
901
902
903
904
905
906
907
908
909
910
911
912
913
914
915
916
917
616
918
919
920
921
922
923
924
925
926
927
928
929
930
931
932
933
934
935
936
937
938
939
940
941
942
943
944
945
946
947
948
949
950
951
952
953
954
955
956
957
958
959
960
961
962
963
964
965
966
967
968
969
970
971
972
973
974
975
976
977
978
979
980
981
982
983
984
985
986
987
988
989
990
991
992
993
994
995
996
997
998
999
1000
1001
1002
1003
1004
1005
4211
4212
2151
4213
2231
2232
4214
4215
2233
2234
4216
4217
2235
2236
4218
4219
2237
2238
4220
4221
2239
2240
4222
4223
2241
2242
4224
4225
2243
2244
4226
4227
2245
2264
4228
2266
2263
2262
2261
2260
2259
2258
2257
2256
2255
2254
2253
2252
2251
2250
2249
2248
2247
2246
1842
1841
1840
1839
1838
1837
1836
1835
1834
1833
1832
1831
1830
1829
1828
1827
1826
1825
1824
7288
7289
7290
7291
7292
7293
7294
7295
7296
7297
7298
7299
7300
7301
7302
7303
7304
7305
7306
7307
7308
4979
4980
4981
4982
4983
4984
4985
4986
4987
4988
4989
4990
4991
4992
4993
4994
4995
7309
7310
7311
7312
7313
7314
7315
7316
7317
7318
7319
7320
7321
7322
7323
7324
7325
7326
7327
7328
7329
7330
7331
7332
7333
7334
7335
7336
7337
7338
7339
7340
5010
5011
5012
5013
7341
7342
7343
7344
7345
7346
7347
7348
5033
5032
5031
5030
5029
5028
5027
5026
5025
5024
5023
5022
5021
5020
5019
5018
5017
5016
5015
5009
5008
5007
5006
5005
5004
5003
5002
5001
5000
4999
4998
4997
4996
4642
4643
4644
4645
5014
4646
4647
4648
4859
5035
5036
4860
4861
5037
5038
5039
5040
5041
5042
5043
5044
5045
5046
5047
5048
5049
5050
5051
5034
7349
7350
7351
7352
7353
7354
7355
7356
5119
5118
5117
5100
5099
5116
5115
5098
5081
5082
5083
5084
5101
5102
5085
5068
5067
5066
5065
5064
5063
5062
5061
5078
5079
5080
5097
5114
5113
5096
5095
5112
5111
5094
5093
5110
5109
5108
5107
5090
5091
5092
5075
5076
5077
5060
5059
5058
5057
5056
5074
5073
5072
5055
5054
5071
5070
5053
5052
5069
5086
5087
5104
5105
5088
5089
5106
4862
5132
5131
5130
5129
5128
5148
5149
5150
5151
5169
5168
5167
5166
5165
5181
4864
5164
5146
5147
5142
5127
5124
5123
5122
5121
5103
5120
4649
4650
4651
5126
5125
4652
5145
5163
5184
5201
5202
5185
5186
5203
4865
5219
5222
5218
4653
5221
4654
5225
5229
5226
5227
5223
5204
5187
5188
5205
5206
5189
5190
5207
5208
5191
5171
5170
5152
5153
5154
5172
5173
5174
5175
5176
5158
5157
5156
5155
5133
5134
5135
5136
5137
5138
5139
5140
4863
5143
5141
7357
7358
7359
7360
7361
5144
5162
5161
5160
5159
5177
5198
5197
5196
5195
5194
5193
5192
5209
5210
5211
5212
5213
5214
5215
5216
5220
5224
5228
5244
5243
5242
5241
5240
5239
5238
5237
5236
5235
5234
5233
5232
5231
5230
4866
5246
5247
4867
5251
4869
5267
4871
5272
5278
5277
5276
4655
4656
5303
5304
5305
5297
5291
5292
5298
5308
5307
5306
5323
5324
5325
5326
5327
5309
5310
5311
5328
5329
5312
5313
5330
5331
5314
5315
5316
5299
5293
5288
5287
5286
5285
5284
5283
5282
5281
5280
5279
5273
5268
4868
5252
5253
5254
5255
5256
5257
5258
5259
5260
5261
5262
5263
5248
5245
5217
5200
5199
5182
5178
5179
5180
5183
7362
7363
7364
7365
7366
7367
7368
7369
5249
5265
5264
4870
5270
4872
4874
7370
5296
5295
5290
5275
5269
5274
4873
5289
5294
5300
5301
5302
7371
7372
7373
7374
5342
7375
7376
7377
7378
7379
7380
7381
5410
5417
5423
5430
5429
5422
5416
5409
5402
5403
5396
5389
5383
5376
5359
5341
5336
5319
5318
5317
5334
5333
5332
5355
5354
5371
5372
5373
5356
5339
5335
5340
5358
5357
5374
5375
5382
5388
5395
5381
5387
5394
5401
5408
5415
5421
5428
5445
5452
5444
5443
5442
5441
5440
5439
5438
5437
5436
5435
5451
5450
5449
5433
5434
5427
5426
5425
5418
4877
5412
5405
5398
5391
5384
4876
5378
5379
5380
5385
5392
5399
5406
5413
5419
5420
5414
5407
5400
5393
5386
4875
5365
5366
5367
5368
5369
5370
5353
5352
5351
5350
5349
5348
5347
5364
5363
5362
5345
5346
5338
5337
5322
5321
5320
4657
5343
5344
5361
5360
5377
4658
5390
4659
5397
4660
5404
4661
5411
4662
5424
5432
5431
4663
5448
5456
5473
5474
5457
5458
5475
4880
5483
5493
5504
5503
5492
5502
5491
4664
5482
11188
11189
11190
11191
8668
7936
8651
7935
8634
7934
8617
8609
8590
8591
8575
11187
11186
8567
8558
7929
8541
11185
11184
8532
11183
11182
8524
8523
8515
11181
11180
8506
8505
8514
8513
8512
8503
8504
8496
8495
8487
8479
8471
8463
8472
8473
8481
8480
8488
8489
8497
7927
11179
11178
11177
11176
8457
8441
8434
8433
8432
8439
8440
8456
8465
8464
8455
8454
8453
8452
8451
8450
8449
8448
8447
8446
7921
8445
7920
8444
7922
8460
7923
8468
7924
8476
8469
8461
8462
8470
8478
8477
8485
8486
8494
8502
8511
8520
8519
8527
8526
8518
8509
8510
8501
8493
8500
8492
7926
8484
8483
8482
7925
8475
8467
8459
8474
8466
8458
8442
8443
8435
7708
7707
8428
8421
7706
7918
8390
8389
8385
7705
8381
7704
8377
7703
8361
8362
8363
8364
8365
8378
8382
8386
8391
7917
8406
8423
8405
8422
8429
8436
8437
8438
8430
8431
8424
8407
8408
8409
8410
8411
8412
8413
8397
8396
8395
8394
8393
8392
8367
8366
8359
8356
7912
7911
7910
7909
7908
8309
8310
8292
8291
8285
8290
8308
8307
8289
8284
7700
8280
8277
8274
8259
7699
8255
8251
7698
8234
8230
7697
8226
8221
7696
8204
8187
8182
8178
8174
8159
7695
8155
7694
8152
8153
8156
8160
7893
8175
7895
8179
8183
8188
8189
7897
8176
8180
8184
8191
8190
8207
8206
8205
8222
7899
8208
8209
8192
8193
8194
8195
8196
8197
8198
8199
8200
8201
8218
8217
8216
8215
8214
8213
8212
8211
8210
8223
8227
8231
8237
8236
8235
7901
8260
7903
7905
7907
8275
8278
8281
8286
8293
8294
8295
8296
8297
8315
8314
8313
8312
8311
8326
8330
8334
8338
7913
8342
8343
8344
8345
8346
8347
8348
8349
8350
8368
8369
8370
8371
8372
8373
8374
8375
8379
8383
8384
8388
8387
8401
8400
8399
8398
8414
8415
8416
8417
7919
8425
8418
8402
8403
8419
8426
11175
11174
8427
8420
8404
11173
5271
5266
5250
11170
11171
11172
8380
8376
7916
8360
8357
8352
8351
8339
8353
7915
7914
8354
8340
11169
11168
8336
8335
8331
8332
11167
11166
8324
8328
8327
8323
8322
8321
8320
8319
8318
8317
8316
8298
8299
8300
8301
8302
8303
8304
8305
8306
8287
8282
8283
8288
11165
11164
8279
7906
7904
8272
8276
8273
8258
11163
11162
11161
11160
11159
8229
8233
7900
8250
8254
8253
8257
8271
8270
8269
8268
8267
8266
8265
8264
8263
8262
8261
7902
8256
8252
8238
8239
8240
8241
8242
8243
8244
8245
8246
8247
8248
8249
8232
8228
8224
8225
11158
11157
7898
8220
8219
8202
8203
8185
8186
11156
11155
8181
7896
8177
8173
11154
8158
8172
7894
8171
8170
8169
8168
8167
8166
8165
8164
8163
8162
8161
7892
8157
8154
7890
8151
7888
7886
7887
8136
8137
8138
8139
8140
8141
8142
8143
8144
8145
8146
8147
7891
7889
8148
11153
4641
4640
4639
4638
4637
4636
4635
4634
4633
4632
4631
4630
4629
4628
4627
4626
4625
4624
4623
4622
4621
4620
4619
4618
4617
4616
4615
4614
4613
4612
4611
4610
4978
4609
4608
4607
4606
4605
4604
4603
4602
4601
4600
4599
4598
4597
4596
4595
4594
4593
4592
4591
4590
4589
11100
11101
11102
11103
11104
11105
11106
11107
11108
11109
11110
11111
11112
11113
11114
11115
11116
11117
11118
11119
11120
8071
8072
8073
8074
8075
8076
8077
8078
8079
8080
8081
8082
11121
11122
11123
11124
11125
11126
11127
11128
11129
11130
11131
11132
11133
11134
11135
11136
11137
11138
11139
11140
11141
11142
11143
11144
11145
11146
11147
11148
11149
11150
11151
11152
8132
8131
8130
8129
8128
8127
8126
8125
8124
8123
8122
8121
8120
8119
8118
8117
8116
8135
8150
8149
8134
8133
7693
8115
8114
7692
8113
7691
8112
7690
8111
7689
8110
7688
8109
7687
8108
7686
8107
7685
8106
7684
8105
7683
8104
7682
8103
7681
8102
7680
8101
7679
8100
7678
8099
7677
8098
7676
8097
7675
8096
7674
8095
7673
8094
7672
8093
7671
8092
7670
8091
7669
8090
7668
8089
7667
8088
7666
8087
7665
8086
7664
8085
7663
8084
7662
8083
7661
8070
8069
8068
8067
8066
7660
7659
7658
7657
7656
7655
7654
7653
7652
7651
7650
7649
7648
7647
7646
7645
7644
7643
7642
7641
7640
7639
15233
15234
15235
15236
15237
15238
15239
15240
15241
15242
15243
15244
15245
15246
15247
15248
15249
15250
15251
15252
15253
15254
15255
15256
15257
15258
15259
15260
15261
15262
15263
15264
15265
15266
15267
15268
15269
15270
15271
15272
15273
15274
15275
15276
15277
15278
11894
11892
11891
11890
11889
11888
11887
11886
11885
11884
11896
15279
15280
11898
11899
15281
15282
11901
11903
15283
15284
11905
11907
15285
15286
11909
11927
11930
15287
15288
11933
11937
15289
15290
11941
11956
11972
15291
11978
11984
15292
15293
12009
15294
11653
15295
12032
12031
12023
12016
12008
12007
12015
12022
12030
11655
12055
12038
12056
11656
12039
12040
15296
12057
11657
15297
12073
12072
12065
12064
12071
12087
11659
12070
12063
12054
12053
12052
12051
12050
12049
12048
12047
12062
12069
12080
12081
12082
12083
12084
12085
12100
12099
12098
12097
12114
12115
12116
12117
12118
12119
12101
12086
12102
12103
12104
12121
12120
12126
12127
12135
12136
12128
12129
12122
11661
12105
11660
12088
15298
15299
15300
15301
12137
12155
12164
12163
12154
12153
12152
12134
12151
11665
12161
12162
12178
12179
12180
15302
8325
8329
8333
8337
8341
7701
8355
7702
8358
15307
12252
12251
12236
12224
15306
15305
12213
12202
15304
15303
12191
12190
12189
12200
12201
12212
12223
12235
12234
12250
12262
12278
12279
12263
12264
12281
12280
12295
12310
12309
12294
12293
12308
12326
12327
12340
12339
12338
11676
12324
12323
12305
12304
12289
12290
12291
12306
12325
12307
12292
12277
12276
12275
12259
12246
12245
12244
12243
12242
12229
12218
12207
12196
12185
12171
12172
12173
12174
12175
12186
12197
12208
12219
11668
12230
12231
12247
12248
12260
12261
12249
12233
12232
12220
12209
12210
12221
12222
12211
12199
12198
12187
12188
12177
12176
11666
12150
12149
12148
12147
12146
12145
12144
12160
11664
12143
12142
12141
12159
12158
12140
12139
12157
12166
12167
12168
12169
12170
12184
12183
12182
12193
12194
12195
12206
12217
12216
12205
12204
12215
11667
12226
11669
12238
12239
12227
12228
11670
12240
12241
12257
12270
12285
11672
12269
12268
11671
12256
12255
12254
12267
12266
12283
12298
12297
12282
11487
12265
11486
12253
11485
12237
12225
12214
11484
12203
11483
12192
11482
12181
11481
12165
12156
12138
12131
12130
12123
12106
12107
12108
11662
12124
12132
12109
12092
12093
12110
11663
12133
12125
12111
12112
12113
12096
12095
12094
12079
12078
12077
12076
12068
12067
12075
12091
12090
12089
12074
12066
12059
12058
11480
12041
12033
12024
11479
12017
12010
12002
12003
11986
11985
11979
11478
11973
11477
11957
11476
11942
11938
11475
11934
11474
11931
11645
11932
11936
11935
11939
11940
11944
11943
11648
11958
11974
11980
11987
12004
11651
12011
11652
12018
12025
12034
12042
12043
12035
12026
12019
12012
11988
11989
11649
12005
12013
12020
12028
12027
12036
12044
12060
12061
11658
12045
12046
11654
12037
12029
12021
12014
12006
11992
11993
11994
11995
11996
11997
11998
11999
11650
12000
12001
11983
11977
11955
11954
11971
11970
11969
11968
11967
11966
11965
11964
11963
11962
11976
11982
11991
11990
11981
11975
11960
11959
11945
11961
11646
11647
11946
11947
11948
11949
11950
11951
11952
11953
11926
11925
11924
11923
11922
11921
11920
11919
11918
11917
11916
11915
11914
11644
11913
11912
11911
11929
11928
11910
11908
11473
11906
11472
11904
11471
11902
11470
11900
11469
11643
11897
11468
11895
11467
11893
11466
11876
11877
11878
11879
11880
11881
11882
11883
11642
11465
11464
11463
11462
11461
11460
11459
11458
11457
11456
11455
11454
11453
11452
11451
11450
11449
11448
11447
11446
11641
11875
11445
11874
11444
11873
11443
11872
11442
11871
11441
11870
11440
11869
11439
11868
11438
11867
11437
11866
11436
11865
11435
11864
11434
11863
11433
11862
11432
11861
11431
11860
11430
11859
11429
11858
11428
11857
11427
11856
11426
11855
11425
11854
11424
20236
20237
20238
20239
20240
20241
20242
20243
20244
20245
20246
20247
20248
20249
20250
20251
20252
20253
20254
20255
20256
20257
16064
16063
15550
15549
16061
16062
16060
16058
16057
16059
15548
15547
15546
16055
16056
16054
16053
15545
15544
15543
15542
16047
16049
16051
16052
16050
16048
16046
16045
15541
15540
16043
16044
16042
16040
16038
16036
16034
16032
16030
16029
16031
16033
16035
16037
16039
16041
15539
15538
15537
15536
15535
15534
15533
15532
16027
16028
16026
16024
16022
16021
16023
16025
15531
15530
15529
25141
25142
25143
25144
25145
25146
25147
25148
25149
25150
25151
25152
25153
25154
25155
25156
25157
25158
25159
25160
25161
25162
15552
16085
16087
15553
15554
15555
15556
15557
16095
16097
15558
15559
16099
16101
15560
15561
16103
16105
15562
15563
16107
16109
15564
15565
16111
15566
16113
16114
16112
16110
16108
16106
16104
16102
16100
16098
16096
16094
16092
16093
16091
16089
16090
16088
16086
16084
16083
15551
16065
16066
16067
16068
16069
16070
16071
16072
16073
16074
16075
16076
16077
16078
16079
16080
16081
16082
20258
20259
20260
20261
20262
20263
20264
20265
20266
20267
20268
20269
20270
20271
20272
20273
20274
20275
20276
20277
20278
20279
20280
20281
20282
20283
20284
15753
20285
16148
16164
20286
16172
16168
16163
16162
16161
16160
16159
16158
16157
16156
16155
16154
16153
16152
16151
15754
16167
16170
15755
16174
16208
16209
16192
15757
16175
16176
16177
16193
16194
16178
16195
16179
16180
16181
16196
16197
16198
16182
16183
16199
16200
16184
16185
16201
15759
16220
16226
16232
16233
16227
16221
16215
16210
16204
16203
16202
16186
16187
16188
15756
16171
16189
16190
16206
16205
15758
16211
16216
20287
16222
15760
16228
16234
15761
15762
16240
16247
20288
20289
16254
16261
20290
20291
16268
16274
15763
16267
16260
16259
16252
16253
16246
16245
16239
16238
16244
16251
16258
16265
16266
16273
16272
16278
16279
16285
16300
16301
16302
16286
16280
20292
20293
20294
16309
15766
20295
16322
16329
20296
20297
16336
16353
16354
16370
16388
16405
16404
15769
16415
16432
16431
16430
16439
16438
16447
16446
16437
15772
16427
16426
16425
16424
16423
16422
16421
15771
16420
15770
16410
16419
16436
16435
16418
16409
16391
16408
16407
16417
16434
16444
16443
16451
16452
16445
16453
16470
16454
16455
16456
16457
16473
16472
16471
15778
16493
16508
16515
16523
16531
16539
16547
16556
16565
16574
15783
16582
16593
16594
16595
16616
16617
16618
16619
16620
16621
16596
16597
16598
16599
16600
16607
16608
16601
16583
16575
16584
16585
16602
16609
16610
16603
16586
16577
16576
16567
16566
16557
16558
16550
16549
16548
16540
16532
16533
16541
16542
16534
16526
16525
16524
16516
16517
16518
16511
16510
16501
16500
16509
16499
16498
16497
16476
16475
16496
16495
16494
16474
16458
16459
16460
16461
16477
16478
16462
16463
16479
16486
16487
16480
15775
16464
15774
16448
16449
16440
16441
15773
20298
20299
16489
15776
16481
16465
16488
16502
16503
16504
15779
20300
16519
16527
20301
20302
16535
15780
16543
20303
20304
20305
16570
16561
16552
16551
16560
16559
16568
16569
15782
16578
20306
16587
16604
16611
20307
12422
11490
12437
12438
11683
12453
12469
11491
12468
11492
12484
11493
12500
11494
12516
12517
11684
12532
12533
12534
12535
12520
12519
12518
12501
12485
12470
12454
12439
12423
11682
12424
12440
12441
12425
12410
12411
12395
12379
12380
12381
12396
12412
12427
12426
12442
12443
12458
12457
12456
12455
12471
12487
12486
12502
12503
12504
12488
12472
12473
12489
12474
12490
12506
12505
12521
12522
12537
12536
12553
12552
12551
12550
12549
12565
12564
12548
11495
12547
11496
12563
11497
12579
12580
12581
12597
12613
12612
12596
12595
12611
12629
12644
12660
11498
12677
12678
12661
12662
12663
12680
12679
12696
12697
12714
12730
12729
12713
12712
12695
12694
12711
11499
12727
12728
11500
12742
12759
11501
12776
12777
12760
12743
12744
12761
12778
12779
12795
12780
12781
12796
12797
12812
12811
12810
12809
12794
12793
12792
12808
12822
12821
12807
12791
11502
12806
11503
12820
11504
12837
12838
12839
12840
12823
12824
11701
12841
12825
12826
12842
12843
11702
12844
12827
11700
12813
12782
12783
12798
12799
12800
12828
12845
12846
12829
12830
12831
12849
12848
12847
11703
12873
12872
12889
12890
12902
12914
12915
12927
12939
12950
12966
12982
12983
12984
11712
13001
11714
13011
13012
13002
11713
12985
12969
12953
12942
12930
12918
11709
12905
12906
12896
12907
12919
15328
12931
11710
15329
12954
12971
12970
12986
12987
13003
13013
13030
13029
13028
13027
13037
13047
13048
13038
13039
13049
13040
15330
15331
13050
13067
13076
11718
13066
13065
13064
13074
13075
13091
13102
13112
13092
13093
15332
13103
13113
15333
15334
13123
13140
13139
13122
13138
13156
13155
13137
13121
13111
13101
13090
13089
13088
13100
13099
13109
13110
13120
13119
13134
13152
13133
13132
13131
13130
13148
13147
13129
13128
13118
13117
13107
13108
13098
13097
13080
13079
13078
13069
11717
13053
13052
13051
13041
13031
11512
13014
11511
13004
11510
12988
12972
12955
12956
12973
12974
12957
12945
12935
12934
12933
12944
12943
11509
12932
11508
12920
11507
12909
12921
12922
12910
12911
12923
12924
12936
12947
12946
12958
11711
12975
12976
12994
12993
12992
12991
12990
12989
13006
13005
11715
13015
13032
11716
13042
13054
13043
13044
13034
13033
13017
13016
13007
13008
13018
13019
13020
13021
13022
13023
13009
13024
13035
13045
13062
13061
13060
13059
13058
13057
13056
13055
13070
13071
13081
13082
13083
13084
13085
13086
13087
13072
13073
13063
13046
13036
13025
13026
13010
13000
12999
12981
12980
12998
12997
12996
12995
12977
12978
12979
12963
12964
12965
12949
12938
12926
12962
12961
12960
12959
12948
12937
12925
12913
12912
12884
12885
11707
12886
12887
12888
12871
12870
12869
12868
12859
11705
12858
12857
12867
12866
11704
12856
12855
12854
12865
11505
12880
12881
12882
11706
12883
12901
12900
12899
12898
12897
11506
12908
20323
17029
17018
20322
20321
17006
16994
20320
20319
16982
15811
16965
15810
16953
16954
16938
20318
16926
16914
16898
16897
16913
15805
16925
16937
16936
16924
16923
16935
16934
16933
16921
16922
16909
16910
16911
16912
16896
16880
16881
16882
16869
16852
20317
16837
15799
15798
16808
20316
20315
16795
16779
16767
16750
16737
16721
16707
20314
20313
16697
16706
16720
16736
16749
16766
16778
15796
16794
16807
16823
16822
16806
16805
16821
15797
16820
16833
16832
16846
16847
16848
16834
16835
16836
16850
16851
16868
16867
16849
16866
16879
16895
16894
16878
16865
16864
16863
15801
16877
16893
16892
16908
16907
16906
16905
16904
15804
15802
16889
16890
16891
16876
16862
16845
16831
16819
16803
16790
16791
16774
16761
16762
16775
16792
16804
16793
16776
16777
16764
16765
16748
16747
16763
16746
16745
16744
15792
16731
16716
16717
15790
16732
16733
16734
16735
16719
16705
16704
16703
16718
15789
16693
16694
16684
16668
16669
16670
16685
16695
16696
16686
16687
16671
20312
16662
20311
20310
16654
16653
16661
16660
16652
16643
16635
16644
16645
20309
20308
16636
16627
16626
16625
16634
16633
16624
16623
16622
16632
16642
16641
16650
16651
16659
16658
16667
16683
16682
16681
16680
16679
16678
16677
16676
16692
16691
16711
16712
16701
16702
16713
16714
16715
16730
15791
16729
16728
16727
16743
16755
16754
16753
16752
15793
16739
16740
16741
16742
16726
16725
16724
16710
16699
16700
16690
16689
16673
16674
15788
16675
16666
16657
16649
16640
16631
16615
16606
16592
16591
16590
16589
15786
16614
16630
16639
16638
16629
16613
16605
15785
15611
16612
15612
16628
15613
16637
15614
16646
15787
16655
16647
16648
16656
16665
16664
15615
16663
15616
16672
15617
16688
15618
16698
16708
16709
16723
16722
16738
15619
16751
16768
16769
16781
16780
15620
16796
16797
16798
16811
16812
16827
16828
16829
16814
16813
16800
16799
16783
16782
16770
16771
16772
16784
16785
16801
16802
16786
16773
15794
16756
16757
16758
16759
16760
15795
16789
16788
16787
16818
16817
16816
16815
16830
16844
16861
16860
16859
15800
16858
16875
16874
16873
16886
16901
16900
15803
16885
16884
16871
16872
16855
16856
16857
16843
16842
16841
16854
16839
16840
16826
16825
16810
16809
15621
16824
15622
16838
15623
16853
15624
16870
15625
16883
16899
15626
16915
16927
16939
16955
16966
15627
16983
16995
15628
16967
16968
16985
16984
16996
16997
16986
16969
16970
16987
16971
16958
16957
16956
15809
16940
15807
16928
15806
16916
16917
16929
16941
16942
16930
16918
16902
16887
16888
16903
16919
16920
16932
16931
15808
16943
16944
16945
16946
16947
16948
16949
16950
16951
16952
16964
16963
16962
16961
16960
16977
16978
16990
17002
17014
17013
17001
16989
16976
16975
16974
16973
16959
16972
16988
17000
17012
17023
17036
15815
15813
17050
17065
17066
17067
17082
17098
15821
17114
17099
17100
17101
17116
17115
17129
17143
17157
17171
17186
17185
17170
17156
17142
17141
15822
15823
17155
17169
15824
15825
17184
15826
17201
15828
17202
17215
17216
17203
17187
17188
17189
17190
17172
17158
17144
17130
17131
17132
17117
17102
17103
17118
17119
17104
17088
17089
17072
17071
17087
17086
17085
17070
17069
15816
17068
17084
17083
17051
17052
17037
15814
17024
17025
17038
17053
17054
17055
17040
17039
17026
17027
17016
17015
17003
17004
16992
16991
16979
16980
16981
16993
17005
17017
17028
17041
17056
15817
17057
17042
17043
17058
17073
17090
17106
17105
17120
17121
17136
20324
20325
17150
17164
20326
20327
17178
17177
17194
17195
17209
17225
17239
17252
20328
20329
17265
17278
20330
20331
17291
17290
17277
17276
17289
17302
17303
17304
20332
20333
17317
17316
17333
17332
17315
17314
17301
17288
17275
17262
17263
17264
17251
17250
17237
17238
17224
17208
15827
17193
17175
17176
17162
17163
17149
17135
17148
17134
17133
17147
17161
17160
17146
17145
17159
17173
17174
17191
17192
17207
17206
17205
17204
17218
17217
15829
17232
17233
17219
17220
17221
17222
17223
17236
17249
17248
17235
17234
17247
17246
17259
17272
17285
17298
17311
17312
17299
17286
17273
17260
17261
17274
17287
17300
17313
17331
17343
17344
17356
17355
17354
17342
17330
17329
17328
17327
17326
17325
17324
17310
17297
17284
15833
15832
17271
17258
15831
17245
17231
15830
17244
17243
17242
17255
17241
17227
17228
17211
17212
17213
17229
17230
17214
17200
17183
17182
17168
17167
17153
17152
17138
17139
17154
17140
17126
17125
17110
17094
17095
17111
17112
17113
17127
17128
15820
17097
17081
17080
17096
15819
17079
17078
17064
17049
17035
17022
17011
16999
16998
17010
17021
17020
15812
17009
17008
15629
17007
17019
17030
17044
17059
17074
15630
17045
17031
17032
17033
17034
17048
17063
17077
17076
17062
17047
17046
17061
17060
15818
17075
17093
17092
15631
17091
17107
17108
17109
17124
17123
15632
17122
17137
17151
17165
17166
17181
17199
17198
17197
17180
15633
17179
17196
15634
17210
15635
17226
17240
17253
17254
17267
17280
17266
17279
15636
17292
15637
17305
17318
17335
15638
17347
17348
15835
17359
17371
15639
17370
15640
17386
15641
17399
15642
17412
15643
17437
17438
17425
15837
17413
17414
17426
17439
17440
17427
17415
17402
17389
17401
17400
17387
17388
17372
17373
17361
17360
17349
17336
17337
17350
17338
17321
17320
17319
17306
17293
17294
17282
17281
17268
17269
17256
17257
17270
17283
17296
17295
17307
17308
17309
17322
15834
17323
17339
17351
17362
17375
17374
15836
17390
17403
17416
17428
17441
17454
17467
17480
15840
17495
17512
17528
17527
17526
17525
17509
17510
17511
17494
15839
17478
17477
17464
17465
17479
17466
17453
17452
17451
15644
17450
15645
17463
17476
17493
22484
20814
22463
22447
25243
25242
22413
22402
22401
22412
22429
22446
22462
22473
22483
20816
22495
22512
25244
22524
22511
22510
22494
22493
22509
22521
22533
22548
22563
22564
22565
22549
22534
22522
22523
20818
22535
22550
22566
22582
22581
22598
22609
22619
22620
25246
22610
22599
25245
17654
15651
17640
17623
15650
17610
15649
17597
15648
17581
17568
15647
17555
15646
17538
17539
17540
17541
17542
17529
17530
17513
15841
17496
17481
17482
17483
17484
17485
17468
17455
17442
17429
17417
17404
17391
17376
17377
17378
17379
17363
17352
17340
17341
17353
17364
17380
17393
17392
17405
17418
17430
17443
17444
17445
17458
17457
17456
17469
17486
17487
17502
17518
17532
17533
17534
17535
17521
17520
17519
17503
17504
17489
17488
17470
17471
17472
17490
17505
17506
17473
17461
17474
15838
17491
17507
17523
17522
15844
17536
17537
17524
17508
17492
20344
20343
17475
17462
20342
20341
17449
17448
17447
17460
17459
17446
17434
17435
17436
20340
20339
17424
17423
17422
17409
17396
17383
17382
17395
17408
17407
17420
17421
17433
17432
17431
17419
17406
17394
17381
17365
17366
17367
17368
17357
17345
17334
20334
17346
17358
20335
20336
17369
17385
17384
17397
17410
17411
20338
17398
20337
13289
11518
13278
11517
13279
13290
13291
13280
13281
13270
13271
13261
13250
13249
13260
13269
13268
11732
13259
13258
13247
13248
13236
13220
13235
13219
13202
13192
13203
13193
11723
13177
13160
13161
13144
13143
13125
13142
13159
13176
13175
13158
13141
13124
11516
13114
11515
13104
11514
13094
11513
13077
13068
13095
13096
13106
13105
13115
13116
13126
11719
13127
13146
13145
13162
13179
13178
13194
13195
13206
13205
13204
13221
13237
13238
13222
13223
13224
11727
13239
11728
13251
11730
13262
13272
13283
13282
13293
13292
13303
13304
13294
13305
13316
13326
13337
13348
13347
13336
13335
13334
13323
13324
13325
13315
13314
13313
13302
13301
11519
13300
11520
13311
13312
11733
13322
13333
11521
13332
13343
11522
13359
13369
13360
13344
13345
13361
13362
13346
13363
13373
13372
13388
13389
13390
13408
13425
13424
13407
13406
13423
13433
13443
13444
13434
13435
13445
13455
13456
13457
13458
13459
13460
13461
13462
13473
13491
13490
13489
13488
13487
13486
13485
13484
11744
13500
13483
13482
13472
13454
13471
13470
13453
11742
13442
11741
13432
11739
13422
11737
13405
13387
13371
13370
13386
13385
13403
13404
13421
13431
13441
13452
20347
17580
17596
20348
20349
17622
17609
17595
17608
17621
17638
17639
20350
17653
17652
17651
17637
17620
17607
17594
17578
17577
17593
17606
17619
17636
17650
17667
17668
17682
17699
17681
17680
17698
17715
17716
17733
17732
17746
17745
17744
17730
17731
17714
17713
17712
17711
17694
17693
17710
17727
17741
15854
17726
17709
17725
17740
17724
17707
17708
17691
17692
17676
17661
17662
17663
17646
17632
17631
17630
17629
17614
17601
17586
17585
17559
17572
17587
17588
17589
17590
17603
17602
17615
17616
17633
17647
17664
17678
17677
17695
17696
17697
17679
17665
17666
17649
17648
17634
17635
17618
17617
17604
17605
17592
17591
17574
17573
17560
17561
17562
17575
17576
17563
17564
17565
17566
17579
17567
20346
20345
17554
17553
17552
17551
17550
17549
15845
17548
17547
17546
17515
17516
17517
17501
17500
17499
17498
17497
15842
17514
15843
17531
17545
17544
17543
17558
17571
15846
17600
17599
17598
17583
17584
17570
17557
17556
17569
17582
15847
17624
17611
17612
17613
17625
17643
17642
17641
17655
17656
17673
17686
17672
17671
17685
17702
17703
17720
17737
17719
15652
17736
15653
17750
17751
17752
17738
17721
17704
17687
17688
17674
17657
17658
17644
17626
17627
17628
15848
17645
17660
17659
15849
15850
17675
17690
17689
17706
17705
17722
17723
17739
17753
17765
17764
17763
17762
17775
17776
17777
17778
17791
17804
15860
17754
15856
17766
15857
17779
15858
17792
15859
17805
17817
17832
17833
17850
17849
17831
17830
17829
17816
17803
17790
17789
17788
17801
17802
17815
17814
17826
17827
17828
17847
17846
17864
17865
17881
17880
17879
17863
17845
17844
17862
17878
17894
17893
15654
17909
17910
17911
17895
17896
17897
17866
17848
17867
15862
17882
15863
17898
17914
17913
17912
15864
17928
17929
17930
17946
17945
17944
15865
15867
17958
17959
17973
17972
15869
15871
18001
18000
17985
17971
17970
17956
17957
17943
17927
17926
17925
17941
17942
17955
17969
17983
15655
17998
18013
18014
17999
17984
18015
18030
18016
18017
18018
18019
18003
18002
17986
17987
17988
17974
17960
17961
15870
17975
17990
18006
18021
18022
18023
18037
18036
18051
18052
18053
18038
18024
18025
18010
18009
18008
17992
18007
17991
17976
17977
17964
17965
17966
17951
15866
17936
17937
17921
17938
17953
17952
15868
17967
17968
17954
17940
17939
17923
17922
17906
17890
17889
17888
17887
17903
17904
17905
17920
17919
17935
17950
17949
17963
17962
17948
17947
17932
17933
17934
17918
17902
17886
17871
17855
17854
17870
17869
17885
17900
17901
17917
17916
17931
17915
17899
17883
17884
17868
15861
17851
17852
17834
17835
17853
17836
17818
17806
17793
17780
17767
15855
17742
17728
17729
17743
17755
17768
17781
17794
17807
17819
17837
17838
17820
17808
17795
17782
17769
17756
17757
17758
17747
17759
17760
17748
17734
15853
17717
15852
17700
15851
17683
17669
17670
17684
20351
20352
17701
17718
20353
20354
17735
17749
17761
20355
17774
17773
17772
17771
17770
17783
17796
17809
17810
17797
17784
17785
17786
17787
20356
20357
17800
17813
17824
17812
17799
17798
17811
17823
17822
17821
17839
17857
17856
17872
17873
17874
17875
17876
17891
17907
17924
20361
20360
17908
17892
17877
17861
17860
17859
17858
17840
17841
17842
17843
17825
20359
20358
13623
11528
13629
11529
13635
11530
13641
11531
13658
13665
13680
13698
13712
13728
13734
13733
11532
13739
13740
13741
13746
13747
13748
13742
13735
11760
13730
13729
11758
13714
13713
13699
13700
13701
13683
13682
13681
11754
13666
13667
13684
13702
13715
13716
13717
13718
13704
13703
13685
13686
13669
13670
13671
13688
13687
13705
13719
13706
13720
13721
13707
13689
13672
13673
13690
13708
13722
13723
13709
13724
13725
13726
13710
13694
13695
13696
11756
13727
13731
11761
13736
13737
13743
13749
13750
15366
15365
13744
13738
13732
11759
11757
13711
13697
13679
13664
15364
13657
15363
13640
13639
13633
13634
15362
15361
13622
13628
13627
13632
13626
13619
13618
13617
13600
13601
13586
13585
13568
13551
13550
13567
13584
13599
13616
13625
13631
13637
13653
13638
13654
13655
13656
13663
13678
13677
13662
13676
13693
11755
13692
13691
13674
13675
13661
13652
13651
13650
13649
13648
13647
13646
13645
13644
13668
13660
13659
11753
13642
13643
13636
13630
13624
13609
13608
11751
11752
13607
13606
11527
13590
11526
13573
13591
13574
13557
13556
13539
13531
13523
11525
13515
13506
11524
13496
13497
13479
13468
11523
13469
13480
13481
13498
13499
13508
13507
11745
13516
13524
11746
13532
13542
13541
13540
13558
13559
13576
13575
11750
13592
13593
13577
13578
13561
13560
13543
13544
13533
13525
13517
13509
13547
13546
13545
13562
13563
13564
13580
13579
13594
13610
13611
13612
13595
13596
13581
13582
13597
13613
13614
13615
13598
13583
13566
13565
13548
13549
13534
13526
13518
13519
13527
13535
13536
13552
13553
11748
13569
13587
13602
13603
13620
13621
13604
13605
13589
15360
9406
9395
9384
9369
9368
9357
9346
9336
9320
9304
7734
9288
9279
7733
9270
9252
9242
9225
9226
9215
9214
7732
9197
9198
9188
7731
9187
15347
13342
13358
15348
15349
13368
13384
13402
13420
13419
13401
13400
13418
13427
13417
13399
13398
13416
11738
11740
13437
13438
13439
13428
13429
13430
13440
15350
13451
13450
13449
13448
13464
13465
13466
13467
15351
13478
11743
13495
15352
15353
13505
13514
15354
15355
13522
13530
15356
15357
13538
11747
13555
15358
15359
13572
13588
11749
13571
13570
13554
13537
13529
13528
13520
13521
13513
13512
13511
13510
13501
13502
13492
13503
13504
13477
13476
13494
13493
13475
13474
13463
13447
13446
13436
13426
13414
13415
13397
13396
13395
13413
13412
13411
13410
13409
13391
13392
13393
13394
13378
13377
13376
13375
13374
13364
13349
13350
13351
13352
13353
13354
13379
13380
13381
13365
13355
13338
13339
13340
11734
13356
13366
11735
13382
11736
13383
13367
13357
13341
13330
13331
15346
15345
13321
13320
13309
13310
15344
15343
13299
13288
15342
15341
13267
13257
13246
13245
13256
13266
13276
13277
13287
13298
13297
13296
13307
13308
13319
13329
13328
13318
13327
13317
13306
13295
13284
13285
13286
13275
13274
13273
13263
13264
13253
13254
13265
11731
13255
13244
13233
13234
13217
13216
11725
13232
13243
13242
13241
13252
11729
13240
13230
13231
13215
13187
13198
13214
13213
13212
13229
13211
13228
13227
13226
13225
13210
13209
13208
13207
13196
13180
13163
13164
13181
13182
13183
13165
13166
13149
13150
13151
13168
13167
13184
13185
13197
13186
13169
13170
13153
13135
13136
13154
13172
13171
13188
13189
13199
13200
13190
13173
11721
13157
11720
15335
15336
15337
13174
11722
13191
15338
15339
13201
11724
13218
11726
15340
9051
9043
9035
9028
9021
7725
9004
9005
8996
8989
8981
8982
8973
7724
8965
7723
8956
8957
8958
8959
8942
8941
8940
8925
8924
8915
7722
8897
8898
8880
8879
8863
8864
8854
8844
7721
8828
8811
7720
8803
8786
8787
8779
8778
7719
8770
7718
8762
7717
8753
8763
8771
8772
8764
8754
8755
8756
8765
8773
8781
8780
8789
8788
7947
8804
8812
7948
8829
8845
8846
7951
8855
8856
8857
8867
8883
8884
8902
8901
8900
8882
8866
8865
8881
8899
8916
8917
8926
8927
8943
8944
8928
8918
8919
8929
8930
8931
8932
8906
8907
8908
8891
8909
8937
8936
8935
8934
8985
8986
8987
8979
8978
8977
8969
8970
8962
8961
8953
8952
8951
8950
8949
8933
8948
8947
8946
8945
7955
8960
8968
8976
8984
7956
8975
8967
8966
8974
8983
7957
8990
7959
8997
9006
9022
7961
9029
7963
9036
7964
9044
7965
9052
9061
9077
7966
9060
9059
7726
9076
9093
9094
9102
9101
7727
9117
9118
7971
9125
9133
9134
9126
9119
9103
9104
9105
9106
9095
9080
9079
7967
9078
9062
9063
9064
9081
9082
9066
9065
9053
9045
9037
9030
9023
9008
9007
8991
8998
9009
9010
9011
9012
9013
9014
9015
9016
9017
9024
9031
9038
9039
9032
9025
9018
9026
9033
9040
9041
9049
9048
9047
9046
9054
9055
9056
9057
9075
9074
9090
9091
9092
11216
11215
9058
9050
11214
11213
9042
9034
7962
9027
11212
11211
11210
9003
7960
9020
9002
9019
9001
9000
8999
8992
8993
8994
7958
8995
8988
11209
11208
8980
8972
11207
11206
11205
11204
8939
8955
8964
8971
8963
8954
7954
8938
7953
8922
8912
8911
8921
8920
8910
8892
8876
8875
8874
8890
8889
8873
8872
8871
8887
8888
8905
8904
8903
8885
8886
8870
8869
8868
8858
8849
8848
8847
8830
7949
8813
8805
8790
8791
8806
8815
8814
7950
8831
8832
8816
8817
8833
8834
8818
8819
8835
8836
8820
8821
8822
8837
8838
8839
8840
8850
8851
8860
8859
8877
8893
8894
8895
8913
8914
8923
11203
8896
8878
7952
8861
8852
8853
8862
11202
11201
8843
8827
8810
11200
11199
11198
8785
7946
8802
8809
8826
8842
8841
8825
8824
8823
8807
8808
8800
8801
8784
8783
8799
8798
8797
8796
8795
8794
8793
8792
8782
8774
8766
8757
7944
8748
8747
8746
7942
8737
8721
8720
7939
8711
8703
8704
8690
8672
8671
8689
8688
8670
7937
8653
8654
8637
8636
8619
8618
8635
8652
7714
8669
8687
8686
7715
8702
8710
8719
8736
8745
8744
8735
7716
8718
11698
12790
15327
15326
12775
12758
12741
15325
12726
12740
12756
12757
11696
12774
12789
11697
12805
12818
12819
12836
12853
12864
12879
12878
12895
12894
12893
12892
12904
12917
12929
12941
12952
12968
12967
12951
12940
12928
12916
12903
11708
12891
12874
12875
12860
12861
12876
12877
12862
12863
12852
12835
12834
12851
12850
12833
12832
12815
12814
11699
12801
12802
12803
12804
12816
12817
12788
12787
12786
12785
12784
12770
12752
12751
12769
12768
12767
12766
12747
12765
12764
12763
12762
12745
11695
12746
12731
12732
12733
12748
12749
12750
12718
11694
12702
12703
12685
12668
12669
12670
12686
12704
12719
12734
12735
12736
12753
12771
12772
12773
12755
12754
12737
12738
12739
12724
12725
12709
12710
15324
15323
12693
12676
15322
12659
12643
12642
12627
12626
12625
12640
12639
11689
12656
11691
12672
12689
12688
11692
12705
12706
12707
12690
12673
12674
12657
12641
11690
12658
12675
12692
12691
12708
12723
12722
12721
12720
12687
12671
12655
12654
12653
12652
12636
11687
12619
12618
12617
12635
12651
12650
12665
12682
12700
12683
12666
12667
12684
12701
12717
12716
12715
11693
12699
12698
12681
12664
12648
12649
12634
12616
12615
12633
12632
12647
12646
12645
12630
12631
12614
12598
12599
12600
12584
12583
12582
12566
12567
12568
12569
12585
12601
12602
12603
12586
12570
12554
12538
12523
12507
12491
12475
12459
12444
12428
12413
12398
12397
12382
12364
12363
12362
12361
12378
12377
12394
12393
12409
12408
12407
12406
11489
12390
12391
12392
12376
12375
12374
12358
12343
11488
12329
12312
12313
12314
12299
12284
12300
12315
12331
12330
12344
11678
12359
11679
12360
12345
12332
12316
12317
11673
12301
12302
12286
12271
12287
12272
12273
12258
12274
12288
12303
12321
12322
12336
12335
11675
12320
12319
12318
12334
12333
11677
12346
12347
12348
12349
12350
12351
12337
12352
12353
12369
12368
12367
12366
12365
12383
12384
12399
12414
12415
12400
12385
12386
12401
12416
12417
12402
12387
12403
12388
12370
12371
12354
12355
12356
12341
12328
11674
12311
12296
15308
12342
12357
12373
12372
11680
12389
11681
12404
12405
15309
15310
12421
12420
12419
12418
12433
12449
12463
12462
12446
12447
12448
12432
12431
12430
12429
12445
12460
12461
12478
12477
12476
12492
12493
12509
12508
12524
12539
12555
12571
12587
12605
12604
12620
12621
12637
12638
12622
12606
12588
12589
12573
12572
12556
12540
12525
12526
12541
12557
12574
12590
11685
12607
12623
11688
12624
12608
12591
12575
12559
12558
12542
12527
12511
12510
12494
12495
12479
12480
12464
12465
12450
12434
12435
12436
15311
15312
12452
12451
12466
12482
12498
12514
12513
12497
12481
12496
12512
12528
12543
12560
12576
12577
12593
12592
11686
12609
12628
12610
12594
15321
12578
15320
15319
12562
12561
12545
12544
12529
12530
12531
12546
15318
15317
15316
12515
12499
15315
15314
12483
12467
15313
8498
7709
8490
8491
8499
8508
7710
8507
7711
8516
8517
7928
8525
8534
7712
8533
8542
7713
8559
8560
8543
8544
8535
8545
8561
7930
8569
8570
8562
8546
8536
8537
8528
8551
8550
8549
8548
8547
8563
8571
8581
8580
8579
8578
8577
8568
8576
8592
8610
8593
8594
7933
8611
8595
8596
8612
8622
8621
8620
8638
8655
8656
8639
8640
8623
8613
8597
8598
8582
8583
8599
8600
8584
8585
8586
8602
8601
8626
8627
8628
8629
8646
8647
8630
8631
8648
8649
8632
8615
8614
8605
8604
8603
8588
8587
8552
8553
8554
8555
8538
8529
8521
8522
8530
8531
8540
8539
8557
8556
8564
8565
8566
8574
7932
8573
8572
7931
8589
8606
8607
8608
8616
8633
8650
8667
8666
8665
8681
8680
8698
8697
8679
8664
8663
8662
8645
8644
8643
8660
8661
8677
8678
8696
8695
8694
8676
8675
8693
8692
8674
8659
8642
8625
8624
8641
8658
8657
8673
8691
8705
8712
8713
8723
8722
8738
8739
8724
8725
8726
8727
8728
8729
8730
8731
7941
7943
7945
8767
8775
8776
8768
8758
8749
8740
8732
8715
8714
8706
8707
8699
7938
8682
8683
8684
8685
11192
8701
8700
8708
8716
8733
8741
8750
8759
8760
8751
8742
8734
7940
8717
8709
11193
11194
11195
8743
8752
8761
11196
8769
8777
11197
5640
4674
5650
4675
5660
4676
5670
4677
5680
5681
5682
5691
5690
4678
5689
5706
5713
5721
5738
5748
5758
5774
5785
5795
5806
5807
5808
5824
5825
5835
5834
5823
5833
4679
5843
5854
5870
5879
4680
5888
4681
5896
4682
5904
4683
5919
4684
5934
5942
5941
4685
5956
5972
5978
4686
6000
4687
6006
4688
6012
4689
6018
4918
4690
6029
6035
4691
6052
6059
6036
6037
6053
4920
6060
6067
6085
6086
6103
6104
6087
6088
6105
6123
6122
6121
6137
6142
6124
6106
6089
6107
6125
6126
6108
6109
6127
6128
6129
6130
6131
6112
6095
6077
6076
6094
6111
6110
6093
6075
6074
6073
6092
6091
6090
6072
6071
6070
6069
6068
6061
6054
6038
6031
6030
6024
6025
6039
6040
6041
6042
6043
6044
6045
6046
6047
6048
6032
6049
6055
6062
6080
6098
6097
6079
6078
6096
6113
6114
6115
6133
6132
6138
6143
6148
6153
6169
6170
6171
7430
4925
7431
6180
7432
6185
6190
7433
7434
6195
6200
7435
7436
7437
7438
6225
6220
6215
4926
6199
6194
6189
6184
6179
6175
6168
6167
6166
6165
6164
6163
6162
6161
6160
6159
6158
4924
6174
6178
6177
6182
6183
6188
6187
6192
6193
6198
6204
6218
4927
6205
6206
6207
6208
6209
6210
6211
6212
6213
6214
6219
6224
6241
6247
6242
4928
7439
7440
6248
4929
6265
7441
7442
6270
4931
6287
7443
7444
6293
7445
4932
7446
7447
3325
1970
3344
1971
3348
1972
3352
1973
3356
3375
1974
3393
3396
1975
3376
3377
3378
3379
3359
3358
3357
2204
3353
3349
3345
3326
3327
3328
3329
3330
3331
3332
3333
3334
3335
3336
3337
3338
3339
3340
3341
3346
3350
3354
3371
3390
3370
3369
3389
3388
3368
3367
3366
3387
3386
3385
3365
3364
3363
3362
3361
3360
3380
3381
3382
3383
3384
3407
3406
3405
3404
3403
3402
3401
3400
3399
1976
3418
3422
1977
3441
3423
3424
3425
3426
3427
3428
3429
3451
3450
3449
3468
3487
3488
3469
3470
3489
3490
3491
3472
3471
3452
3453
3454
3473
3492
3493
3494
3495
3496
3477
3476
3475
3474
3455
3456
3457
3458
3442
3460
3459
3478
3497
3498
3502
3506
3510
3514
3518
2211
3523
3524
3527
3528
4408
3525
3520
4407
4406
3516
3519
3515
3511
3507
3512
4405
4404
3508
3504
4403
4402
4401
3481
3500
3503
3499
3479
3480
3461
3462
3443
3440
3439
3438
3437
3436
3435
3434
3433
3432
3431
3430
3408
3409
3410
3411
3412
3413
3414
3397
3394
3391
3392
3395
3398
3417
3416
3415
3419
3420
3421
4400
4399
4398
4397
4396
4395
4394
4393
2205
3374
4392
4391
4390
4389
4388
3324
3319
4387
4386
3314
3309
4385
4384
3304
3299
4383
4382
3294
3289
4381
4380
3284
3279
4379
4378
3274
3269
3264
4377
4376
3258
3257
3251
3252
4375
4374
3245
3244
3217
3218
3237
3238
4373
3219
4372
4371
3211
3210
3209
3208
3207
3215
3216
2201
3235
3236
3243
3250
3256
3263
3262
2203
3268
3273
3278
3283
3288
3293
3298
3303
3308
3313
3318
3323
3343
3347
3351
3355
3373
3372
3342
3322
3317
3312
3307
3302
3297
3292
3287
3282
3277
3272
3267
3261
3255
3249
3242
3234
3233
3232
3231
3230
3229
3228
3227
3226
3225
3224
2202
3241
3248
3247
3254
3260
3266
3271
3276
3281
3286
3291
3296
3301
3306
3311
3316
3321
3320
1969
3315
1968
3310
1967
3305
1966
3300
1965
3295
1964
3290
1963
3285
1962
3280
1961
3275
1960
3270
1959
3265
1958
3259
1957
3253
1956
3246
3239
1955
3240
3221
3222
3223
3214
2200
3206
2199
3197
2198
3188
2197
3179
2196
3161
3162
3163
3164
3145
3126
3125
3144
3143
3124
3114
3123
3142
3141
3122
3121
3113
3112
1954
3111
3119
3120
3139
3140
3159
3160
3178
3187
3196
3205
3204
3195
3186
3177
3158
3138
3157
3176
3185
3194
3203
3212
3213
3220
7429
6154
6149
7428
7427
6144
6139
7426
7425
6134
4923
6117
6116
6099
6081
6100
6082
6064
6058
6057
6063
4921
6056
6050
6033
6027
6026
6021
6022
6016
6010
6015
6009
6003
6004
5997
5998
5993
5992
5991
5990
5989
5988
5987
5986
5985
5984
5983
5982
5981
5980
5996
6002
6008
6014
6020
6019
6013
6007
6001
5995
4917
5979
5973
5974
5957
5943
5944
4914
5958
4915
5959
5960
5961
5948
5947
5946
5945
5936
5935
5920
5921
5906
5905
5897
5889
5880
4908
5871
4907
5855
5844
5845
4905
5856
5872
5881
5890
5898
4911
5922
5907
4910
5899
5891
5882
5873
5857
4906
5847
5846
5836
5837
5827
5826
5809
5810
5811
5812
4903
4904
5848
5858
5859
5860
5861
5862
5863
5864
5865
5876
5866
5867
5877
5878
5868
5853
5842
5832
5822
5804
5803
5802
5820
5821
5831
5841
5852
5851
5850
5849
5838
5828
5839
5840
5830
5829
5819
5818
5817
5816
5815
5814
5813
5799
5789
5778
5777
5776
5787
5788
5798
5797
5796
4902
5786
4900
5775
4899
5760
5759
4897
5750
5749
5739
5722
5723
5714
4891
5707
4889
5708
5715
5724
5740
5751
5741
5725
5742
4895
5752
4898
5761
5762
5763
5764
5765
5766
5767
5768
5779
5790
5800
5801
5791
4901
5780
5769
5753
5754
5744
5755
5770
5781
5792
5782
5771
5772
5783
5793
5794
5784
7405
5773
5757
5747
5737
4892
5720
7404
7403
5712
5705
4890
5704
5703
5702
5711
5719
5746
5756
4896
5745
5736
5735
5718
5717
5734
5743
4894
5733
5732
5731
5730
5729
5728
4893
5727
5726
5716
5709
5693
5692
4888
5683
5673
5663
5653
5652
5662
5672
5671
5661
5651
5641
4673
5631
5614
4672
5604
4671
5594
4670
5584
4669
5574
4668
5564
4667
5554
4666
5544
4665
5528
5512
5513
5514
5530
5529
5545
5546
5555
5565
5575
5585
5586
5576
5577
5587
5597
5596
5595
5605
4885
5606
5607
5615
4886
5632
5642
5643
5633
5616
5617
5618
5608
5598
5588
5578
5568
5558
5548
5567
5566
5556
5557
5547
5531
5515
5505
5494
5484
5485
5477
5476
5459
5460
5461
5462
4879
5463
5464
5465
5466
5467
5468
5469
5470
4881
5478
5487
5497
5498
5499
5509
5510
5526
5525
5524
5508
5507
5523
5522
5521
5520
5519
5518
5517
5516
4883
5506
4882
5496
5486
5495
4884
5532
5533
5534
5535
5536
5537
5538
5539
5549
5559
5569
5579
5580
5590
5591
5601
5612
5629
5611
5610
5600
5589
5599
5609
5626
5635
5625
5624
5623
5622
5621
5620
5619
5634
5644
5654
5664
5674
5684
5694
5695
5696
5697
5698
5699
5700
5710
5701
5685
5686
5676
5675
5665
5655
5645
5656
5666
5667
5657
5647
5646
5636
5627
5628
5637
5638
5648
5658
5668
5678
5677
4887
5687
5688
5679
7402
5669
7401
7400
5659
5649
7399
7398
5639
5630
5613
7397
7396
5603
5602
5592
5593
7395
7394
7393
7392
7391
5553
5552
5561
5571
5572
5562
5563
5573
5583
5582
5581
5570
5560
5550
5551
5540
5541
5542
5543
5527
5511
7390
7389
5501
5500
5488
5479
5480
5489
5490
5481
7388
7387
5472
5471
4878
5453
5446
5447
5454
5455
7386
7385
7384
7383
7382
2557
1920
2551
1919
2545
1918
2526
2527
2528
2546
2552
2558
2162
2563
2569
2163
2583
2590
2598
2165
2605
2612
2166
2619
2625
2618
2611
2604
2596
2597
2589
2164
2582
2576
2575
1921
2568
2574
1922
2581
2588
1923
2595
2603
1924
2610
2617
1925
2624
1926
2630
2631
2636
2635
2640
2641
2660
2659
2678
2679
2680
2681
2700
2719
2174
2718
2699
2698
2697
2716
2717
2736
2735
1927
2741
2742
2748
2747
1928
2766
1929
2771
1930
2776
1931
2781
1932
2786
1933
2791
1934
2796
2801
1935
2807
2814
2815
2834
2833
1936
2852
2857
1937
2876
2882
7406
5805
7407
7408
7409
7410
5869
7411
7412
7413
5887
5886
5885
5894
5895
5903
5902
5901
5893
5884
4909
5875
5874
5883
5892
5900
5913
5912
5911
5910
5909
5908
5923
5924
5925
5926
5927
5952
5951
5950
5949
5962
5963
5964
5965
5966
5967
5968
5975
5976
5969
5970
5954
4913
5939
5931
5930
5938
5953
4912
5937
5928
5929
5914
5915
5916
5917
5918
5933
5932
5940
7414
5955
5971
5977
4916
5994
7415
7416
5999
6005
7417
7418
6011
6017
7419
7420
6023
6028
7421
7422
6034
4919
6051
7423
7424
3103
1953
3085
3077
1952
3078
3079
3086
3104
3105
3087
3088
3106
3089
3090
3091
3092
3093
3094
3095
3096
3097
3098
3099
3133
3132
3151
3150
3131
3130
3129
3147
3128
3127
3146
3165
3166
3167
3148
3149
3168
3169
3170
3171
3152
3153
3172
3180
3181
3182
3183
3191
3190
3189
3198
3199
3200
3201
3192
3193
3202
4370
4369
3184
4368
4367
4366
4365
3137
3118
4364
4363
3110
3109
3108
3116
3117
2193
3136
2194
3155
3156
3175
3174
3173
2195
3154
3135
3134
3115
3107
3100
3082
3081
3073
3066
3074
3067
3060
3068
3075
3083
2191
3101
2192
3102
3084
4362
4361
3076
3069
4360
4359
3061
3053
4358
4357
3045
3037
4356
4355
3031
2187
3012
4354
4353
4352
2996
2988
4351
4350
2969
2962
4349
4348
2955
2961
2954
2936
2932
4347
2928
4346
4345
2924
2919
4344
4343
2914
2909
2908
2913
2918
2923
2927
2931
2935
2184
2185
2953
2960
2967
2968
2987
2986
2186
2985
2993
2992
3000
3001
3002
2994
2995
3003
3004
3011
3036
3035
3043
3044
3052
3051
3059
3058
3050
3042
3034
3028
3029
3030
3010
3009
3008
3027
3026
3025
3024
3023
3022
3021
3020
3019
3018
3017
2189
3041
3049
3057
3065
3072
3080
3071
3064
3070
2190
3063
3062
1951
3054
1950
3046
1949
3047
3055
3056
3048
3040
3039
3038
3013
3014
2188
3032
3033
3015
3016
3007
3006
3005
1948
2997
1947
2989
1946
2970
2963
1945
2956
1944
2937
2938
2939
2958
2957
2964
2965
2972
2971
2990
2998
2999
2991
2973
2974
2975
2976
2977
2978
2979
2980
2981
2982
2983
2984
2966
2959
2952
2951
2950
2949
2948
2947
2946
2945
2944
2943
2942
2941
2940
2183
2182
2922
2917
2912
2907
2906
2911
2916
2921
2926
2930
2934
2933
2929
1943
2925
2920
1942
2915
1941
2910
1940
2905
1939
2900
1938
2901
2902
2884
2885
2886
2887
2888
2889
2890
2891
2892
2893
2894
2895
2896
2897
2879
2873
2874
2880
2181
2898
2903
2904
4342
4341
4340
2899
2881
4339
4338
2875
2180
2856
4337
4336
2851
2179
2832
2831
2178
2812
2805
2811
2810
2830
2849
2850
2855
2872
2871
2870
2869
2868
2867
2866
2865
2864
2863
2862
2861
2860
2878
2883
2877
2858
2859
2854
2853
2835
2816
2817
2836
2837
2818
2819
2838
2839
2840
2841
2842
2843
2844
2845
2846
2847
2848
2829
2828
2827
2826
2825
2824
2823
2822
2821
2820
2177
2809
2808
2802
2797
2792
2787
2782
2777
2772
2767
2749
2750
2751
2752
2753
2754
2755
2756
2757
2758
2759
2760
2761
2762
2763
2768
2769
2774
2773
2778
2779
2784
2783
2788
2789
2794
2793
2798
2803
2804
2799
2176
2800
2806
2813
4335
4334
4333
2795
4332
4331
2790
2785
4330
4329
2780
2775
4328
4327
2770
2765
2175
2746
4326
4325
4324
2740
2734
4323
4322
2715
2714
2733
2739
2745
2764
2744
2743
2737
2738
2732
2173
2713
2172
2695
2694
2675
2674
2693
2712
2731
2730
2729
2728
2727
2708
2689
2688
2707
2726
2725
2724
2723
2722
2703
2684
2683
2702
2721
2720
2701
2682
2663
2662
2661
2642
2643
2168
2644
2645
2646
2664
2665
2666
2647
2648
2667
2686
2685
2704
2705
2706
2687
2668
2649
2650
2669
2670
2651
2652
2653
2672
2671
2691
2690
2709
2710
2711
2692
2673
2654
2655
2656
2637
2638
2657
2676
2169
2658
2170
2677
2171
2696
4321
4320
4319
4318
2639
2634
2167
2628
2627
2633
2632
2626
2620
2621
2622
2623
2629
4317
4316
4315
2616
2615
2608
2607
2614
2613
2606
2599
2591
2592
2600
2601
2609
4314
4313
2602
2594
4312
4311
2587
2580
4310
4309
2573
2567
4308
4307
2562
2561
2566
2572
2579
2586
2593
2585
2584
2578
2577
2570
2571
2565
2564
2559
2560
2554
2548
2542
2161
2523
2543
2549
2555
2556
4306
4305
2550
2544
4304
4303
2525
2524
2520
2521
2503
2500
2504
4302
4301
2501
2498
4300
4299
2495
2492
4298
4297
2489
2486
4296
4295
2483
2479
2476
2477
2480
4294
4293
4292
2474
2473
2470
2471
4291
4290
2468
2467
2464
2461
2462
2465
4289
4288
2459
2458
2456
2457
4287
4286
2455
2454
2452
2453
4285
4284
2451
2157
2432
2156
2413
4283
4282
2411
4281
4280
2408
2407
2410
2412
2431
2430
2429
2428
2427
2426
2425
2424
2423
2422
2421
2420
2419
2418
2437
2438
2439
2440
2441
2442
2443
2444
2445
2446
2447
2448
2449
2450
2158
2460
2463
2466
2469
2472
2475
2478
2481
2482
2485
2484
2487
2488
2491
2490
2493
2494
2497
2496
2499
2502
2519
2518
2517
2516
2515
2514
2513
2512
2511
2510
2509
2538
2539
2540
2541
2547
2553
2537
2536
2535
2534
2533
2532
2531
2530
2529
2508
2507
2506
2505
2159
2522
2160
1917
1916
1915
1914
1913
1912
1911
1910
1909
1908
1907
1906
1905
1904
1903
1902
1901
1900
1899
1898
2433
2414
2415
2434
2435
2436
2417
2416
2155
2409
1897
2406
1896
2403
1895
2400
1894
2397
1893
2394
1892
2391
1891
2388
1890
2385
1889
1888
2366
2367
2368
2369
2370
2371
2372
2373
2374
2375
2376
2377
2378
2379
2380
2381
2382
2383
2386
2389
2392
2395
2398
2401
2404
2405
4279
4278
2402
2399
4277
4276
2396
2393
4275
4274
2390
2387
4273
2384
2365
4272
4271
2363
2364
2362
2360
2361
4270
4269
2359
2358
2356
2357
4268
4267
2355
2354
2352
2353
4266
4265
2351
2350
2348
2349
4264
4263
2347
2346
2344
2345
4262
4261
2343
2341
4260
4259
2338
2335
4258
2332
2153
2334
2337
2340
2342
1887
1886
1885
1884
1883
1882
1881
1880
1879
1878
1877
2154
2339
1876
2336
1875
2333
1874
2331
1873
2329
1872
2327
1871
2325
1870
2323
1869
2321
1868
2319
1867
2317
1866
2315
1865
2313
1864
2311
1863
2309
1862
2307
1861
2305
1860
2303
1859
2301
1858
2300
1857
2299
1856
2298
1855
2297
1854
2296
1853
2295
1852
2294
1851
2293
1850
2292
1849
2291
1848
2290
1847
2289
1846
2288
1845
2269
2267
1844
2265
1843
2270
2271
2272
2273
2274
2275
2276
2277
2278
2279
2280
2281
2282
2283
2284
2285
2286
2287
2268
4229
4230
4231
4232
4233
4234
4235
4236
4237
4238
4239
4240
4241
4242
2152
4243
2302
2304
2306
2308
2310
2312
2314
2316
2318
2320
2322
2324
2326
2328
2330
4257
4256
4255
4254
4253
4252
4251
4250
4249
4248
4247
4246
4245
4244
108
109
111
110
112
113
115
114
116
117
119
118
120
121
123
122
124
125
127
126
128
129
131
130
132
133
135
134
136
137
139
138
140
141
143
142
144
145
147
146
148
149
151
150
9
8
7
6
4588
4587
4586
4585
4584
4583
4582
4581
4580
4579
4578
4577
4576
4575
4574
4573
4572
4571
4570
4569
4568
4567
4566
4565
4564
4563
4562
4561
4560
4559
4558
4557
4556
4555
4554
4553
4552
4551
4550
4549
4548
4547
4546
4545
4544
4543
4542
4541
4540
4539
4538
4537
4536
4535
4534
4533
4532
4531
4530
4529
4528
2230
4148
4527
4526
4146
4144
4525
4524
4523
2229
4522
4521
4520
4519
4518
4517
4516
4515
4514
4513
4091
4093
4095
4097
4099
4101
4103
4105
4142
4141
4140
4123
4122
4121
4120
4139
4138
4137
4119
4118
4136
4135
4134
4133
4132
4131
4130
4129
4111
4112
4113
4114
4115
4116
4117
4089
4087
4085
4082
2228
4083
4512
4511
4510
4509
4074
4077
4080
4079
4076
4073
4070
4071
4508
4507
4068
4067
4064
4061
4058
4059
4062
4065
4506
4505
4504
4503
4502
4053
4056
4055
4052
4049
4050
4501
4500
4047
4046
4043
4040
4044
4499
4498
4041
4038
2227
4036
4497
4496
4034
4032
4495
4494
4030
4028
4493
4492
4026
2226
4007
4491
4490
4004
4001
4489
4488
3998
3995
4487
4486
3992
3989
4485
4484
3986
3983
4483
3980
3960
3961
4482
4481
3957
3956
3952
3953
4480
4479
4478
3945
3949
3948
3944
3940
3936
3941
4477
4476
3937
3933
4475
4474
3929
3932
3928
3924
3925
4473
4472
4471
4470
4469
4468
3877
3880
3883
3902
3921
3920
3919
3900
3901
3882
3879
3876
2222
3873
3855
4467
4466
3851
3848
4465
4464
3844
3840
4463
4462
3836
3832
4461
4460
3828
3823
4459
4458
3818
3813
4457
4456
3808
3803
4455
4454
3798
3793
4453
2218
4452
4451
4450
4449
4448
4447
4446
4445
4444
4443
4442
4441
4440
4439
3717
3736
3735
3716
3711
3712
4438
2217
4437
4436
4435
4434
4433
4432
4431
4430
4429
4428
4427
4426
4425
4424
4423
3616
2216
3634
3639
3644
3663
3643
3638
3633
3632
3631
3630
3629
3628
3627
3626
3625
3624
3623
3622
3621
3620
3619
3615
3614
3618
3636
3637
3642
3647
3648
3649
3650
3651
3652
3653
3654
3655
3656
3657
3658
3659
3660
3661
3662
3667
3671
3675
3679
3683
3687
3691
3695
3699
3703
3707
3710
3706
3702
3698
3694
3690
3686
3682
3678
3674
3673
3677
3681
3685
3689
3693
3697
3701
3705
3709
3714
3715
3720
3719
3738
3742
3743
3739
3721
3722
3723
3724
3725
3726
3727
3728
3729
3730
3731
3732
3733
3734
3740
3744
3748
3752
3756
3760
3764
3768
3772
3776
3780
3784
3788
3792
3797
3802
3807
3812
3817
3822
3827
3831
3835
3839
3843
3847
3850
3854
3872
3871
3870
3869
3868
3867
3866
3865
3864
3863
3862
3861
3860
3859
3858
3857
3875
2223
2224
3886
3905
3887
3888
3889
3890
3891
3892
3893
3894
3895
3896
3897
3898
3899
3918
3917
3916
3915
3914
3913
3912
3911
3910
3909
3908
3907
3906
3935
3931
3927
3923
3904
3885
3881
3878
3874
2033
3856
3852
2032
3853
3849
2221
3846
3845
2031
3841
2030
3837
2029
3833
3834
3838
3842
2220
3830
3826
3821
3816
3811
3806
3801
3796
3791
3787
3783
3779
3775
3771
3767
3763
3759
3755
3751
3747
3746
3750
3754
3758
3762
3766
3770
3774
3778
3782
3786
3790
3795
3800
3805
3810
3815
3820
3825
2219
3829
3824
2028
3819
2027
3814
2026
3809
2025
3804
2024
3799
2023
3794
2022
3789
2021
3785
2020
3781
2019
3777
2018
3773
2017
3769
2016
3765
2015
3761
2014
3757
2013
3753
2012
3749
2011
3745
2010
3741
2009
3737
2008
3718
3713
2007
3708
2006
3704
2005
3700
2004
3696
2003
3692
2002
3688
2001
3684
2000
3680
1999
3676
1998
3672
1997
3668
1996
3664
1995
3645
3669
3670
3666
3665
3646
3641
3640
1994
3635
1993
3617
3613
1992
2215
3589
3592
3595
3596
3597
3598
3599
3600
3601
3602
3603
3604
3605
3606
3607
3608
3609
3610
3611
3612
3593
4422
4421
3590
3587
4420
4419
3584
3581
4418
4417
3578
2214
3559
4416
4415
3555
3551
4414
4413
3547
3544
4412
4411
3540
3536
4410
4409
3532
3531
3535
3539
3543
3546
3550
3554
3558
3577
3576
3575
3574
3573
3572
3571
3570
3569
3568
3567
3566
3565
3564
3563
3586
3583
3580
3561
3562
3557
3553
3549
3545
2213
3542
3538
3534
3530
3526
2210
2209
2208
2207
2206
3486
3485
3484
3483
3464
3465
3466
3467
3448
3447
3446
3445
3444
3463
3482
1978
3501
3505
3509
3513
3517
3521
3522
2212
1979
3529
1980
3533
1981
3537
1982
3541
1983
3548
1984
3552
1985
3556
3560
1986
3579
1987
3582
1988
3585
1989
3588
1990
3591
1991
3594
7474
7473
7472
7471
7470
7469
7468
7467
6586
6585
6591
6590
6589
6583
6584
6569
6564
6561
6565
6570
7466
7465
7464
7463
7462
4950
7461
6530
6525
6506
6507
6508
6509
4948
6526
7460
7459
7458
6503
6502
6501
6500
6494
6495
6496
6497
7457
7456
6491
6490
6489
6488
6484
6479
6462
6446
6463
6480
4945
6485
6486
6481
4944
7455
6464
4943
7454
7453
6430
7452
6410
6405
7451
6400
6399
6384
6377
4935
6360
6361
6378
4937
7450
7449
7448
6355
6354
6349
6348
6347
6353
6359
6376
6382
6383
6398
6404
4940
6409
6414
6429
6447
6428
6413
6408
6403
6397
6396
6375
6374
6373
6372
6371
6370
6369
6368
6367
6366
6365
6358
6357
4934
6352
6335
6336
6337
4933
6338
6339
6340
6341
6342
6325
6324
6323
6322
6321
6320
6319
6313
6297
6298
6299
6300
6301
6302
6303
6304
6305
6306
6307
6314
6329
6328
6327
6326
6343
6344
6345
6346
6330
6331
6332
6315
6310
6292
6309
6308
6291
6285
6284
6283
6282
6281
6280
6279
6278
6277
6276
6275
6290
6289
6273
6274
6268
4930
6252
6245
6253
6254
6255
6256
6257
6258
6259
6260
6261
6262
6269
6286
6264
6263
6246
6240
6239
6238
6237
6236
6235
6234
6233
6232
6231
6230
6229
6223
6222
6227
6228
6244
6251
6250
6267
6272
6288
4704
6271
6266
6249
6243
4703
6226
6221
6216
4702
6201
6202
6217
6203
6197
6196
4701
6191
4700
6186
4699
6181
4698
6176
4697
6172
6155
6150
4696
6145
4695
6140
4694
6151
6156
6173
6157
6152
6147
6146
6141
6136
6119
6120
6102
4922
6084
6066
6065
6083
4692
6101
6118
4693
6135
11228
11227
9278
9277
9268
9269
9251
9241
11226
11225
9224
9223
7974
9240
9250
7976
9267
9266
9249
9239
9222
9211
9210
9194
9193
9209
9220
9221
9238
9237
9236
9235
9234
9208
9207
9206
9205
9204
9233
9232
7975
9231
9230
9219
9202
9203
9192
9182
9173
9163
9153
9136
9137
9138
9139
9140
9141
9142
9128
9129
9130
9143
9154
9164
9174
9183
9184
9175
9176
9185
9195
9212
9213
9196
9186
11224
11223
11222
11221
11220
11219
9147
9146
9157
9167
9177
9166
9165
9155
9156
9144
9145
9131
9124
11218
11217
9116
9100
9099
9115
7970
9098
9097
9114
9123
9122
9113
7969
9096
7968
9087
9088
9089
9073
9072
9071
9070
9086
9085
9069
9068
9067
9083
9084
9112
9121
9111
9110
9109
9108
9107
9120
9127
9135
7972
9152
9162
9172
9171
9180
9181
9191
9201
9200
9190
9170
9161
9151
9150
9160
9159
9149
9132
7728
9148
7729
9158
7730
9168
9169
7973
9178
9179
9189
9199
9216
9217
9218
9229
9228
9227
9243
9253
9254
9244
9245
9246
9255
9256
9257
9258
9259
9260
9261
9262
9263
9247
9248
9265
9264
9274
9275
9276
9285
9300
9299
9284
9283
9297
9298
9314
9315
9331
9332
9316
9317
9301
9302
9286
9287
9303
9319
9318
9334
9335
9345
9344
7983
9333
9343
9342
9341
9330
9313
9329
9328
9312
9296
9295
9294
9310
9311
9327
9326
9325
9309
7979
9293
7978
9273
9272
7977
9271
9280
9281
9282
9292
9291
9290
9289
9305
7980
9321
7982
9337
7984
9347
7985
9358
9359
9360
9349
9348
9338
9339
9323
9322
9306
9307
9308
7981
9324
9340
9350
9361
7986
9372
9373
9374
9375
9376
9377
9378
9362
9351
9363
9352
9353
9364
9380
9379
9389
9390
9391
9381
9382
9366
9365
9354
9355
9356
11229
11230
9367
9383
9393
9392
9403
9402
9413
9412
9401
9400
9411
9422
9423
9441
9424
9425
9414
9404
9394
11231
11232
9405
11233
11234
11235
9427
9416
9415
9426
9444
9454
9455
11236
11237
9493
11238
7995
9519
9510
9492
7994
9481
9482
9465
9464
9453
9443
9442
9452
9463
9480
9491
9490
9479
9478
9461
9462
9451
7992
9440
9439
9438
9437
9436
7991
9435
9434
9421
9410
9399
9388
9387
9398
9409
7990
9420
9433
9450
9449
9432
9408
9397
9386
9371
9370
7987
9385
7988
9396
7989
9407
9419
9418
9417
9428
9429
9430
9431
9448
9447
9446
9445
7735
9456
9466
9483
9494
7736
9511
9520
9529
9530
9547
9546
9564
7737
9580
7738
9588
9596
7739
9565
9548
9549
9532
9531
9521
7996
9513
9512
9495
9496
9485
9484
9467
9457
9458
9468
9469
9486
9497
9498
9499
9487
9470
9471
9459
9460
9472
7993
9488
9473
9474
9475
9476
9477
9489
9507
9508
9509
9518
9517
9516
9515
9506
9505
9504
9503
9502
9501
9500
9514
9522
9535
9552
9571
9572
9573
9554
9553
9536
9537
9538
9555
9556
9539
9540
9541
9523
9524
9525
9543
9542
9559
9558
9557
9574
9575
9576
9577
9584
9583
7999
9591
9600
9609
9599
9608
9617
9618
9627
9626
9635
9644
9652
9661
9679
9678
9677
9676
9675
9674
9686
9694
9702
9712
9713
9714
9715
9716
9717
9718
9719
9729
9738
9739
9730
9720
9721
9731
9740
9753
9754
9768
9767
9752
9751
9750
9737
9728
9749
9764
9763
9762
9748
9747
9761
9760
9746
9745
8007
9736
9727
9711
9710
8006
9709
9701
9693
9685
9669
9670
9671
9672
9673
9660
9651
9643
9634
9625
9616
9607
9598
9590
9582
9570
9569
9551
9534
9533
9550
9568
9567
9566
9581
9589
9597
8000
9606
8001
9624
9633
9642
8004
9650
9659
9668
9641
9632
9623
9615
9605
9614
7740
9622
7741
9631
7742
9640
9649
7743
9658
9667
7744
9684
7745
9692
7746
9700
7747
9708
7748
9724
7749
9733
7750
9742
7751
9756
7752
9770
8009
9779
9788
9789
9780
9772
9771
9757
9743
9734
9725
9726
9735
9744
9758
8008
9759
9773
9781
9790
9799
9808
9817
9825
9834
9843
9852
9864
9865
8013
9866
9867
9868
9869
9870
9880
9898
9881
9871
9854
9853
9844
9835
9826
9818
9819
9827
9836
9837
9845
9846
9855
9872
8012
9856
9847
9838
9829
9828
9820
9821
9812
9811
9810
9809
9800
9791
9792
9783
9782
9774
9775
9765
9766
9776
9784
9793
9801
9802
9803
9794
9785
9777
9786
9778
11254
9769
9755
9741
11253
11252
9732
9722
9723
9707
11251
11250
9699
9691
11249
11248
9683
8005
9666
11247
11246
9657
9665
9656
9648
9647
8003
9646
9655
9664
9682
9690
9681
9689
9697
9698
9706
9705
9704
9696
9703
9695
9687
9688
9680
9662
9663
9654
9653
9645
9636
9637
9628
9619
9610
9611
8002
9620
9629
9638
9639
11245
11244
9630
9621
9613
11243
11242
9604
9612
9603
9602
9601
9592
9593
9586
9585
9578
9560
9561
9562
7997
9579
9587
9594
9595
7998
11241
9563
9545
9544
9526
9527
9528
11239
11240
6333
6316
6311
4705
6294
6295
6296
6312
6318
6317
6334
6351
6350
6356
6362
6379
6363
6364
4936
6380
6381
4938
6387
6388
6389
6390
6391
6392
6393
6394
6395
6423
6422
6441
6458
6459
6442
6424
6425
6426
6427
6445
6444
6443
6460
6461
6478
6477
6476
6475
6474
6473
6456
6457
6440
6439
6421
6420
6419
6418
6417
6435
6436
6437
6438
6455
6454
6472
6471
6470
6453
6452
6469
6468
6451
6433
6434
6416
4942
6412
4941
6407
4939
6402
6386
6385
4706
6401
6406
6411
6415
6431
6448
6432
6449
6450
6467
4946
4947
6499
6505
6512
6513
6514
6515
6516
6517
6518
6519
6520
6521
6522
6523
6524
6528
6529
6546
6550
6551
6556
6555
6560
6568
6563
6559
6554
6549
6545
6544
6543
6542
6541
6540
6539
6538
6537
6536
6535
6534
6527
4949
6511
6510
6504
4709
6498
4708
6493
6483
6466
6465
4707
6482
6487
6492
11255
11256
9795
9804
11257
11258
9813
9822
11259
11260
9830
9839
11261
11262
9848
9857
11263
11264
9873
8014
9884
8015
9901
9910
9920
11267
11266
11265
6630
4717
6632
4955
6612
6613
6614
6615
6616
6617
6618
6602
6601
6600
6599
6598
6597
6596
6595
6611
6610
6594
6588
6593
6609
6625
6628
6627
4716
6624
4715
6608
6592
6587
4714
6571
6566
4713
6557
4712
6552
4711
6547
4710
6531
6532
6533
6548
6553
6558
4951
6562
6567
4952
6572
6573
6574
6575
6576
6577
6578
6579
6580
6581
6582
6603
6619
6620
6604
6605
6621
6622
6606
4953
6607
4954
6623
6626
6629
6631
6633
6650
6649
6648
6647
6646
6645
6644
6643
6642
6641
6640
6639
6638
6637
4956
6636
6635
6634
6651
4718
6654
6655
4957
6658
4719
6660
11270
10000
10007
11271
11272
10022
10037
11273
11274
10044
10053
10070
10052
10069
10085
10086
10093
11275
11276
10100
10107
11277
11278
10114
10131
11279
10138
10130
10129
10128
10113
10106
10105
10104
10111
10112
10127
10136
10137
10154
10172
10173
10155
10156
11280
11281
11282
11283
11284
11285
11286
11287
11288
11289
11290
11291
11292
11293
11294
11295
11296
11297
11298
11299
11300
11301
10389
10405
11302
10414
10413
10412
10401
10402
10403
10404
10388
10382
10381
10387
10380
10362
10379
10386
10385
10378
10377
10360
10361
10344
10345
10346
10329
10330
10347
10363
10364
10365
10348
10331
10314
10313
10297
10280
8032
10263
10256
10255
10262
10254
10238
10239
10233
10227
10221
10215
10214
10213
10220
10219
10225
10226
10232
10231
10237
10252
10253
10261
10277
10278
10279
10296
10295
10312
10311
10328
10327
10310
10294
10293
10275
10276
10260
10251
10250
10249
10248
10247
10246
10245
10244
10243
10236
10230
10229
10235
10242
10258
10259
10267
10284
10285
10268
10269
10270
10271
10272
10289
10290
10273
10274
10291
10292
10309
10326
10343
10325
10308
10307
10306
10324
10341
10342
10359
10376
10375
10358
10357
10374
10373
10372
10355
10356
10339
10340
10323
10322
10321
10338
10337
10336
10319
10320
10303
10304
10305
10288
10287
10286
10302
10301
10318
10317
10334
10335
10352
10353
10354
10371
10370
10369
10384
10383
8033
10367
10368
10351
10350
10333
10316
10300
10299
10315
10332
10349
10366
7785
10390
7786
10406
7787
10415
7788
10424
8035
10433
10425
10426
10434
10435
10427
10418
10409
10408
10417
10416
10407
10391
10392
8034
10393
10394
10395
10396
10397
10398
10399
10400
10410
10411
10420
10419
10428
10436
10437
10429
10421
10430
10438
10447
10446
10445
10454
10455
10465
10464
10476
8038
10500
10501
10502
10518
10517
10516
10515
10499
10498
8040
10486
8039
10475
10474
10463
10453
10444
10443
10452
10451
8036
10442
7789
10441
10450
7790
10459
10470
10482
10483
10494
10495
10484
10472
10471
10460
10461
10462
10473
10485
10496
10497
8041
10513
10514
10532
10533
10534
10535
10552
10553
10536
10537
10519
10503
10487
10488
10477
10478
10466
10456
8037
10457
10448
10439
10431
10422
10423
11303
11304
10432
10440
11305
11306
10449
10458
10469
11307
11308
10481
10480
10468
10467
10479
10489
10490
10491
10507
10523
8042
10540
8043
10557
8044
10574
10573
10572
10555
10556
10539
10521
10522
10506
10505
10504
10520
10538
10554
10571
10570
10569
10568
10551
10550
10549
10567
10566
10565
10548
10531
10530
10529
10528
10512
10511
10510
10493
10509
10525
10542
10543
10526
10527
10544
10561
10562
10545
10546
10547
10564
10563
10580
10590
10589
8045
10579
10578
10588
10577
10560
10559
7791
10576
10587
10597
10598
10599
10600
10616
10617
10601
10602
10603
10604
10605
10606
10607
10581
10591
10608
10635
10634
10633
10632
10631
10657
10658
10659
10660
10661
10644
10645
10662
10679
10687
10688
10698
10699
8051
10716
8052
10733
10734
10742
10741
10757
10765
10766
10758
10759
11326
11325
10743
10735
11324
11323
10718
10717
10700
10701
11322
11321
10692
10683
11320
11319
10666
8049
10665
8050
10682
10691
10690
10689
10681
10680
10663
10664
10646
10638
10637
10636
10618
10619
10609
8046
10592
10582
10583
10593
10610
10620
10621
10611
10594
10584
10585
10595
10612
10622
8047
10639
10647
10648
10649
11318
10640
11317
11316
10623
10613
11315
11314
10596
10586
11313
10575
11312
11311
10558
10541
11310
10524
10508
10492
11309
6864
4752
6863
4751
6862
4750
4962
6861
4749
6860
4748
6859
4747
6858
4746
4961
6857
4745
6856
4744
6855
4743
6854
4742
6853
4741
6852
4740
6851
4739
6850
4738
6849
4737
6848
4736
6847
4735
6846
4734
6845
4733
6844
4732
6843
4731
6842
4730
6841
4729
6840
4728
6839
4727
6838
4726
6837
4725
6819
6818
4724
6817
4723
6800
6801
6802
6785
6786
6769
6752
6751
6768
6784
6783
6766
6767
6750
6749
6748
4722
6747
4721
6746
4720
6730
6731
6732
6714
6713
6696
6697
6680
6679
6662
6663
6664
6681
6682
6699
6698
6715
6716
6700
6701
6684
6683
6665
6666
6667
6668
6685
6686
6669
6670
6671
6672
6673
6690
6707
6724
6741
6740
6739
6723
6722
6705
6706
6689
6688
6687
6704
6721
6738
6737
6736
6719
6720
6703
6702
6718
6717
6733
6734
6735
6753
6754
6755
6756
6757
6774
6773
6790
6791
6792
6793
6776
6775
6758
6759
6760
6777
6794
6811
6810
6809
6808
6807
6806
6805
6788
6789
6772
6771
6770
6787
6804
6803
6820
6821
6822
6823
6824
6825
6826
6827
6828
6829
6830
6831
6832
6833
6834
6835
6816
6815
6814
6813
6812
6795
6796
6779
6778
6761
6762
6763
6764
6781
6780
6797
6798
6799
6782
6765
6729
6712
6711
6728
6745
6744
6743
6742
6725
6726
6727
6710
6693
6692
6709
6708
6691
6674
6675
6676
6677
6694
6695
6678
6661
6659
6656
6652
6653
7475
7476
6657
4958
4959
7477
7478
7479
7480
7481
4960
7482
7483
7484
7485
7486
7487
7488
7489
7490
6836
7491
7492
7493
7494
7495
7496
7497
7498
7499
7500
7501
7502
7503
7504
7505
7506
7507
7508
7509
7510
7511
7512
7513
7514
7515
7516
7517
7518
7519
7520
7521
4963
6881
6880
6879
6878
6877
6876
6875
6874
6873
6872
6871
6870
6869
6868
6867
6866
6865
4753
6882
6883
6884
6885
6886
6887
6888
6889
6890
6891
6892
6893
6894
6895
6896
6897
6898
6899
6900
6918
6917
6916
6915
6914
6913
6912
6911
6910
6909
6908
6907
6906
6905
6904
6903
6902
6901
4754
6919
4755
6920
4756
6921
4757
6922
4758
6923
4759
6924
4760
6925
4761
6926
4762
6927
4763
6928
4764
6929
4765
6930
4766
6931
4767
6932
4768
6933
4769
6934
4770
6935
4771
6936
4772
6937
4773
6938
6939
4774
6955
4775
6958
6961
4776
6964
4777
6968
6969
6965
4965
6940
6941
6942
6943
6944
6945
6946
6947
6948
6949
6950
6951
6952
6953
6954
6956
6957
7542
4964
7541
7540
7539
7538
7537
7536
7535
7534
7533
7532
7531
7530
7529
7528
7527
7526
7525
7524
7523
7522
3884
3903
2034
3922
2035
3926
2036
3930
2037
3934
2038
3938
2039
3942
2040
3946
2041
3950
3954
2042
3939
3943
3947
3951
3955
3963
2225
3959
2043
3958
2044
3962
2045
3981
2046
3984
2047
3987
2048
3990
2049
3993
2050
3996
2051
3999
2052
4002
4005
2053
3964
3965
3966
3967
3968
3969
3970
3971
3972
3973
3974
3975
3976
3977
3978
3979
3982
3985
3988
3991
3994
3997
4000
4003
4006
4025
4024
4023
4022
4021
4020
4019
4018
4017
4016
4015
4014
4013
4012
4011
4010
4009
4008
2054
4027
2055
4029
2056
4031
2057
4033
2058
4035
2059
4037
2060
4039
2061
4042
2062
4045
2063
4048
2064
4051
2065
4054
2066
4057
2067
4060
2068
4063
2069
4066
2070
4069
2071
4072
2072
4075
2073
4078
2074
4081
2075
4084
2076
4086
2077
4088
2078
4090
2079
4092
2080
4094
2081
4096
2082
4098
2083
4100
2084
4102
2085
4104
4106
4107
4108
4109
4110
4128
4127
4126
4125
4124
2086
4143
2087
4145
2088
4147
2089
4149
2090
4150
2091
4151
2092
4152
2093
4153
2094
4154
2095
4155
2096
4156
2097
4157
2098
4158
2099
4159
2100
4160
2101
4161
2102
4162
2103
4163
2104
4164
2105
4165
2106
4166
2107
4167
2108
4168
2109
4169
2110
4170
2111
4171
2112
4172
2113
4173
2114
4174
2115
4175
2116
4176
2117
4177
2118
4178
2119
4179
2120
4180
2121
4181
2122
4182
2123
4183
2124
4184
2125
4185
2126
4186
2127
4187
2128
4188
2129
4189
2130
4190
2131
4191
2132
4192
2133
4193
2134
4194
2135
4195
2136
4196
2137
4197
2138
4198
2139
4199
2140
4200
2141
4201
2142
4202
2143
4203
2144
4204
2145
4205
2146
4206
2147
4207
2148
4208
2149
4209
2150
4210
7638
7637
7636
7635
7634
7633
7632
7631
7630
7629
7628
7627
7626
7625
7624
7623
7622
7621
7620
7619
7618
7617
7616
7615
7614
7613
7612
7611
7610
7609
7608
7607
7606
7605
7604
7603
7602
7601
7600
7599
7598
7597
7596
7595
7594
7593
7592
7591
7590
7589
7588
7587
7586
7585
7584
7583
7582
7581
7580
7579
7578
7577
7576
7575
7574
7222
4977
7219
7220
7573
7572
7571
7570
7179
7175
7569
7568
7172
7168
7567
7566
7164
7163
7167
7171
7174
7178
7181
7182
7185
7184
7202
7201
7218
7217
7200
7199
7216
7215
7198
7197
7196
7214
7213
7212
7211
7210
7209
7195
7194
7193
7192
7191
7208
7207
7206
7190
7189
4976
7177
4791
7176
7180
4792
7183
7186
7187
7188
7205
7204
7203
4793
7221
4794
7223
4795
7224
4796
7225
4797
7226
4798
7227
4799
7228
4800
7229
4801
7230
4802
7231
4803
7232
4804
7233
4805
7234
4806
7235
4807
7236
4808
7237
4809
7238
4810
7239
4811
7240
4812
7241
4813
7242
4814
7243
4815
7244
4816
7245
4817
7246
4818
7247
4819
7248
4820
7249
4821
7250
4822
7251
4823
7252
4824
7253
4825
7254
4826
7255
4827
7256
4828
7257
4829
7258
4830
7259
4831
7260
4832
7261
4833
7262
4834
7263
4835
7264
4836
7265
4837
7266
4838
7267
4839
7268
4840
7269
4841
7270
4842
7271
4843
7272
4844
7273
4845
7274
4846
7275
4847
7276
4848
7277
4849
7278
4850
7279
4851
7280
4852
7281
4853
7282
4854
7283
4855
7284
4856
7285
4857
7286
4858
7287
11423
11422
11421
11420
11419
11418
11417
11416
11415
11414
11413
11412
11411
11410
11409
11408
11407
11406
11405
11404
11403
11402
11401
11400
11399
11398
11397
11396
11395
11394
11393
11392
11391
11390
11389
11388
11387
11386
11385
11384
11383
11382
11381
11380
11379
11378
11377
11376
11375
11374
11373
11372
11371
11370
11369
11368
11367
11366
11365
11364
11363
11362
11361
11360
11359
11358
8064
11357
11356
11355
11354
11353
11352
11351
11350
11349
11348
7135
4787
7130
4786
7125
4785
7120
4784
7115
4783
7110
4782
7105
4781
7100
4780
7101
7106
7111
7116
7121
7126
7131
7136
4973
7140
7144
4788
7161
4789
7165
4790
7169
7173
4975
7170
7166
7162
7145
7146
7147
7148
7149
7150
7151
7152
7153
7154
7155
7156
7157
7158
7141
7137
7132
7138
7142
4974
7159
7160
7565
7564
7143
7139
7563
7562
7134
7133
7128
7129
7561
7560
7124
7119
7559
7558
7114
7113
7118
7123
7127
7122
7117
7112
7107
7102
7103
7108
7109
7557
7556
7104
7099
7555
7554
7082
7065
7553
7552
7048
7031
7551
7550
7014
7010
7549
7548
6993
6988
7547
7546
6971
6967
7545
6963
7544
7543
6960
6959
6962
6966
6970
4966
6987
6986
6985
6984
6983
6982
6981
6980
6979
6978
6977
6976
6975
6974
6973
6990
6995
6996
6997
6998
6999
7000
7001
7002
7003
7004
7005
7006
7007
7008
6991
6992
4967
7009
7013
4968
7030
4969
7047
4970
7064
4971
7081
4972
7098
7063
7080
7097
7096
7079
7062
7061
7060
7059
7043
7044
7045
7046
7029
7028
7027
7026
7025
7042
7041
7024
7023
7022
7021
7020
7037
7038
7055
7056
7039
7040
7057
7058
7075
7076
7077
7078
7095
7094
7093
7092
7091
7074
7073
7072
7090
7089
7088
7071
7054
7053
7036
7019
7018
7017
7033
7034
7035
7052
7069
7070
7087
7086
7085
7084
7083
7066
7067
7068
7051
7050
7049
7032
7015
7016
7012
7011
4779
6994
6989
4778
6972
11333
10832
10815
11332
11331
10809
10808
10802
10796
10797
10803
11330
10781
11329
11328
11327
10767
10774
10773
10780
10795
10801
10807
10813
10814
10831
10848
10849
8058
10866
11334
10883
10882
10881
10880
10865
10864
10863
10846
10847
10830
10829
10828
10827
10845
10862
10861
10844
10843
10826
10825
10824
10842
10859
10874
10875
10876
10860
10877
10878
10879
10885
10900
10901
10902
10886
10903
11335
10906
10909
11336
11337
10912
10915
11338
11339
10918
10921
11340
11341
10924
10927
11342
11343
10930
10933
11344
11345
10936
10939
11346
11347
10942
10944
10961
10960
10959
10963
10965
10967
10968
10970
10991
10990
10989
10974
10972
10953
10954
10955
10956
10957
10958
10943
10941
10938
10935
10932
10929
10926
10923
10920
10917
10914
10911
10908
10905
10899
10898
10897
10896
10895
10894
10893
10892
10891
10890
10889
8061
10888
8060
10887
7801
10884
7800
10867
7799
10850
10851
8059
10868
10869
10870
10871
10855
10854
10853
10836
10837
10856
10872
10873
10857
10858
10841
10840
10823
10822
10839
10838
10821
10820
10819
10818
10835
10852
10834
10833
10816
10817
10811
10805
10799
10783
10784
10776
8056
8055
10761
10762
10747
10746
10745
10720
10703
10704
10722
10721
8053
10737
10738
10748
10763
10770
10769
10777
8057
10785
10786
10787
10788
10789
10790
10791
10792
10812
10806
10800
10793
10794
10779
10772
10778
10771
10764
10756
8054
10740
10732
10715
10697
10696
10714
10731
10739
10755
10754
10753
10752
10751
10750
10749
10725
10724
10723
10706
10705
10694
10695
10707
10708
10709
10726
10727
10710
10711
10728
10729
10730
10713
10712
10678
10677
10676
10675
10674
10673
10656
10655
10672
10686
10685
10670
10671
10654
10643
10630
10629
10628
10627
10626
8048
10642
10653
10652
10669
10668
10651
10625
10615
7792
10614
10624
10641
10650
10667
7793
10684
7794
10693
10702
10719
10736
10744
7795
10760
10768
10775
10782
7796
10798
7797
10804
7798
10810
15437
15436
11832
14646
15435
14643
15434
15433
14640
14636
14635
14620
14619
14603
14618
14617
14616
14615
14631
14632
14633
14634
14639
14642
14645
14648
14650
14667
14684
14683
14682
14666
14665
14681
14680
14664
14663
14679
14678
14677
14676
14675
14674
14673
14672
14671
14670
14669
11833
14652
14653
14654
14655
14656
14657
14658
14659
14660
14661
14662
14629
14630
14614
14613
14612
14628
14627
14611
14610
14609
14626
14625
14624
14608
11829
14602
14595
14578
14579
14580
14581
14582
14583
14584
14585
14586
14587
14588
14589
14590
14596
14597
11828
14604
14598
15432
15431
14591
11825
14574
15430
15429
14568
11823
11822
14545
15428
15427
14538
14531
14530
14537
14544
14543
14550
14551
14567
14573
14566
14565
14564
14563
14562
14561
14560
14559
14558
14557
14556
14572
14571
14570
11824
14554
14547
14553
14552
14546
14539
14540
14533
14532
14516
14509
11568
14492
14493
14494
14510
11818
14495
14511
14517
11819
14534
11820
14541
11821
14548
14555
14549
14542
14535
14518
14512
14519
14520
14521
14522
14523
14524
14525
14526
14527
14528
14536
14529
14513
14514
14515
15426
15425
15424
14485
14484
14483
14490
14491
14508
14507
14506
14505
14504
14503
14502
14501
14500
14499
14498
14497
14496
14489
14488
14471
14472
14473
14474
14475
14476
14477
14478
14479
14480
14481
14482
11817
14458
14465
14466
14467
11815
15423
14453
14452
14460
14459
14451
14450
14442
14443
14444
14445
15422
15421
14437
14436
14435
11813
14418
14419
14412
14411
14434
14433
14432
14431
14430
14429
14428
14427
14426
14417
14416
14415
14423
14424
14425
14441
14449
11814
11816
14464
14470
14487
14469
14486
11567
14468
14461
14462
14463
14457
14448
14440
14439
14422
14447
14456
14455
14454
14446
11566
14438
11565
14421
14414
11564
14401
11563
14394
11562
14387
11561
14381
14358
14341
14324
14307
14300
11560
14293
11559
14286
11558
14270
14253
14237
14233
14234
14238
14254
14255
14239
14240
14241
14242
14258
14259
14243
14244
14245
14246
14247
14248
14249
14250
14266
14281
14280
14265
14264
14279
14278
14263
14262
14277
14276
14261
14260
14275
14274
14273
11808
14257
14256
14272
14271
14287
14288
14289
14290
14296
14297
14304
14311
14328
14327
14326
14309
14310
14303
14302
14295
14294
14301
14308
14325
14342
14343
14344
14345
14362
14361
14360
14359
11809
14375
14376
11810
14382
14388
14395
14396
14403
14402
11812
14408
14409
14410
14404
14397
14390
14389
14383
14377
14384
14378
14363
14346
14329
14312
14313
14314
14330
14331
14332
14315
14316
14333
14348
14347
14364
14365
14366
14349
14350
14367
14368
14351
14334
14317
14318
14319
14336
14353
14335
14352
14369
14370
14371
14354
14337
14320
14321
14338
14339
14322
14305
14298
14291
14284
14269
14268
14283
14282
14267
14251
14252
14236
14235
14231
14232
14227
14226
14225
14224
14207
14208
14209
14210
14211
14193
14189
14185
14182
14179
14176
14173
11798
14168
14150
14133
14126
14132
14147
14148
14149
14167
14166
14165
14164
14146
14145
14163
14162
14144
14143
14161
14160
14142
14141
14159
14158
14140
14139
14157
11797
14156
14155
14154
14171
14172
11799
11800
11801
11802
14188
14197
14198
14199
14200
14201
14202
14203
14204
14205
14206
14223
14222
14221
14220
14219
14218
14217
14216
11805
14215
14214
14213
14230
14229
11557
14212
14195
14196
14192
14191
11556
14187
11555
14184
14181
14178
14175
14170
14152
14153
14136
14135
11554
14129
14123
14117
14100
14101
14102
11793
14118
11794
14124
11795
14130
11796
14137
14138
14131
14125
14119
14103
14104
14105
14106
14107
14108
14109
14110
14111
14112
14113
14120
14114
11792
14097
11791
14091
14098
14099
14115
14116
15395
15396
14122
14121
14127
14128
15397
15398
14134
14151
14169
14174
14177
15399
15400
14180
14183
15401
15402
14186
14190
15403
15404
14194
15405
15406
11803
14228
11804
11806
11807
15407
14285
14292
15408
15409
14299
14306
14323
14340
14357
14374
14373
14356
14355
14372
14379
14385
14391
14392
14399
14398
14405
14406
14407
14413
14420
15420
15419
15418
14400
15417
15416
14393
14386
11811
14380
15415
15414
15413
15412
15411
15410
10298
10281
10282
10283
10266
10265
10264
10257
7784
10240
10241
10234
7783
10228
7782
10222
7781
10216
7780
10210
7779
10204
7778
10198
7777
10192
7776
10186
7775
10180
7774
10174
7773
10157
10158
10159
10175
10181
10187
10193
10199
10205
10211
10217
10223
10224
10218
10212
10206
10200
10194
10188
10182
10176
10160
10142
10134
10143
10161
10162
10144
10145
10146
10163
10164
10165
10147
10148
10149
10150
10166
10167
10168
10183
10189
10195
10196
10202
10201
10207
10208
10209
10203
10197
10191
10190
10184
10185
10179
10178
10177
10169
10170
10171
10153
10152
10151
10135
10126
10125
10124
10123
10122
10121
10120
10119
10118
10117
10116
8030
8031
10133
10141
10140
10139
10132
10115
7772
10108
7771
10101
7770
10094
7769
10087
7768
10071
10054
7767
10055
10056
8028
10072
10088
10095
10102
10109
10110
10103
10096
10089
10073
10057
8027
8029
10074
10058
10059
10075
10076
10060
10061
10077
10078
10062
10063
10079
10080
10064
10065
10049
10041
10042
10050
10067
10066
10082
10081
10090
10097
10098
10099
10091
10092
10083
10084
10068
10051
8026
10043
10036
10035
8023
10020
10021
10006
8022
10005
10004
9997
9998
9999
9991
9992
9993
9976
11269
9968
9967
8019
9958
9957
9956
9966
9965
9974
9975
9990
9989
9988
9987
9986
9985
9973
9964
9955
9944
9929
9916
9930
9945
9946
9947
9948
9949
9959
11268
9950
9935
9934
9933
9932
9931
9917
9918
9919
9909
9900
9883
9882
9899
9908
9907
9906
9897
9896
9895
9894
9893
9892
9891
9890
9905
9915
8017
9925
9926
9927
9928
9943
9942
9941
9940
8018
9954
9939
9924
9923
9938
9953
9962
9971
9963
9972
9979
9980
9996
8021
10003
10012
10027
10013
9981
9982
9983
9984
10016
10017
10018
10019
10034
10033
10032
10031
10030
10015
10014
10029
10028
8025
10048
10040
10026
10011
10010
10009
10024
10025
8024
10039
10047
10046
10045
10038
10023
10008
10001
10002
9995
9978
8020
9970
9961
9952
9937
9922
9912
9913
9914
9889
9888
9904
9903
8016
9887
9886
9875
9876
9877
9878
9879
9863
9862
9861
9860
9850
9851
9842
8011
9833
9824
9816
9815
9806
9807
9798
9797
7753
9787
7754
9796
7755
9805
7756
9814
8010
9823
9832
9841
7757
9831
9840
7758
9849
9858
9859
9874
9885
9902
7759
9911
7760
9921
7761
9936
7762
9951
7763
9960
7764
9969
7765
9977
7766
9994
15389
15388
15387
15386
13980
15385
15384
13975
13970
15383
15382
13965
13959
13941
13923
13922
13940
13958
13964
13969
13968
13963
13955
13954
13953
13952
13934
13935
13917
13916
13915
13933
13951
13950
13932
13914
13898
13899
13900
13901
13902
13918
13936
13937
13919
13903
13904
13920
13938
13956
13957
13939
13921
13905
13888
13883
13878
13874
13871
13867
13863
13859
13860
13864
13868
13872
13875
13879
13884
13889
11779
13906
15381
15380
15379
15378
15377
15376
15375
15374
13843
15373
13839
13822
11773
13838
13842
13858
13857
13856
13855
13854
13853
13852
13851
13850
13849
13848
13847
13846
13862
13866
13870
13873
13877
11778
13882
13886
13887
13893
13894
13895
13911
13912
13896
13897
13913
13931
13949
13948
13930
13929
13947
13946
13928
13910
13909
13908
13892
13891
13890
13885
11550
13880
13881
13876
11549
11777
13869
11548
13865
11547
13861
11546
13844
11545
11775
13840
11776
13845
13841
13825
13824
11774
13823
11544
13819
11543
13815
11542
13811
11541
13806
11540
13800
13801
13795
11769
13796
11770
13802
13807
13812
13816
13820
13826
13827
13828
13829
13830
13831
13832
13833
13834
13835
13836
13837
13821
13817
13813
13808
13803
13804
13809
11771
11772
13818
13814
13810
15372
15371
13805
13799
15370
15369
13793
13792
13798
13797
13791
13785
13780
13775
11768
13786
13781
15368
15367
13771
13776
11766
13770
13769
13764
11765
13765
13760
13755
11762
11763
13754
13759
13758
13753
13752
13757
11764
13762
13763
13768
13767
13773
13774
13779
13784
13790
13789
13783
11767
13778
13788
13794
13787
11539
13782
13777
11538
13772
11537
13766
11536
13761
13756
11535
13751
11534
13745
11533
20362
17982
17997
18012
15872
17996
17981
17980
17979
17978
17993
17994
17995
18011
15874
18026
18027
18042
20363
18056
18070
20364
18083
18099
18098
18082
18069
18055
18041
18040
18039
18054
18067
18068
18097
18113
18124
18112
18111
18123
18134
18135
18146
18145
18133
18122
18110
18094
18079
18080
18095
18096
18081
18066
18065
18078
18064
15877
18050
18035
15876
18020
18005
17989
18004
15873
15875
18049
18063
18062
18061
18047
18048
18034
18033
18032
18031
18046
18060
18074
18087
18073
18059
18045
18044
18029
18028
15656
18043
15657
18057
18058
18072
18071
18084
18085
18086
18102
18103
18120
18104
18088
15879
18075
15878
18076
18077
15880
18089
15881
18105
18106
18090
18091
18107
18108
18092
18093
18109
18121
18132
18143
18144
18155
18154
18164
18165
18166
18156
18157
18167
18181
18182
18183
18168
18158
18147
18136
18125
18114
18115
18126
20365
20366
18137
18148
20367
20368
18159
20369
18169
20370
18196
18185
18184
18195
18206
18207
20371
20372
18218
18217
18227
18238
18228
20373
20374
18239
20375
20376
20377
18278
15886
18261
18250
18249
18260
18277
18276
18259
18248
18247
18246
18245
18234
18235
18224
18223
18213
18214
18203
18204
18215
18225
18236
18237
18226
18216
18205
18194
18193
18192
18202
18191
18180
18179
18178
18177
18176
18175
18174
15884
18173
15883
18163
18162
18152
18151
18139
18128
18129
18140
18141
18153
18142
18131
18130
18119
18118
18117
18101
18100
15658
18116
15659
18127
15660
18138
15661
18149
18150
15882
18160
18161
18171
18172
18188
18199
18198
18187
18170
15662
18186
15663
18197
15664
18208
18209
15885
18219
18220
18210
18211
18200
18189
18190
18201
18212
18222
18221
18232
18233
18244
18255
18254
18243
18242
18241
18231
18230
15665
18229
15666
18240
15667
18251
18252
18253
18264
18263
18262
18279
18280
18297
18281
18265
18266
15887
18282
18283
18267
18268
18269
18284
18302
18303
18285
18270
18271
18272
18287
18286
18304
18322
18323
18305
18306
18288
18273
18256
18257
18258
18275
18274
18289
18307
18308
18290
18291
18292
18293
18294
18312
18311
18329
18330
15888
18347
15889
18364
15890
18381
20380
20379
20378
13907
13924
13925
13942
13960
13961
13943
13944
13926
13927
13945
11780
13962
13967
11781
11782
13972
13977
13985
13984
13983
14000
13999
13982
13966
13971
11551
13976
13981
13998
11552
14014
14017
14034
14039
14056
14057
14040
14041
14035
14018
14019
14015
14001
14002
14003
13986
13987
13988
14004
14005
14006
14007
13989
13990
13991
14008
13992
14009
14010
14011
14012
13993
13994
13995
13996
13978
13973
13974
13979
13997
11783
14013
14016
14033
14032
14031
14030
14029
14028
14027
14026
14025
14024
14023
14022
14021
14020
11784
14036
14042
14043
14044
14045
14046
14047
14048
14049
14050
14051
14052
14053
14037
14038
15390
15391
15392
15393
14082
11788
15394
14093
14092
14087
14086
11786
14081
14076
14072
14055
14054
14071
14070
14069
14068
14067
14066
14065
14064
14063
14062
14061
14060
14059
14058
11785
14074
14075
14080
14085
14090
14096
14095
11790
14089
11789
14084
11787
14079
14078
14073
11553
14077
14083
14088
14094
20388
18526
18535
20389
20390
18544
18553
20391
20392
18562
20393
18572
18590
18589
18588
18606
18607
18608
15899
18625
20394
20395
18635
18645
20396
20397
18655
15903
15905
15907
20398
18700
18699
18698
18682
18683
18674
18673
18681
18697
18696
15908
18680
18671
18672
18663
18664
18665
18654
18644
18634
18624
18633
18632
18642
18643
18653
18652
18662
18651
18641
18631
18622
18623
18605
18587
18570
18571
18561
18552
18543
18534
18525
18524
18515
18514
18523
18533
18532
18541
18542
18551
18550
18559
18560
18569
18585
18586
18604
18621
18603
18602
18620
18630
18640
18650
18661
18670
18679
18695
18694
18693
18705
18715
18725
18735
18752
18753
18736
18726
18727
18717
18716
15910
18706
18707
18708
18718
18728
18729
18719
18709
18710
18720
20399
20400
18730
20401
18740
18757
18766
18775
18783
18782
15919
15917
18774
18765
15915
18755
18756
18739
18738
18737
18754
18764
18773
18763
18772
18780
18781
18789
18788
18797
18798
18807
18806
18821
18820
18819
18818
18817
18816
18804
18795
18786
18794
18785
18777
18776
15685
18784
15686
18793
15687
18802
18803
18811
18828
15921
18812
18813
18814
18815
18829
18839
18849
18859
18869
18878
18888
15923
18910
18909
18900
18899
18898
18897
18908
18918
18928
18927
18917
15694
18907
15693
18896
18886
15692
18887
18877
15922
18868
18858
18848
18838
15688
18837
15689
18847
15690
18857
15691
18867
25306
23898
25307
23906
23924
23923
20913
23932
20914
25308
23957
23973
23981
20916
23980
23972
23971
23970
23969
23968
23979
23987
23986
23978
23967
23966
23965
23964
24000
23999
23998
23997
23996
23995
24010
24022
24033
20918
24034
24046
24047
24058
24057
24070
24069
24082
24083
24098
24110
24111
24099
24084
24085
24086
24087
24071
24088
24089
24072
24060
24059
24048
24049
24036
24035
24023
24011
24001
24024
24012
24002
24003
20917
24004
23988
23989
24005
24016
24015
24014
24013
24025
24037
20920
24050
24051
24063
24064
24076
24075
24074
24062
24061
24073
20923
24090
24091
24104
24118
24117
24103
24102
24101
24100
24114
24115
24116
24132
24133
24134
24150
24151
24135
24119
24105
24092
24093
20925
24106
24094
25315
24077
25314
25313
24065
24053
24052
24039
24038
24026
24027
24028
24040
24041
25312
25311
24029
24017
25310
24006
23990
25309
19004
19021
19032
19049
19066
19050
19067
19068
19085
19084
15697
19083
19093
19094
15938
15939
19104
19105
19096
19095
19086
19087
19071
19054
19072
19073
19074
19057
19040
19039
19056
19055
19038
19037
19036
19053
19070
19069
19052
19051
19035
19034
19033
19022
19005
18996
18997
18980
18979
18995
15696
18978
15695
18969
18970
18955
18954
18936
18937
18938
18956
18971
18972
15931
18981
18998
19007
19006
19023
19024
19025
19008
19009
19010
15934
19011
19012
19013
19014
19015
18987
18986
18985
18984
18983
18982
15929
15927
18940
18939
18929
18919
18920
15925
18930
18941
15928
18957
18942
18943
18958
18959
18944
18945
18946
18960
18961
18988
18989
18990
18991
18974
18973
15930
18963
18962
18947
18948
18949
18964
18965
18950
18951
18966
18975
18992
15932
19001
19000
18999
19016
19026
19043
19044
19061
19060
19059
19042
19041
19058
19075
19076
19077
19078
19088
19097
19089
19090
19099
19098
19107
19106
15940
19122
19123
19124
19108
19109
19125
19136
19135
19134
19145
19156
19167
19183
15946
19182
19197
19198
19214
19213
19224
19225
19226
19227
19228
19217
19216
19215
19199
19184
19185
19200
19201
19202
19218
19229
20425
20426
19239
19256
20427
20428
19282
15955
20429
19301
20430
19318
19335
20431
19345
19344
19334
19317
19300
19291
19281
19280
15954
19271
19272
19273
19255
19238
19237
19236
19254
19253
19252
15953
19235
19234
19251
19250
19249
19248
19247
19246
19245
19262
19263
19264
19265
19266
19267
19268
19269
19270
19279
19288
19289
19290
19299
19298
19297
15956
19314
19315
19316
19333
19343
19353
19352
19342
19332
19341
19331
19330
19313
19329
19340
19350
19351
19361
19360
19370
19405
19404
19387
19386
19385
19402
19403
19427
19426
19425
19424
19423
19422
19413
15964
19412
19421
15966
19438
19439
19448
19447
19464
19465
19481
19482
19466
19449
19450
19467
19483
19484
19499
19500
19501
19502
19503
19487
19488
19489
19490
19505
19504
19522
19521
19520
19519
19518
19517
19516
19498
19497
19514
19515
15972
19531
19540
19550
19560
19570
19580
19589
19599
15975
19609
19610
19611
19612
19613
19614
19615
19616
19627
19626
15977
19635
19636
19628
19618
19617
19601
19600
19590
19581
19571
19582
19591
19583
19573
19574
19575
19565
19555
19554
19544
19543
19553
19564
19563
19572
19562
19561
19551
19552
19542
19541
19532
19533
19534
19524
19523
15971
19506
15970
19491
19475
19474
19473
19456
19455
19472
19471
19470
19486
19485
19469
19468
19451
19452
19453
19454
19428
19429
19430
19431
19432
19433
19416
19415
19414
19406
19407
19389
19388
15962
19371
19372
19362
19363
19373
19390
19374
19364
19354
19355
20432
20433
19365
19375
20434
20435
19392
19391
15963
19408
19409
20436
20437
19418
19435
19417
19434
19443
19444
20438
20439
19461
19460
19459
19442
19441
19440
15967
19457
19458
19476
19492
19507
19508
19525
19535
19536
19526
19509
19493
15969
19477
15968
19478
20440
20441
19494
19510
20442
20443
19527
20444
19537
19545
19546
20445
20446
19556
19566
20447
20448
19576
19586
20449
20450
19595
20451
19605
20452
19631
19621
19604
19594
19585
19584
19593
19592
19602
19603
19619
19620
19630
19629
19637
19638
19639
19656
20453
19673
19672
19655
19654
19671
19670
15979
19653
19652
19651
19650
19649
19648
19647
19646
19645
19644
19662
19663
19664
19665
19666
19667
19668
19669
19678
19686
19694
19702
19710
19711
19712
19703
19704
19696
19695
19687
19679
19688
19680
19681
20454
20455
19689
19697
20456
20457
19705
19713
20458
20459
19720
20460
20461
19728
15982
19744
15984
19760
19770
19780
19790
20462
19801
19789
19779
19769
19768
19767
19777
19778
19788
19787
19786
15987
19776
15986
15985
19766
19757
15983
19758
19759
19743
19726
19727
19719
19718
19717
19725
19742
19741
19740
19756
19755
19739
19738
19737
19754
19753
19736
19752
19751
19750
19734
19735
15980
15981
19724
19723
19731
19730
19746
19747
19762
19772
19782
19792
19793
19783
19784
19774
19773
19763
19764
19748
19732
19733
19749
19765
19775
19785
19795
19794
19805
19806
19823
19822
19821
19804
19803
19802
15722
19791
15721
19781
15720
19771
15719
19761
15718
19745
19729
19722
19721
19714
19715
19716
19708
19709
19701
19700
19699
19707
19706
15717
19698
15716
19690
15715
19682
15714
19683
19691
19692
19693
19685
19684
19677
19676
19675
15713
19674
25345
25344
24669
24678
24686
25346
25347
24694
24703
25348
25349
24712
25350
24721
24729
20961
24720
24711
24710
24701
24702
24693
24692
24691
24690
24699
24700
24709
24708
24717
24718
24719
24728
24727
24735
24726
24734
24742
24743
24751
24750
24758
20967
24765
24759
24760
24752
24744
24736
20963
24737
25351
24745
24753
20964
20965
24761
24768
24784
24783
24799
24800
24817
24824
25352
25353
24830
24836
25354
25355
24841
24846
20973
24840
24839
24834
24835
24829
24828
24822
24823
24816
24815
24798
24782
24767
24766
24797
24814
24813
24796
24781
24795
24780
24779
24794
24812
24811
24810
24793
24778
24777
24792
24809
24808
24791
24790
24807
24806
24789
24776
24775
24774
24773
24788
24805
24804
20970
24787
24786
24770
20968
24771
20969
24772
24764
20966
24756
24755
24747
24739
24740
24748
24757
24749
24741
24733
20962
24725
24716
24707
24698
20957
24657
24656
24655
24637
24638
24639
24622
24623
24640
24658
24659
24641
24642
24660
24661
24643
24644
24662
24663
24645
24646
24664
24665
24647
24630
24629
24628
24627
24626
24625
24624
20953
24621
24614
24606
24607
24599
24598
20951
24590
24591
24582
24574
24565
24556
24548
24540
24539
24546
24547
24555
24564
24573
24581
24580
24572
24562
24563
24554
24553
24545
20670
24544
20671
24552
20672
24561
20673
24570
24571
20950
24579
24589
24605
24604
24603
20675
24596
24597
24588
20674
24587
30245
29351
29341
30244
30243
29332
29331
29340
29339
29330
29320
29321
29322
30242
30241
29312
29302
29301
29311
29310
29300
29291
29281
29270
29271
29282
29292
30240
30239
30238
30237
29260
29249
29232
29231
29221
29222
30236
30235
29205
29188
29187
29204
29203
25811
29220
25812
29230
29247
29248
29259
29258
29257
29268
29269
29280
29290
29289
25816
29299
29298
29287
29277
29288
29279
29278
29267
29256
29246
29245
29244
29228
29229
29219
29218
29217
29227
29216
29199
29198
29215
29214
29197
29196
29213
29212
29195
29194
29193
29211
29210
29209
29192
29183
25808
29174
29191
29208
29207
29224
25813
29233
25559
29223
25558
29206
29189
29190
29182
29181
29172
29173
29157
29156
29147
29148
29140
29139
29123
29124
29116
29115
29114
29099
29090
25557
29081
29067
29053
29054
29055
29069
29068
29082
29091
29100
29101
29102
29092
29083
25797
25795
25793
29040
29041
25794
29042
29024
29023
29022
29004
28988
28987
29003
29002
29020
29021
29039
29038
29037
29036
29018
29019
29001
29000
28984
28985
28986
28975
28963
28951
28939
28938
28950
28949
28961
28962
28974
28973
28972
25556
28960
28948
28936
28937
28920
28919
28905
28906
28907
28921
28922
28923
28924
25788
28940
28925
28926
28941
28953
28952
25789
25790
28964
28965
28977
25791
28976
28989
29005
29006
29007
29008
28990
28991
28992
28993
29011
29010
29029
29028
29027
29009
29026
29025
29043
29056
29070
25796
29084
29093
25799
29103
29104
29105
29106
29107
29108
29094
29085
29086
29095
29109
29110
29111
29120
29136
29144
29145
29154
29153
29152
25804
29135
29134
29119
29118
29133
29132
29131
29130
29129
29128
29127
29126
25802
25800
25798
29117
25801
29125
25803
29141
25805
29149
25806
29158
25807
29159
29160
29161
29162
29163
29164
29165
29150
29142
29143
29151
29167
29176
29166
29175
25809
29184
25810
29200
29201
29202
29186
29185
29177
29168
29169
29178
29179
29170
29180
30234
29171
29155
30233
29146
29138
29137
29121
29112
29097
29096
29087
29088
29079
29078
29063
29077
29076
29075
29074
29073
29072
29071
29057
29044
29045
29058
29059
29046
29047
29060
29061
29062
29049
29048
29030
29031
29013
29012
28994
28995
28996
29014
29032
29033
25792
29050
29064
29065
29066
29080
29089
30230
30231
29098
29113
29122
30232
24378
20667
24368
20666
24369
24370
24354
24353
24344
24328
24327
24343
24352
24351
24342
20665
24326
24314
24315
24298
24297
24280
20664
24268
24281
24269
24254
24270
20939
24282
24283
24271
24256
24255
24237
24236
24235
24253
24252
24234
24218
24202
24203
24219
24220
24221
24238
24257
24272
24284
24302
24301
24318
24317
24300
24299
24316
24329
24330
24331
24332
20940
24303
24304
24335
24334
24333
24357
24356
24345
24355
24371
24381
24392
24409
24410
24393
24394
24411
24428
24427
24426
24444
24459
24476
24475
24491
24499
20946
24507
20947
24515
24514
24513
24505
24497
24506
24498
24490
24489
24473
24474
24457
24458
24443
24442
24425
24408
24391
24380
24379
24389
24390
24407
24406
24388
24405
24422
24423
24424
24441
24440
24439
24454
24455
24456
24472
24471
20668
24488
20669
24496
24504
24512
24520
24521
20948
24537
24538
24522
24523
24524
24525
24526
24527
24528
24529
24530
24531
24532
24533
24508
24516
24534
24541
24549
24557
24566
24575
24576
24577
24585
24584
24583
24592
24600
24608
24609
24616
24615
24632
24631
24648
24649
20955
24666
24675
24674
24682
24683
24684
24685
24677
24668
24676
24667
24650
24633
24651
24652
24634
20954
24617
25343
25342
25341
24610
24601
24593
24594
20952
24602
24595
25340
25339
24586
24578
25338
25337
24569
24568
24567
24558
24559
24551
24550
24542
24535
24517
24509
24501
24500
24492
24485
24468
24450
24451
24469
24470
24452
24438
24437
24436
24418
24402
24385
24384
24401
20943
24417
24435
20945
20944
24434
24433
24432
24416
24399
24398
24415
24414
24431
24448
24449
24463
24464
24465
24466
24467
24484
24483
24482
24481
24480
24479
24462
24447
24478
24477
24460
24461
24446
24445
24429
24412
24430
24413
24397
24396
24395
24358
24359
24360
24361
24336
24337
24338
24320
24319
24307
24308
24291
24292
24293
24310
24311
24322
24309
24321
24339
24340
24341
24323
24324
24312
24295
24294
24278
24265
24249
24250
24232
24216
24215
24231
24230
24229
24213
24214
24198
24197
20933
24180
20932
24181
24182
24199
24200
24183
24184
25318
25319
24201
24217
24233
24251
24267
24266
20938
24279
24296
24313
25320
24325
20941
25321
25322
25323
25324
25325
24404
20942
24387
24377
24367
24366
24350
24349
24348
24347
24346
24362
24372
24382
24400
24383
24373
24374
24363
24364
24365
24375
24376
24386
24403
24419
24420
24421
25326
25327
24453
25328
25329
25330
24495
24494
24487
24486
24493
24502
24510
24503
25331
25332
24511
24518
24519
25333
25334
25335
24536
24543
20949
24560
25336
19567
15709
19577
19578
15974
19587
19597
15710
19596
19606
15711
19622
19632
15712
19640
19657
19658
19641
19633
15978
19642
19659
19660
19661
19643
19634
15976
19625
19624
19623
19607
19608
19598
19588
19579
19569
19559
19549
19548
19558
19568
15708
19557
15707
19547
15706
19528
19529
15973
19538
19539
19530
19513
19512
19511
19495
19496
19480
19479
19462
19463
19446
19445
19436
19437
15965
19395
19396
19397
19398
19399
19400
19401
19384
19383
19382
19381
19380
19369
19359
19349
19339
19322
15958
19338
15959
19348
15960
19358
15961
19368
19379
19378
19377
19394
19411
19420
19419
15705
19410
19393
19376
19366
19367
19357
19356
19346
19347
19336
19337
19321
19304
19284
19293
19303
19320
19319
15704
19302
19292
15703
19283
15702
19274
15701
19275
19258
19241
19257
19240
19230
19219
15700
19220
19231
19232
19242
19259
19276
19277
19286
19285
19294
19295
19305
19306
15957
19323
19324
19325
19326
19327
19328
19312
19311
19310
19309
19308
19307
19296
19287
19278
19260
19261
19244
19243
19233
19221
19222
19223
15952
19206
15950
19190
15948
19175
19176
19191
15951
19207
19208
19209
19210
19211
19212
19196
19195
19194
19193
19192
15949
19177
19178
19179
19180
19181
19165
19166
19155
19154
19143
19144
19133
19132
19121
19120
19119
19118
19117
19116
19115
19114
19113
19129
19128
19112
19103
19102
19111
15698
19127
19137
15699
19148
19149
19138
19139
19140
19141
19130
19131
19142
15942
19153
19164
19163
19152
19151
15945
19162
19174
19150
19161
19173
19172
19160
19159
19171
19187
19188
19189
19205
19204
19203
25317
25316
24121
24120
24136
24137
24152
24167
24166
24165
24164
24149
24148
24163
24162
24147
24146
24131
24130
24129
24113
24112
20927
20929
24126
24142
24143
24158
24159
24144
24127
24128
24145
24160
24161
24179
24178
24177
24194
24195
24196
24212
20935
24211
24210
24209
24227
24226
24208
24193
24176
24175
24192
24207
24206
24224
24225
24241
24259
24242
24260
20937
24261
24243
24228
24244
24245
20936
24246
24262
24263
24247
24248
24264
24277
24276
24275
24274
24290
24289
24306
24305
24288
24287
24286
24285
24273
24258
24240
24239
24223
24222
24204
20934
24188
24187
24186
24185
24168
24169
24170
24155
24154
24153
24138
24122
24123
24139
24140
24171
24172
24189
24190
24205
24191
24174
24173
24157
24156
20931
24141
20930
24125
24124
20928
24109
20926
24097
20924
24081
24068
20922
24056
20921
24045
24044
24055
24043
24031
24032
20919
24021
24020
24019
24018
24030
20663
24042
24054
24066
24067
24079
24080
24096
24108
24107
24095
24078
30221
30222
28904
28918
30223
30224
28935
28934
28933
28945
28946
28947
30225
30226
28959
28958
28970
28971
30227
30228
28983
28982
28998
28999
29017
29016
29035
30229
29052
29051
29034
29015
28997
28981
28980
28979
28978
28966
28954
28955
28967
28968
28969
28957
28956
28944
28932
28914
28900
28886
28885
28871
28872
28873
28887
28901
28915
28916
28917
28903
28902
28888
28874
28860
28859
28858
28857
28856
28870
28884
28899
28898
28912
28913
25787
28930
28931
28943
28942
28929
28928
28927
28911
28897
28883
25786
28910
28896
25785
28882
25784
28869
28855
28854
25783
28868
28867
28881
28895
28909
28908
28894
28893
28892
28891
28877
28878
28879
28880
28866
28865
28851
28852
28853
28839
28838
28837
28836
28850
28864
28863
28849
25555
28835
25554
28823
28822
25553
28809
28810
28811
28824
28825
28826
28812
28799
28798
28786
28785
28773
28772
28784
28797
28796
35346
35347
33948
30682
30681
33941
33940
33923
33924
33916
35345
35344
35343
33891
33890
33908
33915
33907
33889
33881
33880
33872
33854
33838
33839
33855
33873
33882
30679
35342
33856
33840
33823
33822
33821
33803
33786
33777
33778
33787
33804
33805
35341
35340
33788
33779
35339
35338
33754
33770
33769
33768
33767
33776
33785
30675
33802
33820
33819
33818
33801
33784
33775
33800
33799
33798
33797
33814
33813
33812
33796
33795
33783
33774
33759
33760
33761
33762
33763
33764
33765
33766
33750
33740
33731
33721
33711
33701
33702
33703
33713
33712
33722
33732
33741
33751
33752
33753
33743
33744
35337
35336
33735
33734
33742
33733
33723
33724
33725
35335
35334
33715
33714
33704
33705
35333
35332
35331
33686
33695
33694
33685
33675
33676
35330
35329
33666
33665
33655
33656
33640
30670
33631
35328
35327
33622
33606
33589
33588
33605
33621
30669
33604
33603
33586
33587
33571
33554
33553
33570
33569
33585
33602
33601
33619
33620
33628
33637
33638
33629
33630
33639
33654
33664
33674
33684
33693
33692
33691
33682
33683
33673
33672
33662
33663
33653
33652
33651
33650
33649
33648
33647
33646
33636
33627
33613
33614
33596
33595
33594
33577
33561
33562
33578
33579
33563
33564
33547
33530
33513
33496
33479
33466
33476
33475
33465
33464
33474
33473
33490
33491
33508
33507
33506
33505
33522
33523
33540
33539
33556
30412
33573
30413
33590
33608
33607
30414
33623
30415
33632
30416
33641
30417
33657
30418
33667
30419
33677
30672
33687
33697
33707
33708
33718
33719
33709
33699
33698
33688
33689
33680
33670
33660
33659
33669
33679
33678
33668
33658
33642
33633
33624
33610
33609
33591
30668
33574
33557
33558
30667
33575
33559
33542
33541
33524
33525
33526
33509
33492
33493
33510
33511
33494
33477
33478
33495
33512
33529
33546
33545
33528
33527
33544
33543
33560
33576
33592
33593
33611
33612
33626
33635
33625
33634
30671
33643
33644
33645
33661
33671
33681
33690
33700
33710
33720
33730
33739
33749
33758
30674
33748
33738
33729
33728
33737
33746
33747
33757
33756
33772
33773
33782
33781
33791
33808
33825
33843
33859
33875
33884
33885
33876
33877
33860
33861
30678
33862
33844
30677
33827
33826
33809
33792
33793
33794
33811
33810
33828
33829
33845
33846
33830
33831
33847
33848
33832
33815
33816
33817
33834
33835
33851
33852
33836
33837
33853
33871
33870
33879
33869
33868
33850
33833
33849
33867
33866
33865
33864
33863
33878
33886
33898
33897
33896
33895
33894
33893
33910
33911
33919
33928
33929
33930
30683
33966
33959
33951
33944
33934
33933
33932
33931
33920
33912
33899
33900
33901
33902
33903
33904
33887
33888
33906
33905
33913
33914
33922
33939
33938
33921
33935
33936
33937
33945
33952
33960
33961
33953
33946
33947
33954
33962
33969
33968
33967
33974
33975
33991
33992
33993
33976
30684
35348
35349
35350
35351
34009
34018
35352
35353
34027
34037
35354
35355
34047
34063
30690
34062
34079
34078
34088
34089
34090
34108
35356
35357
35358
34152
34151
34141
34124
30692
34107
34106
34087
30691
34077
34059
34044
34043
34033
34034
34035
34045
34060
34061
34046
34036
34026
34025
34024
34023
34014
34015
34016
34017
34008
34007
34006
30685
33990
33989
33988
34005
34004
34003
33987
33986
33985
34002
34001
33984
33983
33973
33982
33999
34000
34013
34022
30686
34032
34042
34051
34052
34053
34054
34055
34056
34057
34058
34076
34075
34074
34073
34072
34071
34085
34070
34069
34068
34050
30689
34041
30687
34031
34030
34029
34020
34011
34021
34012
33998
33997
33980
33981
33972
33965
33958
33964
33971
33979
33996
33995
33978
33977
33970
30434
33963
30433
33955
33956
33957
33950
33943
30680
33927
33949
30432
33942
33925
33926
33918
33917
30431
33909
30430
33892
33883
30429
33874
33857
33858
33842
33841
33824
30428
33806
30676
33807
33790
33789
33780
30427
33771
30426
33755
30425
33745
30424
30673
33736
33727
33717
33726
30423
33716
30422
33706
30421
33696
30420
40771
39007
39006
38996
38995
38994
39005
39015
39016
39017
40772
39042
39033
39032
39031
39030
39039
39048
39057
39065
39074
39083
39091
39115
39114
39130
39131
39116
39099
39100
39092
39084
39075
39066
39067
39059
39058
39049
39040
39041
39050
39051
40773
40774
39060
39068
40775
40776
39077
39076
35815
39085
40777
39093
35816
39101
35818
35817
39117
39134
39133
39132
39141
39154
39153
39140
39129
39128
39127
39126
39110
39109
39125
39139
39124
39108
39107
39096
39088
39080
39071
39062
39054
39045
39036
39021
35813
39020
35812
39009
39010
39000
39001
39011
39022
39023
39037
39046
39055
39063
39072
39081
39089
39097
39111
39112
39113
39098
39090
39082
39073
39064
39056
39047
39038
39026
39025
39024
39012
39002
38989
38988
38972
38971
38987
38986
38999
38998
39008
35811
39019
39018
35539
39034
35540
39043
35541
39052
35814
39035
39044
39053
39061
39070
39079
39087
39095
39105
39106
39122
39123
39138
39146
39147
35821
39171
39162
39145
39137
35819
39144
39161
39170
39160
39169
39178
39179
39180
39181
39191
39190
39201
39202
39213
39214
39215
39228
39240
39217
39216
39203
39192
39182
39172
39163
39148
39149
39150
39151
39152
39164
39173
39183
39193
39204
39218
39219
39229
39241
39253
39269
39268
39267
39266
39252
39265
39279
39264
39251
39239
39227
39238
39237
35825
39249
39261
39262
39250
39263
39278
39260
39276
39277
39288
39289
39298
39307
39324
39325
39308
39309
39290
35830
39299
39310
39311
39312
39313
39330
39329
39328
39327
39342
39341
39326
35834
39340
39352
39353
39354
39366
39367
39368
39369
39370
39371
39372
39355
39356
39344
39343
39333
39334
35835
39345
39357
35836
39373
39384
39400
39401
39402
39418
35839
39434
39417
39399
39383
39398
39416
39432
39433
39444
35842
39458
39474
39473
39472
39471
39470
39469
39454
39453
39468
39467
39452
39451
39466
39481
39494
39495
39496
39497
39514
39515
39498
39499
39500
39482
39483
39484
39485
39503
39520
35846
39536
39519
39502
39501
39518
39535
39544
39545
39562
39561
39543
39534
39517
39516
39533
39532
39531
39530
39513
39512
39529
39528
39542
39554
39553
39541
39527
39510
39511
39493
39492
39509
39526
39525
39524
39507
39508
39491
39480
39465
39464
35843
39449
39450
39440
35840
39423
39422
39421
39420
39404
39405
39406
39407
39389
35838
39378
39379
39390
39408
39424
39441
39442
39425
39426
39427
39428
39412
39413
39429
39455
39456
39457
39443
39431
39430
39414
39415
39397
39382
39396
39395
39394
39393
39411
39410
39409
39391
39392
39381
39380
39365
39364
39363
39351
39350
39362
39377
39388
39387
35558
39376
35557
39361
39349
35556
39338
39339
39323
39322
39305
39306
39297
39287
39296
39286
35555
39275
35554
39259
39248
39236
35553
39224
35552
39209
39210
39211
39225
39226
39212
39200
39189
39188
39199
39198
35551
39187
35550
39177
35549
39167
39168
39159
35548
39143
35547
39136
35546
39118
39119
39120
39121
39104
39103
39102
39094
35545
39086
35544
39078
35543
39069
35542
46322
44558
44574
44592
44591
44573
44557
44556
44572
44571
44590
44609
44610
46323
44618
44627
44626
44636
44648
44637
46324
44649
44666
44682
44681
44665
44664
44647
44635
44625
41236
44616
44617
44608
44607
44589
44588
44587
44569
44570
44555
44548
44549
44533
44524
44525
44534
44550
44551
44535
46321
44526
46320
46319
46318
44500
46317
46316
44491
44490
44499
44508
44509
44518
44517
44516
44507
44498
44489
44480
44481
44482
46315
44474
44457
46314
44447
44437
44436
44435
44419
44411
44395
44394
44410
41224
44434
44445
44446
44456
44473
44472
44455
44471
44454
44444
41228
44433
44432
44431
44418
44406
44390
44407
44391
44374
44375
44392
44408
44409
44393
44376
44352
44345
44346
44353
44361
44360
44377
44378
44379
44396
44380
44397
44413
44412
44420
44421
38919
35536
38935
38952
35537
38968
38983
35538
38997
38984
38985
38953
38954
38969
38970
38955
38956
38957
38939
38924
38912
38900
38899
38898
38887
38886
38896
38897
38909
38921
38922
38910
38911
38923
38938
38937
38936
35804
38920
38908
38907
35535
38895
35534
38884
38885
38869
38870
38871
38854
38853
38852
38835
38836
38819
38802
38785
38784
38801
38818
38817
38834
38851
38868
38867
38850
38833
38816
38799
38800
38783
38782
38774
38764
38754
35533
38744
35532
38765
38755
38745
38720
38734
35531
38719
38710
38692
38693
38683
38682
35530
38665
35529
38654
35528
38643
35527
38633
38634
38644
38655
38666
38684
38667
38668
38685
38695
38696
38686
38669
38658
38659
35787
38670
38671
38672
38673
38674
38675
38676
38687
38704
38714
38729
38728
38727
38726
38725
38724
38703
38702
38701
38700
38699
38698
38697
38713
38723
38722
38712
38694
35788
38711
38721
38735
38736
38746
38756
38767
38766
35792
38775
38776
38757
38747
38737
38738
38748
38758
35791
38768
38777
38786
38787
38804
38803
38820
38837
38821
38822
38839
38838
38855
38872
35800
38888
38873
38856
38857
38858
38859
38874
38875
38876
38877
38860
38861
38862
38863
38880
38879
38878
35801
38889
35802
38901
38913
38927
38928
38914
38902
38890
38881
38864
38865
38882
38892
38891
38903
38904
38917
38916
38915
38930
38929
38946
38945
38944
38943
38926
38925
35803
38942
38960
38959
38941
38940
38958
35807
38973
38974
35808
38975
38961
38962
38963
38976
35809
38990
39003
39013
39027
39028
39029
39014
39004
35810
38992
38991
38977
38978
38993
38979
38980
38981
38982
38967
35806
38950
38949
38966
38965
38964
35805
38947
38948
38931
38932
38933
38951
38934
38918
40770
38906
38905
38893
38894
38883
35799
40769
40768
40767
40766
40765
40764
38798
35795
38815
35796
38832
35797
38849
35798
38866
38848
38831
38814
38796
38797
38780
38781
38773
40763
40762
38763
38772
38771
38779
38770
38778
35794
38795
38813
38830
38847
38846
38845
38844
38843
38842
38825
38824
38841
38840
38823
38806
38805
38788
38789
38807
38790
38791
38808
38792
38809
38826
38827
38828
38829
38812
38811
38810
38793
38794
35793
38769
38759
38760
38750
38749
38739
38740
38741
38751
38761
38762
38752
38753
40761
40760
38743
38742
38732
38733
38718
38709
38691
38708
38717
35789
38716
38731
38730
35790
38715
38705
38688
38689
38706
38707
38690
38680
38681
40759
40758
38664
38663
38652
38653
40757
38642
38641
35786
38630
38629
38640
38651
38650
38662
38679
38678
38677
38661
38660
38649
38638
38639
38627
38617
38628
38618
38619
38609
38610
38620
38621
38631
38632
40756
40755
38622
38612
38611
38596
38595
35780
35779
38587
38597
38588
38580
38572
38571
38579
35778
35777
38563
38564
40754
38556
38546
38530
40753
40752
40751
40750
40749
38478
38460
38459
35773
38442
38441
35772
38458
38475
38474
38473
38457
38440
38432
38433
38424
38415
38423
38422
38431
35771
38456
38472
38455
38471
38470
38454
38453
38469
38468
38452
38451
38450
38439
38430
38421
38412
38403
38394
38393
38402
38401
38392
38383
38365
38364
38355
38346
38356
38347
38331
38330
38320
38310
38300
38301
38302
38303
38304
38294
38282
38293
38292
38291
38290
38278
38267
38252
38251
38250
35500
38266
35501
38277
35502
38289
35503
38299
35504
38309
35505
38319
35506
38329
35507
38345
35508
38354
35509
38363
35510
38372
35511
38381
35512
38390
35513
38399
35514
38408
35515
38417
35516
38426
38435
38436
38427
38447
38463
38481
38482
38496
38497
38498
38504
38512
38513
38514
38515
38516
38517
38518
38519
38520
38541
38540
38539
38538
38537
38536
38534
38511
38503
38502
38510
38509
38508
35775
38532
38548
38558
38566
38574
38582
38590
38599
38598
38589
35526
38581
35525
38573
35524
38565
35523
38557
35522
38547
35521
38531
35520
38524
35519
38507
38501
35518
38495
35517
38480
38462
38446
38445
38461
38479
46289
46290
46291
46292
44063
44062
44061
44053
44052
44035
44036
44020
44019
44001
41195
41194
43962
43977
43992
44002
44003
43993
43978
43963
43947
43946
43945
43944
43961
43960
41193
43976
43991
41197
44000
44018
44017
44034
44051
44050
44049
44033
44016
43998
43999
43990
43989
43988
43987
43973
43974
43975
43959
43958
43940
43957
43956
43939
43938
43937
43936
43935
43952
43969
43970
43953
43954
43955
43971
43972
43986
43985
43984
43983
43982
41196
43997
44008
44009
44026
44042
44041
44025
44024
44007
44006
44005
43995
43994
43979
43964
43965
43980
43996
43981
43968
43967
43966
43950
43932
43933
41192
43951
43934
43926
43925
41189
43910
43911
43912
43913
43914
43915
43927
43941
43942
43943
43928
43919
43920
43921
43929
41191
43922
43906
43901
43896
43891
43886
43881
43876
43871
43866
46288
46287
46286
46285
46284
46283
46282
46281
46280
46279
46278
46277
46276
46275
43826
43809
43800
43799
43798
43789
43790
43791
43782
46274
46273
43765
43781
43780
41180
43763
43764
43755
43754
43746
43738
43739
43740
43747
43748
43756
46272
46271
46270
46269
43732
43731
43730
43720
43719
43718
43729
43737
43745
43753
43762
43779
41182
43788
43797
41186
43807
43808
41187
43825
43843
43849
43856
43861
43842
43841
43824
43840
43848
43855
43860
43865
43870
43875
43880
43885
43890
43895
43900
43905
43918
43917
43916
43904
43899
43894
43889
43884
43879
43874
43869
43864
43859
43854
43847
43837
43820
43819
43836
43835
43818
43817
43834
43833
43816
43815
43832
41188
43846
43853
43845
43851
43852
43858
43863
43868
43873
43878
43883
43888
43893
43898
43903
43908
43909
41190
43924
43931
43949
43948
40906
43930
43923
43907
43902
40905
43897
40904
43892
40903
43887
40902
43882
40901
43877
40900
43872
40899
43867
40898
43862
40897
43857
40896
43850
43844
40895
43827
43810
43801
43792
43783
43784
43767
43766
43757
40894
43749
43741
43733
43724
43725
43734
43735
43726
43709
43692
43675
43676
43693
43710
43727
41177
41178
41179
43760
43759
43751
43743
43742
43750
43758
43768
43785
41183
43793
43803
43802
43811
43828
43829
43812
43813
43830
43831
43814
43804
41185
43795
43794
43786
43769
43770
43771
41181
43772
43773
43774
43775
43776
43787
43796
43805
43821
43838
43839
43822
43823
43806
41184
43778
43777
43761
43752
43744
43736
43728
43717
43716
43700
43701
43685
43702
43703
43686
43687
43688
43689
43670
43669
43668
43659
43660
43650
43649
43648
43658
41173
43647
43646
43657
43667
43684
43683
43682
43699
43715
43714
43713
43697
43698
43681
43680
43679
43696
43712
41176
43711
43694
43695
43678
43666
43677
43665
43656
43655
41172
41171
43624
43623
43610
43611
43612
43613
43614
43626
43625
43639
43640
43641
43642
43643
41170
43627
43628
43644
43645
43629
43630
43631
43632
43617
43616
43602
43603
43604
43618
43633
43634
41169
43605
43619
43620
43636
43635
43651
43652
43662
43661
43671
43672
46266
46267
46268
43706
43705
41175
43704
43721
43722
43723
38143
38155
38166
38181
38193
38209
38222
38234
38235
38236
38237
38224
38223
35761
38210
35759
38211
38212
38196
38195
38194
35757
38182
35756
38167
38168
38183
38184
38169
38170
38185
38197
38213
38226
38225
38238
38239
38255
38254
38253
38268
38269
38279
38280
38281
38270
38271
38256
38240
38241
38257
38258
38242
38227
38214
35758
38198
38199
38200
38244
38243
38259
38260
38261
38245
38246
38229
38228
38215
35760
38201
38202
38187
38186
38174
38173
38172
38171
38159
38158
38157
38146
38147
38148
38132
38131
38115
38114
38130
38129
38145
35754
38156
38144
38128
38127
38112
38113
38102
38101
35499
38090
35498
38074
38056
38040
38024
38013
35497
38002
35496
37991
35495
37980
35494
37968
37955
37938
35493
37939
37956
37969
37981
37992
38003
38014
38015
38004
37993
37982
37983
37971
37970
35739
37958
37957
37940
37941
37927
35735
37916
37915
37904
37903
37914
37926
37925
37913
37902
46260
43395
43394
43409
43425
43426
43410
43411
46261
46262
43427
41154
43444
43460
41155
43443
43459
43442
43424
43408
43392
43393
43377
43378
43379
46259
46258
43364
43363
43362
43347
43348
43349
46257
46256
43333
43317
46255
46254
43300
41144
43283
41143
46253
46252
43266
41142
43249
43233
43232
43213
43231
43248
43247
43265
43282
43299
43298
43297
43296
43312
43328
43327
43311
41145
43295
43278
43279
43280
43281
43264
43263
43245
43246
43230
43229
43228
43227
43209
43194
43179
43180
43195
43210
43211
43212
43197
43196
43181
43167
43166
43165
43164
43163
43147
43133
43120
43106
43092
43078
43064
43051
43036
43037
43038
43021
43004
42987
42986
43003
43020
43019
43002
42985
42984
42983
42969
42957
42940
42941
42942
42958
42970
42971
42959
42944
42943
42928
42913
42896
42895
42912
42911
42894
42893
42910
42927
41128
42926
42925
41126
42909
42908
42891
42892
42877
42861
42844
41119
42828
41117
42812
41115
41116
42813
42797
42781
42782
42766
42765
42750
42751
42767
42783
42799
42798
42814
42831
42830
42829
42845
42862
42878
41122
42863
42846
42847
42879
42864
41120
42848
42832
42815
42816
41118
42833
42849
42865
41121
41123
42880
42866
42850
42867
42851
42835
42834
42818
42817
42800
42784
42768
42752
42753
42769
42785
42801
42802
42786
42770
42754
42755
42756
42739
42738
42723
42724
42725
42709
42708
42707
41107
42706
42705
42704
41106
42721
42722
42737
42736
42735
42734
41109
42719
42718
42733
42749
42748
41110
42732
42717
42699
42700
42701
42702
42720
42703
42687
42686
41105
42671
42672
42673
42656
42639
42622
42623
42606
42589
42572
42571
42570
42556
41096
42540
42523
42506
42507
42557
42573
42590
42607
41100
42624
41101
42641
42640
42657
42674
42688
42689
42690
42691
42692
42677
42676
42675
41103
42658
41102
42659
42660
42643
42642
42625
42626
42609
42593
42576
42592
42608
42591
42574
42575
42559
42543
42526
42527
42528
46223
46224
42545
42544
42560
42561
42577
42594
42610
46225
46226
42627
42644
46227
46228
42661
46229
42678
42693
42710
42726
42742
46230
42759
42758
42741
42740
42757
42773
42789
42788
42772
42771
42787
42803
42819
42820
42804
42805
42806
42790
42774
42775
46231
46232
42791
42807
42823
42839
46233
42855
42854
42853
42838
42822
42821
42837
42836
42852
42868
42869
42870
42871
46234
46235
42920
41125
42903
41124
42886
42885
42884
42883
42901
42900
42882
42881
42899
42898
42897
42914
42915
42929
42930
42916
42917
42931
42932
42918
42902
42919
42933
42948
42947
42962
42974
42975
42963
42949
42934
46236
42950
41129
41131
41132
42992
46237
46238
43009
41134
43026
43008
43007
41133
42991
42990
42989
42973
42961
42946
42945
42960
42972
42988
43005
43006
43023
43024
43025
43042
43056
43041
43040
43022
43039
43053
43052
43065
43066
43080
43079
43093
43094
43095
43109
43110
43096
43082
43081
43067
43054
43055
43068
43069
43083
43097
43111
43125
43124
43137
43136
43123
43108
43107
43121
43122
43135
43134
43148
43149
43150
43138
43170
43169
43152
43151
43168
43182
43183
43198
43199
43214
43215
46251
46250
46249
43153
46248
46247
43139
43126
46246
46245
43112
43098
46244
46243
43084
43070
46242
46241
43057
43043
41135
46240
46239
37590
37577
37564
37550
37536
37537
37551
37565
37578
37591
35715
37603
37604
37618
37632
37646
37645
37631
37617
37616
35479
37630
35480
37644
35481
37658
37659
35718
37672
37660
37673
37674
37661
37662
37675
37689
37690
37676
37663
37649
37648
37647
37633
37634
37635
37621
37620
37619
37605
37606
37594
37595
37607
37608
37609
35716
37622
37636
37650
37664
37677
37691
35719
37704
37717
37731
37732
37748
37764
37780
37781
37782
37766
37765
37749
37750
37733
37734
37735
37752
37751
37767
37768
35725
37783
37796
37795
37808
37821
37838
37839
37822
37809
37810
37823
37840
37857
37856
35728
37867
37868
37858
37841
37824
37811
37812
37813
37826
37825
37842
37859
37869
35729
37879
37889
37888
37899
37911
37910
37921
37922
37934
37933
37932
37920
35734
37908
37896
37897
37909
37898
37887
37878
37877
37886
35730
37876
37866
37855
37854
37837
37836
37835
37852
37853
37885
37895
37907
37919
37931
37947
37946
37945
37996
37985
37973
37961
35737
37944
35736
37930
37918
35733
37906
37894
37884
37875
37865
37851
37850
37849
37832
37833
37834
37820
37807
37794
37779
37778
37763
37747
37730
37729
37746
37762
37761
37760
37744
37745
37728
37716
37703
37702
37688
37687
37701
37714
37715
37727
37726
37713
37700
37686
35482
37685
37699
35483
37712
37724
37725
37742
37741
37757
37773
35484
37789
35485
37802
35486
37815
35487
37828
35488
37845
35489
37862
35490
37872
35491
37881
35492
37891
37892
37882
37873
37863
37846
37829
37816
37803
37804
37805
37792
37791
37790
37774
37758
37743
37759
37775
37776
37777
37793
37806
37819
37831
35726
37818
37817
37830
35727
37847
37848
37864
37874
37883
37893
35731
37905
37917
37928
37929
37943
37942
37959
37960
37972
37984
37995
37994
38005
38016
38006
38017
38029
38045
38046
38047
38063
38064
38065
38049
38048
38030
35745
38018
38007
38031
38032
38033
38034
38035
35746
38052
38036
38037
38038
38054
38053
38071
38072
38073
38055
38039
38023
38022
38021
38010
38011
37999
38000
38001
38012
35744
35743
35742
35741
37979
37978
37990
37989
37988
37987
37998
38009
38020
38019
38008
37997
37986
37974
37962
37948
37949
37950
37951
37965
37964
37963
35740
37975
37976
37977
37966
37967
35738
37954
37953
37952
37935
37936
37937
40730
37924
37923
37912
37900
35732
37901
40729
37890
37880
37871
37870
37860
37843
37861
37844
37827
40728
37814
40727
40726
37801
37800
37799
37798
37797
37784
37785
37786
37787
37788
37772
37771
37770
35724
37755
35722
37739
35723
37756
37740
35721
37723
37722
37721
37720
37738
37737
37754
37769
37753
37736
37719
37706
37707
37708
37695
37681
37682
37696
37709
37710
37697
37683
37670
37656
37657
40720
40721
37671
37684
40722
40723
37698
37711
40724
40725
32408
32398
30360
32388
30359
32378
30358
32368
30357
32369
32379
32389
32399
32409
32410
30611
32427
32411
32400
32390
32380
32370
32360
32351
32341
32331
32321
32311
32302
32292
32281
32282
32266
32267
32255
32245
32235
32220
32221
32222
32223
32224
32225
32226
32210
32201
32202
32211
32228
32227
32236
32237
32238
32229
32212
32203
32192
32193
32204
32205
32214
32213
32230
32239
32249
32250
32240
32231
30599
35261
35262
32241
32251
35263
35264
32261
30604
30606
30608
35265
35266
35267
35268
35269
35270
35271
35272
35273
35274
35275
32424
32423
32422
32421
32405
32406
32407
32397
32396
32386
32376
32387
32377
32367
32358
32366
32375
32365
32364
32374
32384
32385
32395
32394
32404
32403
32393
32392
32382
32372
32383
32373
32363
32362
32353
32354
32344
32343
32333
32323
32313
32314
32324
32334
32335
32325
32315
32307
32306
32305
32304
32294
32283
32284
32295
32296
32297
32298
32308
32317
32316
32326
32327
32337
32336
32346
32345
32355
32356
32357
32347
32348
32338
32328
32318
32309
32299
32288
32277
32260
32259
32275
32276
32287
32286
32285
32274
32273
30603
32256
32257
32258
32248
32247
32246
32272
32271
32270
32269
32268
30605
30607
32293
32303
32312
32322
32332
32342
32352
32361
32371
32381
32391
32401
32412
30612
32428
32413
32414
32415
32416
32431
32430
32429
32448
32449
32466
32450
32451
32433
32432
32417
32402
32418
32419
32420
32435
32434
32452
32469
32468
32467
32484
32485
32486
32503
32512
32513
32504
32487
32488
32471
32470
32453
32454
32436
32437
32438
32455
32439
32456
35276
35277
35278
35279
32517
32516
32525
32526
32535
32534
30614
30615
32543
32544
32553
32569
30618
32552
32551
32550
32549
30616
32540
32541
32542
32533
32524
30613
32515
32506
32507
32490
32473
32472
32489
32505
32514
32523
32532
32531
32522
32521
32511
32502
32501
32483
32500
32499
32498
32497
32480
32481
32482
32465
32464
32447
32446
32445
32462
32463
32479
32496
32495
32494
32510
32520
32529
32530
32539
32548
30617
32565
32566
32567
32568
32585
32586
32603
35280
27498
27474
27475
27476
27477
27466
27457
27448
27439
27425
27426
27427
27428
27429
27430
27431
27416
27406
27396
27397
27387
27386
27377
27347
27348
27349
27350
27334
27320
27335
27336
27321
27337
27353
27352
27351
27369
27368
27367
27380
27381
27382
27370
27371
25699
30132
27392
27391
27390
27389
27399
27409
27418
27419
27434
27435
27420
27421
27411
27410
27400
27401
27402
30133
30134
27412
30135
27422
27437
27436
27445
27446
30136
30137
27455
27454
27453
27444
27443
27452
27461
27462
27463
25701
27487
27486
27471
27470
27485
27494
27511
27495
27513
27512
27520
27519
27518
27525
27526
27527
27534
25703
27541
25704
27542
30143
30142
30141
30140
30139
27496
27488
27472
27464
30138
22567
20618
22583
20619
22600
22601
22612
22611
22621
22622
22633
22632
22643
22644
22654
22653
20620
22663
22664
22676
22677
22665
22645
22634
22623
22624
22635
22646
20830
22655
22656
22647
22636
22625
20826
22614
22604
22587
20824
22570
20822
22569
22586
22603
20825
22613
22602
22585
22584
22568
22552
22551
22536
22525
20617
22513
20616
22496
20615
22485
20614
22474
20613
22464
22448
22430
22431
22449
22465
22475
22486
22487
22476
22466
22467
22477
22488
22499
22516
22517
22500
22518
22529
22530
20820
22540
22555
22539
20819
22528
22527
22515
22498
22497
22514
22526
22537
22538
20821
22553
22554
20823
22571
22572
22556
22541
22542
22543
22558
22557
22573
22574
22575
22592
22591
22590
22589
22588
20827
20828
22657
22668
22667
22666
22678
22679
22680
22697
22714
20833
22715
22698
22681
22682
22683
22684
22685
22686
22703
22704
22687
22669
22658
22648
22637
22626
22627
22638
22649
22650
22639
22640
20829
20831
22661
22673
22691
22708
22707
22723
22722
22706
22689
22690
22672
22671
22660
22659
22670
22688
22705
20832
22721
22731
22732
22750
22751
22733
22734
22724
22725
25252
25251
25250
25249
22674
22662
22652
22651
22641
22642
25248
25247
22631
22630
22629
22628
22618
22617
22616
22615
22605
22606
22607
22608
22597
22580
22579
22596
22595
22594
22593
22576
22560
22559
22544
22545
22546
22561
22577
22578
22562
22547
22532
22531
22519
22520
22508
22492
22491
22507
22506
22505
22504
22503
22502
22501
20817
22490
22489
22478
22479
22468
20813
22451
20812
22434
22418
22407
22406
22417
22433
20811
22450
22432
22416
22405
22388
22389
22377
22378
22390
20810
22379
22367
22356
22344
22343
22331
22332
22320
22319
22318
22304
22305
22290
22289
22275
22274
22288
22287
22286
22315
22316
22302
20806
22303
22317
22329
22330
22342
22355
22366
22365
22354
22353
22341
22340
22328
20607
22327
20608
22339
20609
22351
22352
20809
22363
22364
22376
22387
22375
20610
22374
20611
22386
20612
22403
22404
22415
22414
30131
27311
27310
27309
27308
27319
27318
27333
27332
27331
27316
27317
27307
27292
27293
27282
27272
27273
27283
27294
27295
27284
27274
30130
30129
30128
30127
30126
30125
27224
30124
30123
25691
25690
27174
27163
27162
27151
27152
25688
30122
30121
27120
30120
25682
25681
25679
25677
25676
25675
27033
30119
25674
27023
25673
27007
26996
26997
30118
22061
22062
22063
22079
22096
22097
22106
22115
22105
22104
20796
22095
22094
22078
22077
20595
22093
22103
20596
22112
20597
22121
20598
22130
20599
22139
20600
22149
20601
22163
20799
22164
22150
22140
22131
22122
22113
22114
22123
22124
22133
22142
22132
22141
22151
22152
22165
22183
22182
22181
22180
20602
22192
22205
22206
22218
22217
20603
22229
20604
22241
20605
22258
20606
22272
22273
22259
22260
22261
22244
22232
22231
22243
22242
22230
22219
22207
22193
22194
22195
22208
22220
22209
22221
22233
22245
20804
22246
22263
22262
22276
22277
22291
22306
22307
20807
20805
22278
22292
22293
22294
22295
22308
20808
22309
22310
22321
22333
22345
22346
22359
22370
22369
22358
22357
22368
22380
22381
22398
22397
22396
22395
22394
22393
22392
22391
22419
22436
22435
22452
22453
22437
22420
22421
22438
22454
22455
22439
22422
22423
22424
22425
22408
22409
22426
22427
22444
22443
22459
22458
22442
22441
22440
22456
22457
22469
20815
22480
22470
22471
22481
22482
22472
22461
22460
22445
22428
22410
22411
22400
22399
22382
22383
22371
22360
22347
22335
22334
22322
22323
22324
22325
22337
22336
22348
22349
22361
22372
22384
22385
25241
25240
22373
22362
25239
25238
22350
22338
25237
22326
22314
25236
22301
22313
22312
22311
22298
22282
22268
22269
22283
22299
22300
22284
22270
22271
22285
25235
25234
22257
22240
22239
22226
22225
22212
22213
22214
22215
22227
22228
25233
22216
25232
25231
22204
22203
22202
22201
22200
22199
22211
22223
22224
22236
22237
22238
22256
22255
22254
22253
22267
22266
22281
22297
22296
22280
22279
22265
22251
22252
22235
20803
22250
22249
22248
22264
22247
22234
22222
20802
20801
22210
22198
22197
22196
22184
22166
22167
22168
20800
22185
22169
22170
20798
22153
22171
22154
22155
22172
22173
22156
22143
22134
22125
22116
22108
22107
22098
22099
22100
22109
22118
22127
22117
22126
22135
22144
22145
22136
20797
22137
22147
22161
22160
22146
22159
22176
22175
22158
22157
22174
22186
22187
22188
22189
22177
22178
22190
22191
25230
22179
22162
22148
25229
22138
25228
22129
22128
22119
22120
25227
25226
22111
22110
22101
20795
22090
22091
22102
22092
22076
22060
22043
22075
22074
22058
22059
22042
22041
22040
22057
22056
22055
22054
22070
22071
22072
22073
22089
22088
22087
22086
22085
22069
22084
22083
22082
22066
22050
22051
22067
22068
22052
22053
22024
22025
22011
22010
22009
22023
22022
22008
22007
20788
20789
22038
22049
20792
22065
22081
20794
22080
20793
22064
20791
22048
22037
22036
22047
22046
22045
22044
22033
22017
22001
22002
22018
22034
22035
22019
22020
22003
22004
22005
22021
20787
22006
21995
21986
21971
21970
21985
21994
21993
21992
21991
20594
21982
20593
21967
21968
21983
21984
21969
21960
21950
21940
21939
21949
21959
21958
20592
21948
20591
21938
20590
21929
21919
21930
21920
21911
21910
21896
21881
21895
21880
21873
21874
21857
21856
20775
20774
21839
21823
20773
20772
21797
21806
21824
21840
21841
21842
21826
21825
21808
21807
21799
21798
21782
21781
21764
21756
20768
21765
20769
21766
21757
21758
21767
21784
21783
21800
21809
21810
21811
21828
21827
21843
21844
21829
21845
21862
21861
21860
21859
21858
20776
21875
20778
21882
20779
21897
21883
21884
21885
21886
21887
21888
21902
21901
21900
21899
21898
21912
21921
21931
21941
21951
21961
21972
21973
21974
21975
21976
21977
21978
21987
21996
22013
22012
22026
22027
20790
22039
22028
22029
22030
22031
22032
22016
20786
21999
22000
25225
21990
21981
21966
21957
25224
25223
21947
21946
21956
21955
20781
21965
21980
20783
20784
21989
21998
22015
22014
20785
21997
21988
21979
20782
21964
21963
21962
21952
21953
21954
21944
21943
21942
21932
21922
21913
21903
21914
21915
21905
21904
21889
21890
21891
21892
21907
21906
20780
21916
21925
21926
21936
21935
21924
21923
21933
21934
21945
21937
25222
25221
21927
21917
21908
21893
21878
21871
21870
21853
21854
21837
21821
21804
21795
21779
21778
21794
20771
21820
21836
21819
21802
21803
21793
21792
21791
21801
21817
21818
21835
21834
21851
21852
21869
20777
21868
21877
21876
21867
21850
21849
21866
21865
21848
21847
21864
21863
21846
21830
21831
21832
21833
21816
21815
21814
21813
21812
21787
21786
20770
21785
21768
21769
21770
21771
21788
21789
21790
21773
21774
21775
21776
21777
21762
21753
20767
21754
21735
21736
21718
21717
21716
21734
21752
21751
21761
21760
21759
21772
21748
21747
21746
21728
21729
21730
21731
21749
21750
21732
21733
21715
21708
21707
21714
20766
21706
21697
21698
21699
21700
20764
21709
21701
25220
21691
21690
21682
21683
25219
25218
21673
21664
25217
25216
25215
21644
21654
21653
21663
21672
21681
20762
21680
21689
21688
21679
21669
21670
21671
21662
21652
21642
21643
21633
21632
21631
21641
21651
21661
21660
21650
21640
21630
21629
21628
21627
21626
21625
21624
21623
21612
21603
21593
21583
21568
21567
21566
21565
21564
21547
21548
21539
20753
21531
20751
21516
21515
21498
21497
21480
21472
20748
21465
21464
21463
20564
21471
20565
21479
20566
21496
20567
21513
21529
21514
21530
21538
21537
20568
21545
21546
21563
21562
20569
21578
20570
21588
20571
21598
21599
20758
21608
21609
21620
21621
21610
21601
21600
21590
21589
21579
21580
21591
21581
21582
21592
21602
21611
20759
21622
21639
21649
21659
21668
21678
20761
21687
21696
21695
21704
21705
21725
21726
21727
21745
21744
21743
21742
21724
21713
20765
21712
21722
21723
21741
21740
21739
21721
21711
21703
20763
21693
21685
21694
21686
21676
21677
21667
21666
21657
21658
21648
21638
21637
21647
21646
21636
21619
20572
21618
20573
21635
20574
21645
20575
21655
21656
20760
21665
21675
20576
21674
21684
20577
21692
21702
21710
21719
21720
21738
21737
20578
21755
20579
21763
20580
21780
21796
20581
21805
20582
21822
20583
21838
20584
21855
21872
20585
21879
20586
21894
20587
21909
20588
21918
20589
21928
25662
26870
26869
26877
26876
25663
26883
26884
26899
30117
26906
26905
26898
26897
26882
26875
26867
26868
26860
25660
26852
26853
26854
26861
26862
26855
25658
26830
26820
26819
26811
25655
26802
26801
25654
26810
26818
26828
26829
26839
26838
26837
26827
26826
25657
26817
26807
26816
26825
26836
26850
26851
26859
25661
26866
26874
26881
26894
26893
26902
25665
26909
26903
26895
26896
26904
26911
26912
26913
26914
25666
26920
26936
26937
26953
26952
25669
26935
26934
25668
26951
26933
26919
26910
26918
26917
26929
26947
26948
26930
26931
26932
26950
26949
25671
26958
26959
26960
26976
26977
26961
26962
26963
26979
26978
26995
26994
26993
26975
26974
26992
26991
26973
26972
26971
26970
26988
26989
26990
27002
27003
27020
27019
27018
27017
27016
27015
27014
27013
26985
26967
26968
26986
26987
26969
26945
26946
26928
26927
26926
26944
25670
26943
26942
26941
26957
25672
26966
26984
27001
27000
26983
26982
26999
26981
26965
26955
26939
26956
26940
25667
26922
26923
26924
26925
26916
26908
26901
25664
26879
26886
26887
26888
26889
26890
26891
26892
26880
26873
26865
26858
26849
26835
26848
26847
26846
26845
26844
26843
26842
26872
26864
26857
26841
25659
26832
26833
26834
26824
26815
26806
26797
26796
26805
26814
26823
26822
26813
26804
26795
26786
26777
26778
26787
26788
26779
26770
26769
26768
26751
26734
26717
26699
26700
25649
26718
26735
25650
25651
26752
26753
26754
26755
26756
26739
26738
26737
26736
26719
26701
26683
26675
26682
26681
26674
26659
26660
26661
26662
26663
26664
26665
26666
26667
26668
26690
26691
26709
26725
26708
26707
26724
26723
26706
26689
26688
26687
26686
26685
26684
26702
26703
26720
26721
26704
26705
26722
26740
26757
26741
26758
26759
26771
26760
26742
26743
26726
26727
26710
26711
26728
26745
26744
26761
26772
26781
26780
26790
26789
26798
26799
26808
25656
26809
26800
26791
26782
26773
26762
26763
26746
26747
26764
26765
26774
26783
25652
25653
26792
26793
26784
26775
30116
26766
26749
26732
26731
26748
26730
26729
26712
26713
26695
26696
26714
26715
26697
26679
30115
26672
25648
26671
26656
26657
30114
30113
26650
25646
26633
30112
30111
30110
30109
30108
26610
26616
26622
26627
26649
26655
26670
26678
26694
26693
26692
26676
26677
26669
25647
26654
26646
26647
26648
26632
26626
26621
26615
26609
26603
26596
26581
26582
26590
26597
25644
26604
26598
30107
26592
26585
26584
26591
25642
26583
26567
26568
26569
30106
26553
26552
25639
26546
26540
30105
26534
30104
25638
25637
26507
26501
26495
30103
30102
26489
25634
26488
26494
26500
25635
25636
26506
26523
26528
26527
26532
26533
26539
26538
26544
26545
26551
26550
26566
26565
26564
26549
26543
26537
26531
26526
26520
26521
26522
26505
26499
26493
26487
26471
26472
25633
25632
25631
30101
25630
26436
25629
26429
26430
30100
30099
26406
26405
26423
26422
26428
26435
26441
26446
26451
26456
26455
26450
26445
26440
26434
26427
26421
26420
26402
26401
26419
26426
26433
26439
26444
26449
26454
26469
26470
26486
26485
26492
26498
26504
26519
26518
26517
26516
26515
26514
26513
26512
26511
26510
26509
26525
26530
26536
26542
26548
26555
26571
25456
26570
25457
26586
26587
25643
26593
26600
25458
26599
25459
26605
25460
26611
25461
26617
26618
25645
26623
25462
26628
26629
26630
26624
26619
26613
26612
26606
26607
26601
26594
26588
26572
25641
25640
26556
26557
26573
26574
26558
26559
26575
26576
26560
26561
26577
26578
26562
26563
26579
26580
26589
26595
26602
26608
26614
26620
26625
26631
26645
26644
26643
26642
26641
26640
26639
26638
26653
26637
26636
26652
26635
26634
25463
26651
26658
25464
26673
26680
26698
25465
26716
25466
26733
25467
26750
25468
26767
25469
26776
25470
26785
25471
26794
25472
26803
25473
26812
25474
26821
25475
26831
26840
25476
26856
25477
26863
25478
26871
25479
26878
25480
26885
25481
26900
25482
26907
25483
26915
25484
26921
26938
26954
25485
26964
26980
25486
26998
27008
25487
27024
25488
27034
25489
27043
25490
27052
27053
27044
27035
27025
27009
27010
27011
27026
27036
27012
27027
27037
27046
27045
27054
27055
27065
27066
27067
25680
27068
27069
27070
27071
27093
27104
27115
27132
27133
27116
27105
27094
27095
27096
27097
27086
27075
27085
27084
27083
27082
27072
27056
27047
27038
27028
27029
27039
27048
27057
27073
27074
27058
27059
27050
27049
27040
27030
27021
27004
27005
27006
27022
27031
27041
27032
27042
27051
27060
25678
27076
27087
27098
27109
27119
27136
27135
27118
27108
27107
27106
25684
27117
25685
27134
25686
27150
27161
27160
27171
27172
27173
27185
27184
27183
27194
27212
27195
27196
27213
27222
27223
27241
27252
27263
27262
27261
27249
27250
27251
27240
27239
27221
27211
27210
27193
27181
27182
27170
25689
27159
27149
27148
27158
27169
27180
27191
27192
27209
27208
27218
27219
27220
27238
27237
27248
27259
27260
27271
27281
27280
27270
27269
27279
27290
27291
27306
27305
27304
27303
27302
27301
27300
27299
27298
27289
25694
27288
27277
27278
27268
27257
27246
27229
27230
27231
27232
27233
27234
27258
27247
27236
27235
27207
27206
27205
27204
27203
27202
27201
27190
27179
27178
27189
27188
27187
27199
27200
27217
27216
27228
27245
27256
27267
27266
27265
25693
27275
27276
27287
27286
27297
27313
27339
27338
27322
27312
25500
27296
27285
25499
27264
25498
27253
25497
27242
25496
27225
27226
27243
27254
27255
27244
27227
27215
27214
25692
27198
27197
27186
25495
27175
25494
27164
25493
27153
27154
27165
27176
27177
27166
27167
27168
27157
27156
27155
27140
27141
27142
27143
25687
27144
27145
27146
27147
27131
27130
27129
27128
27127
27103
27092
27102
27101
25683
27112
27113
27114
27126
27125
27124
27123
27139
27138
27122
27137
27121
27110
27111
27100
27099
25492
27088
25491
27089
27078
27079
27090
27091
27081
27080
27064
27063
27062
27077
27061
32148
32138
32137
32147
32146
32136
32135
32118
32117
32132
32131
32130
32129
32144
32133
32134
30590
32145
30592
32156
32172
32173
32157
32158
32174
32184
35259
35260
32195
30596
30598
32194
32183
32182
32181
32171
32170
32180
32191
32190
32179
32169
32155
32154
32168
32167
32166
32165
32164
32163
32153
32143
32128
32127
32126
32125
30588
32114
32115
32116
32099
32100
32101
32102
32103
32104
32105
32106
32107
32108
32119
32120
32121
32122
35258
32111
32110
32109
32094
32093
32092
32091
32080
32079
32061
32042
32025
32024
32023
32040
32041
32059
32060
32078
32077
32076
32058
32075
32057
32039
32022
32021
32038
32055
32056
32074
32090
30586
32098
32089
32073
32072
32054
32036
32037
32020
32019
32018
32017
32035
32053
32071
32070
32069
32051
32052
32034
32033
32016
32008
40702
40703
37276
37275
37274
37273
37272
37258
37245
37259
37260
37261
37262
37248
40701
37234
37233
37247
37246
37232
35689
37219
37206
37191
37179
37180
37192
37207
37220
37221
40700
40699
37208
37193
40698
40697
37181
37169
40696
40695
37157
37156
37168
37167
37155
35684
37141
37130
37119
35680
37103
37102
37101
37118
37129
37140
37154
37165
37166
37178
37177
37189
37190
37205
37218
37231
37244
37243
37230
37229
37228
37242
37241
37255
37256
37257
37271
37270
37288
37289
35693
37303
37302
37287
37269
37286
35692
37285
37284
37268
37254
37240
37227
37214
37200
37201
37202
37215
37216
37217
37204
37203
35686
37188
37176
37164
37153
37152
37151
37139
37128
37117
37100
37083
37064
37065
37052
37051
37037
37038
37039
37053
37066
37084
35678
37067
37054
37040
37041
37055
37068
37085
37120
37131
37142
35683
37132
40694
40693
37121
37104
35679
40692
40691
37087
37086
37069
37070
40690
40689
37057
37056
37042
37043
40688
31815
31806
31797
31788
31789
31772
31790
30561
31798
31807
30563
30565
31816
31827
31826
31842
31859
31858
31841
31825
31824
31840
31857
31874
31875
31891
31899
30343
31908
31915
31923
30344
31940
30345
31947
30346
31954
30347
31961
31968
31976
31992
31993
31977
31969
31970
31978
31994
30582
32009
32010
31995
31979
31980
31971
31981
31996
32011
31997
31998
31982
31983
31999
32000
31984
31985
31986
32001
32002
32003
31987
31988
32004
32005
32012
32029
32013
31989
30580
31973
31972
31964
31965
31958
31951
31957
31950
31943
31944
31937
31938
31945
31952
31959
31966
31974
31990
30581
32006
32014
32031
32030
32047
32046
32045
32028
32027
32026
32043
32044
32062
32063
32064
32081
32082
32065
32066
32083
32084
30584
32095
32085
32068
32067
32048
32049
32050
32032
30583
35257
35256
32015
32007
35255
35254
31991
31975
35253
35252
31967
31960
35251
35250
31953
31946
35249
35248
31939
30578
31922
31921
31913
31912
31920
31919
31911
31910
31904
30574
31894
31903
30575
30577
31918
31936
31935
31934
31933
31932
31931
31930
31929
31928
31917
31909
30576
31926
31927
31942
31949
31956
31963
30579
31962
31955
31948
31941
31925
31924
31916
31900
31901
30572
31876
31892
30573
31902
31893
31880
31881
31882
31883
31866
31867
31884
31885
31886
31869
31870
31853
31854
31871
31888
31887
31895
31905
31906
31914
31907
35247
31898
31897
31896
31889
31872
31855
31856
30570
31873
30571
31890
35246
35245
35244
30569
31839
31823
31822
31838
31837
31836
30568
31819
30566
30564
31801
31800
31809
31818
30567
31835
31852
31851
31868
31850
31849
31834
31833
31832
31848
31865
31864
31863
31847
31831
31830
31846
31845
31862
31879
31878
31877
31860
31843
31861
31844
31828
31829
31817
31808
31799
31791
30559
31774
31773
31756
31755
31754
31771
31770
31753
31746
30342
31739
30341
31724
31716
30340
31717
30557
31740
31747
31757
31775
31776
31759
31758
31748
31741
31726
31727
31728
31729
31730
31731
31720
31712
31705
31706
31713
31721
31733
31732
31742
31743
31744
31751
31750
31765
31764
31749
31763
31762
31761
31760
31777
31778
31779
31780
31781
31792
31793
31782
31783
31766
31767
31784
31794
31802
31810
30562
31795
31804
31803
31812
31811
31820
31821
31813
31814
31805
31796
30560
31786
31787
35243
35242
31769
31785
31768
31752
31745
31737
31738
35241
35240
35239
35238
35237
35236
31684
31683
31692
31700
31708
31715
31723
31736
31735
31734
31722
31714
31707
31699
31698
31697
31689
31690
31691
31679
30555
31671
31664
31665
31672
31680
31681
31682
31673
31666
31658
31657
31641
31623
31640
31639
31656
31655
31638
31622
31621
31637
31654
31653
31636
31635
31652
31651
31634
31633
31650
31649
31632
31631
31620
31630
31647
31648
31663
31662
31669
31670
30554
31678
31688
31696
31704
31711
31719
31725
30558
31718
31710
31703
31695
31687
31677
31668
31676
31686
31694
31702
30556
31709
31701
30339
31693
30338
31685
30337
31674
31675
31667
30553
31660
31659
31643
31644
31661
30552
31646
31645
31628
31629
31618
31619
31602
31592
31582
31583
31593
31603
31604
31605
31606
31607
31608
31609
31610
31594
31595
31611
31612
31613
31596
31586
31576
31561
31543
31532
31533
31534
31544
31545
30548
31562
35226
35227
31577
31587
35228
35229
31597
30550
31614
35230
35231
31625
31624
31642
30551
35232
35233
35234
35235
26554
25455
26547
25454
26541
25453
26535
25452
26529
25451
26524
25450
26508
31535
31525
31518
35225
35224
31501
30540
30539
31468
31467
31466
31484
31483
31482
31481
31497
31496
31480
31479
31478
31477
31493
31510
31511
31494
31495
31512
31513
31514
31498
31499
31500
30541
31517
31524
30543
31516
31515
31523
31531
30545
30547
31541
31542
31560
31559
30549
31575
31585
31584
31574
31558
31557
31556
31573
31572
31571
31555
31554
31553
31570
31569
31568
31551
31552
30546
30544
31509
31492
31476
31475
31474
31491
31508
31507
31490
31489
31473
31464
30537
31448
31431
31432
31449
31450
31451
31452
31453
31454
31436
31419
31418
31435
31434
31433
31416
31417
31400
31399
31415
31398
31397
31381
31382
31383
31384
31366
31365
31364
31363
30531
31355
31338
31337
31329
31322
31321
31314
31315
31307
31291
31290
31274
31273
31265
31249
31241
31233
31234
31242
31250
31266
31267
31275
31276
31268
31252
31251
31243
30520
31235
30518
31227
31212
31211
31195
31196
31213
31214
31215
31216
31200
31201
31202
31217
31218
31219
31203
31187
31188
31204
31220
31221
31228
31229
31236
31253
31254
31255
31256
31257
31258
31259
31260
31244
31245
31237
31238
31230
31224
30517
30519
31239
31231
35214
35213
31207
31191
35212
35211
31175
31168
35210
35209
35208
31110
31104
35207
35206
35205
30509
31053
35204
35203
31046
31045
31052
31059
31058
31051
31044
31039
31038
31031
31024
31032
31025
31026
35200
35201
31033
31040
35202
26088
25427
26082
25426
26076
25425
26070
25424
26060
25606
25607
26065
26071
26077
26083
26089
25608
26094
26100
25428
26099
25429
26105
25430
26111
26117
25431
26134
26139
26157
26158
26159
26160
26161
26179
26196
26213
26214
26197
26180
26162
26163
26181
26198
26215
26216
26217
26201
26218
26219
26220
26221
26203
26186
26168
26169
26151
26150
26149
26148
26147
26165
26166
26167
26185
26202
26184
26183
26200
26199
26182
26164
26146
26145
26144
26143
26142
26141
26140
26135
26118
26112
26106
26119
26120
26121
26122
26123
26124
26125
26126
26127
26128
26129
26130
26136
26153
26152
26170
26188
26187
26204
26205
26222
26223
26206
26189
26171
26172
26154
26155
26173
26190
26207
26224
26228
26245
26249
26254
26272
26271
26287
26286
26285
26284
26283
26282
26281
26280
26279
26263
26264
26265
26266
26267
26268
26269
26270
26244
26243
26242
26241
26240
26239
26238
26237
26236
26235
26234
26227
26210
26211
26212
26195
26178
26194
26177
26176
26175
26193
26192
26209
25432
26226
26231
26232
26233
25615
25616
26260
25618
26261
26262
26278
26277
26294
26276
26259
26248
26253
26258
25433
26275
25434
26292
26293
26299
26298
26313
25435
26319
25436
26326
26333
30528
31319
31318
31317
30527
31309
31310
31311
31312
35217
35216
31304
30525
30524
31271
31270
31263
35215
31247
30521
31246
31262
30522
31261
30523
31269
31287
31303
31302
31286
31285
31284
31301
31300
31299
31283
31282
31298
31297
31281
31280
31296
31295
31279
31278
31277
31294
31293
31292
30526
31308
31316
31323
31330
31339
31340
31341
31342
31343
31344
31345
31346
31347
31348
31349
31357
31356
31372
31371
31370
31388
31389
31390
31406
31423
31422
31421
31405
31404
31403
31387
31369
31368
31367
31385
31401
31386
31402
31420
31437
31438
31455
31456
31439
31440
31457
31465
30538
31458
31459
31441
31424
31407
31391
31373
31374
31358
31350
31332
31331
30529
31324
31325
31326
31333
31334
30530
31351
35218
35219
31359
31376
31375
30532
31392
35220
35221
35222
31426
31409
30533
31408
30534
31425
30535
31442
31443
30536
31460
35223
26447
25445
26442
25444
26437
25443
26431
25442
26424
25441
26407
26425
26432
26438
26443
26448
26453
25446
26452
26457
26458
26474
26473
25447
26490
25448
26496
25449
26502
26503
26497
26491
26475
26459
26460
26476
26477
26461
26462
26478
26479
26480
26463
26464
26465
26466
26481
26482
26483
26484
26468
26467
26416
26415
26414
26413
26412
26411
26410
26409
26408
26390
26389
26383
25440
26377
26370
25439
26363
25438
26357
25437
26340
26341
26358
26364
26371
26359
26365
26372
25627
26378
26384
26391
26392
26393
26394
26395
26396
26397
26398
26399
26417
26418
26400
26385
26379
26373
26366
26360
26352
26351
26350
26349
26348
26347
26346
26345
26344
26343
26342
26334
25623
26327
26320
26314
25620
26300
26301
26302
26303
26304
26305
26306
26307
26308
26309
26315
25621
26321
26322
26329
26336
26328
25622
25624
26335
26353
26354
26355
26362
26361
25625
26367
26374
25626
26380
26386
26403
26404
26387
26388
26381
26375
25628
26382
30098
26376
26368
26369
30097
30096
26339
26338
26356
26337
26330
26331
26332
26325
26318
30095
30094
30093
26297
26312
26324
26323
26317
26316
26311
26310
25619
26295
26296
26288
26289
26290
26291
26274
25617
30092
30091
26257
26256
26273
26255
26250
26251
26252
30090
30089
26247
26246
25614
26229
26230
30088
30087
26225
25613
26208
25612
26191
25611
26174
26156
30085
30086
21179
20546
21197
20547
21200
20548
21203
20549
21206
21209
21212
21215
21218
20550
21221
21222
21219
20731
21216
20730
21213
20729
21210
20728
21207
21204
21201
21198
21180
21181
21182
21183
21165
21149
21148
21164
21163
21162
21146
21147
21142
20726
21138
21137
21161
21145
21141
21136
20545
21131
21124
20544
21125
21132
21133
21126
21119
21118
20723
21112
21111
20543
21104
20542
21097
20541
21092
21093
21098
21105
21106
21099
21100
21107
21114
21113
21120
21127
20724
21150
21151
21152
21153
21154
21170
21169
21168
21167
21166
21184
21185
21186
21187
21188
21189
21171
21155
21156
21172
21173
21190
21191
21192
21193
21194
21195
21177
21176
21175
21174
21157
21158
21159
20727
21143
21139
21134
21128
21129
20725
21135
25189
21140
21144
25190
25191
21160
21178
21196
21199
25192
25193
21202
21205
25194
25195
21208
21211
25196
25197
21214
21217
25198
25199
21220
21223
25200
25201
25202
25203
21259
21276
21275
20734
21279
21282
21283
25204
25205
25206
25207
21321
21325
25208
25209
21329
21345
21344
21328
21324
21320
21317
21300
21299
21316
21315
21314
21298
21297
21296
21313
21312
21311
21310
21309
21308
21291
21292
21293
21294
21295
21270
21271
21272
21273
21274
21256
21257
21240
21239
21238
21255
21254
21237
21236
21235
21234
21233
21250
21251
21252
21253
21269
21268
21267
21266
21265
21264
21263
21262
21261
20733
20732
21243
21244
21245
21246
21247
21248
21249
21232
21231
21230
21229
21228
21227
21226
21225
21224
21242
21241
21258
20551
21260
20552
21277
20553
21278
21281
21280
21284
21285
21286
21287
21288
21289
21290
21307
21306
21305
21304
21303
21302
21319
21323
21327
20554
21301
21318
20555
21322
20556
21326
20557
21330
21331
21347
21346
20558
21364
21365
20736
21348
21349
21350
20735
21332
21333
21351
21352
21334
21335
21353
21354
21336
21337
21338
21339
21357
21374
21375
21376
21377
21360
21359
21358
21340
21341
21342
21343
21361
21362
21363
21380
21396
21413
21379
21378
20737
21395
21412
20739
21420
25210
21427
21443
21442
21426
21425
21424
21418
21419
21411
21410
21409
21394
21393
21408
21407
21392
21391
21390
21406
21405
21404
21389
21372
21373
21356
21355
21371
21370
21369
21387
21388
21403
21402
21401
21400
21399
21385
21386
21368
21367
21366
21384
21383
21398
20738
21382
21381
20559
21397
20560
21414
21421
21415
21422
21423
21416
21417
20740
20741
21431
21447
21446
21430
21429
20561
21428
20562
21444
20563
21451
21457
21458
21452
21445
21453
21454
20743
21459
21466
20745
21432
21433
21434
21435
21436
21437
21438
21439
21440
21441
20742
21448
21449
21450
25211
21456
21462
21461
21455
21460
20744
20746
21467
21468
20747
21477
21469
21470
21478
21495
21494
21493
21492
21476
21475
21491
21508
21509
21525
21534
21542
21559
21560
21543
20754
20752
21526
21510
21511
21512
21528
21527
21535
21536
21544
21561
21577
21576
21585
21575
20756
21558
21557
21541
21533
21524
21523
21507
21490
21489
21506
21522
21521
21520
21519
21503
21504
21505
21488
21487
21486
21485
21502
21518
21517
21501
21484
21483
21482
21474
21473
21481
21499
20749
21500
20750
21532
21540
20755
21549
21550
21551
21569
21570
21552
21553
21571
21572
21573
21554
21555
21556
21574
21584
21594
21604
21613
21614
21615
21605
20757
21595
21596
21586
21587
25212
25213
21597
21607
21606
21616
21634
21617
25214
16588
15610
16579
16580
15784
16581
16573
16564
16555
16554
16563
15781
16572
16571
16562
15609
16553
15608
16544
15607
16536
15606
16528
15605
16520
15604
16521
16529
16537
16545
16546
16538
16530
16522
16514
16507
16492
16485
16469
16468
16467
16483
16484
15777
16491
16506
16513
16512
15603
16505
15602
16490
16482
15601
16466
16450
16442
15600
16433
16416
15599
16406
15598
16389
15597
16371
16372
15768
16390
16373
16357
16339
16340
16341
16359
16358
16374
16375
16392
16393
16376
16360
16342
16343
16344
16362
16361
16377
16394
16395
16378
16379
16363
16345
16346
16347
16364
16380
16396
16397
16398
16399
16382
16381
16365
16366
16348
16349
16350
15767
16367
16385
16402
16401
16384
16383
16400
16411
16412
16428
16429
16413
16414
16403
16386
16387
16369
16368
16352
16351
16334
16335
16328
16327
16320
16321
16315
16308
16314
16307
16299
16284
16298
16297
16296
16295
16294
16293
16292
16291
16290
15764
15765
16306
16313
16312
16283
16277
16271
16264
16257
16250
16243
16237
16231
16225
16219
16214
16213
16218
16224
16230
16236
16242
16249
16256
16263
16270
16276
16282
16289
16288
16304
16305
16311
16317
16324
16325
16318
16319
16326
16333
16332
16331
16338
16356
16355
16337
16330
15596
16323
15595
16316
15594
16310
15593
16303
16287
16281
15592
16275
15591
16269
15590
16262
15589
16255
15588
16248
15587
16241
15586
16235
15585
16229
15584
16223
15583
16217
15582
16212
15581
16207
15580
16191
15579
16173
16169
16165
15578
16149
16166
16150
16147
16146
16145
15577
16142
15576
16143
16144
16141
16138
16136
16133
16132
16129
16130
16127
16124
16122
16120
16118
16116
16115
15567
15568
16117
16119
15569
15570
16121
15751
16123
16126
15571
16125
15572
16128
15573
16131
15574
16134
16135
15752
16137
16140
15575
16139
25188
21130
21123
25187
25186
25185
25184
21096
21103
21110
21117
21116
21122
21121
21115
21108
21109
21102
21101
20722
21095
21090
21091
25183
25182
25181
25180
25179
25178
25177
25176
25175
20718
25174
25173
25172
25171
25170
25169
25168
25167
25166
25165
25164
25163
21026
21025
21024
21023
21022
21021
21020
21019
21018
21017
21016
21015
21014
21013
21012
21011
21010
21027
20524
21009
21008
20523
20522
21007
21006
20521
20520
21005
21004
20519
20518
21003
21002
20517
20516
21001
21000
20515
20514
20999
20998
20513
20512
20997
20996
20511
20510
20995
20994
20509
20508
20993
20992
20507
20506
20991
20990
20505
20504
20989
20988
20503
20987
20502
30038
30039
30040
30041
30042
30043
30044
30045
30046
30047
30048
30049
30050
30051
30052
30053
30054
30055
30056
30057
30058
30059
25905
30060
30061
30062
30063
30064
20525
21028
21029
20526
20527
21030
21031
20528
20529
21032
21033
20530
20531
21034
21035
20532
20533
21036
21037
20534
20535
21038
21039
20536
21055
21040
21041
21042
21043
21044
21045
21046
21047
21048
21049
21050
21051
21052
21053
21054
21056
21058
21060
21064
21067
21070
21087
21086
21085
21084
21083
21082
21081
21080
21079
21078
21077
21076
21075
20721
21094
21089
21074
21069
21073
21088
20720
21072
21071
20540
21068
21065
20539
21061
21062
21063
21066
20719
21059
21057
20537
20538
30075
26069
26064
30074
26059
26044
26058
26063
26062
26067
26068
26074
26075
30076
30077
26081
26087
30078
30079
26093
26098
30080
30081
26104
26110
30082
30083
30084
26116
25609
26133
26138
26137
25610
26132
26131
26113
26114
26115
26109
26108
26107
26101
26102
26103
26097
26092
26086
26085
26091
26096
26095
26090
26084
26078
26079
26080
26073
26072
26066
26061
26057
26043
26026
26025
26042
26041
26056
26055
26054
26039
26040
26024
26019
26002
26003
26020
26021
26027
30073
26022
26005
26004
25989
30072
30071
30070
30069
30068
30067
30066
30065
25931
25600
25916
25914
25912
25910
25908
25907
25906
25904
25887
25886
25885
25884
25883
25882
25881
25880
25879
25878
25877
25876
25875
25874
25873
25872
25871
25870
25869
25868
25867
25866
25396
25395
25394
25393
25392
25391
25390
35170
30754
35171
30756
30758
35172
35173
30760
30762
35174
35175
30764
30766
35176
35177
30768
30770
35178
35179
30772
30774
35180
35181
30776
30778
35182
35183
30780
30782
35184
35185
30784
30786
35186
35187
30788
30790
35188
35189
30792
30794
35190
35191
25411
25410
25409
25408
25407
25406
25405
25404
25403
25402
25401
25400
25399
25398
25397
25903
25902
25901
25900
25899
25898
25897
25896
25895
25894
25893
25892
25891
25890
25889
25888
25412
25413
25414
25909
25415
25599
25911
25913
25416
25417
25915
25918
25919
25920
25921
25922
25923
25924
25925
25926
25927
25928
25929
25930
25933
25936
25939
25955
25971
25972
25934
25937
25940
25601
25956
25973
25988
25987
25986
25985
25970
25954
25953
25952
25951
25950
25949
25948
25964
25947
25946
25962
25963
25978
25979
25995
26012
26011
26010
26009
25992
25993
25994
25977
25976
25975
25991
26008
26023
26030
26031
26032
26033
26034
26013
25996
25980
25965
25966
25981
25982
25967
25968
25969
25984
25983
25998
25997
26014
26015
26016
25999
26000
26001
26018
26017
26038
26053
26037
26052
26051
26036
26035
26050
26049
26048
26047
26046
26045
25605
26029
25423
26028
25422
25421
25990
26006
26007
25604
25603
25959
25974
25602
25958
25942
25943
25944
25960
25961
25945
25935
25932
25917
25418
25419
25420
25938
25941
25957
35195
35196
35197
30499
30500
30969
30964
30959
30498
30942
30497
30925
30920
35194
30496
30494
30492
35193
30899
30883
30898
30882
30865
30866
35192
30484
30483
30827
30811
30810
30793
30791
30789
30787
30785
30783
30781
30779
30777
30775
30773
30771
30769
30767
30765
30763
30761
30759
30757
30755
30753
30289
30290
30291
30292
30293
30294
30295
30296
30297
30298
30299
30300
30301
30302
30303
30304
30305
30306
30307
30308
30309
30795
30310
30482
30796
30797
30798
30813
30812
30830
30831
30832
30833
30834
30835
30815
30814
30799
30800
30801
30816
30817
30802
30803
30818
30836
30819
30804
30820
30805
30806
30807
30822
30821
30837
30838
30839
30840
30841
30823
30808
30809
30824
30842
30843
30825
30826
30844
30846
30848
30850
30864
30863
30862
30861
30879
30895
30896
30880
30881
30897
30903
30907
30911
30915
30919
30924
30941
30940
30939
30938
30893
30894
30878
30877
30860
30859
30858
30857
30874
30875
30876
30892
30891
30890
30889
30888
30872
30873
30856
30855
30854
30871
30887
30886
30489
30487
30870
30853
30486
30869
30885
30901
30902
30906
30910
30905
30909
30908
30493
30904
30491
30900
30490
30884
30488
30868
30867
30313
30851
30852
30849
30485
30847
30845
30829
30828
30311
30312
40625
35615
35616
40626
35617
35618
36075
40627
40628
40629
40630
40631
36090
36086
36083
36080
36078
36074
36073
36072
36071
36070
36069
36068
36067
36051
36035
36019
36004
36020
36021
36037
36036
36052
36053
36054
36038
36039
36055
36056
36040
36024
36025
36041
36057
36058
36042
36026
36010
35994
35993
36009
35992
36008
36023
36022
36007
35991
35990
36006
36005
35989
35988
35987
36003
36002
35986
35985
35984
36000
36001
36018
36034
36050
36066
35632
36122
36123
36124
36125
36126
36127
36128
36129
36130
36113
36117
36131
36138
36139
36132
36133
36118
36114
36110
36109
36104
36105
36100
36099
36094
35622
35621
36089
36095
36096
36101
40632
40633
36106
35626
35628
35630
36119
36134
36141
40634
40635
36148
36140
36147
36155
40636
40637
40638
36176
36175
36168
36169
36162
36161
36154
35634
36146
36145
36153
36160
36167
36174
36180
36187
35637
36193
36200
36194
36188
36181
36182
40639
40640
36189
36195
40641
36201
35638
36217
36223
40643
40642
31060
30324
31054
30323
31047
30322
31048
31055
31061
31067
31066
30325
31082
31087
31083
31084
31089
31088
31106
30326
31105
31111
31112
31107
31090
31091
31092
31093
31094
31095
31096
31097
31098
31099
31100
31085
31080
31079
31078
31077
31076
31075
31074
31073
31072
31071
31070
31069
31068
31062
31056
31049
31042
31041
30508
31035
31034
30321
31027
30320
31020
30319
31014
30318
31015
31021
31028
31036
31029
31022
31016
31010
31009
30506
30993
30987
30992
30986
30970
30971
30972
30988
30994
30995
30996
30997
30998
30999
31000
31001
31002
31003
31004
31005
31006
30989
30983
30982
30981
30980
30979
30978
30977
30976
30975
30503
30974
30973
30967
30966
30961
30962
30946
30929
30928
30945
30944
30960
30965
30317
30316
30943
30926
30927
30921
30315
30314
30916
30912
30495
30913
30914
30918
30917
30922
30923
30930
30947
30948
30949
30931
30932
30933
30950
30934
30951
30952
30935
30953
30936
30937
30954
30955
30956
30957
30958
30963
30968
30501
30984
30990
31007
30504
30502
30985
30991
30505
31008
35198
35199
31013
31019
30507
31018
31012
31011
31017
31023
31030
31037
31043
31050
31057
31063
31064
31065
30510
31081
31086
31103
31109
30511
31102
31101
31108
31125
31143
31126
31127
31144
31161
30513
31174
31190
31206
31223
31222
31205
30515
31189
30514
31173
31166
31167
31160
31159
31142
31124
31123
31122
31121
31138
31139
31140
31141
31158
31157
31156
31155
31154
31186
31185
31184
31199
31183
31182
31198
31197
31181
31180
31179
31172
31165
31148
31149
31150
30512
31151
31134
31135
31152
31153
31136
31137
31120
31119
31118
31117
31116
31133
31132
31115
31114
31113
31130
31131
31147
31164
31171
31170
31163
31146
31129
31128
31145
31162
30327
31169
31176
31177
31178
31194
31210
30516
31226
31209
31193
31192
31208
31225
31232
31240
31248
30328
31264
31272
31288
31289
31306
31305
30329
31313
30330
31320
30331
31327
31328
31336
31353
31354
31362
31379
31380
31396
31414
31413
31430
31447
31429
31446
31445
31462
31463
31472
31488
31505
31506
30542
31522
31530
31529
31539
31549
31540
31550
31567
31566
31581
31591
31590
31600
31601
31617
31599
31589
31579
31580
31565
31548
31538
31528
31521
31504
31503
31520
31519
31526
31527
31537
31536
31546
31547
31564
31563
30334
31578
30335
31588
31598
30336
31615
31616
31627
31626
40673
36757
36773
36772
36744
36743
36756
36755
36771
36787
36786
36770
36754
36741
36742
36726
36727
36728
36712
36711
36699
36700
40672
40671
36687
36686
36670
40670
40669
36657
36644
36643
36630
36631
40667
40668
31502
31485
31486
31487
31471
31470
31469
31461
31444
31428
31427
31410
31411
31412
31395
31394
31393
31377
31378
31361
31360
30333
31352
30332
31335
40659
40658
36491
36479
36467
36451
36439
40657
40656
36428
36427
36426
36438
36450
36449
36437
36436
36435
36424
36415
36425
36416
36417
36407
36406
36389
36379
36368
36369
36360
36359
36342
36341
36323
36324
36325
36343
36326
36344
36361
36370
36381
36380
36390
36391
36408
36418
35645
36409
36392
40655
40654
36382
36371
40653
40652
40651
36327
40650
40649
36317
36316
36315
36314
36305
36304
36313
36340
36339
36338
36337
36336
36353
36354
36355
36356
36357
36358
36367
36378
36388
36405
36404
36403
36402
36401
36400
36399
36398
36397
36387
36377
35642
36351
36352
36335
36334
36333
36350
36349
36366
36376
36386
36396
36414
36413
36412
36421
36422
36423
36434
36433
35648
36443
36444
36457
36456
36455
36454
36442
36432
36431
36430
36420
35646
36411
35644
36395
36394
36373
36374
35643
36384
36385
36375
36365
36348
36332
36331
36321
36320
36319
36309
36310
36311
36322
36312
36303
36302
36301
36300
36291
36292
36283
36267
36266
36249
36250
36241
36225
36219
36226
36227
36242
36251
36268
35640
36284
36293
36294
36285
36269
36270
36271
36272
36273
36274
36275
36258
36259
36276
36277
36260
36261
36278
36286
36295
36296
36287
36288
36297
36306
35641
36307
36298
40648
36289
40647
40646
40645
40644
36247
36239
36238
36222
35639
36237
36246
36263
36264
36281
36280
36279
36262
36245
36244
36236
36235
36216
36215
36214
36213
36212
36211
36210
36209
36208
36207
36229
36230
36231
36232
36233
36234
36257
36256
36255
36254
36253
36252
36243
36228
36221
36220
36206
36199
36192
35636
36186
36198
36205
36204
36203
36197
36191
36185
36178
36172
36179
36173
36166
36159
36152
36144
36137
36136
36121
36116
36112
36108
36103
36098
36093
36088
36085
36082
36081
36079
35619
36061
36062
36046
36045
36029
36030
36031
36032
36048
36047
36063
36064
36065
36049
36033
36017
36016
36015
35999
35983
35982
35998
36014
36013
36012
36028
36044
36060
36077
36076
35435
36059
36043
36027
36011
35995
35996
35997
35981
35980
35979
35977
35974
35434
35956
35953
35433
35936
35937
35934
35432
35917
46160
46159
46158
46157
46156
46155
46154
46153
46152
46151
41336
41337
41338
41339
41340
41341
41342
41343
41344
41345
46161
41346
41363
41362
41361
41360
41359
41358
41375
41357
41356
41373
41372
41355
41354
41371
41370
41353
41352
41351
41350
41349
41348
41366
41367
41368
41369
41390
41391
41392
41374
41393
41404
41403
41402
41401
41400
41389
41388
41387
41386
41385
41396
41397
41398
41399
41007
41424
41428
41432
41008
41420
41423
41009
41427
41010
41431
41011
41435
41436
41441
41446
41447
41448
41449
41450
41451
41452
41453
41454
41455
41472
41471
41470
41469
41468
41467
41466
41465
41464
41463
41462
41445
41440
40856
41439
41444
41461
40857
41478
41479
41480
41485
41014
41484
41490
41489
40858
41505
41016
41512
41513
41506
41491
41492
41493
41494
41495
41496
41497
41498
41499
41500
41501
41507
41514
41522
41529
41546
41545
41560
41544
41543
41542
41541
41540
41555
41539
41017
41521
41520
40859
41519
41527
41528
41535
41534
41551
40860
41552
41553
41536
41537
41538
41554
41570
41571
41572
41556
41557
41573
41574
41558
41559
41575
41576
41577
41561
41562
41563
41547
41548
41530
41523
41515
41516
41517
41518
46175
46174
41511
41504
41488
46173
41483
41477
41476
41460
41459
41458
41475
41013
41482
41487
41015
41503
41510
41509
41508
41502
41486
41481
41473
41474
41457
41456
41442
41437
41433
41429
41425
41421
41418
41415
41412
41405
41406
41407
41408
41409
41004
41376
41377
41378
41379
41380
41382
46162
46163
41394
41410
41413
46164
46165
41416
41419
46166
46167
41422
41426
46168
46169
41430
41434
46170
46171
41438
41012
41443
46172
35436
35437
36084
35620
36087
35438
36091
36092
35623
36097
35624
36102
35625
36107
35627
36111
35629
36115
35631
36120
35439
36135
35633
36142
36143
36151
36158
36165
36164
36157
36150
35440
36149
35441
36156
35442
36163
35443
36170
36171
35635
36177
36184
35444
36183
36190
35445
36196
36202
35446
36218
36224
35447
36240
36248
36265
36282
35448
36290
35449
36299
35450
36308
35451
36318
36328
36329
36330
36347
36364
36363
36346
36345
36362
35452
36372
36383
36393
36410
36419
36429
36440
36441
36453
36452
35453
36468
36480
36492
36504
36505
36506
36493
36481
36469
36470
36471
36483
36482
36494
36495
36507
36508
36524
36523
36522
36540
36539
36521
36520
35454
36538
35455
36551
35456
36564
35457
36577
35458
36590
35459
36603
36616
35460
36632
35461
36645
46200
42091
42090
42106
42107
41061
42119
42118
42105
42089
42078
42079
42066
42065
42053
42054
42042
42027
42026
42041
42052
42040
42039
42051
41054
42064
42077
42076
42075
42063
42050
42038
42024
42023
42022
42037
41052
42049
42062
42061
41056
42074
42086
42087
42088
42104
42117
42116
42131
42130
42115
42103
42102
42101
42100
42099
42098
42097
41060
42114
42125
42124
41063
42113
42112
42123
41065
42139
42155
42168
42156
42140
42141
42126
42127
42142
42143
42128
42129
42144
42145
42157
41068
42158
42159
42147
42146
42132
42133
42134
42148
42149
46201
42161
42172
42160
42171
42170
42169
42179
42180
42181
42182
46202
46203
42192
46204
46205
42219
42210
42201
42200
42191
42190
42189
41072
42199
42208
42209
42218
42217
42226
42227
42228
46206
46207
42237
42236
42235
42244
42254
42253
41079
42263
42273
42283
42292
42302
42315
42326
42316
42327
42328
42318
42319
42305
46213
46212
46211
42286
42295
42294
42304
42317
42303
42293
42284
42285
42275
42274
42264
42265
42276
46210
46209
42266
42256
42255
42245
42246
46208
36843
35465
36831
35464
36832
36844
36856
35466
36855
35467
36867
36868
35670
36879
35468
36890
36891
36904
35671
36892
36893
36905
36906
36894
36895
36907
36920
36921
36908
36896
36884
36883
36882
36871
36872
36873
36861
36849
36837
36836
36835
36847
36848
36860
36859
36858
36870
36881
36880
36869
36857
36845
36846
36834
36833
36821
36822
36807
36794
36806
36805
36820
35669
36804
36803
36790
36791
36774
36758
36759
36775
36792
36793
36776
35665
36761
36760
36748
36749
36731
35663
35662
36730
36747
36746
36745
35463
36729
36713
36701
36702
36714
35660
36703
36689
36688
36671
36658
35462
36659
36672
36673
36674
35657
36690
36704
35661
36715
36716
36705
35658
36692
36691
36676
36675
36661
36648
36635
36636
36649
36662
36663
36650
36637
36621
36622
36623
36624
36625
36626
36610
36597
36598
36599
36586
36585
36584
36609
36596
36583
36582
36581
36568
36567
36580
36579
36592
36605
36593
36594
36595
36608
36620
36619
36607
36606
36618
36634
36647
36660
36646
36633
36617
36604
36591
36578
36565
36552
36566
36553
36554
36541
36542
36555
36556
36569
36570
36557
36544
36543
36525
36509
36496
36484
36472
36473
36474
35652
36485
35653
36497
36510
36526
36527
36511
36512
36528
36529
36513
36514
36530
36531
36515
36498
36486
36487
36488
36477
36476
36475
35651
36462
36461
36460
36459
36458
36445
35647
35649
36446
35650
36463
36447
36448
36464
36465
36466
36478
36490
36489
36501
36502
36503
40660
36519
36537
36550
40661
40662
36563
36576
40663
40664
36589
36602
40665
40666
36615
36614
36601
36588
36575
36562
36561
36548
36549
36536
36518
35654
36517
36535
36534
36500
36499
36516
36533
36532
36545
36546
36547
36560
36559
36558
36571
36572
36573
36574
36587
36600
36613
35655
36629
36642
36655
36656
36669
36668
36685
36684
36683
35656
36665
36652
36653
36666
36667
36654
36641
36640
36628
36612
36611
36627
36639
36638
36651
36664
36682
36681
36680
36679
36678
36677
36693
36706
36717
36718
36719
36720
36721
36737
36736
36735
36734
36733
36732
36751
36750
36763
36762
35666
36777
36795
36808
36823
36824
36809
36810
36825
36811
36812
36813
36814
36797
36782
36781
36780
36779
35667
36796
36778
35664
36764
36765
36766
36752
36738
36739
36723
36722
36707
36694
36695
35659
36708
36696
36697
36698
36710
36709
36725
36724
36740
36753
36769
36768
36767
36783
36784
36785
36798
36816
36817
36799
36800
36801
36788
36789
40674
40675
36802
35668
36819
36830
40676
40677
36842
36854
40678
40679
36866
36878
40680
40681
36889
36901
40682
40683
36913
40684
40685
36926
35672
36943
36959
36977
40686
40687
37028
35675
37011
35674
36995
36994
36976
36975
36993
36992
36974
36956
36957
36958
36942
36925
36941
36924
36923
36910
36911
36912
36900
36899
36898
36886
36887
36888
36877
36865
36853
36841
36829
36818
36828
36840
36852
36864
36876
36875
36863
36851
36839
36827
36815
36826
36838
36850
36862
36874
36885
36897
36909
36922
36937
36938
36939
36940
35673
36972
36973
36991
37009
37010
37027
37026
37025
37024
37023
37022
37021
37020
37004
36986
36967
36951
36952
36968
36969
36987
37005
37006
36988
37007
37008
36990
36989
36971
36955
36954
36970
36953
36936
36935
36934
36933
36950
36966
36965
36949
36932
36919
36918
36931
36948
36964
36981
36982
36983
37001
37002
36984
36985
37003
37019
37018
37035
37036
35676
37050
37063
37077
37093
37110
37111
37094
37095
37078
37079
37080
37081
37082
37099
37116
37115
37114
37098
37097
37096
37113
37112
37127
37138
37150
37149
37163
37175
37187
37199
37198
37186
37185
37197
37212
37213
37226
37239
37253
37267
37266
37252
37238
37225
35690
37237
35691
37251
37265
37280
37279
37297
37311
37312
35694
37329
35695
37341
35697
37353
37367
37368
37385
37386
37387
35700
37388
37389
37390
37372
37371
37370
37369
35698
37355
37354
37342
37343
37331
37330
37313
37298
37299
37281
37282
37283
37301
37300
37314
37315
37316
37317
37318
37319
37332
37344
37356
37345
37333
37320
37321
37322
37334
35696
37346
37359
37358
37357
37374
37373
37391
37403
37404
37392
37375
37376
37377
37360
37361
37362
37349
37337
37336
37348
37347
37335
37323
37305
37304
37290
37291
37292
37293
37294
37308
37307
37306
37324
37325
37326
40704
37338
37350
40705
37363
37380
37397
40706
40707
40708
37427
37426
37410
37409
37396
37379
37378
37395
37408
37425
37424
35701
37407
37394
35699
37393
37406
37405
37423
37422
37435
37436
37449
37437
37438
37439
37440
40709
40710
37453
37452
37465
37466
37479
37478
37492
37493
40711
32206
32215
32232
32242
32216
32207
30597
32198
32197
32196
30351
32185
30350
32175
32159
32160
32176
32186
32187
32188
32177
30595
32161
30593
32151
30591
32150
32149
32139
32123
32112
30349
32096
32086
30348
32087
32088
30585
32097
32113
30587
32124
30589
32140
32141
32142
32152
30594
32162
32178
32189
32200
32209
32199
32208
32219
32234
32218
32217
30600
32233
30601
32243
32244
30602
32254
32265
32264
32280
32279
32263
32253
32252
32262
32278
32290
32291
32301
30609
32310
32320
32330
32340
32350
30610
32359
32349
30356
32339
30355
32329
30354
32319
30353
32300
30352
32289
40716
40717
37589
37602
40718
37615
37629
40719
37643
37642
37628
37614
37613
37612
37626
37627
37641
37655
37669
37668
37654
37640
37625
37639
37653
37652
37666
37667
37680
37694
37693
35720
37718
37705
37692
37679
37678
37665
37651
37637
37638
37624
37611
37610
37623
35717
37597
37583
37584
37598
35714
37585
37586
37599
37600
37601
37588
37575
37574
37587
37573
37572
37571
37570
37557
37558
37559
37560
37561
37547
37548
37562
37576
37563
37549
40715
40714
37535
37534
37520
37521
40713
40712
37507
37506
37505
37519
37518
37517
37516
37502
37503
37504
37490
37491
37477
37464
37451
37450
37463
35703
35705
37476
37489
37488
37487
37475
37462
37461
37474
37473
37486
37500
37501
37515
37514
37528
37529
37530
37531
37532
37533
37546
37545
37544
37543
37542
35710
35709
35708
37527
37513
37499
37498
37512
37526
37525
37540
37541
37555
37556
35711
37569
37582
35713
37596
35712
37581
37580
37593
37592
37579
37566
37552
37553
37567
37568
37554
37539
37538
37523
37509
37522
37508
35478
37494
35477
37480
37467
37454
37455
37456
37469
37468
37481
37495
35706
37482
37496
37510
35707
37524
37511
37497
37483
37471
37470
37457
37458
37459
37472
37484
37485
35704
35702
37460
37448
37447
37434
37421
37420
37419
37418
37417
37416
37433
37446
37445
37444
37432
37415
37402
37414
37431
37430
37443
37442
37441
35476
37428
35475
37411
37398
37381
37382
37399
37412
37429
37413
37400
37401
37384
37383
37366
37365
37364
35474
37351
37339
37352
37340
37328
37327
37310
37309
37295
37296
37278
37277
37263
35473
37249
37264
37250
37236
37235
37222
37209
37194
37182
37170
35472
37158
35471
37143
37133
37134
37144
37159
37171
37183
37195
37210
37223
37224
35688
37211
35687
37196
37184
35685
37172
37173
37160
37145
37146
37161
37174
37162
37147
37148
37137
37126
35681
37125
37136
37135
35682
37108
37109
37092
37091
37090
37107
37124
37123
37122
37105
37106
37089
37088
37072
37071
37058
37044
37059
37060
37073
37074
37075
37076
37062
37049
37034
37017
37033
37048
35677
37061
37047
37032
37031
37046
37045
37030
37029
35470
37012
36996
36978
36960
36944
36945
36961
36979
36997
37013
37014
37015
37016
37000
36999
36998
36980
36962
36963
36947
36946
36929
36930
36917
36916
36928
36927
36915
36903
36902
35469
36914
46215
46214
42329
42346
42362
42380
42393
42406
46216
46217
42418
42430
42429
42442
42455
42472
42485
42498
42499
42486
42473
42456
42443
46218
46219
46220
46221
46222
42512
42511
42510
42497
42496
42509
42525
42542
42558
41097
42541
41095
42524
41094
42508
42495
42494
42493
42480
42481
42482
42483
42484
42471
41091
42454
42441
41090
42453
42470
42469
42452
42440
42427
42426
42413
42414
42402
42403
42415
41089
42428
42416
42417
42404
42405
42392
42379
42361
42345
41083
42344
42360
42359
42377
42378
42391
42390
42389
42376
42358
42343
42342
42341
41084
42357
42375
41086
42374
42373
42388
42400
42401
42412
42425
42439
42438
42451
42468
42467
42466
42465
42464
42463
42450
42437
42436
42449
42462
42448
42435
42422
41088
41087
42409
42397
42398
42410
42423
42424
42411
42399
42387
41085
42370
42369
42353
42354
42338
42355
42371
42372
42356
42339
42340
42325
42314
42313
41082
42291
42282
42272
42262
42252
42243
42242
42241
42250
42251
42261
42271
42281
42290
42289
42280
42270
42260
42269
42259
42249
42232
42233
42224
42215
42234
42225
42216
42207
42206
42196
42205
42214
42223
42222
42213
42204
42195
42185
42175
42176
42186
42187
42197
42198
42188
42178
42177
42167
42166
41067
42154
42153
42138
42137
42152
42165
41069
42174
41070
42184
41071
42194
41073
42203
41074
42212
41075
42221
41076
42230
42231
42240
42239
41078
42248
42258
42268
42278
42279
42288
42298
42297
42308
42321
42332
42331
42348
42364
42382
42383
42365
42349
42350
42366
42367
42351
42334
42333
42322
42309
42310
42311
42299
42300
42301
41081
42312
42324
42337
42336
42323
42335
42352
42368
42386
42385
42384
42396
42395
42408
42421
42420
42432
42445
42458
42459
42446
42433
42434
42447
42461
42460
41092
42476
42489
42502
42501
40884
42500
42513
42529
42546
42562
42578
42595
42596
42597
42598
42579
42564
42563
42547
42548
42530
42514
42515
42531
42532
42533
42516
42517
42534
42535
42518
42504
42503
42491
42490
41093
42477
42478
42479
42492
42505
42519
42520
42536
42537
42521
42522
42539
42538
42555
42569
42586
42587
42588
41099
42605
42621
42620
42604
42603
42585
42567
42568
42554
42553
42552
42566
41098
42551
42550
42549
42565
42580
42581
42599
42615
42616
42617
42601
42600
42582
42583
42584
42602
42618
42619
42636
42637
42638
42655
42654
42653
42670
42652
42635
42651
42669
42685
42684
41104
42668
42667
42650
42634
42633
42632
42631
42614
42613
42630
42647
42648
42649
42666
42665
42664
42681
42696
42697
42682
42683
42698
42716
41108
42731
42715
42714
42730
42746
42747
41111
42764
41112
42780
41114
41113
42796
42811
42795
42779
42763
42762
42745
42744
42728
42729
42713
42712
42695
42680
42663
42646
42629
42612
42611
42628
42645
42662
42679
42694
42711
42727
42743
42760
42761
42778
42777
42776
42792
42793
42794
42810
42809
42808
42824
42840
42841
42825
42826
42827
42843
42842
42858
42857
42856
42872
42887
42904
42905
42921
51219
51218
51217
48478
48484
48500
48499
48515
48516
51220
48523
48530
51221
51222
48536
48542
51223
51224
48548
46703
48554
48561
51225
40887
43071
40888
43085
43086
43072
43073
43087
43100
40889
43099
40890
43113
43114
41137
43127
43128
43115
43101
43102
43116
43117
43118
43104
43090
43076
43062
43049
43048
43061
43075
43089
43103
43088
43074
43060
43059
43058
41136
43045
43044
40886
43027
43010
42993
42976
42977
42978
42965
41130
42953
42952
42964
42951
40885
42935
42936
42922
42923
42906
42889
42888
42873
42874
42875
42859
42860
42876
42890
42907
42924
41127
42937
42954
42966
42967
42955
42938
42939
42956
42968
42980
42979
42996
42995
42994
43011
43028
43046
43047
43029
43012
43013
43030
43031
43032
43033
43016
43015
43014
42997
42998
42981
42982
42999
43000
43017
43001
43018
43035
43034
43050
43063
43077
43091
43105
43119
43132
43131
43145
43144
43130
43129
43143
43157
43142
43141
40891
43140
43154
40892
43171
43172
43155
43156
43173
43174
43158
43175
43176
43159
43160
43146
43162
43161
43177
43190
43191
43192
43178
43193
43208
43207
43206
43224
43242
41140
43225
43226
41141
43243
43244
43262
43261
43260
43277
43294
43293
43276
43259
43258
43241
43223
43205
41139
43189
43188
43187
43186
41138
43202
43219
43220
43203
43204
43221
43222
43240
43239
43238
43237
43236
43218
43217
43201
43185
43184
43200
43216
43234
43235
43251
43250
43267
43284
43301
43318
43302
43303
41146
43319
43320
43338
43321
43304
43305
43288
43287
43270
43269
43286
43285
43268
43252
43253
43254
43271
43255
43272
43289
43306
43307
43324
43308
43290
43291
43274
43273
43256
43257
43275
43292
43309
43310
43326
43325
41147
43341
43342
43357
43372
43356
43371
41151
43386
43387
43388
43389
43373
43358
43343
43344
43345
43329
43313
43314
43315
43316
43332
43331
43330
43346
43361
43376
43360
43359
43374
43375
43391
43390
43406
43405
43421
43438
43439
43440
43422
43407
43423
43441
43458
43474
43475
43492
43491
43506
43507
43523
43524
43508
43509
43493
41157
43476
41156
43477
46263
46264
43494
43510
43526
43525
43540
43541
43556
43555
41165
43572
43573
46265
43589
43607
43606
43588
43587
43586
43571
43570
43585
43584
43569
43551
43550
41164
41162
43535
43536
43537
43552
43553
43554
43539
43538
43522
43521
43505
43520
41160
43503
43502
43519
43534
43549
43565
41167
43566
43567
43568
43583
43601
43615
43600
43582
43581
43599
41168
43598
43597
43596
43578
43595
43594
43593
43592
43575
41166
43559
43558
43543
43544
43529
43530
43545
43560
43576
43577
43561
43562
43563
43579
43580
43564
43548
43547
43546
41163
43531
41161
43532
43533
43518
43517
43500
43501
43484
43485
43486
43469
43468
43467
43466
43465
43464
43463
43447
43430
43414
43431
43448
43449
43450
43451
43452
43435
43436
43453
43470
43487
43488
41159
43504
43489
43490
43473
43457
43456
43472
43471
43455
43454
43437
43420
43404
43403
43419
43418
43402
43401
43385
43370
43355
43340
43323
43322
43339
41148
43354
41149
43369
41150
43384
41152
43400
41153
43416
43417
43434
43433
43432
43415
43399
43383
43368
43353
43337
43336
43352
43351
43335
43334
43350
43365
43380
43396
43381
43366
43367
43382
43398
43397
43413
43412
43428
43429
43446
43445
43462
43461
43478
43495
43511
43496
43479
43480
43497
43498
43481
43482
43483
41158
43499
43516
43515
43514
43513
43512
43528
43527
43542
43557
43574
43590
43591
43609
43622
43638
43654
41174
43664
43674
43691
43708
43707
43690
43673
43663
43653
43637
40893
43621
43608
48887
48886
48876
48877
48859
48843
51252
51251
48838
48837
48842
48858
48857
46720
48875
48885
46724
48902
48903
48919
48929
51253
51254
48940
48939
48928
48918
48917
48916
48901
48900
46723
48883
48884
48874
48873
48856
48855
48854
48853
48852
48851
48850
48849
48865
48866
46721
48867
48868
48869
48870
48871
48872
46722
48899
48898
48897
48896
48895
48894
48908
48909
48910
48911
48912
48913
48914
48915
48925
48936
48937
48926
48927
48938
48956
48957
48974
48991
49001
51255
51256
49011
49028
51257
51258
49037
49027
49026
46730
49009
49008
49007
48997
48998
48988
48989
48999
49010
49000
48990
48973
48972
48955
48954
48971
48970
48953
48952
48969
48987
48986
48985
48968
48967
48984
48983
48982
48981
48964
48965
48966
48951
48950
48949
48948
48947
48924
48923
46726
48906
48907
48893
48892
48882
48864
48863
48862
48847
48848
48841
48836
48830
48814
48813
48812
48829
48828
48827
46451
48810
48811
48806
48805
46450
48800
46449
48795
46448
48790
46447
48774
48775
48776
48777
48771
48766
48761
48756
48751
48746
48731
48732
48733
48734
48735
48736
48737
48738
48739
48740
48741
48742
48747
48752
48757
48762
48767
48772
48788
48787
48786
48785
48784
48783
48782
48781
48780
48779
48778
48793
48792
48791
48796
48797
48802
48801
48807
48798
48803
48808
48815
48816
48817
48818
48819
48820
48821
48822
48823
48824
48825
48831
48832
51250
51249
48826
46718
48809
51248
51247
48804
48799
51246
51245
48794
46717
48789
51244
51243
48773
48768
51242
51241
48763
48758
51240
51239
48753
48748
51238
51237
48743
46712
48726
51236
51235
48720
48725
48724
48718
48719
48714
51234
51233
48708
48707
48713
48712
48706
46710
48689
48671
48672
48690
48691
48673
48655
48654
48638
48639
51232
51231
48631
48623
48622
48606
48607
51230
51229
48599
48592
51228
51227
48584
48576
51226
48568
48560
46706
48567
48575
48583
48574
48582
48590
48591
48598
48597
48605
48621
46708
48628
48629
48630
48637
48636
48653
48652
48651
48669
48670
48688
48687
48705
48704
48703
48702
48684
48666
48667
48685
48686
48668
48650
48649
48648
48647
48665
48683
48701
48700
48682
48681
48699
48698
48680
48679
48697
48696
48711
48717
48723
48730
48729
46713
48745
46714
48750
48755
48760
46715
48765
46716
48770
48769
48764
48759
46446
48754
46445
48749
48744
48727
48721
48728
48722
46711
48716
48710
48693
46444
48715
48709
46443
48692
48674
48656
48640
46442
48632
46441
48624
46440
48609
46439
48600
48608
56812
53780
51686
53786
53779
53773
53766
53765
53772
51685
53764
53763
53762
53745
53746
53728
53729
53730
51684
53747
53748
56811
53731
53716
56810
56809
53707
53691
56808
56807
53681
53680
53690
53706
53715
53714
53705
51681
53689
53679
53670
53660
53671
53672
56806
56805
53662
53661
53651
53641
53632
53633
53642
53652
56804
56803
56802
53625
56801
56800
53616
53615
53624
53631
53623
53622
53630
53639
53640
53650
53649
53659
53669
53678
53688
53704
53703
53702
53701
53700
53699
53698
53713
53712
51683
53720
53721
53722
53723
53741
53740
53739
53756
53757
53758
53759
53760
53743
53742
53724
53725
53726
53727
53744
53761
53771
53778
53785
51688
53791
53808
53825
53826
53827
53810
53809
53792
53793
56813
56814
56815
56816
51690
53868
53861
53844
53843
53860
53859
53842
53841
53840
53857
53856
53855
53839
53823
53824
53807
53806
53805
53822
53821
53838
53837
53854
53853
53836
53819
53820
53804
53803
53802
53801
53818
53835
53834
53851
53852
53865
53850
53833
53832
53849
53848
53847
51689
53863
53864
53870
53884
53883
53869
53862
53845
53828
53811
53794
53787
53783
53776
53775
53768
53750
53751
53769
53752
53735
53736
53753
53754
53755
53738
53737
51682
53711
53710
53709
53693
53694
53684
53674
53685
53695
53696
53697
53686
53687
53677
53668
53667
53676
53675
53666
53656
53655
53665
53654
53644
53645
53646
53636
53635
51679
53626
51678
53609
53610
53619
53618
53627
53637
53647
53657
53658
53648
53638
53629
53628
53620
53621
53612
53611
53602
53603
53594
53593
53584
53585
53569
53568
53551
53552
53536
53535
53534
53524
53525
53510
53511
53512
53496
53495
53494
53478
53461
53462
53479
53480
53463
53464
53481
53497
53513
53514
53541
53542
53557
53556
53540
53539
53538
53537
53553
53570
53571
53554
53555
53572
53573
53574
53575
53558
53559
53576
53586
53587
53596
53595
53604
53613
53614
53605
53597
53606
53607
56799
56798
53598
53589
53580
53579
53588
51677
53578
53577
53560
53561
53545
53562
53563
53546
56797
53529
56796
56795
53520
53503
53487
51670
53486
53502
51672
51671
53501
51673
53517
53518
53519
53528
53527
53544
53543
51675
53526
53516
53500
53484
53483
53499
53515
53498
53482
53465
53466
53467
53468
53485
53469
53453
53443
53442
51667
53426
53425
53408
53407
53389
53390
53373
53374
53391
53409
53410
53392
53375
53376
53359
53347
53346
53312
53294
53293
53292
53279
53280
53281
53268
51662
53253
53252
53251
53267
53266
53265
53249
53250
53234
53235
53218
51659
53201
51658
53187
53172
53158
53159
53146
53129
53116
53103
53090
53073
53074
53075
51653
53091
53104
53117
53130
51654
53147
53148
53162
53176
53191
53192
53177
53178
53164
53163
53149
53150
53133
53120
53119
53132
53131
53118
53105
53092
53093
53106
53107
53094
53077
53076
51652
53059
51651
53042
53043
53044
53033
53032
53031
51650
53058
53041
53030
53012
53013
53014
52999
52989
52988
52998
51647
52987
52970
52969
52986
52985
52997
51648
53011
53029
53028
53040
53057
53056
53039
53027
53026
53010
53009
53025
53055
53072
53089
53102
53115
53128
53145
53144
53143
53142
53087
53088
53071
53070
53054
53053
53069
53086
53085
53101
53114
53127
53141
53140
53157
53171
51655
53184
53200
51656
53185
51657
53186
53217
53233
53232
53216
53215
53214
53213
53199
53198
53212
53228
53229
53245
53246
53230
53231
53247
53248
53264
53263
53262
53261
53244
53227
53211
53197
53183
53182
53168
53167
53153
53154
53155
53169
53170
53156
53139
53138
53137
53125
53126
53113
53100
53099
53112
53111
53124
53123
53136
53135
51431
53152
51432
53166
53180
53181
53196
53195
53208
53224
53240
53241
53225
53209
53210
53226
53242
53243
53260
53276
53275
53288
53287
53274
53259
53258
53257
51433
53273
53286
53299
53300
53301
53302
53289
53303
53322
53338
51666
53355
53356
53339
53323
53305
53304
53290
51663
53277
53278
53291
53306
53324
53340
53341
53325
53307
53308
53326
53342
53343
53344
53328
53327
53309
53310
53311
53329
53345
53358
53357
53372
53371
53388
53406
53423
53424
53441
53440
53439
53438
53422
53421
53420
53437
53452
53451
53436
53419
53402
53403
53404
53405
53387
53370
53369
53386
53385
53368
53367
53384
53401
53418
53435
53450
53449
53448
53456
53457
53474
53475
53458
53459
53460
53477
53476
53492
53493
53509
53508
53523
53507
53491
53490
53505
53506
51674
53522
53532
53531
53530
53521
53504
53488
53489
53473
53472
53455
53447
51434
53431
53432
53433
53434
53417
53416
53399
53400
53382
53383
53366
53365
53354
53336
53337
53321
53320
53319
53335
53334
53318
53317
53333
53351
53362
53379
53363
53352
53353
53364
53381
53380
53398
53415
53414
53397
62383
59200
62384
62385
59232
59216
59215
59231
59230
59246
59245
57226
59244
57225
59228
57224
59212
57223
59196
57222
59180
59197
59181
57221
59167
57220
59150
59168
59169
59182
59170
59141
59123
59122
59121
59103
59104
59105
59087
62380
59074
59057
59046
59047
59058
62379
62378
62377
59036
59035
59034
59024
59025
62376
59014
62375
62374
59003
58992
58991
59002
59001
58990
58989
59000
58988
58999
59010
59021
59011
59012
59013
59023
59022
59033
59032
59043
59054
59055
59044
59045
59056
59071
59072
59073
59086
59085
59084
59102
59118
59117
59135
59134
59133
59132
59114
59096
59097
59115
59116
59098
59099
59100
59101
59083
59070
59069
59068
59067
59066
59065
59064
59053
57219
59052
59040
59039
59028
59029
59018
59007
58996
58979
58980
58965
58966
58981
58997
59008
59019
59030
59041
59042
59031
59020
59009
58998
58982
58967
58968
58983
58984
58985
58986
58987
58972
58971
58970
58969
58942
58925
58924
58941
58956
58955
58954
58964
58963
57215
58995
57217
59006
59017
59004
57001
59015
57002
59026
57003
59037
59048
59059
57004
59075
59076
59077
59078
59092
59091
59090
59089
59088
59106
59107
59125
59143
59142
57005
59124
68035
64602
64595
62835
64587
64588
64570
64569
64586
64585
64594
64601
64584
64566
64548
64565
64564
64583
64582
64581
64563
64545
64544
64562
64580
64613
64612
64611
64610
64609
64608
64607
64600
64593
64576
64575
64592
64599
62836
64606
64624
64623
64622
64639
64640
64641
64642
64625
64626
64627
64628
64629
64630
64631
64632
64614
64615
64633
64634
64616
64617
64618
64619
62837
64636
68036
68037
64645
64654
68038
68039
64663
64671
64680
64690
68040
68041
68042
64718
64707
64689
64679
64670
62839
64662
64653
64644
64635
64643
64652
64661
64669
62840
64677
64678
64688
64687
64686
62841
64703
64704
64705
64706
64717
64728
64729
64741
64740
64739
64752
64751
64738
64726
64727
64716
64715
64714
64725
64737
64750
64767
64768
64769
64784
64801
64800
64783
64782
64799
64798
62848
64797
64812
62851
64829
64844
64859
64873
64874
64860
64845
64846
64861
64875
64890
64876
64862
62854
64847
64832
64831
64830
64813
64814
64815
64816
64802
64785
64770
64753
64754
64771
64786
68043
68044
64803
64818
64817
64833
64834
68045
64849
64848
64863
68046
64877
64891
68047
68048
64905
64904
64917
64931
64918
68049
68050
64932
64948
64947
64946
64930
64916
64915
64914
64901
64902
64903
64889
64888
64887
64886
64872
64871
64885
64899
64900
64913
64912
64926
64927
64943
64957
64958
64959
64944
62856
64928
64929
62857
64945
64960
64978
64979
64961
64962
68051
68052
64995
64994
65012
65011
64993
64992
64977
64976
64975
64974
62859
64990
64991
65010
65009
65008
65007
65020
65021
65022
65033
65048
65047
65057
65066
65046
65045
65044
65043
65042
65032
65031
65041
65040
65039
65030
65017
62860
65018
65019
65003
65004
65005
62861
65006
64989
62858
64973
64972
64956
64942
64941
64940
64939
64955
64969
64970
64971
64988
64987
64986
65002
65001
64985
64968
64954
64953
64937
64936
64935
64934
64921
64922
64923
64938
64924
64925
64911
64910
64909
64908
64895
64896
64897
64898
64884
64883
64882
64881
64880
64866
64852
64836
64821
64822
64837
64838
64839
64824
64808
64792
64793
64794
64810
64809
64825
64840
64855
64854
64853
64867
64868
64869
64870
64856
64841
64826
64827
64842
62853
64857
64858
64843
64828
64811
62850
64796
64795
64779
64778
64777
64760
64759
64776
64791
64807
64823
64806
62849
64790
64789
64773
64756
64743
64731
64720
64709
64721
64732
64744
64757
64774
64775
64758
64745
64733
64722
64723
62842
62844
64735
64734
64746
64747
64748
64761
62847
64762
64763
64764
64765
64780
64781
64766
64749
62846
64736
62845
62843
64724
64713
64702
64701
64700
64699
64698
64697
64696
64695
64712
64711
64710
64693
64692
64691
62642
64708
64719
64730
62643
64742
62644
64755
62645
64772
64787
64788
64805
64804
62646
64819
64820
62852
64835
64851
64850
62647
64864
62648
64878
64892
62649
64865
64879
64894
64907
64893
62855
64906
64920
62650
64919
64933
62651
64949
64950
64951
64952
64967
64984
65000
64999
64983
64966
64965
64964
64963
64980
64981
64982
64998
64997
64996
65014
62652
65027
65036
65037
65028
65015
65016
65029
65038
65054
65063
65072
65071
65080
65081
65082
62865
65073
62863
65064
62862
65055
65056
65065
65074
65083
65093
62866
65092
65103
65102
65119
65128
65129
65120
65104
65105
65106
65107
65108
65109
65110
65075
65084
65094
65111
65112
65121
65130
65139
65140
65141
65142
65143
65144
65145
65146
65147
65131
65122
65113
65095
65096
65097
62867
65114
65123
65124
68060
68059
65115
65098
68058
68057
65088
65087
65086
65085
65076
65067
65058
65049
65034
65023
65024
65025
65013
65026
65035
65051
65050
62864
65077
65078
68056
65069
65068
65059
65060
68055
68054
68053
59634
59618
59619
59601
59583
59567
59550
59537
57021
59538
59551
59568
59569
59585
59584
59602
59603
59620
59636
59635
59645
59656
57022
59673
59674
59657
59646
59647
59658
59659
59676
59675
59686
59702
59719
59729
59744
59743
59728
59718
59701
59685
59684
59700
59717
59727
59742
59751
59760
57023
59777
59788
59789
59790
59791
59780
59763
59762
59779
59778
59761
59752
59753
57255
59754
59764
59792
59808
59807
59806
59805
59822
57024
59832
57025
59842
57026
59852
57027
59862
59863
59853
59843
59833
59823
59824
59834
59844
59854
59864
59874
59890
59891
59875
59876
59893
59892
59910
59909
59908
59926
59934
59950
59949
59933
59925
59907
59889
59873
59872
59888
59906
57028
59924
59932
59948
59964
57029
59981
57030
59989
57031
59997
57032
60005
60013
60020
68081
68082
68083
60086
60069
60053
60070
60054
60038
60037
60028
60029
60021
60022
60031
60030
60039
60040
60041
60042
60043
60058
60059
60075
60074
60073
60057
60056
60055
60071
60072
60090
60107
60118
60106
60089
60088
60087
60104
57033
60103
57034
60114
60125
60135
60145
57035
60161
57036
60172
57037
60183
57038
60194
57039
60205
57040
60216
57041
60227
57042
60238
57043
60249
57044
60260
60271
60261
60272
60282
60281
60299
57045
60317
60318
60300
60301
60319
60320
60302
60303
60285
60286
60304
60305
60306
60307
60289
60288
60287
60276
57277
60265
60264
60275
60274
60284
60283
60273
60262
60263
60252
60241
60240
60251
60250
60239
60228
60229
60230
60220
60231
60242
60253
60254
60243
60232
60221
60210
60209
60198
60199
60188
60187
60176
60165
60177
60166
60149
57276
60139
60138
60137
60148
60164
60175
60174
60185
60186
60197
60196
60207
60208
60219
60218
60217
60206
60195
60184
60173
60162
60163
60147
60146
60136
60126
60115
60116
60105
60117
57274
60127
60128
60129
60119
60108
60091
60092
60093
60076
60077
60094
60095
60096
60079
60078
60062
60061
60060
60044
60045
60046
60047
60048
60064
60063
60080
60097
57275
60150
60151
60152
60153
60154
60155
60156
60167
60168
60179
60178
60189
60200
60211
60222
60233
60244
60245
60255
60256
60257
60246
60235
60234
60223
60224
60213
60212
60201
60190
60202
60191
60192
60203
60214
60225
60226
60215
62439
62440
62441
60237
60236
60247
60258
60248
62442
62443
60259
62444
60270
60280
60279
60269
60268
60278
57278
60267
60266
60277
60294
60295
60296
60297
60298
60316
62445
60325
60342
60358
62446
62447
60375
60392
62448
62449
60409
60425
57283
60408
57282
60391
57281
60374
57280
60357
57279
60341
60324
60315
60314
60323
60313
60312
60322
60339
60340
60356
60373
60372
60355
60354
60353
60370
60387
60371
60388
60389
60390
60407
60424
60406
60423
60433
60441
60455
60456
60464
60473
60491
60508
60516
60523
60530
60537
60544
57291
60551
57292
60568
62457
57290
57289
57288
62456
62455
62454
62453
62452
62451
60458
60467
60476
60475
60493
57287
60509
60492
60474
60465
60466
60457
60442
60434
57285
57284
60426
62450
54436
51480
54437
54438
54421
54422
54439
54447
54463
54464
54448
54440
54423
54424
54408
54409
54410
54411
54428
54427
54426
54425
54441
54451
54452
54453
54469
54486
54485
54468
54467
54466
54450
54449
54465
54482
54481
54498
54499
54500
54483
54484
54501
54517
54534
54551
54552
54566
51733
54550
54533
54516
54515
54497
54480
54479
54496
54495
54478
54462
54446
54445
54461
54477
54494
54511
54512
54513
54514
54531
54532
54549
54548
54530
54529
54528
54545
54546
54547
54565
54574
54583
54582
54581
54572
54573
54564
54563
54562
51481
54571
51482
54580
51483
54589
51484
54606
51485
54616
54617
54618
54608
54607
54590
54591
54609
54592
51734
54593
54610
54620
54619
54630
54631
54632
51737
54647
54659
54658
54674
54673
54657
54656
54646
54645
54629
54628
54627
54643
54644
54654
54655
54672
54688
54698
54708
54718
51739
54739
54740
54756
54755
51741
54738
54728
54754
54737
54727
54717
54707
54697
54687
54671
54653
54670
51486
54686
51487
54696
51488
54706
51489
54716
54726
54736
51490
54753
51491
54770
51492
54779
51493
54788
51494
54797
54806
54821
51495
54836
54837
54822
54807
54798
54789
54780
54771
54772
54781
54790
54799
54809
54808
54823
51747
54838
54839
54824
54825
54840
54841
54826
54827
54828
54829
54830
54831
54845
54863
54862
54844
54861
54843
54842
54860
54859
54874
54889
54875
54876
54877
54878
54879
54864
54846
54847
54832
54833
54848
51748
51749
54849
54850
54851
54866
54865
54883
54882
54881
54880
54890
54891
54909
54892
54884
54893
51750
54910
54917
51752
54934
56873
56872
56871
56870
56869
54867
54852
54835
54820
51744
51742
54805
54796
56868
56867
54787
54778
56866
54769
54768
54767
54766
54777
54786
54785
54776
54775
54774
54783
54784
54792
54793
54794
54795
54804
51746
54834
51745
54819
54818
51743
54803
54802
54801
54817
54816
54815
54814
54813
54812
54811
54810
54800
54791
54782
54773
54759
54760
54761
54745
54744
54743
54758
54757
54741
54742
54729
54719
54709
54699
54689
54675
54676
54660
54661
54677
54678
54679
54662
54663
54664
54680
54681
54690
54700
54710
54720
54721
54722
54712
54711
54701
54702
54692
54691
54682
54666
54665
54648
54639
54638
54637
54636
54635
54634
54633
54621
54611
54594
54584
54575
54595
54596
54597
54598
54599
54600
54601
54612
51735
54622
51738
54649
54667
54683
54684
54685
54669
54668
54651
54641
54650
54640
51736
54623
54624
54613
54602
54603
54604
54587
54578
54569
54568
54577
54586
54585
54576
54567
54558
54557
54556
54555
54538
54537
54554
54553
54536
54535
54518
54519
54502
54503
54520
54521
54504
54505
54506
54523
54522
54539
54540
54541
54524
54507
54491
54490
54489
54472
54456
54455
54471
54488
54487
54470
54454
54429
54430
54431
54414
54397
54380
54379
54396
54395
54413
54412
54394
54393
54392
54391
54390
54407
54406
54405
54404
54420
54419
54402
54403
54369
54370
54371
54354
54355
54338
54337
54328
54310
54292
54291
54290
54308
54326
54335
54334
54325
54307
54289
54273
54267
51479
54261
51478
54255
51477
54249
51476
54243
51475
54237
51474
54231
51473
54225
51472
54219
51471
54213
51470
54207
51469
54201
54195
54189
54183
54166
54149
54143
51468
54137
51467
54131
51466
54125
51465
54108
51464
54091
51463
54092
51715
54109
54126
54132
54138
54144
54151
54150
54167
54168
51718
54184
51720
54190
51721
54196
51722
54202
54208
54214
54220
54226
54232
54238
54244
54250
54256
54262
54268
51723
54274
51724
54275
54276
54278
54279
54280
54281
54282
54300
54283
54284
54302
54301
54319
54320
51726
54330
54321
54303
54285
54304
54322
54323
54305
54287
54286
54270
54271
54264
54265
54259
54258
54252
54253
54254
56837
56836
54248
54242
56835
56834
54236
54230
56833
56832
54224
54223
54229
54235
54241
54247
54246
54240
54234
54228
54222
54216
54217
54211
54212
54218
56831
56830
54206
56829
56828
54200
54205
54210
54204
54198
54199
54193
54187
54182
54165
54164
54147
54141
54135
54136
54142
54148
56823
56824
56825
56826
54188
54194
56827
49091
49081
46460
49072
49063
49046
49038
49039
49047
49048
46734
49064
46735
49073
49083
49082
49092
49093
49108
49117
49107
49106
49115
49116
49132
49131
46461
49148
46462
49156
49149
49157
49158
49150
49133
49134
49135
49151
49159
49167
49175
49183
49191
49199
49207
49215
49223
49222
49214
49213
49205
49206
49198
49197
49189
49181
49173
49190
49182
49174
49166
49165
46463
49164
46464
49172
46465
49180
46466
49188
46467
49196
46468
49204
46469
49212
56838
54260
54266
56839
56840
54272
54288
54306
54324
54333
54332
54350
54367
54384
56841
56842
56843
56844
56845
56846
56847
56848
51727
54476
51728
54493
56849
49380
46479
49381
49390
49407
49406
49389
49388
49405
49422
49439
49456
49457
49463
46480
49477
49485
49493
49509
49510
49528
49527
49545
49553
49561
49569
49562
49554
49546
49529
49511
49512
49496
49495
49494
49486
49478
49464
49465
49458
49459
49460
49467
49468
49481
49489
49488
49480
49466
49479
46754
49487
49497
49498
49514
49513
49531
49530
46757
49547
46758
49555
46759
49563
49556
49557
49549
49548
49532
49533
49534
49516
49515
49499
49500
49501
49502
49518
49517
49535
49536
49537
49538
49539
49521
49520
49519
49503
49504
49505
49490
49482
49474
49473
49472
49471
49470
49469
46751
49445
49446
49447
49448
49449
49432
49433
49434
49435
49419
49418
49417
49400
49401
49402
49384
49376
49385
49377
49378
49370
49362
49361
49369
49368
49360
49352
49344
49336
49337
49345
49353
49354
49346
49347
51278
51279
49355
49363
51280
51281
49371
49379
51282
51283
51284
51285
51286
51287
44188
44179
40907
44162
44163
44153
44152
44142
44132
44115
44116
44133
44143
44154
44164
44165
44166
44182
41207
44201
44202
44203
44204
44205
44206
44183
44191
41208
44207
44216
44232
44233
44234
44235
44219
44218
44217
44208
44192
44184
44175
41206
44158
44148
44149
44139
44129
44112
44111
41201
44094
41200
44095
44096
44113
44130
44140
44150
44160
44159
44176
44185
44193
44209
44210
44194
44186
44177
44178
46300
46301
44187
44195
46302
46303
44211
46304
44220
44236
44252
44251
44250
44258
44259
44275
44274
44281
44282
44299
44306
46305
46306
44313
44320
46307
46308
44327
44334
46309
46310
44341
46311
44348
44355
46312
46313
44363
44362
44354
44347
44340
44333
44326
44319
44318
44325
44332
44339
44338
44331
44324
44317
44310
44303
44311
44312
44305
44304
44297
44298
44280
44273
44257
41213
44249
44248
41211
44231
41210
44215
44230
44229
44228
44244
44245
44246
44247
44256
44268
44269
44270
44271
44272
41215
44296
44295
44294
44293
44292
44302
44309
44316
44323
44330
44337
44344
44351
44359
44373
44372
44389
44405
44404
44388
44371
44370
44387
44386
44369
44368
44367
41221
44385
41222
44401
44416
41226
44425
44417
44402
44403
44426
41227
44427
44428
44429
44430
44443
44453
44467
44466
44465
44464
44463
44462
44477
44486
44495
44504
44513
44521
44503
44494
44485
44493
44502
44512
44520
44529
41232
44537
44530
44538
44539
44540
44541
44542
44543
44544
44531
44522
44514
44505
44496
44487
44478
44468
44469
44470
44479
44488
44497
44506
44515
44523
44532
44547
44546
44545
44554
44567
44585
44568
44586
44604
44605
44606
44615
44624
44634
44633
41238
44644
44645
44646
44663
44679
44678
44662
44661
44660
44677
44694
41243
44710
41244
44723
44739
44751
44767
44768
44785
44801
44786
44769
44753
44752
44740
44741
44725
44724
44712
44711
44695
44696
44680
44697
44698
46325
44714
44713
44726
44742
46326
44754
44770
44787
44802
46327
44816
44815
41252
44830
46328
44844
44860
44843
44842
44829
44828
44841
44856
44855
44871
44872
44857
44858
44859
44875
44876
46329
44889
44906
44905
44904
44887
44888
44874
44873
44886
44903
44902
44901
44900
44885
44884
44869
44870
44854
44840
44839
44853
44852
44851
44867
44868
44898
44899
44914
44915
44931
44932
44933
44916
44917
44935
44934
44948
44947
44946
44945
41259
44930
44929
41258
44928
44927
44926
44944
44943
44957
44958
44969
44970
44971
44986
44985
44984
44968
44967
44956
44942
44941
44940
44955
44954
41260
44966
44983
44993
44994
44995
45012
44996
44997
44998
44999
45000
44987
44972
44973
44974
44959
44975
44976
44988
44989
44978
44977
44960
44961
44962
44949
44950
44936
44918
44919
46330
44937
44951
46331
44963
44980
44979
41261
44990
45007
45006
45005
45015
45030
45029
45014
45004
45003
45002
45001
45013
45027
45039
45028
45040
45057
45056
45055
45066
45075
45090
45089
45088
45101
45100
45117
45118
45119
45120
45102
45103
45104
45121
45122
45105
45106
45091
41271
41270
45076
45067
45058
45041
45042
45043
45044
45032
45031
45016
45017
46332
39478
35560
39462
35559
39447
39438
39439
39448
39463
39479
39490
39489
39506
39523
35561
39539
39549
35562
39566
35563
39576
35564
39586
35565
39597
39608
39609
39610
39598
39587
39577
39567
39550
39540
39551
39552
39568
39578
39588
39599
39600
39589
39579
39569
39555
39556
39557
39558
39559
39560
39570
39571
39572
39573
39563
39546
35847
39547
35848
39564
39565
39574
35849
39584
39585
39575
40793
40792
39548
40791
39538
39537
39521
35845
39522
40790
39505
35844
40789
40788
39488
39487
39504
39486
39475
39459
39460
39476
39477
39461
39446
39445
35841
39435
39436
39437
39419
40787
39403
40786
39386
39385
39374
35837
39358
39346
39336
39335
35832
39319
39318
39317
39316
39332
39331
39314
39315
39300
39301
39292
39291
39280
39281
39270
35828
39271
39255
39254
39242
39230
39231
39243
39244
39232
39233
39221
39206
39207
39196
39185
35822
39195
39194
39205
39220
35824
35823
39184
39174
39165
39155
39156
39157
39142
39135
40778
39158
35820
39166
39175
39176
40779
39186
40780
39197
39208
39223
39222
39234
39246
39235
40781
40782
39247
39258
40783
39274
39273
35827
39257
35826
39245
39256
39272
39282
35829
39283
39284
39285
39295
39304
39303
39294
39293
35831
39302
39320
39321
39337
39347
39359
39375
39360
40785
39348
35833
40784
33994
30435
34010
30436
34019
34028
34038
34039
34040
30688
34049
34048
34064
30437
34080
34065
34066
34067
34084
34083
34094
34095
34096
34097
34098
34116
34117
34099
34100
34101
34118
34134
34133
34132
34131
34115
34114
34130
34147
30693
34146
34145
34156
34166
34182
34181
34165
34155
34144
34127
34128
34129
34113
34112
34111
34093
34082
34081
34092
34110
34126
34091
34109
34125
30438
34142
34143
34153
34154
34164
34163
34179
34189
34180
34190
34191
30696
34192
34183
30695
34167
34157
30694
34168
34169
34170
34171
34172
34173
34158
34148
34137
34136
34135
34119
34120
34121
34102
34086
34103
34104
34105
34123
34122
34138
34139
34140
34150
34149
34159
34175
34185
34174
34184
34193
34202
34210
34220
34229
34201
34209
30698
34219
34218
34227
34228
34237
34236
34245
34246
34255
34254
34262
34263
34270
34269
34278
34279
34288
34287
30708
34295
34296
30709
34313
34297
34298
34314
34315
34299
34300
34316
34317
34301
34302
34303
34289
34280
34271
34264
34256
34247
34238
34239
34230
34221
34211
34203
34194
34195
34204
34212
34222
34231
34240
34249
34248
34257
34265
30706
30707
34281
34272
34258
30702
34250
34241
34232
34223
34213
34205
34196
34187
34186
34176
34160
34161
34162
35359
34178
34177
34188
35360
35361
34197
34206
35362
35363
34214
34224
35364
35365
34233
34242
35366
35367
34251
34259
30704
34266
34273
34274
34283
34282
34291
34307
34306
34322
34323
34330
34336
34342
34349
34356
34362
34369
34370
35374
35373
34363
34357
35372
35371
34350
34343
35370
30712
35369
34324
34308
35368
29250
25560
29261
25561
29272
25815
29283
29273
29274
29284
29294
25562
29293
25563
29303
25564
29313
25565
29323
25817
29333
29324
29325
29334
29335
29326
29316
29306
29315
29314
29304
29305
29295
29296
29285
29275
29264
29263
29262
29252
29251
29234
29225
29226
29235
29253
29236
29237
25814
29238
29239
29240
29241
29242
29243
29254
29255
29266
29265
29276
29286
29297
29307
29308
29309
29319
29329
29328
29318
29317
29327
29336
29337
29338
29348
29347
29346
29356
29367
29383
29368
29357
29358
29369
29370
29386
29387
29371
29360
29359
29349
29350
29361
30246
30247
29372
29388
29400
29399
25824
29416
29432
29431
29447
29446
29445
25826
29463
29462
29461
29460
29444
29427
29443
29459
29458
29442
29441
29457
29456
29440
29439
29423
29407
29408
29409
29424
29425
29426
29410
29411
29412
29428
29429
29413
29414
25825
29430
29415
25823
29398
29397
29385
29384
29396
29395
25822
29382
29381
29380
29379
25821
29378
29377
29376
25820
29366
29355
29345
29344
29343
25566
29342
29352
25567
29362
29363
29364
29353
25818
29354
29365
25819
29375
29392
29393
29394
29406
29422
29438
29437
29436
29420
29421
29405
29404
29391
29390
29374
29373
29389
29401
29417
29418
29402
29403
29419
29435
29434
29433
29449
29450
29451
29468
29452
29453
25828
29454
29455
29469
29476
29481
29486
29491
29496
29495
29490
29485
29480
25830
29475
29474
29467
29466
25568
29473
29479
25569
29484
25570
29489
25571
29494
29500
29499
25572
29515
25573
29520
29525
29531
29537
29543
25574
29549
25575
29555
29561
25576
29577
29562
29563
29556
29550
29544
25837
29538
25836
29532
25835
29526
25834
29521
29516
29501
29502
29503
29504
29505
29517
29522
29527
29533
29539
29545
29551
29557
29566
29567
29583
29584
29568
29569
29585
29603
29604
29586
29570
29571
29572
29573
29589
29588
29606
29587
29605
29619
29618
29617
29633
29632
29616
29602
29601
29600
29582
29565
29564
25838
25839
29580
29581
29599
25841
29598
29597
29596
29579
29578
29595
29594
29593
29609
29610
29611
29612
29628
29629
29643
29644
29645
29646
29630
25842
29613
29614
29615
29631
29647
29648
29649
29650
29634
29635
29651
29652
29653
29654
29660
29664
29668
29684
29683
29682
29681
29680
29679
29678
29677
29676
29675
29674
29673
29672
29667
25846
29663
25845
29659
25844
29642
25843
29627
29626
29625
29641
29657
29658
29662
29666
29661
29665
29669
29670
29671
29688
29694
29695
29696
29697
29698
29699
29700
29701
29702
29703
29704
29712
29728
29727
29726
29743
29744
29759
29758
29757
29756
29740
29741
29742
29725
29724
29723
29722
29739
29755
29754
29738
29721
29720
29719
29718
25850
29711
29710
29693
29687
29686
25577
29685
29691
25578
29708
29692
29709
29717
25851
29734
29735
25852
29736
29737
29753
29752
29769
29777
29794
29793
29776
29768
29767
29775
25855
29792
25854
29766
29750
29751
29733
29716
25579
29732
29749
25580
29765
25581
29774
29791
29800
29801
29810
29809
29826
29827
29834
29835
29828
29811
29802
29803
29812
29813
25858
25859
29843
29842
29850
29851
29858
29849
29841
29833
25582
29840
25583
29848
29856
29857
25861
29873
29874
29881
29880
25584
29879
25585
29885
25586
29891
25587
29897
29898
25863
29903
29910
29909
29915
29932
29916
29933
25865
29937
29938
29955
29974
29956
29957
29939
29940
29958
29976
29977
29978
29979
29980
29962
29961
29960
29959
29941
29942
29943
29944
29945
29963
29981
29982
29964
29965
29946
29947
29948
29934
29929
29930
29935
30280
29913
30279
29907
30278
30277
29902
29896
30276
30275
29890
29884
25862
29877
29876
29883
29889
29895
29901
29906
29912
29928
29927
29926
29925
29924
29923
29922
29921
29920
29919
29918
29917
25864
29911
29905
29904
29899
29900
29894
29893
29892
29886
29887
29888
29882
29875
29859
29860
29861
29862
29863
29864
29865
29866
29867
29868
29869
29852
29844
29845
29846
29854
29853
25860
29870
29871
29878
30274
30273
29872
29855
30272
29847
30271
30270
29839
29838
29837
29836
29829
29830
29831
29832
30269
30268
29825
29824
29823
29822
25857
29805
29804
29821
29820
29819
29818
29817
29816
29815
29814
25856
29778
29779
29780
29781
29782
29783
29784
29785
29786
29795
29796
29787
29788
29798
29797
29806
29807
29808
30267
30266
29799
29790
29789
29772
29762
29771
29770
25853
29760
29761
29745
29746
29747
29763
29773
29764
29748
29731
29715
30265
30264
29707
29706
29714
29730
29729
29713
29705
25849
29689
29690
25848
25847
30263
30262
30261
30260
29656
29655
29638
29639
29640
29624
25840
29592
29623
29622
29621
29637
29636
29620
29607
29608
29590
29591
29576
29575
29574
29558
29559
29553
29552
29546
29547
29548
29554
29560
30259
30258
30257
30256
29542
29536
30255
30254
29530
29529
29535
29541
29540
29534
29528
29523
29506
29507
29508
29509
29510
29511
29512
29513
29497
29514
29518
29519
29524
25833
25832
25831
29498
30253
30252
29493
29488
30251
30250
29483
29492
29487
29482
29477
29470
29464
29471
25829
29478
29472
30249
29465
25827
29448
30248
24687
20677
24695
24704
24713
24714
24705
24696
24688
24680
24679
24670
20676
24653
24635
24618
24611
24612
24613
24620
24619
24636
24654
24671
24672
24673
20956
24681
24689
24697
20958
24706
20959
24715
20960
24724
24732
24731
24723
24722
24730
20678
24738
20679
24746
20680
24754
24763
24762
20681
24769
20682
24785
20683
24801
20684
24818
24825
20685
24831
24832
24833
24827
24826
24819
24802
24803
24820
24821
20971
20972
24850
24866
24867
24851
24852
24868
24885
24902
24901
24884
20975
24883
24882
24864
24865
24849
24844
24838
24837
20686
24842
24843
24848
24847
24863
24881
20687
24899
24900
24917
20688
24916
20689
24920
20690
24937
20691
24942
24947
24948
24943
24944
24939
24938
24921
20976
24922
24923
24924
24925
24926
24927
24928
24929
24908
24907
24906
24890
24889
24888
24905
24904
24903
24886
24887
24869
24853
24854
24870
24871
24855
24872
24856
24857
24858
24874
24873
24891
24892
24909
24910
24911
24930
24931
24932
24933
24934
24935
24918
24919
25356
24915
24898
24880
24879
24878
24896
24897
24914
24913
24912
24895
24894
24893
24875
24859
24860
24876
24877
24861
24845
20974
24862
19909
19910
19922
19923
19924
19925
19926
19927
19928
19929
19930
19947
19946
19945
19944
16000
19943
19942
19941
19940
19939
19938
19921
19920
19937
19954
19965
19980
19988
15725
20004
15726
20011
15727
20018
15728
20026
20027
20019
20012
20013
20006
19990
20005
19989
19981
19982
19966
19955
19956
19967
19957
19958
16003
16002
19968
19969
19970
19971
19972
19973
19974
19983
19999
19998
19997
19996
19995
19994
19993
19992
19991
20007
20014
20021
20020
20029
20028
20036
20035
20052
20060
20068
20075
20082
20081
20080
20074
20067
15729
20059
20051
20034
25364
25365
25366
20981
25367
25032
25036
25368
25369
25370
25371
25372
25373
25374
25375
25376
25377
25378
25379
25380
20985
25104
25381
25106
25103
25102
25101
25100
25099
25098
25097
25096
25095
25094
25093
25092
25091
20986
25090
25089
25072
25069
25066
25073
25074
25075
25076
25077
25078
25079
25080
25081
25082
25083
25084
25085
25086
25087
25070
25067
25064
25061
25059
25056
25053
25050
20983
25047
25046
25043
25044
25040
25039
25035
25031
25028
25025
25022
25019
25016
20980
25013
25012
25011
25010
25009
25008
25007
25006
25005
25004
24988
24989
24990
24991
24992
24993
24994
24977
24971
24965
24966
24972
24978
20979
24995
24996
25363
25362
24979
24973
25361
25360
24967
24962
25359
25358
24946
24941
25357
24936
24940
24945
20977
24961
24960
24959
24958
24957
24956
24955
24954
24953
24952
24951
24950
24949
20978
24970
24969
24964
24963
20692
24968
20693
24974
24975
24976
24984
24985
24986
24987
25003
25002
25001
25000
24999
24983
24982
24981
24980
24997
20694
25014
24998
25015
25018
20695
25017
20696
25020
25021
25024
25027
25030
25034
25038
20697
25023
20698
25026
20699
25029
20700
25033
20701
25037
20702
25041
25042
20982
25045
20703
25048
20704
25051
25049
25052
25055
20705
25054
20706
25057
25058
20984
25060
25063
20707
25062
20708
25065
20709
25068
25071
25088
25105
25108
25109
25110
25111
25112
25113
25114
25115
25116
25117
25118
25119
25120
25121
25122
25123
25124
25382
25126
25128
25383
25384
25130
25132
25385
25386
25134
25136
25387
25388
25138
25389
25140
25139
20717
25137
20716
25135
20715
25133
20714
25131
20713
25129
20712
25127
20711
25125
20710
25107
30281
30009
30013
30282
30283
30017
30021
30284
30285
30025
30029
30286
30287
30033
30288
30037
30036
30032
30028
30024
30020
30016
30012
30008
30003
29985
29986
30004
30005
29987
29968
29969
29951
29950
29949
29967
29966
29984
29983
30002
30001
30000
29999
29998
29997
29996
29995
29994
29975
29993
29992
29991
29973
29972
29954
29953
29971
29990
29989
30007
30011
30015
30019
30023
30027
30031
30035
30034
25598
30030
25597
30026
25596
30022
25595
30018
25594
30014
25593
30010
25592
30006
25591
29988
29970
29952
29936
29931
25590
29914
25589
29908
25588
35406
35407
35093
35111
35110
35092
35109
35108
35107
35089
35088
35087
35070
35071
35072
35073
35090
35091
35074
35075
35058
35057
35052
35047
35042
35043
35044
35049
35048
30752
35053
35054
35405
35404
35403
35402
35401
35025
35024
35009
35008
35003
35002
35007
35023
35029
35030
35035
35034
35040
35039
35038
35033
35028
35022
35021
35020
35019
35018
35017
35016
35015
35014
35013
35012
30750
35006
34990
34991
34992
34975
34974
34973
34956
34957
34940
34958
34959
34960
34961
34962
34963
34980
34979
34978
34977
34976
34993
34994
34995
34996
34997
34998
34999
35000
35001
34983
34966
34950
34951
34934
34924
34923
34906
34905
34922
34933
34949
34948
34965
34982
34981
34964
34947
34946
34945
34944
34943
34942
34941
34932
34931
34913
34930
34939
34938
34955
34954
34937
34928
34911
34929
34912
34895
34894
34884
30466
34868
30465
34851
34852
34869
34885
34896
34897
34914
34915
34916
34917
30747
34918
34900
34901
34919
34920
34921
34902
34903
34904
34889
34890
34891
34907
34908
34925
34926
34935
30748
34952
34969
34968
34967
34984
34985
34986
35004
35400
35399
34987
34970
34953
35398
35397
34936
34927
34910
35396
34893
34909
34892
34882
34883
34867
34866
34865
34881
34880
34864
34848
34831
34818
34817
30742
34805
34793
34794
34806
34819
34832
30745
34849
34850
35395
34833
34820
35394
34807
34795
35393
34783
34782
34766
34767
35392
35391
34756
34745
35390
35389
34734
34733
34732
34743
34744
34755
34754
34765
34781
34780
34779
34778
34777
34790
34791
34792
34804
34816
30744
34830
34847
34846
34829
34815
34803
34802
34814
34828
34845
34861
34862
34863
34879
34878
34877
34876
34860
34844
34843
34842
34841
34857
34858
34859
34875
34874
34873
30746
34856
34840
34827
34813
34801
34800
34812
34826
34839
34838
34854
34871
34855
34872
34899
34898
34888
34887
34886
34870
34853
34837
34836
34823
34824
34825
34811
30743
34799
34787
34786
34785
34769
34770
34759
34758
34757
30461
34768
30462
34784
30463
34796
34797
34798
34810
34809
34808
30464
34821
34822
34835
34834
40327
40326
40318
40319
40302
40818
40817
40293
40301
40292
40283
35902
40273
35901
40256
35900
35898
40247
40238
35896
40228
40227
40237
40236
40226
40216
40217
40218
40208
35893
40209
40219
40229
40230
40239
40248
40257
40274
40284
40275
40816
40258
40249
40240
40231
40815
40814
40221
40220
40210
40211
40813
40194
40193
40181
40170
35890
40171
35886
40139
40138
35885
40155
40169
40168
40180
40192
40191
40179
40190
40207
40206
40189
35892
40178
40164
40163
40162
40161
40147
40148
40132
40131
40115
40116
40117
40133
40149
40150
40151
40152
40165
40166
40167
40153
40154
40137
35884
40120
40119
40104
40086
40087
40088
35882
40105
40121
40122
40106
40123
40107
40812
40811
40090
40078
40066
40065
40050
40033
35877
40034
40022
40006
40005
40021
40032
40020
40019
40031
35876
40048
40049
40064
40077
40089
40076
40075
40063
40062
40061
40074
40073
40072
40060
40046
40047
40030
40018
40017
40001
40000
40016
35875
40015
39999
39998
40014
40013
39997
39996
35873
35874
40029
40043
40042
40056
40057
40058
40044
40045
40059
35880
40084
40085
40102
40103
35883
40136
40135
40134
40118
40101
40100
40099
40098
40083
40071
40055
40041
40040
40054
35879
40039
40038
40053
40069
40068
40052
35878
40037
40036
40035
40023
40007
39990
35583
39980
39981
35872
39991
40010
40009
40008
40024
40025
40026
40027
40028
40012
40011
39993
39992
39983
39982
39965
39964
39963
39954
39946
39947
39948
35868
39955
39956
39966
39967
39957
39968
35870
39984
39994
39995
39969
39970
39971
39972
39973
39974
39975
39985
40002
40003
40004
39986
35871
39976
39977
39978
39987
39988
39979
39989
40810
39962
39953
39945
39952
39961
39960
39959
35869
39958
39950
39941
39940
39923
39924
39925
39909
39908
39898
39899
39900
39889
39888
39887
39886
39885
39884
39883
39882
39881
39853
39852
39870
39869
35863
39880
39897
39907
35864
39918
39919
39920
39921
39922
39939
39938
39937
39936
39935
39934
39949
35866
39933
35865
39917
39916
39932
39931
39930
35582
39914
39915
39905
39904
35581
39894
35580
39877
35579
39866
35578
39848
39832
39821
39805
39795
35577
39778
35576
39767
35575
39768
39779
39796
39806
39822
39833
39849
39867
39878
39895
39906
39896
39879
39868
39850
39851
39834
39823
39824
39825
35860
39835
35861
39836
39854
39855
39856
39837
39838
39839
39857
39858
39840
39841
39859
35862
39871
39872
39860
39861
39862
39863
39864
39845
39844
39843
39842
39827
39828
39829
39817
39816
39815
39800
39801
39802
39803
39818
39830
39831
39846
39847
39865
39876
39875
39874
39873
39890
39891
39901
39892
39893
39903
39902
39912
39927
39911
39910
39926
39942
35867
39951
39943
39944
39928
39929
39913
40809
40808
34440
34457
34474
30451
34490
34496
34506
34522
34505
30452
34521
34529
30453
34545
34554
30454
34569
30455
34579
30456
34589
34599
30457
34580
34570
34555
34571
34581
34591
34590
34600
34601
34612
34611
34625
34636
30734
34653
34671
34672
34683
34701
34712
34727
34711
34699
34700
34682
34681
34670
34669
34652
34635
34624
34610
34609
34623
34634
30458
34651
30459
34668
34679
34680
34698
34697
34708
30460
34724
34735
34746
34747
34736
34725
34709
34710
34726
34737
34738
30739
34748
34749
30740
34760
34771
34772
34788
34789
34773
30741
34761
34750
34739
34728
30738
34774
34775
34776
34762
34751
34740
34741
34752
34763
34764
34753
34742
34731
34730
34729
34719
34718
34717
34716
34715
34714
34713
34684
34685
30735
34686
34687
34688
34689
34690
34702
34703
34720
34721
34704
34692
34693
30736
34705
30737
34722
34723
34707
34696
34678
35388
34667
35387
34633
30731
34608
35386
34598
35385
35384
34588
34587
34577
34578
35383
34568
34553
34544
35382
34528
34543
34527
34519
34520
34504
34495
35381
34489
34473
35380
35379
34456
34455
30720
34472
34488
34487
34494
34503
34502
34518
30725
30726
34542
30727
34552
34567
34566
34565
34551
34541
34550
34563
34564
34576
34586
34596
34575
34574
34584
34585
34595
34594
34604
34621
34605
34606
30730
34597
34607
34622
34632
34650
34666
34677
34695
34706
34694
34665
34664
34648
34649
34631
34630
30733
34629
34646
34662
34647
34663
34676
34691
34675
34674
34661
34660
34659
34643
34644
34645
34628
34620
34619
34618
34617
34616
34615
34614
34627
34639
34640
34641
34642
34658
34657
34656
34655
34673
34654
34637
34638
34626
30732
34613
34603
34602
34592
34593
34583
34582
34572
34573
34556
30728
34548
34533
34532
34531
34547
34546
34530
34523
34524
34509
34510
34511
34512
34513
34514
34515
34539
34538
34537
34536
34535
34534
30729
34557
34558
34559
34560
34561
34562
34549
34540
34525
34526
30724
34516
34517
34501
34500
30723
34493
34485
34484
34483
34467
34466
34465
34482
34481
34464
34447
34448
34449
34450
34451
34468
34469
34470
30721
34486
34471
34453
34452
34435
34436
34454
30719
34437
30718
34429
34430
34438
34439
35378
34431
34415
34399
34391
35377
35376
35375
34377
34376
34383
34384
34390
34398
34414
30717
34397
34396
34389
34382
34375
34368
34361
34355
34348
34341
34335
34329
34321
34305
34290
34304
34320
34319
34318
34328
34334
34340
34347
34354
34360
34367
34374
34381
34388
30716
34395
34413
34412
34428
34427
34411
34410
34426
34425
34409
34408
34407
34424
34423
34422
34406
34405
34421
34420
34419
34418
34434
34442
34443
34444
34445
34446
34463
34462
34461
34478
34479
34480
30722
34499
34508
34507
34498
34497
34491
34492
34475
34476
34477
34460
34459
34458
34441
34433
34432
30450
34416
34400
34401
34417
34402
34403
34404
30715
34387
34380
34373
34372
34379
30714
34386
34394
34393
34392
34385
34378
30449
34371
30448
34364
30447
30713
34358
34365
34366
34359
34353
34352
34345
34346
34339
34333
34327
34312
34311
34294
34286
34285
34276
34277
34268
30705
34261
30703
34253
30701
34244
30700
34235
30699
34226
34217
34208
30697
34200
34199
30439
34198
34207
34216
34215
30440
34225
34234
34243
34252
34260
34267
30441
34275
30442
34284
30443
34292
34293
34310
30710
34325
34326
30711
34332
34338
34351
30446
34344
30445
34337
30444
34331
34309
40800
40799
35852
35851
39669
39652
40798
40797
40796
39607
40795
40794
39596
39595
39594
39593
39583
39582
39591
39581
39580
39590
39617
39616
39633
39634
39635
39618
39619
39636
39646
39647
39637
39620
39601
39602
39603
39592
39604
39622
39621
39638
39639
39649
39648
39665
39666
39678
39679
39667
39650
39640
39623
39605
39606
39624
39641
39651
39668
39680
39691
39702
39712
39711
39701
39690
39689
39700
39710
39709
39699
39688
39677
39687
39686
39675
39676
39664
39663
39662
39661
39660
39659
39658
39657
39645
39656
39674
39685
39696
39706
39717
39728
39739
39750
39760
39771
39782
39798
39783
39784
39785
39786
39787
39772
39773
39762
39761
39751
39752
39753
39754
39742
39731
39730
39741
39740
39729
39718
39707
39697
39698
39708
39719
39720
39721
39732
39743
39744
39745
39734
39733
39722
39723
40801
40802
40803
40804
40805
40806
39794
40807
39820
35859
39819
39804
39793
39792
39775
39776
39777
39766
39756
39755
39765
39764
39763
39774
39791
39790
39789
39788
39799
39814
39826
39813
39812
39811
39810
35858
39809
39808
35857
39807
35856
39797
39781
39780
35855
39769
39758
39770
39759
39749
39738
39727
39726
39725
39736
39737
39748
39757
35854
39747
39746
35574
39735
35573
39724
35572
39713
35571
39714
39715
39716
39705
39704
39703
35853
39693
39682
39671
39672
39683
39694
39695
39684
39673
39655
35850
39654
39643
39644
39629
39630
39631
39632
39615
39614
39613
39612
39611
39628
39627
39626
39625
35566
39642
35567
39653
35568
39670
35569
39681
35570
39692
46335
45231
45248
46336
45258
45257
45267
45268
46337
46338
45278
45287
46339
46340
45297
45286
45277
45285
45284
45275
45276
45266
45265
45255
45256
45246
45247
45230
45229
45228
45245
45244
45243
45254
45264
45274
45283
45293
45309
45308
45307
45306
45305
45304
45303
45318
41287
45327
45328
45346
45347
45329
45330
45348
45366
45367
45368
45349
45331
45319
45310
45311
45294
45295
45296
45313
45314
46341
45323
45337
45355
45373
45391
45400
46342
46343
45409
45408
45399
45390
45372
45371
45389
45388
45370
45352
45353
45354
45336
45335
45321
45322
45312
45320
45334
45333
45332
45350
45351
45369
45387
45386
45385
45384
45383
45365
45364
45382
45381
45380
45379
45361
45362
45363
45345
45344
45343
45342
45341
45359
45360
45378
45377
45376
45394
45395
45404
45413
45422
45431
45439
45438
41288
45429
45430
45421
45420
45411
45412
45403
45402
45393
45375
45357
45358
45340
45339
45325
45316
40955
45315
45324
45338
45356
45374
40956
45392
40957
45401
40958
45410
40959
45419
40960
45428
40961
45437
40962
45454
40963
45463
40964
45472
40965
45480
40966
45497
45513
45514
45498
45515
45499
45481
41290
45473
45464
45455
45456
45465
45474
45482
41291
45500
45517
45516
45533
45534
45551
45550
45559
45560
45561
45562
45563
45564
45565
45566
45567
45568
45552
45569
45577
45578
45570
45571
41293
45555
45546
45545
45554
45553
45544
45527
45510
45493
45492
45491
45490
45489
45488
45487
45504
45521
45505
45506
45507
45524
45525
45508
45509
45526
45543
45542
45541
45540
45523
45522
45539
45538
45537
45520
45503
45486
45485
45502
45519
45536
45535
45518
45501
45484
45483
45475
45466
45457
45440
45441
45442
45443
45444
45445
45446
45447
45448
45458
45467
45476
45477
45468
45469
45478
45494
45495
41289
45470
45461
45452
45451
45460
45459
45450
45449
45432
45423
45414
45405
45396
45406
45397
45398
45407
45416
45415
45424
45433
45434
45425
45417
45418
46344
46345
45427
45426
45435
45436
46346
45453
45462
46347
46348
45471
45479
45496
45512
45511
41292
45528
45529
46349
46350
46351
46352
40051
35584
40067
40079
40091
40092
40080
40081
40093
40094
40110
40111
40112
40113
40096
40095
35881
40070
40082
40097
40114
40130
40129
40128
40127
40143
35888
40158
40144
40145
40159
40146
40160
35889
40177
35891
40205
40204
40203
40202
40201
40188
40187
40200
35894
35895
35897
35899
40263
40264
40265
40266
40267
40268
40269
40270
40254
40245
40246
40255
40272
40271
40280
40289
40290
40281
40282
40291
40300
40299
40315
40324
40333
40334
40325
40316
40317
35905
40335
40345
40362
40363
40346
40336
40337
40819
40820
40347
40364
40821
40822
40374
40391
40390
40373
40372
40389
40371
40361
35908
40344
40343
40342
40332
40323
40314
40298
40313
40312
40311
40310
40309
40308
40307
40306
35906
35907
40352
40353
40354
40355
40356
40357
40358
40359
40360
40370
40386
40385
40384
40383
40382
40381
40380
40379
35909
40369
40368
40378
40395
40404
40412
40421
40420
40411
40403
40394
40393
40376
40377
40366
40349
40340
40350
40367
40351
40341
40331
40330
40329
40339
40338
40328
40320
40303
35589
40294
35588
40285
35587
40276
35586
40259
40260
40277
40286
40295
35903
40304
35904
40321
40322
40305
40297
40288
40296
40287
40278
40279
40262
40261
40252
40253
40244
40243
40234
40235
40225
40215
40224
40214
40197
40196
40213
40223
40233
40242
40251
40250
40241
40232
40222
40212
35585
40195
40182
40183
40184
40185
40198
40199
40186
40176
40175
40174
40173
40172
40156
40140
40141
40157
35887
40142
40126
40125
40109
40108
40124
46356
41295
45620
45612
45604
46355
46354
46353
41294
45579
45596
45595
45594
45593
45603
45611
45619
45636
41297
45635
45634
45618
45610
45602
45592
45591
45590
45589
45588
45587
45586
45585
45576
45575
45582
45599
45600
45583
45584
45601
45609
45608
45615
45607
45606
45598
45581
45573
45557
45574
45558
45549
45532
45531
45530
40967
45547
45548
45556
40968
45572
45580
40969
45597
40970
45605
40971
45613
45614
45622
45623
41296
45638
45639
45624
45616
45617
45625
45626
45627
45628
45629
45630
45631
45632
45633
45641
45657
45656
45655
45654
45653
45652
45651
45650
45640
45649
45666
45674
45673
45681
45699
45698
45697
41298
45680
45672
45664
45665
45648
45647
45646
45621
45637
45645
40972
45663
40973
45671
40974
45679
40975
45696
40976
45705
45706
45715
45714
45731
40977
45748
45749
45732
45733
45750
45751
45734
45735
45736
45719
45718
45717
45716
45707
45708
45709
45700
45682
45683
45684
45685
45686
45687
45688
45689
45690
45701
45710
45726
45725
45724
45723
45722
45721
45720
45737
45738
45739
45740
45741
45742
45743
45744
45727
45728
45745
45754
45755
45746
45729
45712
45703
45711
45702
45692
45691
45675
45667
45658
45659
45642
45660
45669
45668
45676
45677
45693
45694
45661
45643
45644
45662
45670
46357
46358
45678
45695
45704
46359
46360
46361
45713
41299
45730
41300
45747
46362
46363
45757
45756
41301
45773
45774
46364
46365
45783
45782
45772
45781
45790
41302
45806
41303
45822
41304
45838
41305
41306
45839
45824
45823
45807
45791
45792
46366
46367
45808
46368
46369
45840
45855
45870
45887
41309
45904
41310
45921
45931
45940
45949
45950
45959
45968
45977
45985
45994
45995
46380
46379
45986
45978
46378
45969
46377
46376
45960
45951
45941
46375
45932
46374
46373
45922
45905
46372
46371
45888
41308
45871
46370
40348
35590
40365
35591
40375
35592
40392
35593
40401
40402
35910
40410
40419
35594
40418
35595
40426
35596
40434
35597
40442
40443
35912
40450
40444
40436
40435
40427
40428
40429
40437
40445
40452
40451
40459
40460
40467
40466
35913
40458
35598
40457
35599
40465
35600
40482
40483
35914
40490
40491
40484
40468
40469
40470
40471
40472
40473
40474
40475
40476
40477
40478
40479
40462
40461
40453
40446
40438
40430
40422
40413
40405
40396
40387
40388
40397
40406
40414
35911
40423
40431
40439
40440
40448
40447
40454
40455
40463
40480
40487
40494
40486
40493
40511
40512
40519
40537
40545
40544
40552
40551
40543
40535
40536
40518
35916
40510
40509
40485
40492
40508
40517
40507
40506
40505
40504
40503
40502
40501
35915
40500
40499
40498
40497
40516
40515
40514
40496
40489
46382
46028
41315
46011
46381
46003
41314
46027
46044
41317
46053
46045
46046
46054
46072
46081
46383
46384
46090
46098
46097
46106
46107
46108
46099
46385
46386
46387
46117
46116
46115
46124
46123
46114
46105
46096
46087
46078
46079
46088
46089
46080
46071
46070
46069
46052
46042
46025
46043
46026
46010
46002
45993
45984
45976
45967
45958
45948
41312
45938
45939
45930
45929
45919
45920
45903
45886
45869
41307
45854
45837
45821
45820
45804
45805
45789
45780
45770
45771
45753
45769
45768
45767
45766
45765
45764
45763
45752
45762
45779
45778
45761
45760
45759
45758
40978
45775
45776
45777
45787
45796
45795
45786
45785
40979
45784
45793
45809
45810
45794
45811
45827
45826
45825
45841
45842
45857
45856
45872
45889
45906
40980
45923
45924
41311
45933
45934
45925
45926
45935
45944
45945
45955
45954
45953
45943
40981
45942
40982
45952
40983
45961
40984
45970
45971
45962
45963
45972
45973
45981
45990
45999
45998
45997
45988
45989
45980
41313
45979
40985
45987
40986
45996
40987
46004
46012
46029
46030
46048
46047
46055
40988
46073
40989
46082
40990
46091
40991
46100
40992
46109
40993
46118
40994
46127
40995
46136
46137
46138
46128
46129
46120
46119
46110
46111
46102
46101
46092
46093
46084
46075
46083
46074
46056
46049
46057
46058
46059
46050
41316
46033
46016
46017
46034
46035
46018
46019
46036
46037
46038
46020
46021
46022
46039
46066
46065
46064
46063
46062
46061
46060
46076
46085
46094
46103
46112
46121
46130
46139
1163
1162
1161
1160
1159
1158
1157
1156
1394
1393
1391
1155
1154
1153
1152
1151
1390
1388
1387
1383
1380
1379
1133
1134
1135
1136
1137
1385
1138
1139
1140
1141
1142
1143
1144
1145
1146
1147
1148
1149
1150
51115
51110
51105
51106
51111
51116
51117
51375
51112
51374
51373
51107
51102
51372
51371
51097
51096
51101
51100
51095
51090
51085
51086
51091
51092
51370
51369
51087
51082
51368
51077
46865
51060
51042
51041
46863
51036
51031
51025
51024
51023
51022
51021
51020
51019
51018
51017
51016
51015
46861
51009
51003
50998
50997
51002
51008
51014
51030
51029
51013
51007
51001
46860
50995
46558
50989
46557
50983
46556
50967
50968
50969
50970
50985
50984
50990
50996
50991
50992
50986
50971
50972
50973
50974
50975
50976
50977
50978
50979
50980
50963
50956
46856
50947
50938
50939
50930
50931
50940
50948
50949
50958
50957
50964
46858
50981
50987
50993
50999
51004
51010
51026
51027
51011
51365
51364
51005
51000
51363
51362
50994
50988
51361
50982
46859
50965
50966
51360
50959
51359
50951
50950
50941
50942
51358
51357
50933
50932
50922
50913
50912
50921
50929
50920
50911
50902
50893
50894
50903
50904
50895
50886
50878
50879
50887
50896
50897
50905
50914
50923
50924
51356
51355
50915
50906
51354
51353
50888
51352
46854
50870
51351
50853
46852
50845
51350
51349
50837
50836
50844
50843
50835
50834
50842
50852
50851
50859
46853
50867
50868
50860
50861
50869
50877
50885
50884
50876
50858
50857
50865
50866
50875
50874
50882
50883
50892
50901
50910
50909
50908
50899
50900
50891
50890
50881
46855
50873
50872
50863
50864
50856
50855
50847
50848
50849
50850
50841
50840
50839
46851
50831
50832
50833
50817
50818
50819
50820
50796
50795
50779
50778
50794
50793
50810
46850
50816
50815
46849
50809
46847
50792
46846
46845
50769
50776
50777
50771
50770
50761
50760
50759
50768
46541
50775
46542
50791
50808
50814
46543
50830
50838
46544
50846
46545
50854
46546
50862
46547
50871
50880
46548
50889
46549
50898
46550
50907
46551
50917
50926
50927
50918
50919
50928
50937
50946
50936
50935
50944
50945
50955
50962
50961
50954
50953
50960
46857
50952
46555
50943
46554
50934
46553
50925
46552
50916
56914
56378
56392
56915
56409
56408
56391
56377
56360
56361
56344
56343
56326
56327
56913
56311
56310
56309
56325
56342
56359
56376
56375
56390
56389
56388
56387
56373
56374
56357
56358
56341
56324
56308
56294
56295
56296
56297
56280
56263
56262
56279
56278
56277
56276
56293
56307
56306
56292
56275
56258
56259
56260
56261
56245
56229
56228
56244
56243
56227
51838
56226
56242
56241
56256
56257
56274
56291
56305
56304
56290
56273
56272
56289
56288
56271
56270
56253
56254
56255
56238
56239
56240
56225
56209
56192
56193
56194
51837
56210
56195
56178
51835
56162
56161
56145
56144
56143
56159
56160
56176
56177
56191
56208
56224
56223
56222
51840
56237
56221
56205
56189
56206
56207
56190
56175
56174
56158
56142
56157
56173
56188
56187
56186
56204
56203
56202
56201
56217
56234
56235
56218
56219
56220
51839
56236
56252
51841
56251
56250
56266
56267
56284
56283
56300
56301
56315
56314
56330
56331
56348
56365
56382
56381
56364
56363
56346
56347
56329
56313
56299
56282
56265
56249
56233
56216
56200
56183
56168
56169
56184
56185
56170
56154
56138
56137
56153
56152
56136
56120
56121
56122
56108
56109
56110
56124
56123
56139
56155
56171
56172
56156
56140
56141
56125
56126
56127
51828
56095
56096
51829
56111
51830
56128
51831
56112
56113
56099
56098
56097
56081
51826
56066
56065
56051
56052
56037
56036
56021
56022
56007
56006
55990
55991
55973
55974
55957
55956
55940
55939
55924
55925
55910
55895
55894
55909
55908
55893
55878
55877
55892
55907
55922
55923
55938
55937
55936
55921
51816
55906
51814
55891
51812
55876
55861
55847
55846
55845
55844
55857
55858
55859
55860
55875
55905
55920
55935
55934
55919
55904
55889
55890
55874
55873
55872
55888
55903
55918
55933
55949
55950
55951
55967
51818
55968
55986
55987
55969
55952
55953
55954
55955
55972
55971
55970
55988
55989
56005
56020
56035
56034
56019
56004
56003
56002
55985
55984
56001
56016
56017
56018
56033
56048
56049
56050
51824
56064
56080
56094
56079
56078
56093
56092
56091
56076
56077
56063
56047
56032
56031
56046
56062
56061
56060
56045
56030
56015
56000
55983
55966
55965
55982
55999
56014
56029
56044
56059
56072
56087
56088
56073
56074
56075
56090
56089
56107
56106
56105
56119
56135
56151
56167
56182
56199
56215
56232
51545
56248
51546
56264
51547
56281
51548
56298
51549
56312
51550
56328
51551
56345
51552
56362
51553
56379
56380
56394
56393
56410
56427
56411
56395
56396
56383
56397
56413
56412
56429
56428
51851
56444
56445
56430
56446
56447
56431
56414
56415
56398
56384
56366
51847
51846
56349
56332
51845
51844
56316
56302
56285
51843
51842
56268
56269
56286
56287
56303
56318
56317
56333
56350
56367
56368
56351
56334
56335
56352
56369
56370
56353
56336
56319
56320
56337
56338
56321
56322
56323
56340
56339
56356
56355
56354
56371
56372
56386
56385
56403
56420
56438
56421
56422
51849
56404
51848
56405
56406
56423
56424
56407
56425
56426
56916
56917
56443
56442
56441
56440
51850
56439
56450
56461
56472
56483
56494
56504
56505
56506
56517
56528
56538
56537
56527
56516
56515
56526
56536
51856
56546
56564
56580
56579
56563
56562
56577
56576
56594
56593
56592
56591
56573
56557
56558
56574
56575
56559
56560
56561
56545
56535
56525
56514
56503
56493
56482
56471
56460
56449
56437
56436
56419
56402
56401
56400
56399
56416
56417
56418
56435
56434
56433
56432
56448
51852
56459
56470
56481
56492
56502
56513
56524
56534
51855
56544
56556
56555
56554
56553
56542
56532
56543
56533
56523
56531
56521
56522
56512
56511
56500
56501
56491
56490
56478
56467
56468
56479
56480
56469
56458
56457
56456
56455
51554
56466
51555
56477
51556
56488
56489
51853
56499
56510
51557
56509
51558
56520
51559
56530
56540
56541
56552
56568
56569
56570
56588
56603
56614
56602
56587
56586
56601
56613
56625
56626
56638
56639
56627
56615
56616
56604
56589
56571
56572
56590
56605
56617
56629
56628
56640
56651
56663
56676
56664
56652
56641
56653
56665
56677
56689
56688
56687
56675
56674
56686
56685
56684
51567
56672
51566
56660
51565
56648
51564
56649
56661
56673
56662
56650
56637
56636
51563
56624
51562
56612
51561
56600
51560
56585
56567
56551
62534
62535
62536
62537
62538
62539
62540
62541
62300
62297
62294
62291
62288
62285
62282
62279
62275
62276
62258
62257
62274
62273
62272
62271
62270
62252
62251
62269
62268
62250
62249
62267
62266
62248
62247
62229
62230
62231
62232
62233
62234
62235
62253
62254
62236
62237
62255
62256
62238
62239
62240
62222
62219
62215
57393
62211
62207
62204
62205
62208
62212
62216
62533
62532
62531
62530
62529
62528
62527
62526
62525
62524
62169
62523
62522
62164
62163
62162
62167
62168
62186
62189
62193
62197
62201
62200
62196
62192
62188
62185
62184
62183
62182
62181
62180
62179
62178
62177
62176
62175
62174
62173
62172
62171
57391
62187
62191
62195
62199
62203
57392
62206
62210
62214
62218
62221
62224
62243
62225
62226
62227
62245
62228
62246
62265
62264
62263
62244
62262
62261
62278
62281
62284
62287
62290
62293
62296
62299
62298
57133
62295
57132
62292
57131
62289
57130
62286
57129
62283
57128
62280
57127
62277
57126
62259
62260
62242
62241
62223
62220
57125
62217
57124
62213
57123
62209
57122
62202
57121
62198
57120
62194
57119
62190
57118
62170
62166
62165
57117
62160
57116
62156
62151
57115
62134
62135
62117
68174
67738
67755
67772
67771
67754
67753
67770
67769
67752
67736
63025
67720
67737
67721
63024
68173
68172
68171
67680
67679
67697
67714
67713
67712
67695
67696
67678
67670
67653
67636
67652
67635
67634
67617
67616
67615
67632
67633
67650
67667
67651
67668
67669
67677
67694
67711
67719
67735
67734
67733
67749
67750
67751
67768
67767
67766
67765
67764
67763
67762
67761
67744
67743
67727
67728
67729
67745
67746
67730
67731
67747
67748
67732
67707
67708
67709
67710
67693
67692
67691
67690
67689
67706
67705
67688
67687
67704
67703
67686
63022
67661
67660
67659
67642
67641
67624
67625
67643
67644
67627
67626
67609
67608
67607
67606
67623
67640
67657
67658
67675
67674
67683
67682
67699
67715
67698
67681
67673
67656
67639
67622
67605
67588
67579
67580
67589
67590
67581
67591
67592
67582
67565
67564
67563
67562
67553
67554
67555
67556
67538
67539
67523
67516
67509
67508
63011
67515
67522
67521
67537
67536
67520
67514
67507
62735
67491
67475
67457
67458
67476
67492
67493
67477
67459
67460
67452
67451
67450
62734
67442
67434
73960
73358
73357
73349
73350
73959
73958
73957
68681
73300
73283
73956
73272
73282
73281
73280
73270
68676
68677
73271
73255
73256
73955
73954
73246
73245
68675
73228
73218
73217
73206
73196
73186
73174
73175
73163
73162
73145
73134
73135
73136
73125
73109
73110
73126
73137
73950
73951
73148
73147
73146
73164
73165
73176
73177
73188
73187
73197
73198
73207
73208
73219
73229
73953
73952
67330
67341
62732
67353
67365
67381
62733
67398
67409
67424
67425
67426
63003
67435
63005
67443
67444
67436
67427
67411
67410
63000
67399
67383
67382
67366
67367
67354
67342
62997
67331
62995
67321
67322
67311
67299
67298
67310
67297
62992
67309
62994
67320
67319
67308
67296
62731
67284
62730
67272
62729
67259
62728
67247
67235
67222
67205
67204
67188
67189
67190
67173
67174
67175
67159
67144
67143
67158
67157
67142
67125
67109
67110
67111
67126
67127
62981
67112
67113
67114
67098
67082
67081
67097
67096
67095
67094
67093
67077
67076
67092
67108
67124
67141
67156
67172
67171
67155
62727
67140
62726
67123
62725
67107
62724
67091
62723
67075
62722
67059
67060
67061
67045
67046
67062
67078
67079
67080
67065
67066
67050
67049
67048
67064
67063
67047
67030
67031
67016
67001
67000
66984
66985
66986
66974
66973
66972
66971
66983
66982
66997
67012
67013
66998
66999
67015
67014
67029
67028
67027
67044
62721
67043
62720
67026
62719
67011
62718
66996
62717
66981
66969
66970
66955
66956
66943
66926
66927
66944
66957
66958
66945
66946
66929
66930
66913
66898
66899
66914
66915
66916
66917
66934
66933
66932
66931
62975
66947
62976
66959
62977
66975
66960
66961
66962
66963
66948
66935
62974
66936
66949
66964
66965
66950
66937
66920
66903
66888
66873
66874
66875
66876
68138
68139
66891
66890
66889
66904
66905
66906
68140
68141
66923
68142
68143
66953
66968
66980
66995
66979
66967
66952
66940
66939
66922
66921
66938
66951
66966
66978
66977
66992
66991
66976
62978
62979
66990
67005
67004
67019
67018
67003
66989
66988
66987
67002
67017
62980
67032
67033
67034
67035
67036
67052
67051
67067
67068
67069
67053
67054
67038
67037
67020
67021
67006
67007
67022
67023
67040
67039
67055
67056
67072
67073
67057
67041
67024
67008
66993
66994
67009
67010
68144
68145
67025
67042
68146
67058
67074
68147
68148
68149
68150
67122
67106
67090
67089
67105
67121
67120
67119
67118
67102
67103
67104
67088
67087
67071
67070
67086
67085
67084
67083
67099
67100
67101
67117
67134
67116
67115
67132
67131
67130
67129
67128
67146
67145
67160
62982
67176
67193
67192
67191
67206
62985
67223
67224
67207
67208
67209
67210
67194
67177
67178
67179
67180
67161
67162
67147
67133
67148
67149
67150
67166
67183
67182
67165
67164
67163
67181
67198
67197
67213
67212
67196
67195
67211
67227
62987
67239
67226
67225
67238
67250
67237
67236
62989
67248
67249
67261
67260
67273
67285
67286
67287
67275
67274
67262
67251
67263
67276
67288
67300
67312
67323
67334
67345
67357
67371
67387
67370
67369
67356
67344
67333
67332
67343
67355
67368
67384
67400
67385
67386
67401
67412
63002
67402
63001
67413
67414
67415
67416
67389
67388
67372
67373
67374
67390
67391
67392
67375
67360
67359
62998
67358
67346
67335
67324
67313
67301
67289
67277
67264
67252
67240
67228
67214
67215
67229
67241
67253
67265
62991
67290
67278
67266
67254
67255
67267
67268
67280
67279
67291
67292
67293
67281
67269
67258
67246
67234
67233
67245
67257
67256
67244
67232
67218
67217
67231
67243
67242
67230
67216
67199
62983
67200
67201
67184
67167
67168
67152
67151
67135
67136
67137
67138
67139
68151
67154
67153
67169
67170
67187
62984
67203
67186
67185
67202
67219
67220
67221
62986
62988
62990
68152
67271
67270
67282
67283
67295
67294
67306
67318
67317
67305
67304
67316
67315
67303
67302
67314
67325
67336
67347
67348
67349
67350
67339
67338
67337
67326
67327
67328
67329
67340
67351
67363
67362
67361
67377
67376
62999
67393
67394
67405
67420
67421
67406
67395
67378
67379
67396
67407
67422
67432
67440
67439
67431
67430
67438
67437
67429
67419
67404
67403
67417
67418
67428
63004
63006
67445
67446
67454
67453
67470
67488
67471
67472
63008
67489
67506
67511
63012
67505
67517
67510
67504
67503
67487
67469
67468
67467
67466
67465
67464
67463
67462
67461
67479
67478
67494
67495
67496
67480
67481
67497
67498
67482
67483
67484
67485
67486
67502
67501
67500
67499
67527
67526
67525
67524
67540
67541
63015
67542
67543
67544
67528
67529
67545
67546
67530
67531
67532
67533
67549
67548
67547
67557
67574
67573
67572
67571
67570
67569
67568
67567
67566
63016
67594
67593
67610
67611
67628
67645
67662
67663
67646
67647
67664
67665
67666
67649
67648
67631
67630
67629
67612
67595
67596
67613
67614
67597
67598
67599
67600
67618
67619
67601
67583
67584
67575
67576
67585
63017
67602
67603
63018
67620
63019
67637
63020
67654
63021
67671
67672
68170
67655
68169
68168
67638
67621
68167
68166
67604
67587
68165
67578
67586
67577
67559
67558
67550
63013
67534
63014
67551
67560
67561
68164
68163
67552
67535
67519
67518
67512
67513
68162
63010
67490
63009
67473
67455
67447
67448
67456
67474
63007
67449
67441
67433
68161
67423
67408
68160
68159
67397
67380
68158
68157
67364
67352
68156
62996
68155
62993
67307
68154
68153
61763
61779
57105
61796
61797
61807
61808
61798
61781
61780
61764
61765
61766
61767
61749
57364
61732
61733
61734
61735
61724
61716
61717
61725
61736
61737
61753
61752
61751
61750
61768
61784
61783
61782
61799
61810
61809
61825
61824
61833
61850
61859
61858
61849
61832
61823
61806
57106
61822
61831
61848
61857
61867
61868
61884
61883
57107
61893
61910
61918
57108
61934
61935
61919
61920
61936
61944
61952
61951
61943
57109
61942
61950
61968
61969
61970
61985
61984
61983
61989
62006
57110
62023
62024
62007
61990
61991
61992
62008
62025
57385
62031
62049
62048
62047
62046
62030
62029
62045
62062
62078
62081
57111
62084
57112
62088
57113
62092
57114
62096
62100
62101
62118
62119
62136
62153
62152
62157
62161
57389
62137
62138
62139
62140
62141
62124
62123
62107
62106
62122
62105
62104
62121
62120
62103
62102
62098
62097
62093
62089
62094
62090
62086
62085
62082
62079
62063
62064
62065
57387
57388
62066
62067
62068
62051
62050
62032
62033
62034
62035
62053
62052
62069
62070
62071
62054
62036
62037
62038
62039
62057
62056
62055
62072
62073
62074
62075
62076
62058
62040
62041
62059
62060
62061
57386
62077
62080
62083
62087
62091
62095
62099
62116
62115
62132
62131
62114
62113
62130
62129
62112
62111
62128
62110
62109
62108
62125
62142
62143
62126
62127
62144
62145
62146
62147
62148
62149
62133
62150
62154
57390
62158
62159
62155
62521
62520
62519
62518
62517
62516
62515
62514
62513
62512
62511
62510
62044
62028
62509
62022
62005
62004
62003
62002
62020
62021
62027
62043
62042
62026
62019
62018
62001
62000
62017
62016
61999
61979
61978
61960
61961
61962
57381
61963
61946
61938
61929
61928
61927
61926
61925
61924
61956
61955
61973
61974
61975
61957
61958
61959
61977
61976
61996
61997
61998
62015
62014
62013
62012
61995
61994
62011
62010
62009
61993
61986
57383
61972
61971
61953
61954
61945
61937
61922
61923
61896
61886
57376
61913
61921
61912
61911
61894
61895
61885
61869
61870
61860
61851
61834
61835
61836
57370
61852
61861
57372
61837
61838
61839
61840
61841
61842
61827
61843
61853
61862
61877
61876
61875
61874
61873
61872
61871
57374
57375
61887
61897
61898
57377
61899
61900
61901
61902
61903
61904
61888
61905
57378
61914
61930
61931
61939
61947
61964
57382
61980
57384
61987
61988
61982
61981
61966
61965
61948
61940
57380
57379
61932
61933
61941
61949
61967
62508
56058
56043
51544
56028
51543
56013
51542
55998
51541
55981
55964
51540
55948
51539
55932
51538
55917
55902
55887
55871
51537
55856
55842
55843
55828
55827
51536
55811
55798
51535
55783
51534
55767
51533
55749
55750
55736
55737
55751
55738
55739
55740
55754
55755
51801
51799
55711
55712
55713
55714
51800
55741
55758
55759
55760
55742
51802
55727
55715
55716
55728
55729
55743
55761
55762
55778
55794
55779
55795
55796
55780
55781
55782
55797
55810
51805
55825
55840
55826
55841
55855
55870
56906
55886
55901
55916
55915
51815
51817
55930
55931
55947
56907
56908
55963
55980
56909
55997
55996
55979
55962
55946
55945
55961
55978
55977
55976
55959
55960
55943
55944
55929
55914
55928
55927
55912
55913
55898
55883
55867
55866
55865
55864
55849
55848
55834
55835
55836
55850
55851
55852
55853
55868
55884
55899
51813
55900
55885
55869
55854
51810
51808
55824
55809
55808
55823
55839
55838
55837
55821
55822
55807
55806
55793
55792
55777
55776
55791
55775
55774
55757
55756
55773
55772
51804
55788
55789
55790
55803
55804
55805
55820
55819
55818
55817
55816
51807
55815
51806
55802
55787
55771
51803
55753
55752
55770
55786
55801
55814
55813
55800
55785
55769
55768
55784
55799
55812
55829
55830
55831
55832
55833
51809
51811
55862
55863
55879
55880
55881
55882
55897
55896
55911
55926
55941
55942
55958
55975
51819
55992
56008
56023
56024
56009
55993
55994
55995
51820
56011
56012
56027
56042
51822
56026
51821
56010
56025
56040
56039
56038
56053
56054
56068
56067
51827
56082
56069
56055
56056
56041
51823
56057
56071
51825
56070
56084
56083
56101
56100
56114
56130
56129
51832
56146
51833
56163
56164
56165
56180
56179
56196
56211
56212
56197
56213
56230
56246
56247
56231
56912
56214
56198
51836
56181
56911
56910
56166
51834
56149
56148
56147
56131
56115
56132
56116
56102
56103
56085
56086
56104
56118
56117
56133
56134
56150
50743
50727
50718
46540
50719
50702
50695
50701
46539
50694
46538
50678
50679
50680
50681
50696
50703
50720
50721
50722
46838
50731
50732
50733
50734
50750
50749
50748
46841
50747
50746
46840
50730
50729
50728
46839
50744
50745
50762
50763
46843
50780
50781
50797
50798
50782
50783
50784
50785
50786
50787
50803
50802
50801
50800
50799
50821
50822
50823
50824
50825
50826
50827
50828
50812
50811
50804
50805
50806
46848
50829
50813
50807
50790
50774
50767
50758
50742
50741
50757
46842
50756
50755
50765
50766
50773
50789
50788
50772
46844
50764
50754
50753
50752
50751
50735
50736
50737
50738
50739
50723
46837
50713
50712
50711
50710
50709
50708
50707
50706
50705
50704
46836
50697
50682
50674
50666
46832
46831
50633
50634
50618
50617
50616
50615
50598
46829
50614
50630
50631
50632
50649
50648
50647
50664
50665
50673
50672
50671
46537
50663
50646
46536
50629
50613
50597
46535
50592
46534
50575
46533
50569
50570
46827
50571
50577
50576
50593
50594
50599
50600
50601
50619
50602
50603
50620
50637
50638
50639
50623
50622
50621
50604
50605
50606
50607
50624
50640
50641
50625
50608
50609
50626
50642
50643
50659
50658
50657
50656
50655
50654
50653
50652
50636
50635
50651
50650
50683
50684
50685
50686
50687
50688
50689
50690
50691
50692
50675
50667
50676
50677
50693
50699
50698
50714
50715
50724
50740
50725
50726
50717
50716
50700
46835
51348
46834
46833
50670
51347
50662
51346
51345
46828
50591
50590
50596
50612
50628
50645
50661
50669
50668
50660
50644
50627
46830
50611
50610
50595
50589
50588
50587
50586
50585
50584
50583
50582
50581
50580
50579
50578
46826
50553
50547
50546
50552
50558
50559
50565
50564
50563
46532
50557
46531
50551
46530
50545
46529
50529
50523
46528
50517
46527
50499
50500
50494
50476
50471
50472
50477
50478
46823
50495
50479
50480
50481
50482
50483
50484
50485
50486
50487
50488
50489
50490
50496
50513
50512
50511
50510
50509
50508
50507
50506
50505
50504
50503
50502
50501
50518
50524
50530
50531
50532
50533
50534
50535
50536
50537
50538
50539
50540
50541
50525
50519
50520
50514
50497
50491
50492
50498
50515
50521
50527
50526
46825
50542
50543
50549
50555
50548
50554
50560
50566
50572
50573
50574
51344
51343
50568
50567
50561
50562
51342
51341
50556
50550
51340
51339
50544
50528
51338
51337
50522
50516
46824
50493
50475
50469
46822
50470
51336
50464
50463
50446
50447
51335
51334
50440
50434
51333
51332
50427
50426
50433
50439
50438
50432
50425
50419
50418
50417
50424
50431
50437
50444
50445
50462
50468
50474
50473
50467
50461
50460
50459
50458
50457
50456
50455
50454
50453
50452
50451
46821
50450
46820
50443
50449
50466
50465
46526
50448
46525
50441
46524
50442
50435
46819
50436
50430
50423
50416
50400
50399
50415
50422
50429
50428
46523
50421
46522
50414
46521
50398
46520
50391
46817
50392
50385
50376
50359
50341
50358
50375
50384
50383
46519
50374
46518
50357
46517
50340
46516
50324
46515
50309
50294
50295
50310
50325
46814
50326
46813
50311
46812
46811
50296
50312
50313
50329
50347
50348
50349
50366
50365
50364
50363
50346
50345
50328
50327
50344
50362
50361
50343
50342
46815
50360
50377
50386
50393
46818
50401
50402
50403
50404
50405
50406
50407
50408
50409
50410
50394
50411
50395
50388
50387
46816
50378
50369
50352
50353
50354
50355
50338
50337
50320
50336
50335
50319
50304
50303
50288
50287
50271
50270
50269
50268
50267
50283
50284
50285
50286
50301
50302
50316
50317
50318
50334
50351
50368
50367
50350
50333
50332
50331
50330
50314
50315
50300
50299
50298
50297
50282
50266
50265
50281
46809
46810
50280
50279
50278
46514
50261
46513
50262
50263
50253
50243
50234
50217
50218
50235
50244
50254
46808
50264
50255
50245
50236
50219
46805
50220
46806
50221
50222
50223
50224
50225
50226
50227
50211
50202
50193
50183
50194
50195
50185
50184
50167
50168
50169
50186
50196
50205
50204
50203
50212
50213
50214
50230
50231
46807
50240
50249
50248
50239
50229
50228
50238
50237
50246
50247
50257
50256
50272
50273
50289
50274
50275
50258
50276
50259
50250
51327
51328
50260
50277
50293
50292
50291
50290
50305
50306
50321
50322
50307
50308
50323
50339
50356
51329
50382
50373
50372
50371
50370
50379
50380
50381
50389
50390
51330
50397
50396
50412
50413
50420
51331
45259
40952
45269
40953
45288
40954
45298
45299
45289
41285
45290
45280
45279
41284
45270
45271
45261
45251
45234
45250
45260
40951
45249
40950
45232
40949
45233
45222
41282
45206
45205
40948
45195
45185
45169
40947
45157
40946
45140
40945
45128
40944
45111
40943
45096
40942
45080
45071
45072
45082
45081
45097
45112
45129
45141
45158
45170
45171
45187
45186
45196
45197
45207
45223
45224
41283
45225
45235
45236
45252
45262
45272
45281
45291
45300
41286
45326
45317
45301
45302
45292
45282
45273
45263
45253
45237
45226
45210
45209
45208
41281
45198
41279
45199
45189
45174
41276
45162
45163
45175
45176
45177
45178
45179
45164
45180
45190
45200
45215
45214
45213
45212
45211
45238
45239
45240
45241
45242
45227
45216
45217
45218
45219
45220
45221
45204
45194
45193
45203
45202
45192
45191
45201
41280
41278
45181
45182
45166
45167
45183
45184
45168
45156
45155
45154
45165
41275
45152
45153
45136
45137
45138
45139
46334
45127
45126
45109
45110
45095
45094
45079
45078
45069
45070
46333
45061
45060
45059
45068
45077
45093
45092
45107
45108
45125
45124
45123
45135
45134
45151
45150
45149
45148
45147
45146
45145
45144
45132
45131
41274
45143
45161
45173
41277
45188
45172
45160
45159
45142
45130
41273
45113
45098
45114
45115
45133
45116
45099
41272
45085
45084
45083
45073
41269
45064
45063
45047
45046
41268
45034
45035
45036
45037
45048
45049
45050
45065
45074
45086
45087
45051
45052
45053
45054
41267
45026
45025
45024
45023
45022
45021
41266
45038
45020
45011
45010
45019
41265
45009
41264
41263
44992
41262
44982
44965
44953
44939
44921
44922
44923
44924
44925
44911
44894
44895
44912
44913
44897
44896
44883
44866
44850
44838
44823
44809
44808
44792
41249
44776
44761
44760
44775
44774
44759
44758
44757
44745
44729
44728
44744
44756
41248
44772
44773
44789
44805
44819
44834
44820
44806
44790
44791
44807
44821
44835
44847
44848
44836
44822
44837
44849
44865
41255
44882
44864
44863
44881
44893
44910
44909
41257
44892
44880
41254
44846
41253
44833
44832
40934
44831
44845
44861
44862
44879
41256
44908
44891
44878
44877
40935
44890
44907
44920
44938
40936
44952
40937
44964
40938
44981
40939
44991
45008
45018
45033
40940
45045
40941
45062
51326
51325
51324
50187
50170
50154
46799
50138
50129
50137
50136
50128
46796
50112
50111
46798
50135
50144
50145
50146
50153
50152
50151
46801
50166
50165
50182
50181
50164
50163
50180
50179
50162
50178
50177
50176
50159
50160
50161
50122
50123
50124
50125
50126
50127
50110
50109
50108
50107
50106
50105
50104
50121
46797
50120
50103
50102
50101
50094
50095
50088
50087
50080
50081
50064
50065
50066
50067
50068
50069
50070
50071
50072
50073
50074
50075
50076
50059
50058
50051
50043
50042
50041
50040
50039
50038
50037
50036
50035
50034
50033
50050
50057
50063
50062
50055
50056
50049
50048
50031
50030
50024
50018
50019
50025
46793
50032
50026
50020
50013
46791
50006
46790
49998
46788
49990
46786
49981
49973
49957
49956
49972
49971
49980
49979
49978
46496
49970
46495
49953
49954
49955
49939
49938
49937
46494
49928
49919
49909
46493
49893
49910
49920
49929
46783
49930
49921
46782
49911
49896
49897
49912
49913
49922
49931
46784
49940
49958
49959
49941
49942
49960
49961
49943
49944
49962
49963
49964
49945
49946
49947
49965
49966
49948
49949
49967
49968
49969
49951
49950
49935
49934
49933
49932
49923
49914
49915
49924
49925
49916
49908
49891
49892
46781
51312
49918
49917
49926
49927
51313
51314
49936
49952
51315
46785
49977
49984
49985
49986
51316
49994
50002
50009
51317
51318
51319
46792
50016
50015
50008
50001
50000
49993
49992
46787
49983
49976
49975
49974
49982
49991
46789
49999
50007
50014
50021
50022
50027
50028
50044
50052
50045
51320
46794
51321
51322
50083
50082
50089
50090
50097
50096
50113
50114
50130
50115
46795
51323
44817
44818
44804
44803
40933
44788
44771
40932
44755
44743
44727
44715
40931
44699
44683
40930
44667
44668
44669
44685
41242
44670
44671
44686
44702
44701
44684
44700
44716
44717
44718
44730
41246
44746
44747
44748
44732
44733
44734
44735
44749
44765
44764
44779
44778
44763
44762
44777
41250
44793
44794
44824
44825
44826
44810
44795
44780
44796
44781
44782
44798
44797
44812
44811
44827
41251
44813
44814
44800
44799
44784
44783
44766
41247
44750
44737
44738
44722
44736
44721
44709
44708
44707
44706
44705
44704
44720
44731
41245
44719
44703
44687
44688
44689
44690
44691
44692
44693
44676
44675
44674
44673
44672
41241
44655
44656
44657
44658
44659
44643
44632
44623
44614
44603
44602
44584
44566
44565
44564
44563
44581
44599
44600
44582
44583
44601
41235
44613
44597
44598
44580
44579
44562
44553
44561
44560
41233
44578
44596
44577
44595
41234
44612
44621
44622
41237
44631
41239
44642
44654
44653
41240
44641
44630
44640
44652
44651
44650
40929
44638
44639
44629
44620
44628
44619
44611
44593
44594
44576
44575
44559
40928
44552
40927
44536
44527
40926
44528
44519
41231
44511
44510
40925
44501
40924
44492
40923
44483
40922
44484
44475
41230
44476
44460
44459
44458
40921
44448
40920
44438
44422
44439
44449
44440
44450
44451
41229
44461
44452
44442
44441
44424
44423
41225
44415
41223
44400
44399
44382
44365
44357
44383
44384
44366
41220
44358
44350
41219
41218
44343
44336
41217
44329
44322
44315
44308
44301
44285
44286
44287
44288
44289
44290
44291
44279
44267
44266
44265
44264
44263
44262
41214
44278
44284
41216
44277
44261
44254
44255
44239
44240
44241
41212
44242
44243
44227
44226
44225
44200
44199
41209
44214
44224
44223
44222
44213
44198
44190
44181
44180
44189
44197
44196
44212
44221
44237
44238
44253
40908
44260
40909
44276
40910
44283
40911
44300
40912
44307
40913
44314
40914
44321
40915
44328
44335
44342
44349
40916
44356
40917
44364
40918
44381
40919
44398
44414
51303
51302
49707
49706
49696
49679
49670
46767
51301
51300
51299
51298
51297
49612
49603
51296
51295
49594
49585
51294
51293
49568
49560
51292
51291
49552
49551
49559
49567
46760
49584
49593
49592
49583
49582
49581
49580
49579
49578
49577
49576
49575
49574
49565
49564
49573
49589
49590
49599
49598
46762
49588
46761
49572
49571
49570
49587
49586
49595
49596
49597
46763
49606
49616
49615
49632
46764
49640
46765
49648
49649
49650
49643
49651
49659
49658
46766
49657
49656
49647
49655
46482
49663
46483
49671
46484
49680
46485
49697
49698
46770
49681
49682
49699
49700
49711
49710
49721
49738
49756
49771
49770
49755
49737
49720
49709
46486
49708
49719
49736
49753
49754
46772
49769
49779
49778
46487
49794
49795
49803
46488
49802
46489
49810
49811
49812
49805
49804
49796
49780
49781
49797
49798
49782
49772
49773
49758
49759
49741
49742
49743
49762
49761
49760
49783
49799
49784
49785
49786
49787
49788
49789
49790
49791
49764
49763
49745
49746
49747
49748
46771
49765
49749
49731
49732
49715
49714
49713
49730
49729
49728
49744
49727
49726
49725
49724
49723
49740
49757
49739
49722
49712
49701
49684
49683
49673
49672
49664
49665
49666
49674
49685
49686
49687
49688
49689
49690
49702
49691
49675
49667
49660
49652
49644
49636
49625
49626
49627
49628
49610
49601
49602
49611
49629
49638
49637
49645
49646
49654
49653
49661
49662
49669
49678
49695
49694
49677
49668
46768
46769
49676
49693
49692
49703
49704
49705
49716
49717
49718
49735
49752
49751
49734
49733
49750
49766
49775
49774
49792
49800
49801
49793
46773
49776
49767
49768
51304
49777
46774
51305
51306
51307
51308
51309
51310
51311
49848
49840
49832
49824
49817
49809
49808
49816
49823
49831
49839
49847
46776
49862
46777
49863
49864
49882
49881
49880
49879
49889
49890
49907
49906
49905
46780
49888
49878
46779
49877
49861
49860
49859
49858
49857
49856
49855
49846
49845
49837
49838
49830
49822
49815
49807
49806
49814
49813
49820
49819
46775
49818
49826
46490
49825
46491
49833
46492
49841
49849
49850
49842
49834
49835
49827
49828
49821
49829
49836
49844
49843
49851
49852
49853
49854
49870
49871
49872
49873
49874
49875
49876
49904
49903
49902
49901
49900
49899
49898
49887
49886
46778
49869
49868
49867
49885
49895
49894
49884
49866
49865
49883
56880
56879
54995
55012
55030
55043
55061
55042
55041
55059
55060
55077
55078
55089
56881
56882
55100
55099
55098
55088
55087
55076
55075
55086
55097
51760
55108
55120
55121
55109
55110
55111
56883
55123
55134
55144
55154
56884
56885
55164
55163
55153
55152
55142
55143
55133
55122
55132
55131
55119
51762
51764
55141
55151
55150
55160
55170
55180
55190
55200
55201
55191
55192
55202
55212
55211
55210
55220
55221
55230
55240
55231
55222
55232
55242
55258
55274
55257
55241
55256
55255
51767
55270
55271
55283
55298
55316
55317
55335
55336
55318
55300
55299
55284
55272
55273
55285
55286
55301
55319
55337
55338
55354
55339
55321
55320
55302
55303
55287
51769
55275
55276
55259
55243
56892
55233
56891
56890
55223
55213
56889
56888
55203
55193
51766
55183
55182
55181
55171
55161
55162
55172
55173
55174
55184
56887
56886
49995
49987
49988
49996
49989
49997
50005
50012
50011
50004
50003
50010
46497
50017
46498
50023
46499
50029
46500
50046
46501
50053
50047
50054
50061
50060
46502
50077
46503
50084
46504
50091
50098
50116
50131
50132
50117
50099
50092
50085
50078
50079
50086
50093
50100
50118
50119
50134
50133
50141
50142
50143
50158
50175
50192
46804
46803
50150
46800
50149
46802
50157
50174
50191
50173
50172
50189
50190
50199
50200
50201
50210
50209
50208
50198
50207
50216
50233
50242
50252
50251
46512
50241
46511
50232
50215
46510
50206
46509
50197
46508
50188
46507
50171
46506
50155
50156
50148
50140
46505
50139
50147
56893
56894
55393
55382
55371
55353
55352
55351
55369
55370
55381
55380
55379
55378
51773
55389
55390
55401
55402
55391
55392
51775
51776
51777
55444
56895
51779
55443
55442
55441
55432
55433
55417
55416
55415
55400
55414
55399
55388
55377
55366
55367
55368
55350
55349
55334
55333
55348
55347
55332
55314
55315
51770
55282
55281
55268
55253
55269
55254
55239
55229
55219
55209
55199
55189
55179
55169
55159
55149
55140
55130
55118
55107
55096
55085
55072
55073
55074
55057
55058
55040
55027
55028
55029
55011
55010
51756
54993
54994
54984
54985
54986
54978
56878
54969
56877
56876
54961
54952
56875
56874
54943
54942
54941
54940
54949
54958
54966
54967
54959
54950
54951
54960
54968
54977
54976
54975
51755
55009
55026
55039
55038
55056
55055
55054
55071
55070
55053
55052
55051
55050
55069
55068
55067
55084
55095
55083
55082
55065
55066
55049
55036
51757
55019
55020
55021
55022
55023
51758
55037
55024
55025
55008
55007
55006
55005
55004
55003
55002
54992
54983
54974
54965
54957
54948
54939
54924
54914
54925
54926
54927
54928
54929
54930
54931
54932
54933
54916
54915
54908
54907
54906
54905
54904
54903
54902
54901
54900
54899
54898
54888
54887
54886
54869
54870
54871
54872
54873
54858
54857
54856
54855
54854
54853
54868
51496
54885
54894
54895
51751
54911
54918
51497
54935
51498
54944
51499
54953
54962
51753
54954
54945
54936
54919
54920
54896
54897
54912
54913
54923
54938
54922
54921
54937
54946
54947
54956
54955
54963
54964
54973
54982
54972
51754
54981
54990
54991
55000
55001
55018
55017
55035
55048
55047
55034
55033
55032
55014
55015
55016
54999
54998
54989
54980
54971
51500
54970
54979
51501
54987
54988
54997
54996
55013
55031
55044
51502
55062
51503
55079
51504
55090
51505
55101
51506
55112
55124
55135
51507
55145
51508
55155
51509
55165
51510
55175
55185
51511
55194
62474
62473
62472
61170
61159
61148
61147
57325
61135
61136
61137
61120
61119
61101
61102
61084
61068
61083
61082
61100
61118
61117
61099
61098
61097
61078
61077
61095
61096
61114
61113
61112
61094
61076
61075
61074
61073
61091
61109
61127
61110
61092
61093
61111
61128
61129
61130
61131
61145
61132
61115
61116
61134
61133
61146
61157
61156
61167
61183
61168
57327
57326
61158
61169
61187
61186
61185
61184
61195
61194
61182
61181
61180
61179
61178
61193
61177
61166
61165
61154
61143
61155
61144
61126
61125
61124
61142
61153
61152
61163
61162
61151
61150
61139
61140
61141
61123
61122
57324
61104
61103
57081
61121
57082
61138
57083
61149
57084
61160
61161
61171
61188
61189
61172
61173
61174
61164
61175
61176
61192
61191
57328
61190
61200
61201
61215
61223
57332
61231
61232
61224
61216
61202
61203
61204
61205
61206
61207
61208
61217
61225
61238
61237
61236
61235
61234
61233
61254
61278
61296
61297
61315
61314
61331
61332
61333
61317
61316
61298
61299
61282
61281
61280
61279
61255
61256
61257
61258
61259
61260
61247
61248
61261
57338
61268
61262
57334
61242
61227
61241
61240
61239
61226
61218
61209
61210
61211
61196
61212
61219
61220
62475
62476
61228
61243
61249
61263
61270
61269
61287
61288
61306
61324
61305
61323
61322
61321
61320
61302
61303
61304
61286
61285
61284
61267
61266
61283
61301
61300
61318
61319
61335
61334
61347
61359
61360
61348
61336
61337
61338
61339
61340
62477
61352
61363
61362
61351
61350
61349
57342
61361
61369
61370
61371
62478
62479
61379
61387
62480
62481
61395
61411
61410
61394
61393
61385
61386
61378
61377
61376
61368
61367
61375
61383
61384
61392
61391
61406
61407
61408
61409
61419
61420
61421
62482
62483
61431
61441
62484
62485
61451
61450
61467
61468
61482
61481
61496
61495
61504
61505
57352
61522
62487
62486
55535
55548
55560
55572
55584
51793
55596
55597
55598
55586
55585
51791
55573
51789
55561
51787
55549
51785
55536
51783
55522
55523
55509
55496
55483
55484
55467
51780
55457
55458
55468
55485
55498
55497
55510
55511
55525
55526
55512
55499
55486
55469
55470
55459
55449
55448
55447
55436
55422
55423
55437
55438
55425
55424
55408
55407
55406
55405
55421
55404
55395
51774
55384
51772
55373
55419
55420
55435
55446
55456
55466
55482
55495
55508
55521
51527
55507
51526
55494
51525
55481
51524
55465
51523
55455
51522
55445
51521
55434
51520
55418
55403
55394
55383
55372
51519
55355
55340
51518
55322
55304
55288
55277
51517
55260
51516
55244
55234
51515
55224
51514
55214
51513
55204
51512
55205
55206
55217
55207
51765
55196
55195
55186
55176
55166
55156
55146
55136
55125
55113
55102
55091
55080
55063
55045
55046
51759
55064
55081
55092
55093
55094
55106
55105
55115
55104
55103
55114
55127
55126
55137
55157
55147
55138
51763
55128
51761
55116
55117
55129
55139
55148
55158
55168
55167
55177
55178
55188
55187
55197
55198
55208
55218
55228
55227
55237
55238
55251
55252
55267
55266
55280
55265
55250
55249
55264
55279
55293
55294
55295
55296
55297
55313
55331
55346
55365
55364
55363
55345
55330
55312
55311
55310
55309
55292
55291
55262
55263
55248
55247
55246
55236
55226
55216
55215
55225
55235
55245
51768
55261
55278
55290
55289
55305
55323
55306
55324
55341
55356
55357
55358
55359
55374
55385
55396
55397
55386
55375
55360
55342
51771
55326
55325
55307
55308
55327
55328
55343
55329
55344
55362
55361
55376
55387
55398
55409
55410
55426
55427
55411
55412
55413
55429
55428
55439
55450
51778
55430
55431
55440
55453
55454
55464
55479
55480
55493
56896
55520
55506
51782
55492
55491
55478
55477
55463
55462
55452
55451
55461
55460
55474
55475
55476
55489
55490
55504
55505
55519
55518
55517
55516
55503
55502
55488
55487
51781
55473
55472
55471
55500
55501
55515
55530
55531
55532
55533
55534
56897
51784
55547
55559
55571
51788
51790
51792
56898
55608
51795
56899
56900
56901
56902
56903
55671
55660
55648
55636
55624
55607
55606
55594
55595
55583
55582
55581
55569
55570
55558
55546
55545
55557
55556
55544
55543
55529
55528
55514
55513
55527
55541
51786
55542
55555
55554
55566
55567
55568
55580
55593
55605
55592
55591
55579
55578
55590
55602
55603
55604
51794
55621
55622
55623
55635
55647
55646
55634
55633
55645
55657
55668
55669
55658
55659
55670
55681
55680
55691
55692
55703
55704
55693
55682
55683
51798
55694
56904
56905
55734
55733
55721
55720
55732
55746
55747
55748
55766
55765
55764
55763
55745
55744
55730
55731
55719
55702
55718
55717
55701
55690
55679
55667
55656
55644
55632
55620
55619
55618
55617
55616
55615
55614
55600
55601
55589
55577
55565
55553
55540
55539
55538
55524
55537
55550
55562
55574
55575
55563
55551
55552
55564
55576
55588
55587
55599
55613
55612
55611
55627
55639
55638
55626
55610
55609
51528
55625
51529
55637
51530
55649
55650
51796
55661
51531
55672
55673
55674
55686
55685
55684
51532
55695
55696
55697
55707
55708
55698
55687
55675
55663
55662
55651
55652
55640
55628
55629
55641
55653
55664
55676
55688
51797
55677
55665
55654
55642
55630
55631
55643
55655
55666
55678
55689
55700
55699
55710
55726
55709
55725
55724
55723
55706
55705
55722
55735
61712
61704
61686
61685
57359
61668
61669
61670
61652
62500
61636
62499
62498
61626
61615
62497
62496
61606
61598
62495
62494
61589
61580
62493
62492
61571
61562
62491
62490
61554
61538
62489
62488
61530
61529
61537
57353
61553
61561
61570
61569
61560
61559
61552
61536
61528
61535
61527
61518
61517
61516
61515
61514
61513
61526
61534
61546
61547
61548
61549
61550
61551
61558
61568
61567
61576
61585
61586
61577
61578
61579
61588
61587
61596
61604
61597
61605
61614
61613
61625
57357
61635
61624
61623
61612
61603
61595
61594
61602
61611
61622
61632
61633
61634
61651
61650
61666
61667
57358
61684
61701
61711
61702
61703
57360
57361
61720
61728
62501
57363
61745
57362
61719
61727
61743
61744
61760
61759
57365
61775
57366
61792
61803
57367
61793
61794
61777
61776
61761
61762
61778
62502
62503
61795
62504
61821
61805
61804
57368
61820
61829
57369
61846
61830
62505
62506
61847
61856
61866
61865
61855
57371
61845
57373
61864
61879
61880
61881
61891
61882
62507
61892
61909
61917
61916
61908
61907
61915
61906
61890
61889
61878
61863
61854
61844
61828
61819
61802
61801
61818
61817
61816
61815
61814
61813
61812
61826
61811
61800
61785
61786
61769
61770
61787
61788
61789
61790
61791
61774
61773
61756
61755
61772
61771
61754
61738
61739
61740
61757
61758
61742
61741
61726
61718
61710
61700
61699
61698
61682
61683
61665
61649
61648
61647
61664
61681
61663
61662
61646
61645
61661
61679
61680
61697
61696
61695
61694
61693
61709
61708
61692
61676
61677
61678
61660
61644
61659
61658
61642
61643
61631
61630
61641
61657
61656
61674
61675
61691
61690
61689
61673
61655
61639
61640
61629
61618
61617
61628
61638
61654
61672
61688
61706
61714
61707
61715
61723
61722
61730
61731
61748
61747
61746
57104
61729
61721
57103
61713
57102
61705
57101
61687
61671
61653
61637
61627
57100
61616
61607
57099
61608
61609
61619
61620
61621
57356
61610
61601
61593
61584
61575
61566
61557
61545
61544
61543
61542
61541
61556
61565
61574
61573
61582
61583
61592
61600
61599
57355
61591
61590
57098
61581
57097
61572
57096
61563
57095
61564
61555
57354
61540
61539
61531
57094
61523
57093
61506
61507
61508
61524
61532
61533
61525
61509
61510
61511
61512
61500
57351
61486
61472
57350
61457
61456
61455
57349
61445
61454
61471
61453
61470
61484
61485
61499
61498
61497
57092
61483
57091
61469
57090
61452
57089
61442
57088
61432
57087
61422
57086
61412
57085
61396
61388
61380
61372
61364
61353
61354
61342
61343
61344
61356
61355
57343
61365
57344
61373
57345
61381
57346
61389
57347
61397
61413
61423
61433
61443
61444
61434
61435
61425
61424
61414
61415
57348
61398
61399
61400
61416
61426
61436
61446
61458
61459
61460
61461
61475
61474
61473
61487
61488
61489
61490
61491
61501
61502
61519
61520
61521
61503
61494
61480
61479
61493
61492
61478
61477
61476
61462
61463
61447
61448
61464
61465
61466
61449
61439
61440
61430
61429
61438
61437
61427
61428
61418
61417
61405
61404
61403
61402
61401
61390
61382
61374
61366
57341
57340
61330
61329
61328
61346
61358
61357
61345
61327
61312
61313
61295
61294
61276
61277
61265
61253
61246
61252
61251
57336
57337
57335
57333
61245
61230
57331
57330
61222
61214
57329
61199
61198
61197
61213
61221
61229
61244
61250
61264
61271
61272
61289
61290
61291
61273
61292
61274
61275
61293
61311
61310
61326
57339
61309
61308
61307
61325
61341
68130
66753
66765
66764
66777
66778
68131
68132
66792
66806
68133
68134
66820
66819
66833
66834
68135
68136
66848
68137
66862
66861
66847
66832
66831
66830
66844
66845
66846
66860
66859
66858
66872
66871
66886
66887
66902
66919
66918
62973
66901
66900
66885
66870
66856
66857
66843
66842
66828
66829
66815
66814
66800
66801
66816
66802
66803
66817
66818
66804
66805
66791
66776
66790
66789
66775
66762
66763
66751
66752
66741
66740
66739
66750
66738
66726
66727
66709
66708
66707
66706
66724
66725
66737
66736
62963
66748
66749
66761
66760
66759
66772
66773
66774
66788
66787
66786
62966
66799
66798
66785
66784
66783
66796
66797
66810
66825
66826
66811
66812
66813
62969
66827
62970
66841
62971
66855
62972
66869
66884
66883
66882
66868
66881
66880
66895
66896
66897
66912
66928
66911
66910
66909
66894
66879
66878
66893
66908
66925
66942
66954
66941
66924
66907
66892
62716
66877
62715
66863
66849
66850
66864
66865
66851
66852
66866
66867
66853
66854
66840
66839
66838
66837
66836
66835
66821
66822
66807
66793
66779
66780
66781
62967
66794
62968
66808
66823
66824
66809
66795
66782
66769
66758
62965
66770
66771
62964
66747
62962
66735
62961
66718
66719
66720
66702
66721
66722
66723
66705
66690
66674
66689
66688
66704
66703
66687
66686
66685
66701
66700
66684
66683
66682
66698
66699
66717
66716
66734
66746
66757
66768
66756
66745
66744
66755
66767
66766
66754
66743
66731
66713
66695
66679
66696
66714
66732
66733
66715
66697
66681
66680
66670
66669
62714
66653
66654
66655
66671
66672
66656
66657
66658
66673
66659
66660
66644
66661
66662
66663
66647
66630
66629
66646
66645
66628
66627
66626
66643
66642
66625
66624
66641
66640
66639
66638
66637
66636
66619
66609
62713
66599
62712
66582
66570
66553
66542
62711
66543
66554
66571
66583
66600
66601
66584
66572
66555
66544
66545
66534
66533
66532
66531
62710
66520
62709
66504
66505
66493
66494
66478
66477
66492
66476
66460
66448
66439
62708
66422
66414
66398
66397
62707
66413
72437
72436
72427
72426
72425
72435
72434
72424
72423
68621
68622
72450
72466
72481
72492
72493
72484
72483
72482
72467
68623
72451
72452
72453
68624
73915
73916
73917
73918
68625
72527
73919
72538
72537
72510
72509
72508
72525
72526
72536
68628
72547
72548
72549
72565
72576
73920
72588
72604
73921
72615
72625
72624
72614
72603
72587
72575
72564
72563
68629
68631
72574
72586
72602
72613
72623
72641
72642
73922
72653
72652
72651
72640
72639
72622
72612
72621
68637
72610
72611
72600
72601
72585
72584
72573
72572
72583
72599
72598
72597
72596
72595
72594
68634
72582
72571
72556
72555
72570
72581
72593
72609
72608
72592
72580
72569
72554
72542
72543
72544
72557
72558
72559
72560
72561
72562
72545
72546
72535
72524
72507
72506
72491
72479
72480
72465
72464
72449
72448
72463
72478
72477
72462
72447
72446
72461
72460
72475
72476
72502
72503
72504
72505
72523
72534
72522
72521
72520
72519
72518
72501
72517
72533
72532
72531
72515
72516
72499
72500
72490
72474
72473
72459
72472
72489
72498
72488
72487
72486
72469
72455
72456
72470
72471
72457
72458
72442
72431
72414
72396
72380
72367
72368
72357
72358
72369
72381
72382
72398
72397
72415
72432
72443
72444
72445
72416
72417
72399
72400
72418
72419
72401
72402
72420
72421
72433
72422
72403
72404
72387
72405
72406
72407
72389
72390
72408
72409
72391
73914
73913
73912
73911
73910
73909
73908
73907
73906
73905
72276
72275
72264
72265
72254
72243
72242
72253
72252
72241
72240
72229
72217
72204
72203
72202
72201
72200
72186
72185
72171
72172
72158
72145
72129
72130
72131
72146
72147
72148
72161
72162
72176
72175
72174
72160
72159
68614
72173
72187
72188
72189
72206
72219
72205
72218
72230
72231
72232
72220
72207
72190
72191
72177
72178
73903
72192
72209
72208
68616
72221
68617
68618
68619
73904
62694
66233
62695
66249
62696
66258
66267
62697
66275
62698
66284
62699
66293
62700
66302
62701
66311
62702
66320
62703
66329
62704
66338
62705
66347
62706
66356
66357
66358
66367
66366
66365
66383
66384
66385
66386
66387
66369
66368
66359
66350
66349
66348
66339
66330
66331
66340
66341
66332
66323
66314
66305
66296
66295
66304
66313
66322
66321
66312
66303
66294
66285
66286
66287
66278
66277
66276
66268
66259
66250
66234
66224
62934
66225
66216
66207
62930
66199
66190
66174
66160
66159
66173
66189
66198
66215
66223
62693
66214
62692
66206
66197
62691
66188
62690
66172
66158
66145
66146
66133
66132
66116
66117
66103
66091
66092
66104
66105
66106
66119
66118
66134
66147
66135
66148
66161
66162
66163
66176
66175
66191
66200
66208
66217
66226
66235
66251
66260
66269
62935
66236
66237
66227
66218
66209
66201
66192
66177
66178
66179
66164
66165
66166
66167
66180
66181
66182
66193
66202
66210
66219
66228
66243
66244
66245
66229
66246
66254
66263
66272
66281
66290
66299
66308
66317
66326
66335
66344
66353
66362
66363
66380
66381
66395
66394
66410
66411
66421
66420
66436
66446
66435
66434
66419
66409
66408
66407
66406
66405
66404
66403
62939
66389
66371
66372
66373
62937
66374
66375
62938
66390
66391
66392
66393
66379
66378
66377
66376
66361
66352
66343
66334
66325
66316
66307
66298
66289
66280
66271
66262
66253
66242
66241
66240
66239
66238
66252
66261
66270
66279
66288
66297
66306
66315
66324
66333
66342
66351
66360
66370
66388
66402
66417
66418
66427
66426
66425
66401
66400
66399
66415
66416
66424
66423
66441
66440
66449
66461
66462
66450
66442
66451
66463
66479
66495
66506
66521
66522
66523
66507
66508
66509
66497
66496
62947
66480
62945
66464
62943
66452
62941
66443
66444
66453
62944
62946
66481
66465
66428
66429
66430
66431
66432
66433
66445
66454
62942
66469
66468
66467
66466
66484
66483
66482
66511
66510
66525
66524
66535
66546
66547
66536
66512
66513
66514
62951
66515
66498
66485
66486
62948
66487
66499
66500
66517
66516
66526
66537
66527
66528
66529
66540
66551
66568
66567
66550
66539
66538
66549
66548
66564
66563
66562
66561
62954
66560
66559
66558
66575
66557
66556
66573
66574
66586
66585
66602
66612
66611
66610
66620
66621
66622
66623
66613
66603
66587
66588
66589
66590
66591
66592
66593
66576
66565
66566
66577
62955
66594
66605
66615
66604
66614
66631
66632
66649
66648
66664
66665
66675
62959
66691
62960
66692
66676
66666
62958
66650
62957
66633
62956
66634
66635
66651
66667
66677
66693
66711
66710
66728
66729
66742
68129
66730
66712
66694
66678
68128
68127
66668
66652
68126
68125
68124
66618
66608
68123
68122
66598
66597
66607
66617
66616
66606
66596
66595
66578
66579
66569
66580
66581
68121
68120
62953
62952
66552
66541
66530
66519
66518
62949
66501
66489
66488
66472
66471
66470
66455
66456
66457
66473
66474
66490
66502
62950
66503
66491
66475
66459
66458
66447
66437
62940
66438
68119
66412
66396
66382
66364
66355
66354
66345
66336
66327
66318
66309
66300
66291
66282
66283
66292
66301
66310
66319
66328
66337
66346
68118
68117
68116
68115
68114
68113
68112
68111
68110
68109
62936
66266
66265
66274
66273
66264
66255
66256
66247
66257
68108
68107
66248
66232
66231
66230
62933
66221
66220
66212
66211
66203
66204
66195
66194
66183
66184
66185
66186
66196
66205
66213
66222
62932
62931
62929
68106
66187
66171
62927
66157
66156
66155
66154
66170
66169
66153
66141
66142
62923
66129
66101
66114
66130
66100
62918
66088
66089
66077
62915
62913
66066
66056
66067
66078
68104
66090
66102
68105
66115
66131
66144
66143
66113
66112
66128
66127
66111
66110
66126
66140
66139
62925
66152
62926
66168
62928
66151
66138
66124
66125
66109
66097
66086
66098
66099
66087
66076
66075
66064
66065
66054
66042
66025
66009
66008
66007
62907
66024
62908
66041
66053
66052
66063
66062
66073
66074
66085
66084
66096
66108
66123
66122
66121
62921
66137
66150
66149
62924
66136
62922
66120
62920
66107
62919
66095
62917
66083
62916
66072
62914
66061
66050
66034
66035
66019
66001
66002
66003
65989
65988
65987
65969
65968
65986
66000
66018
66017
66016
66032
66033
62910
66048
66049
66060
66059
66071
66082
66094
66093
66081
66080
66079
66068
66069
66070
66058
62912
66047
66057
66046
66030
66031
66015
66014
65998
65982
65983
65984
62906
65999
65985
65967
62903
65956
65957
65958
65959
65970
65971
65972
65990
66004
66005
66023
66022
66021
66020
66036
66037
66038
66039
66051
66040
66006
65992
65991
65973
65974
65975
65976
62904
65993
65994
65995
66010
66026
62909
66043
62911
66055
66044
66045
66029
66028
66027
66011
66012
66013
65997
60587
60588
60604
57057
60603
57058
60613
60614
57059
60623
60633
57060
60649
60650
60667
60666
60677
57061
60688
60700
60715
60731
60744
57062
60760
57063
60777
57064
60794
57065
60809
57066
60819
60835
57312
60810
60795
60778
60761
60745
60732
60733
60746
60747
60763
60762
57309
60779
60796
60811
60820
60821
60822
60812
60797
60781
60780
57308
60748
60734
57304
60719
60718
60717
60716
60701
60702
60689
60678
60690
60691
60680
60679
60668
60651
60669
60681
60670
60653
60639
60627
60617
60607
60606
60616
60626
60638
60637
60652
57297
60636
60635
60634
60624
60625
60615
60605
60589
60590
60591
60592
60593
60594
60576
60575
60574
60573
60572
60571
60555
60556
60557
60548
60541
60534
60527
60528
60535
60542
60549
60558
60559
60560
60577
60595
60596
60578
60561
60562
60563
60564
60580
60579
60597
60608
60609
60618
60619
60629
60628
60644
60643
60642
60641
60640
60656
60657
60658
57300
60655
60654
57298
60671
60682
60693
60704
60692
57302
60703
60721
60720
60735
60736
60750
60749
60764
60765
60782
57310
60798
60813
60824
60841
60823
60840
60858
60859
60872
60882
60892
60902
60912
60922
60932
60942
60952
60962
60972
60984
60985
60986
60987
61005
61004
61003
61002
60983
60982
61000
61001
57316
61015
61025
57320
57321
61032
61024
60999
60998
60997
60979
60969
60958
60948
60938
60939
60928
60918
60919
60920
60929
60930
60940
60950
60949
60959
60960
60970
60980
60981
60971
60961
60951
60941
60931
60921
60911
60901
60891
60881
60871
60880
60889
60899
60890
60900
60910
60909
60908
60898
60888
60878
60879
60870
60855
60856
60857
60839
60838
60837
60836
60854
60869
60868
60853
60852
57067
60867
57068
60877
57069
60887
57070
60897
57071
60907
57072
60917
57073
60927
57074
60937
57075
60947
57076
60957
57077
60967
60968
60978
60977
60995
61011
61021
61022
61012
60996
61013
61014
57318
61023
61031
61030
61044
61029
57078
61043
57079
61059
57080
61069
61085
61086
61087
61105
61106
61107
61108
61090
61089
61088
61071
61070
61060
61061
61045
61046
61047
61063
61062
57323
61072
61064
61048
61033
61049
61050
61034
61035
61051
61052
61036
61053
61065
61079
61080
61081
61066
61054
61038
61037
61026
61016
61007
61006
60988
60989
60990
60974
60973
60963
60964
60954
60953
60943
60933
60923
60924
60934
60944
60945
60955
60965
60975
60991
57315
57317
61017
61027
61039
61055
61056
57322
61067
61057
61058
61042
61041
61040
61028
57319
61020
61019
61018
61008
60992
60993
61009
61010
60994
60976
60966
60956
62471
62470
62469
62468
62467
62466
62465
62464
62463
62462
62461
57314
60851
60834
57311
60808
60807
60806
60818
60833
60850
60866
60876
60886
60896
60906
60916
60926
60936
60946
60935
60925
60915
60905
60895
60894
60904
60914
60913
60903
60893
60883
60884
60885
60875
60874
60873
60862
60861
60860
60842
60825
60826
60843
60844
60845
60828
60827
60814
60815
60829
60846
57313
60863
60864
60847
60848
60865
60849
60832
60831
60830
60816
60817
60805
60804
60803
60802
60787
60788
60789
60772
60771
60770
60754
60753
60752
60767
60785
60768
60769
60786
60801
60800
60799
60784
60783
60766
60751
60737
60722
60723
60705
60706
60707
60724
60725
57305
60726
60708
60694
57301
60683
60695
60696
60710
60709
60727
60738
57306
60755
60756
60757
60773
60790
60791
60774
60775
60792
60793
60776
60759
60743
60742
60758
57307
60741
60740
60739
60728
60729
60711
60697
60698
60712
60730
60713
57303
60714
60699
62460
60687
60665
57296
60632
60622
62459
62458
60612
60602
60586
60585
60601
60611
60621
60631
57294
57295
60647
60648
60664
60676
60675
60686
60685
60684
60674
60663
60662
60661
60673
60672
57299
60659
60660
60645
60646
60630
60620
60610
60598
57293
60581
60582
60583
60599
60600
60584
60567
60566
60565
60550
60543
60536
60529
60522
60515
60507
60490
60489
60506
60505
60504
60503
60502
60501
60514
60521
60520
60513
60499
60500
60483
60472
60484
60485
60486
60487
60488
60454
60453
60452
60451
60450
60449
60448
60463
60462
60471
60482
60481
60498
60497
60480
60479
60470
60469
60478
60495
60496
60512
60511
60518
60519
60526
60525
60532
60533
60540
60539
60546
60547
60554
60553
60570
60569
60552
60545
57056
60538
57055
60531
57054
60524
57053
60517
57052
60510
57051
60494
60477
60468
57050
60460
60459
57049
60443
57048
60435
57047
60427
57046
60410
60411
60412
60395
60394
60393
60376
60377
60378
60379
60396
60413
60430
60429
60428
60436
60444
60461
60445
60437
60438
57286
60446
60447
60439
60440
60432
60431
60415
60416
60399
60382
60381
60398
60414
60397
60380
60363
60347
60364
60365
60348
60349
60350
60351
60367
60366
60383
60400
60417
60418
60419
60420
60421
60422
60405
60404
60403
60386
60385
60402
60401
60384
60368
60369
60352
60336
60337
60338
60311
60293
60292
60310
60309
60291
60290
60308
60335
60334
60333
60332
60321
60331
60330
60329
60346
60362
60361
60345
60328
60327
60344
60360
60359
60343
60326
62883
65703
65685
65684
65702
65719
65718
62882
65701
65683
65682
65700
65717
65699
65681
65680
65664
65663
65662
65661
65677
65676
65660
65659
65658
65673
65657
65656
65655
65645
65635
65626
65636
65646
65647
65648
65638
65637
65627
65628
65618
65608
65598
65607
65617
65616
65606
65605
65615
65625
65624
65614
65613
65603
65593
65604
65595
65594
65583
65584
65585
65586
65596
65597
65587
65588
65578
65577
65576
65566
65556
65555
65538
65539
65540
65557
65567
65568
65558
65541
65542
65543
65544
65545
65546
65547
65548
65549
65559
65550
65531
65520
65521
65532
65533
65551
65561
65560
65570
65571
65581
65580
65569
65579
65589
65590
65591
65601
65611
65621
65620
65610
65600
65599
65609
65619
65629
65639
65630
65631
65641
65640
65650
65649
62881
65665
65651
65666
65667
68096
68095
68094
68093
68092
68091
68090
68089
68088
68087
68086
65534
68085
68084
65523
65522
65511
65512
65495
65494
65493
65492
65510
65509
65508
65507
65506
65505
65504
65503
65502
62880
65501
65518
65519
65530
65529
65528
65527
65516
65517
65500
65499
65498
65515
65514
65497
62670
65496
62671
65513
62672
65524
65525
65526
65537
65536
65535
62673
65552
62674
65562
65563
65553
65554
65564
65565
65575
65574
65573
62675
65572
62676
65582
62677
65592
62678
65602
62679
65612
62680
65622
62681
65632
62682
65642
65643
65633
65623
65634
65644
65654
65653
65652
65668
65669
65687
65688
65706
65689
65670
65671
65672
65690
65691
65692
65674
65675
65693
65694
65712
65711
65710
65709
65708
65707
65723
65722
65739
65755
65754
65738
65721
65705
65686
65704
65720
65737
62683
65753
62684
65765
65777
65793
62685
65805
65823
65822
65838
62686
65851
65852
65866
65882
65883
65896
65897
65898
65885
65869
65868
65884
65867
65853
65839
62890
65824
65825
65807
65806
62888
65794
65778
65766
65767
65768
65769
65757
65756
65740
65741
65724
65725
65742
65758
65770
65781
65780
65779
62887
65795
65796
65797
65798
65810
65809
65827
65808
65826
65841
65840
65854
65855
65856
65842
65843
65828
65829
65811
65812
65830
65831
65844
65858
65875
62896
65887
65876
65859
62892
62891
65845
65846
65847
65860
62893
65877
65889
65888
65906
65905
65904
65903
65874
65873
62895
65872
65857
65871
65870
65886
65899
65914
65915
65916
65900
65901
65902
65917
65918
65919
65920
62900
65931
65949
65961
65950
62902
65962
65951
65935
65934
65933
65932
65921
62897
65907
65922
65908
65891
65890
65878
65861
65862
65879
65880
65863
65848
65835
65834
65833
65832
62889
65815
65814
65813
65784
65783
65782
65771
65759
65743
65726
65727
65744
65745
65728
65729
65746
65747
65785
65786
65787
65788
65799
65816
65817
65818
65819
65820
65803
65802
65801
65800
65789
65773
65772
65760
65748
65731
65730
65714
65713
65695
65696
65678
65679
65697
65715
65698
65716
65732
65733
65749
65761
65762
65763
65751
65750
62885
65734
62884
65735
65736
68097
68098
65752
65764
68099
68100
65776
65775
65774
62886
65790
65791
65792
68101
68102
65804
65821
65837
65836
65849
65850
65864
62894
68103
65893
65892
65909
62898
65923
65924
65936
65953
65952
65963
65964
65981
65980
65996
62905
65979
65978
65977
65960
65948
65947
65946
65945
65944
65943
62901
65930
62899
65929
65942
65941
65940
65939
65938
65955
65966
65965
62689
65954
62688
65937
62687
65925
65926
65927
65928
65913
65912
65911
65910
65894
65895
65881
65865
73889
71810
71796
68594
71782
71768
71783
73888
73887
71769
71754
68591
71753
71767
71781
71795
71794
71793
71779
71780
71766
71765
71764
71778
71777
71763
71762
71776
71790
71791
71792
71806
71805
71804
71819
71818
71833
71846
71860
71861
71878
71893
71908
71907
71892
68600
71877
71876
71875
71874
71873
71859
71858
71872
71888
71889
71905
71904
71903
71887
71886
71902
71917
71918
71919
71934
71933
71948
71949
71965
71964
71981
71980
71997
72014
72013
72030
72029
72012
71995
71996
71979
68606
71961
71962
71963
71946
71947
71932
71931
71916
71915
71914
71929
71930
71945
71960
68325
71978
71994
72011
68326
72028
72044
72059
68327
72076
72077
72060
72045
72046
72061
72062
72063
72080
72079
72078
72093
72092
68328
72091
68329
72106
68330
72121
72138
72139
72122
72107
72108
68610
72140
72141
68612
72154
72155
72142
72143
72125
72111
72110
72124
72123
72109
72094
72095
72096
72081
72064
72049
72033
72032
72048
72047
72031
72015
71998
71999
71982
71983
71984
71967
71966
68605
71936
71935
68603
71890
71891
71906
71921
71920
68604
71937
71938
71922
71923
71939
71924
71925
71911
71895
71910
71909
71894
71879
71862
71848
71847
71834
71820
71821
71835
71836
71849
71863
71864
68598
71880
71896
71897
71881
71865
71851
71850
71837
71838
71824
71823
71822
71807
71808
71809
71825
71826
71839
73890
73891
71852
73892
71866
71882
68599
68601
71898
71913
68602
71912
71926
71927
71928
73893
71944
71959
71958
71976
71977
71993
73894
72010
72027
73895
73896
72043
72042
72041
72025
68608
72026
72009
71992
72008
72007
68607
72006
72024
72023
72022
72005
71987
71988
71989
71990
71991
71975
71974
71956
71957
71943
71942
71941
71940
71955
71973
71972
71954
71953
71971
71970
71969
71952
71951
71950
71968
71985
71986
72003
72004
72021
72020
72002
72001
72000
72016
72034
72017
72018
72019
72036
72035
68609
72050
72051
72037
72038
72039
72040
72054
72072
72073
72055
72056
72074
72075
72057
72058
73897
73898
73899
73900
73901
72137
73902
68613
72151
72164
72163
72150
72135
72136
72120
72105
72090
72089
72088
72103
72104
72119
72118
72134
72149
72133
72117
72132
72116
72115
72100
72101
72102
72087
72086
72085
72070
72071
72053
72052
72069
72068
72067
72084
72099
72098
72083
72066
72065
72082
72097
72112
72126
72113
72114
72128
72127
68611
72144
72157
72156
72170
72184
72169
72183
72182
72168
72167
72181
68615
72195
72196
72197
72198
72199
72215
72216
72228
72239
72238
72227
72214
72226
72225
72213
72212
72224
72235
72236
72237
72248
72247
72246
72257
72258
72269
72270
72259
72249
72250
72261
72260
72271
72282
72293
72294
72283
72272
72251
72262
72263
72274
72273
72284
72295
72306
72307
72308
72297
72296
72285
72286
72287
72298
72309
72320
72319
72318
72317
72328
72329
72330
72331
72342
72353
72364
72375
72388
72374
72363
72362
72351
72352
72341
72340
72339
72350
72361
72373
72372
72386
72385
72384
72383
68620
72371
72360
72349
72338
72327
72316
72305
72304
72315
72326
72337
72348
72359
72370
72347
72336
72325
72324
72323
72334
72335
72346
72345
72356
72355
72344
72333
72322
72311
72300
72301
72312
72313
72302
72314
72303
72292
72281
72280
72291
72290
72279
72268
72289
72278
72267
72256
72245
72234
72223
72211
72194
72180
72166
72153
72152
68331
72165
68332
72179
68333
72193
68334
72210
68335
72222
68336
72233
68337
72244
68338
72255
68339
72266
68340
72277
68341
72288
68342
72299
68343
72310
68344
72321
68345
72332
68346
72343
68347
72354
68348
72365
72366
72377
72376
72392
72410
68349
72428
72429
72411
72393
72394
72378
72379
72395
72413
72412
72430
72441
72440
72439
72438
72454
72468
68350
72485
72494
72495
72496
72497
72514
68626
72530
72541
72540
68627
72529
72513
72512
72511
72528
72539
79066
79067
79068
77931
79069
79070
79071
79072
79073
74420
78002
78011
79074
79075
78020
74425
78037
79076
79077
78054
78072
78090
78100
79078
79079
78110
78121
79080
79081
78131
78130
78148
78129
78120
78109
78108
78119
78118
78128
78146
78147
78156
78165
78164
78155
78145
78144
78154
78163
78179
78178
78177
78176
78193
78192
78175
78174
78173
78172
78171
78188
78187
78186
78203
78204
78205
78206
78189
78190
78191
78208
78209
78210
78227
78226
78243
78244
78245
78228
78229
78246
78247
78230
78231
78248
78257
78267
78277
78287
78296
78312
78313
78314
78315
78326
78316
78299
78298
78291
78290
78280
78279
78289
78297
74430
78288
78278
78268
78258
78249
78250
78259
78269
78270
78260
78251
78234
78233
78232
78215
78216
78217
78200
78199
78198
78197
78214
78213
78212
78211
78194
78195
78196
78180
78181
78182
78183
78166
78157
79082
79083
79084
79085
79086
79087
79088
79089
79090
78261
79091
78271
78281
79093
79092
72843
72860
72877
72894
72910
72926
72934
72935
72927
72911
72895
72878
72879
68649
72880
72863
72862
72861
72844
72845
72828
72827
72826
72818
72819
72811
72810
72802
72785
72768
72751
72735
72717
72699
72690
68353
72681
72682
72692
72691
72700
72718
72719
72701
72702
72720
72737
72738
72721
72703
72704
72722
72739
72740
72757
72758
72741
72724
72723
72705
72706
72707
72725
72726
72708
72709
72710
72711
72712
72696
72686
72676
72666
72665
72664
72663
72662
72661
72660
72659
72648
72647
72658
72675
72674
72684
72685
72695
72694
72693
72683
68641
72673
68640
72657
72656
72645
72646
72629
72628
68638
72627
72644
72655
72672
72671
72654
72643
68352
72626
68351
72616
72617
72606
72605
72589
72590
72578
72567
72577
72566
72550
72551
72552
72553
68630
72568
68632
72579
68633
72591
68635
72607
68636
72618
72619
72620
72630
72631
72632
72633
72634
72635
72636
72637
72638
72649
72650
68639
72667
72677
68642
72687
72678
72668
72669
72670
73923
73924
72680
72679
72688
72689
68643
72716
72715
72698
72697
72714
72713
72731
72732
72749
72748
72747
72730
72729
72746
72763
72762
72745
72728
72727
72744
72761
72777
72760
72743
72742
72759
72776
72793
72794
72795
72778
72779
72796
72797
72780
72781
72764
72765
72766
72783
72784
72767
72750
72733
72734
73925
73926
73927
73928
72809
68645
72801
72808
72800
72799
72782
72798
72807
72815
72823
72838
72855
72854
72837
72836
72835
72852
72853
72871
72888
72887
72870
72869
72868
72851
72834
72833
72850
72849
72832
72831
72830
72821
72822
72813
72814
72806
72790
72791
72792
72775
72774
72773
72756
72755
72754
72753
72736
72752
72769
72770
72771
72772
72789
72805
72804
68644
72788
72787
72786
72803
68646
72812
68647
72820
72829
72846
72847
72848
72865
72864
72881
72882
72883
72866
72867
72884
72899
72900
72885
72886
72901
72902
72918
72917
72916
72915
72898
72914
72913
72897
72896
68650
72912
72929
68651
72928
68653
72936
72945
72944
72943
68354
72952
72961
68355
72977
72985
72986
68658
72993
73001
68356
73000
68357
73008
68358
73016
68359
73024
68360
73039
73047
68361
73063
73064
73071
73079
73078
68362
73094
73111
68363
73127
68364
73138
68365
73149
68366
73166
73167
73168
73151
73150
73139
73140
73129
73128
73112
73113
73095
73096
73080
73072
68661
73065
73048
73040
73032
68659
73025
73017
73009
73002
72994
73003
72995
72988
72981
72980
72987
68656
72979
72978
72962
72953
72954
72963
72964
72965
72955
72946
68654
72937
72930
72938
72947
72956
72966
72967
72968
72969
72970
72971
72972
72973
72957
72948
72939
72931
72921
72922
72906
72905
72904
72920
72919
72903
72889
72872
72873
72890
72891
72892
72907
72923
72932
72933
72924
72908
72893
72876
72859
72858
72875
72874
72857
72856
72839
72840
72841
72824
72816
72817
73929
73930
72825
68648
72842
73931
73932
73933
73934
72909
72925
68652
73935
72942
72951
73936
73937
72960
72959
72950
72941
72940
72949
72958
68655
72974
72982
72983
72975
72976
73938
73939
72984
72992
73940
72999
73007
73941
73942
73015
73014
73022
73021
73013
73005
73006
72998
72991
72997
72990
72989
68657
72996
73004
73012
73020
73028
73035
73043
73060
73044
73036
73029
73030
73031
73023
73943
73944
73945
73038
73037
73045
68660
73061
73062
73046
73946
73947
73948
73070
73949
73077
73093
73092
68662
73076
73069
73075
73068
73059
73058
73057
73056
73055
73054
73053
73052
73051
73042
73034
73027
73019
73011
73010
73018
73026
73033
73041
73049
73050
73066
73067
73074
73073
73082
73081
68663
73097
68664
73114
73115
73098
73083
73084
73099
68665
73116
73117
73118
73119
73120
73121
73105
73104
73103
73102
73101
73100
73085
73086
73087
73088
73089
73090
73091
73106
73107
73108
73124
73123
73122
73133
73144
73161
68667
73160
73159
73158
73157
73156
73155
73154
73143
73132
73131
73130
73141
73142
73153
73152
68666
73169
73170
73171
73172
68668
68670
68672
68671
73184
73173
68669
73185
73195
68673
73205
73216
73227
73226
73244
73254
73243
73242
73241
73240
73239
73238
73237
73253
73236
73225
73224
73235
73234
73223
73213
73212
73211
73210
73200
73190
73191
73201
73202
73192
73193
73203
73214
73215
73204
73194
73183
73182
73181
73180
73179
73178
73189
73199
68367
73209
73220
73231
73230
68368
73247
73257
73248
73249
73232
73221
68674
73222
73233
73250
73251
73252
73262
73261
73276
73287
73286
68679
73275
68678
73260
73259
73258
73274
73273
68369
73284
73285
73302
73303
73304
73305
73322
73332
73331
73346
73345
68683
73330
73321
73320
73319
73328
73329
68684
73353
73354
73362
73371
73370
68686
73361
73369
73368
73377
73376
73367
73359
68370
73360
73352
73351
73343
73326
73344
73327
73318
73317
73301
79108
79107
78553
78569
78568
74448
78575
74449
78592
74451
78600
78605
74454
78622
79109
79110
78628
78645
78662
79111
78666
78670
74458
78669
78665
78660
78659
78658
78657
78656
78639
78640
78641
78642
78643
78661
78644
78627
78621
78620
78619
78618
78617
78616
78615
78614
78613
78612
78611
78610
78626
78632
78633
78634
78635
78636
78637
78638
78655
78654
78653
78652
78651
78650
78649
78664
74457
78668
78675
78676
78677
78678
78679
78680
78681
78682
78683
78701
78700
78699
78698
78697
78696
78695
78694
74461
78693
78674
78692
78707
78713
74463
78718
78719
78720
78721
78722
78723
78724
78725
78726
78727
78728
78738
78734
78729
78714
78715
78709
78708
74462
78702
78684
78685
78686
74459
78703
78704
78687
78688
74460
78710
79112
78731
78730
74464
78735
79113
79114
74465
74466
78741
78744
78747
78751
74467
78756
78752
78748
79115
78753
78757
78761
78760
74468
74469
78764
74470
78765
78768
79116
78771
78774
79117
79118
78777
79119
78780
78783
74471
78786
78787
79120
79121
78791
74472
79122
79123
79124
79125
79126
79127
79128
79129
79130
78818
74473
78815
78812
78809
78806
78803
78800
78797
78794
78790
78820
78817
78814
78811
78808
78805
78802
78799
78796
78793
78789
78785
78782
78779
78776
78773
78770
78767
78763
78759
78755
78750
78746
78743
78740
78737
78733
78717
78712
78706
78690
78691
78673
78672
78671
78667
78663
74224
78646
74223
78629
74222
78630
74456
78647
78648
78631
74455
78625
78609
78603
78597
78580
78579
78596
78595
74452
78602
78608
78607
78624
78623
74221
78606
78601
78593
78594
78578
78577
78576
78570
78554
78548
74220
78542
74219
78535
74218
78528
78511
78502
78503
78512
78513
74443
78529
78530
78537
78544
78536
78543
78549
74445
78555
74447
78571
78572
74446
78550
78556
78557
78558
78573
78582
78581
78598
74450
78583
78584
78585
78586
78587
78588
78589
78590
78599
74453
78604
78591
78574
78567
78566
78565
78564
78563
78562
78561
78560
78559
78551
78545
78538
78531
78517
78518
78519
78520
78521
78522
78523
78524
78507
78508
74442
78525
78532
78533
78540
78539
78546
78552
74444
78547
78541
79106
78534
79105
79104
78527
78526
78509
78510
78501
78491
74438
74439
78500
78499
74441
78498
78488
78478
78467
78466
78465
78464
78463
78462
78461
78477
78487
78497
78506
74440
78516
78515
78514
78505
78504
78494
78495
78496
78486
78476
78459
78460
78450
78441
78432
78423
78409
78410
78411
78412
78413
78414
78415
78399
78389
78379
78369
78359
78360
78370
78380
78390
78400
78401
78391
78392
78402
78418
78417
78416
78425
78424
78433
78434
78442
78451
78452
78443
78444
78453
78468
78479
78489
78490
78480
78469
78470
74437
78481
78471
78454
79103
78445
74435
78436
78435
78426
78427
78428
78437
79102
79101
78419
78403
79100
78393
79099
79098
78383
78382
78381
78371
78372
78373
79097
79096
78363
78353
78344
79095
79094
78335
78325
78334
78343
78351
78352
78362
78361
78350
74432
78341
78342
78333
78324
78332
78323
78322
74431
78311
78310
78309
78308
78307
78306
78321
78331
78340
78349
78358
78368
78378
78388
78398
78408
78407
74433
78397
78387
78377
78367
78366
78376
78386
78396
78406
78422
78431
74434
78440
78449
74436
78458
78457
78448
78447
78456
78473
78474
78475
78485
78484
78483
78493
78492
74217
78482
74216
78472
74215
78455
74214
78446
74213
78438
78439
78430
78421
78429
74212
78420
74211
78404
74210
78405
78395
78385
78375
78365
78355
78346
78337
78328
78318
78301
78293
74429
78283
78273
78263
78284
78274
78264
78254
78255
78265
78275
78285
78294
78303
78302
78319
78329
78338
78347
78356
78357
78348
78339
78330
78320
78304
78305
78295
78286
78276
78266
78256
78241
78242
78225
78207
78224
78223
78240
78239
78222
78221
78238
78237
78220
78219
78218
78235
78236
78253
74197
78252
74198
78262
74199
78272
74200
78282
78292
78300
74201
78317
74202
78327
74203
78336
74204
78345
74205
78354
74206
78364
74207
78374
74208
78384
74209
78394
82831
82832
82303
82300
82297
82830
82829
82294
82293
82296
82299
82302
82305
82306
82833
82834
82309
82327
82330
82835
82836
82332
82349
82348
82331
82329
82326
82308
82325
82324
82323
82322
82321
82320
82319
82318
82317
82316
82315
82314
82313
82312
82311
79642
79643
82334
82335
82352
82353
82336
82337
82338
82355
82356
82339
82340
82357
82358
82359
82341
82342
82343
82360
82377
82376
82375
82374
82373
82372
82354
82371
82370
79646
82369
82368
82351
79644
79645
82385
82389
82390
82395
82400
82394
82393
79392
82388
79391
82384
82367
79390
82350
79389
82333
79388
82328
79387
82310
82307
79386
82304
79385
82301
79384
82298
79383
82295
79382
82292
79381
82289
79380
82286
79379
82283
79378
82280
79377
82264
79376
85834
85835
85411
85410
85413
85416
85417
85414
85836
85837
85420
85419
85422
85423
85838
85839
85426
85425
85428
85432
85429
85840
85841
85433
85452
85842
85455
85474
85473
83389
85475
85476
83390
83391
85477
85843
85478
85479
85844
85845
85480
85481
85846
85847
85482
83392
85848
85849
85850
82454
82437
82438
82439
82440
82457
82456
82455
79649
82471
82475
79650
79651
82479
79652
82483
79653
82488
82492
82509
82526
82544
79655
82549
82566
82565
82548
79656
82582
82583
82584
82585
82567
82550
82551
82552
82569
82568
82586
82587
82588
82570
82553
82554
82555
82556
82557
82558
82575
82574
82573
82572
82571
82589
82590
82591
82592
82593
82594
82595
82577
82576
82559
82560
82561
82562
82545
82540
82523
82539
82538
82537
82536
82535
82518
82517
82534
82533
82532
82531
82530
82513
82512
82529
82528
82527
82510
82493
82494
82511
82495
82496
82497
82514
82515
82498
82499
82516
82500
82501
82502
82519
82520
82503
82504
82521
82522
82505
82506
82489
79654
82484
82485
82480
82476
82472
82468
82451
82432
82431
82430
82448
82449
82450
82467
82466
82465
82464
82463
82462
82461
82460
82424
82442
82459
82458
82441
82423
82422
82421
82420
79395
82403
79394
82398
79393
82399
79648
82404
82405
82406
82407
82408
82425
82443
82444
82445
82427
82426
82409
82410
82411
82428
82446
82447
82429
82412
82413
82414
82415
82416
82417
82433
82434
82452
82469
82473
82470
82453
82435
82418
82401
79647
82396
82391
82386
82382
82381
82380
82363
82362
82379
82378
82361
82344
82345
82346
82347
82364
82365
82366
82383
82387
82837
82838
82392
82839
82397
82402
82419
82436
82840
82841
82842
82474
82843
82478
82477
82481
82482
82844
82845
82486
82490
82507
82524
82541
82846
82546
82563
82580
82579
82578
82596
82597
82598
82601
82600
82603
82606
82609
79657
79659
79658
82612
82610
82850
82849
82607
82604
82848
82847
78689
78705
74225
78711
74226
78716
74227
78732
74228
78736
74229
78739
74230
78742
74231
78745
74232
78749
74233
78754
74234
78758
74235
78762
74236
78766
74237
78769
74238
78772
74239
78775
74240
78778
74241
78781
74242
78784
74243
78788
74244
78792
74245
78795
74246
78798
74247
78801
74248
78804
74249
78807
74250
78810
74251
78813
74252
78816
74253
78819
74254
78821
78822
78824
78825
78826
78844
78843
78860
78861
78862
78863
78864
78865
78848
78847
78846
78845
78827
78828
78829
78830
78831
78849
78866
78867
78850
78832
78833
78851
78868
78869
78870
78853
78852
78834
78835
78836
78854
78871
78872
78873
78856
78855
78837
78838
78839
78840
78857
78874
78858
78875
79131
79132
79133
79134
79135
79136
79137
79138
73786
68394
73779
68393
73772
68392
73765
68391
73758
68390
73751
68389
73744
68388
73737
68387
73721
73703
73704
73686
73687
73688
73671
73664
73663
73670
73669
73685
73668
73662
68386
73656
68385
73650
68384
73639
68383
73633
68382
73627
68381
73610
73611
73612
73628
73634
73635
73629
73630
73636
73642
73647
73653
73652
73646
73641
73640
68703
73645
73651
73657
73658
73659
73665
73672
73673
73690
73689
73708
73709
73725
73724
68705
73707
73706
73723
73705
68704
73722
73740
73739
73738
73745
73746
73747
73754
73761
73767
73760
73753
73752
73759
73766
73773
73774
73768
73775
73782
73789
73788
73781
73780
73787
1075
1076
1077
1078
1079
1080
1081
1082
1083
1084
1085
1357
1358
1359
1090
1089
1088
1087
1086
73790
73783
73776
73769
73762
73755
73748
73741
73742
73749
73756
73763
73770
73777
73784
73791
73792
73994
73993
73785
73778
73992
73991
73771
73764
73990
73989
73757
73750
73988
73987
73743
73736
73735
73734
73733
73732
73716
73717
73699
73698
73697
73715
73731
73730
73714
73713
73729
73728
73727
73726
73710
73692
73691
73674
73675
73676
73693
73711
73712
73694
73677
73678
73695
73696
73679
73680
73681
73682
73666
73660
73683
73700
73718
73719
73701
73684
73667
73661
73655
73649
73644
73638
73632
73626
73625
73631
73637
73643
73648
73654
73623
73624
73607
73601
73594
68700
73578
68698
73561
73560
73577
73593
73576
73575
73574
73573
73589
73590
73591
73592
73622
73621
73620
73619
73618
73617
73616
73615
73614
73606
73600
73585
73586
73587
73588
73572
73571
73570
73559
73569
73584
73568
73558
73557
73541
73540
73567
73566
73582
73583
73598
73599
73605
73613
73604
68702
73597
68380
73581
73565
73556
68379
73539
73531
73524
73517
73518
68695
73525
68696
73532
73526
73519
68694
73511
73503
73502
73510
73509
68378
73501
68377
73493
68376
73485
68375
73478
73486
73494
73495
73487
73479
73480
73473
68693
73472
73465
73466
73467
73474
73481
73489
73488
73496
73497
73505
73504
73512
73513
73520
73527
73534
73533
73542
73543
73544
73545
73546
73547
73548
73549
73550
73551
73552
73553
73562
68699
68701
73595
73579
73563
73554
73555
73537
73536
73535
68697
73528
73521
73522
73529
73530
73523
73516
73515
73507
73508
73500
73499
73514
73506
73498
73490
73491
73492
73484
73483
73482
73475
73468
73461
73462
73469
73476
73477
73470
73463
73446
73429
73422
73414
73406
73405
73413
73404
73403
68692
73412
73420
73421
73428
73445
73444
73427
73443
73460
73459
73458
73442
73441
73440
73439
73457
73456
73455
73438
73437
73454
73453
73436
73435
73452
73451
73450
73433
73434
73426
73425
73418
73419
73411
73410
68691
73409
73417
73424
73432
73449
73448
68374
73471
73464
68373
73447
73430
73431
73423
68372
73416
68371
73408
73392
73393
73394
68688
73378
68689
73395
68690
73379
73380
73396
73397
73381
73382
73383
73398
73399
73400
73384
73385
73401
73402
73386
73336
73335
73334
73333
68682
73308
73309
73291
73290
73289
73307
73306
73288
73277
73278
73263
73264
73265
73266
73267
73268
73269
73279
73296
73314
73313
73295
73294
73293
73292
73310
73311
73312
73337
73338
73339
73323
73324
73315
73297
73298
73299
68680
73316
73325
73342
73341
73340
73348
73347
73355
73363
73372
73387
73388
73389
73374
73373
73364
73356
68685
73365
73366
68687
73375
73390
73391
73407
73415
73961
73962
73963
73964
73965
73966
73967
73968
73969
73970
73971
73972
73973
73538
73974
73975
73564
73580
73596
73976
73603
73602
73608
73609
73977
73978
73979
73980
73981
73982
73983
73984
73985
73986
73702
73720
67877
67878
67896
67895
62743
67913
62744
67920
62745
67927
62746
67934
62747
67941
62748
67948
62749
67955
62750
67962
67963
67956
67957
67964
67965
67958
67951
67950
67949
67942
67943
67944
67937
67936
67935
67928
67929
67930
67923
67916
67922
67921
67914
67915
67897
67879
67861
67860
67859
67853
67847
62742
67840
67841
67833
62741
63032
67820
62740
67813
62739
67806
62738
67790
67791
67773
63029
67782
67792
67807
67814
67821
67827
67828
67835
67834
67843
67849
67842
67848
63035
67854
67855
67862
67880
67898
67899
67881
67863
67864
67865
67866
67867
67885
67884
67883
67882
67900
67901
67902
67903
67904
67905
67888
67906
67917
67908
67907
67889
67871
67870
67869
67887
67886
67868
63033
67836
67829
67823
67816
67822
67815
67808
67793
67783
67775
67774
63028
67757
63027
67756
62737
67739
62736
67722
67723
63026
67740
67724
67716
63023
67700
67701
67684
67676
67685
67702
67718
67717
67725
67726
67742
67741
67758
67759
67760
67776
67784
67794
67809
67795
67796
67797
67798
67799
67800
67801
67802
67810
67817
67824
67830
67831
67825
67818
67811
67804
67803
67785
67777
67778
67786
67787
67779
67780
67781
68175
68176
67789
63031
67788
63030
67805
67812
68177
68178
68179
68180
68181
67819
67826
67832
67839
67852
68182
68183
67858
67876
67894
67893
67892
67873
67874
67875
67857
67851
67846
67845
63034
67838
67837
67844
67850
67856
67872
67890
67891
67909
67910
67911
67912
68184
68185
67926
67919
67918
67925
67932
67933
68186
68187
67940
67947
68188
68189
67954
67961
68190
68191
67968
67967
67960
67953
67946
67939
67924
67931
67938
67945
67952
67959
67966
1091
1092
1093
1094
1095
1096
1097
1098
1099
1100
1101
1102
1103
1104
1105
1106
1367
1107
1108
1109
1110
1111
1112
1113
1114
1115
1116
1117
1118
1119
1120
1121
1122
1123
1124
1125
1126
1372
1373
1127
1128
1129
1130
1131
1132
56690
56691
56692
56680
56668
56669
56681
56693
56694
56695
56933
56932
56683
56682
56670
56671
56931
56930
56659
56647
56929
56928
56635
56623
56927
56926
56611
56599
56584
56583
56582
51859
56598
56610
56609
56608
56620
56632
56644
56645
56633
56621
56622
56634
56646
56658
56657
56656
56655
56667
56679
56678
56666
56654
56642
56630
56643
56631
56619
56607
56618
56606
51858
56578
56595
56596
56597
56581
56565
56547
56548
56549
51857
56566
56550
56539
56925
56529
51854
56518
56507
56496
56495
56484
56485
56474
56463
56473
56462
56451
56452
56453
56454
56918
56919
56465
56464
56475
56476
56920
56921
56487
56486
56497
56498
56922
56923
56508
56519
56924
46559
51006
46560
51012
46561
51028
46562
51033
51038
51044
51062
46563
51078
46564
51083
46565
51088
46566
51093
46567
51098
46568
51103
46569
51108
46570
51113
51114
51109
51104
51099
51094
51089
51084
51079
51064
51063
51045
51039
51046
51040
51034
51035
46862
51050
51049
51048
51047
51065
51066
51067
51068
51069
51051
51052
51070
51071
51053
51054
51072
51073
51055
51056
51074
51075
51057
51058
51059
46864
51076
51080
51081
51061
51043
51037
51032
51366
51367
46005
46006
46014
46013
46031
46032
46015
46007
46008
46000
45991
45982
45974
45965
45964
45956
45946
45936
45927
45909
45892
45891
45908
45907
45890
45873
45874
45858
45843
45844
45828
45812
45813
45797
45788
45798
45814
45830
45829
45845
45860
45859
45875
45876
45893
45910
45911
45912
45913
45914
45897
45898
45915
45916
45899
45882
45883
45867
45866
45865
45881
45880
45864
45879
45878
45896
45895
45894
45877
45861
45862
45847
45846
45831
45815
45799
45800
45801
45802
45803
45819
45818
45834
45833
45817
45816
45832
45848
45863
45849
45850
45851
45835
45836
45852
45853
45868
45884
45885
45902
45901
45900
45917
45918
45928
45937
45947
45957
45966
45975
45983
45992
46001
46009
46024
46023
46040
46041
46051
46068
46067
46077
46086
46095
46104
46113
46122
46131
46140
46141
46132
46133
46142
46143
46134
46125
46126
46388
46389
46135
46144
46390
40579
35607
40587
35608
40595
40596
40597
40589
40588
40580
40581
40573
40565
40564
40572
35606
40571
35605
40563
35604
40555
35603
40547
35602
40539
35601
40521
40522
40540
40548
40556
40557
40549
40541
40523
40524
40525
40526
40527
40528
40529
40530
40531
40532
40533
40534
40542
40550
40558
40566
40574
40582
40590
40598
40599
40600
40601
40602
40840
40839
40594
40593
40592
40591
40584
40583
40575
40567
40559
40560
40569
40568
40576
40577
40585
40586
40838
40837
40578
40570
40836
40835
40562
40561
40553
40554
40834
40833
40546
40538
40520
40513
40495
40832
40831
40488
40481
40464
40830
40456
40829
40828
40449
40441
40827
40826
40433
40432
40424
40416
40415
40407
40398
40408
40399
40400
40823
40824
40409
40417
40425
40825
34988
34971
34972
34989
30749
35005
30467
35010
35011
35027
35032
30468
35026
30469
35031
30470
35036
35037
30751
35041
35046
30471
35045
30472
35050
30473
35055
35051
35056
35060
35061
35062
35063
35064
35081
35080
35079
35097
35096
35078
35077
35059
35076
35094
35095
35113
35112
30474
35130
30475
35135
30476
35140
30477
35145
30478
35150
30479
35155
30480
35160
30481
35165
35166
35161
35156
35151
35146
35141
35136
35131
35114
35115
35098
35116
35117
35099
35100
35082
35083
35065
35066
35067
35068
35069
35086
35085
35103
35102
35084
35101
35118
35119
35120
35121
35122
35104
35105
35123
35124
35106
35125
35132
35126
35127
35133
35128
35129
35134
35408
35409
35139
35138
35143
35144
35410
35411
35149
35154
35412
35413
35159
35164
35414
35415
35169
35168
35163
35158
35153
35148
35137
35142
35147
35152
35157
35162
35167
1197
1196
1195
1194
1193
1192
1191
1190
1189
1188
1187
1186
1185
1408
1184
1183
1182
1181
1180
1406
1405
1179
1178
1177
1176
1175
1174
1173
1172
1171
1170
1402
1401
1169
1168
1167
1166
1165
1399
1398
1164
1396
1397
1400
1626
1625
1624
1623
1622
1621
1620
1619
1618
1617
1616
1615
1614
1613
1612
1611
1610
1609
1608
1607
1606
1605
1604
1603
1602
1601
1600
1599
1598
1597
1395
1392
1389
1386
1381
1378
1374
1375
1376
1377
1382
1384
1596
1595
1594
1593
1592
1591
1590
1589
1588
1587
1586
1585
1584
1583
1582
1581
1580
1579
1578
1577
1576
1575
1574
1573
1572
1571
1570
1569
1568
1567
1566
1565
1564
1563
1562
1561
1560
1559
1558
1557
1556
1555
1554
1553
1552
1371
1370
1369
1368
1366
1365
1364
1363
1362
1360
1356
1355
1354
1353
1352
1351
1074
1073
1072
1071
1070
1069
1068
1067
1066
1065
1064
1063
1062
1061
1060
1059
1058
1057
1056
1055
1054
1053
1350
1052
1051
1050
1049
1048
1047
1046
1045
1044
1043
1042
1041
1040
1039
1038
1037
1036
1035
1034
1033
1032
1031
1030
1029
1028
1027
1026
1025
1024
1023
1022
1021
1020
1019
1018
1017
1016
1015
1014
1013
1012
1011
1010
1009
1008
1007
1006
1435
1436
1437
1438
1439
1440
1441
1442
1443
1444
1445
1349
1446
1447
1448
1449
1450
1451
1452
1453
1454
1455
1456
1457
1458
1459
1460
1461
1462
1463
1464
1465
1466
1467
1468
1469
1470
0
